{
    "team": "San Beda University",
    "trained_at": "2025-12-07T14:43:21.222634+00:00",
    "total_matches": 3,
    "total_samples": 50,
    "models": {
        "attacker": {
            "status": "fallback",
            "reason": "low_test_r2",
            "validation": {
                "status": "validated",
                "samples_total": 13,
                "samples_train": 10,
                "samples_test": 3,
                "train_metrics": {
                    "r2": 1.0,
                    "mae": 5.5067062021407766e-15,
                    "mse": 7.730836871165916e-29
                },
                "test_metrics": {
                    "r2": -22.57042428413779,
                    "mae": 11.155555555555566,
                    "mse": 137.38938421620747
                },
                "cross_validation": {
                    "cv_mean_r2": -3.2516213884745526,
                    "cv_std_r2": 5.093881643132653,
                    "cv_scores": [
                        0.7751049717372862,
                        -2.7471152419908056,
                        -13.083354064190932,
                        -1.7324064297914625,
                        0.5296638218631529
                    ]
                },
                "overfitting_detected": true,
                "model_quality": "poor"
            }
        },
        "midfielder": {
            "status": "fallback",
            "reason": "low_test_r2",
            "validation": {
                "status": "validated",
                "samples_total": 16,
                "samples_train": 12,
                "samples_test": 4,
                "train_metrics": {
                    "r2": 0.7221873898558719,
                    "mae": 6.675000000000023,
                    "mse": 178.2225
                },
                "test_metrics": {
                    "r2": -382.7237023915033,
                    "mae": 126.72500000000008,
                    "mse": 22644.255160064597
                },
                "cross_validation": {
                    "cv_mean_r2": -268.5600748846582,
                    "cv_std_r2": 349.3381807600725,
                    "cv_scores": [
                        -74.22112545124517,
                        -4.871789648833827,
                        -128.7534519303627,
                        -957.7577559529838,
                        -177.19625143986556
                    ]
                },
                "overfitting_detected": true,
                "model_quality": "poor"
            }
        },
        "defender": {
            "status": "fallback",
            "reason": "low_test_r2",
            "validation": {
                "status": "validated",
                "samples_total": 18,
                "samples_train": 14,
                "samples_test": 4,
                "train_metrics": {
                    "r2": 0.9888421594208436,
                    "mae": 1.7666666666666944,
                    "mse": 5.493528652492799
                },
                "test_metrics": {
                    "r2": -46.04116823027607,
                    "mae": 65.99999999999991,
                    "mse": 8017.4615073271025
                },
                "cross_validation": {
                    "cv_mean_r2": -2582.3863608514494,
                    "cv_std_r2": 5115.923026813909,
                    "cv_scores": [
                        -6.766270409971185,
                        -83.54019198984616,
                        -4.88631758880224,
                        -2.6888131498469408,
                        -12814.05021111878
                    ]
                },
                "overfitting_detected": true,
                "model_quality": "poor"
            }
        },
        "goalkeeper": {
            "status": "trained_validated",
            "model_path": "python_scripts/models_players\\role_goalkeeper_understat.pkl",
            "validation": {
                "status": "validated",
                "samples_total": 66,
                "samples_train": 52,
                "samples_test": 14,
                "train_metrics": {
                    "r2": -80.0,
                    "mae": 1.9184653865522705e-13,
                    "mse": 3.6805094393991527e-26
                },
                "test_metrics": {
                    "r2": null,
                    "mae": 1.9184653865522705e-13,
                    "mse": 3.6805094393991527e-26
                },
                "cross_validation": {
                    "cv_mean_r2": 0.0,
                    "cv_std_r2": 0.0,
                    "cv_scores": [
                        0.0,
                        0.0,
                        0.0,
                        0.0,
                        0.0
                    ]
                },
                "overfitting_detected": false,
                "model_quality": "poor"
            },
            "note": "Understat percentile rank -> DPR scale"
        }
    }
}