{
    "team": "San Beda",
    "trained_at": "2025-11-16T18:28:53.355844+00:00",
    "total_matches": 2,
    "total_samples": 31,
    "models": {
        "attacker": {
            "status": "fallback",
            "reason": "low_test_r2",
            "validation": {
                "status": "validated",
                "samples_total": 13,
                "samples_train": 10,
                "samples_test": 3,
                "train_metrics": {
                    "r2": 0.9904228776762839,
                    "mae": 1.5661736488342286,
                    "mse": 6.023400836637669
                },
                "test_metrics": {
                    "r2": -0.2939174657515695,
                    "mae": 10.966419537862143,
                    "mse": 167.04762020067372
                },
                "cross_validation": {
                    "cv_mean_r2": -55.737475187637415,
                    "cv_std_r2": 73.40733506483164,
                    "cv_scores": [
                        -60.729729486068116,
                        -19.956433775613327,
                        -195.92850743311564,
                        -1.153692069234166,
                        -0.9190131741557808
                    ]
                },
                "overfitting_detected": true,
                "model_quality": "poor"
            }
        },
        "midfielder": {
            "status": "trained_validated",
            "model_path": "python_scripts/models_players\\sanbeda_role_midfielder.pkl",
            "validation": {
                "status": "validated",
                "samples_total": 9,
                "samples_train": 9,
                "samples_test": 9,
                "train_metrics": {
                    "r2": 0.9970927130322894,
                    "mae": 0.35394388834635354,
                    "mse": 0.2902376883053997
                },
                "test_metrics": {
                    "r2": 0.9970927130322894,
                    "mae": 0.35394388834635354,
                    "mse": 0.2902376883053997
                },
                "cross_validation": {
                    "cv_mean_r2": NaN,
                    "cv_std_r2": NaN,
                    "cv_scores": [
                        0.229250846056399,
                        0.6137857436955751,
                        -29.518926515533018,
                        -29.592909814728465,
                        NaN
                    ]
                },
                "overfitting_detected": false,
                "model_quality": "good"
            },
            "features": [
                "minutes_played",
                "dpr",
                "position_changed",
                "key_stats_p90__passes_p90",
                "key_stats_p90__successful_passes_p90",
                "key_stats_p90__unsuccessful_passes_p90",
                "key_stats_p90__key_passes_p90",
                "key_stats_p90__progressive_passes_p90",
                "key_stats_p90__duels_p90",
                "key_stats_p90__duels_won_p90",
                "key_stats_p90__tackles_p90",
                "key_stats_p90__successful_tackles_p90",
                "key_stats_p90__interceptions_p90",
                "passes_p90",
                "successful_passes_p90",
                "unsuccessful_passes_p90",
                "key_passes_p90",
                "progressive_passes_p90",
                "duels_p90",
                "duels_won_p90",
                "tackles_p90",
                "successful_tackles_p90",
                "interceptions_p90",
                "enhanced_game_control",
                "enhanced_transition_play",
                "enhanced_defensive_contribution",
                "enhanced_creativity",
                "enhanced_work_rate"
            ]
        },
        "defender": {
            "status": "trained_validated",
            "model_path": "python_scripts/models_players\\sanbeda_role_defender.pkl",
            "validation": {
                "status": "validated",
                "samples_total": 7,
                "samples_train": 7,
                "samples_test": 7,
                "train_metrics": {
                    "r2": 0.9929846191550912,
                    "mae": 0.5100549425397597,
                    "mse": 0.42203385794670323
                },
                "test_metrics": {
                    "r2": 0.9929846191550912,
                    "mae": 0.5100549425397597,
                    "mse": 0.42203385794670323
                },
                "cross_validation": {
                    "cv_mean_r2": NaN,
                    "cv_std_r2": NaN,
                    "cv_scores": [
                        -2.4520478425419387,
                        -0.015913789097590447,
                        NaN,
                        NaN,
                        NaN
                    ]
                },
                "overfitting_detected": false,
                "model_quality": "good"
            },
            "features": [
                "minutes_played",
                "dpr",
                "position_changed",
                "key_stats_p90__progressive_passes_p90",
                "key_stats_p90__duels_p90",
                "key_stats_p90__duels_won_p90",
                "key_stats_p90__tackles_p90",
                "key_stats_p90__successful_tackles_p90",
                "key_stats_p90__interceptions_p90",
                "key_stats_p90__clearances_p90",
                "progressive_passes_p90",
                "duels_p90",
                "duels_won_p90",
                "tackles_p90",
                "successful_tackles_p90",
                "interceptions_p90",
                "clearances_p90",
                "enhanced_defensive_impact",
                "enhanced_build_up_quality",
                "enhanced_positioning_score",
                "enhanced_recovery_efficiency",
                "enhanced_aerial_dominance"
            ]
        },
        "goalkeeper": {
            "status": "trained_validated",
            "model_path": "python_scripts/models_players\\sanbeda_role_goalkeeper_understat.pkl",
            "validation": {
                "status": "validated",
                "samples_total": 98,
                "samples_train": 78,
                "samples_test": 20,
                "train_metrics": {
                    "r2": -224.0,
                    "mae": 1.0658141036401503e-13,
                    "mse": 1.135959703518257e-26
                },
                "test_metrics": {
                    "r2": null,
                    "mae": 1.0658141036401503e-13,
                    "mse": 1.135959703518257e-26
                },
                "cross_validation": {
                    "cv_mean_r2": 0.0,
                    "cv_std_r2": 0.0,
                    "cv_scores": [
                        0.0,
                        0.0,
                        0.0,
                        0.0,
                        0.0
                    ]
                },
                "overfitting_detected": false,
                "model_quality": "poor"
            },
            "note": "Understat percentile rank -> DPR scale"
        }
    }
}