player_name,team_title,games,time,shots_on_target_against,goals_against,xG_against,post_shot_xG,saves,penalty_saved,saves_per90,shots_on_target_against_per90,goals_against_per90,save_pct,season,league
"Digal, Diegocarl",San Beda University,12,59112.0,26,7,3.263,3.526,19,0,1.736,2.375,0.639,73.08,2025,Philippine College
"Tabelin, Kirvy",San Beda University,10,50460.0,21,7,2.304,2.444,14,0,1.498,2.247,0.749,66.67,2023,Philippine College
"Tagara, Pedro",De La Salle University,14,65688.0,20,9,3.758,4.332,11,0,0.904,1.644,0.74,55.0,2025,Philippine College
"Libarnes, Jaro",National University,11,57618.0,15,5,4.227,4.343,10,0,0.937,1.406,0.469,66.67,2024,Philippine College
"Cruz, Jan",National University,11,51084.0,15,7,3.198,3.423,8,0,0.846,1.586,0.74,53.33,2023,Philippine College
"Tagara, Pedro",Ateneo de Manila University,12,56376.0,14,7,3.422,2.837,7,0,0.67,1.341,0.67,50.0,2023,Philippine College
"Encaya, Pius",Mapúa University,12,54936.0,23,10,6.491,6.252,13,0,1.278,2.261,0.983,56.52,2023,Philippine College
"Omitade, Edvard",San Beda University,14,61404.0,31,12,4.661,4.488,19,0,1.671,2.726,1.055,61.29,2023,Philippine College
"Bacaycay, Kurt",University of the Philippines,15,70020.0,25,7,8.225,8.271,18,0,1.388,1.928,0.54,72.0,2023,Philippine College
"Bacaycay, Kurt",National University,13,60294.0,24,11,4.456,4.503,13,0,1.164,2.149,0.985,54.17,2023,Philippine College
"Libarnes, Jaro",Ateneo de Manila University,12,62496.0,33,15,7.38,7.479,18,0,1.555,2.851,1.296,54.55,2025,Philippine College
"Reyes, Mark",Lyceum,10,55440.0,16,5,4.207,4.45,11,0,1.071,1.558,0.487,68.75,2024,Philippine College
"Aningalan, Jul",Lyceum,10,49440.0,20,8,6.49,6.116,12,0,1.311,2.184,0.874,60.0,2025,Philippine College
"Omitade, Edvard",Lyceum,11,55176.0,23,6,4.173,4.488,17,0,1.664,2.251,0.587,73.91,2023,Philippine College
"Omitade, Edvard",Adamson University,13,64194.0,36,8,2.842,2.897,28,0,2.355,3.028,0.673,77.78,2024,Philippine College
"Encaya, Pius",University of the Philippines,13,56394.0,22,5,5.998,6.908,17,0,1.628,2.107,0.479,77.27,2025,Philippine College
"Aningalan, Jul",Far Eastern University,10,44100.0,17,4,3.576,4.233,13,0,1.592,2.082,0.49,76.47,2024,Philippine College
"Barro, Harvy",National University,12,57600.0,22,8,5.118,4.795,14,0,1.312,2.062,0.75,63.64,2025,Philippine College
"Encaya, Pius",De La Salle University,12,55440.0,22,5,3.889,4.486,17,0,1.656,2.143,0.487,77.27,2025,Philippine College
"Acebedo, James",Adamson University,10,52740.0,17,6,6.559,6.693,11,0,1.126,1.741,0.614,64.71,2025,Philippine College
"Omitade, Edvard",San Beda University,12,57960.0,21,12,5.616,5.704,9,0,0.839,1.957,1.118,42.86,2023,Philippine College
"Barro, Harvy",Adamson University,10,47460.0,20,7,4.728,5.285,13,0,1.479,2.276,0.796,65.0,2025,Philippine College
"Tabelin, Kirvy",De La Salle University,10,48720.0,19,7,2.412,2.476,12,0,1.33,2.106,0.776,63.16,2024,Philippine College
"Acebedo, James",Far Eastern University,15,82080.0,26,6,8.392,8.419,20,0,1.316,1.711,0.395,76.92,2024,Philippine College
"Lopez, Ryan",National University,12,59904.0,24,10,6.422,6.025,14,0,1.262,2.163,0.901,58.33,2024,Philippine College
"Perez, Angelo",Lyceum,10,46020.0,12,7,3.426,3.121,5,0,0.587,1.408,0.821,41.67,2025,Philippine College
"Bacnis, Hugo",National University,11,54648.0,12,1,2.66,2.728,11,0,1.087,1.186,0.099,91.67,2025,Philippine College
"Tabelin, Kirvy",Ateneo de Manila University,12,57096.0,16,5,2.86,3.202,11,0,1.04,1.513,0.473,68.75,2023,Philippine College
"Acebedo, James",Mapúa University,12,60120.0,30,13,2.833,4.035,17,0,1.527,2.695,1.168,56.67,2023,Philippine College
"Salingay, Sam",Lyceum,10,47040.0,15,7,2.04,2.034,8,0,0.918,1.722,0.804,53.33,2025,Philippine College
"Tabelin, Kirvy",University of the Philippines,10,49920.0,21,7,5.029,5.308,14,0,1.514,2.272,0.757,66.67,2024,Philippine College
"Tagara, Pedro",De La Salle University,14,62916.0,23,8,4.494,3.777,15,0,1.287,1.974,0.687,65.22,2023,Philippine College
"Fernandez, Laurence",Mapúa University,15,71820.0,34,15,6.279,6.434,19,0,1.429,2.556,1.128,55.88,2024,Philippine College
"Aningalan, Jul",Adamson University,11,51348.0,30,8,5.043,4.961,22,0,2.314,3.155,0.841,73.33,2024,Philippine College
"Santos, Luis",Ateneo de Manila University,13,67392.0,27,12,5.866,5.447,15,0,1.202,2.163,0.962,55.56,2025,Philippine College
"Acebedo, James",University of the Philippines,13,61854.0,16,7,5.475,5.106,9,0,0.786,1.397,0.611,56.25,2023,Philippine College
"Perez, Angelo",San Beda University,15,69300.0,32,16,8.63,8.382,16,0,1.247,2.494,1.247,50.0,2024,Philippine College
"Perez, Angelo",Mapúa University,15,69030.0,27,7,5.377,6.37,20,0,1.565,2.112,0.548,74.07,2025,Philippine College
"Mapula, Paul",De La Salle University,13,64740.0,13,3,5.798,5.048,10,0,0.834,1.084,0.25,76.92,2023,Philippine College
"Barro, Harvy",Mapúa University,12,63432.0,16,9,2.981,3.751,7,0,0.596,1.362,0.766,43.75,2025,Philippine College
"Tabelin, Kirvy",Adamson University,12,52632.0,11,2,2.984,3.063,9,0,0.923,1.129,0.205,81.82,2023,Philippine College
"Santos, Luis",De La Salle University,12,54072.0,16,6,3.401,3.583,10,0,0.999,1.598,0.599,62.5,2024,Philippine College
"Bacaycay, Kurt",Mapúa University,12,66528.0,10,2,1.553,1.229,8,0,0.649,0.812,0.162,80.0,2023,Philippine College
"Salingay, Sam",Adamson University,10,50700.0,15,4,4.158,3.778,11,0,1.172,1.598,0.426,73.33,2023,Philippine College
"Lopez, Ryan",Ateneo de Manila University,11,52404.0,23,9,1.89,1.792,14,0,1.443,2.37,0.927,60.87,2025,Philippine College
"Lopez, Ryan",National University,14,67536.0,26,7,1.906,2.386,19,0,1.519,2.079,0.56,73.08,2025,Philippine College
"Barro, Harvy",Adamson University,15,77310.0,11,4,3.789,3.734,7,0,0.489,0.768,0.279,63.64,2025,Philippine College
"Escodo, Bel",National University,10,52980.0,16,9,4.053,4.239,7,0,0.713,1.631,0.917,43.75,2024,Philippine College
"Encaya, Pius",Ateneo de Manila University,14,76188.0,34,12,6.36,6.377,22,0,1.559,2.41,0.851,64.71,2025,Philippine College
"Libarnes, Jaro",San Beda University,10,50820.0,17,8,2.505,2.684,9,0,0.956,1.806,0.85,52.94,2023,Philippine College
"Escodo, Bel",San Beda University,15,85500.0,27,10,7.635,7.872,17,0,1.074,1.705,0.632,62.96,2025,Philippine College
"Barro, Harvy",Lyceum,10,40680.0,18,6,3.434,2.953,12,0,1.593,2.389,0.796,66.67,2025,Philippine College
"Encaya, Pius",Ateneo de Manila University,10,54180.0,26,13,4.242,4.249,13,0,1.296,2.591,1.296,50.0,2023,Philippine College
"Reyes, Mark",University of Santo Tomas,11,55902.0,16,8,3.897,4.711,8,0,0.773,1.546,0.773,50.0,2025,Philippine College
"Tabelin, Kirvy",San Beda University,11,46530.0,6,1,1.5,2.052,5,0,0.58,0.696,0.116,83.33,2023,Philippine College
"Tagara, Pedro",University of the Philippines,14,70812.0,18,11,4.014,3.735,7,0,0.534,1.373,0.839,38.89,2025,Philippine College
"Libarnes, Jaro",De La Salle University,10,49500.0,17,7,4.755,4.766,10,0,1.091,1.855,0.764,58.82,2024,Philippine College
"Acebedo, James",National University,15,70740.0,18,9,4.562,4.793,9,0,0.687,1.374,0.687,50.0,2024,Philippine College
"Fernandez, Laurence",De La Salle University,12,56880.0,20,9,3.465,3.633,11,0,1.044,1.899,0.854,55.0,2025,Philippine College
"Salingay, Sam",National University,12,54360.0,26,12,7.03,6.662,14,0,1.391,2.583,1.192,53.85,2024,Philippine College
"Omitade, Edvard",Adamson University,12,62712.0,19,5,5.378,6.214,14,0,1.206,1.636,0.431,73.68,2024,Philippine College
"Tagara, Pedro",Mapúa University,11,58476.0,23,8,6.105,5.902,15,0,1.385,2.124,0.739,65.22,2024,Philippine College
"Perez, Angelo",Adamson University,10,51540.0,31,11,5.422,5.585,20,0,2.095,3.248,1.153,64.52,2023,Philippine College
"Reyes, Mark",University of the Philippines,15,71100.0,21,6,3.564,3.945,15,0,1.139,1.595,0.456,71.43,2024,Philippine College
"Escodo, Bel",Ateneo de Manila University,14,75432.0,15,3,3.952,3.693,12,0,0.859,1.074,0.215,80.0,2024,Philippine College
"Reyes, Mark",National University,11,58212.0,38,10,10.226,10.138,28,0,2.597,3.525,0.928,73.68,2024,Philippine College
"Reyes, Mark",Adamson University,14,76272.0,49,16,14.396,14.334,33,0,2.336,3.469,1.133,67.35,2024,Philippine College
"Tabelin, Kirvy",Mapúa University,11,49236.0,21,7,5.961,6.498,14,0,1.535,2.303,0.768,66.67,2023,Philippine College
"Bacaycay, Kurt",Ateneo de Manila University,15,77220.0,31,7,10.712,9.702,24,0,1.678,2.168,0.49,77.42,2025,Philippine College
"Barro, Harvy",Far Eastern University,11,58806.0,20,8,4.957,4.634,12,0,1.102,1.837,0.735,60.0,2023,Philippine College
"Cruz, Jan",National University,11,54978.0,20,7,2.059,2.009,13,0,1.277,1.964,0.688,65.0,2025,Philippine College
"Libarnes, Jaro",Mapúa University,12,59976.0,26,8,2.768,2.063,18,0,1.621,2.341,0.72,69.23,2024,Philippine College
"Bacaycay, Kurt",De La Salle University,10,48840.0,7,0,0.506,1.072,7,0,0.774,0.774,0.0,100.0,2025,Philippine College
"Lopez, Ryan",Ateneo de Manila University,11,53922.0,17,5,2.307,2.304,12,0,1.202,1.702,0.501,70.59,2024,Philippine College
"Cruz, Jan",Lyceum,15,75960.0,28,9,6.314,6.146,19,0,1.351,1.991,0.64,67.86,2025,Philippine College
"Bacnis, Hugo",Adamson University,13,74100.0,38,12,7.118,8.26,26,0,1.895,2.769,0.874,68.42,2025,Philippine College
"Tagara, Pedro",University of Santo Tomas,12,54216.0,28,9,5.961,5.552,19,0,1.892,2.789,0.896,67.86,2024,Philippine College
"Santos, Luis",Adamson University,13,59982.0,23,4,2.915,3.232,19,0,1.711,2.071,0.36,82.61,2024,Philippine College
"Salingay, Sam",University of Santo Tomas,12,59400.0,20,10,5.359,5.013,10,0,0.909,1.818,0.909,50.0,2024,Philippine College
"Bacnis, Hugo",San Beda University,10,51660.0,23,13,5.831,6.274,10,0,1.045,2.404,1.359,43.48,2023,Philippine College
"Tagara, Pedro",Ateneo de Manila University,11,55110.0,10,3,3.779,3.417,7,0,0.686,0.98,0.294,70.0,2023,Philippine College
"Bacnis, Hugo",Far Eastern University,14,67872.0,9,5,1.944,2.042,4,0,0.318,0.716,0.398,44.44,2025,Philippine College
"Aningalan, Jul",De La Salle University,10,50460.0,21,9,5.379,5.836,12,0,1.284,2.247,0.963,57.14,2023,Philippine College
"Santos, Luis",National University,12,68400.0,30,11,4.332,4.846,19,0,1.5,2.368,0.868,63.33,2024,Philippine College
"Lopez, Ryan",De La Salle University,14,66444.0,11,3,1.487,0.813,8,0,0.65,0.894,0.244,72.73,2024,Philippine College
"Lopez, Ryan",Ateneo de Manila University,15,69390.0,31,13,4.19,4.482,18,0,1.401,2.412,1.012,58.06,2023,Philippine College
"Escodo, Bel",San Beda University,15,81990.0,29,12,10.767,11.781,17,0,1.12,1.91,0.79,58.62,2024,Philippine College
"Libarnes, Jaro",University of the Philippines,10,45720.0,18,3,2.142,2.329,15,0,1.772,2.126,0.354,83.33,2025,Philippine College
"Aningalan, Jul",Mapúa University,14,70140.0,32,18,9.481,10.131,14,0,1.078,2.464,1.386,43.75,2024,Philippine College
"Fernandez, Laurence",San Beda University,11,57552.0,21,5,2.652,2.927,16,0,1.501,1.97,0.469,76.19,2023,Philippine College
"Perez, Angelo",National University,14,75768.0,27,11,6.096,6.421,16,0,1.14,1.924,0.784,59.26,2023,Philippine College
"Salingay, Sam",University of Santo Tomas,10,49020.0,13,7,3.027,3.168,6,0,0.661,1.432,0.771,46.15,2025,Philippine College
"Aningalan, Jul",Ateneo de Manila University,15,81990.0,30,15,3.683,3.749,15,0,0.988,1.976,0.988,50.0,2025,Philippine College
"Escodo, Bel",Far Eastern University,14,63756.0,13,6,4.018,3.869,7,0,0.593,1.101,0.508,53.85,2024,Philippine College
"Santos, Luis",Ateneo de Manila University,14,69552.0,26,12,8.93,8.434,14,0,1.087,2.019,0.932,53.85,2025,Philippine College
"Encaya, Pius",Ateneo de Manila University,15,77490.0,18,2,5.299,5.738,16,0,1.115,1.254,0.139,88.89,2023,Philippine College
"Tabelin, Kirvy",Adamson University,12,58752.0,14,7,2.482,3.131,7,0,0.643,1.287,0.643,50.0,2024,Philippine College
"Encaya, Pius",National University,13,64350.0,19,4,3.733,4.046,15,0,1.259,1.594,0.336,78.95,2024,Philippine College
"Barro, Harvy",San Beda University,10,51240.0,12,6,3.724,3.93,6,0,0.632,1.265,0.632,50.0,2024,Philippine College
"Barro, Harvy",Far Eastern University,13,57174.0,18,10,6.316,6.576,8,0,0.756,1.7,0.944,44.44,2023,Philippine College
"Tabelin, Kirvy",Far Eastern University,10,49200.0,25,12,6.776,6.296,13,0,1.427,2.744,1.317,52.0,2024,Philippine College
"Escodo, Bel",Lyceum,10,52860.0,17,7,4.311,4.218,10,0,1.022,1.737,0.715,58.82,2023,Philippine College
"Libarnes, Jaro",De La Salle University,15,72360.0,7,3,1.051,1.46,4,0,0.299,0.522,0.224,57.14,2025,Philippine College
"Perez, Angelo",National University,11,53526.0,15,5,2.539,2.478,10,0,1.009,1.513,0.504,66.67,2023,Philippine College
"Fernandez, Laurence",University of Santo Tomas,10,46080.0,23,9,7.287,7.21,14,0,1.641,2.695,1.055,60.87,2023,Philippine College
"Lopez, Ryan",Lyceum,13,61464.0,17,4,4.549,4.397,13,0,1.142,1.494,0.351,76.47,2023,Philippine College
"Tabelin, Kirvy",University of Santo Tomas,14,70140.0,32,11,7.364,7.848,21,0,1.617,2.464,0.847,65.62,2024,Philippine College
"Tagara, Pedro",De La Salle University,14,72828.0,32,11,5.821,7.175,21,0,1.557,2.373,0.816,65.62,2023,Philippine College
"Bacaycay, Kurt",De La Salle University,14,66780.0,8,3,2.076,2.007,5,0,0.404,0.647,0.243,62.5,2025,Philippine College
"Mapula, Paul",San Beda University,12,56664.0,17,9,3.146,3.173,8,0,0.762,1.62,0.858,47.06,2023,Philippine College
"Escodo, Bel",Mapúa University,12,62064.0,33,18,6.725,6.69,15,0,1.305,2.871,1.566,45.45,2024,Philippine College
"Santos, Luis",University of the Philippines,14,65604.0,23,3,2.891,3.021,20,0,1.646,1.893,0.247,86.96,2025,Philippine College
"Acebedo, James",Adamson University,14,77112.0,23,7,4.573,4.234,16,0,1.12,1.611,0.49,69.57,2025,Philippine College
"Acebedo, James",National University,10,42420.0,17,6,2.888,2.613,11,2,1.4,2.164,0.764,64.71,2024,Philippine College
"Cruz, Jan",University of Santo Tomas,13,61308.0,22,7,6.609,6.682,15,0,1.321,1.938,0.617,68.18,2023,Philippine College
"Reyes, Mark",De La Salle University,13,66690.0,15,7,4.32,4.475,8,0,0.648,1.215,0.567,53.33,2025,Philippine College
"Omitade, Edvard",Mapúa University,15,79020.0,28,3,6.312,6.471,25,0,1.708,1.913,0.205,89.29,2023,Philippine College
"Digal, Diegocarl",Mapúa University,13,66222.0,6,2,2.037,2.319,4,0,0.326,0.489,0.163,66.67,2023,Philippine College
"Tabelin, Kirvy",Adamson University,11,49500.0,13,3,4.026,3.71,10,0,1.091,1.418,0.327,76.92,2023,Philippine College
"Escodo, Bel",Adamson University,14,70812.0,18,2,1.427,2.113,16,0,1.22,1.373,0.153,88.89,2024,Philippine College
"Mapula, Paul",National University,12,63360.0,29,14,4.174,4.228,15,0,1.278,2.472,1.193,51.72,2023,Philippine College
"Digal, Diegocarl",De La Salle University,12,59112.0,21,7,5.167,5.053,14,0,1.279,1.918,0.639,66.67,2023,Philippine College
"Acebedo, James",Ateneo de Manila University,11,57684.0,32,16,6.262,6.067,16,0,1.498,2.996,1.498,50.0,2023,Philippine College
"Santos, Luis",Far Eastern University,10,48600.0,18,7,2.931,3.099,11,0,1.222,2.0,0.778,61.11,2025,Philippine College
"Tabelin, Kirvy",San Beda University,15,77130.0,34,13,3.755,3.843,21,0,1.47,2.38,0.91,61.76,2023,Philippine College
"Cruz, Jan",Far Eastern University,15,78930.0,29,9,9.551,9.963,20,0,1.368,1.984,0.616,68.97,2023,Philippine College
"Reyes, Mark",Far Eastern University,13,71370.0,36,13,4.903,4.83,23,0,1.74,2.724,0.984,63.89,2024,Philippine College
"Acebedo, James",Lyceum,14,65604.0,15,10,3.102,2.342,5,0,0.412,1.235,0.823,33.33,2025,Philippine College
"Salingay, Sam",University of the Philippines,15,71010.0,40,22,5.881,5.128,18,0,1.369,3.042,1.673,45.0,2023,Philippine College
"Reyes, Mark",Adamson University,12,63504.0,28,12,5.106,5.074,16,0,1.361,2.381,1.02,57.14,2023,Philippine College
"Mapula, Paul",Lyceum,10,53580.0,28,9,4.716,5.267,19,0,1.915,2.822,0.907,67.86,2024,Philippine College
"Omitade, Edvard",Mapúa University,10,53940.0,18,11,5.083,5.042,7,0,0.701,1.802,1.101,38.89,2024,Philippine College
"Santos, Luis",National University,15,71190.0,20,9,2.867,2.228,11,0,0.834,1.517,0.683,55.0,2023,Philippine College
"Reyes, Mark",University of Santo Tomas,14,75432.0,32,20,6.191,5.528,12,0,0.859,2.291,1.432,37.5,2024,Philippine College
"Tagara, Pedro",De La Salle University,14,76524.0,28,13,8.913,9.729,15,0,1.058,1.976,0.917,53.57,2025,Philippine College
"Perez, Angelo",University of Santo Tomas,13,68952.0,27,7,7.04,7.755,20,0,1.566,2.115,0.548,74.07,2024,Philippine College
"Bacaycay, Kurt",Adamson University,14,69468.0,21,11,5.146,4.525,10,0,0.777,1.632,0.855,47.62,2025,Philippine College
"Escodo, Bel",Lyceum,12,54720.0,15,5,3.89,3.743,10,0,0.987,1.48,0.493,66.67,2025,Philippine College
"Fernandez, Laurence",National University,14,65940.0,23,8,3.223,2.938,15,0,1.228,1.884,0.655,65.22,2024,Philippine College
"Aningalan, Jul",Adamson University,11,52074.0,21,7,5.932,6.124,14,0,1.452,2.178,0.726,66.67,2023,Philippine College
"Tabelin, Kirvy",National University,12,62136.0,13,3,3.182,3.252,10,0,0.869,1.13,0.261,76.92,2023,Philippine College
"Tabelin, Kirvy",University of Santo Tomas,11,45738.0,13,8,1.929,2.294,5,0,0.59,1.535,0.945,38.46,2023,Philippine College
"Acebedo, James",Adamson University,13,62556.0,20,6,2.306,2.17,14,0,1.209,1.726,0.518,70.0,2023,Philippine College
"Acebedo, James",Adamson University,11,49566.0,20,9,2.387,2.55,11,0,1.198,2.179,0.981,55.0,2025,Philippine College
"Salingay, Sam",Adamson University,11,62700.0,22,9,6.126,5.686,13,0,1.12,1.895,0.775,59.09,2023,Philippine College
"Acebedo, James",De La Salle University,14,69216.0,36,7,6.651,6.266,29,0,2.262,2.809,0.546,80.56,2023,Philippine College
"Libarnes, Jaro",University of the Philippines,10,48900.0,13,7,4.134,3.802,6,0,0.663,1.436,0.773,46.15,2024,Philippine College
"Aningalan, Jul",Lyceum,12,52416.0,30,12,3.765,3.705,18,0,1.854,3.091,1.236,60.0,2024,Philippine College
"Bacaycay, Kurt",De La Salle University,15,72630.0,35,10,4.458,5.18,25,0,1.859,2.602,0.743,71.43,2025,Philippine College
"Tagara, Pedro",Lyceum,14,63504.0,24,12,4.274,3.955,12,0,1.02,2.041,1.02,50.0,2025,Philippine College
"Salingay, Sam",Lyceum,10,44760.0,20,8,2.66,2.932,12,0,1.448,2.413,0.965,60.0,2024,Philippine College
"Aningalan, Jul",Ateneo de Manila University,12,55872.0,32,17,2.641,2.567,15,0,1.45,3.093,1.643,46.88,2025,Philippine College
"Perez, Angelo",San Beda University,15,75690.0,20,8,5.753,5.824,12,0,0.856,1.427,0.571,60.0,2023,Philippine College
"Salingay, Sam",National University,13,64350.0,16,9,3.535,3.496,7,0,0.587,1.343,0.755,43.75,2023,Philippine College
"Aningalan, Jul",De La Salle University,10,47580.0,18,7,5.446,5.238,11,0,1.248,2.043,0.794,61.11,2023,Philippine College
"Cruz, Jan",University of Santo Tomas,13,69576.0,16,8,3.079,4.382,8,0,0.621,1.242,0.621,50.0,2024,Philippine College
"Salingay, Sam",San Beda University,11,52602.0,27,10,9.565,9.192,17,0,1.745,2.772,1.027,62.96,2025,Philippine College
"Encaya, Pius",Ateneo de Manila University,11,48642.0,24,9,7.443,7.034,15,0,1.665,2.664,0.999,62.5,2024,Philippine College
"Barro, Harvy",Lyceum,10,43980.0,16,6,4.42,4.191,10,0,1.228,1.965,0.737,62.5,2024,Philippine College
"Santos, Luis",University of Santo Tomas,15,78480.0,25,10,3.358,3.206,15,0,1.032,1.72,0.688,60.0,2023,Philippine College
"Mapula, Paul",Far Eastern University,11,60588.0,17,5,3.473,3.398,12,0,1.07,1.515,0.446,70.59,2023,Philippine College
"Digal, Diegocarl",Ateneo de Manila University,14,79800.0,33,10,8.665,9.03,23,0,1.556,2.233,0.677,69.7,2023,Philippine College
"Tagara, Pedro",Ateneo de Manila University,11,52140.0,34,21,6.932,6.988,13,0,1.346,3.521,2.175,38.24,2023,Philippine College
"Bacnis, Hugo",Adamson University,11,52536.0,20,8,4.078,3.955,12,0,1.233,2.056,0.822,60.0,2025,Philippine College
"Acebedo, James",University of the Philippines,11,47652.0,16,2,3.45,3.371,14,0,1.587,1.813,0.227,87.5,2024,Philippine College
"Bacnis, Hugo",Mapúa University,10,48240.0,21,8,6.968,7.069,13,0,1.455,2.351,0.896,61.9,2025,Philippine College
"Encaya, Pius",Mapúa University,15,69030.0,6,1,1.256,1.424,5,0,0.391,0.469,0.078,83.33,2023,Philippine College
"Escodo, Bel",University of the Philippines,11,52668.0,29,13,6.673,7.319,16,0,1.64,2.973,1.333,55.17,2025,Philippine College
"Acebedo, James",University of the Philippines,11,51876.0,14,4,1.528,1.145,10,0,1.041,1.457,0.416,71.43,2024,Philippine College
"Tagara, Pedro",University of Santo Tomas,12,54792.0,24,7,4.853,5.562,17,0,1.675,2.365,0.69,70.83,2023,Philippine College
"Digal, Diegocarl",University of Santo Tomas,10,52380.0,21,6,4.469,4.988,15,0,1.546,2.165,0.619,71.43,2025,Philippine College
"Barro, Harvy",Ateneo de Manila University,10,50460.0,20,7,3.146,2.981,13,0,1.391,2.14,0.749,65.0,2024,Philippine College
"Fernandez, Laurence",Far Eastern University,13,65598.0,18,7,4.346,4.407,11,0,0.906,1.482,0.576,61.11,2023,Philippine College
"Escodo, Bel",San Beda University,12,64656.0,24,6,8.102,7.221,18,0,1.503,2.004,0.501,75.0,2025,Philippine College
"Bacaycay, Kurt",Far Eastern University,11,58740.0,29,12,4.482,4.493,17,0,1.563,2.666,1.103,58.62,2024,Philippine College
"Bacaycay, Kurt",Ateneo de Manila University,14,70980.0,36,13,5.928,6.379,23,0,1.75,2.739,0.989,63.89,2023,Philippine College
"Cruz, Jan",University of the Philippines,13,66456.0,30,12,5.796,6.065,18,0,1.463,2.438,0.975,60.0,2024,Philippine College
"Escodo, Bel",Adamson University,10,43020.0,23,5,5.468,5.564,18,1,2.259,2.887,0.628,78.26,2024,Philippine College
"Salingay, Sam",Far Eastern University,15,66960.0,28,8,4.678,4.549,20,0,1.613,2.258,0.645,71.43,2024,Philippine College
"Digal, Diegocarl",Lyceum,12,60624.0,22,8,3.774,3.771,14,0,1.247,1.96,0.713,63.64,2024,Philippine College
"Tagara, Pedro",De La Salle University,11,52272.0,20,6,4.034,3.993,14,0,1.446,2.066,0.62,70.0,2023,Philippine College
"Acebedo, James",National University,11,54582.0,5,3,1.446,1.216,2,0,0.198,0.495,0.297,40.0,2025,Philippine College
"Bacnis, Hugo",San Beda University,10,42780.0,5,2,1.2,1.173,3,0,0.379,0.631,0.252,60.0,2024,Philippine College
"Santos, Luis",San Beda University,10,47880.0,17,10,3.428,3.605,7,0,0.789,1.917,1.128,41.18,2023,Philippine College
"Reyes, Mark",Lyceum,12,60984.0,12,5,2.367,1.777,7,0,0.62,1.063,0.443,58.33,2025,Philippine College
"Bacaycay, Kurt",University of Santo Tomas,12,55080.0,15,7,4.286,4.449,8,0,0.784,1.471,0.686,53.33,2023,Philippine College
"Reyes, Mark",Adamson University,12,63720.0,28,11,4.827,4.292,17,0,1.441,2.373,0.932,60.71,2024,Philippine College
"Digal, Diegocarl",University of the Philippines,14,68880.0,11,5,0.914,1.169,6,0,0.47,0.862,0.392,54.55,2025,Philippine College
"Omitade, Edvard",National University,15,68940.0,22,14,3.913,3.745,8,0,0.627,1.723,1.097,36.36,2025,Philippine College
"Salingay, Sam",Adamson University,12,58680.0,27,15,10.009,9.76,12,0,1.104,2.485,1.38,44.44,2024,Philippine College
"Reyes, Mark",Ateneo de Manila University,13,64350.0,24,6,3.141,3.547,18,0,1.51,2.014,0.503,75.0,2025,Philippine College
"Encaya, Pius",Ateneo de Manila University,14,73752.0,27,7,8.031,7.165,20,0,1.464,1.977,0.513,74.07,2023,Philippine College
"Bacnis, Hugo",University of the Philippines,15,70560.0,34,13,9.687,10.019,21,0,1.607,2.602,0.995,61.76,2024,Philippine College
"Omitade, Edvard",De La Salle University,14,64428.0,22,8,6.04,5.576,14,0,1.173,1.844,0.671,63.64,2024,Philippine College
"Barro, Harvy",Adamson University,10,54360.0,14,7,4.759,5.171,7,0,0.695,1.391,0.695,50.0,2023,Philippine College
"Barro, Harvy",Lyceum,10,50100.0,17,7,2.376,3.039,10,0,1.078,1.832,0.754,58.82,2024,Philippine College
"Fernandez, Laurence",Adamson University,15,77400.0,40,20,3.512,3.664,20,0,1.395,2.791,1.395,50.0,2024,Philippine College
"Perez, Angelo",Adamson University,15,74340.0,32,8,8.954,9.062,24,0,1.743,2.324,0.581,75.0,2024,Philippine College
"Mapula, Paul",University of Santo Tomas,14,68544.0,14,4,2.244,2.085,10,0,0.788,1.103,0.315,71.43,2025,Philippine College
"Reyes, Mark",Lyceum,10,52260.0,29,13,3.203,3.729,16,0,1.653,2.997,1.343,55.17,2024,Philippine College
"Omitade, Edvard",Adamson University,15,69390.0,19,6,2.777,2.958,13,0,1.012,1.479,0.467,68.42,2023,Philippine College
"Cruz, Jan",Mapúa University,11,57024.0,25,9,2.225,1.808,16,0,1.515,2.367,0.852,64.0,2024,Philippine College
"Barro, Harvy",San Beda University,10,45720.0,10,2,1.769,1.881,8,0,0.945,1.181,0.236,80.0,2025,Philippine College
"Digal, Diegocarl",De La Salle University,13,55848.0,20,7,5.98,5.808,13,0,1.257,1.934,0.677,65.0,2024,Philippine College
"Lopez, Ryan",Mapúa University,14,67116.0,18,8,3.802,4.096,10,0,0.805,1.448,0.644,55.56,2024,Philippine College
"Bacnis, Hugo",De La Salle University,14,72240.0,24,11,3.309,2.722,13,0,0.972,1.794,0.822,54.17,2023,Philippine College
"Salingay, Sam",Ateneo de Manila University,12,55800.0,25,10,8.289,8.09,15,0,1.452,2.419,0.968,60.0,2024,Philippine College
"Omitade, Edvard",Ateneo de Manila University,11,57486.0,16,2,5.88,6.442,14,0,1.315,1.503,0.188,87.5,2023,Philippine College
"Tagara, Pedro",National University,11,55902.0,22,4,3.35,3.542,18,1,1.739,2.125,0.386,81.82,2025,Philippine College
"Mapula, Paul",San Beda University,12,56016.0,29,13,5.645,5.512,16,0,1.542,2.796,1.253,55.17,2023,Philippine College
"Tagara, Pedro",University of Santo Tomas,10,51960.0,10,5,4.358,4.035,5,0,0.52,1.039,0.52,50.0,2024,Philippine College
"Escodo, Bel",University of Santo Tomas,11,59202.0,15,3,4.127,3.8,12,0,1.095,1.368,0.274,80.0,2023,Philippine College
"Perez, Angelo",Lyceum,11,54516.0,17,7,4.269,3.956,10,0,0.991,1.684,0.693,58.82,2023,Philippine College
"Cruz, Jan",National University,15,76320.0,31,11,6.168,5.994,20,0,1.415,2.193,0.778,64.52,2023,Philippine College
"Fernandez, Laurence",Lyceum,10,52620.0,26,5,5.494,5.768,21,0,2.155,2.668,0.513,80.77,2025,Philippine College
"Digal, Diegocarl",Far Eastern University,15,73170.0,26,5,7.408,7.455,21,0,1.55,1.919,0.369,80.77,2025,Philippine College
"Escodo, Bel",University of the Philippines,14,63924.0,9,6,2.698,2.45,3,0,0.253,0.76,0.507,33.33,2025,Philippine College
"Reyes, Mark",Mapúa University,14,63924.0,21,6,4.102,3.797,15,0,1.267,1.774,0.507,71.43,2024,Philippine College
"Omitade, Edvard",Adamson University,12,67248.0,31,8,7.894,7.918,23,0,1.847,2.489,0.642,74.19,2024,Philippine College
"Escodo, Bel",De La Salle University,15,77220.0,26,6,5.877,6.728,20,0,1.399,1.818,0.42,76.92,2023,Philippine College
"Salingay, Sam",Ateneo de Manila University,15,74160.0,33,11,4.541,5.818,22,0,1.602,2.403,0.801,66.67,2024,Philippine College
"Aningalan, Jul",University of the Philippines,13,73320.0,23,6,5.64,5.23,17,0,1.252,1.694,0.442,73.91,2023,Philippine College
"Acebedo, James",Far Eastern University,12,67536.0,25,12,6.4,6.17,13,0,1.039,1.999,0.959,52.0,2025,Philippine College
"Tabelin, Kirvy",University of Santo Tomas,11,59004.0,21,8,6.095,5.409,13,0,1.19,1.922,0.732,61.9,2023,Philippine College
"Tabelin, Kirvy",University of Santo Tomas,13,67782.0,23,9,6.769,7.456,14,0,1.115,1.832,0.717,60.87,2025,Philippine College
"Aningalan, Jul",University of Santo Tomas,12,62712.0,6,3,1.386,1.219,3,0,0.258,0.517,0.258,50.0,2023,Philippine College
"Perez, Angelo",Far Eastern University,11,59928.0,26,15,5.575,6.118,11,0,0.991,2.343,1.352,42.31,2025,Philippine College
"Santos, Luis",San Beda University,14,73752.0,20,8,6.574,6.531,12,0,0.879,1.464,0.586,60.0,2025,Philippine College
"Barro, Harvy",De La Salle University,15,74250.0,20,7,4.993,4.769,13,0,0.945,1.455,0.509,65.0,2023,Philippine College
"Bacaycay, Kurt",Ateneo de Manila University,15,59760.0,16,2,3.123,3.748,14,0,1.265,1.446,0.181,87.5,2025,Philippine College
"Escodo, Bel",De La Salle University,11,54252.0,21,7,5.51,5.285,14,0,1.393,2.09,0.697,66.67,2025,Philippine College
"Tabelin, Kirvy",Lyceum,15,70200.0,19,8,6.15,5.493,11,0,0.846,1.462,0.615,57.89,2024,Philippine College
"Fernandez, Laurence",Mapúa University,12,59112.0,8,3,1.859,1.631,5,0,0.457,0.731,0.274,62.5,2025,Philippine College
"Mapula, Paul",Ateneo de Manila University,12,55152.0,30,14,3.655,3.711,16,0,1.567,2.937,1.371,53.33,2023,Philippine College
"Tagara, Pedro",Mapúa University,13,65286.0,15,3,3.491,3.0,12,0,0.993,1.241,0.248,80.0,2023,Philippine College
"Fernandez, Laurence",De La Salle University,11,47982.0,16,8,1.957,2.168,8,0,0.9,1.801,0.9,50.0,2024,Philippine College
"Mapula, Paul",National University,10,48780.0,5,2,1.229,1.462,3,0,0.332,0.554,0.221,60.0,2023,Philippine College
"Omitade, Edvard",Far Eastern University,13,65052.0,6,3,2.075,1.527,3,0,0.249,0.498,0.249,50.0,2025,Philippine College
"Tagara, Pedro",University of Santo Tomas,14,64596.0,17,2,2.567,2.888,15,0,1.254,1.421,0.167,88.24,2025,Philippine College
"Escodo, Bel",University of the Philippines,15,66240.0,17,8,5.149,5.933,9,0,0.734,1.386,0.652,52.94,2025,Philippine College
"Santos, Luis",Far Eastern University,13,61152.0,11,5,1.396,1.464,6,0,0.53,0.971,0.442,54.55,2024,Philippine College
"Tabelin, Kirvy",University of the Philippines,13,61698.0,24,8,2.102,2.115,16,0,1.4,2.101,0.7,66.67,2025,Philippine College
"Cruz, Jan",Ateneo de Manila University,13,69108.0,23,10,5.16,4.451,13,0,1.016,1.797,0.781,56.52,2024,Philippine College
"Barro, Harvy",Lyceum,11,51282.0,9,2,2.026,2.418,7,0,0.737,0.948,0.211,77.78,2023,Philippine College
"Bacaycay, Kurt",Ateneo de Manila University,10,46920.0,18,8,3.568,3.094,10,0,1.151,2.072,0.921,55.56,2025,Philippine College
"Fernandez, Laurence",Lyceum,15,60120.0,14,5,3.759,3.798,9,0,0.808,1.257,0.449,64.29,2023,Philippine College
"Fernandez, Laurence",Far Eastern University,13,61542.0,29,9,7.675,8.038,20,0,1.755,2.545,0.79,68.97,2023,Philippine College
"Mapula, Paul",Mapúa University,11,57486.0,12,5,2.545,1.927,7,0,0.658,1.127,0.47,58.33,2024,Philippine College
"Bacnis, Hugo",Adamson University,13,63882.0,41,16,7.321,7.813,25,0,2.113,3.466,1.352,60.98,2023,Philippine College
"Omitade, Edvard",Mapúa University,11,57222.0,22,13,3.607,3.863,9,0,0.849,2.076,1.227,40.91,2024,Philippine College
"Digal, Diegocarl",De La Salle University,15,76230.0,14,8,2.679,2.732,6,0,0.425,0.992,0.567,42.86,2025,Philippine College
"Bacaycay, Kurt",Lyceum,13,63336.0,15,3,4.145,3.857,12,0,1.023,1.279,0.256,80.0,2023,Philippine College
"Salingay, Sam",National University,13,69888.0,18,8,4.238,4.759,10,0,0.773,1.391,0.618,55.56,2025,Philippine College
"Barro, Harvy",Ateneo de Manila University,10,51420.0,9,5,1.818,2.115,4,0,0.42,0.945,0.525,44.44,2025,Philippine College
"Perez, Angelo",Ateneo de Manila University,14,70476.0,32,9,8.664,8.0,23,0,1.762,2.452,0.69,71.88,2024,Philippine College
"Escodo, Bel",Far Eastern University,10,51960.0,25,12,8.44,7.897,13,0,1.351,2.598,1.247,52.0,2024,Philippine College
"Reyes, Mark",University of the Philippines,11,58278.0,26,10,8.738,8.964,16,0,1.483,2.409,0.927,61.54,2023,Philippine College
"Cruz, Jan",National University,10,44280.0,11,3,2.905,2.937,8,0,0.976,1.341,0.366,72.73,2025,Philippine College
"Lopez, Ryan",Ateneo de Manila University,11,53130.0,22,5,2.659,2.854,17,0,1.728,2.236,0.508,77.27,2025,Philippine College
"Escodo, Bel",Ateneo de Manila University,14,75180.0,25,8,6.061,6.088,17,0,1.221,1.796,0.575,68.0,2023,Philippine College
"Fernandez, Laurence",National University,11,56628.0,16,6,2.456,2.655,10,0,0.954,1.526,0.572,62.5,2025,Philippine College
"Encaya, Pius",De La Salle University,15,76230.0,36,15,5.332,5.854,21,0,1.488,2.55,1.063,58.33,2025,Philippine College
"Digal, Diegocarl",Far Eastern University,13,63882.0,18,6,1.622,2.41,12,0,1.014,1.522,0.507,66.67,2025,Philippine College
"Barro, Harvy",Far Eastern University,14,68628.0,33,15,7.251,6.999,18,0,1.416,2.597,1.18,54.55,2025,Philippine College
"Bacnis, Hugo",Adamson University,14,64092.0,19,8,6.413,5.438,11,0,0.927,1.601,0.674,57.89,2023,Philippine College
"Barro, Harvy",Mapúa University,14,63924.0,20,7,4.105,4.275,13,0,1.098,1.69,0.591,65.0,2023,Philippine College
"Santos, Luis",San Beda University,13,58500.0,21,5,6.829,6.972,16,0,1.477,1.938,0.462,76.19,2024,Philippine College
"Escodo, Bel",Mapúa University,13,65910.0,28,10,9.289,8.798,18,0,1.475,2.294,0.819,64.29,2024,Philippine College
"Encaya, Pius",National University,15,72090.0,37,16,9.796,9.011,21,0,1.573,2.772,1.199,56.76,2025,Philippine College
"Lopez, Ryan",Far Eastern University,14,67956.0,23,7,5.964,6.356,16,0,1.271,1.828,0.556,69.57,2023,Philippine College
"Tabelin, Kirvy",University of Santo Tomas,13,69264.0,16,6,3.188,2.61,10,0,0.78,1.247,0.468,62.5,2023,Philippine College
"Mapula, Paul",National University,14,64596.0,15,3,2.861,2.217,12,0,1.003,1.254,0.251,80.0,2024,Philippine College
"Encaya, Pius",Adamson University,14,57876.0,27,12,8.052,7.886,15,0,1.4,2.519,1.12,55.56,2024,Philippine College
"Omitade, Edvard",Adamson University,11,49038.0,14,6,4.11,4.548,8,0,0.881,1.542,0.661,57.14,2025,Philippine College
"Reyes, Mark",University of the Philippines,13,67080.0,32,17,7.515,7.762,15,0,1.208,2.576,1.369,46.88,2025,Philippine College
"Tabelin, Kirvy",San Beda University,13,59514.0,24,6,3.63,3.376,18,0,1.633,2.178,0.544,75.0,2023,Philippine College
"Acebedo, James",National University,13,58578.0,21,3,4.449,4.512,18,0,1.659,1.936,0.277,85.71,2023,Philippine College
"Santos, Luis",Far Eastern University,12,56880.0,13,3,1.713,1.849,10,0,0.949,1.234,0.285,76.92,2025,Philippine College
"Lopez, Ryan",Adamson University,13,64740.0,27,7,4.134,4.593,20,0,1.668,2.252,0.584,74.07,2025,Philippine College
"Tabelin, Kirvy",Adamson University,14,74592.0,39,12,6.985,6.379,27,0,1.955,2.823,0.869,69.23,2023,Philippine College
"Tabelin, Kirvy",Mapúa University,13,67626.0,25,11,3.55,3.319,14,0,1.118,1.996,0.878,56.0,2024,Philippine College
"Acebedo, James",Adamson University,14,74760.0,28,10,7.529,7.585,18,0,1.3,2.022,0.722,64.29,2025,Philippine College
"Cruz, Jan",University of the Philippines,10,45660.0,21,7,6.015,5.386,14,0,1.656,2.484,0.828,66.67,2025,Philippine College
"Omitade, Edvard",Lyceum,14,66024.0,32,9,5.426,5.283,23,0,1.881,2.617,0.736,71.88,2024,Philippine College
"Encaya, Pius",Lyceum,15,68220.0,23,11,4.548,4.636,12,0,0.95,1.821,0.871,52.17,2023,Philippine College
"Salingay, Sam",Mapúa University,11,54384.0,21,12,4.728,4.932,9,0,0.894,2.085,1.192,42.86,2023,Philippine College
"Tagara, Pedro",Lyceum,13,62556.0,30,13,8.163,7.665,17,0,1.467,2.59,1.122,56.67,2023,Philippine College
"Encaya, Pius",Lyceum,15,76680.0,30,14,6.493,7.126,16,0,1.127,2.113,0.986,53.33,2023,Philippine College
"Lopez, Ryan",Far Eastern University,10,54660.0,17,6,2.848,2.604,11,0,1.087,1.679,0.593,64.71,2025,Philippine College
"Digal, Diegocarl",Lyceum,10,55320.0,33,12,9.969,10.552,21,0,2.05,3.221,1.171,63.64,2024,Philippine College
"Reyes, Mark",National University,14,76104.0,21,8,2.496,2.917,13,0,0.922,1.49,0.568,61.9,2025,Philippine College
"Encaya, Pius",Ateneo de Manila University,10,51060.0,21,10,6.237,7.151,11,0,1.163,2.221,1.058,52.38,2024,Philippine College
"Acebedo, James",University of Santo Tomas,10,47880.0,26,7,4.688,4.318,19,0,2.143,2.932,0.789,73.08,2025,Philippine College
"Santos, Luis",De La Salle University,15,79560.0,31,6,11.909,12.07,25,0,1.697,2.104,0.407,80.65,2023,Philippine College
"Salingay, Sam",San Beda University,13,59670.0,36,14,13.796,13.635,22,0,1.991,3.258,1.267,61.11,2023,Philippine College
"Omitade, Edvard",University of Santo Tomas,10,57000.0,30,12,6.43,5.56,18,0,1.705,2.842,1.137,60.0,2024,Philippine College
"Barro, Harvy",Adamson University,11,53592.0,14,1,3.154,2.739,13,0,1.31,1.411,0.101,92.86,2024,Philippine College
"Tabelin, Kirvy",National University,15,77940.0,37,13,10.096,9.849,24,0,1.663,2.564,0.901,64.86,2025,Philippine College
"Mapula, Paul",National University,11,56892.0,19,4,5.334,5.331,15,0,1.424,1.803,0.38,78.95,2024,Philippine College
"Mapula, Paul",Mapúa University,14,63000.0,16,5,1.476,1.293,11,0,0.943,1.371,0.429,68.75,2023,Philippine College
"Digal, Diegocarl",National University,13,63414.0,14,2,2.759,2.701,12,1,1.022,1.192,0.17,85.71,2024,Philippine College
"Tagara, Pedro",National University,15,62460.0,24,10,6.31,5.736,14,0,1.21,2.075,0.865,58.33,2023,Philippine College
"Bacnis, Hugo",San Beda University,11,54450.0,21,9,4.569,4.362,12,0,1.19,2.083,0.893,57.14,2025,Philippine College
"Tagara, Pedro",National University,14,73080.0,17,6,5.886,6.04,11,0,0.813,1.256,0.443,64.71,2024,Philippine College
"Tabelin, Kirvy",University of Santo Tomas,10,43620.0,8,3,0.51,0.878,5,0,0.619,0.99,0.371,62.5,2023,Philippine College
"Omitade, Edvard",Ateneo de Manila University,11,62502.0,18,7,5.402,5.604,11,0,0.95,1.555,0.605,61.11,2025,Philippine College
"Santos, Luis",University of the Philippines,15,82080.0,28,10,4.364,3.356,18,0,1.184,1.842,0.658,64.29,2024,Philippine College
"Mapula, Paul",Ateneo de Manila University,11,57552.0,24,10,5.209,4.621,14,0,1.314,2.252,0.938,58.33,2024,Philippine College
"Escodo, Bel",San Beda University,11,50556.0,22,4,7.996,8.031,18,0,1.923,2.35,0.427,81.82,2025,Philippine College
"Barro, Harvy",Mapúa University,14,74508.0,18,11,3.981,4.283,7,0,0.507,1.305,0.797,38.89,2024,Philippine College
"Encaya, Pius",University of the Philippines,11,53130.0,16,6,3.96,4.201,10,0,1.016,1.626,0.61,62.5,2023,Philippine College
"Reyes, Mark",University of the Philippines,10,48600.0,7,0,2.092,2.109,7,0,0.778,0.778,0.0,100.0,2023,Philippine College
"Encaya, Pius",Ateneo de Manila University,14,67200.0,34,9,8.762,8.366,25,0,2.009,2.732,0.723,73.53,2025,Philippine College
"Mapula, Paul",University of Santo Tomas,12,48528.0,15,6,1.004,1.064,9,0,1.001,1.669,0.668,60.0,2025,Philippine College
"Salingay, Sam",Mapúa University,12,60768.0,30,9,5.419,5.824,21,0,1.866,2.666,0.8,70.0,2023,Philippine College
"Mapula, Paul",Mapúa University,12,64728.0,30,12,4.101,3.987,18,0,1.502,2.503,1.001,60.0,2024,Philippine College
"Bacnis, Hugo",University of the Philippines,14,71148.0,25,9,4.541,4.246,16,0,1.214,1.897,0.683,64.0,2025,Philippine College
"Reyes, Mark",San Beda University,10,42180.0,20,8,4.839,4.014,12,0,1.536,2.56,1.024,60.0,2025,Philippine College
"Libarnes, Jaro",Lyceum,13,66690.0,22,9,5.635,6.026,13,0,1.053,1.781,0.729,59.09,2025,Philippine College
"Barro, Harvy",De La Salle University,13,67080.0,31,16,2.638,2.369,15,0,1.208,2.496,1.288,48.39,2024,Philippine College
"Fernandez, Laurence",San Beda University,15,70560.0,28,8,5.42,5.243,20,0,1.531,2.143,0.612,71.43,2025,Philippine College
"Reyes, Mark",Adamson University,14,67536.0,33,15,8.135,9.388,18,0,1.439,2.639,1.199,54.55,2023,Philippine College
"Bacaycay, Kurt",De La Salle University,15,75780.0,28,12,8.375,7.783,16,0,1.14,1.995,0.855,57.14,2025,Philippine College
"Libarnes, Jaro",University of the Philippines,13,74100.0,21,6,2.164,2.606,15,0,1.093,1.53,0.437,71.43,2024,Philippine College
"Cruz, Jan",National University,10,51240.0,13,6,3.024,3.161,7,0,0.738,1.37,0.632,53.85,2025,Philippine College
"Lopez, Ryan",Ateneo de Manila University,10,48240.0,23,12,5.715,5.364,11,0,1.231,2.575,1.343,47.83,2023,Philippine College
"Fernandez, Laurence",University of the Philippines,12,56232.0,15,6,3.656,3.918,9,0,0.864,1.44,0.576,60.0,2024,Philippine College
"Cruz, Jan",Ateneo de Manila University,14,65856.0,7,1,1.22,1.213,6,0,0.492,0.574,0.082,85.71,2023,Philippine College
"Salingay, Sam",De La Salle University,13,60918.0,30,11,4.647,5.376,19,0,1.684,2.659,0.975,63.33,2023,Philippine College
"Encaya, Pius",De La Salle University,11,55506.0,21,9,2.992,3.312,12,0,1.167,2.043,0.876,57.14,2023,Philippine College
"Escodo, Bel",Adamson University,11,56958.0,19,7,3.487,4.103,12,0,1.138,1.801,0.664,63.16,2025,Philippine College
"Libarnes, Jaro",University of Santo Tomas,13,63336.0,24,11,3.962,4.473,13,0,1.108,2.046,0.938,54.17,2023,Philippine College
"Tabelin, Kirvy",University of the Philippines,12,56160.0,19,9,4.128,3.549,10,0,0.962,1.827,0.865,52.63,2025,Philippine College
"Santos, Luis",De La Salle University,15,71460.0,46,17,11.25,10.359,29,0,2.191,3.476,1.285,63.04,2025,Philippine College
"Encaya, Pius",University of Santo Tomas,11,48972.0,16,10,3.676,3.897,6,0,0.662,1.764,1.103,37.5,2024,Philippine College
"Encaya, Pius",National University,11,58344.0,13,7,1.403,1.651,6,0,0.555,1.203,0.648,46.15,2024,Philippine College
"Salingay, Sam",National University,15,73440.0,33,12,5.248,5.463,21,0,1.544,2.426,0.882,63.64,2025,Philippine College
"Santos, Luis",Lyceum,14,70140.0,34,8,8.961,9.036,26,0,2.002,2.618,0.616,76.47,2025,Philippine College
"Cruz, Jan",Ateneo de Manila University,14,69804.0,13,3,2.783,2.762,10,0,0.774,1.006,0.232,76.92,2023,Philippine College
"Tabelin, Kirvy",University of the Philippines,15,66780.0,29,14,6.425,6.928,15,0,1.213,2.345,1.132,51.72,2023,Philippine College
"Encaya, Pius",Mapúa University,13,65130.0,29,8,3.827,4.542,21,0,1.741,2.404,0.663,72.41,2023,Philippine College
"Bacnis, Hugo",Far Eastern University,12,64224.0,11,4,0.703,0.901,7,0,0.589,0.925,0.336,63.64,2024,Philippine College
"Libarnes, Jaro",University of the Philippines,13,56628.0,24,11,5.396,5.613,13,0,1.24,2.289,1.049,54.17,2023,Philippine College
"Lopez, Ryan",Adamson University,11,54912.0,14,6,3.256,3.221,8,0,0.787,1.377,0.59,57.14,2023,Philippine College
"Mapula, Paul",University of Santo Tomas,13,67782.0,29,13,6.901,7.527,16,0,1.275,2.31,1.036,55.17,2024,Philippine College
"Fernandez, Laurence",De La Salle University,15,70470.0,29,12,4.209,3.684,17,0,1.303,2.222,0.92,58.62,2024,Philippine College
"Tabelin, Kirvy",University of the Philippines,14,68460.0,6,1,1.454,1.678,5,0,0.394,0.473,0.079,83.33,2024,Philippine College
"Fernandez, Laurence",University of the Philippines,10,57000.0,11,4,3.335,3.017,7,0,0.663,1.042,0.379,63.64,2023,Philippine College
"Lopez, Ryan",National University,15,69840.0,22,13,4.513,3.47,9,0,0.696,1.701,1.005,40.91,2025,Philippine College
"Bacaycay, Kurt",National University,15,75600.0,38,16,6.729,7.728,22,0,1.571,2.714,1.143,57.89,2023,Philippine College
"Salingay, Sam",Adamson University,10,52200.0,21,3,1.997,1.703,18,0,1.862,2.172,0.31,85.71,2025,Philippine College
"Santos, Luis",Far Eastern University,13,61542.0,13,5,2.187,2.217,8,0,0.702,1.141,0.439,61.54,2024,Philippine College
"Omitade, Edvard",Far Eastern University,10,49380.0,11,4,3.073,2.561,7,0,0.765,1.203,0.437,63.64,2025,Philippine College
"Salingay, Sam",University of the Philippines,15,72990.0,30,12,10.762,11.206,18,0,1.332,2.219,0.888,60.0,2025,Philippine College
"Bacnis, Hugo",Mapúa University,10,47040.0,15,6,3.111,2.994,9,0,1.033,1.722,0.689,60.0,2025,Philippine College
"Salingay, Sam",University of the Philippines,11,61380.0,31,14,6.413,6.489,17,0,1.496,2.727,1.232,54.84,2023,Philippine College
"Santos, Luis",University of Santo Tomas,12,53136.0,13,5,4.531,4.291,8,0,0.813,1.321,0.508,61.54,2023,Philippine College
"Santos, Luis",National University,11,54054.0,24,9,4.873,5.725,15,0,1.499,2.398,0.899,62.5,2023,Philippine College
"Fernandez, Laurence",University of Santo Tomas,15,62190.0,25,7,5.07,4.901,18,0,1.563,2.171,0.608,72.0,2023,Philippine College
"Escodo, Bel",San Beda University,11,51150.0,14,3,3.415,3.052,11,0,1.161,1.478,0.317,78.57,2025,Philippine College
"Escodo, Bel",Adamson University,13,68484.0,9,7,0.864,1.48,2,0,0.158,0.71,0.552,22.22,2024,Philippine College
"Escodo, Bel",Lyceum,13,60762.0,19,4,4.487,4.399,15,1,1.333,1.689,0.355,78.95,2024,Philippine College
"Perez, Angelo",University of Santo Tomas,10,54360.0,11,8,0.388,0.883,3,0,0.298,1.093,0.795,27.27,2024,Philippine College
"Tabelin, Kirvy",University of Santo Tomas,10,44940.0,15,7,3.393,3.718,8,0,0.961,1.802,0.841,53.33,2023,Philippine College
"Encaya, Pius",San Beda University,11,53262.0,20,7,5.816,6.337,13,0,1.318,2.028,0.71,65.0,2023,Philippine College
"Barro, Harvy",University of Santo Tomas,11,57552.0,18,6,4.839,4.833,12,0,1.126,1.689,0.563,66.67,2025,Philippine College
"Tagara, Pedro",Lyceum,11,61182.0,12,6,0.85,0.886,6,0,0.53,1.059,0.53,50.0,2023,Philippine College
"Escodo, Bel",De La Salle University,12,58248.0,25,10,7.847,8.604,15,0,1.391,2.318,0.927,60.0,2023,Philippine College
"Mapula, Paul",Mapúa University,13,62712.0,27,14,8.456,9.19,13,0,1.119,2.325,1.206,48.15,2023,Philippine College
"Perez, Angelo",Lyceum,14,71400.0,31,10,10.849,11.06,21,0,1.588,2.345,0.756,67.74,2025,Philippine College
"Bacaycay, Kurt",Far Eastern University,13,70434.0,16,4,5.281,5.263,12,0,0.92,1.227,0.307,75.0,2024,Philippine College
"Fernandez, Laurence",San Beda University,13,60996.0,30,11,7.343,7.0,19,0,1.682,2.656,0.974,63.33,2024,Philippine College
"Escodo, Bel",National University,14,73332.0,21,7,4.478,4.763,14,0,1.031,1.546,0.515,66.67,2023,Philippine College
"Barro, Harvy",National University,14,77448.0,27,9,5.075,5.898,18,0,1.255,1.883,0.628,66.67,2025,Philippine College
"Lopez, Ryan",Ateneo de Manila University,14,72576.0,33,15,6.356,6.248,18,0,1.339,2.455,1.116,54.55,2025,Philippine College
"Cruz, Jan",De La Salle University,12,61560.0,28,8,5.59,6.231,20,0,1.754,2.456,0.702,71.43,2023,Philippine College
"Reyes, Mark",Far Eastern University,11,60258.0,16,5,3.406,3.587,11,0,0.986,1.434,0.448,68.75,2025,Philippine College
"Encaya, Pius",Far Eastern University,12,52056.0,24,8,6.99,7.306,16,0,1.66,2.49,0.83,66.67,2023,Philippine College
"Fernandez, Laurence",De La Salle University,13,64038.0,23,7,5.269,5.89,16,0,1.349,1.939,0.59,69.57,2023,Philippine College
"Omitade, Edvard",San Beda University,10,46080.0,16,8,3.016,3.216,8,0,0.938,1.875,0.938,50.0,2025,Philippine College
"Aningalan, Jul",University of the Philippines,12,63720.0,36,18,4.845,5.491,18,0,1.525,3.051,1.525,50.0,2025,Philippine College
"Encaya, Pius",University of the Philippines,13,63960.0,9,3,0.813,0.968,6,0,0.507,0.76,0.253,66.67,2023,Philippine College
"Acebedo, James",Mapúa University,10,47580.0,14,6,3.034,3.091,8,0,0.908,1.589,0.681,57.14,2024,Philippine College
"Acebedo, James",San Beda University,14,71904.0,42,22,14.511,14.661,20,0,1.502,3.154,1.652,47.62,2023,Philippine College
"Barro, Harvy",Mapúa University,14,70224.0,25,14,3.921,3.928,11,0,0.846,1.922,1.077,44.0,2025,Philippine College
"Libarnes, Jaro",Lyceum,11,54912.0,22,8,6.723,6.555,14,0,1.377,2.163,0.787,63.64,2025,Philippine College
"Barro, Harvy",Adamson University,14,68460.0,38,12,8.19,8.346,26,0,2.051,2.997,0.947,68.42,2025,Philippine College
"Digal, Diegocarl",De La Salle University,11,53064.0,15,3,2.048,2.46,12,0,1.221,1.526,0.305,80.0,2023,Philippine College
"Aningalan, Jul",University of Santo Tomas,14,62832.0,20,6,4.354,4.401,14,0,1.203,1.719,0.516,70.0,2025,Philippine College
"Tagara, Pedro",National University,10,49320.0,13,4,3.266,2.966,9,0,0.985,1.423,0.438,69.23,2024,Philippine College
"Perez, Angelo",San Beda University,10,40500.0,15,4,1.639,2.053,11,0,1.467,2.0,0.533,73.33,2025,Philippine College
"Tagara, Pedro",Adamson University,13,64584.0,31,10,6.018,6.553,21,0,1.756,2.592,0.836,67.74,2025,Philippine College
"Escodo, Bel",National University,13,62478.0,31,10,6.897,7.119,21,0,1.815,2.679,0.864,67.74,2024,Philippine College
"Tabelin, Kirvy",National University,10,52800.0,10,3,2.072,2.085,7,0,0.716,1.023,0.307,70.0,2025,Philippine College
"Lopez, Ryan",Mapúa University,15,75690.0,26,8,4.06,3.292,18,0,1.284,1.855,0.571,69.23,2025,Philippine College
"Libarnes, Jaro",Mapúa University,15,74160.0,17,4,6.612,6.55,13,0,0.947,1.238,0.291,76.47,2024,Philippine College
"Mapula, Paul",University of the Philippines,15,82080.0,25,10,5.929,5.472,15,0,0.987,1.645,0.658,60.0,2024,Philippine College
"Santos, Luis",Ateneo de Manila University,10,51420.0,30,12,5.543,5.207,18,0,1.89,3.151,1.26,60.0,2024,Philippine College
"Bacnis, Hugo",Adamson University,11,46332.0,16,2,3.105,3.409,14,0,1.632,1.865,0.233,87.5,2025,Philippine College
"Omitade, Edvard",Ateneo de Manila University,14,70056.0,33,17,4.21,4.289,16,0,1.233,2.544,1.31,48.48,2024,Philippine College
"Salingay, Sam",De La Salle University,13,66534.0,20,12,5.628,5.129,8,0,0.649,1.623,0.974,40.0,2024,Philippine College
"Lopez, Ryan",De La Salle University,15,76140.0,28,9,9.108,8.957,19,0,1.348,1.986,0.638,67.86,2023,Philippine College
"Escodo, Bel",University of Santo Tomas,15,66330.0,27,6,6.237,5.497,21,0,1.71,2.198,0.488,77.78,2023,Philippine College
"Libarnes, Jaro",Mapúa University,10,50580.0,12,8,1.745,1.466,4,0,0.427,1.281,0.854,33.33,2023,Philippine College
"Omitade, Edvard",De La Salle University,14,68292.0,14,3,3.847,3.864,11,0,0.87,1.107,0.237,78.57,2025,Philippine College
"Tagara, Pedro",Lyceum,10,52500.0,13,7,2.136,2.601,6,0,0.617,1.337,0.72,46.15,2023,Philippine College
"Lopez, Ryan",Ateneo de Manila University,10,52260.0,11,3,3.424,3.338,8,0,0.827,1.137,0.31,72.73,2023,Philippine College
"Perez, Angelo",Lyceum,11,51942.0,28,13,8.183,8.024,15,0,1.559,2.911,1.352,53.57,2023,Philippine College
"Omitade, Edvard",University of Santo Tomas,11,54846.0,13,2,1.635,1.409,11,0,1.083,1.28,0.197,84.62,2024,Philippine College
"Encaya, Pius",De La Salle University,15,72810.0,29,19,4.861,5.458,10,0,0.742,2.151,1.409,34.48,2024,Philippine College
"Mapula, Paul",University of Santo Tomas,12,58896.0,25,8,4.766,4.95,17,0,1.559,2.292,0.733,68.0,2023,Philippine College
"Libarnes, Jaro",Lyceum,15,62100.0,13,4,2.145,1.999,9,0,0.783,1.13,0.348,69.23,2025,Philippine College
"Aningalan, Jul",Ateneo de Manila University,12,57816.0,26,14,4.624,4.651,12,0,1.121,2.428,1.308,46.15,2024,Philippine College
"Barro, Harvy",University of Santo Tomas,14,74340.0,24,10,6.386,5.544,14,0,1.017,1.743,0.726,58.33,2025,Philippine College
"Tabelin, Kirvy",Adamson University,13,66378.0,13,4,3.791,3.617,9,0,0.732,1.058,0.325,69.23,2023,Philippine College
"Salingay, Sam",University of Santo Tomas,15,64800.0,16,8,4.626,4.728,8,0,0.667,1.333,0.667,50.0,2023,Philippine College
"Reyes, Mark",Far Eastern University,14,66444.0,24,11,6.163,6.398,13,0,1.057,1.951,0.894,54.17,2025,Philippine College
"Tagara, Pedro",University of the Philippines,13,68172.0,38,13,6.383,5.946,25,0,1.98,3.01,1.03,65.79,2023,Philippine College
"Barro, Harvy",Adamson University,13,64506.0,28,14,6.558,6.585,14,1,1.172,2.344,1.172,50.0,2024,Philippine College
"Tagara, Pedro",Mapúa University,15,79920.0,28,7,8.987,9.219,21,0,1.419,1.892,0.473,75.0,2025,Philippine College
"Fernandez, Laurence",De La Salle University,10,48180.0,18,6,5.431,5.473,12,0,1.345,2.017,0.672,66.67,2024,Philippine College
"Lopez, Ryan",Mapúa University,11,54054.0,28,6,7.854,7.939,22,0,2.198,2.797,0.599,78.57,2025,Philippine College
"Perez, Angelo",Ateneo de Manila University,12,57888.0,13,4,2.202,2.226,9,0,0.84,1.213,0.373,69.23,2024,Philippine College
"Aningalan, Jul",Ateneo de Manila University,13,59904.0,38,14,12.039,11.833,24,0,2.163,3.425,1.262,63.16,2024,Philippine College
"Bacaycay, Kurt",University of the Philippines,14,64512.0,25,10,5.871,5.903,15,0,1.256,2.093,0.837,60.0,2024,Philippine College
"Barro, Harvy",San Beda University,15,70200.0,18,5,4.512,5.309,13,0,1.0,1.385,0.385,72.22,2024,Philippine College
"Escodo, Bel",De La Salle University,13,58812.0,20,5,3.907,3.801,15,0,1.377,1.836,0.459,75.0,2024,Philippine College
"Tagara, Pedro",Adamson University,10,45420.0,8,0,1.797,1.471,8,0,0.951,0.951,0.0,100.0,2024,Philippine College
"Encaya, Pius",University of Santo Tomas,10,53160.0,17,4,3.875,3.528,13,0,1.321,1.727,0.406,76.47,2025,Philippine College
"Santos, Luis",University of Santo Tomas,15,77130.0,37,13,9.539,8.712,24,0,1.68,2.59,0.91,64.86,2024,Philippine College
"Lopez, Ryan",University of Santo Tomas,15,74970.0,17,8,4.829,3.742,9,0,0.648,1.224,0.576,52.94,2024,Philippine College
"Encaya, Pius",Mapúa University,15,65610.0,21,9,4.329,4.238,12,0,0.988,1.728,0.741,57.14,2024,Philippine College
"Mapula, Paul",Mapúa University,14,78960.0,21,4,6.715,6.914,17,0,1.163,1.436,0.274,80.95,2024,Philippine College
"Digal, Diegocarl",University of the Philippines,11,61182.0,14,5,3.377,3.434,9,0,0.794,1.236,0.441,64.29,2024,Philippine College
"Bacnis, Hugo",University of the Philippines,14,70644.0,23,9,4.881,4.696,14,0,1.07,1.758,0.688,60.87,2023,Philippine College
"Fernandez, Laurence",Far Eastern University,15,70830.0,28,15,5.678,5.949,13,0,0.991,2.135,1.144,46.43,2024,Philippine College
"Cruz, Jan",Lyceum,10,50880.0,18,7,5.965,5.455,11,0,1.167,1.91,0.743,61.11,2024,Philippine College
"Aningalan, Jul",De La Salle University,11,55308.0,5,2,-0.024,0.663,3,0,0.293,0.488,0.195,60.0,2025,Philippine College
"Digal, Diegocarl",University of Santo Tomas,12,59112.0,14,4,3.205,3.807,10,0,0.914,1.279,0.365,71.43,2023,Philippine College
"Aningalan, Jul",Adamson University,14,72408.0,27,8,5.582,4.97,19,0,1.417,2.014,0.597,70.37,2024,Philippine College
"Tagara, Pedro",National University,15,77580.0,32,10,5.113,4.94,22,0,1.531,2.227,0.696,68.75,2023,Philippine College
"Omitade, Edvard",National University,11,55638.0,16,4,4.82,4.738,12,0,1.165,1.553,0.388,75.0,2024,Philippine College
"Perez, Angelo",University of the Philippines,15,85410.0,37,11,9.879,10.027,26,0,1.644,2.339,0.695,70.27,2024,Philippine College
"Tabelin, Kirvy",Lyceum,11,52074.0,23,9,7.248,6.774,14,0,1.452,2.385,0.933,60.87,2024,Philippine College
"Escodo, Bel",Adamson University,11,50688.0,20,9,4.474,4.625,11,0,1.172,2.131,0.959,55.0,2025,Philippine College
"Lopez, Ryan",Far Eastern University,10,47760.0,6,2,2.223,2.23,4,0,0.452,0.678,0.226,66.67,2024,Philippine College
"Tagara, Pedro",Adamson University,15,70200.0,29,9,6.056,6.051,20,0,1.538,2.231,0.692,68.97,2024,Philippine College
"Tabelin, Kirvy",Mapúa University,11,53526.0,21,8,4.73,4.905,13,0,1.312,2.119,0.807,61.9,2024,Philippine College
"Omitade, Edvard",University of Santo Tomas,13,66144.0,26,12,6.144,5.175,14,0,1.143,2.123,0.98,53.85,2024,Philippine College
"Salingay, Sam",Far Eastern University,11,44220.0,23,12,4.251,3.872,11,0,1.343,2.809,1.465,47.83,2024,Philippine College
"Acebedo, James",Mapúa University,15,73710.0,25,8,3.562,4.015,17,0,1.245,1.832,0.586,68.0,2023,Philippine College
"Bacaycay, Kurt",Adamson University,13,61854.0,24,10,4.251,3.621,14,0,1.222,2.095,0.873,58.33,2024,Philippine College
"Fernandez, Laurence",Far Eastern University,15,65970.0,28,11,3.97,4.829,17,0,1.392,2.292,0.9,60.71,2023,Philippine College
"Mapula, Paul",Adamson University,15,73620.0,35,15,12.967,12.331,20,0,1.467,2.567,1.1,57.14,2023,Philippine College
"Omitade, Edvard",National University,15,75870.0,38,16,9.258,9.051,22,0,1.566,2.705,1.139,57.89,2024,Philippine College
"Reyes, Mark",Mapúa University,15,82710.0,34,16,5.541,5.41,18,0,1.175,2.22,1.045,52.94,2024,Philippine College
"Bacaycay, Kurt",Far Eastern University,14,70644.0,7,3,2.762,1.917,4,0,0.306,0.535,0.229,57.14,2023,Philippine College
"Cruz, Jan",University of the Philippines,15,68850.0,26,8,3.102,3.815,18,0,1.412,2.039,0.627,69.23,2024,Philippine College
"Tagara, Pedro",University of Santo Tomas,15,75780.0,28,12,4.38,4.341,16,0,1.14,1.995,0.855,57.14,2025,Philippine College
"Digal, Diegocarl",University of Santo Tomas,14,70140.0,23,11,4.647,5.65,12,0,0.924,1.771,0.847,52.17,2024,Philippine College
"Santos, Luis",Far Eastern University,12,62352.0,20,11,4.806,4.131,9,0,0.779,1.732,0.953,45.0,2024,Philippine College
"Bacnis, Hugo",San Beda University,13,59982.0,14,5,2.157,2.344,9,0,0.81,1.26,0.45,64.29,2024,Philippine College
"Tagara, Pedro",Ateneo de Manila University,14,79800.0,38,14,9.398,8.736,24,0,1.624,2.571,0.947,63.16,2023,Philippine College
"Cruz, Jan",University of Santo Tomas,11,52668.0,17,5,3.671,3.57,12,0,1.23,1.743,0.513,70.59,2023,Philippine College
"Digal, Diegocarl",Mapúa University,13,58422.0,27,9,3.895,4.397,18,0,1.664,2.496,0.832,66.67,2023,Philippine College
"Santos, Luis",University of the Philippines,13,59748.0,20,7,5.175,5.28,13,0,1.175,1.808,0.633,65.0,2025,Philippine College
"Perez, Angelo",Lyceum,10,51240.0,19,4,2.905,2.571,15,0,1.581,2.002,0.422,78.95,2025,Philippine College
"Barro, Harvy",National University,10,49500.0,15,7,3.712,4.103,8,0,0.873,1.636,0.764,53.33,2023,Philippine College
"Lopez, Ryan",National University,12,55656.0,17,2,2.663,3.053,15,0,1.455,1.649,0.194,88.24,2024,Philippine College
"Bacaycay, Kurt",De La Salle University,11,48840.0,9,5,2.144,2.104,4,0,0.442,0.995,0.553,44.44,2024,Philippine College
"Omitade, Edvard",Adamson University,13,61464.0,33,6,1.928,2.621,27,0,2.372,2.899,0.527,81.82,2023,Philippine College
"Cruz, Jan",National University,14,69384.0,17,9,4.062,4.856,8,0,0.623,1.323,0.7,47.06,2025,Philippine College
"Aningalan, Jul",Far Eastern University,13,61152.0,20,9,4.355,4.12,11,0,0.971,1.766,0.795,55.0,2024,Philippine College
"Encaya, Pius",San Beda University,11,57816.0,31,12,8.317,8.36,19,0,1.775,2.895,1.121,61.29,2025,Philippine College
"Escodo, Bel",Lyceum,12,55152.0,26,11,4.967,4.402,15,0,1.469,2.546,1.077,57.69,2024,Philippine College
"Mapula, Paul",Ateneo de Manila University,12,63216.0,41,17,2.627,3.174,24,0,2.05,3.502,1.452,58.54,2025,Philippine College
"Digal, Diegocarl",De La Salle University,12,64800.0,35,16,7.73,8.034,19,0,1.583,2.917,1.333,54.29,2023,Philippine College
"Libarnes, Jaro",University of Santo Tomas,10,49320.0,18,3,4.705,4.484,15,0,1.642,1.971,0.328,83.33,2023,Philippine College
"Tagara, Pedro",Ateneo de Manila University,15,70380.0,11,5,1.22,1.669,6,1,0.46,0.844,0.384,54.55,2025,Philippine College
"Acebedo, James",Lyceum,14,64008.0,31,12,6.464,6.645,19,0,1.603,2.615,1.012,61.29,2024,Philippine College
"Aningalan, Jul",Mapúa University,15,80550.0,18,7,2.401,2.669,11,0,0.737,1.207,0.469,61.11,2025,Philippine College
"Acebedo, James",San Beda University,11,54912.0,34,21,9.819,9.146,13,0,1.278,3.344,2.065,38.24,2023,Philippine College
"Barro, Harvy",Mapúa University,15,75600.0,20,7,5.519,5.539,13,1,0.929,1.429,0.5,65.0,2025,Philippine College
"Tagara, Pedro",Adamson University,12,48744.0,21,9,6.534,6.135,12,0,1.329,2.326,0.997,57.14,2024,Philippine College
"Salingay, Sam",San Beda University,12,62568.0,13,6,3.826,3.589,7,0,0.604,1.122,0.518,53.85,2023,Philippine College
"Barro, Harvy",National University,14,67368.0,24,7,4.362,4.885,17,0,1.363,1.924,0.561,70.83,2023,Philippine College
"Cruz, Jan",University of Santo Tomas,13,71682.0,37,20,10.229,11.723,17,0,1.281,2.787,1.507,45.95,2025,Philippine College
"Reyes, Mark",Ateneo de Manila University,10,48480.0,14,3,2.268,1.797,11,0,1.225,1.559,0.334,78.57,2023,Philippine College
"Reyes, Mark",Mapúa University,11,56298.0,29,8,7.779,8.277,21,0,2.014,2.782,0.767,72.41,2023,Philippine College
"Libarnes, Jaro",University of the Philippines,13,63648.0,22,9,4.19,4.213,13,0,1.103,1.867,0.764,59.09,2023,Philippine College
"Encaya, Pius",Far Eastern University,13,63726.0,25,11,9.913,9.981,14,0,1.186,2.118,0.932,56.0,2025,Philippine College
"Santos, Luis",Adamson University,15,76680.0,16,9,2.127,2.172,7,0,0.493,1.127,0.634,43.75,2023,Philippine College
"Santos, Luis",Ateneo de Manila University,15,77220.0,35,21,3.457,4.014,14,0,0.979,2.448,1.469,40.0,2024,Philippine College
"Bacaycay, Kurt",De La Salle University,13,62244.0,24,10,7.05,6.819,14,0,1.215,2.082,0.868,58.33,2024,Philippine College
"Tagara, Pedro",Mapúa University,13,65052.0,7,2,0.072,0.97,5,0,0.415,0.581,0.166,71.43,2025,Philippine College
"Perez, Angelo",Far Eastern University,10,52980.0,19,8,2.47,2.335,11,0,1.121,1.937,0.815,57.89,2024,Philippine College
"Salingay, Sam",Far Eastern University,13,61230.0,34,15,7.347,6.5,19,0,1.676,2.999,1.323,55.88,2024,Philippine College
"Santos, Luis",University of Santo Tomas,14,64596.0,17,6,3.112,4.216,11,0,0.92,1.421,0.502,64.71,2023,Philippine College
"Acebedo, James",Ateneo de Manila University,10,46080.0,15,7,2.711,2.772,8,0,0.938,1.758,0.82,53.33,2023,Philippine College
"Salingay, Sam",University of the Philippines,15,77400.0,25,10,4.199,4.414,15,0,1.047,1.744,0.698,60.0,2023,Philippine College
"Tabelin, Kirvy",University of the Philippines,13,52416.0,8,3,2.435,2.417,5,0,0.515,0.824,0.309,62.5,2023,Philippine College
"Mapula, Paul",Ateneo de Manila University,13,70746.0,30,8,5.55,5.295,22,0,1.679,2.29,0.611,73.33,2023,Philippine College
"Acebedo, James",Adamson University,13,52884.0,17,6,3.71,3.901,11,0,1.123,1.736,0.613,64.71,2024,Philippine College
"Lopez, Ryan",University of Santo Tomas,13,59748.0,32,14,4.458,4.025,18,0,1.627,2.892,1.265,56.25,2025,Philippine College
"Acebedo, James",Lyceum,14,63000.0,6,3,1.29,1.166,3,0,0.257,0.514,0.257,50.0,2025,Philippine College
"Fernandez, Laurence",University of Santo Tomas,13,67626.0,16,4,3.582,3.768,12,0,0.958,1.278,0.319,75.0,2025,Philippine College
"Cruz, Jan",San Beda University,11,58806.0,27,9,8.029,7.723,18,0,1.653,2.479,0.826,66.67,2023,Philippine College
"Digal, Diegocarl",Lyceum,15,59310.0,29,7,6.186,5.807,22,1,2.003,2.64,0.637,75.86,2023,Philippine College
"Barro, Harvy",University of the Philippines,15,80550.0,45,14,4.243,4.356,31,0,2.078,3.017,0.939,68.89,2025,Philippine College
"Encaya, Pius",National University,15,72450.0,25,8,6.093,6.489,17,0,1.267,1.863,0.596,68.0,2024,Philippine College
"Libarnes, Jaro",University of the Philippines,15,78390.0,26,6,4.046,3.992,20,0,1.378,1.791,0.413,76.92,2023,Philippine College
"Tagara, Pedro",Lyceum,15,69480.0,17,7,3.822,2.82,10,0,0.777,1.321,0.544,58.82,2024,Philippine College
"Barro, Harvy",Far Eastern University,13,68172.0,31,11,10.638,10.077,20,0,1.584,2.456,0.871,64.52,2024,Philippine College
"Bacaycay, Kurt",De La Salle University,13,62010.0,23,10,7.389,6.497,13,0,1.132,2.003,0.871,56.52,2024,Philippine College
"Santos, Luis",Ateneo de Manila University,13,61074.0,23,4,4.374,4.683,19,0,1.68,2.034,0.354,82.61,2025,Philippine College
"Omitade, Edvard",Adamson University,13,58890.0,17,5,3.595,4.089,12,0,1.1,1.559,0.458,70.59,2025,Philippine College
"Tabelin, Kirvy",Far Eastern University,12,57960.0,18,7,3.236,3.812,11,0,1.025,1.677,0.652,61.11,2024,Philippine College
"Reyes, Mark",Far Eastern University,14,71736.0,22,8,7.409,8.132,14,1,1.054,1.656,0.602,63.64,2023,Philippine College
"Bacaycay, Kurt",De La Salle University,13,68172.0,34,11,6.322,6.423,23,0,1.822,2.693,0.871,67.65,2023,Philippine College
"Barro, Harvy",National University,12,55008.0,20,5,2.201,2.278,15,0,1.473,1.963,0.491,75.0,2023,Philippine College
"Fernandez, Laurence",University of the Philippines,11,50556.0,16,5,1.162,1.267,11,0,1.175,1.709,0.534,68.75,2024,Philippine College
"Reyes, Mark",University of the Philippines,14,68460.0,30,14,10.078,9.095,16,0,1.262,2.366,1.104,53.33,2023,Philippine College
"Reyes, Mark",Mapúa University,13,65286.0,11,4,2.788,2.871,7,0,0.579,0.91,0.331,63.64,2025,Philippine College
"Encaya, Pius",Adamson University,13,61542.0,13,2,1.865,1.727,11,0,0.965,1.141,0.175,84.62,2024,Philippine College
"Aningalan, Jul",Adamson University,12,59832.0,23,10,5.251,5.589,13,0,1.173,2.076,0.903,56.52,2023,Philippine College
"Mapula, Paul",Far Eastern University,11,54846.0,11,3,0.924,1.088,8,0,0.788,1.083,0.295,72.73,2023,Philippine College
"Tagara, Pedro",Far Eastern University,15,72540.0,17,5,4.765,5.286,12,0,0.893,1.266,0.372,70.59,2024,Philippine College
"Barro, Harvy",San Beda University,12,63648.0,13,7,1.502,1.454,6,0,0.509,1.103,0.594,46.15,2023,Philippine College
"Santos, Luis",Far Eastern University,12,58896.0,24,8,7.109,7.762,16,0,1.467,2.2,0.733,66.67,2025,Philippine College
"Fernandez, Laurence",National University,12,65160.0,22,4,6.469,6.483,18,0,1.492,1.823,0.331,81.82,2025,Philippine College
"Omitade, Edvard",University of Santo Tomas,14,67620.0,18,7,2.454,2.933,11,0,0.878,1.437,0.559,61.11,2023,Philippine College
"Barro, Harvy",Adamson University,11,48642.0,24,4,5.982,5.796,20,0,2.22,2.664,0.444,83.33,2023,Philippine College
"Aningalan, Jul",University of Santo Tomas,10,48360.0,17,9,2.324,2.084,8,0,0.893,1.898,1.005,47.06,2024,Philippine College
"Fernandez, Laurence",National University,10,52920.0,25,7,3.72,3.658,18,0,1.837,2.551,0.714,72.0,2025,Philippine College
"Acebedo, James",Mapúa University,12,50472.0,20,6,4.997,4.834,14,0,1.498,2.14,0.642,70.0,2023,Philippine College
"Perez, Angelo",Far Eastern University,14,70896.0,32,10,10.02,9.636,22,0,1.676,2.437,0.762,68.75,2023,Philippine College
"Encaya, Pius",University of Santo Tomas,13,63414.0,16,6,5.603,5.778,10,0,0.852,1.362,0.511,62.5,2025,Philippine College
"Barro, Harvy",Far Eastern University,14,69636.0,27,9,8.887,8.958,18,0,1.396,2.094,0.698,66.67,2023,Philippine College
"Cruz, Jan",De La Salle University,10,44100.0,20,8,2.684,2.732,12,0,1.469,2.449,0.98,60.0,2025,Philippine College
"Encaya, Pius",Lyceum,13,67938.0,26,11,6.05,5.72,15,1,1.192,2.067,0.874,57.69,2025,Philippine College
"Digal, Diegocarl",Far Eastern University,15,78570.0,16,7,3.516,3.151,9,0,0.619,1.1,0.481,56.25,2025,Philippine College
"Salingay, Sam",University of Santo Tomas,14,74256.0,37,12,10.017,10.997,25,0,1.818,2.691,0.873,67.57,2025,Philippine College
"Encaya, Pius",University of the Philippines,14,72744.0,17,7,3.754,3.78,10,0,0.742,1.262,0.52,58.82,2023,Philippine College
"Lopez, Ryan",Adamson University,15,74520.0,23,5,4.752,4.345,18,0,1.304,1.667,0.362,78.26,2024,Philippine College
"Perez, Angelo",Lyceum,11,59268.0,29,9,6.234,5.98,20,0,1.822,2.642,0.82,68.97,2024,Philippine College
"Santos, Luis",Adamson University,15,65520.0,37,10,5.371,5.559,27,0,2.225,3.049,0.824,72.97,2024,Philippine College
"Bacaycay, Kurt",San Beda University,13,65208.0,16,4,3.349,3.594,12,0,0.994,1.325,0.331,75.0,2023,Philippine College
"Digal, Diegocarl",San Beda University,12,58536.0,16,5,3.276,3.711,11,0,1.015,1.476,0.461,68.75,2024,Philippine College
"Omitade, Edvard",San Beda University,14,69636.0,38,15,9.549,8.276,23,0,1.784,2.947,1.163,60.53,2025,Philippine College
"Tabelin, Kirvy",University of the Philippines,10,50760.0,19,8,4.593,4.662,11,0,1.17,2.021,0.851,57.89,2025,Philippine College
"Salingay, Sam",Adamson University,12,68400.0,24,6,2.424,1.95,18,0,1.421,1.895,0.474,75.0,2025,Philippine College
"Digal, Diegocarl",De La Salle University,12,55656.0,20,6,3.053,2.888,14,0,1.358,1.94,0.582,70.0,2024,Philippine College
"Lopez, Ryan",Ateneo de Manila University,14,61908.0,25,8,9.164,8.259,17,0,1.483,2.181,0.698,68.0,2023,Philippine College
"Bacnis, Hugo",Mapúa University,13,65754.0,24,9,9.236,8.222,15,0,1.232,1.971,0.739,62.5,2023,Philippine College
"Lopez, Ryan",San Beda University,14,73164.0,35,15,5.848,7.34,20,0,1.476,2.583,1.107,57.14,2025,Philippine College
"Reyes, Mark",Adamson University,12,57168.0,22,10,4.241,4.242,12,0,1.134,2.078,0.945,54.55,2024,Philippine College
"Bacaycay, Kurt",University of Santo Tomas,14,78540.0,32,11,5.674,5.339,21,0,1.444,2.2,0.756,65.62,2025,Philippine College
"Barro, Harvy",Ateneo de Manila University,10,48720.0,26,15,2.734,3.199,11,0,1.219,2.882,1.663,42.31,2023,Philippine College
"Aningalan, Jul",San Beda University,14,70896.0,18,9,2.78,2.509,9,0,0.686,1.371,0.686,50.0,2025,Philippine College
"Barro, Harvy",Adamson University,14,71904.0,29,9,8.338,7.988,20,0,1.502,2.178,0.676,68.97,2025,Philippine College
"Reyes, Mark",San Beda University,15,75960.0,17,6,3.907,4.127,11,0,0.782,1.209,0.427,64.71,2024,Philippine College
"Santos, Luis",De La Salle University,10,52440.0,24,12,6.912,6.996,12,0,1.236,2.471,1.236,50.0,2024,Philippine College
"Perez, Angelo",University of Santo Tomas,11,52404.0,21,9,6.4,6.247,12,1,1.237,2.164,0.927,57.14,2023,Philippine College
"Lopez, Ryan",De La Salle University,11,52800.0,29,10,6.817,7.07,19,0,1.943,2.966,1.023,65.52,2024,Philippine College
"Barro, Harvy",Adamson University,15,75600.0,19,9,3.957,3.886,10,0,0.714,1.357,0.643,52.63,2024,Philippine College
"Escodo, Bel",De La Salle University,15,62100.0,29,15,7.642,7.486,14,0,1.217,2.522,1.304,48.28,2024,Philippine College
"Reyes, Mark",Mapúa University,13,58578.0,19,8,4.863,4.453,11,0,1.014,1.752,0.737,57.89,2025,Philippine College
"Escodo, Bel",San Beda University,12,58032.0,19,7,3.183,2.733,12,0,1.117,1.768,0.651,63.16,2023,Philippine College
"Salingay, Sam",National University,12,58248.0,23,9,4.505,4.412,14,0,1.298,2.132,0.834,60.87,2023,Philippine College
"Mapula, Paul",National University,12,58536.0,33,10,4.391,4.579,23,0,2.122,3.044,0.923,69.7,2024,Philippine College
"Cruz, Jan",Ateneo de Manila University,14,70476.0,15,6,1.648,2.058,9,0,0.69,1.149,0.46,60.0,2023,Philippine College
"Mapula, Paul",University of the Philippines,10,47940.0,15,6,2.855,2.413,9,0,1.014,1.69,0.676,60.0,2025,Philippine College
"Aningalan, Jul",Adamson University,10,53700.0,25,13,7.926,7.61,12,0,1.207,2.514,1.307,48.0,2024,Philippine College
"Reyes, Mark",Ateneo de Manila University,15,70920.0,27,12,6.291,6.272,15,0,1.142,2.056,0.914,55.56,2025,Philippine College
"Bacnis, Hugo",National University,14,73332.0,7,1,2.492,1.692,6,0,0.442,0.515,0.074,85.71,2025,Philippine College
"Bacnis, Hugo",University of Santo Tomas,13,64194.0,26,6,6.109,5.245,20,0,1.682,2.187,0.505,76.92,2025,Philippine College
"Mapula, Paul",Far Eastern University,10,55140.0,19,8,3.975,5.236,11,0,1.077,1.861,0.783,57.89,2025,Philippine College
"Libarnes, Jaro",Adamson University,14,71400.0,29,7,9.359,9.183,22,0,1.664,2.193,0.529,75.86,2025,Philippine College
"Bacnis, Hugo",University of the Philippines,12,58248.0,28,11,5.096,4.775,17,0,1.576,2.596,1.02,60.71,2024,Philippine College
"Fernandez, Laurence",Ateneo de Manila University,13,58890.0,14,3,4.162,4.252,11,0,1.009,1.284,0.275,78.57,2025,Philippine College
"Salingay, Sam",De La Salle University,15,73890.0,37,11,3.268,3.362,26,0,1.9,2.704,0.804,70.27,2024,Philippine College
"Perez, Angelo",Ateneo de Manila University,12,56952.0,20,5,2.585,2.9,15,0,1.422,1.896,0.474,75.0,2024,Philippine College
"Escodo, Bel",University of the Philippines,15,71640.0,21,10,6.0,5.221,11,0,0.829,1.583,0.754,52.38,2025,Philippine College
"Acebedo, James",De La Salle University,11,62700.0,35,19,10.862,11.051,16,0,1.378,3.014,1.636,45.71,2024,Philippine College
"Barro, Harvy",Mapúa University,12,54576.0,16,5,3.928,4.299,11,0,1.088,1.583,0.495,68.75,2024,Philippine College
"Cruz, Jan",University of the Philippines,15,67230.0,28,12,6.727,6.458,16,0,1.285,2.249,0.964,57.14,2024,Philippine College
"Omitade, Edvard",De La Salle University,14,66528.0,24,6,4.646,5.324,18,0,1.461,1.948,0.487,75.0,2024,Philippine College
"Acebedo, James",University of Santo Tomas,15,68850.0,45,17,12.815,13.09,28,0,2.196,3.529,1.333,62.22,2024,Philippine College
"Cruz, Jan",Adamson University,12,58248.0,25,9,4.491,4.221,16,0,1.483,2.318,0.834,64.0,2025,Philippine College
"Acebedo, James",De La Salle University,15,72720.0,28,8,5.475,5.193,20,0,1.485,2.079,0.594,71.43,2024,Philippine College
"Tabelin, Kirvy",Far Eastern University,13,66222.0,40,14,7.809,7.548,26,0,2.12,3.262,1.142,65.0,2024,Philippine College
"Encaya, Pius",De La Salle University,13,63258.0,29,10,7.422,7.447,19,0,1.622,2.476,0.854,65.52,2024,Philippine College
"Bacaycay, Kurt",University of Santo Tomas,10,52920.0,30,9,4.403,4.613,21,0,2.143,3.061,0.918,70.0,2024,Philippine College
"Perez, Angelo",Adamson University,15,70740.0,35,7,7.133,7.099,28,0,2.137,2.672,0.534,80.0,2024,Philippine College
"Libarnes, Jaro",Lyceum,10,45420.0,11,2,3.591,3.429,9,0,1.07,1.308,0.238,81.82,2024,Philippine College
"Mapula, Paul",Ateneo de Manila University,11,50424.0,17,6,4.068,3.835,11,0,1.178,1.821,0.643,64.71,2024,Philippine College
"Bacnis, Hugo",Adamson University,11,55176.0,25,12,6.831,5.99,13,0,1.272,2.447,1.174,52.0,2024,Philippine College
"Salingay, Sam",De La Salle University,15,72360.0,21,10,4.632,4.307,11,0,0.821,1.567,0.746,52.38,2025,Philippine College
"Perez, Angelo",Mapúa University,13,58734.0,12,6,1.143,2.151,6,0,0.552,1.103,0.552,50.0,2024,Philippine College
"Bacaycay, Kurt",University of the Philippines,14,79212.0,23,7,5.378,5.206,16,0,1.091,1.568,0.477,69.57,2024,Philippine College
"Lopez, Ryan",De La Salle University,13,63102.0,29,11,5.973,5.541,18,0,1.54,2.482,0.941,62.07,2023,Philippine College
"Acebedo, James",De La Salle University,13,64038.0,11,2,2.846,3.383,9,0,0.759,0.928,0.169,81.82,2023,Philippine College
"Tagara, Pedro",Ateneo de Manila University,15,82080.0,45,9,4.772,4.592,36,0,2.368,2.961,0.592,80.0,2025,Philippine College
"Reyes, Mark",National University,15,70110.0,24,9,5.123,5.946,15,0,1.155,1.849,0.693,62.5,2025,Philippine College
"Tagara, Pedro",Lyceum,11,45144.0,23,9,5.775,5.621,14,0,1.675,2.751,1.077,60.87,2024,Philippine College
"Barro, Harvy",De La Salle University,10,44760.0,10,5,2.516,3.215,5,0,0.603,1.206,0.603,50.0,2023,Philippine College
"Tagara, Pedro",University of Santo Tomas,11,58146.0,10,2,1.695,1.802,8,0,0.743,0.929,0.186,80.0,2024,Philippine College
"Escodo, Bel",University of the Philippines,13,66144.0,8,4,0.942,1.086,4,0,0.327,0.653,0.327,50.0,2025,Philippine College
"Santos, Luis",National University,15,61290.0,20,6,5.17,4.922,14,0,1.233,1.762,0.529,70.0,2024,Philippine College
"Fernandez, Laurence",Ateneo de Manila University,13,64506.0,22,9,2.95,2.453,13,0,1.088,1.842,0.753,59.09,2023,Philippine College
"Omitade, Edvard",San Beda University,11,47850.0,14,3,3.9,4.089,11,0,1.241,1.58,0.339,78.57,2024,Philippine College
"Digal, Diegocarl",De La Salle University,14,61572.0,30,10,6.73,6.135,20,0,1.754,2.631,0.877,66.67,2024,Philippine College
"Aningalan, Jul",University of the Philippines,13,66612.0,31,11,6.527,6.647,20,0,1.621,2.513,0.892,64.52,2023,Philippine College
"Salingay, Sam",Mapúa University,13,58734.0,20,7,4.913,5.562,13,0,1.195,1.839,0.644,65.0,2025,Philippine College
"Perez, Angelo",University of the Philippines,15,70200.0,35,13,9.846,9.147,22,0,1.692,2.692,1.0,62.86,2025,Philippine College
"Fernandez, Laurence",University of Santo Tomas,15,75330.0,22,12,4.082,4.084,10,0,0.717,1.577,0.86,45.45,2025,Philippine College
"Acebedo, James",Ateneo de Manila University,15,69930.0,34,12,6.716,5.729,22,0,1.699,2.625,0.927,64.71,2025,Philippine College
"Mapula, Paul",University of the Philippines,13,59592.0,6,2,1.049,1.282,4,0,0.362,0.544,0.181,66.67,2025,Philippine College
"Fernandez, Laurence",Lyceum,10,54960.0,33,15,7.7,7.487,18,0,1.769,3.242,1.474,54.55,2023,Philippine College
"Escodo, Bel",University of Santo Tomas,10,56640.0,19,6,3.818,4.009,13,0,1.239,1.811,0.572,68.42,2025,Philippine College
"Bacaycay, Kurt",University of the Philippines,15,73620.0,15,5,1.982,1.844,10,0,0.733,1.1,0.367,66.67,2023,Philippine College
"Bacnis, Hugo",Far Eastern University,12,51840.0,26,9,7.631,7.304,17,0,1.771,2.708,0.938,65.38,2023,Philippine College
"Cruz, Jan",San Beda University,14,71316.0,22,8,5.531,4.762,14,0,1.06,1.666,0.606,63.64,2025,Philippine College
"Omitade, Edvard",National University,15,78390.0,26,14,8.553,8.553,12,0,0.827,1.791,0.964,46.15,2024,Philippine College
"Cruz, Jan",Adamson University,13,71058.0,26,10,5.123,5.481,16,0,1.216,1.976,0.76,61.54,2024,Philippine College
"Aningalan, Jul",University of the Philippines,10,47940.0,20,6,3.895,3.881,14,0,1.577,2.253,0.676,70.0,2023,Philippine College
"Bacaycay, Kurt",Adamson University,13,60294.0,18,9,5.008,4.53,9,0,0.806,1.612,0.806,50.0,2025,Philippine College
"Escodo, Bel",Lyceum,15,78390.0,25,8,5.726,6.437,17,0,1.171,1.722,0.551,68.0,2025,Philippine College
"Reyes, Mark",San Beda University,11,52404.0,11,5,1.246,1.371,6,0,0.618,1.134,0.515,54.55,2023,Philippine College
"Lopez, Ryan",Ateneo de Manila University,10,45120.0,24,10,7.951,7.907,14,0,1.676,2.872,1.197,58.33,2025,Philippine College
"Digal, Diegocarl",Adamson University,13,62244.0,27,12,5.414,5.554,15,0,1.301,2.342,1.041,55.56,2023,Philippine College
"Acebedo, James",Mapúa University,14,63168.0,23,4,5.02,4.601,19,0,1.624,1.966,0.342,82.61,2025,Philippine College
"Escodo, Bel",Far Eastern University,15,67230.0,31,8,6.488,6.394,23,0,1.847,2.49,0.643,74.19,2025,Philippine College
"Tagara, Pedro",Mapúa University,14,74508.0,35,12,6.876,7.258,23,0,1.667,2.537,0.87,65.71,2024,Philippine College
"Encaya, Pius",University of Santo Tomas,10,50820.0,22,8,6.413,5.937,14,0,1.488,2.338,0.85,63.64,2024,Philippine College
"Libarnes, Jaro",Adamson University,14,69384.0,23,10,4.616,4.199,13,0,1.012,1.79,0.778,56.52,2024,Philippine College
"Fernandez, Laurence",Far Eastern University,12,67968.0,44,21,13.434,13.723,23,0,1.827,3.496,1.668,52.27,2024,Philippine College
"Bacnis, Hugo",Adamson University,11,48774.0,13,4,1.017,1.283,9,0,0.996,1.439,0.443,69.23,2024,Philippine College
"Reyes, Mark",Ateneo de Manila University,10,48180.0,19,6,4.641,4.766,13,0,1.457,2.13,0.672,68.42,2023,Philippine College
"Omitade, Edvard",De La Salle University,15,74070.0,8,5,1.432,1.242,3,0,0.219,0.583,0.365,37.5,2025,Philippine College
"Santos, Luis",University of Santo Tomas,15,75960.0,33,8,4.537,3.696,25,0,1.777,2.346,0.569,75.76,2024,Philippine College
"Encaya, Pius",De La Salle University,11,49830.0,20,3,3.431,3.354,17,0,1.842,2.167,0.325,85.0,2024,Philippine College
"Encaya, Pius",San Beda University,12,58392.0,27,9,4.05,4.433,18,0,1.665,2.497,0.832,66.67,2023,Philippine College
"Bacaycay, Kurt",Lyceum,13,65910.0,13,1,3.521,2.743,12,0,0.983,1.065,0.082,92.31,2023,Philippine College
"Fernandez, Laurence",San Beda University,10,44580.0,19,3,4.733,4.586,16,0,1.938,2.301,0.363,84.21,2024,Philippine College
"Omitade, Edvard",National University,15,66870.0,29,6,5.766,5.682,23,0,1.857,2.342,0.485,79.31,2023,Philippine College
"Digal, Diegocarl",San Beda University,15,77490.0,32,13,5.626,6.489,19,0,1.324,2.23,0.906,59.38,2024,Philippine College
"Tagara, Pedro",Ateneo de Manila University,14,65772.0,26,5,7.421,7.635,21,0,1.724,2.135,0.411,80.77,2025,Philippine College
"Mapula, Paul",University of Santo Tomas,10,47340.0,17,6,4.802,4.614,11,0,1.255,1.939,0.684,64.71,2025,Philippine College
"Perez, Angelo",University of the Philippines,12,66960.0,27,9,6.753,6.873,18,0,1.452,2.177,0.726,66.67,2024,Philippine College
"Reyes, Mark",National University,12,53136.0,5,3,1.667,1.448,2,0,0.203,0.508,0.305,40.0,2024,Philippine College
"Tabelin, Kirvy",Far Eastern University,15,73350.0,22,6,6.803,6.541,16,0,1.178,1.62,0.442,72.73,2024,Philippine College
"Bacnis, Hugo",University of the Philippines,15,69660.0,37,12,4.013,4.45,25,0,1.938,2.868,0.93,67.57,2025,Philippine College
"Escodo, Bel",Ateneo de Manila University,14,72828.0,35,14,13.445,12.232,21,0,1.557,2.595,1.038,60.0,2023,Philippine College
"Digal, Diegocarl",San Beda University,10,49740.0,15,6,1.132,1.167,9,0,0.977,1.628,0.651,60.0,2024,Philippine College
"Libarnes, Jaro",University of Santo Tomas,15,68940.0,14,5,4.866,5.338,9,0,0.705,1.097,0.392,64.29,2024,Philippine College
"Cruz, Jan",San Beda University,15,85320.0,26,7,5.824,6.317,19,0,1.203,1.646,0.443,73.08,2024,Philippine College
"Santos, Luis",National University,13,69576.0,27,13,2.182,2.23,14,0,1.087,2.096,1.009,51.85,2023,Philippine College
"Tagara, Pedro",University of the Philippines,11,55968.0,22,9,5.502,5.257,13,0,1.254,2.123,0.868,59.09,2024,Philippine College
"Reyes, Mark",Mapúa University,14,65268.0,8,3,2.485,2.816,5,0,0.414,0.662,0.248,62.5,2023,Philippine College
"Bacnis, Hugo",Mapúa University,11,60852.0,29,12,8.743,8.366,17,0,1.509,2.573,1.065,58.62,2023,Philippine College
"Tabelin, Kirvy",Ateneo de Manila University,14,71736.0,22,9,1.775,2.48,13,0,0.979,1.656,0.677,59.09,2025,Philippine College
"Perez, Angelo",San Beda University,11,62700.0,24,7,4.601,3.983,17,0,1.464,2.067,0.603,70.83,2025,Philippine College
"Tabelin, Kirvy",Mapúa University,14,67452.0,16,9,3.265,3.511,7,0,0.56,1.281,0.721,43.75,2023,Philippine College
"Omitade, Edvard",De La Salle University,13,65754.0,25,12,7.741,7.411,13,1,1.068,2.053,0.985,52.0,2024,Philippine College
"Encaya, Pius",De La Salle University,13,63882.0,12,6,1.377,1.533,6,0,0.507,1.014,0.507,50.0,2025,Philippine College
"Bacnis, Hugo",University of the Philippines,15,72450.0,34,15,6.58,6.399,19,0,1.416,2.534,1.118,55.88,2023,Philippine College
"Encaya, Pius",De La Salle University,10,53580.0,23,8,4.605,4.674,15,0,1.512,2.318,0.806,65.22,2023,Philippine College
"Tabelin, Kirvy",National University,13,69576.0,18,5,4.571,4.421,13,0,1.009,1.397,0.388,72.22,2025,Philippine College
"Tagara, Pedro",De La Salle University,10,46260.0,16,1,2.502,2.097,15,0,1.751,1.868,0.117,93.75,2025,Philippine College
"Digal, Diegocarl",National University,12,51984.0,26,10,6.625,6.464,16,0,1.662,2.701,1.039,61.54,2025,Philippine College
"Cruz, Jan",National University,14,71316.0,32,14,7.137,7.867,18,0,1.363,2.423,1.06,56.25,2024,Philippine College
"Bacnis, Hugo",Ateneo de Manila University,10,48180.0,20,6,4.522,3.881,14,0,1.569,2.242,0.672,70.0,2024,Philippine College
"Omitade, Edvard",National University,14,77364.0,23,14,4.662,5.114,9,0,0.628,1.605,0.977,39.13,2024,Philippine College
"Perez, Angelo",De La Salle University,13,63024.0,27,7,5.544,5.894,20,0,1.714,2.313,0.6,74.07,2023,Philippine College
"Tagara, Pedro",University of Santo Tomas,13,65052.0,21,11,5.953,5.803,10,0,0.83,1.743,0.913,47.62,2024,Philippine College
"Aningalan, Jul",Ateneo de Manila University,14,68964.0,22,7,5.572,4.893,15,0,1.175,1.723,0.548,68.18,2023,Philippine College
"Reyes, Mark",Lyceum,12,50040.0,16,5,2.351,2.387,11,0,1.187,1.727,0.54,68.75,2023,Philippine College
"Cruz, Jan",Mapúa University,14,74340.0,26,5,3.333,3.471,21,0,1.525,1.889,0.363,80.77,2024,Philippine College
"Perez, Angelo",Ateneo de Manila University,10,55080.0,27,4,2.978,2.245,23,0,2.255,2.647,0.392,85.19,2024,Philippine College
"Bacaycay, Kurt",Adamson University,11,50622.0,17,9,2.018,2.338,8,0,0.853,1.813,0.96,47.06,2023,Philippine College
"Santos, Luis",National University,10,46680.0,18,10,5.651,5.67,8,0,0.925,2.082,1.157,44.44,2025,Philippine College
"Mapula, Paul",University of the Philippines,14,62496.0,30,9,8.287,7.39,21,0,1.815,2.592,0.778,70.0,2023,Philippine College
"Perez, Angelo",Far Eastern University,14,69888.0,25,16,5.035,5.73,9,0,0.695,1.932,1.236,36.0,2024,Philippine College
"Lopez, Ryan",University of the Philippines,13,56628.0,5,2,1.971,2.031,3,0,0.286,0.477,0.191,60.0,2023,Philippine College
"Salingay, Sam",Lyceum,13,59358.0,28,7,6.172,5.881,21,0,1.91,2.547,0.637,75.0,2023,Philippine College
"Salingay, Sam",Adamson University,10,51660.0,13,7,1.548,1.691,6,0,0.627,1.359,0.732,46.15,2024,Philippine College
"Salingay, Sam",Ateneo de Manila University,12,58896.0,14,9,2.689,3.007,5,0,0.458,1.284,0.825,35.71,2024,Philippine College
"Perez, Angelo",De La Salle University,11,49368.0,19,9,4.56,4.776,10,0,1.094,2.078,0.984,52.63,2025,Philippine College
"Tagara, Pedro",Lyceum,14,69552.0,31,5,2.502,2.577,26,0,2.019,2.407,0.388,83.87,2024,Philippine College
"Santos, Luis",De La Salle University,12,61920.0,6,2,1.5,1.544,4,0,0.349,0.523,0.174,66.67,2023,Philippine College
"Aningalan, Jul",San Beda University,10,46260.0,21,8,8.104,7.94,13,0,1.518,2.451,0.934,61.9,2025,Philippine College
"Santos, Luis",Mapúa University,13,64116.0,28,13,5.113,5.194,15,0,1.263,2.358,1.095,53.57,2024,Philippine College
"Bacnis, Hugo",Lyceum,10,47400.0,9,4,2.674,2.956,5,0,0.57,1.025,0.456,55.56,2023,Philippine College
"Salingay, Sam",University of the Philippines,12,57816.0,9,1,2.833,2.755,8,1,0.747,0.841,0.093,88.89,2024,Philippine College
"Encaya, Pius",University of the Philippines,11,56100.0,21,9,3.908,3.674,12,0,1.155,2.021,0.866,57.14,2023,Philippine College
"Reyes, Mark",Adamson University,10,53460.0,11,5,2.532,2.779,6,0,0.606,1.111,0.505,54.55,2023,Philippine College
"Bacaycay, Kurt",Mapúa University,15,79470.0,25,9,4.313,4.872,16,0,1.087,1.699,0.612,64.0,2023,Philippine College
"Libarnes, Jaro",National University,11,47058.0,16,9,3.507,3.008,7,0,0.803,1.836,1.033,43.75,2023,Philippine College
"Acebedo, James",Far Eastern University,10,47280.0,20,8,6.078,5.973,12,0,1.371,2.284,0.914,60.0,2023,Philippine College
"Bacaycay, Kurt",De La Salle University,13,74100.0,28,8,5.311,5.033,20,0,1.457,2.04,0.583,71.43,2025,Philippine College
"Bacaycay, Kurt",Adamson University,13,61932.0,19,6,2.143,2.316,13,0,1.134,1.657,0.523,68.42,2024,Philippine College
"Cruz, Jan",National University,14,72996.0,26,10,6.211,7.077,16,0,1.184,1.923,0.74,61.54,2024,Philippine College
"Cruz, Jan",Far Eastern University,11,57948.0,18,9,3.65,3.58,9,0,0.839,1.677,0.839,50.0,2024,Philippine College
"Salingay, Sam",University of the Philippines,13,60606.0,34,10,4.72,5.247,24,0,2.138,3.029,0.891,70.59,2024,Philippine College
"Lopez, Ryan",De La Salle University,11,48312.0,15,7,3.086,2.945,8,0,0.894,1.677,0.782,53.33,2025,Philippine College
"Escodo, Bel",National University,13,61698.0,17,3,4.052,4.315,14,0,1.225,1.488,0.263,82.35,2025,Philippine College
"Omitade, Edvard",University of the Philippines,13,62322.0,14,2,3.499,3.23,12,0,1.04,1.213,0.173,85.71,2025,Philippine College
"Aningalan, Jul",University of Santo Tomas,10,45240.0,26,10,7.97,7.857,16,0,1.91,3.103,1.194,61.54,2025,Philippine College
"Mapula, Paul",Adamson University,13,66066.0,33,7,3.4,3.283,26,0,2.125,2.697,0.572,78.79,2023,Philippine College
"Reyes, Mark",De La Salle University,11,60984.0,22,6,6.211,5.911,16,0,1.417,1.948,0.531,72.73,2025,Philippine College
"Reyes, Mark",Ateneo de Manila University,11,50292.0,18,4,3.624,3.706,14,0,1.503,1.933,0.429,77.78,2025,Philippine College
"Encaya, Pius",Lyceum,11,58080.0,19,12,5.318,4.758,7,0,0.651,1.767,1.116,36.84,2024,Philippine College
"Acebedo, James",University of the Philippines,12,60912.0,30,9,6.368,6.217,21,0,1.862,2.66,0.798,70.0,2023,Philippine College
"Reyes, Mark",San Beda University,14,79800.0,42,19,10.224,11.096,23,0,1.556,2.842,1.286,54.76,2024,Philippine College
"Bacaycay, Kurt",Far Eastern University,12,63648.0,11,3,2.224,1.86,8,0,0.679,0.933,0.255,72.73,2025,Philippine College
"Tagara, Pedro",National University,10,49320.0,14,4,1.69,1.898,10,0,1.095,1.533,0.438,71.43,2023,Philippine College
"Reyes, Mark",San Beda University,15,70290.0,25,12,5.384,5.133,13,0,0.999,1.921,0.922,52.0,2025,Philippine College
"Mapula, Paul",Far Eastern University,15,67410.0,29,9,3.709,4.768,20,0,1.602,2.323,0.721,68.97,2023,Philippine College
"Libarnes, Jaro",University of the Philippines,10,51960.0,21,9,4.998,5.433,12,0,1.247,2.182,0.935,57.14,2024,Philippine College
"Tagara, Pedro",San Beda University,15,79560.0,22,10,3.118,3.841,12,0,0.814,1.493,0.679,54.55,2023,Philippine College
"Salingay, Sam",University of the Philippines,14,65184.0,11,4,1.673,2.162,7,0,0.58,0.911,0.331,63.64,2025,Philippine College
"Salingay, Sam",University of Santo Tomas,10,51420.0,19,12,3.746,3.795,7,0,0.735,1.995,1.26,36.84,2023,Philippine College
"Escodo, Bel",Mapúa University,14,75348.0,18,10,4.418,4.153,8,0,0.573,1.29,0.717,44.44,2023,Philippine College
"Barro, Harvy",Far Eastern University,14,63840.0,21,8,4.026,5.007,13,0,1.1,1.776,0.677,61.9,2023,Philippine College
"Bacnis, Hugo",Adamson University,11,51480.0,15,8,2.955,3.422,7,0,0.734,1.573,0.839,46.67,2025,Philippine College
"Perez, Angelo",University of the Philippines,12,60336.0,32,15,7.846,7.447,17,0,1.521,2.864,1.342,53.12,2023,Philippine College
"Fernandez, Laurence",Ateneo de Manila University,10,51300.0,17,6,4.132,4.22,11,0,1.158,1.789,0.632,64.71,2025,Philippine College
"Bacnis, Hugo",University of the Philippines,11,58608.0,13,4,4.263,3.687,9,0,0.829,1.198,0.369,69.23,2024,Philippine College
"Cruz, Jan",Ateneo de Manila University,10,52800.0,15,8,2.597,2.827,7,0,0.716,1.534,0.818,46.67,2025,Philippine College
"Tabelin, Kirvy",Lyceum,10,50460.0,14,5,3.014,3.551,9,0,0.963,1.498,0.535,64.29,2023,Philippine College
"Omitade, Edvard",Ateneo de Manila University,14,69048.0,28,10,9.982,9.956,18,0,1.408,2.19,0.782,64.29,2023,Philippine College
"Reyes, Mark",University of the Philippines,12,55656.0,17,8,0.723,1.349,9,0,0.873,1.649,0.776,52.94,2024,Philippine College
"Digal, Diegocarl",San Beda University,13,64038.0,27,15,4.775,3.924,12,0,1.012,2.277,1.265,44.44,2025,Philippine College
"Lopez, Ryan",Ateneo de Manila University,10,48480.0,6,2,1.121,0.83,4,0,0.446,0.668,0.223,66.67,2025,Philippine College
"Santos, Luis",Lyceum,14,62328.0,19,10,6.185,7.197,9,0,0.78,1.646,0.866,47.37,2024,Philippine College
"Cruz, Jan",National University,11,47190.0,21,4,4.595,3.82,17,0,1.945,2.403,0.458,80.95,2023,Philippine College
"Acebedo, James",Adamson University,12,59616.0,12,9,1.427,1.71,3,0,0.272,1.087,0.815,25.0,2024,Philippine College
"Escodo, Bel",Mapúa University,12,63000.0,18,6,4.158,4.112,12,0,1.029,1.543,0.514,66.67,2024,Philippine College
"Perez, Angelo",Ateneo de Manila University,13,65988.0,30,17,5.788,5.706,13,0,1.064,2.455,1.391,43.33,2025,Philippine College
"Digal, Diegocarl",University of Santo Tomas,13,60606.0,18,6,2.963,2.768,12,0,1.069,1.604,0.535,66.67,2025,Philippine College
"Bacaycay, Kurt",University of Santo Tomas,11,53592.0,30,7,5.401,5.328,23,0,2.318,3.023,0.705,76.67,2023,Philippine College
"Encaya, Pius",San Beda University,14,75852.0,29,9,9.227,9.912,20,0,1.424,2.065,0.641,68.97,2024,Philippine College
"Fernandez, Laurence",Ateneo de Manila University,14,62748.0,14,5,2.826,2.823,9,0,0.775,1.205,0.43,64.29,2023,Philippine College
"Bacnis, Hugo",San Beda University,11,52206.0,20,11,2.643,2.945,9,0,0.931,2.069,1.138,45.0,2023,Philippine College
"Barro, Harvy",Adamson University,15,73710.0,7,1,2.16,1.924,6,0,0.44,0.513,0.073,85.71,2025,Philippine College
"Mapula, Paul",San Beda University,15,68040.0,24,6,3.825,2.918,18,0,1.429,1.905,0.476,75.0,2023,Philippine College
"Bacaycay, Kurt",University of Santo Tomas,15,67590.0,24,9,6.303,5.394,15,0,1.198,1.917,0.719,62.5,2025,Philippine College
"Fernandez, Laurence",San Beda University,12,57168.0,16,9,3.056,2.784,7,0,0.661,1.511,0.85,43.75,2023,Philippine College
"Bacnis, Hugo",Adamson University,11,55902.0,34,11,3.095,2.979,23,0,2.222,3.284,1.063,67.65,2024,Philippine College
"Libarnes, Jaro",Mapúa University,10,42780.0,13,2,1.577,2.004,11,0,1.388,1.641,0.252,84.62,2024,Philippine College
"Perez, Angelo",De La Salle University,15,71010.0,19,8,4.491,4.543,11,0,0.837,1.445,0.608,57.89,2024,Philippine College
"Omitade, Edvard",Far Eastern University,13,62322.0,16,9,3.866,4.006,7,0,0.607,1.386,0.78,43.75,2024,Philippine College
"Salingay, Sam",Mapúa University,15,81990.0,23,9,5.241,4.12,14,0,0.922,1.515,0.593,60.87,2023,Philippine College
"Omitade, Edvard",San Beda University,10,53340.0,23,9,1.465,1.906,14,0,1.417,2.328,0.911,60.87,2025,Philippine College
"Fernandez, Laurence",San Beda University,10,55800.0,22,7,3.91,3.886,15,0,1.452,2.129,0.677,68.18,2024,Philippine College
"Bacnis, Hugo",De La Salle University,15,74790.0,36,10,3.291,3.877,26,0,1.877,2.599,0.722,72.22,2025,Philippine College
"Bacaycay, Kurt",Mapúa University,15,72180.0,13,4,3.692,3.697,9,0,0.673,0.973,0.299,69.23,2023,Philippine College
"Acebedo, James",University of the Philippines,15,73170.0,33,17,9.928,9.236,16,0,1.181,2.435,1.255,48.48,2023,Philippine College
"Acebedo, James",University of the Philippines,13,70122.0,28,10,7.077,7.197,18,0,1.386,2.156,0.77,64.29,2023,Philippine College
"Reyes, Mark",San Beda University,12,61920.0,26,13,4.38,5.477,13,0,1.134,2.267,1.134,50.0,2025,Philippine College
"Omitade, Edvard",University of the Philippines,10,51660.0,25,10,6.439,6.352,15,0,1.568,2.613,1.045,60.0,2024,Philippine College
"Libarnes, Jaro",University of Santo Tomas,15,82620.0,28,18,11.246,10.405,10,0,0.654,1.83,1.176,35.71,2024,Philippine College
"Acebedo, James",University of Santo Tomas,14,68376.0,27,15,5.452,5.576,12,0,0.948,2.132,1.185,44.44,2024,Philippine College
"Escodo, Bel",Mapúa University,15,78030.0,40,12,10.187,10.893,28,0,1.938,2.768,0.83,70.0,2025,Philippine College
"Digal, Diegocarl",Far Eastern University,10,50760.0,24,13,7.432,7.228,11,0,1.17,2.553,1.383,45.83,2024,Philippine College
"Barro, Harvy",Mapúa University,14,71232.0,38,18,8.047,7.146,20,0,1.516,2.881,1.365,52.63,2024,Philippine College
"Mapula, Paul",Lyceum,12,59688.0,27,14,7.138,6.774,13,0,1.176,2.443,1.267,48.15,2025,Philippine College
"Omitade, Edvard",University of the Philippines,10,51000.0,21,9,4.61,4.628,12,0,1.271,2.224,0.953,57.14,2023,Philippine College
"Aningalan, Jul",National University,13,66378.0,23,10,4.392,4.894,13,0,1.058,1.871,0.814,56.52,2023,Philippine College
"Fernandez, Laurence",Far Eastern University,12,56736.0,12,3,2.794,3.115,9,0,0.857,1.142,0.286,75.0,2025,Philippine College
"Aningalan, Jul",Mapúa University,11,49896.0,13,4,1.246,1.177,9,0,0.974,1.407,0.433,69.23,2025,Philippine College
"Cruz, Jan",Far Eastern University,15,73890.0,22,5,0.637,1.969,17,0,1.242,1.608,0.365,77.27,2023,Philippine College
"Santos, Luis",Lyceum,10,47700.0,21,9,7.407,7.642,12,0,1.358,2.377,1.019,57.14,2025,Philippine College
"Tabelin, Kirvy",Ateneo de Manila University,11,52074.0,22,8,4.544,5.008,14,0,1.452,2.281,0.83,63.64,2024,Philippine College
"Bacaycay, Kurt",Ateneo de Manila University,12,59400.0,21,10,4.291,4.078,11,0,1.0,1.909,0.909,52.38,2023,Philippine College
"Santos, Luis",Far Eastern University,13,64038.0,12,3,3.527,3.025,9,0,0.759,1.012,0.253,75.0,2024,Philippine College
"Reyes, Mark",De La Salle University,12,61920.0,27,11,5.744,5.679,16,0,1.395,2.355,0.959,59.26,2025,Philippine College
"Barro, Harvy",Mapúa University,11,51216.0,26,9,7.385,7.164,17,0,1.792,2.741,0.949,65.38,2023,Philippine College
"Perez, Angelo",National University,10,56220.0,25,14,4.64,4.241,11,0,1.057,2.401,1.345,44.0,2023,Philippine College
"Reyes, Mark",Lyceum,14,62244.0,29,10,5.723,4.853,19,0,1.648,2.516,0.868,65.52,2023,Philippine College
"Acebedo, James",University of the Philippines,15,80370.0,18,3,4.856,4.648,15,0,1.008,1.209,0.202,83.33,2024,Philippine College
"Bacnis, Hugo",Lyceum,15,75870.0,7,4,2.688,2.654,3,0,0.214,0.498,0.285,42.86,2025,Philippine College
"Mapula, Paul",Lyceum,12,59184.0,23,10,5.491,4.139,13,0,1.186,2.099,0.912,56.52,2023,Philippine College
"Santos, Luis",University of Santo Tomas,13,55692.0,17,4,2.194,2.376,13,0,1.261,1.648,0.388,76.47,2025,Philippine College
"Mapula, Paul",Far Eastern University,14,66948.0,13,4,4.681,4.153,9,0,0.726,1.049,0.323,69.23,2023,Philippine College
"Santos, Luis",University of Santo Tomas,13,70044.0,12,8,1.954,1.931,4,0,0.308,0.925,0.617,33.33,2024,Philippine College
"Santos, Luis",Lyceum,14,65688.0,6,1,0.12,0.686,5,0,0.411,0.493,0.082,83.33,2023,Philippine College
"Fernandez, Laurence",Adamson University,14,71820.0,34,9,7.089,7.817,25,0,1.88,2.556,0.677,73.53,2023,Philippine College
"Santos, Luis",University of Santo Tomas,10,47820.0,14,4,4.412,4.224,10,0,1.129,1.581,0.452,71.43,2023,Philippine College
"Fernandez, Laurence",San Beda University,12,63648.0,27,12,7.073,6.867,15,0,1.273,2.291,1.018,55.56,2024,Philippine College
"Aningalan, Jul",Lyceum,15,68760.0,20,8,5.128,5.197,12,0,0.942,1.571,0.628,60.0,2024,Philippine College
"Tagara, Pedro",San Beda University,15,76950.0,20,10,4.738,4.636,10,0,0.702,1.404,0.702,50.0,2025,Philippine College
"Escodo, Bel",Adamson University,10,47640.0,18,8,1.893,2.325,10,0,1.134,2.04,0.907,55.56,2024,Philippine College
"Santos, Luis",Lyceum,14,76020.0,39,9,4.497,4.251,30,0,2.131,2.77,0.639,76.92,2025,Philippine College
"Fernandez, Laurence",National University,12,61128.0,20,8,4.51,4.57,12,0,1.06,1.767,0.707,60.0,2023,Philippine College
"Digal, Diegocarl",Mapúa University,10,53580.0,20,10,3.899,3.706,10,0,1.008,2.016,1.008,50.0,2025,Philippine College
"Acebedo, James",Far Eastern University,15,72720.0,32,17,10.111,10.349,15,0,1.114,2.376,1.262,46.88,2023,Philippine College
"Lopez, Ryan",Adamson University,12,62424.0,27,15,6.748,6.638,12,0,1.038,2.336,1.298,44.44,2023,Philippine College
"Escodo, Bel",Adamson University,13,63258.0,20,8,3.486,3.557,12,1,1.024,1.707,0.683,60.0,2023,Philippine College
"Lopez, Ryan",San Beda University,12,59184.0,24,9,3.645,3.524,15,0,1.369,2.19,0.821,62.5,2024,Philippine College
"Bacaycay, Kurt",Mapúa University,13,63336.0,18,5,3.417,3.297,13,0,1.108,1.535,0.426,72.22,2024,Philippine College
"Lopez, Ryan",Mapúa University,11,54120.0,23,7,2.213,2.082,16,0,1.596,2.295,0.698,69.57,2023,Philippine College
"Bacaycay, Kurt",San Beda University,13,68016.0,28,8,3.386,3.111,20,0,1.588,2.223,0.635,71.43,2025,Philippine College
"Mapula, Paul",Far Eastern University,15,71550.0,12,6,1.765,1.719,6,0,0.453,0.906,0.453,50.0,2023,Philippine College
"Cruz, Jan",University of Santo Tomas,14,66108.0,22,6,4.661,4.939,16,0,1.307,1.797,0.49,72.73,2023,Philippine College
"Bacaycay, Kurt",Lyceum,10,49020.0,16,7,3.467,3.442,9,0,0.991,1.763,0.771,56.25,2025,Philippine College
"Reyes, Mark",Lyceum,10,46380.0,17,8,2.858,3.066,9,1,1.048,1.979,0.931,52.94,2024,Philippine College
"Tabelin, Kirvy",Far Eastern University,13,58500.0,22,4,5.072,4.995,18,0,1.662,2.031,0.369,81.82,2024,Philippine College
"Tabelin, Kirvy",Lyceum,12,64872.0,15,8,2.3,1.763,7,0,0.583,1.249,0.666,46.67,2024,Philippine College
"Perez, Angelo",Far Eastern University,12,55440.0,24,15,6.912,7.39,9,0,0.877,2.338,1.461,37.5,2023,Philippine College
"Bacnis, Hugo",De La Salle University,14,69636.0,21,11,4.929,5.093,10,0,0.775,1.628,0.853,47.62,2025,Philippine College
"Perez, Angelo",University of the Philippines,12,57816.0,15,4,5.149,5.549,11,0,1.027,1.401,0.374,73.33,2023,Philippine College
"Encaya, Pius",University of Santo Tomas,14,79800.0,23,6,5.623,5.952,17,0,1.15,1.556,0.406,73.91,2024,Philippine College
"Escodo, Bel",Far Eastern University,13,58968.0,16,4,2.054,2.095,12,0,1.099,1.465,0.366,75.0,2025,Philippine College
"Reyes, Mark",University of the Philippines,10,57000.0,28,15,6.729,6.676,13,0,1.232,2.653,1.421,46.43,2025,Philippine College
"Fernandez, Laurence",National University,15,77130.0,20,7,4.164,4.288,13,0,0.91,1.4,0.49,65.0,2025,Philippine College
"Escodo, Bel",Mapúa University,10,48840.0,21,7,7.252,7.349,14,0,1.548,2.322,0.774,66.67,2024,Philippine College
"Santos, Luis",University of Santo Tomas,11,55308.0,19,9,4.091,3.837,10,0,0.976,1.855,0.879,52.63,2023,Philippine College
"Reyes, Mark",Far Eastern University,14,71652.0,22,3,1.883,2.179,19,0,1.432,1.658,0.226,86.36,2023,Philippine College
"Tagara, Pedro",Adamson University,15,71820.0,26,9,6.809,7.564,17,0,1.278,1.955,0.677,65.38,2025,Philippine College
"Encaya, Pius",National University,13,64662.0,32,16,6.728,7.237,16,0,1.336,2.672,1.336,50.0,2025,Philippine College
"Santos, Luis",National University,13,47112.0,18,7,3.111,3.003,11,0,1.261,2.063,0.802,61.11,2025,Philippine College
"Lopez, Ryan",Far Eastern University,14,64512.0,24,5,5.665,5.613,19,0,1.59,2.009,0.419,79.17,2025,Philippine College
"Digal, Diegocarl",University of Santo Tomas,11,55110.0,17,4,3.804,4.418,13,0,1.274,1.666,0.392,76.47,2024,Philippine College
"Escodo, Bel",Adamson University,11,55110.0,16,9,6.463,5.695,7,0,0.686,1.568,0.882,43.75,2023,Philippine College
"Lopez, Ryan",University of the Philippines,12,57744.0,27,12,2.202,2.045,15,0,1.403,2.525,1.122,55.56,2023,Philippine College
"Digal, Diegocarl",Mapúa University,10,47100.0,16,7,3.194,3.133,9,0,1.032,1.834,0.803,56.25,2023,Philippine College
"Fernandez, Laurence",National University,12,59904.0,17,8,6.231,6.713,9,0,0.811,1.532,0.721,52.94,2023,Philippine College
"Omitade, Edvard",Adamson University,13,71370.0,33,9,8.817,9.083,24,0,1.816,2.497,0.681,72.73,2024,Philippine College
"Bacnis, Hugo",University of Santo Tomas,13,56784.0,15,6,3.002,2.727,9,0,0.856,1.426,0.571,60.0,2025,Philippine College
"Santos, Luis",University of the Philippines,11,56430.0,30,14,7.646,8.156,16,0,1.531,2.871,1.34,53.33,2025,Philippine College
"Digal, Diegocarl",Adamson University,11,46860.0,11,4,2.542,2.493,7,0,0.807,1.268,0.461,63.64,2025,Philippine College
"Digal, Diegocarl",San Beda University,11,55440.0,12,3,3.941,2.856,9,0,0.877,1.169,0.292,75.0,2023,Philippine College
"Libarnes, Jaro",De La Salle University,11,53988.0,17,6,6.418,5.712,11,0,1.1,1.7,0.6,64.71,2025,Philippine College
"Fernandez, Laurence",University of the Philippines,11,45606.0,12,4,1.57,2.057,8,0,0.947,1.421,0.474,66.67,2024,Philippine College
"Lopez, Ryan",Adamson University,13,56784.0,13,2,3.495,3.406,11,0,1.046,1.236,0.19,84.62,2024,Philippine College
"Fernandez, Laurence",Far Eastern University,13,57798.0,17,5,4.663,4.731,12,0,1.121,1.588,0.467,70.59,2023,Philippine College
"Libarnes, Jaro",University of the Philippines,13,67548.0,36,17,6.58,7.34,19,0,1.519,2.878,1.359,52.78,2024,Philippine College
"Fernandez, Laurence",De La Salle University,13,65676.0,21,7,4.145,3.99,14,0,1.151,1.727,0.576,66.67,2024,Philippine College
"Escodo, Bel",Far Eastern University,14,62580.0,18,6,5.4,4.879,12,0,1.035,1.553,0.518,66.67,2024,Philippine College
"Tabelin, Kirvy",De La Salle University,12,56664.0,13,7,2.702,2.822,6,0,0.572,1.239,0.667,46.15,2025,Philippine College
"Santos, Luis",University of the Philippines,15,76590.0,31,13,6.729,7.348,18,0,1.269,2.186,0.917,58.06,2024,Philippine College
"Bacaycay, Kurt",University of the Philippines,11,51546.0,15,4,4.579,4.301,11,0,1.152,1.571,0.419,73.33,2023,Philippine College
"Acebedo, James",University of the Philippines,11,54450.0,22,11,1.705,1.76,11,1,1.091,2.182,1.091,50.0,2023,Philippine College
"Reyes, Mark",National University,13,67080.0,14,7,2.544,2.336,7,0,0.564,1.127,0.564,50.0,2023,Philippine College
"Santos, Luis",University of the Philippines,14,68544.0,31,11,2.685,2.83,20,0,1.576,2.442,0.867,64.52,2023,Philippine College
"Digal, Diegocarl",De La Salle University,12,48816.0,15,8,5.184,4.927,7,0,0.774,1.659,0.885,46.67,2024,Philippine College
"Santos, Luis",National University,13,64662.0,33,12,6.486,5.675,21,0,1.754,2.756,1.002,63.64,2024,Philippine College
"Lopez, Ryan",De La Salle University,15,71820.0,30,10,3.523,4.185,20,0,1.504,2.256,0.752,66.67,2023,Philippine College
"Tabelin, Kirvy",Adamson University,12,56736.0,26,11,9.153,9.641,15,0,1.428,2.475,1.047,57.69,2023,Philippine College
"Cruz, Jan",De La Salle University,15,72540.0,27,9,10.419,9.711,18,0,1.34,2.01,0.67,66.67,2023,Philippine College
"Fernandez, Laurence",San Beda University,10,50460.0,7,0,1.107,1.652,7,0,0.749,0.749,0.0,100.0,2025,Philippine College
"Escodo, Bel",San Beda University,15,70920.0,20,8,4.08,4.045,12,0,0.914,1.523,0.609,60.0,2023,Philippine College
"Omitade, Edvard",National University,13,74100.0,35,12,4.886,4.867,23,0,1.676,2.551,0.874,65.71,2024,Philippine College
"Aningalan, Jul",National University,13,63492.0,25,17,3.134,3.596,8,0,0.68,2.126,1.446,32.0,2024,Philippine College
"Salingay, Sam",University of the Philippines,15,72630.0,10,6,3.257,2.717,4,0,0.297,0.743,0.446,40.0,2025,Philippine College
"Tabelin, Kirvy",University of the Philippines,12,55872.0,12,1,2.046,2.465,11,0,1.063,1.16,0.097,91.67,2024,Philippine College
"Aningalan, Jul",University of Santo Tomas,12,53568.0,26,7,9.959,10.003,19,0,1.915,2.621,0.706,73.08,2023,Philippine College
"Digal, Diegocarl",Ateneo de Manila University,14,71400.0,16,10,4.737,4.296,6,0,0.454,1.21,0.756,37.5,2023,Philippine College
"Reyes, Mark",Lyceum,12,58176.0,25,7,5.513,5.535,18,0,1.671,2.321,0.65,72.0,2024,Philippine College
"Lopez, Ryan",University of the Philippines,10,43980.0,15,7,4.798,4.128,8,0,0.982,1.842,0.859,53.33,2025,Philippine College
"Libarnes, Jaro",University of the Philippines,14,74088.0,29,11,7.863,8.21,18,0,1.312,2.114,0.802,62.07,2023,Philippine College
"Santos, Luis",University of Santo Tomas,10,48300.0,21,9,3.172,3.375,12,0,1.342,2.348,1.006,57.14,2024,Philippine College
"Barro, Harvy",University of the Philippines,15,78750.0,30,15,6.421,6.766,15,0,1.029,2.057,1.029,50.0,2023,Philippine College
"Cruz, Jan",Far Eastern University,10,55980.0,22,9,6.281,6.843,13,0,1.254,2.122,0.868,59.09,2023,Philippine College
"Bacnis, Hugo",De La Salle University,13,62244.0,20,6,4.998,4.312,14,0,1.215,1.735,0.521,70.0,2025,Philippine College
"Encaya, Pius",Adamson University,12,56160.0,24,11,5.681,5.8,13,0,1.25,2.308,1.058,54.17,2023,Philippine College
"Lopez, Ryan",De La Salle University,11,51480.0,11,4,1.47,1.695,7,0,0.734,1.154,0.42,63.64,2023,Philippine College
"Bacnis, Hugo",San Beda University,10,50340.0,20,9,4.863,4.584,11,0,1.18,2.145,0.965,55.0,2023,Philippine College
"Lopez, Ryan",De La Salle University,12,58680.0,14,7,3.258,3.317,7,0,0.644,1.288,0.644,50.0,2025,Philippine College
"Aningalan, Jul",Far Eastern University,10,51540.0,12,5,1.9,2.335,7,0,0.733,1.257,0.524,58.33,2024,Philippine College
"Cruz, Jan",Ateneo de Manila University,12,65592.0,40,16,7.386,7.089,24,1,1.976,3.293,1.317,60.0,2024,Philippine College
"Aningalan, Jul",University of the Philippines,10,52500.0,11,5,3.299,2.779,6,0,0.617,1.131,0.514,54.55,2025,Philippine College
"Reyes, Mark",Ateneo de Manila University,10,48720.0,13,6,2.13,2.502,7,0,0.776,1.441,0.665,53.85,2025,Philippine College
"Acebedo, James",San Beda University,11,52998.0,22,8,5.36,5.165,14,0,1.426,2.242,0.815,63.64,2024,Philippine College
"Santos, Luis",National University,14,63000.0,17,10,2.354,2.744,7,0,0.6,1.457,0.857,41.18,2023,Philippine College
"Santos, Luis",San Beda University,15,85500.0,25,14,8.787,8.076,11,0,0.695,1.579,0.884,44.0,2023,Philippine College
"Digal, Diegocarl",Adamson University,11,61842.0,24,11,6.636,6.231,13,0,1.135,2.096,0.961,54.17,2023,Philippine College
"Cruz, Jan",University of Santo Tomas,12,60120.0,39,19,6.291,6.144,20,0,1.796,3.503,1.707,51.28,2023,Philippine College
"Escodo, Bel",National University,13,60060.0,21,6,3.298,2.767,15,0,1.349,1.888,0.539,71.43,2025,Philippine College
"Mapula, Paul",University of Santo Tomas,13,61308.0,25,13,5.304,5.211,12,0,1.057,2.202,1.145,48.0,2023,Philippine College
"Barro, Harvy",Ateneo de Manila University,12,59832.0,28,9,6.189,5.511,19,0,1.715,2.527,0.812,67.86,2024,Philippine College
"Perez, Angelo",National University,10,48300.0,10,5,1.737,1.996,5,0,0.559,1.118,0.559,50.0,2025,Philippine College
"Lopez, Ryan",Adamson University,12,51840.0,18,9,5.291,5.24,9,0,0.938,1.875,0.938,50.0,2023,Philippine College
"Omitade, Edvard",Far Eastern University,12,57384.0,16,3,3.1,3.251,13,0,1.223,1.506,0.282,81.25,2023,Philippine College
"Aningalan, Jul",Far Eastern University,10,50700.0,15,6,3.69,3.708,9,0,0.959,1.598,0.639,60.0,2024,Philippine College
"Barro, Harvy",University of Santo Tomas,15,73890.0,32,10,6.422,5.706,22,0,1.608,2.339,0.731,68.75,2023,Philippine College
"Omitade, Edvard",Mapúa University,11,50820.0,22,4,3.822,4.171,18,0,1.913,2.338,0.425,81.82,2025,Philippine College
"Reyes, Mark",Lyceum,12,65592.0,26,11,4.746,5.405,15,0,1.235,2.141,0.906,57.69,2025,Philippine College
"Perez, Angelo",Lyceum,14,65352.0,22,12,3.221,2.654,10,0,0.826,1.818,0.992,45.45,2023,Philippine College
"Cruz, Jan",Lyceum,14,69804.0,19,6,5.719,5.073,13,0,1.006,1.47,0.464,68.42,2023,Philippine College
"Tabelin, Kirvy",National University,12,56160.0,24,6,5.825,5.147,18,0,1.731,2.308,0.577,75.0,2025,Philippine College
"Mapula, Paul",University of Santo Tomas,14,73920.0,28,14,7.696,6.933,14,0,1.023,2.045,1.023,50.0,2024,Philippine College
"Bacnis, Hugo",Ateneo de Manila University,11,51414.0,19,3,4.238,3.576,16,0,1.68,1.996,0.315,84.21,2023,Philippine College
"Aningalan, Jul",De La Salle University,12,63360.0,20,9,6.74,6.402,11,0,0.938,1.705,0.767,55.0,2024,Philippine College
"Tagara, Pedro",Ateneo de Manila University,13,57174.0,19,9,4.579,4.97,10,0,0.944,1.795,0.85,52.63,2023,Philippine College
"Escodo, Bel",Ateneo de Manila University,13,66768.0,42,20,7.883,7.698,22,0,1.779,3.397,1.618,52.38,2025,Philippine College
"Salingay, Sam",Lyceum,10,45540.0,24,8,8.02,8.274,16,1,1.897,2.846,0.949,66.67,2024,Philippine College
"Acebedo, James",Mapúa University,15,73080.0,11,3,4.089,3.647,8,0,0.591,0.813,0.222,72.73,2025,Philippine College
"Salingay, Sam",Adamson University,13,52728.0,12,6,1.64,1.73,6,0,0.614,1.229,0.614,50.0,2025,Philippine College
"Escodo, Bel",De La Salle University,15,79830.0,32,12,7.791,8.416,20,0,1.353,2.165,0.812,62.5,2023,Philippine College
"Tabelin, Kirvy",National University,10,48180.0,22,10,4.512,4.429,12,0,1.345,2.466,1.121,54.55,2023,Philippine College
"Fernandez, Laurence",Adamson University,10,49200.0,21,7,4.338,4.382,14,0,1.537,2.305,0.768,66.67,2023,Philippine College
"Santos, Luis",De La Salle University,15,85500.0,14,8,1.77,1.644,6,0,0.379,0.884,0.505,42.86,2024,Philippine College
"Barro, Harvy",University of the Philippines,10,51960.0,21,5,5.161,5.486,16,0,1.663,2.182,0.52,76.19,2023,Philippine College
"Santos, Luis",San Beda University,11,47652.0,22,8,6.635,6.308,14,0,1.587,2.493,0.907,63.64,2025,Philippine College
"Libarnes, Jaro",Lyceum,12,61632.0,30,9,8.498,8.338,21,0,1.84,2.629,0.789,70.0,2023,Philippine College
"Perez, Angelo",Ateneo de Manila University,15,69390.0,21,8,6.15,6.819,13,0,1.012,1.634,0.623,61.9,2023,Philippine College
"Barro, Harvy",University of the Philippines,14,64512.0,27,17,5.752,5.896,10,0,0.837,2.26,1.423,37.04,2023,Philippine College
"Omitade, Edvard",Mapúa University,12,58536.0,23,6,4.412,4.041,17,0,1.568,2.122,0.554,73.91,2024,Philippine College
"Cruz, Jan",Adamson University,13,63882.0,19,11,2.203,2.714,8,0,0.676,1.606,0.93,42.11,2024,Philippine College
"Salingay, Sam",University of Santo Tomas,15,67410.0,39,18,6.292,6.404,21,0,1.682,3.124,1.442,53.85,2025,Philippine College
"Perez, Angelo",De La Salle University,14,70644.0,23,9,4.261,4.128,14,0,1.07,1.758,0.688,60.87,2025,Philippine College
"Lopez, Ryan",De La Salle University,14,66360.0,37,8,8.989,8.482,29,0,2.36,3.011,0.651,78.38,2025,Philippine College
"Libarnes, Jaro",De La Salle University,15,71190.0,16,7,4.539,4.647,9,0,0.683,1.214,0.531,56.25,2025,Philippine College
"Barro, Harvy",University of Santo Tomas,14,79800.0,21,13,5.691,4.695,8,0,0.541,1.421,0.88,38.1,2024,Philippine College
"Omitade, Edvard",Lyceum,12,60984.0,15,5,2.176,2.317,10,0,0.885,1.328,0.443,66.67,2025,Philippine College
"Fernandez, Laurence",Ateneo de Manila University,13,57252.0,25,9,9.444,9.631,16,0,1.509,2.358,0.849,64.0,2024,Philippine College
"Aningalan, Jul",Ateneo de Manila University,13,57096.0,29,6,6.439,6.827,23,0,2.175,2.743,0.567,79.31,2025,Philippine College
"Digal, Diegocarl",Adamson University,11,47124.0,20,5,4.605,4.613,15,0,1.719,2.292,0.573,75.0,2024,Philippine College
"Escodo, Bel",Adamson University,10,44280.0,20,4,3.724,3.635,16,0,1.951,2.439,0.488,80.0,2023,Philippine College
"Cruz, Jan",National University,11,51480.0,32,13,7.826,8.113,19,0,1.993,3.357,1.364,59.38,2024,Philippine College
"Bacnis, Hugo",University of Santo Tomas,12,66816.0,19,7,4.59,5.007,12,0,0.97,1.536,0.566,63.16,2024,Philippine College
"Libarnes, Jaro",Ateneo de Manila University,10,49980.0,26,8,6.245,6.57,18,0,1.945,2.809,0.864,69.23,2023,Philippine College
"Reyes, Mark",Far Eastern University,13,61386.0,18,13,3.831,3.631,5,0,0.44,1.583,1.144,27.78,2025,Philippine College
"Encaya, Pius",University of Santo Tomas,14,70476.0,11,4,3.352,2.542,7,0,0.536,0.843,0.306,63.64,2025,Philippine College
"Reyes, Mark",Lyceum,14,70728.0,20,12,2.767,2.748,8,0,0.611,1.527,0.916,40.0,2023,Philippine College
"Mapula, Paul",Ateneo de Manila University,15,75150.0,18,4,1.299,1.594,14,0,1.006,1.293,0.287,77.78,2023,Philippine College
"Libarnes, Jaro",University of Santo Tomas,12,55152.0,30,8,6.411,6.297,22,0,2.154,2.937,0.783,73.33,2025,Philippine College
"Bacaycay, Kurt",Adamson University,14,66612.0,32,13,11.133,11.447,19,0,1.54,2.594,1.054,59.38,2025,Philippine College
"Escodo, Bel",De La Salle University,10,51420.0,13,5,2.018,2.255,8,0,0.84,1.365,0.525,61.54,2025,Philippine College
"Acebedo, James",National University,12,68400.0,17,11,4.157,4.299,6,0,0.474,1.342,0.868,35.29,2025,Philippine College
"Salingay, Sam",National University,15,57420.0,12,5,3.801,3.576,7,0,0.658,1.129,0.47,58.33,2024,Philippine College
"Digal, Diegocarl",University of Santo Tomas,12,55296.0,10,3,3.414,3.842,7,0,0.684,0.977,0.293,70.0,2025,Philippine College
"Fernandez, Laurence",Mapúa University,12,52488.0,20,7,3.258,3.608,13,0,1.337,2.058,0.72,65.0,2025,Philippine College
"Fernandez, Laurence",San Beda University,11,59928.0,26,8,8.026,7.544,18,0,1.622,2.343,0.721,69.23,2025,Philippine College
"Encaya, Pius",De La Salle University,10,47580.0,14,6,4.111,4.209,8,0,0.908,1.589,0.681,57.14,2024,Philippine College
"Acebedo, James",National University,14,65100.0,11,2,1.389,2.203,9,0,0.747,0.912,0.166,81.82,2024,Philippine College
"Aningalan, Jul",National University,15,66240.0,32,14,7.533,7.302,18,0,1.467,2.609,1.141,56.25,2025,Philippine College
"Digal, Diegocarl",University of the Philippines,15,77670.0,24,2,3.452,3.477,22,0,1.53,1.669,0.139,91.67,2024,Philippine College
"Digal, Diegocarl",Mapúa University,10,53760.0,15,8,2.572,2.242,7,0,0.703,1.507,0.804,46.67,2024,Philippine College
"Libarnes, Jaro",Mapúa University,13,56316.0,13,1,1.941,2.061,12,0,1.151,1.247,0.096,92.31,2023,Philippine College
"Mapula, Paul",University of Santo Tomas,14,67956.0,21,7,4.491,4.449,14,0,1.112,1.669,0.556,66.67,2023,Philippine College
"Bacaycay, Kurt",Adamson University,13,56316.0,16,7,5.464,5.592,9,0,0.863,1.534,0.671,56.25,2025,Philippine College
"Digal, Diegocarl",Lyceum,11,53262.0,16,6,3.536,3.593,10,0,1.014,1.622,0.608,62.5,2023,Philippine College
"Cruz, Jan",Far Eastern University,10,47460.0,8,3,0.999,0.973,5,0,0.569,0.91,0.341,62.5,2025,Philippine College
"Lopez, Ryan",University of the Philippines,12,67392.0,25,6,6.6,6.633,19,0,1.522,2.003,0.481,76.0,2025,Philippine College
"Santos, Luis",Ateneo de Manila University,13,64506.0,17,8,4.148,4.32,9,0,0.753,1.423,0.67,52.94,2024,Philippine College
"Perez, Angelo",San Beda University,12,59904.0,24,7,6.261,5.553,17,0,1.532,2.163,0.631,70.83,2025,Philippine College
"Tabelin, Kirvy",University of Santo Tomas,15,70290.0,24,10,3.205,2.871,14,0,1.076,1.844,0.768,58.33,2025,Philippine College
"Tagara, Pedro",Far Eastern University,12,65016.0,24,11,2.944,3.537,13,0,1.08,1.993,0.914,54.17,2025,Philippine College
"Digal, Diegocarl",Adamson University,12,63792.0,30,12,9.348,8.953,18,0,1.524,2.54,1.016,60.0,2023,Philippine College
"Lopez, Ryan",Ateneo de Manila University,15,67770.0,27,14,7.665,8.065,13,0,1.036,2.151,1.116,48.15,2024,Philippine College
"Acebedo, James",National University,14,70896.0,21,10,1.653,2.033,11,0,0.838,1.6,0.762,52.38,2023,Philippine College
"Salingay, Sam",Mapúa University,13,64662.0,7,3,1.571,1.769,4,0,0.334,0.585,0.251,57.14,2023,Philippine College
"Mapula, Paul",Far Eastern University,11,52008.0,24,11,6.0,5.856,13,0,1.35,2.492,1.142,54.17,2024,Philippine College
"Bacnis, Hugo",National University,14,71484.0,35,10,8.102,8.698,25,0,1.889,2.644,0.755,71.43,2024,Philippine College
"Mapula, Paul",Ateneo de Manila University,10,48840.0,21,10,5.222,5.456,11,0,1.216,2.322,1.106,52.38,2024,Philippine College
"Salingay, Sam",Mapúa University,14,77280.0,22,11,7.289,7.298,11,0,0.769,1.537,0.769,50.0,2025,Philippine College
"Acebedo, James",De La Salle University,14,72912.0,22,9,3.809,3.975,13,0,0.963,1.629,0.667,59.09,2025,Philippine College
"Omitade, Edvard",Far Eastern University,15,82530.0,25,9,3.86,4.534,16,0,1.047,1.636,0.589,64.0,2023,Philippine College
"Omitade, Edvard",De La Salle University,11,55242.0,21,4,4.22,3.634,17,0,1.662,2.053,0.391,80.95,2023,Philippine College
"Reyes, Mark",San Beda University,10,50880.0,23,9,6.168,6.239,14,0,1.486,2.441,0.955,60.87,2025,Philippine College
"Tagara, Pedro",Adamson University,11,52866.0,15,3,3.907,3.636,12,0,1.226,1.532,0.306,80.0,2023,Philippine College
"Encaya, Pius",San Beda University,10,45180.0,13,4,3.448,2.695,9,0,1.076,1.554,0.478,69.23,2024,Philippine College
"Salingay, Sam",De La Salle University,10,48420.0,18,5,2.272,1.628,13,0,1.45,2.007,0.558,72.22,2024,Philippine College
"Omitade, Edvard",De La Salle University,14,64008.0,12,6,2.568,2.075,6,0,0.506,1.012,0.506,50.0,2025,Philippine College
"Perez, Angelo",San Beda University,13,65520.0,30,8,5.097,6.042,22,0,1.813,2.473,0.659,73.33,2025,Philippine College
"Fernandez, Laurence",Adamson University,11,49566.0,12,3,1.672,1.678,9,0,0.981,1.307,0.327,75.0,2025,Philippine College
"Escodo, Bel",Ateneo de Manila University,11,47520.0,14,6,3.236,3.178,8,0,0.909,1.591,0.682,57.14,2023,Philippine College
"Mapula, Paul",Mapúa University,10,56700.0,11,2,4.597,4.111,9,0,0.857,1.048,0.19,81.82,2024,Philippine College
"Bacaycay, Kurt",Ateneo de Manila University,12,59760.0,8,2,2.266,2.272,6,0,0.542,0.723,0.181,75.0,2025,Philippine College
"Lopez, Ryan",University of the Philippines,15,69390.0,31,16,1.843,2.389,15,0,1.167,2.412,1.245,48.39,2025,Philippine College
"Salingay, Sam",Far Eastern University,14,60228.0,8,4,2.218,2.367,4,0,0.359,0.717,0.359,50.0,2023,Philippine College
"Encaya, Pius",University of Santo Tomas,15,74520.0,30,13,5.661,5.367,17,0,1.232,2.174,0.942,56.67,2025,Philippine College
"Reyes, Mark",University of the Philippines,14,78708.0,37,13,7.616,7.297,24,0,1.647,2.538,0.892,64.86,2023,Philippine College
"Tagara, Pedro",Lyceum,12,55656.0,29,12,7.617,7.44,17,0,1.649,2.814,1.164,58.62,2023,Philippine College
"Omitade, Edvard",De La Salle University,12,63864.0,12,2,3.439,3.05,10,0,0.846,1.015,0.169,83.33,2023,Philippine College
"Bacnis, Hugo",San Beda University,12,60912.0,20,10,5.241,4.619,10,0,0.887,1.773,0.887,50.0,2024,Philippine College
"Tabelin, Kirvy",University of Santo Tomas,14,71064.0,33,15,2.319,2.771,18,0,1.368,2.508,1.14,54.55,2023,Philippine College
"Barro, Harvy",University of the Philippines,12,55728.0,28,9,4.2,3.979,19,0,1.841,2.713,0.872,67.86,2023,Philippine College
"Digal, Diegocarl",De La Salle University,12,55296.0,31,8,8.203,7.918,23,0,2.246,3.027,0.781,74.19,2023,Philippine College
"Encaya, Pius",Ateneo de Manila University,15,68940.0,11,5,0.858,1.287,6,0,0.47,0.862,0.392,54.55,2025,Philippine College
"Fernandez, Laurence",University of the Philippines,15,77220.0,17,5,4.136,3.916,12,0,0.839,1.189,0.35,70.59,2025,Philippine College
"Digal, Diegocarl",Adamson University,11,59268.0,20,3,1.881,1.591,17,0,1.549,1.822,0.273,85.0,2024,Philippine College
"Reyes, Mark",De La Salle University,13,62634.0,37,11,7.92,8.637,26,0,2.242,3.19,0.948,70.27,2024,Philippine College
"Aningalan, Jul",San Beda University,11,53592.0,19,8,6.189,6.979,11,0,1.108,1.914,0.806,57.89,2023,Philippine College
"Perez, Angelo",University of Santo Tomas,13,71058.0,21,7,5.403,5.779,14,0,1.064,1.596,0.532,66.67,2025,Philippine College
"Tabelin, Kirvy",Ateneo de Manila University,15,70830.0,18,9,5.673,5.862,9,0,0.686,1.372,0.686,50.0,2025,Philippine College
"Omitade, Edvard",Mapúa University,14,72660.0,36,12,4.059,4.064,24,0,1.784,2.675,0.892,66.67,2024,Philippine College
"Omitade, Edvard",University of Santo Tomas,11,58872.0,13,2,2.366,2.112,11,0,1.009,1.192,0.183,84.62,2023,Philippine College
"Digal, Diegocarl",Ateneo de Manila University,15,77850.0,36,13,10.097,10.014,23,0,1.595,2.497,0.902,63.89,2023,Philippine College
"Acebedo, James",National University,10,46560.0,14,5,2.612,2.603,9,0,1.044,1.624,0.58,64.29,2024,Philippine College
"Encaya, Pius",Far Eastern University,15,81090.0,33,10,7.443,8.097,23,0,1.532,2.198,0.666,69.7,2024,Philippine College
"Digal, Diegocarl",Mapúa University,10,52620.0,8,1,2.032,1.921,7,0,0.718,0.821,0.103,87.5,2024,Philippine College
"Bacnis, Hugo",National University,11,55440.0,24,12,3.503,3.628,12,0,1.169,2.338,1.169,50.0,2023,Philippine College
"Libarnes, Jaro",San Beda University,10,48000.0,26,8,3.491,3.39,18,0,2.025,2.925,0.9,69.23,2025,Philippine College
"Fernandez, Laurence",De La Salle University,14,64596.0,23,9,5.525,5.468,14,0,1.17,1.923,0.752,60.87,2024,Philippine College
"Bacaycay, Kurt",University of the Philippines,14,64680.0,28,6,7.035,7.312,22,0,1.837,2.338,0.501,78.57,2025,Philippine College
