player_name,team_title,games,time,shots_on_target_against,goals_against,xG_against,post_shot_xG,saves,penalty_saved,saves_per90,shots_on_target_against_per90,goals_against_per90,save_pct,season,league
"Digal, Diegocarl",San Beda University,23,117697,1,1,87.636,36.754,0,0,0.0,0.046,0.046,0.0,2025,UAAP
"Libarnes, Jaro",Mapúa University,23,100982,0,0,88.983,35.405,0,0,0.0,0.0,0.0,0.0,2025,Philippine College
"Mapula, Paul",De La Salle University,23,117220,1,0,95.403,38.906,1,1,0.046,0.046,0.0,100.0,2025,Manila Collegiate League
"Aningalan, Jul",National University,22,115854,0,0,90.812,33.004,0,1,0.0,0.0,0.0,0.0,2025,Philippine College
"Lopez, Ryan",University of the Philippines,24,119844,0,0,93.873,39.633,0,0,0.0,0.0,0.0,0.0,2025,Philippine College
"Tagara, Pedro",De La Salle University,25,124785,1,1,91.018,36.414,0,0,0.0,0.043,0.043,0.0,2024,UAAP
"Libarnes, Jaro",De La Salle University,23,131100,0,0,90.037,43.319,0,2,0.0,0.0,0.0,0.0,2024,Manila Collegiate League
"Tabelin, Kirvy",Adamson University,24,123097,2,1,90.787,36.112,1,1,0.044,0.088,0.044,50.0,2024,Philippine College
"Bacnis, Hugo",De La Salle University,23,123787,0,0,97.426,35.964,0,1,0.0,0.0,0.0,0.0,2024,NCAA
"Reyes, Mark",National University,27,136438,0,0,99.611,35.255,0,1,0.0,0.0,0.0,0.0,2023,Philippine College
"Santos, Luis",National University,25,119770,2,0,91.223,34.157,2,0,0.09,0.09,0.0,100.0,2025,UAAP
"Digal, Diegocarl",Far Eastern University,25,101617,1,1,91.065,35.886,0,0,0.0,0.053,0.053,0.0,2024,NCAA
"Digal, Diegocarl",Far Eastern University,24,130084,0,0,93.485,38.028,0,0,0.0,0.0,0.0,0.0,2025,NCAA
"Tagara, Pedro",Far Eastern University,23,113774,1,1,97.248,41.891,0,3,0.0,0.047,0.047,0.0,2023,Philippine College
"Cruz, Jan",De La Salle University,24,116378,0,0,104.138,36.288,0,0,0.0,0.0,0.0,0.0,2023,Manila Collegiate League
"Salingay, Sam",Adamson University,21,94873,0,0,95.942,35.634,0,1,0.0,0.0,0.0,0.0,2025,UAAP
"Libarnes, Jaro",Lyceum,24,123344,0,0,94.781,37.029,0,0,0.0,0.0,0.0,0.0,2023,Philippine College
"Fernandez, Laurence",Mapúa University,25,123448,1,0,94.789,36.304,1,1,0.044,0.044,0.0,100.0,2023,Manila Collegiate League
"Bacaycay, Kurt",National University,21,84026,1,1,88.685,43.86,0,0,0.0,0.064,0.064,0.0,2025,Philippine College
"Bacnis, Hugo",De La Salle University,24,116911,1,1,91.291,40.859,0,1,0.0,0.046,0.046,0.0,2024,NCAA
"Aningalan, Jul",Mapúa University,25,115193,1,1,94.71,41.453,0,1,0.0,0.047,0.047,0.0,2023,Philippine College
"Acebedo, James",Far Eastern University,23,94750,1,1,93.468,37.655,0,1,0.0,0.057,0.057,0.0,2024,UAAP
"Salingay, Sam",University of the Philippines,23,110319,0,0,95.288,36.437,0,0,0.0,0.0,0.0,0.0,2023,Philippine College
"Escodo, Bel",Ateneo de Manila University,23,110414,0,0,100.373,38.16,0,1,0.0,0.0,0.0,0.0,2025,Philippine College
"Santos, Luis",Ateneo de Manila University,24,115750,0,0,88.097,41.186,0,0,0.0,0.0,0.0,0.0,2024,UAAP
"Barro, Harvy",San Beda University,24,123439,0,0,104.484,43.248,0,1,0.0,0.0,0.0,0.0,2024,Philippine College
"Tagara, Pedro",Far Eastern University,24,106429,0,0,93.307,37.694,0,0,0.0,0.0,0.0,0.0,2023,Manila Collegiate League
"Digal, Diegocarl",De La Salle University,22,118276,0,0,96.796,38.824,0,1,0.0,0.0,0.0,0.0,2024,Philippine College
"Omitade, Edvard",Mapúa University,25,113243,1,1,93.574,38.337,0,0,0.0,0.048,0.048,0.0,2024,UAAP
"Omitade, Edvard",De La Salle University,21,95750,0,0,93.752,43.592,0,1,0.0,0.0,0.0,0.0,2025,Manila Collegiate League
"Cruz, Jan",San Beda University,23,114193,0,0,94.956,37.879,0,1,0.0,0.0,0.0,0.0,2024,NCAA
"Digal, Diegocarl",University of Santo Tomas,24,132261,0,0,92.092,41.283,0,2,0.0,0.0,0.0,0.0,2025,Manila Collegiate League
"Escodo, Bel",Adamson University,23,105746,2,0,99.252,33.304,2,0,0.102,0.102,0.0,100.0,2023,NCAA
"Digal, Diegocarl",Adamson University,25,125856,2,0,94.626,38.747,2,1,0.086,0.086,0.0,100.0,2023,Manila Collegiate League
"Mapula, Paul",University of the Philippines,23,116250,0,0,86.589,37.743,0,0,0.0,0.0,0.0,0.0,2024,UAAP
"Mapula, Paul",Ateneo de Manila University,22,88388,0,0,95.142,34.621,0,1,0.0,0.0,0.0,0.0,2024,NCAA
"Bacaycay, Kurt",Lyceum,22,115097,0,0,104.312,38.134,0,2,0.0,0.0,0.0,0.0,2025,Philippine College
"Fernandez, Laurence",University of Santo Tomas,23,130851,0,0,88.811,43.298,0,2,0.0,0.0,0.0,0.0,2024,Philippine College
"Reyes, Mark",Far Eastern University,22,119106,0,0,91.311,35.151,0,0,0.0,0.0,0.0,0.0,2025,Manila Collegiate League
"Lopez, Ryan",Far Eastern University,22,106433,1,0,87.405,36.416,1,1,0.051,0.051,0.0,100.0,2024,Philippine College
"Fernandez, Laurence",Mapúa University,22,102801,0,0,103.248,42.757,0,0,0.0,0.0,0.0,0.0,2024,NCAA
"Fernandez, Laurence",De La Salle University,24,118397,1,0,92.165,33.873,1,1,0.046,0.046,0.0,100.0,2023,Philippine College
"Fernandez, Laurence",Adamson University,23,125248,2,0,93.919,36.425,2,1,0.086,0.086,0.0,100.0,2024,Manila Collegiate League
"Reyes, Mark",National University,23,116818,0,0,97.53,33.72,0,0,0.0,0.0,0.0,0.0,2023,NCAA
"Tabelin, Kirvy",National University,24,108559,1,0,90.059,38.473,1,0,0.05,0.05,0.0,100.0,2025,Manila Collegiate League
"Reyes, Mark",National University,25,122443,0,0,97.275,36.226,0,1,0.0,0.0,0.0,0.0,2025,NCAA
"Encaya, Pius",De La Salle University,22,96601,1,0,88.959,37.104,1,0,0.056,0.056,0.0,100.0,2023,Manila Collegiate League
"Lopez, Ryan",San Beda University,24,97631,0,0,98.08,43.145,0,1,0.0,0.0,0.0,0.0,2025,Manila Collegiate League
"Cruz, Jan",Mapúa University,22,108707,0,0,89.553,32.663,0,0,0.0,0.0,0.0,0.0,2025,NCAA
"Encaya, Pius",Lyceum,21,111759,0,0,91.965,31.807,0,1,0.0,0.0,0.0,0.0,2025,Philippine College
"Escodo, Bel",San Beda University,22,115952,0,0,91.608,46.396,0,2,0.0,0.0,0.0,0.0,2024,Manila Collegiate League
"Perez, Angelo",San Beda University,24,126099,0,0,87.032,34.704,0,1,0.0,0.0,0.0,0.0,2025,Philippine College
"Libarnes, Jaro",University of the Philippines,23,122515,2,2,90.124,38.629,0,1,0.0,0.088,0.088,0.0,2023,NCAA
"Digal, Diegocarl",De La Salle University,24,100592,0,0,88.951,32.227,0,2,0.0,0.0,0.0,0.0,2024,Philippine College
"Fernandez, Laurence",Ateneo de Manila University,25,132252,1,0,103.383,44.882,1,0,0.041,0.041,0.0,100.0,2025,NCAA
"Bacaycay, Kurt",University of Santo Tomas,22,116481,0,0,93.947,33.338,0,2,0.0,0.0,0.0,0.0,2023,UAAP
"Bacnis, Hugo",De La Salle University,23,91787,0,0,88.412,37.108,0,1,0.0,0.0,0.0,0.0,2024,NCAA
"Omitade, Edvard",University of Santo Tomas,24,116370,1,0,87.558,36.514,1,1,0.046,0.046,0.0,100.0,2023,Philippine College
"Perez, Angelo",University of Santo Tomas,23,127548,0,0,92.503,35.405,0,2,0.0,0.0,0.0,0.0,2023,Manila Collegiate League
"Barro, Harvy",University of the Philippines,23,99244,0,0,87.358,31.938,0,0,0.0,0.0,0.0,0.0,2025,Manila Collegiate League
"Barro, Harvy",Far Eastern University,23,106548,0,0,88.803,37.349,0,0,0.0,0.0,0.0,0.0,2023,Manila Collegiate League
"Bacnis, Hugo",Far Eastern University,22,109784,2,0,100.711,43.082,2,0,0.098,0.098,0.0,100.0,2024,UAAP
"Fernandez, Laurence",University of the Philippines,23,124057,0,0,102.426,37.253,0,0,0.0,0.0,0.0,0.0,2025,Manila Collegiate League
"Salingay, Sam",San Beda University,24,114522,3,0,91.258,42.924,3,1,0.141,0.141,0.0,100.0,2025,NCAA
"Perez, Angelo",Ateneo de Manila University,22,109871,0,0,98.615,36.627,0,0,0.0,0.0,0.0,0.0,2023,UAAP
"Barro, Harvy",Lyceum,22,116612,1,0,93.019,38.1,1,1,0.046,0.046,0.0,100.0,2025,Philippine College
"Bacaycay, Kurt",Lyceum,23,105164,1,0,89.432,36.122,1,0,0.051,0.051,0.0,100.0,2025,NCAA
"Digal, Diegocarl",University of the Philippines,23,112846,0,0,99.561,40.009,0,1,0.0,0.0,0.0,0.0,2025,NCAA
"Santos, Luis",National University,23,126045,0,0,89.566,30.818,0,0,0.0,0.0,0.0,0.0,2024,Philippine College
"Fernandez, Laurence",Adamson University,21,93406,0,0,92.043,39.541,0,1,0.0,0.0,0.0,0.0,2023,NCAA
"Lopez, Ryan",Far Eastern University,22,109557,0,0,88.773,37.13,0,2,0.0,0.0,0.0,0.0,2024,Philippine College
"Tabelin, Kirvy",Lyceum,22,125244,1,1,88.385,50.995,0,1,0.0,0.043,0.043,0.0,2024,Philippine College
"Omitade, Edvard",Lyceum,21,105342,1,0,87.927,35.549,1,0,0.051,0.051,0.0,100.0,2023,NCAA
"Tagara, Pedro",Adamson University,23,105294,0,0,99.956,36.073,0,2,0.0,0.0,0.0,0.0,2024,UAAP
"Cruz, Jan",San Beda University,23,119884,1,0,79.758,37.109,1,1,0.045,0.045,0.0,100.0,2024,Philippine College
"Bacaycay, Kurt",San Beda University,22,101563,0,0,94.183,37.854,0,1,0.0,0.0,0.0,0.0,2023,UAAP
"Salingay, Sam",National University,25,139728,0,0,96.865,41.711,0,0,0.0,0.0,0.0,0.0,2025,Manila Collegiate League
"Digal, Diegocarl",National University,23,100011,0,0,93.432,42.956,0,2,0.0,0.0,0.0,0.0,2023,NCAA
"Libarnes, Jaro",National University,21,114722,0,0,96.112,35.958,0,0,0.0,0.0,0.0,0.0,2025,NCAA
"Reyes, Mark",Far Eastern University,22,105976,0,0,90.33,40.536,0,1,0.0,0.0,0.0,0.0,2023,UAAP
"Perez, Angelo",University of Santo Tomas,22,110172,1,1,90.567,36.953,0,0,0.0,0.049,0.049,0.0,2024,Manila Collegiate League
"Perez, Angelo",Adamson University,23,110886,0,0,93.55,42.849,0,1,0.0,0.0,0.0,0.0,2024,NCAA
"Bacnis, Hugo",Ateneo de Manila University,24,118544,2,0,100.92,40.776,2,0,0.091,0.091,0.0,100.0,2025,Manila Collegiate League
"Acebedo, James",Ateneo de Manila University,25,135115,0,0,90.12,33.425,0,0,0.0,0.0,0.0,0.0,2024,Manila Collegiate League
"Libarnes, Jaro",Far Eastern University,23,114679,0,0,86.881,39.89,0,0,0.0,0.0,0.0,0.0,2023,Philippine College
"Aningalan, Jul",Far Eastern University,23,107542,0,0,97.359,38.961,0,1,0.0,0.0,0.0,0.0,2024,UAAP
"Santos, Luis",Adamson University,21,103466,0,0,86.921,39.335,0,1,0.0,0.0,0.0,0.0,2025,NCAA
"Salingay, Sam",Mapúa University,22,101430,0,0,90.146,35.723,0,0,0.0,0.0,0.0,0.0,2023,Philippine College
"Salingay, Sam",University of the Philippines,24,123339,0,0,93.331,37.36,0,0,0.0,0.0,0.0,0.0,2024,Manila Collegiate League
"Mapula, Paul",Lyceum,22,119324,0,0,84.867,38.452,0,1,0.0,0.0,0.0,0.0,2025,Philippine College
"Tagara, Pedro",University of the Philippines,22,100032,0,0,97.111,33.925,0,1,0.0,0.0,0.0,0.0,2025,NCAA
"Salingay, Sam",National University,22,107859,0,0,101.098,38.877,0,0,0.0,0.0,0.0,0.0,2023,UAAP
"Cruz, Jan",University of Santo Tomas,23,107576,1,0,96.336,32.69,1,0,0.05,0.05,0.0,100.0,2025,UAAP
"Barro, Harvy",De La Salle University,23,127806,0,0,99.824,42.312,0,0,0.0,0.0,0.0,0.0,2023,Manila Collegiate League
"Bacnis, Hugo",University of Santo Tomas,21,96198,0,0,93.747,38.823,0,1,0.0,0.0,0.0,0.0,2025,UAAP
"Santos, Luis",University of the Philippines,22,102405,0,0,87.18,38.831,0,0,0.0,0.0,0.0,0.0,2025,Philippine College
"Aningalan, Jul",Far Eastern University,25,133782,1,1,89.942,33.057,0,1,0.0,0.04,0.04,0.0,2024,Philippine College
"Encaya, Pius",Adamson University,23,118907,0,0,92.223,37.165,0,1,0.0,0.0,0.0,0.0,2025,Philippine College
"Bacnis, Hugo",University of the Philippines,24,117091,1,0,97.133,39.079,1,2,0.046,0.046,0.0,100.0,2024,Philippine College
"Bacnis, Hugo",Ateneo de Manila University,22,101520,0,0,94.741,38.122,0,1,0.0,0.0,0.0,0.0,2025,NCAA
"Lopez, Ryan",University of the Philippines,21,96169,0,0,95.156,33.541,0,0,0.0,0.0,0.0,0.0,2023,NCAA
"Encaya, Pius",Mapúa University,26,142397,1,1,96.889,39.15,0,1,0.0,0.038,0.038,0.0,2024,NCAA
"Mapula, Paul",De La Salle University,24,124536,0,0,89.433,39.094,0,1,0.0,0.0,0.0,0.0,2024,Philippine College
"Libarnes, Jaro",Lyceum,22,88521,1,1,95.634,33.77,0,1,0.0,0.061,0.061,0.0,2023,UAAP
"Perez, Angelo",National University,23,117378,1,1,87.289,35.268,0,1,0.0,0.046,0.046,0.0,2023,Philippine College
"Salingay, Sam",National University,24,128994,1,1,88.215,38.705,0,2,0.0,0.042,0.042,0.0,2025,Manila Collegiate League
"Fernandez, Laurence",Adamson University,21,110624,0,0,92.088,40.809,0,0,0.0,0.0,0.0,0.0,2024,NCAA
"Perez, Angelo",Ateneo de Manila University,26,131434,0,0,85.104,33.75,0,0,0.0,0.0,0.0,0.0,2023,Philippine College
"Cruz, Jan",Mapúa University,21,111492,1,0,94.954,37.484,1,0,0.048,0.048,0.0,100.0,2024,Philippine College
"Digal, Diegocarl",Lyceum,24,123665,1,1,90.08,36.451,0,0,0.0,0.044,0.044,0.0,2025,NCAA
"Omitade, Edvard",Lyceum,25,102844,1,0,92.966,37.428,1,2,0.053,0.053,0.0,100.0,2023,Manila Collegiate League
"Omitade, Edvard",San Beda University,22,106245,0,0,94.078,41.1,0,1,0.0,0.0,0.0,0.0,2023,UAAP
"Acebedo, James",Ateneo de Manila University,24,123871,0,0,95.863,40.541,0,1,0.0,0.0,0.0,0.0,2023,Philippine College
"Santos, Luis",Ateneo de Manila University,25,129859,1,0,90.326,35.959,1,1,0.042,0.042,0.0,100.0,2023,NCAA
"Bacnis, Hugo",Adamson University,23,109091,0,0,91.292,34.461,0,0,0.0,0.0,0.0,0.0,2024,NCAA
"Acebedo, James",Lyceum,23,118798,2,0,85.729,37.622,2,0,0.091,0.091,0.0,100.0,2023,Philippine College
"Perez, Angelo",Adamson University,22,116684,0,0,94.266,36.798,0,0,0.0,0.0,0.0,0.0,2023,NCAA
"Mapula, Paul",National University,23,103553,0,0,88.928,38.581,0,0,0.0,0.0,0.0,0.0,2023,UAAP
"Tabelin, Kirvy",De La Salle University,24,101193,2,1,93.902,42.646,1,1,0.053,0.107,0.053,50.0,2025,Manila Collegiate League
"Salingay, Sam",University of Santo Tomas,23,113760,0,0,89.363,40.111,0,2,0.0,0.0,0.0,0.0,2023,UAAP
"Tagara, Pedro",De La Salle University,23,117527,0,0,92.004,36.264,0,0,0.0,0.0,0.0,0.0,2023,Philippine College
"Lopez, Ryan",Lyceum,22,115558,0,0,95.071,35.311,0,0,0.0,0.0,0.0,0.0,2024,UAAP
"Omitade, Edvard",Lyceum,22,107925,0,0,94.559,36.849,0,1,0.0,0.0,0.0,0.0,2023,UAAP
"Santos, Luis",Lyceum,21,93971,0,0,84.023,32.075,0,1,0.0,0.0,0.0,0.0,2025,Manila Collegiate League
"Fernandez, Laurence",University of Santo Tomas,20,98244,0,0,100.584,29.685,0,1,0.0,0.0,0.0,0.0,2025,Manila Collegiate League
"Aningalan, Jul",University of the Philippines,24,128591,0,0,90.805,41.022,0,0,0.0,0.0,0.0,0.0,2025,Manila Collegiate League
"Tabelin, Kirvy",Lyceum,23,114644,0,0,92.515,33.075,0,2,0.0,0.0,0.0,0.0,2023,UAAP
"Tabelin, Kirvy",Ateneo de Manila University,22,114153,0,0,87.91,41.786,0,1,0.0,0.0,0.0,0.0,2025,NCAA
"Barro, Harvy",Far Eastern University,22,102696,1,1,108.799,34.195,0,0,0.0,0.053,0.053,0.0,2025,Manila Collegiate League
"Bacaycay, Kurt",Mapúa University,23,109767,0,0,104.726,35.586,0,0,0.0,0.0,0.0,0.0,2024,Philippine College
"Encaya, Pius",De La Salle University,23,109989,0,0,94.607,37.411,0,1,0.0,0.0,0.0,0.0,2023,UAAP
"Encaya, Pius",Lyceum,25,131895,2,0,85.195,39.924,2,1,0.082,0.082,0.0,100.0,2024,NCAA
"Bacaycay, Kurt",University of Santo Tomas,25,120652,0,0,93.987,40.588,0,2,0.0,0.0,0.0,0.0,2025,NCAA
"Fernandez, Laurence",University of Santo Tomas,23,106617,0,0,97.515,44.265,0,0,0.0,0.0,0.0,0.0,2025,Manila Collegiate League
"Santos, Luis",De La Salle University,22,95740,0,0,98.819,32.502,0,0,0.0,0.0,0.0,0.0,2024,Philippine College
"Omitade, Edvard",National University,25,124924,0,0,89.042,44.013,0,2,0.0,0.0,0.0,0.0,2025,NCAA
"Bacaycay, Kurt",San Beda University,23,131100,0,0,101.759,35.273,0,1,0.0,0.0,0.0,0.0,2024,UAAP
"Encaya, Pius",San Beda University,21,101946,0,0,88.729,39.451,0,0,0.0,0.0,0.0,0.0,2024,Manila Collegiate League
"Omitade, Edvard",University of the Philippines,24,122661,0,0,86.352,41.01,0,0,0.0,0.0,0.0,0.0,2023,Manila Collegiate League
"Perez, Angelo",Lyceum,23,105842,0,0,89.831,41.268,0,0,0.0,0.0,0.0,0.0,2025,Philippine College
"Lopez, Ryan",Adamson University,22,107138,1,0,94.904,34.05,1,2,0.05,0.05,0.0,100.0,2023,Philippine College
"Aningalan, Jul",Adamson University,23,113028,0,0,95.072,37.16,0,0,0.0,0.0,0.0,0.0,2024,UAAP
"Lopez, Ryan",University of Santo Tomas,22,114003,0,0,88.387,29.154,0,1,0.0,0.0,0.0,0.0,2023,Philippine College
"Encaya, Pius",Ateneo de Manila University,23,118566,0,0,84.21,36.859,0,1,0.0,0.0,0.0,0.0,2025,Manila Collegiate League
"Acebedo, James",Mapúa University,25,125961,0,0,100.171,39.541,0,0,0.0,0.0,0.0,0.0,2024,UAAP
"Bacaycay, Kurt",Adamson University,25,130018,0,0,92.739,30.212,0,0,0.0,0.0,0.0,0.0,2025,Manila Collegiate League
"Reyes, Mark",Far Eastern University,24,123664,1,0,92.812,39.321,1,0,0.044,0.044,0.0,100.0,2023,Manila Collegiate League
"Santos, Luis",Adamson University,22,106852,0,0,90.458,40.814,0,0,0.0,0.0,0.0,0.0,2023,Manila Collegiate League
"Aningalan, Jul",Ateneo de Manila University,22,119016,0,0,97.635,41.738,0,0,0.0,0.0,0.0,0.0,2025,Manila Collegiate League
"Barro, Harvy",University of the Philippines,23,100054,2,1,94.186,34.891,1,0,0.054,0.108,0.054,50.0,2025,UAAP
"Bacnis, Hugo",Ateneo de Manila University,22,106771,0,0,99.418,41.731,0,1,0.0,0.0,0.0,0.0,2025,NCAA
"Cruz, Jan",Ateneo de Manila University,23,111521,0,0,88.982,40.356,0,0,0.0,0.0,0.0,0.0,2024,UAAP
"Encaya, Pius",Ateneo de Manila University,24,112505,1,1,95.961,35.552,0,0,0.0,0.048,0.048,0.0,2024,NCAA
"Cruz, Jan",Far Eastern University,23,108653,0,0,87.308,36.298,0,0,0.0,0.0,0.0,0.0,2024,NCAA
"Fernandez, Laurence",De La Salle University,24,119885,0,0,87.534,36.536,0,1,0.0,0.0,0.0,0.0,2023,Manila Collegiate League
"Perez, Angelo",Mapúa University,24,119583,0,0,92.481,33.096,0,0,0.0,0.0,0.0,0.0,2024,Manila Collegiate League
"Tagara, Pedro",De La Salle University,23,108834,0,0,96.409,34.415,0,0,0.0,0.0,0.0,0.0,2025,NCAA
"Libarnes, Jaro",University of Santo Tomas,24,121800,0,0,89.195,40.12,0,1,0.0,0.0,0.0,0.0,2025,UAAP
"Cruz, Jan",Ateneo de Manila University,22,102545,1,1,97.109,36.241,0,0,0.0,0.053,0.053,0.0,2025,NCAA
"Mapula, Paul",Ateneo de Manila University,23,104934,0,0,96.985,33.204,0,0,0.0,0.0,0.0,0.0,2023,UAAP
"Salingay, Sam",Far Eastern University,24,105715,0,0,98.326,39.415,0,1,0.0,0.0,0.0,0.0,2024,NCAA
"Santos, Luis",De La Salle University,23,111530,0,0,93.258,35.006,0,1,0.0,0.0,0.0,0.0,2024,UAAP
"Tabelin, Kirvy",University of the Philippines,23,119372,1,0,88.808,41.223,1,0,0.045,0.045,0.0,100.0,2024,Philippine College
"Escodo, Bel",University of Santo Tomas,25,124957,1,1,93.507,40.984,0,1,0.0,0.043,0.043,0.0,2025,UAAP
"Barro, Harvy",Adamson University,24,116830,0,0,83.959,38.279,0,1,0.0,0.0,0.0,0.0,2025,Manila Collegiate League
"Cruz, Jan",San Beda University,22,112376,1,0,97.193,39.123,1,0,0.048,0.048,0.0,100.0,2023,Manila Collegiate League
"Cruz, Jan",University of the Philippines,24,122642,0,0,100.695,37.693,0,2,0.0,0.0,0.0,0.0,2024,UAAP
"Acebedo, James",University of Santo Tomas,25,123187,0,0,93.324,39.848,0,0,0.0,0.0,0.0,0.0,2024,UAAP
"Tabelin, Kirvy",National University,24,132790,1,1,91.687,41.182,0,1,0.0,0.041,0.041,0.0,2025,Manila Collegiate League
"Lopez, Ryan",University of Santo Tomas,22,106525,0,0,89.53,33.607,0,2,0.0,0.0,0.0,0.0,2025,Manila Collegiate League
"Lopez, Ryan",Far Eastern University,22,104681,0,0,90.676,36.877,0,1,0.0,0.0,0.0,0.0,2025,Philippine College
"Reyes, Mark",Lyceum,23,115843,0,0,90.439,39.403,0,1,0.0,0.0,0.0,0.0,2024,NCAA
"Bacaycay, Kurt",De La Salle University,21,110290,2,0,93.491,36.818,2,0,0.098,0.098,0.0,100.0,2024,NCAA
"Tabelin, Kirvy",National University,24,116002,1,1,91.392,34.435,0,1,0.0,0.047,0.047,0.0,2025,Manila Collegiate League
"Omitade, Edvard",Lyceum,24,116229,0,0,101.631,37.391,0,0,0.0,0.0,0.0,0.0,2024,NCAA
"Perez, Angelo",University of Santo Tomas,21,86928,0,0,89.844,34.183,0,1,0.0,0.0,0.0,0.0,2024,UAAP
"Acebedo, James",University of Santo Tomas,26,134016,2,1,89.314,33.297,1,0,0.04,0.081,0.04,50.0,2023,UAAP
"Omitade, Edvard",Mapúa University,25,131096,1,0,91.829,36.001,1,1,0.041,0.041,0.0,100.0,2025,UAAP
"Libarnes, Jaro",San Beda University,22,116080,0,0,106.249,35.944,0,1,0.0,0.0,0.0,0.0,2023,Manila Collegiate League
"Perez, Angelo",National University,24,118344,0,0,95.235,38.639,0,1,0.0,0.0,0.0,0.0,2025,NCAA
"Libarnes, Jaro",Mapúa University,24,115300,0,0,107.678,32.332,0,1,0.0,0.0,0.0,0.0,2025,Philippine College
"Salingay, Sam",San Beda University,24,114333,0,0,93.231,42.359,0,0,0.0,0.0,0.0,0.0,2023,UAAP
"Perez, Angelo",De La Salle University,23,128067,0,0,89.193,33.64,0,1,0.0,0.0,0.0,0.0,2025,Manila Collegiate League
"Salingay, Sam",Lyceum,23,120517,2,1,88.354,36.587,1,0,0.045,0.09,0.045,50.0,2025,NCAA
"Digal, Diegocarl",De La Salle University,23,118755,0,0,93.914,29.49,0,1,0.0,0.0,0.0,0.0,2023,Manila Collegiate League
"Mapula, Paul",Far Eastern University,25,121865,0,0,96.351,34.672,0,1,0.0,0.0,0.0,0.0,2025,UAAP
"Salingay, Sam",Ateneo de Manila University,22,112377,1,0,80.159,40.937,1,1,0.048,0.048,0.0,100.0,2025,UAAP
"Perez, Angelo",Mapúa University,24,119051,0,0,88.974,33.876,0,0,0.0,0.0,0.0,0.0,2025,NCAA
"Tagara, Pedro",Ateneo de Manila University,24,122197,0,0,96.097,40.537,0,0,0.0,0.0,0.0,0.0,2025,Philippine College
"Fernandez, Laurence",Lyceum,23,120397,0,0,94.493,34.218,0,1,0.0,0.0,0.0,0.0,2024,Philippine College
"Cruz, Jan",National University,23,104963,1,0,92.384,37.554,1,0,0.051,0.051,0.0,100.0,2025,UAAP
"Aningalan, Jul",Ateneo de Manila University,23,111955,1,1,98.683,36.897,0,3,0.0,0.048,0.048,0.0,2024,Philippine College
"Tagara, Pedro",Adamson University,22,116691,0,0,91.174,35.429,0,1,0.0,0.0,0.0,0.0,2024,Manila Collegiate League
"Reyes, Mark",De La Salle University,24,125455,0,0,92.937,37.351,0,1,0.0,0.0,0.0,0.0,2025,NCAA
"Acebedo, James",University of the Philippines,22,113474,1,0,100.111,42.14,1,1,0.048,0.048,0.0,100.0,2023,Manila Collegiate League
"Mapula, Paul",University of the Philippines,24,119899,0,0,89.433,43.454,0,0,0.0,0.0,0.0,0.0,2023,Philippine College
"Acebedo, James",National University,23,98841,2,2,94.676,45.698,0,1,0.0,0.109,0.109,0.0,2023,NCAA
"Tabelin, Kirvy",University of the Philippines,22,117814,0,0,95.581,33.723,0,0,0.0,0.0,0.0,0.0,2024,NCAA
"Escodo, Bel",Adamson University,24,120385,0,0,86.497,37.235,0,1,0.0,0.0,0.0,0.0,2025,Manila Collegiate League
"Escodo, Bel",Mapúa University,24,122351,0,0,85.463,41.864,0,1,0.0,0.0,0.0,0.0,2024,NCAA
"Bacaycay, Kurt",Mapúa University,22,112159,0,0,89.353,39.081,0,2,0.0,0.0,0.0,0.0,2025,NCAA
"Aningalan, Jul",Far Eastern University,23,116907,0,0,86.144,34.374,0,0,0.0,0.0,0.0,0.0,2024,Philippine College
"Tabelin, Kirvy",Far Eastern University,26,118709,3,3,90.18,38.39,0,1,0.0,0.136,0.136,0.0,2023,NCAA
"Libarnes, Jaro",Mapúa University,23,105675,1,0,96.46,34.017,1,0,0.051,0.051,0.0,100.0,2024,UAAP
"Digal, Diegocarl",National University,22,114183,0,0,95.854,40.179,0,1,0.0,0.0,0.0,0.0,2024,NCAA
"Bacaycay, Kurt",Far Eastern University,22,104516,1,1,88.871,35.092,0,1,0.0,0.052,0.052,0.0,2023,NCAA
"Omitade, Edvard",National University,21,106312,0,0,90.781,37.416,0,2,0.0,0.0,0.0,0.0,2025,Manila Collegiate League
"Aningalan, Jul",Mapúa University,21,113890,0,0,88.831,39.425,0,1,0.0,0.0,0.0,0.0,2023,Philippine College
"Encaya, Pius",San Beda University,22,116094,0,0,88.254,38.47,0,1,0.0,0.0,0.0,0.0,2023,Manila Collegiate League
"Mapula, Paul",San Beda University,23,106524,0,0,93.539,30.639,0,1,0.0,0.0,0.0,0.0,2025,UAAP
"Escodo, Bel",Ateneo de Manila University,23,124656,0,0,94.169,36.706,0,1,0.0,0.0,0.0,0.0,2023,NCAA
"Libarnes, Jaro",University of the Philippines,23,103853,0,0,91.569,34.874,0,1,0.0,0.0,0.0,0.0,2024,Philippine College
"Aningalan, Jul",San Beda University,25,131633,0,0,106.151,36.728,0,2,0.0,0.0,0.0,0.0,2025,NCAA
"Libarnes, Jaro",University of the Philippines,21,101050,2,0,90.16,33.179,2,0,0.107,0.107,0.0,100.0,2025,Manila Collegiate League
"Escodo, Bel",University of Santo Tomas,21,96752,0,0,96.108,39.005,0,0,0.0,0.0,0.0,0.0,2023,NCAA
"Acebedo, James",Mapúa University,25,123174,0,0,93.096,28.713,0,0,0.0,0.0,0.0,0.0,2024,Manila Collegiate League
"Aningalan, Jul",Ateneo de Manila University,24,111387,0,0,87.211,41.644,0,1,0.0,0.0,0.0,0.0,2024,NCAA
"Bacnis, Hugo",National University,23,105568,0,0,99.357,33.723,0,1,0.0,0.0,0.0,0.0,2023,UAAP
"Salingay, Sam",University of the Philippines,24,120545,0,0,93.375,35.046,0,0,0.0,0.0,0.0,0.0,2025,Philippine College
"Salingay, Sam",National University,23,115993,0,0,96.15,36.444,0,0,0.0,0.0,0.0,0.0,2024,UAAP
"Barro, Harvy",University of Santo Tomas,21,95743,0,0,86.667,41.141,0,0,0.0,0.0,0.0,0.0,2025,Philippine College
"Libarnes, Jaro",Lyceum,22,106331,0,0,97.316,39.319,0,0,0.0,0.0,0.0,0.0,2025,NCAA
"Omitade, Edvard",Adamson University,23,105486,2,0,87.159,38.176,2,1,0.102,0.102,0.0,100.0,2024,Manila Collegiate League
"Mapula, Paul",Adamson University,23,115627,0,0,101.056,43.976,0,2,0.0,0.0,0.0,0.0,2024,Manila Collegiate League
"Encaya, Pius",Far Eastern University,22,108891,0,0,93.011,33.188,0,2,0.0,0.0,0.0,0.0,2024,NCAA
"Tabelin, Kirvy",Adamson University,23,100459,2,1,108.932,40.562,1,2,0.054,0.108,0.054,50.0,2024,Manila Collegiate League
"Mapula, Paul",National University,22,110718,0,0,94.999,34.655,0,1,0.0,0.0,0.0,0.0,2025,NCAA
"Libarnes, Jaro",Far Eastern University,23,109994,0,0,100.058,34.588,0,0,0.0,0.0,0.0,0.0,2025,NCAA
"Reyes, Mark",Adamson University,23,105598,1,0,92.365,36.94,1,0,0.051,0.051,0.0,100.0,2025,Philippine College
"Tagara, Pedro",De La Salle University,21,93286,0,0,83.904,35.031,0,2,0.0,0.0,0.0,0.0,2025,Philippine College
"Digal, Diegocarl",San Beda University,23,126672,0,0,94.46,41.335,0,1,0.0,0.0,0.0,0.0,2023,UAAP
"Reyes, Mark",De La Salle University,23,106271,0,0,92.69,40.781,0,1,0.0,0.0,0.0,0.0,2024,Philippine College
"Tagara, Pedro",Far Eastern University,23,103344,0,0,92.74,34.322,0,0,0.0,0.0,0.0,0.0,2024,Manila Collegiate League
"Digal, Diegocarl",San Beda University,23,110967,0,0,93.286,38.982,0,1,0.0,0.0,0.0,0.0,2024,Philippine College
"Cruz, Jan",Adamson University,23,102009,1,1,87.573,41.492,0,1,0.0,0.053,0.053,0.0,2024,NCAA
"Bacaycay, Kurt",Adamson University,22,111868,2,0,92.07,43.664,2,1,0.097,0.097,0.0,100.0,2023,NCAA
"Escodo, Bel",University of Santo Tomas,22,109868,1,0,89.589,34.483,1,1,0.049,0.049,0.0,100.0,2024,NCAA
"Tagara, Pedro",University of Santo Tomas,22,113071,0,0,99.819,39.644,0,0,0.0,0.0,0.0,0.0,2024,NCAA
"Digal, Diegocarl",University of the Philippines,24,130207,0,0,96.624,40.636,0,1,0.0,0.0,0.0,0.0,2024,Philippine College
"Escodo, Bel",Mapúa University,25,121600,1,1,88.189,43.69,0,2,0.0,0.044,0.044,0.0,2023,Manila Collegiate League
"Perez, Angelo",De La Salle University,24,115769,0,0,85.908,41.389,0,0,0.0,0.0,0.0,0.0,2023,Manila Collegiate League
"Mapula, Paul",University of the Philippines,23,111560,1,1,98.148,37.774,0,2,0.0,0.048,0.048,0.0,2024,Philippine College
"Cruz, Jan",Mapúa University,23,123458,1,0,93.977,32.227,1,1,0.044,0.044,0.0,100.0,2023,Philippine College
"Bacaycay, Kurt",Ateneo de Manila University,23,103828,4,0,94.986,39.56,4,1,0.208,0.208,0.0,100.0,2025,NCAA
"Digal, Diegocarl",University of the Philippines,24,108991,0,0,95.504,31.878,0,0,0.0,0.0,0.0,0.0,2023,UAAP
"Cruz, Jan",Far Eastern University,22,102722,1,0,97.221,44.352,1,2,0.053,0.053,0.0,100.0,2025,NCAA
"Digal, Diegocarl",De La Salle University,25,122146,1,1,93.655,43.489,0,1,0.0,0.044,0.044,0.0,2024,Philippine College
"Acebedo, James",National University,21,98228,0,0,97.446,38.465,0,1,0.0,0.0,0.0,0.0,2023,UAAP
"Omitade, Edvard",University of Santo Tomas,23,113675,0,0,93.02,34.256,0,0,0.0,0.0,0.0,0.0,2024,Manila Collegiate League
"Barro, Harvy",Mapúa University,22,122728,0,0,93.777,37.14,0,1,0.0,0.0,0.0,0.0,2024,NCAA
"Encaya, Pius",Lyceum,25,113586,1,0,94.08,37.515,1,1,0.048,0.048,0.0,100.0,2024,UAAP
"Bacnis, Hugo",San Beda University,23,131100,0,0,90.962,43.022,0,1,0.0,0.0,0.0,0.0,2024,NCAA
"Barro, Harvy",University of Santo Tomas,21,115114,1,1,91.159,43.077,0,0,0.0,0.047,0.047,0.0,2024,Philippine College
"Digal, Diegocarl",San Beda University,25,133659,1,0,93.021,41.211,1,0,0.04,0.04,0.0,100.0,2023,Manila Collegiate League
"Digal, Diegocarl",Adamson University,22,109037,2,1,97.212,40.045,1,0,0.05,0.099,0.05,50.0,2025,NCAA
"Encaya, Pius",De La Salle University,24,114100,0,0,96.248,37.966,0,2,0.0,0.0,0.0,0.0,2023,Philippine College
"Santos, Luis",National University,24,115209,1,1,90.686,40.986,0,0,0.0,0.047,0.047,0.0,2023,Philippine College
"Barro, Harvy",University of the Philippines,22,110435,0,0,88.035,36.721,0,1,0.0,0.0,0.0,0.0,2025,UAAP
"Reyes, Mark",University of the Philippines,23,115821,2,0,91.351,38.104,2,1,0.093,0.093,0.0,100.0,2025,Manila Collegiate League
"Reyes, Mark",San Beda University,23,124266,1,0,91.78,35.657,1,2,0.043,0.043,0.0,100.0,2024,UAAP
"Barro, Harvy",San Beda University,24,118601,2,0,90.557,39.745,2,0,0.091,0.091,0.0,100.0,2025,Philippine College
"Bacaycay, Kurt",Adamson University,21,102201,1,0,93.416,39.576,1,1,0.053,0.053,0.0,100.0,2023,NCAA
"Acebedo, James",Lyceum,23,121414,1,0,94.009,45.89,1,1,0.044,0.044,0.0,100.0,2025,Philippine College
"Aningalan, Jul",Far Eastern University,24,127993,1,0,90.968,42.066,1,0,0.042,0.042,0.0,100.0,2025,NCAA
"Omitade, Edvard",De La Salle University,23,96324,0,0,97.06,36.217,0,1,0.0,0.0,0.0,0.0,2024,NCAA
"Omitade, Edvard",Lyceum,24,107751,0,0,96.805,39.057,0,1,0.0,0.0,0.0,0.0,2025,Philippine College
"Digal, Diegocarl",Lyceum,23,122942,2,1,93.821,41.945,1,0,0.044,0.088,0.044,50.0,2025,Philippine College
"Aningalan, Jul",Mapúa University,23,114157,1,1,91.566,40.114,0,1,0.0,0.047,0.047,0.0,2025,Manila Collegiate League
"Digal, Diegocarl",Mapúa University,24,132173,2,0,98.394,39.67,2,0,0.082,0.082,0.0,100.0,2025,Philippine College
"Tabelin, Kirvy",Ateneo de Manila University,25,129016,0,0,92.085,35.287,0,1,0.0,0.0,0.0,0.0,2025,Manila Collegiate League
"Lopez, Ryan",National University,25,139945,1,0,88.911,34.05,1,1,0.039,0.039,0.0,100.0,2023,NCAA
"Acebedo, James",Far Eastern University,23,107159,0,0,93.722,43.49,0,0,0.0,0.0,0.0,0.0,2023,NCAA
"Barro, Harvy",San Beda University,23,105544,0,0,95.708,39.094,0,0,0.0,0.0,0.0,0.0,2023,Manila Collegiate League
"Lopez, Ryan",San Beda University,23,113694,1,0,101.359,36.336,1,2,0.047,0.047,0.0,100.0,2024,NCAA
"Tabelin, Kirvy",National University,24,120710,0,0,95.211,39.763,0,1,0.0,0.0,0.0,0.0,2024,NCAA
"Cruz, Jan",University of Santo Tomas,23,110832,1,0,95.516,35.525,1,2,0.049,0.049,0.0,100.0,2023,Manila Collegiate League
"Santos, Luis",San Beda University,24,129011,1,0,97.4,38.93,1,0,0.042,0.042,0.0,100.0,2023,UAAP
"Acebedo, James",National University,22,111280,0,0,91.347,43.617,0,1,0.0,0.0,0.0,0.0,2025,NCAA
"Libarnes, Jaro",De La Salle University,22,116276,0,0,93.165,44.355,0,0,0.0,0.0,0.0,0.0,2023,Manila Collegiate League
"Bacnis, Hugo",De La Salle University,23,127359,2,2,96.966,32.992,0,1,0.0,0.085,0.085,0.0,2023,UAAP
"Perez, Angelo",San Beda University,23,118252,0,0,94.565,37.437,0,1,0.0,0.0,0.0,0.0,2024,Manila Collegiate League
"Salingay, Sam",National University,22,114191,0,0,96.011,41.205,0,1,0.0,0.0,0.0,0.0,2024,Manila Collegiate League
"Cruz, Jan",San Beda University,21,104998,0,0,92.023,40.517,0,1,0.0,0.0,0.0,0.0,2024,UAAP
"Mapula, Paul",Far Eastern University,23,99271,0,0,93.609,42.13,0,1,0.0,0.0,0.0,0.0,2023,Manila Collegiate League
"Omitade, Edvard",Mapúa University,23,93117,0,0,85.27,43.256,0,1,0.0,0.0,0.0,0.0,2025,Philippine College
"Libarnes, Jaro",Lyceum,23,114858,0,0,82.815,33.96,0,1,0.0,0.0,0.0,0.0,2024,UAAP
"Fernandez, Laurence",National University,23,115216,1,0,98.937,38.541,1,1,0.047,0.047,0.0,100.0,2025,UAAP
"Encaya, Pius",University of Santo Tomas,24,132619,0,0,94.522,31.461,0,1,0.0,0.0,0.0,0.0,2025,NCAA
"Digal, Diegocarl",Mapúa University,21,116186,0,0,92.83,39.821,0,1,0.0,0.0,0.0,0.0,2024,Philippine College
"Perez, Angelo",University of Santo Tomas,25,125008,1,0,97.215,37.371,1,0,0.043,0.043,0.0,100.0,2023,UAAP
"Mapula, Paul",Lyceum,23,119757,0,0,92.237,36.806,0,1,0.0,0.0,0.0,0.0,2024,Philippine College
"Barro, Harvy",University of the Philippines,23,121661,2,1,97.532,33.43,1,2,0.044,0.089,0.044,50.0,2024,UAAP
"Bacnis, Hugo",San Beda University,23,116262,0,0,98.264,38.077,0,0,0.0,0.0,0.0,0.0,2024,NCAA
"Bacaycay, Kurt",National University,20,95208,0,0,94.842,34.984,0,1,0.0,0.0,0.0,0.0,2024,UAAP
"Escodo, Bel",National University,23,120127,0,0,95.826,40.985,0,0,0.0,0.0,0.0,0.0,2023,Philippine College
"Barro, Harvy",University of Santo Tomas,22,105867,0,0,88.376,37.002,0,0,0.0,0.0,0.0,0.0,2025,Manila Collegiate League
"Tabelin, Kirvy",University of the Philippines,22,96257,0,0,92.961,40.541,0,1,0.0,0.0,0.0,0.0,2023,Manila Collegiate League
"Perez, Angelo",De La Salle University,23,116705,0,0,87.776,36.504,0,0,0.0,0.0,0.0,0.0,2023,UAAP
"Fernandez, Laurence",De La Salle University,24,116674,1,1,83.867,39.379,0,0,0.0,0.046,0.046,0.0,2025,UAAP
"Acebedo, James",De La Salle University,25,116333,1,0,98.859,38.456,1,1,0.046,0.046,0.0,100.0,2024,Manila Collegiate League
"Aningalan, Jul",De La Salle University,24,122147,0,0,88.614,35.709,0,1,0.0,0.0,0.0,0.0,2025,Philippine College
"Bacaycay, Kurt",Mapúa University,21,98346,0,0,98.113,38.607,0,0,0.0,0.0,0.0,0.0,2025,Manila Collegiate League
"Lopez, Ryan",Mapúa University,24,128050,1,1,102.022,36.959,0,1,0.0,0.042,0.042,0.0,2025,NCAA
"Bacaycay, Kurt",University of the Philippines,24,121444,0,0,88.125,41.171,0,0,0.0,0.0,0.0,0.0,2025,NCAA
"Acebedo, James",Mapúa University,20,96417,2,0,86.677,34.903,2,0,0.112,0.112,0.0,100.0,2024,UAAP
"Lopez, Ryan",Lyceum,23,122646,0,0,95.919,34.962,0,0,0.0,0.0,0.0,0.0,2025,Philippine College
"Bacaycay, Kurt",Far Eastern University,22,104320,0,0,88.429,34.523,0,1,0.0,0.0,0.0,0.0,2024,Manila Collegiate League
"Tabelin, Kirvy",University of the Philippines,24,134270,0,0,94.735,37.134,0,1,0.0,0.0,0.0,0.0,2023,Manila Collegiate League
"Perez, Angelo",Ateneo de Manila University,22,120657,0,0,92.792,33.389,0,1,0.0,0.0,0.0,0.0,2023,NCAA
"Bacaycay, Kurt",National University,24,122567,0,0,97.039,36.189,0,0,0.0,0.0,0.0,0.0,2025,UAAP
"Reyes, Mark",Lyceum,24,133379,0,0,83.557,40.135,0,0,0.0,0.0,0.0,0.0,2023,NCAA
"Bacnis, Hugo",Mapúa University,22,105769,0,0,93.998,41.844,0,0,0.0,0.0,0.0,0.0,2024,Philippine College
"Cruz, Jan",University of Santo Tomas,23,107701,0,0,95.112,38.239,0,1,0.0,0.0,0.0,0.0,2024,NCAA
"Fernandez, Laurence",University of the Philippines,21,100693,0,0,94.147,39.165,0,2,0.0,0.0,0.0,0.0,2025,NCAA
"Mapula, Paul",National University,23,112519,0,0,89.464,46.521,0,1,0.0,0.0,0.0,0.0,2023,NCAA
"Acebedo, James",University of Santo Tomas,22,109572,1,0,92.794,37.689,1,0,0.049,0.049,0.0,100.0,2024,UAAP
"Tagara, Pedro",Mapúa University,23,116938,3,1,87.733,32.748,2,0,0.092,0.139,0.046,66.67,2025,UAAP
"Salingay, Sam",University of the Philippines,25,136155,0,0,87.642,35.271,0,1,0.0,0.0,0.0,0.0,2023,NCAA
"Mapula, Paul",National University,24,113222,0,0,102.25,37.841,0,1,0.0,0.0,0.0,0.0,2024,UAAP
"Cruz, Jan",National University,25,105626,0,0,85.576,38.706,0,0,0.0,0.0,0.0,0.0,2025,UAAP
"Encaya, Pius",Far Eastern University,25,116683,0,0,95.222,44.94,0,2,0.0,0.0,0.0,0.0,2025,NCAA
"Tagara, Pedro",Far Eastern University,24,113866,0,0,95.838,33.845,0,1,0.0,0.0,0.0,0.0,2025,UAAP
"Perez, Angelo",University of the Philippines,24,111813,0,0,95.19,36.563,0,0,0.0,0.0,0.0,0.0,2025,Philippine College
"Lopez, Ryan",National University,24,121616,0,0,95.687,41.031,0,0,0.0,0.0,0.0,0.0,2023,UAAP
"Aningalan, Jul",San Beda University,24,132488,0,0,95.427,32.195,0,1,0.0,0.0,0.0,0.0,2024,UAAP
"Bacaycay, Kurt",Adamson University,24,116299,0,0,97.938,41.081,0,0,0.0,0.0,0.0,0.0,2024,Manila Collegiate League
"Reyes, Mark",University of the Philippines,22,103958,0,0,96.815,40.508,0,1,0.0,0.0,0.0,0.0,2023,Philippine College
"Aningalan, Jul",Far Eastern University,23,111611,0,0,101.982,41.209,0,0,0.0,0.0,0.0,0.0,2024,Manila Collegiate League
"Perez, Angelo",University of Santo Tomas,25,116546,0,0,93.285,36.239,0,0,0.0,0.0,0.0,0.0,2023,NCAA
"Escodo, Bel",Ateneo de Manila University,21,95666,1,0,87.157,37.151,1,0,0.056,0.056,0.0,100.0,2024,Philippine College
"Digal, Diegocarl",San Beda University,22,112109,0,0,97.767,42.413,0,1,0.0,0.0,0.0,0.0,2023,Philippine College
"Digal, Diegocarl",Mapúa University,22,93451,1,0,93.168,36.816,1,2,0.058,0.058,0.0,100.0,2024,NCAA
"Perez, Angelo",University of the Philippines,23,97774,1,0,91.305,39.146,1,2,0.055,0.055,0.0,100.0,2025,NCAA
"Perez, Angelo",University of Santo Tomas,22,111648,0,0,97.552,29.627,0,0,0.0,0.0,0.0,0.0,2023,Philippine College
"Reyes, Mark",Ateneo de Manila University,24,111082,0,0,93.507,39.152,0,1,0.0,0.0,0.0,0.0,2025,Philippine College
"Salingay, Sam",University of Santo Tomas,21,99965,0,0,85.722,39.93,0,0,0.0,0.0,0.0,0.0,2025,UAAP
"Escodo, Bel",University of Santo Tomas,24,116178,0,0,92.374,39.466,0,1,0.0,0.0,0.0,0.0,2024,Manila Collegiate League
"Acebedo, James",National University,24,128190,1,1,97.67,39.979,0,1,0.0,0.042,0.042,0.0,2024,NCAA
"Lopez, Ryan",National University,23,120509,0,0,90.061,32.012,0,1,0.0,0.0,0.0,0.0,2025,Manila Collegiate League
"Perez, Angelo",Ateneo de Manila University,23,119341,0,0,100.364,35.472,0,2,0.0,0.0,0.0,0.0,2024,Manila Collegiate League
"Lopez, Ryan",Lyceum,21,101938,0,0,92.855,34.136,0,1,0.0,0.0,0.0,0.0,2023,UAAP
"Encaya, Pius",Mapúa University,22,125400,0,0,93.456,35.976,0,0,0.0,0.0,0.0,0.0,2025,Philippine College
"Perez, Angelo",University of Santo Tomas,23,112663,0,0,90.827,39.492,0,2,0.0,0.0,0.0,0.0,2023,UAAP
"Bacnis, Hugo",Ateneo de Manila University,24,108291,3,0,92.754,37.284,3,0,0.15,0.15,0.0,100.0,2024,Manila Collegiate League
"Cruz, Jan",San Beda University,24,111006,0,0,88.914,43.473,0,1,0.0,0.0,0.0,0.0,2023,UAAP
"Tabelin, Kirvy",Mapúa University,21,101826,0,0,94.263,37.926,0,0,0.0,0.0,0.0,0.0,2025,Manila Collegiate League
"Tagara, Pedro",Far Eastern University,23,110739,0,0,92.092,32.652,0,1,0.0,0.0,0.0,0.0,2025,UAAP
"Fernandez, Laurence",Ateneo de Manila University,24,103558,0,0,91.453,31.276,0,1,0.0,0.0,0.0,0.0,2024,NCAA
"Lopez, Ryan",Ateneo de Manila University,21,87453,1,1,92.189,37.844,0,2,0.0,0.062,0.062,0.0,2024,Manila Collegiate League
"Perez, Angelo",Mapúa University,22,107732,0,0,97.762,41.076,0,1,0.0,0.0,0.0,0.0,2023,NCAA
"Acebedo, James",Adamson University,23,131100,1,0,96.872,40.696,1,1,0.041,0.041,0.0,100.0,2025,NCAA
"Salingay, Sam",Mapúa University,21,106532,1,0,97.81,33.488,1,2,0.051,0.051,0.0,100.0,2024,NCAA
"Escodo, Bel",Mapúa University,23,99587,0,0,100.535,36.136,0,1,0.0,0.0,0.0,0.0,2025,UAAP
"Cruz, Jan",Far Eastern University,21,101626,0,0,99.159,39.829,0,2,0.0,0.0,0.0,0.0,2024,Philippine College
"Escodo, Bel",Far Eastern University,23,115517,0,0,89.374,37.218,0,1,0.0,0.0,0.0,0.0,2025,UAAP
"Cruz, Jan",University of the Philippines,23,114289,2,0,89.964,34.016,2,2,0.094,0.094,0.0,100.0,2025,Manila Collegiate League
"Acebedo, James",Adamson University,23,112573,0,0,99.952,33.025,0,1,0.0,0.0,0.0,0.0,2025,UAAP
"Tagara, Pedro",Lyceum,23,116655,0,0,96.454,37.139,0,1,0.0,0.0,0.0,0.0,2025,NCAA
"Escodo, Bel",Mapúa University,24,119845,0,0,93.923,37.748,0,2,0.0,0.0,0.0,0.0,2023,Manila Collegiate League
"Aningalan, Jul",De La Salle University,24,119873,0,0,90.336,39.132,0,1,0.0,0.0,0.0,0.0,2024,Philippine College
"Barro, Harvy",University of Santo Tomas,24,115282,0,0,89.054,37.112,0,1,0.0,0.0,0.0,0.0,2025,NCAA
"Tabelin, Kirvy",University of Santo Tomas,25,125963,2,0,90.631,42.392,2,3,0.086,0.086,0.0,100.0,2024,UAAP
"Mapula, Paul",Ateneo de Manila University,21,108805,0,0,100.497,36.715,0,1,0.0,0.0,0.0,0.0,2025,UAAP
"Digal, Diegocarl",Adamson University,25,133725,0,0,88.06,34.071,0,0,0.0,0.0,0.0,0.0,2024,UAAP
"Salingay, Sam",University of the Philippines,24,116408,1,0,95.361,38.108,1,1,0.046,0.046,0.0,100.0,2024,Philippine College
"Bacaycay, Kurt",Ateneo de Manila University,21,92476,0,0,90.935,35.054,0,0,0.0,0.0,0.0,0.0,2023,Manila Collegiate League
"Barro, Harvy",Ateneo de Manila University,23,102983,0,0,93.388,41.464,0,1,0.0,0.0,0.0,0.0,2023,NCAA
"Mapula, Paul",Adamson University,22,97167,0,0,88.317,33.447,0,1,0.0,0.0,0.0,0.0,2025,Philippine College
"Barro, Harvy",University of Santo Tomas,23,125368,0,0,97.751,36.547,0,0,0.0,0.0,0.0,0.0,2025,Philippine College
"Escodo, Bel",Mapúa University,23,112858,0,0,90.465,36.118,0,1,0.0,0.0,0.0,0.0,2023,NCAA
"Tagara, Pedro",San Beda University,23,113741,0,0,97.412,37.088,0,0,0.0,0.0,0.0,0.0,2025,NCAA
"Tagara, Pedro",University of the Philippines,21,106154,1,0,90.988,40.636,1,2,0.051,0.051,0.0,100.0,2024,NCAA
"Aningalan, Jul",Mapúa University,23,116151,1,1,89.457,38.299,0,1,0.0,0.046,0.046,0.0,2024,Philippine College
"Digal, Diegocarl",Far Eastern University,24,124196,0,0,95.618,36.484,0,1,0.0,0.0,0.0,0.0,2025,Philippine College
"Lopez, Ryan",Lyceum,24,116731,0,0,92.064,33.251,0,0,0.0,0.0,0.0,0.0,2024,UAAP
"Tabelin, Kirvy",National University,24,113422,1,0,92.711,32.857,1,1,0.048,0.048,0.0,100.0,2024,Manila Collegiate League
"Encaya, Pius",Mapúa University,23,101599,0,0,97.515,34.098,0,1,0.0,0.0,0.0,0.0,2023,UAAP
"Lopez, Ryan",University of the Philippines,22,80390,0,0,95.051,36.419,0,1,0.0,0.0,0.0,0.0,2023,UAAP
"Lopez, Ryan",Far Eastern University,22,108215,0,0,94.483,46.924,0,2,0.0,0.0,0.0,0.0,2023,Manila Collegiate League
"Reyes, Mark",De La Salle University,23,121850,2,0,83.305,37.7,2,1,0.089,0.089,0.0,100.0,2024,NCAA
"Tagara, Pedro",San Beda University,23,119605,0,0,85.402,37.365,0,2,0.0,0.0,0.0,0.0,2023,Manila Collegiate League
"Aningalan, Jul",San Beda University,25,141856,2,0,90.855,37.82,2,1,0.076,0.076,0.0,100.0,2025,UAAP
"Lopez, Ryan",De La Salle University,22,116873,1,0,86.36,43.325,1,1,0.046,0.046,0.0,100.0,2024,Manila Collegiate League
"Tagara, Pedro",National University,23,108630,0,0,95.258,36.574,0,1,0.0,0.0,0.0,0.0,2024,Philippine College
"Escodo, Bel",De La Salle University,22,101289,0,0,91.22,34.537,0,1,0.0,0.0,0.0,0.0,2024,Philippine College
"Bacaycay, Kurt",San Beda University,22,115605,1,1,97.844,39.554,0,0,0.0,0.047,0.047,0.0,2023,Philippine College
"Escodo, Bel",Far Eastern University,22,102278,2,0,91.627,35.655,2,1,0.106,0.106,0.0,100.0,2023,Manila Collegiate League
"Perez, Angelo",National University,24,123744,0,0,85.302,40.152,0,1,0.0,0.0,0.0,0.0,2023,NCAA
"Omitade, Edvard",De La Salle University,24,112623,1,0,94.217,38.516,1,2,0.048,0.048,0.0,100.0,2025,UAAP
"Bacaycay, Kurt",De La Salle University,23,121012,2,0,88.007,32.398,2,0,0.089,0.089,0.0,100.0,2025,Philippine College
"Barro, Harvy",National University,24,111866,2,0,91.481,34.747,2,2,0.097,0.097,0.0,100.0,2025,NCAA
"Reyes, Mark",Adamson University,24,120162,0,0,89.553,38.436,0,2,0.0,0.0,0.0,0.0,2023,Manila Collegiate League
"Digal, Diegocarl",Adamson University,22,109064,1,0,97.071,35.577,1,1,0.05,0.05,0.0,100.0,2023,UAAP
"Mapula, Paul",Lyceum,25,114340,0,0,101.767,36.673,0,0,0.0,0.0,0.0,0.0,2025,Philippine College
"Bacaycay, Kurt",Lyceum,24,110913,0,0,90.324,32.805,0,1,0.0,0.0,0.0,0.0,2024,UAAP
"Perez, Angelo",De La Salle University,24,117904,1,0,99.712,37.445,1,2,0.046,0.046,0.0,100.0,2024,Manila Collegiate League
"Digal, Diegocarl",University of the Philippines,24,124146,0,0,88.276,34.608,0,1,0.0,0.0,0.0,0.0,2024,NCAA
"Mapula, Paul",Ateneo de Manila University,23,121069,0,0,94.939,38.889,0,0,0.0,0.0,0.0,0.0,2023,Manila Collegiate League
"Acebedo, James",Adamson University,23,102313,2,0,90.438,35.188,2,0,0.106,0.106,0.0,100.0,2025,UAAP
"Reyes, Mark",Far Eastern University,25,125278,0,0,87.506,36.553,0,1,0.0,0.0,0.0,0.0,2023,Philippine College
"Mapula, Paul",De La Salle University,23,105565,0,0,86.036,37.423,0,0,0.0,0.0,0.0,0.0,2023,UAAP
"Salingay, Sam",Mapúa University,23,104408,2,0,105.532,34.681,2,0,0.103,0.103,0.0,100.0,2025,UAAP
"Mapula, Paul",Far Eastern University,22,107843,0,0,97.807,40.827,0,0,0.0,0.0,0.0,0.0,2023,Manila Collegiate League
"Lopez, Ryan",Far Eastern University,24,128947,0,0,85.821,41.76,0,0,0.0,0.0,0.0,0.0,2025,Manila Collegiate League
"Bacnis, Hugo",Lyceum,23,115226,0,0,92.14,35.814,0,1,0.0,0.0,0.0,0.0,2023,Manila Collegiate League
"Reyes, Mark",Mapúa University,26,127965,0,0,85.933,45.142,0,1,0.0,0.0,0.0,0.0,2023,UAAP
"Perez, Angelo",University of Santo Tomas,24,113864,1,0,98.286,35.875,1,1,0.047,0.047,0.0,100.0,2024,NCAA
"Omitade, Edvard",University of the Philippines,25,131710,0,0,100.035,39.068,0,0,0.0,0.0,0.0,0.0,2023,NCAA
"Perez, Angelo",Lyceum,24,111286,0,0,98.128,34.983,0,0,0.0,0.0,0.0,0.0,2023,Philippine College
"Reyes, Mark",Far Eastern University,24,118084,0,0,92.849,38.875,0,0,0.0,0.0,0.0,0.0,2024,NCAA
"Tagara, Pedro",Adamson University,22,109305,0,0,100.641,38.323,0,0,0.0,0.0,0.0,0.0,2025,NCAA
"Tagara, Pedro",Lyceum,23,107349,0,0,94.795,35.351,0,1,0.0,0.0,0.0,0.0,2024,NCAA
"Fernandez, Laurence",Adamson University,22,114248,0,0,100.706,37.368,0,1,0.0,0.0,0.0,0.0,2025,UAAP
"Libarnes, Jaro",Mapúa University,21,107829,2,0,88.354,41.653,2,0,0.1,0.1,0.0,100.0,2024,Manila Collegiate League
"Encaya, Pius",Mapúa University,23,106337,0,0,87.881,41.199,0,2,0.0,0.0,0.0,0.0,2025,UAAP
"Perez, Angelo",Ateneo de Manila University,24,117579,1,0,90.624,36.068,1,1,0.046,0.046,0.0,100.0,2024,UAAP
"Tagara, Pedro",Lyceum,24,117166,0,0,94.429,34.34,0,1,0.0,0.0,0.0,0.0,2023,NCAA
"Bacnis, Hugo",De La Salle University,24,107592,1,0,99.389,40.833,1,0,0.05,0.05,0.0,100.0,2023,UAAP
"Tabelin, Kirvy",University of Santo Tomas,23,102215,0,0,95.78,30.05,0,0,0.0,0.0,0.0,0.0,2025,UAAP
"Bacnis, Hugo",Adamson University,22,110732,0,0,97.188,37.829,0,2,0.0,0.0,0.0,0.0,2023,NCAA
"Fernandez, Laurence",De La Salle University,25,134949,0,0,94.388,33.883,0,0,0.0,0.0,0.0,0.0,2024,Philippine College
"Santos, Luis",De La Salle University,23,110884,1,0,100.06,42.521,1,1,0.049,0.049,0.0,100.0,2023,Manila Collegiate League
"Mapula, Paul",San Beda University,24,112186,0,0,90.027,37.356,0,2,0.0,0.0,0.0,0.0,2025,UAAP
"Cruz, Jan",De La Salle University,24,109732,0,0,91.409,36.15,0,1,0.0,0.0,0.0,0.0,2025,Manila Collegiate League
"Tagara, Pedro",National University,23,104741,0,0,93.619,38.094,0,1,0.0,0.0,0.0,0.0,2025,NCAA
"Tagara, Pedro",Far Eastern University,21,99967,0,0,89.691,38.664,0,2,0.0,0.0,0.0,0.0,2024,Philippine College
"Santos, Luis",University of the Philippines,24,134633,0,0,92.166,33.198,0,0,0.0,0.0,0.0,0.0,2023,UAAP
"Barro, Harvy",Adamson University,22,94108,0,0,88.936,37.367,0,1,0.0,0.0,0.0,0.0,2025,NCAA
"Cruz, Jan",Far Eastern University,23,108977,0,0,90.884,36.196,0,0,0.0,0.0,0.0,0.0,2024,NCAA
"Mapula, Paul",De La Salle University,22,109681,0,0,101.007,37.69,0,1,0.0,0.0,0.0,0.0,2023,Philippine College
"Encaya, Pius",San Beda University,22,113973,1,0,85.565,39.432,1,1,0.047,0.047,0.0,100.0,2024,NCAA
"Encaya, Pius",San Beda University,25,132140,0,0,102.041,40.706,0,2,0.0,0.0,0.0,0.0,2024,Manila Collegiate League
"Digal, Diegocarl",University of the Philippines,23,131100,1,1,99.4,40.894,0,0,0.0,0.041,0.041,0.0,2024,Manila Collegiate League
"Salingay, Sam",University of Santo Tomas,24,117718,0,0,97.364,37.065,0,1,0.0,0.0,0.0,0.0,2023,Philippine College
"Aningalan, Jul",University of the Philippines,22,103038,0,0,99.674,42.207,0,0,0.0,0.0,0.0,0.0,2023,NCAA
"Perez, Angelo",Lyceum,23,113975,0,0,93.644,33.239,0,2,0.0,0.0,0.0,0.0,2023,UAAP
"Aningalan, Jul",San Beda University,22,94866,1,1,101.839,37.351,0,0,0.0,0.057,0.057,0.0,2024,NCAA
"Bacnis, Hugo",University of the Philippines,21,100763,0,0,90.432,35.386,0,0,0.0,0.0,0.0,0.0,2023,Manila Collegiate League
"Perez, Angelo",University of the Philippines,22,106344,0,0,86.076,34.071,0,1,0.0,0.0,0.0,0.0,2025,NCAA
"Bacnis, Hugo",Far Eastern University,24,103754,0,0,93.355,41.607,0,1,0.0,0.0,0.0,0.0,2024,UAAP
"Tagara, Pedro",Lyceum,23,101226,0,0,88.21,37.44,0,1,0.0,0.0,0.0,0.0,2023,UAAP
"Tabelin, Kirvy",Adamson University,22,115649,1,1,97.257,42.86,0,1,0.0,0.047,0.047,0.0,2025,UAAP
"Fernandez, Laurence",Ateneo de Manila University,24,124615,1,0,86.457,37.184,1,0,0.043,0.043,0.0,100.0,2024,NCAA
"Santos, Luis",Ateneo de Manila University,24,107005,0,0,89.064,35.952,0,1,0.0,0.0,0.0,0.0,2023,NCAA
"Bacaycay, Kurt",University of Santo Tomas,23,107335,0,0,89.898,45.878,0,0,0.0,0.0,0.0,0.0,2025,Philippine College
"Libarnes, Jaro",Mapúa University,23,117396,1,0,88.798,33.934,1,0,0.046,0.046,0.0,100.0,2024,NCAA
"Digal, Diegocarl",Lyceum,23,104806,1,1,88.361,36.787,0,1,0.0,0.052,0.052,0.0,2024,Manila Collegiate League
"Santos, Luis",National University,22,82677,0,0,89.645,33.729,0,1,0.0,0.0,0.0,0.0,2024,UAAP
"Tabelin, Kirvy",Lyceum,22,115316,0,0,82.295,40.627,0,0,0.0,0.0,0.0,0.0,2023,NCAA
"Salingay, Sam",Lyceum,23,120173,0,0,96.792,38.496,0,0,0.0,0.0,0.0,0.0,2023,NCAA
"Omitade, Edvard",Mapúa University,24,123438,0,0,96.37,36.378,0,0,0.0,0.0,0.0,0.0,2025,NCAA
"Lopez, Ryan",Adamson University,24,116712,0,0,90.859,40.467,0,1,0.0,0.0,0.0,0.0,2025,NCAA
"Lopez, Ryan",Ateneo de Manila University,25,126806,0,0,97.366,36.583,0,1,0.0,0.0,0.0,0.0,2025,UAAP
"Digal, Diegocarl",University of the Philippines,22,100773,0,0,95.544,36.172,0,1,0.0,0.0,0.0,0.0,2025,Philippine College
"Tabelin, Kirvy",Mapúa University,24,128690,3,0,93.749,33.536,3,1,0.126,0.126,0.0,100.0,2025,NCAA
"Acebedo, James",De La Salle University,24,127848,1,1,95.081,41.555,0,1,0.0,0.042,0.042,0.0,2023,UAAP
"Encaya, Pius",De La Salle University,21,104157,0,0,93.323,35.466,0,2,0.0,0.0,0.0,0.0,2024,NCAA
"Tabelin, Kirvy",Lyceum,24,113798,0,0,96.997,37.415,0,0,0.0,0.0,0.0,0.0,2023,Philippine College
"Salingay, Sam",De La Salle University,22,102274,1,0,92.563,36.204,1,0,0.053,0.053,0.0,100.0,2024,Manila Collegiate League
"Aningalan, Jul",University of the Philippines,23,123571,0,0,94.261,40.938,0,1,0.0,0.0,0.0,0.0,2025,NCAA
"Mapula, Paul",University of Santo Tomas,23,122816,0,0,93.315,36.16,0,0,0.0,0.0,0.0,0.0,2023,NCAA
"Lopez, Ryan",Mapúa University,23,116408,1,0,87.341,42.804,1,0,0.046,0.046,0.0,100.0,2023,UAAP
"Mapula, Paul",Ateneo de Manila University,22,93293,0,0,91.079,44.949,0,2,0.0,0.0,0.0,0.0,2024,UAAP
"Reyes, Mark",Ateneo de Manila University,25,130422,0,0,98.723,30.443,0,1,0.0,0.0,0.0,0.0,2024,Manila Collegiate League
"Mapula, Paul",San Beda University,22,115092,1,1,89.721,41.926,0,0,0.0,0.047,0.047,0.0,2023,UAAP
"Reyes, Mark",Far Eastern University,26,142155,0,0,92.589,35.417,0,0,0.0,0.0,0.0,0.0,2023,UAAP
"Encaya, Pius",University of Santo Tomas,24,122523,1,0,91.27,36.292,1,0,0.044,0.044,0.0,100.0,2024,NCAA
"Salingay, Sam",Lyceum,24,112405,0,0,98.111,40.178,0,2,0.0,0.0,0.0,0.0,2024,Manila Collegiate League
"Salingay, Sam",Mapúa University,26,127227,1,1,97.19,36.55,0,2,0.0,0.042,0.042,0.0,2023,Manila Collegiate League
"Digal, Diegocarl",De La Salle University,22,106304,0,0,90.329,34.883,0,1,0.0,0.0,0.0,0.0,2024,NCAA
"Omitade, Edvard",De La Salle University,23,114563,1,0,88.562,35.125,1,1,0.047,0.047,0.0,100.0,2023,Philippine College
"Mapula, Paul",University of Santo Tomas,23,123823,1,0,94.962,39.427,1,1,0.044,0.044,0.0,100.0,2023,Manila Collegiate League
"Perez, Angelo",De La Salle University,23,121552,2,0,96.801,37.296,2,0,0.089,0.089,0.0,100.0,2023,NCAA
"Fernandez, Laurence",Ateneo de Manila University,22,114409,0,0,98.256,38.121,0,1,0.0,0.0,0.0,0.0,2023,Manila Collegiate League
"Aningalan, Jul",Lyceum,23,105015,1,0,87.107,36.937,1,0,0.051,0.051,0.0,100.0,2025,Manila Collegiate League
"Digal, Diegocarl",National University,23,117633,0,0,90.47,41.362,0,0,0.0,0.0,0.0,0.0,2024,Philippine College
"Aningalan, Jul",University of the Philippines,22,112274,1,0,87.938,40.276,1,1,0.048,0.048,0.0,100.0,2024,Manila Collegiate League
"Encaya, Pius",National University,23,121384,1,1,99.258,41.467,0,1,0.0,0.044,0.044,0.0,2025,Manila Collegiate League
"Acebedo, James",Adamson University,24,119561,2,0,95.146,37.041,2,1,0.09,0.09,0.0,100.0,2024,Manila Collegiate League
"Escodo, Bel",Ateneo de Manila University,24,114752,0,0,97.388,36.692,0,3,0.0,0.0,0.0,0.0,2023,Philippine College
"Santos, Luis",De La Salle University,24,119520,0,0,95.451,36.491,0,1,0.0,0.0,0.0,0.0,2024,Manila Collegiate League
"Aningalan, Jul",Adamson University,25,120150,0,0,96.509,45.096,0,2,0.0,0.0,0.0,0.0,2024,UAAP
"Mapula, Paul",Lyceum,21,107140,0,0,96.195,36.341,0,1,0.0,0.0,0.0,0.0,2024,Philippine College
"Bacaycay, Kurt",National University,22,108571,1,0,89.553,38.548,1,0,0.05,0.05,0.0,100.0,2023,Philippine College
"Encaya, Pius",San Beda University,25,127036,0,0,90.483,45.455,0,1,0.0,0.0,0.0,0.0,2025,UAAP
"Escodo, Bel",De La Salle University,23,103431,0,0,89.011,39.725,0,1,0.0,0.0,0.0,0.0,2025,UAAP
"Lopez, Ryan",University of Santo Tomas,23,105898,1,0,94.118,31.417,1,1,0.051,0.051,0.0,100.0,2023,Philippine College
"Digal, Diegocarl",Far Eastern University,24,104909,0,0,92.182,37.433,0,1,0.0,0.0,0.0,0.0,2024,Manila Collegiate League
"Barro, Harvy",National University,21,109810,0,0,85.98,32.529,0,1,0.0,0.0,0.0,0.0,2025,UAAP
"Perez, Angelo",National University,22,102567,0,0,93.65,36.831,0,0,0.0,0.0,0.0,0.0,2023,NCAA
"Fernandez, Laurence",Lyceum,24,120339,0,0,89.094,33.968,0,0,0.0,0.0,0.0,0.0,2024,Manila Collegiate League
"Salingay, Sam",Mapúa University,23,113594,0,0,97.713,30.101,0,1,0.0,0.0,0.0,0.0,2025,UAAP
"Escodo, Bel",University of the Philippines,24,113450,0,0,95.43,39.56,0,2,0.0,0.0,0.0,0.0,2024,UAAP
"Tabelin, Kirvy",National University,24,121793,0,0,89.614,35.752,0,0,0.0,0.0,0.0,0.0,2024,Philippine College
"Tabelin, Kirvy",University of Santo Tomas,23,115205,1,0,96.981,34.297,1,1,0.047,0.047,0.0,100.0,2023,NCAA
"Salingay, Sam",University of Santo Tomas,24,117584,0,0,90.49,39.452,0,1,0.0,0.0,0.0,0.0,2025,Philippine College
"Reyes, Mark",Far Eastern University,23,114784,0,0,85.259,37.817,0,0,0.0,0.0,0.0,0.0,2023,Philippine College
"Tabelin, Kirvy",National University,23,113895,0,0,87.365,42.847,0,1,0.0,0.0,0.0,0.0,2025,UAAP
"Encaya, Pius",University of the Philippines,21,106339,0,0,100.141,35.881,0,0,0.0,0.0,0.0,0.0,2025,Philippine College
"Bacnis, Hugo",San Beda University,23,126978,0,0,91.179,38.917,0,1,0.0,0.0,0.0,0.0,2023,UAAP
"Cruz, Jan",University of Santo Tomas,23,117958,2,2,91.615,37.463,0,1,0.0,0.092,0.092,0.0,2024,Philippine College
"Omitade, Edvard",De La Salle University,23,108624,0,0,102.797,36.973,0,0,0.0,0.0,0.0,0.0,2025,UAAP
"Mapula, Paul",National University,23,114860,0,0,88.474,35.424,0,1,0.0,0.0,0.0,0.0,2025,Philippine College
"Santos, Luis",University of Santo Tomas,21,108230,0,0,88.558,43.764,0,0,0.0,0.0,0.0,0.0,2024,UAAP
"Bacnis, Hugo",Lyceum,24,100169,0,0,90.691,33.074,0,1,0.0,0.0,0.0,0.0,2023,Philippine College
"Libarnes, Jaro",De La Salle University,23,120213,0,0,87.058,39.772,0,2,0.0,0.0,0.0,0.0,2025,UAAP
"Bacnis, Hugo",National University,22,109377,0,0,94.357,33.381,0,0,0.0,0.0,0.0,0.0,2023,Philippine College
"Digal, Diegocarl",University of Santo Tomas,23,115850,0,0,96.463,34.897,0,1,0.0,0.0,0.0,0.0,2025,Philippine College
"Perez, Angelo",Adamson University,23,125467,0,0,89.731,36.756,0,0,0.0,0.0,0.0,0.0,2023,UAAP
"Barro, Harvy",Lyceum,22,100849,0,0,90.689,41.906,0,2,0.0,0.0,0.0,0.0,2024,Philippine College
"Barro, Harvy",Lyceum,22,118316,1,0,97.607,41.535,1,0,0.046,0.046,0.0,100.0,2023,Manila Collegiate League
"Encaya, Pius",De La Salle University,21,95669,1,1,100.314,36.228,0,1,0.0,0.056,0.056,0.0,2024,UAAP
"Salingay, Sam",Adamson University,25,122274,0,0,98.914,32.531,0,2,0.0,0.0,0.0,0.0,2025,UAAP
"Aningalan, Jul",San Beda University,24,123509,1,1,94.609,33.972,0,1,0.0,0.044,0.044,0.0,2025,UAAP
"Acebedo, James",Adamson University,21,100203,0,0,85.675,43.251,0,0,0.0,0.0,0.0,0.0,2024,Manila Collegiate League
"Encaya, Pius",De La Salle University,22,105608,0,0,89.101,39.891,0,0,0.0,0.0,0.0,0.0,2023,Philippine College
"Encaya, Pius",Adamson University,22,102143,0,0,91.132,39.685,0,0,0.0,0.0,0.0,0.0,2024,Manila Collegiate League
"Perez, Angelo",University of the Philippines,23,104343,1,0,103.25,33.147,1,1,0.052,0.052,0.0,100.0,2025,UAAP
"Digal, Diegocarl",Lyceum,24,128988,3,0,94.585,34.255,3,2,0.126,0.126,0.0,100.0,2024,Philippine College
"Barro, Harvy",University of the Philippines,24,113751,0,0,90.545,41.56,0,1,0.0,0.0,0.0,0.0,2024,Philippine College
"Mapula, Paul",National University,22,105054,0,0,92.856,40.058,0,0,0.0,0.0,0.0,0.0,2024,Manila Collegiate League
"Salingay, Sam",Lyceum,22,101083,0,0,90.616,36.587,0,2,0.0,0.0,0.0,0.0,2024,Philippine College
"Mapula, Paul",Far Eastern University,23,115528,0,0,90.835,36.209,0,0,0.0,0.0,0.0,0.0,2024,Philippine College
"Santos, Luis",De La Salle University,25,118327,0,0,100.936,38.239,0,1,0.0,0.0,0.0,0.0,2025,NCAA
"Reyes, Mark",San Beda University,25,120532,1,0,93.724,34.49,1,1,0.045,0.045,0.0,100.0,2024,Philippine College
"Escodo, Bel",University of the Philippines,24,124460,0,0,92.246,34.226,0,0,0.0,0.0,0.0,0.0,2025,UAAP
"Perez, Angelo",Mapúa University,23,105634,0,0,90.095,39.186,0,0,0.0,0.0,0.0,0.0,2023,Manila Collegiate League
"Tabelin, Kirvy",Mapúa University,22,116221,1,0,100.815,34.197,1,1,0.046,0.046,0.0,100.0,2025,Philippine College
"Omitade, Edvard",University of Santo Tomas,23,107142,0,0,92.064,35.761,0,1,0.0,0.0,0.0,0.0,2024,UAAP
"Reyes, Mark",University of Santo Tomas,21,102893,0,0,93.734,34.477,0,1,0.0,0.0,0.0,0.0,2025,NCAA
"Bacnis, Hugo",University of Santo Tomas,23,115339,0,0,85.406,33.975,0,0,0.0,0.0,0.0,0.0,2023,UAAP
"Digal, Diegocarl",Ateneo de Manila University,25,112122,1,0,86.876,38.716,1,0,0.048,0.048,0.0,100.0,2023,NCAA
"Escodo, Bel",Far Eastern University,23,110380,0,0,94.512,32.793,0,1,0.0,0.0,0.0,0.0,2024,Manila Collegiate League
"Omitade, Edvard",De La Salle University,21,104578,0,0,95.071,40.651,0,0,0.0,0.0,0.0,0.0,2023,UAAP
"Bacnis, Hugo",Ateneo de Manila University,22,105067,0,0,94.025,35.645,0,1,0.0,0.0,0.0,0.0,2024,NCAA
"Omitade, Edvard",Ateneo de Manila University,21,114337,1,0,92.742,33.032,1,0,0.047,0.047,0.0,100.0,2023,Philippine College
"Mapula, Paul",San Beda University,23,125941,1,0,82.589,37.26,1,1,0.043,0.043,0.0,100.0,2025,Manila Collegiate League
"Barro, Harvy",Mapúa University,23,103694,1,0,91.302,27.645,1,1,0.052,0.052,0.0,100.0,2023,Philippine College
"Tabelin, Kirvy",Far Eastern University,21,89214,1,1,95.5,37.707,0,2,0.0,0.061,0.061,0.0,2024,Philippine College
"Fernandez, Laurence",De La Salle University,23,125081,0,0,98.078,42.179,0,1,0.0,0.0,0.0,0.0,2025,Philippine College
"Perez, Angelo",Ateneo de Manila University,23,108632,1,1,89.112,35.845,0,1,0.0,0.05,0.05,0.0,2025,Manila Collegiate League
"Salingay, Sam",National University,24,119617,0,0,97.239,37.413,0,1,0.0,0.0,0.0,0.0,2025,Manila Collegiate League
"Fernandez, Laurence",Mapúa University,23,107138,1,1,92.724,38.097,0,1,0.0,0.05,0.05,0.0,2024,NCAA
"Libarnes, Jaro",De La Salle University,22,96696,0,0,91.727,33.033,0,1,0.0,0.0,0.0,0.0,2023,NCAA
"Barro, Harvy",Ateneo de Manila University,22,102085,1,0,88.997,43.646,1,0,0.053,0.053,0.0,100.0,2023,Manila Collegiate League
"Digal, Diegocarl",Lyceum,22,99334,2,0,95.032,38.627,2,0,0.109,0.109,0.0,100.0,2025,NCAA
"Omitade, Edvard",De La Salle University,23,103239,0,0,95.719,38.451,0,1,0.0,0.0,0.0,0.0,2024,NCAA
"Escodo, Bel",San Beda University,22,113216,0,0,97.253,40.763,0,1,0.0,0.0,0.0,0.0,2024,Philippine College
"Perez, Angelo",De La Salle University,22,100820,0,0,92.644,37.438,0,1,0.0,0.0,0.0,0.0,2023,NCAA
"Barro, Harvy",Far Eastern University,24,124411,0,0,97.513,40.747,0,1,0.0,0.0,0.0,0.0,2024,Manila Collegiate League
"Cruz, Jan",Mapúa University,23,101107,0,0,95.695,33.028,0,1,0.0,0.0,0.0,0.0,2023,Manila Collegiate League
"Escodo, Bel",De La Salle University,23,120590,0,0,97.089,32.667,0,1,0.0,0.0,0.0,0.0,2025,Philippine College
"Bacnis, Hugo",San Beda University,24,115636,0,0,101.053,42.931,0,0,0.0,0.0,0.0,0.0,2023,Philippine College
"Tabelin, Kirvy",Adamson University,21,103776,0,0,97.051,36.084,0,0,0.0,0.0,0.0,0.0,2023,UAAP
"Libarnes, Jaro",Ateneo de Manila University,24,121175,0,0,95.618,41.051,0,1,0.0,0.0,0.0,0.0,2024,Manila Collegiate League
"Tagara, Pedro",Far Eastern University,23,122022,1,1,94.569,40.328,0,1,0.0,0.044,0.044,0.0,2023,UAAP
"Escodo, Bel",University of Santo Tomas,21,95230,0,0,99.622,46.06,0,0,0.0,0.0,0.0,0.0,2023,UAAP
"Reyes, Mark",National University,23,116642,0,0,86.057,38.115,0,1,0.0,0.0,0.0,0.0,2023,Manila Collegiate League
"Lopez, Ryan",University of the Philippines,25,113076,0,0,101.243,37.743,0,1,0.0,0.0,0.0,0.0,2025,NCAA
"Acebedo, James",National University,23,107290,0,0,93.374,37.086,0,2,0.0,0.0,0.0,0.0,2025,Philippine College
"Encaya, Pius",University of Santo Tomas,23,110270,0,0,90.965,31.526,0,0,0.0,0.0,0.0,0.0,2024,NCAA
"Bacnis, Hugo",National University,23,119827,2,0,88.416,42.897,2,0,0.09,0.09,0.0,100.0,2023,Manila Collegiate League
"Acebedo, James",University of Santo Tomas,22,120919,0,0,90.8,36.98,0,1,0.0,0.0,0.0,0.0,2025,Philippine College
"Tabelin, Kirvy",San Beda University,22,111168,0,0,98.504,36.628,0,0,0.0,0.0,0.0,0.0,2025,UAAP
"Cruz, Jan",Ateneo de Manila University,24,124042,0,0,93.02,32.305,0,1,0.0,0.0,0.0,0.0,2025,NCAA
"Libarnes, Jaro",University of Santo Tomas,22,99937,0,0,95.157,34.16,0,0,0.0,0.0,0.0,0.0,2024,UAAP
"Digal, Diegocarl",National University,22,110495,0,0,103.25,37.069,0,1,0.0,0.0,0.0,0.0,2025,UAAP
"Barro, Harvy",Ateneo de Manila University,25,117616,2,1,96.027,36.731,1,1,0.046,0.092,0.046,50.0,2024,NCAA
"Fernandez, Laurence",Mapúa University,22,125400,0,0,90.745,41.118,0,1,0.0,0.0,0.0,0.0,2025,Philippine College
"Barro, Harvy",San Beda University,22,102071,0,0,90.335,33.611,0,1,0.0,0.0,0.0,0.0,2023,UAAP
"Cruz, Jan",National University,21,96691,0,0,94.296,41.342,0,0,0.0,0.0,0.0,0.0,2024,UAAP
"Encaya, Pius",University of Santo Tomas,25,135026,0,0,98.55,38.934,0,1,0.0,0.0,0.0,0.0,2024,Manila Collegiate League
"Encaya, Pius",De La Salle University,24,120007,1,1,96.048,42.116,0,1,0.0,0.045,0.045,0.0,2023,Philippine College
"Tagara, Pedro",De La Salle University,23,108381,0,0,103.626,34.699,0,1,0.0,0.0,0.0,0.0,2024,Manila Collegiate League
"Encaya, Pius",National University,25,123397,1,0,92.174,34.292,1,1,0.044,0.044,0.0,100.0,2024,NCAA
"Lopez, Ryan",De La Salle University,26,125503,0,0,93.816,37.298,0,0,0.0,0.0,0.0,0.0,2025,Manila Collegiate League
"Mapula, Paul",Adamson University,23,114374,1,0,90.767,36.826,1,1,0.047,0.047,0.0,100.0,2025,NCAA
"Mapula, Paul",Ateneo de Manila University,23,103949,0,0,92.931,33.368,0,0,0.0,0.0,0.0,0.0,2025,Manila Collegiate League
"Reyes, Mark",San Beda University,22,115781,0,0,97.934,38.293,0,0,0.0,0.0,0.0,0.0,2025,UAAP
"Cruz, Jan",Ateneo de Manila University,24,117603,0,0,94.63,37.035,0,2,0.0,0.0,0.0,0.0,2023,Manila Collegiate League
"Bacaycay, Kurt",De La Salle University,24,123844,1,0,88.072,44.947,1,1,0.044,0.044,0.0,100.0,2025,Philippine College
"Mapula, Paul",Adamson University,22,99570,1,0,86.028,39.494,1,0,0.054,0.054,0.0,100.0,2025,UAAP
"Acebedo, James",Far Eastern University,25,127415,0,0,88.774,36.649,0,0,0.0,0.0,0.0,0.0,2025,Manila Collegiate League
"Omitade, Edvard",Far Eastern University,23,121874,1,0,96.502,42.187,1,1,0.044,0.044,0.0,100.0,2025,Manila Collegiate League
"Mapula, Paul",Ateneo de Manila University,23,113050,0,0,85.001,35.268,0,1,0.0,0.0,0.0,0.0,2024,Manila Collegiate League
"Digal, Diegocarl",University of Santo Tomas,22,110901,0,0,95.117,39.394,0,0,0.0,0.0,0.0,0.0,2025,Philippine College
"Escodo, Bel",San Beda University,21,111396,0,0,82.842,36.552,0,2,0.0,0.0,0.0,0.0,2024,UAAP
"Escodo, Bel",Ateneo de Manila University,23,96986,0,0,87.337,36.395,0,1,0.0,0.0,0.0,0.0,2025,NCAA
"Tagara, Pedro",Ateneo de Manila University,23,111964,0,0,89.389,38.348,0,0,0.0,0.0,0.0,0.0,2025,UAAP
"Encaya, Pius",Mapúa University,23,116121,0,0,82.903,41.142,0,1,0.0,0.0,0.0,0.0,2023,NCAA
"Digal, Diegocarl",Adamson University,23,116096,1,0,92.713,36.29,1,3,0.047,0.047,0.0,100.0,2024,Philippine College
"Reyes, Mark",University of Santo Tomas,24,133683,0,0,102.732,39.598,0,1,0.0,0.0,0.0,0.0,2023,UAAP
"Encaya, Pius",University of the Philippines,21,109158,0,0,88.69,38.412,0,0,0.0,0.0,0.0,0.0,2023,Philippine College
"Reyes, Mark",Lyceum,23,117799,1,1,96.45,38.222,0,2,0.0,0.046,0.046,0.0,2023,Manila Collegiate League
"Santos, Luis",University of the Philippines,23,120228,2,1,104.301,35.045,1,0,0.045,0.09,0.045,50.0,2025,NCAA
"Reyes, Mark",Lyceum,24,127300,1,1,93.927,39.058,0,1,0.0,0.042,0.042,0.0,2023,Philippine College
"Cruz, Jan",San Beda University,25,113718,1,0,92.681,35.959,1,0,0.047,0.047,0.0,100.0,2025,Philippine College
"Tagara, Pedro",Adamson University,23,104721,0,0,89.583,33.967,0,0,0.0,0.0,0.0,0.0,2024,NCAA
"Perez, Angelo",University of Santo Tomas,23,112322,0,0,92.311,42.619,0,1,0.0,0.0,0.0,0.0,2025,UAAP
"Bacnis, Hugo",University of the Philippines,26,123276,2,0,95.289,40.173,2,1,0.088,0.088,0.0,100.0,2025,Manila Collegiate League
"Tagara, Pedro",De La Salle University,22,101216,0,0,97.076,40.404,0,1,0.0,0.0,0.0,0.0,2023,Manila Collegiate League
"Escodo, Bel",Ateneo de Manila University,20,93283,1,1,93.499,40.965,0,1,0.0,0.058,0.058,0.0,2024,NCAA
"Omitade, Edvard",Lyceum,23,98293,1,0,87.908,30.733,1,1,0.055,0.055,0.0,100.0,2025,UAAP
"Encaya, Pius",National University,23,113117,1,0,91.822,38.971,1,0,0.048,0.048,0.0,100.0,2023,Philippine College
"Barro, Harvy",National University,24,116598,0,0,92.122,36.973,0,1,0.0,0.0,0.0,0.0,2025,Philippine College
"Perez, Angelo",National University,24,112817,0,0,97.925,40.809,0,1,0.0,0.0,0.0,0.0,2023,UAAP
"Aningalan, Jul",Adamson University,21,107883,0,0,96.688,42.588,0,0,0.0,0.0,0.0,0.0,2023,Manila Collegiate League
"Escodo, Bel",National University,21,100449,1,0,87.59,33.675,1,0,0.054,0.054,0.0,100.0,2024,NCAA
"Cruz, Jan",Lyceum,22,106479,1,0,89.805,36.231,1,1,0.051,0.051,0.0,100.0,2024,Manila Collegiate League
"Salingay, Sam",University of Santo Tomas,21,99982,0,0,99.986,32.975,0,1,0.0,0.0,0.0,0.0,2023,Philippine College
"Tabelin, Kirvy",Adamson University,22,114396,0,0,93.741,43.036,0,2,0.0,0.0,0.0,0.0,2023,Manila Collegiate League
"Barro, Harvy",Far Eastern University,22,112996,1,1,95.235,34.384,0,1,0.0,0.048,0.048,0.0,2023,UAAP
"Bacaycay, Kurt",Far Eastern University,20,87374,0,0,85.998,35.29,0,1,0.0,0.0,0.0,0.0,2023,Manila Collegiate League
"Tabelin, Kirvy",National University,24,121726,1,1,93.04,31.902,0,2,0.0,0.044,0.044,0.0,2025,UAAP
"Barro, Harvy",Mapúa University,23,120084,0,0,85.283,31.925,0,0,0.0,0.0,0.0,0.0,2023,UAAP
"Lopez, Ryan",University of Santo Tomas,22,99329,0,0,95.552,43.747,0,1,0.0,0.0,0.0,0.0,2024,Philippine College
"Reyes, Mark",Far Eastern University,23,121150,0,0,93.889,35.88,0,2,0.0,0.0,0.0,0.0,2024,UAAP
"Escodo, Bel",Lyceum,23,104957,0,0,92.238,33.986,0,1,0.0,0.0,0.0,0.0,2024,NCAA
"Bacaycay, Kurt",Lyceum,22,107188,0,0,92.076,35.372,0,1,0.0,0.0,0.0,0.0,2025,Philippine College
"Barro, Harvy",University of the Philippines,23,118491,0,0,99.984,36.644,0,0,0.0,0.0,0.0,0.0,2024,UAAP
"Fernandez, Laurence",San Beda University,22,110505,0,0,96.324,38.518,0,1,0.0,0.0,0.0,0.0,2023,UAAP
"Omitade, Edvard",Mapúa University,24,127788,0,0,94.797,42.095,0,1,0.0,0.0,0.0,0.0,2023,Philippine College
"Barro, Harvy",Adamson University,21,112051,0,0,88.665,36.297,0,1,0.0,0.0,0.0,0.0,2024,Philippine College
"Lopez, Ryan",Mapúa University,24,122847,0,0,99.539,35.866,0,1,0.0,0.0,0.0,0.0,2024,Manila Collegiate League
"Acebedo, James",University of the Philippines,23,117205,1,0,93.471,42.652,1,1,0.046,0.046,0.0,100.0,2024,NCAA
"Digal, Diegocarl",University of Santo Tomas,23,107010,0,0,101.716,40.453,0,1,0.0,0.0,0.0,0.0,2025,Manila Collegiate League
"Tagara, Pedro",Far Eastern University,24,107395,1,0,94.477,35.572,1,1,0.05,0.05,0.0,100.0,2023,Philippine College
"Tagara, Pedro",Ateneo de Manila University,23,118300,0,0,91.128,40.675,0,0,0.0,0.0,0.0,0.0,2025,NCAA
"Barro, Harvy",University of the Philippines,23,109378,0,0,96.207,33.463,0,0,0.0,0.0,0.0,0.0,2024,NCAA
"Barro, Harvy",National University,22,114617,0,0,98.554,39.697,0,0,0.0,0.0,0.0,0.0,2024,Manila Collegiate League
"Omitade, Edvard",Mapúa University,21,109148,0,0,90.963,32.548,0,0,0.0,0.0,0.0,0.0,2023,UAAP
"Bacnis, Hugo",De La Salle University,22,110326,1,0,92.599,38.064,1,2,0.049,0.049,0.0,100.0,2023,Manila Collegiate League
"Encaya, Pius",Lyceum,23,106155,0,0,93.161,43.3,0,1,0.0,0.0,0.0,0.0,2025,Manila Collegiate League
"Fernandez, Laurence",Ateneo de Manila University,21,109735,2,2,90.332,39.39,0,2,0.0,0.098,0.098,0.0,2024,UAAP
"Cruz, Jan",Lyceum,26,113939,0,0,95.956,41.098,0,1,0.0,0.0,0.0,0.0,2025,NCAA
"Barro, Harvy",University of Santo Tomas,23,123235,0,0,83.007,39.929,0,1,0.0,0.0,0.0,0.0,2023,Philippine College
"Libarnes, Jaro",University of the Philippines,23,122553,1,1,81.265,31.418,0,0,0.0,0.044,0.044,0.0,2023,UAAP
"Bacaycay, Kurt",De La Salle University,25,142500,0,0,98.746,38.098,0,1,0.0,0.0,0.0,0.0,2024,NCAA
"Bacnis, Hugo",Ateneo de Manila University,24,123749,0,0,91.961,32.776,0,0,0.0,0.0,0.0,0.0,2023,Manila Collegiate League
"Digal, Diegocarl",Mapúa University,22,105357,1,1,85.002,46.422,0,1,0.0,0.051,0.051,0.0,2023,Philippine College
"Santos, Luis",San Beda University,22,108018,1,0,100.303,43.428,1,1,0.05,0.05,0.0,100.0,2023,UAAP
"Escodo, Bel",Mapúa University,23,116330,0,0,98.89,39.131,0,0,0.0,0.0,0.0,0.0,2024,UAAP
"Aningalan, Jul",De La Salle University,23,94255,0,0,87.625,34.244,0,0,0.0,0.0,0.0,0.0,2024,UAAP
"Escodo, Bel",University of Santo Tomas,24,118504,0,0,88.173,38.39,0,0,0.0,0.0,0.0,0.0,2025,Manila Collegiate League
"Encaya, Pius",San Beda University,24,119578,0,0,104.353,37.812,0,1,0.0,0.0,0.0,0.0,2023,NCAA
"Cruz, Jan",National University,23,123203,1,1,97.122,38.858,0,1,0.0,0.044,0.044,0.0,2024,Manila Collegiate League
"Escodo, Bel",Mapúa University,20,88768,0,0,92.02,38.742,0,0,0.0,0.0,0.0,0.0,2024,NCAA
"Tabelin, Kirvy",San Beda University,21,95371,1,1,90.949,38.856,0,0,0.0,0.057,0.057,0.0,2024,Philippine College
"Perez, Angelo",National University,23,112661,1,0,97.594,37.121,1,0,0.048,0.048,0.0,100.0,2025,UAAP
"Lopez, Ryan",De La Salle University,21,105282,0,0,86.264,33.569,0,0,0.0,0.0,0.0,0.0,2023,Philippine College
"Barro, Harvy",Adamson University,23,127346,0,0,94.845,41.355,0,1,0.0,0.0,0.0,0.0,2024,NCAA
"Encaya, Pius",Ateneo de Manila University,24,122529,0,0,88.855,35.46,0,1,0.0,0.0,0.0,0.0,2024,Manila Collegiate League
"Digal, Diegocarl",University of Santo Tomas,21,104345,0,0,86.672,40.745,0,1,0.0,0.0,0.0,0.0,2025,NCAA
"Bacaycay, Kurt",Adamson University,22,86998,0,0,87.587,36.245,0,2,0.0,0.0,0.0,0.0,2023,Philippine College
"Reyes, Mark",Mapúa University,23,113827,0,0,100.715,37.53,0,0,0.0,0.0,0.0,0.0,2023,UAAP
"Bacaycay, Kurt",Far Eastern University,24,99770,0,0,93.169,34.755,0,1,0.0,0.0,0.0,0.0,2025,Philippine College
"Lopez, Ryan",Far Eastern University,21,96695,2,0,85.639,39.451,2,0,0.112,0.112,0.0,100.0,2024,UAAP
"Bacaycay, Kurt",Far Eastern University,23,113578,0,0,89.641,43.524,0,1,0.0,0.0,0.0,0.0,2024,Manila Collegiate League
"Fernandez, Laurence",De La Salle University,23,110325,0,0,95.776,39.467,0,2,0.0,0.0,0.0,0.0,2023,UAAP
"Santos, Luis",National University,23,105410,0,0,86.099,39.634,0,0,0.0,0.0,0.0,0.0,2024,UAAP
"Fernandez, Laurence",Ateneo de Manila University,23,108766,0,0,87.6,39.95,0,0,0.0,0.0,0.0,0.0,2023,NCAA
"Salingay, Sam",National University,22,104764,0,0,89.225,34.308,0,0,0.0,0.0,0.0,0.0,2023,Manila Collegiate League
"Mapula, Paul",National University,23,123410,0,0,100.238,38.291,0,1,0.0,0.0,0.0,0.0,2025,NCAA
"Perez, Angelo",Lyceum,20,105477,0,0,93.01,44.926,0,1,0.0,0.0,0.0,0.0,2025,UAAP
"Perez, Angelo",University of the Philippines,22,106772,0,0,97.444,35.815,0,1,0.0,0.0,0.0,0.0,2025,Philippine College
"Tagara, Pedro",National University,23,119926,0,0,97.658,38.323,0,1,0.0,0.0,0.0,0.0,2025,Manila Collegiate League
"Tabelin, Kirvy",Lyceum,24,123364,0,0,97.131,33.578,0,0,0.0,0.0,0.0,0.0,2025,Manila Collegiate League
"Escodo, Bel",Lyceum,21,102151,0,0,93.95,40.28,0,1,0.0,0.0,0.0,0.0,2023,UAAP
"Bacaycay, Kurt",National University,23,115647,2,0,91.926,39.636,2,1,0.093,0.093,0.0,100.0,2024,NCAA
"Aningalan, Jul",Ateneo de Manila University,21,107409,0,0,91.588,44.093,0,0,0.0,0.0,0.0,0.0,2024,Manila Collegiate League
"Aningalan, Jul",Mapúa University,24,104085,0,0,104.398,40.649,0,1,0.0,0.0,0.0,0.0,2024,NCAA
"Digal, Diegocarl",Ateneo de Manila University,20,99340,0,0,97.7,43.275,0,2,0.0,0.0,0.0,0.0,2025,Philippine College
"Escodo, Bel",Far Eastern University,23,103461,0,0,87.965,42.869,0,0,0.0,0.0,0.0,0.0,2025,Manila Collegiate League
"Bacaycay, Kurt",San Beda University,24,112518,1,1,95.946,38.149,0,1,0.0,0.048,0.048,0.0,2023,Manila Collegiate League
"Libarnes, Jaro",De La Salle University,23,108770,0,0,102.886,32.972,0,2,0.0,0.0,0.0,0.0,2025,Manila Collegiate League
"Mapula, Paul",National University,23,111141,0,0,95.442,33.212,0,1,0.0,0.0,0.0,0.0,2023,Philippine College
"Bacaycay, Kurt",San Beda University,22,98655,0,0,88.628,34.037,0,1,0.0,0.0,0.0,0.0,2024,Philippine College
"Salingay, Sam",Adamson University,22,107018,0,0,100.92,41.886,0,1,0.0,0.0,0.0,0.0,2024,UAAP
"Encaya, Pius",Adamson University,24,110232,0,0,88.819,43.26,0,1,0.0,0.0,0.0,0.0,2024,NCAA
"Salingay, Sam",Ateneo de Manila University,21,94040,1,1,89.751,35.736,0,0,0.0,0.057,0.057,0.0,2023,UAAP
"Reyes, Mark",Mapúa University,23,108274,2,0,90.732,36.642,2,0,0.1,0.1,0.0,100.0,2024,UAAP
"Reyes, Mark",Ateneo de Manila University,21,106510,0,0,93.527,38.389,0,2,0.0,0.0,0.0,0.0,2025,Philippine College
"Bacnis, Hugo",Far Eastern University,20,104361,1,0,84.545,35.12,1,1,0.052,0.052,0.0,100.0,2025,Philippine College
"Santos, Luis",University of the Philippines,22,105251,2,0,86.815,37.122,2,1,0.103,0.103,0.0,100.0,2024,UAAP
"Libarnes, Jaro",Ateneo de Manila University,23,106126,1,1,94.556,36.793,0,2,0.0,0.051,0.051,0.0,2024,NCAA
"Perez, Angelo",University of the Philippines,24,110884,1,0,90.658,35.919,1,0,0.049,0.049,0.0,100.0,2024,Philippine College
"Perez, Angelo",Adamson University,23,104616,1,1,88.484,38.415,0,1,0.0,0.052,0.052,0.0,2024,Manila Collegiate League
"Reyes, Mark",Ateneo de Manila University,23,111111,0,0,98.634,39.579,0,0,0.0,0.0,0.0,0.0,2025,NCAA
"Bacaycay, Kurt",Ateneo de Manila University,23,112125,1,1,97.614,37.885,0,2,0.0,0.048,0.048,0.0,2023,UAAP
"Encaya, Pius",Lyceum,23,119676,0,0,96.552,38.036,0,0,0.0,0.0,0.0,0.0,2024,Philippine College
"Cruz, Jan",University of Santo Tomas,22,113355,0,0,94.681,34.208,0,0,0.0,0.0,0.0,0.0,2023,Philippine College
"Encaya, Pius",Mapúa University,21,104142,0,0,99.723,42.14,0,1,0.0,0.0,0.0,0.0,2025,Manila Collegiate League
"Santos, Luis",Adamson University,24,113468,1,0,90.105,39.023,1,1,0.048,0.048,0.0,100.0,2024,NCAA
"Mapula, Paul",Lyceum,23,109212,0,0,92.525,34.726,0,1,0.0,0.0,0.0,0.0,2025,UAAP
"Aningalan, Jul",Lyceum,23,103373,1,0,81.887,36.293,1,0,0.052,0.052,0.0,100.0,2025,NCAA
"Lopez, Ryan",National University,24,115941,0,0,92.865,34.754,0,0,0.0,0.0,0.0,0.0,2023,UAAP
"Reyes, Mark",University of Santo Tomas,26,142071,0,0,96.927,43.43,0,1,0.0,0.0,0.0,0.0,2024,UAAP
"Escodo, Bel",San Beda University,25,128939,1,0,95.679,42.612,1,2,0.042,0.042,0.0,100.0,2025,UAAP
"Omitade, Edvard",Adamson University,24,131874,0,0,93.709,34.648,0,0,0.0,0.0,0.0,0.0,2023,Philippine College
"Bacnis, Hugo",Mapúa University,23,104730,0,0,103.35,36.984,0,3,0.0,0.0,0.0,0.0,2024,Philippine College
"Digal, Diegocarl",University of the Philippines,23,121128,1,1,97.18,46.714,0,2,0.0,0.045,0.045,0.0,2025,NCAA
"Libarnes, Jaro",Mapúa University,25,138906,0,0,92.063,36.855,0,0,0.0,0.0,0.0,0.0,2024,Manila Collegiate League
"Aningalan, Jul",National University,24,110930,0,0,88.827,35.948,0,2,0.0,0.0,0.0,0.0,2024,UAAP
"Lopez, Ryan",Ateneo de Manila University,24,114577,0,0,98.232,37.375,0,1,0.0,0.0,0.0,0.0,2024,Philippine College
"Santos, Luis",Mapúa University,21,87479,0,0,91.48,35.461,0,1,0.0,0.0,0.0,0.0,2024,UAAP
"Tabelin, Kirvy",San Beda University,26,127557,0,0,95.121,36.387,0,1,0.0,0.0,0.0,0.0,2025,NCAA
"Perez, Angelo",Adamson University,23,101504,0,0,97.086,33.571,0,0,0.0,0.0,0.0,0.0,2025,Philippine College
"Acebedo, James",Lyceum,22,114219,2,0,93.064,30.176,2,1,0.095,0.095,0.0,100.0,2024,Manila Collegiate League
"Bacnis, Hugo",San Beda University,23,100668,0,0,96.294,33.63,0,0,0.0,0.0,0.0,0.0,2023,Philippine College
"Perez, Angelo",University of Santo Tomas,22,95893,0,0,93.294,42.947,0,0,0.0,0.0,0.0,0.0,2023,UAAP
"Digal, Diegocarl",Far Eastern University,23,117930,0,0,91.319,36.758,0,1,0.0,0.0,0.0,0.0,2025,Manila Collegiate League
"Encaya, Pius",Far Eastern University,22,117623,0,0,102.617,47.082,0,0,0.0,0.0,0.0,0.0,2025,NCAA
"Cruz, Jan",Lyceum,24,118192,0,0,96.151,35.629,0,1,0.0,0.0,0.0,0.0,2024,Manila Collegiate League
"Digal, Diegocarl",Mapúa University,22,99628,1,1,91.413,37.421,0,1,0.0,0.054,0.054,0.0,2024,Manila Collegiate League
"Bacnis, Hugo",University of Santo Tomas,23,116375,0,0,92.62,28.542,0,0,0.0,0.0,0.0,0.0,2023,Manila Collegiate League
"Libarnes, Jaro",University of the Philippines,23,108830,1,1,96.697,39.699,0,1,0.0,0.05,0.05,0.0,2023,UAAP
"Tabelin, Kirvy",Far Eastern University,20,101405,1,0,90.225,37.737,1,1,0.053,0.053,0.0,100.0,2023,Philippine College
"Bacnis, Hugo",Ateneo de Manila University,24,114866,0,0,94.094,35.458,0,2,0.0,0.0,0.0,0.0,2025,Manila Collegiate League
"Barro, Harvy",De La Salle University,24,122085,0,0,95.08,38.438,0,1,0.0,0.0,0.0,0.0,2023,Manila Collegiate League
"Santos, Luis",Adamson University,22,99768,0,0,96.484,42.076,0,1,0.0,0.0,0.0,0.0,2023,Philippine College
"Mapula, Paul",National University,23,111084,2,0,86.15,34.406,2,0,0.097,0.097,0.0,100.0,2025,UAAP
"Reyes, Mark",Far Eastern University,23,101707,0,0,95.985,39.785,0,0,0.0,0.0,0.0,0.0,2024,Manila Collegiate League
"Lopez, Ryan",Adamson University,22,123516,0,0,92.094,40.999,0,0,0.0,0.0,0.0,0.0,2025,UAAP
"Lopez, Ryan",De La Salle University,23,97452,0,0,89.837,38.826,0,1,0.0,0.0,0.0,0.0,2023,NCAA
"Fernandez, Laurence",Ateneo de Manila University,22,97627,1,0,90.637,42.008,1,1,0.055,0.055,0.0,100.0,2024,NCAA
"Bacaycay, Kurt",University of Santo Tomas,23,99147,0,0,94.503,40.5,0,0,0.0,0.0,0.0,0.0,2023,Philippine College
"Libarnes, Jaro",National University,23,126614,1,0,93.442,35.716,1,1,0.043,0.043,0.0,100.0,2025,NCAA
"Tagara, Pedro",San Beda University,26,132468,0,0,96.619,33.005,0,1,0.0,0.0,0.0,0.0,2023,UAAP
"Aningalan, Jul",San Beda University,23,118847,0,0,95.664,35.929,0,0,0.0,0.0,0.0,0.0,2023,NCAA
"Omitade, Edvard",Ateneo de Manila University,24,107067,1,1,100.691,37.183,0,1,0.0,0.05,0.05,0.0,2023,NCAA
"Tagara, Pedro",De La Salle University,23,111053,1,1,94.49,35.888,0,1,0.0,0.049,0.049,0.0,2025,Manila Collegiate League
"Santos, Luis",Adamson University,24,130973,0,0,88.846,37.514,0,1,0.0,0.0,0.0,0.0,2025,NCAA
"Libarnes, Jaro",San Beda University,25,110404,2,0,94.129,39.425,2,1,0.098,0.098,0.0,100.0,2025,UAAP
"Barro, Harvy",De La Salle University,23,113257,0,0,93.324,35.086,0,0,0.0,0.0,0.0,0.0,2025,Manila Collegiate League
"Tagara, Pedro",Mapúa University,23,103708,0,0,99.096,35.879,0,1,0.0,0.0,0.0,0.0,2025,Manila Collegiate League
"Fernandez, Laurence",National University,23,114867,1,0,95.551,39.501,1,1,0.047,0.047,0.0,100.0,2023,Manila Collegiate League
"Barro, Harvy",De La Salle University,22,110758,0,0,90.067,35.542,0,1,0.0,0.0,0.0,0.0,2023,UAAP
"Perez, Angelo",University of Santo Tomas,23,121992,0,0,95.491,40.397,0,0,0.0,0.0,0.0,0.0,2024,Manila Collegiate League
"Reyes, Mark",Mapúa University,24,98832,0,0,96.68,38.6,0,0,0.0,0.0,0.0,0.0,2025,Philippine College
"Salingay, Sam",Far Eastern University,24,132515,0,0,83.329,40.957,0,0,0.0,0.0,0.0,0.0,2023,NCAA
"Tagara, Pedro",Adamson University,22,109901,0,0,90.954,39.536,0,0,0.0,0.0,0.0,0.0,2024,Philippine College
"Reyes, Mark",Lyceum,22,106725,0,0,89.722,40.302,0,2,0.0,0.0,0.0,0.0,2025,Manila Collegiate League
"Bacaycay, Kurt",University of the Philippines,23,111526,1,1,91.019,43.354,0,1,0.0,0.048,0.048,0.0,2024,Manila Collegiate League
"Tagara, Pedro",University of Santo Tomas,23,100800,1,0,86.493,36.642,1,1,0.054,0.054,0.0,100.0,2023,Manila Collegiate League
"Lopez, Ryan",San Beda University,27,128390,0,0,98.879,35.726,0,1,0.0,0.0,0.0,0.0,2023,NCAA
"Acebedo, James",Ateneo de Manila University,24,119645,0,0,91.469,39.255,0,0,0.0,0.0,0.0,0.0,2025,Manila Collegiate League
"Digal, Diegocarl",Mapúa University,24,107660,1,0,97.565,36.249,1,0,0.05,0.05,0.0,100.0,2023,Philippine College
"Reyes, Mark",Ateneo de Manila University,24,117206,0,0,102.738,29.971,0,2,0.0,0.0,0.0,0.0,2024,Philippine College
"Encaya, Pius",Mapúa University,23,104948,1,0,96.408,35.89,1,1,0.051,0.051,0.0,100.0,2024,Manila Collegiate League
"Escodo, Bel",Lyceum,21,95703,0,0,90.192,39.962,0,0,0.0,0.0,0.0,0.0,2025,UAAP
"Barro, Harvy",Adamson University,21,100634,1,0,86.844,35.453,1,0,0.054,0.054,0.0,100.0,2025,NCAA
"Bacnis, Hugo",University of Santo Tomas,25,110012,1,1,89.715,40.099,0,1,0.0,0.049,0.049,0.0,2025,UAAP
"Bacaycay, Kurt",National University,23,109641,0,0,95.705,36.717,0,1,0.0,0.0,0.0,0.0,2024,NCAA
"Barro, Harvy",University of the Philippines,22,118276,0,0,93.585,42.695,0,1,0.0,0.0,0.0,0.0,2024,Manila Collegiate League
"Tabelin, Kirvy",Adamson University,23,122992,0,0,90.977,32.653,0,1,0.0,0.0,0.0,0.0,2024,NCAA
"Fernandez, Laurence",Adamson University,24,118028,2,1,98.914,34.309,1,0,0.046,0.092,0.046,50.0,2023,Philippine College
"Barro, Harvy",Mapúa University,23,104506,0,0,98.366,43.643,0,0,0.0,0.0,0.0,0.0,2025,NCAA
"Digal, Diegocarl",Mapúa University,23,119216,1,1,93.903,36.039,0,0,0.0,0.045,0.045,0.0,2025,Manila Collegiate League
"Aningalan, Jul",Mapúa University,22,94003,1,0,91.549,30.857,1,1,0.057,0.057,0.0,100.0,2023,Manila Collegiate League
"Aningalan, Jul",Lyceum,24,120149,0,0,91.678,38.159,0,0,0.0,0.0,0.0,0.0,2023,Philippine College
"Bacaycay, Kurt",San Beda University,24,106297,2,1,100.945,41.788,1,1,0.051,0.102,0.051,50.0,2023,UAAP
"Aningalan, Jul",Adamson University,21,105994,0,0,88.953,41.219,0,0,0.0,0.0,0.0,0.0,2025,Philippine College
"Bacaycay, Kurt",Ateneo de Manila University,24,122794,1,0,96.869,38.229,1,0,0.044,0.044,0.0,100.0,2023,NCAA
"Omitade, Edvard",Lyceum,25,128763,0,0,99.64,39.64,0,0,0.0,0.0,0.0,0.0,2024,Philippine College
"Cruz, Jan",Lyceum,25,119899,2,0,88.15,29.739,2,0,0.09,0.09,0.0,100.0,2023,UAAP
"Tabelin, Kirvy",National University,22,125400,0,0,95.407,37.84,0,1,0.0,0.0,0.0,0.0,2023,UAAP
"Mapula, Paul",University of the Philippines,22,120325,0,0,97.858,39.279,0,0,0.0,0.0,0.0,0.0,2023,Philippine College
"Fernandez, Laurence",San Beda University,24,117559,0,0,100.261,38.326,0,1,0.0,0.0,0.0,0.0,2023,Manila Collegiate League
"Bacaycay, Kurt",Far Eastern University,24,111722,0,0,99.407,35.225,0,0,0.0,0.0,0.0,0.0,2023,NCAA
"Libarnes, Jaro",Lyceum,25,128145,1,1,95.791,39.131,0,0,0.0,0.042,0.042,0.0,2024,UAAP
"Encaya, Pius",University of the Philippines,24,127751,0,0,88.71,37.88,0,1,0.0,0.0,0.0,0.0,2023,Philippine College
"Fernandez, Laurence",University of the Philippines,23,107623,0,0,87.972,40.116,0,2,0.0,0.0,0.0,0.0,2024,NCAA
"Perez, Angelo",Ateneo de Manila University,22,114448,0,0,91.149,38.866,0,1,0.0,0.0,0.0,0.0,2024,Manila Collegiate League
"Acebedo, James",Adamson University,23,109219,0,0,90.068,34.355,0,0,0.0,0.0,0.0,0.0,2023,UAAP
"Acebedo, James",Mapúa University,24,120125,0,0,93.919,38.565,0,2,0.0,0.0,0.0,0.0,2025,Manila Collegiate League
"Perez, Angelo",Adamson University,23,121025,0,0,94.08,35.044,0,1,0.0,0.0,0.0,0.0,2024,Manila Collegiate League
"Aningalan, Jul",Ateneo de Manila University,23,121486,0,0,92.67,33.994,0,2,0.0,0.0,0.0,0.0,2024,NCAA
"Aningalan, Jul",Adamson University,23,113265,0,0,87.542,35.671,0,1,0.0,0.0,0.0,0.0,2024,NCAA
"Encaya, Pius",Far Eastern University,24,116406,0,0,92.19,36.304,0,0,0.0,0.0,0.0,0.0,2025,Manila Collegiate League
"Acebedo, James",Adamson University,23,107839,0,0,97.741,37.997,0,1,0.0,0.0,0.0,0.0,2025,Philippine College
"Cruz, Jan",Adamson University,23,99394,2,0,98.362,40.902,2,1,0.109,0.109,0.0,100.0,2025,UAAP
"Omitade, Edvard",University of the Philippines,21,103049,0,0,98.387,42.93,0,1,0.0,0.0,0.0,0.0,2025,Manila Collegiate League
"Bacaycay, Kurt",Mapúa University,23,108123,0,0,94.592,40.121,0,1,0.0,0.0,0.0,0.0,2024,UAAP
"Fernandez, Laurence",De La Salle University,23,113152,0,0,106.12,40.623,0,1,0.0,0.0,0.0,0.0,2023,Philippine College
"Santos, Luis",Ateneo de Manila University,23,114844,0,0,97.006,38.518,0,2,0.0,0.0,0.0,0.0,2025,NCAA
"Mapula, Paul",San Beda University,23,105748,0,0,94.478,38.919,0,1,0.0,0.0,0.0,0.0,2024,Philippine College
"Reyes, Mark",Far Eastern University,23,101894,0,0,91.391,40.553,0,0,0.0,0.0,0.0,0.0,2024,Manila Collegiate League
"Acebedo, James",Adamson University,24,135424,0,0,93.295,40.453,0,1,0.0,0.0,0.0,0.0,2025,Philippine College
"Encaya, Pius",San Beda University,24,112950,0,0,89.238,41.573,0,1,0.0,0.0,0.0,0.0,2025,Philippine College
"Bacaycay, Kurt",University of the Philippines,22,115684,0,0,96.05,36.341,0,1,0.0,0.0,0.0,0.0,2023,UAAP
"Santos, Luis",National University,21,117898,1,0,89.686,33.563,1,1,0.046,0.046,0.0,100.0,2024,Philippine College
"Santos, Luis",University of the Philippines,24,130158,0,0,86.382,42.02,0,0,0.0,0.0,0.0,0.0,2025,NCAA
"Barro, Harvy",Far Eastern University,24,126256,1,1,93.824,40.425,0,0,0.0,0.043,0.043,0.0,2025,Manila Collegiate League
"Barro, Harvy",Ateneo de Manila University,21,112614,2,1,89.056,38.543,1,1,0.048,0.096,0.048,50.0,2024,Philippine College
"Perez, Angelo",Ateneo de Manila University,24,112367,0,0,91.983,40.181,0,2,0.0,0.0,0.0,0.0,2025,NCAA
"Barro, Harvy",University of Santo Tomas,22,100355,0,0,92.584,38.329,0,1,0.0,0.0,0.0,0.0,2024,Manila Collegiate League
"Salingay, Sam",Ateneo de Manila University,22,117188,1,1,91.447,37.254,0,0,0.0,0.046,0.046,0.0,2023,Philippine College
"Mapula, Paul",Far Eastern University,24,131915,0,0,97.682,35.404,0,2,0.0,0.0,0.0,0.0,2023,NCAA
"Reyes, Mark",Lyceum,23,113858,1,0,95.226,35.401,1,0,0.047,0.047,0.0,100.0,2025,NCAA
"Encaya, Pius",Lyceum,25,122676,0,0,92.547,36.311,0,1,0.0,0.0,0.0,0.0,2024,NCAA
"Digal, Diegocarl",Far Eastern University,22,104189,0,0,101.6,40.322,0,1,0.0,0.0,0.0,0.0,2025,Manila Collegiate League
"Libarnes, Jaro",San Beda University,24,117048,0,0,84.158,38.439,0,0,0.0,0.0,0.0,0.0,2023,Manila Collegiate League
"Acebedo, James",University of Santo Tomas,25,122078,0,0,92.15,43.262,0,1,0.0,0.0,0.0,0.0,2024,Manila Collegiate League
"Acebedo, James",Ateneo de Manila University,25,123168,0,0,85.063,37.091,0,1,0.0,0.0,0.0,0.0,2023,UAAP
"Escodo, Bel",Lyceum,23,106684,0,0,93.562,32.425,0,2,0.0,0.0,0.0,0.0,2023,Manila Collegiate League
"Lopez, Ryan",Ateneo de Manila University,23,96320,2,0,91.073,41.084,2,0,0.112,0.112,0.0,100.0,2025,NCAA
"Perez, Angelo",De La Salle University,25,121387,0,0,90.314,35.538,0,1,0.0,0.0,0.0,0.0,2023,Philippine College
"Perez, Angelo",Far Eastern University,23,108553,0,0,85.852,34.797,0,1,0.0,0.0,0.0,0.0,2025,NCAA
"Acebedo, James",Far Eastern University,23,116259,1,1,90.91,34.455,0,1,0.0,0.046,0.046,0.0,2025,Manila Collegiate League
"Lopez, Ryan",National University,23,114599,0,0,94.308,33.944,0,1,0.0,0.0,0.0,0.0,2024,Philippine College
"Digal, Diegocarl",University of Santo Tomas,22,115133,0,0,94.841,33.903,0,2,0.0,0.0,0.0,0.0,2023,NCAA
"Cruz, Jan",Ateneo de Manila University,24,123009,1,1,99.028,38.602,0,0,0.0,0.044,0.044,0.0,2023,Philippine College
"Encaya, Pius",Lyceum,24,121569,0,0,96.433,40.101,0,1,0.0,0.0,0.0,0.0,2023,NCAA
"Mapula, Paul",University of the Philippines,23,122617,0,0,86.916,33.792,0,0,0.0,0.0,0.0,0.0,2024,Philippine College
"Tabelin, Kirvy",Mapúa University,22,97441,0,0,99.442,43.329,0,0,0.0,0.0,0.0,0.0,2024,NCAA
"Cruz, Jan",University of the Philippines,24,115688,2,0,96.424,37.715,2,1,0.093,0.093,0.0,100.0,2025,UAAP
"Escodo, Bel",Adamson University,25,118398,1,0,95.53,42.708,1,0,0.046,0.046,0.0,100.0,2024,Philippine College
"Fernandez, Laurence",University of Santo Tomas,25,118451,0,0,93.403,42.681,0,0,0.0,0.0,0.0,0.0,2025,NCAA
"Barro, Harvy",Far Eastern University,23,105415,0,0,100.479,34.818,0,1,0.0,0.0,0.0,0.0,2023,Philippine College
"Omitade, Edvard",San Beda University,25,129327,0,0,91.199,41.061,0,1,0.0,0.0,0.0,0.0,2023,Manila Collegiate League
"Salingay, Sam",Lyceum,21,101195,1,0,85.855,33.456,1,1,0.053,0.053,0.0,100.0,2024,Philippine College
"Acebedo, James",De La Salle University,25,118347,0,0,93.975,39.053,0,0,0.0,0.0,0.0,0.0,2024,Manila Collegiate League
"Acebedo, James",Lyceum,25,127718,2,0,93.676,42.776,2,0,0.085,0.085,0.0,100.0,2025,UAAP
"Tagara, Pedro",National University,22,106888,1,1,90.176,39.203,0,1,0.0,0.051,0.051,0.0,2025,UAAP
"Barro, Harvy",Far Eastern University,24,107949,1,0,98.737,40.556,1,1,0.05,0.05,0.0,100.0,2024,UAAP
"Perez, Angelo",San Beda University,23,103280,0,0,93.514,36.918,0,1,0.0,0.0,0.0,0.0,2024,NCAA
"Santos, Luis",University of the Philippines,23,100590,0,0,92.845,29.601,0,1,0.0,0.0,0.0,0.0,2025,Philippine College
"Reyes, Mark",Lyceum,21,114368,0,0,89.788,38.263,0,0,0.0,0.0,0.0,0.0,2023,Manila Collegiate League
"Encaya, Pius",Mapúa University,22,111848,0,0,96.684,36.705,0,2,0.0,0.0,0.0,0.0,2024,Philippine College
"Digal, Diegocarl",Far Eastern University,23,111611,1,0,87.584,38.647,1,1,0.048,0.048,0.0,100.0,2024,Manila Collegiate League
"Reyes, Mark",San Beda University,23,113478,0,0,97.036,40.046,0,0,0.0,0.0,0.0,0.0,2024,Manila Collegiate League
"Mapula, Paul",Ateneo de Manila University,22,111385,1,1,90.773,38.397,0,0,0.0,0.048,0.048,0.0,2024,Manila Collegiate League
"Omitade, Edvard",University of the Philippines,22,113595,1,0,91.917,48.373,1,1,0.048,0.048,0.0,100.0,2024,Manila Collegiate League
"Encaya, Pius",University of Santo Tomas,22,124654,0,0,91.446,37.648,0,1,0.0,0.0,0.0,0.0,2025,Manila Collegiate League
"Bacaycay, Kurt",University of Santo Tomas,22,91568,3,0,97.623,40.765,3,2,0.177,0.177,0.0,100.0,2023,NCAA
"Encaya, Pius",University of Santo Tomas,23,127279,2,0,91.296,37.731,2,0,0.085,0.085,0.0,100.0,2024,Manila Collegiate League
"Libarnes, Jaro",San Beda University,22,112807,1,0,93.249,39.453,1,1,0.048,0.048,0.0,100.0,2025,UAAP
"Reyes, Mark",De La Salle University,24,119891,0,0,93.513,39.035,0,1,0.0,0.0,0.0,0.0,2023,UAAP
"Digal, Diegocarl",Mapúa University,24,133810,0,0,97.088,40.449,0,0,0.0,0.0,0.0,0.0,2025,NCAA
"Encaya, Pius",Adamson University,24,120430,0,0,95.843,36.375,0,1,0.0,0.0,0.0,0.0,2023,NCAA
"Tabelin, Kirvy",Adamson University,21,102647,0,0,92.809,41.199,0,1,0.0,0.0,0.0,0.0,2024,Philippine College
"Aningalan, Jul",De La Salle University,23,126115,1,0,98.782,39.384,1,0,0.043,0.043,0.0,100.0,2023,Philippine College
"Escodo, Bel",Far Eastern University,23,116635,0,0,93.957,36.242,0,1,0.0,0.0,0.0,0.0,2024,UAAP
"Lopez, Ryan",Mapúa University,25,123533,1,0,92.629,41.866,1,1,0.044,0.044,0.0,100.0,2025,UAAP
"Santos, Luis",Ateneo de Manila University,23,121583,2,1,90.732,36.063,1,2,0.044,0.089,0.044,50.0,2023,NCAA
"Cruz, Jan",De La Salle University,23,116909,1,0,103.225,42.598,1,2,0.046,0.046,0.0,100.0,2023,NCAA
"Tagara, Pedro",University of Santo Tomas,23,111512,0,0,92.656,38.032,0,1,0.0,0.0,0.0,0.0,2024,Philippine College
"Encaya, Pius",Far Eastern University,22,111594,0,0,88.935,35.269,0,2,0.0,0.0,0.0,0.0,2023,Philippine College
"Barro, Harvy",De La Salle University,22,105225,0,0,99.737,38.152,0,0,0.0,0.0,0.0,0.0,2024,Manila Collegiate League
"Reyes, Mark",National University,23,111236,1,0,87.908,38.551,1,0,0.049,0.049,0.0,100.0,2025,UAAP
"Libarnes, Jaro",Far Eastern University,24,115597,1,1,106.058,41.12,0,1,0.0,0.047,0.047,0.0,2023,NCAA
"Digal, Diegocarl",San Beda University,23,98260,0,0,103.747,40.065,0,1,0.0,0.0,0.0,0.0,2025,UAAP
"Encaya, Pius",Adamson University,23,115696,1,0,95.968,46.826,1,1,0.047,0.047,0.0,100.0,2025,UAAP
"Cruz, Jan",Lyceum,26,134723,0,0,89.097,39.064,0,1,0.0,0.0,0.0,0.0,2023,Manila Collegiate League
"Tabelin, Kirvy",Far Eastern University,23,118146,0,0,95.337,37.167,0,0,0.0,0.0,0.0,0.0,2023,Manila Collegiate League
"Escodo, Bel",University of the Philippines,24,123188,0,0,97.593,42.83,0,1,0.0,0.0,0.0,0.0,2025,Manila Collegiate League
"Santos, Luis",University of the Philippines,24,120914,2,0,98.269,40.536,2,0,0.089,0.089,0.0,100.0,2023,NCAA
"Santos, Luis",Ateneo de Manila University,21,117351,0,0,86.93,40.559,0,0,0.0,0.0,0.0,0.0,2024,Manila Collegiate League
"Barro, Harvy",Far Eastern University,23,112062,0,0,97.451,31.909,0,0,0.0,0.0,0.0,0.0,2023,Philippine College
"Lopez, Ryan",National University,23,110802,1,1,96.111,36.819,0,0,0.0,0.049,0.049,0.0,2023,UAAP
"Aningalan, Jul",Ateneo de Manila University,25,134278,0,0,94.179,40.492,0,1,0.0,0.0,0.0,0.0,2025,UAAP
"Salingay, Sam",University of the Philippines,24,112784,0,0,90.483,40.506,0,0,0.0,0.0,0.0,0.0,2025,Manila Collegiate League
"Salingay, Sam",University of Santo Tomas,25,136807,2,0,91.318,36.731,2,1,0.079,0.079,0.0,100.0,2023,UAAP
"Bacaycay, Kurt",De La Salle University,23,108336,0,0,91.014,34.739,0,0,0.0,0.0,0.0,0.0,2025,UAAP
"Omitade, Edvard",Ateneo de Manila University,23,108568,1,1,97.357,29.016,0,0,0.0,0.05,0.05,0.0,2023,NCAA
"Bacaycay, Kurt",Far Eastern University,22,106407,0,0,89.3,34.1,0,0,0.0,0.0,0.0,0.0,2023,Philippine College
"Bacaycay, Kurt",Lyceum,25,139496,1,0,88.093,36.741,1,1,0.039,0.039,0.0,100.0,2025,UAAP
"Libarnes, Jaro",Adamson University,23,99029,0,0,90.587,40.84,0,0,0.0,0.0,0.0,0.0,2023,Manila Collegiate League
"Fernandez, Laurence",San Beda University,25,117664,1,0,99.106,32.414,1,0,0.046,0.046,0.0,100.0,2024,Manila Collegiate League
"Encaya, Pius",Mapúa University,22,109619,1,0,91.302,37.409,1,1,0.049,0.049,0.0,100.0,2024,NCAA
"Mapula, Paul",Adamson University,22,97102,2,1,94.436,37.429,1,0,0.056,0.111,0.056,50.0,2024,Philippine College
"Barro, Harvy",San Beda University,23,116256,1,0,85.872,37.126,1,1,0.046,0.046,0.0,100.0,2025,Manila Collegiate League
"Bacaycay, Kurt",University of Santo Tomas,23,117852,0,0,93.679,33.969,0,2,0.0,0.0,0.0,0.0,2024,Philippine College
"Bacnis, Hugo",Mapúa University,23,121700,0,0,88.884,43.178,0,2,0.0,0.0,0.0,0.0,2025,UAAP
"Reyes, Mark",Adamson University,23,114806,0,0,99.95,37.343,0,1,0.0,0.0,0.0,0.0,2023,NCAA
"Perez, Angelo",University of Santo Tomas,24,120499,0,0,87.262,38.612,0,0,0.0,0.0,0.0,0.0,2025,Manila Collegiate League
"Barro, Harvy",University of Santo Tomas,24,119313,0,0,87.19,34.727,0,0,0.0,0.0,0.0,0.0,2025,UAAP
"Aningalan, Jul",University of the Philippines,24,129105,0,0,90.414,40.926,0,0,0.0,0.0,0.0,0.0,2024,Philippine College
"Salingay, Sam",San Beda University,24,115471,0,0,92.118,39.48,0,0,0.0,0.0,0.0,0.0,2024,UAAP
"Reyes, Mark",Ateneo de Manila University,22,122207,0,0,95.002,40.04,0,0,0.0,0.0,0.0,0.0,2025,NCAA
"Bacnis, Hugo",Ateneo de Manila University,24,116248,0,0,98.361,42.302,0,1,0.0,0.0,0.0,0.0,2025,Philippine College
"Santos, Luis",Mapúa University,23,114819,0,0,100.73,31.465,0,1,0.0,0.0,0.0,0.0,2024,Manila Collegiate League
"Acebedo, James",University of the Philippines,24,115165,0,0,101.588,38.601,0,1,0.0,0.0,0.0,0.0,2023,Philippine College
"Barro, Harvy",National University,25,114820,2,0,96.864,37.075,2,0,0.094,0.094,0.0,100.0,2023,Manila Collegiate League
"Escodo, Bel",National University,25,120941,0,0,105.258,34.65,0,1,0.0,0.0,0.0,0.0,2024,Manila Collegiate League
"Salingay, Sam",Adamson University,23,103912,0,0,90.774,41.133,0,1,0.0,0.0,0.0,0.0,2024,NCAA
"Bacnis, Hugo",Far Eastern University,22,100417,0,0,93.896,37.657,0,0,0.0,0.0,0.0,0.0,2025,Philippine College
"Escodo, Bel",Lyceum,22,110957,2,0,89.85,33.863,2,0,0.097,0.097,0.0,100.0,2024,Philippine College
"Bacnis, Hugo",Ateneo de Manila University,23,94786,2,0,94.945,40.976,2,1,0.114,0.114,0.0,100.0,2023,NCAA
"Perez, Angelo",University of the Philippines,27,140898,1,0,90.453,39.509,1,1,0.038,0.038,0.0,100.0,2025,Manila Collegiate League
"Lopez, Ryan",San Beda University,25,129252,1,0,94.375,40.366,1,2,0.042,0.042,0.0,100.0,2025,Manila Collegiate League
"Bacaycay, Kurt",Far Eastern University,23,115874,0,0,95.854,36.407,0,2,0.0,0.0,0.0,0.0,2024,NCAA
"Reyes, Mark",University of the Philippines,23,115679,1,0,97.466,37.389,1,1,0.047,0.047,0.0,100.0,2025,UAAP
"Perez, Angelo",National University,26,137716,0,0,90.464,40.01,0,1,0.0,0.0,0.0,0.0,2025,NCAA
"Santos, Luis",University of the Philippines,21,119700,2,0,93.3,35.051,2,1,0.09,0.09,0.0,100.0,2023,NCAA
"Encaya, Pius",National University,24,121455,0,0,101.11,46.294,0,0,0.0,0.0,0.0,0.0,2024,Philippine College
"Encaya, Pius",National University,25,126384,1,1,94.609,33.428,0,0,0.0,0.043,0.043,0.0,2025,Philippine College
"Fernandez, Laurence",Lyceum,24,118688,0,0,90.297,41.656,0,1,0.0,0.0,0.0,0.0,2023,UAAP
"Bacnis, Hugo",Adamson University,22,116170,0,0,95.843,39.452,0,1,0.0,0.0,0.0,0.0,2024,UAAP
"Santos, Luis",De La Salle University,23,101396,1,0,88.987,37.054,1,1,0.053,0.053,0.0,100.0,2025,Manila Collegiate League
"Digal, Diegocarl",Ateneo de Manila University,22,99387,0,0,93.756,30.152,0,1,0.0,0.0,0.0,0.0,2023,Philippine College
"Lopez, Ryan",San Beda University,24,121635,0,0,87.795,43.162,0,1,0.0,0.0,0.0,0.0,2025,UAAP
"Digal, Diegocarl",University of Santo Tomas,24,111286,0,0,101.233,35.819,0,1,0.0,0.0,0.0,0.0,2024,Manila Collegiate League
"Omitade, Edvard",Far Eastern University,23,131100,0,0,93.86,39.715,0,2,0.0,0.0,0.0,0.0,2024,NCAA
"Reyes, Mark",Lyceum,24,127960,0,0,88.612,41.062,0,0,0.0,0.0,0.0,0.0,2024,UAAP
"Lopez, Ryan",Adamson University,23,118223,0,0,90.44,36.59,0,0,0.0,0.0,0.0,0.0,2023,Manila Collegiate League
"Encaya, Pius",Mapúa University,24,107956,0,0,96.638,37.312,0,1,0.0,0.0,0.0,0.0,2023,Manila Collegiate League
"Lopez, Ryan",De La Salle University,24,116320,0,0,80.3,34.079,0,1,0.0,0.0,0.0,0.0,2023,Philippine College
"Escodo, Bel",University of the Philippines,23,122970,0,0,95.444,32.283,0,0,0.0,0.0,0.0,0.0,2025,NCAA
"Encaya, Pius",San Beda University,22,122141,1,0,95.444,37.886,1,1,0.044,0.044,0.0,100.0,2025,Philippine College
"Barro, Harvy",National University,22,114071,0,0,95.445,37.702,0,0,0.0,0.0,0.0,0.0,2024,NCAA
"Tabelin, Kirvy",National University,22,103073,2,0,88.064,39.104,2,0,0.105,0.105,0.0,100.0,2023,NCAA
"Tabelin, Kirvy",University of Santo Tomas,24,130005,1,0,94.633,38.188,1,1,0.042,0.042,0.0,100.0,2024,Philippine College
"Tagara, Pedro",Ateneo de Manila University,23,110429,1,0,82.647,37.614,1,1,0.049,0.049,0.0,100.0,2023,Philippine College
"Barro, Harvy",University of Santo Tomas,21,106148,0,0,96.778,36.823,0,1,0.0,0.0,0.0,0.0,2025,UAAP
"Omitade, Edvard",Adamson University,25,126088,1,0,88.725,33.666,1,0,0.043,0.043,0.0,100.0,2023,UAAP
"Omitade, Edvard",University of Santo Tomas,22,103003,0,0,92.493,37.119,0,0,0.0,0.0,0.0,0.0,2025,Philippine College
"Reyes, Mark",Far Eastern University,23,108978,2,0,84.05,37.54,2,0,0.099,0.099,0.0,100.0,2025,Manila Collegiate League
"Escodo, Bel",University of Santo Tomas,23,115666,0,0,94.081,36.318,0,0,0.0,0.0,0.0,0.0,2024,NCAA
"Tabelin, Kirvy",University of the Philippines,23,121713,0,0,97.824,36.466,0,0,0.0,0.0,0.0,0.0,2024,UAAP
"Omitade, Edvard",Lyceum,22,103123,0,0,94.847,35.937,0,1,0.0,0.0,0.0,0.0,2025,Philippine College
"Aningalan, Jul",Far Eastern University,23,116767,0,0,97.714,35.543,0,0,0.0,0.0,0.0,0.0,2024,Philippine College
"Lopez, Ryan",San Beda University,25,140231,1,0,89.455,37.512,1,1,0.039,0.039,0.0,100.0,2024,UAAP
"Bacaycay, Kurt",Far Eastern University,23,113354,0,0,92.231,35.425,0,1,0.0,0.0,0.0,0.0,2024,UAAP
"Bacnis, Hugo",National University,24,101105,1,0,94.808,36.372,1,2,0.053,0.053,0.0,100.0,2025,Philippine College
"Bacaycay, Kurt",University of the Philippines,23,119612,2,0,101.059,46.079,2,0,0.09,0.09,0.0,100.0,2023,Philippine College
"Aningalan, Jul",Far Eastern University,24,120266,0,0,94.823,34.794,0,1,0.0,0.0,0.0,0.0,2023,Philippine College
"Lopez, Ryan",National University,21,101514,1,0,89.039,41.939,1,1,0.053,0.053,0.0,100.0,2023,NCAA
"Digal, Diegocarl",Mapúa University,22,102762,1,0,93.238,35.599,1,0,0.053,0.053,0.0,100.0,2025,NCAA
"Barro, Harvy",University of Santo Tomas,24,110493,0,0,95.455,39.247,0,0,0.0,0.0,0.0,0.0,2025,NCAA
"Mapula, Paul",University of the Philippines,23,116758,0,0,84.521,36.871,0,0,0.0,0.0,0.0,0.0,2024,Manila Collegiate League
"Bacnis, Hugo",De La Salle University,22,113014,0,0,103.254,40.844,0,1,0.0,0.0,0.0,0.0,2025,Philippine College
"Acebedo, James",University of the Philippines,21,108668,1,0,97.811,40.344,1,0,0.05,0.05,0.0,100.0,2023,UAAP
"Mapula, Paul",National University,23,125157,0,0,94.719,39.346,0,0,0.0,0.0,0.0,0.0,2023,UAAP
"Bacaycay, Kurt",University of the Philippines,22,108110,1,0,99.173,40.927,1,0,0.05,0.05,0.0,100.0,2023,Manila Collegiate League
"Salingay, Sam",University of the Philippines,22,100162,0,0,93.84,35.965,0,1,0.0,0.0,0.0,0.0,2024,NCAA
"Digal, Diegocarl",University of the Philippines,24,111153,0,0,92.096,45.1,0,0,0.0,0.0,0.0,0.0,2023,Philippine College
"Acebedo, James",Ateneo de Manila University,22,103391,0,0,100.023,37.271,0,1,0.0,0.0,0.0,0.0,2023,UAAP
"Mapula, Paul",Ateneo de Manila University,23,96996,0,0,92.46,36.157,0,1,0.0,0.0,0.0,0.0,2023,Manila Collegiate League
"Mapula, Paul",National University,24,136800,0,0,91.695,38.081,0,0,0.0,0.0,0.0,0.0,2024,UAAP
"Tagara, Pedro",National University,22,108678,1,1,80.622,33.736,0,1,0.0,0.05,0.05,0.0,2025,Philippine College
"Escodo, Bel",De La Salle University,22,103890,2,0,95.878,40.706,2,0,0.104,0.104,0.0,100.0,2023,Philippine College
"Perez, Angelo",Far Eastern University,24,118765,0,0,95.057,31.327,0,1,0.0,0.0,0.0,0.0,2024,Manila Collegiate League
"Digal, Diegocarl",Far Eastern University,22,113111,1,1,108.377,37.511,0,0,0.0,0.048,0.048,0.0,2025,Philippine College
"Lopez, Ryan",Adamson University,23,107727,1,0,103.003,36.528,1,1,0.05,0.05,0.0,100.0,2024,NCAA
"Bacnis, Hugo",Mapúa University,21,109240,0,0,99.09,40.662,0,0,0.0,0.0,0.0,0.0,2023,UAAP
"Fernandez, Laurence",San Beda University,23,109497,0,0,94.781,34.978,0,0,0.0,0.0,0.0,0.0,2025,UAAP
"Encaya, Pius",National University,23,106382,0,0,92.644,36.793,0,0,0.0,0.0,0.0,0.0,2025,NCAA
"Salingay, Sam",San Beda University,23,128306,1,1,98.001,38.153,0,0,0.0,0.042,0.042,0.0,2024,Philippine College
"Encaya, Pius",University of Santo Tomas,23,125696,0,0,99.583,31.022,0,1,0.0,0.0,0.0,0.0,2024,NCAA
"Salingay, Sam",University of the Philippines,24,115407,0,0,85.47,42.475,0,2,0.0,0.0,0.0,0.0,2023,Manila Collegiate League
"Santos, Luis",Far Eastern University,21,100438,0,0,90.291,38.631,0,1,0.0,0.0,0.0,0.0,2023,Manila Collegiate League
"Cruz, Jan",University of the Philippines,24,123803,0,0,86.836,43.003,0,1,0.0,0.0,0.0,0.0,2024,UAAP
"Bacnis, Hugo",University of Santo Tomas,23,104584,0,0,95.945,42.398,0,0,0.0,0.0,0.0,0.0,2025,UAAP
"Bacaycay, Kurt",Ateneo de Manila University,23,102536,0,0,101.404,33.889,0,2,0.0,0.0,0.0,0.0,2023,UAAP
"Encaya, Pius",Adamson University,24,103817,0,0,92.629,40.41,0,0,0.0,0.0,0.0,0.0,2025,Philippine College
"Digal, Diegocarl",University of Santo Tomas,24,108045,0,0,98.125,41.211,0,2,0.0,0.0,0.0,0.0,2025,Philippine College
"Fernandez, Laurence",Mapúa University,23,124670,2,0,91.552,34.242,2,1,0.087,0.087,0.0,100.0,2023,Manila Collegiate League
"Mapula, Paul",National University,23,113206,0,0,96.237,39.383,0,2,0.0,0.0,0.0,0.0,2025,NCAA
"Bacnis, Hugo",Adamson University,23,110222,1,0,96.776,39.594,1,1,0.049,0.049,0.0,100.0,2023,Philippine College
"Santos, Luis",National University,22,112884,1,1,92.066,36.286,0,0,0.0,0.048,0.048,0.0,2025,Philippine College
"Perez, Angelo",National University,22,98322,0,0,93.947,33.913,0,1,0.0,0.0,0.0,0.0,2024,UAAP
"Digal, Diegocarl",National University,24,123738,1,1,92.562,37.61,0,1,0.0,0.044,0.044,0.0,2024,Manila Collegiate League
"Bacnis, Hugo",San Beda University,22,95805,0,0,106.7,33.796,0,2,0.0,0.0,0.0,0.0,2024,NCAA
"Reyes, Mark",University of the Philippines,22,107838,1,1,88.85,36.571,0,0,0.0,0.05,0.05,0.0,2024,Manila Collegiate League
"Salingay, Sam",Adamson University,23,106482,1,0,88.483,43.403,1,1,0.051,0.051,0.0,100.0,2023,Manila Collegiate League
"Reyes, Mark",Far Eastern University,22,102708,0,0,94.684,38.398,0,0,0.0,0.0,0.0,0.0,2023,UAAP
"Digal, Diegocarl",National University,22,105673,1,0,83.285,38.51,1,0,0.051,0.051,0.0,100.0,2025,Manila Collegiate League
"Escodo, Bel",Adamson University,24,120568,2,0,89.408,39.25,2,0,0.09,0.09,0.0,100.0,2024,Philippine College
"Escodo, Bel",University of Santo Tomas,23,95311,2,0,92.242,37.992,2,1,0.113,0.113,0.0,100.0,2023,Manila Collegiate League
"Salingay, Sam",University of the Philippines,22,112149,0,0,105.374,39.377,0,0,0.0,0.0,0.0,0.0,2023,NCAA
"Encaya, Pius",San Beda University,23,98106,0,0,99.61,43.424,0,0,0.0,0.0,0.0,0.0,2024,Manila Collegiate League
"Reyes, Mark",National University,22,104400,0,0,91.261,37.373,0,1,0.0,0.0,0.0,0.0,2023,NCAA
"Acebedo, James",Ateneo de Manila University,23,120127,1,1,96.9,42.13,0,0,0.0,0.045,0.045,0.0,2025,Philippine College
"Mapula, Paul",University of the Philippines,22,112976,0,0,92.268,42.195,0,0,0.0,0.0,0.0,0.0,2024,UAAP
"Santos, Luis",Mapúa University,24,110102,0,0,89.748,47.269,0,1,0.0,0.0,0.0,0.0,2024,Manila Collegiate League
"Mapula, Paul",San Beda University,23,120615,0,0,86.353,36.413,0,1,0.0,0.0,0.0,0.0,2024,Manila Collegiate League
"Aningalan, Jul",University of the Philippines,22,111736,0,0,87.975,39.173,0,1,0.0,0.0,0.0,0.0,2024,Philippine College
"Barro, Harvy",Adamson University,24,111675,1,1,97.994,40.509,0,0,0.0,0.048,0.048,0.0,2025,Philippine College
"Perez, Angelo",Far Eastern University,24,119893,0,0,90.607,35.429,0,1,0.0,0.0,0.0,0.0,2023,Philippine College
"Mapula, Paul",Mapúa University,22,113259,1,1,91.431,37.526,0,1,0.0,0.048,0.048,0.0,2024,Philippine College
"Tagara, Pedro",University of Santo Tomas,24,115329,0,0,99.841,38.87,0,2,0.0,0.0,0.0,0.0,2023,UAAP
"Cruz, Jan",Lyceum,24,113396,0,0,90.105,39.109,0,1,0.0,0.0,0.0,0.0,2023,Philippine College
"Libarnes, Jaro",Far Eastern University,24,113704,0,0,95.289,34.168,0,0,0.0,0.0,0.0,0.0,2023,Manila Collegiate League
"Tagara, Pedro",University of the Philippines,25,117363,0,0,89.998,37.593,0,0,0.0,0.0,0.0,0.0,2024,UAAP
"Aningalan, Jul",University of Santo Tomas,22,107245,1,1,103.341,38.743,0,2,0.0,0.05,0.05,0.0,2024,Manila Collegiate League
"Fernandez, Laurence",Ateneo de Manila University,24,119493,0,0,94.569,37.842,0,0,0.0,0.0,0.0,0.0,2024,NCAA
"Lopez, Ryan",Adamson University,22,122710,1,0,94.249,35.284,1,1,0.044,0.044,0.0,100.0,2024,Philippine College
"Libarnes, Jaro",University of the Philippines,22,99996,0,0,94.539,29.959,0,1,0.0,0.0,0.0,0.0,2024,NCAA
"Tabelin, Kirvy",Far Eastern University,22,108569,0,0,89.251,33.041,0,1,0.0,0.0,0.0,0.0,2025,NCAA
"Aningalan, Jul",Ateneo de Manila University,26,121526,0,0,88.84,37.265,0,0,0.0,0.0,0.0,0.0,2025,Manila Collegiate League
"Omitade, Edvard",De La Salle University,21,102848,0,0,94.244,40.647,0,2,0.0,0.0,0.0,0.0,2024,Manila Collegiate League
"Barro, Harvy",University of the Philippines,22,115004,0,0,89.225,32.978,0,1,0.0,0.0,0.0,0.0,2025,UAAP
"Digal, Diegocarl",Far Eastern University,22,116142,0,0,93.942,38.996,0,0,0.0,0.0,0.0,0.0,2025,UAAP
"Tagara, Pedro",National University,22,113903,2,1,82.65,35.337,1,1,0.047,0.095,0.047,50.0,2025,NCAA
"Omitade, Edvard",Far Eastern University,23,113885,1,1,88.691,38.597,0,1,0.0,0.047,0.047,0.0,2024,NCAA
"Escodo, Bel",Mapúa University,25,126728,1,1,93.435,40.708,0,1,0.0,0.043,0.043,0.0,2024,UAAP
"Tagara, Pedro",Mapúa University,21,97660,0,0,96.013,35.519,0,0,0.0,0.0,0.0,0.0,2025,Philippine College
"Tabelin, Kirvy",Lyceum,24,122031,0,0,90.177,36.02,0,2,0.0,0.0,0.0,0.0,2024,Manila Collegiate League
"Tagara, Pedro",National University,23,114496,0,0,89.264,42.718,0,0,0.0,0.0,0.0,0.0,2024,Philippine College
