team_name,possession__your_possession_time_seconds,possession__attacking_third_possession_seconds,possession__attacking_third_possession_pct_of_team,possession__possession_pct,distribution__passes,distribution__successful_passes,distribution__intercepted_passes,distribution__unsuccessful_passes,distribution__short_passes,distribution__long_passes,distribution__crosses,distribution__through_passes,distribution__header_passes,distribution__forward_passes,distribution__lateral_passes,distribution__back_passes,distribution__passing_accuracy_pct,distribution__assists,distribution__key_passes,attack__goals,attack__shots,attack__shots_on_target,attack__shots_off_target,attack__blocked_shots,attack__shot_creating_actions,defense__tackles,defense__successful_tackles,defense__tackles_success_rate_pct,defense__clearances,defense__interceptions,defense__recoveries,defense__recoveries_attacking_third,defense__recoveries_attacking_third_pct,defense__blocks,defense__saves,general__duels,general__duels_won,general__duels_success_rate_pct,general__aerial_duels,general__ground_duels,general__offsides,general__corner_awarded,discipline__fouls_conceded,discipline__yellow_cards,discipline__red_cards,match_rating_attack,match_rating_defense,match_rating_distribution,match_rating_general,match_rating_discipline,overall_rating,outcome_score,added_at,match_number,match_id,is_synthetic,match_rating_overall
University of the Philippines,2399.715,306.204,12.76,47.44,156,109,14,47,95,16,11,5,3,15,10,3,69.83,0,2,1,5,2,3,0,6,8,5,62.5,8,5,5,1,20.0,1,2,21,15,71.43,9,12,1,1,2,0,0,5.34,4.44,4.99,3.27,7.98,4.99,0.443,2025-10-18T04:20:51.009930+00:00,26,University_of_the_Philippines_20251208181114_26,1,4.99
Mapúa University,2445.175,331.321,13.55,45.45,129,76,28,53,97,22,6,3,2,0,0,7,58.64,0,1,0,4,1,3,0,4,9,5,55.56,11,10,5,1,20.0,2,1,11,6,54.55,3,8,1,1,8,2,0,4.16,5.22,4.97,4.16,5.67,4.77,0.419,2025-10-13T12:37:21.010933+00:00,465,Mapúa_University_20251208181114_465,1,4.77
University of Santo Tomas,2087.975,197.522,9.46,40.02,68,42,7,26,48,12,7,1,2,0,0,5,62.02,0,2,0,4,1,3,0,6,5,3,60.0,3,2,6,1,16.67,1,2,10,6,60.0,2,8,0,1,0,2,0,4.81,4.34,4.5,3.92,5.52,4.56,0.396,2025-03-11T13:36:31.010933+00:00,812,University_of_Santo_Tomas_20251208181114_812,1,4.56
Far Eastern University,1182.348,150.986,12.77,22.41,55,38,4,17,36,7,5,2,1,1,3,11,69.58,0,1,0,2,1,1,0,2,5,3,60.0,8,15,5,1,20.0,2,0,16,11,68.75,2,14,0,0,1,0,0,4.53,5.54,3.83,3.97,6.61,4.8,0.422,2025-01-12T14:36:15.010933+00:00,676,Far_Eastern_University_20251208181114_676,1,4.8
Ateneo de Manila University,2245.796,124.642,5.55,44.57,128,92,9,36,93,18,0,5,5,4,3,12,71.5,0,1,0,4,1,3,0,3,12,4,33.33,8,6,1,0,0.0,1,0,4,2,50.0,0,4,0,1,6,0,0,4.89,5.63,4.91,4.07,7.63,5.26,0.473,2025-11-08T23:41:52.010933+00:00,413,Ateneo_de_Manila_University_20251208181114_413,1,5.26
De La Salle University,2017.048,187.989,9.32,39.64,74,43,9,31,54,11,3,1,1,1,3,8,57.81,0,2,0,4,2,2,0,4,12,8,66.67,11,16,9,2,22.22,1,2,26,9,34.62,6,20,0,2,2,0,0,3.59,5.46,4.91,3.85,7.76,4.83,0.426,2025-10-01T08:33:30.011928+00:00,872,De_La_Salle_University_20251208181114_872,1,4.83
University of the Philippines,3184.434,749.616,23.54,61.9,89,69,6,20,65,16,5,4,3,0,0,10,78.03,0,2,0,4,1,3,1,3,13,7,53.85,11,1,1,0,0.0,1,1,31,21,67.74,4,27,1,0,4,1,0,4.74,4.33,3.71,4.64,6.92,4.62,0.402,2025-09-16T11:44:28.011928+00:00,912,University_of_the_Philippines_20251208181114_912,1,4.62
Riverside FC,3794.866,1095.578,28.87,74.64,114,79,12,35,86,13,4,5,4,1,1,10,69.41,0,3,1,9,2,7,1,12,16,12,75.0,5,2,6,1,16.67,0,1,36,16,44.44,0,36,0,3,3,0,0,6.39,5.03,4.88,4.49,7.05,5.51,0.501,2025-11-16T02:18:40.011928+00:00,26,Riverside_FC_20251208181114_26,1,5.51
San Beda University,3452.885,486.166,14.08,63.54,117,80,10,37,80,15,5,2,1,8,4,9,68.19,0,3,1,7,3,4,1,10,19,9,47.37,4,6,7,1,14.29,0,0,14,6,42.86,4,10,0,2,4,0,0,4.66,4.47,4.55,4.99,7.2,4.88,0.431,2025-08-15T10:56:14.011928+00:00,533,San_Beda_University_20251208181114_533,1,4.88
Far Eastern University,1352.944,373.007,27.57,27.07,60,41,2,19,37,10,2,2,1,3,5,6,68.35,0,2,0,3,1,2,0,2,6,4,66.67,9,10,14,1,7.14,1,2,1,1,100.0,1,0,0,2,5,1,0,5.39,3.97,4.33,3.89,7.08,4.74,0.416,2025-04-03T19:22:05.011928+00:00,26,Far_Eastern_University_20251208181114_26,1,4.74
National University,1403.891,309.979,22.08,27.42,60,49,5,11,44,8,3,2,1,1,1,3,80.85,0,1,0,3,1,2,0,4,0,0,44.62,15,12,4,0,0.0,1,0,6,3,50.0,1,5,0,0,2,0,0,3.39,5.08,5.27,4.61,6.9,4.76,0.418,2025-01-03T17:12:02.011928+00:00,282,National_University_20251208181114_282,1,4.76
De La Salle University,1152.942,277.859,24.1,22.67,57,38,6,19,36,7,4,1,2,2,3,6,67.21,0,1,0,2,1,1,0,2,4,3,75.0,8,6,8,2,25.0,3,0,13,3,23.08,1,12,0,0,10,2,0,4.99,5.52,3.97,3.69,5.85,4.84,0.427,2025-02-07T19:21:01.011928+00:00,659,De_La_Salle_University_20251208181114_659,1,4.84
National University,2419.932,353.794,14.62,44.65,153,124,10,29,89,17,9,1,3,21,14,16,81.28,0,1,0,3,1,2,0,3,12,6,50.0,4,11,5,0,0.0,1,0,19,15,78.95,5,14,1,1,2,0,0,3.94,5.73,4.77,3.86,7.44,4.95,0.439,2025-07-17T20:28:55.011928+00:00,105,National_University_20251208181114_105,1,4.95
Mapúa University,4118.247,786.173,19.09,81.98,145,123,6,22,102,9,6,2,3,9,14,13,84.57,0,4,1,8,2,6,1,7,13,8,61.54,4,2,4,1,25.0,0,0,48,21,43.75,0,48,0,2,3,0,0,5.42,4.38,5.15,4.11,7.7,5.12,0.458,2024-12-16T13:35:23.011928+00:00,570,Mapúa_University_20251208181114_570,1,5.12
Coastal Town,2497.832,273.762,10.96,45.14,90,65,7,25,64,19,7,0,2,0,0,8,72.4,0,2,0,3,2,1,0,4,4,2,50.0,13,2,9,3,33.33,0,1,7,3,42.86,3,4,0,1,9,1,0,5.05,4.84,5.15,3.61,6.22,4.93,0.437,2025-08-12T07:41:52.011928+00:00,106,Coastal_Town_20251208181114_106,1,4.93
Lyceum,2632.323,419.066,15.92,51.42,141,110,15,31,84,11,9,5,3,15,14,11,77.86,0,3,0,4,2,2,0,3,6,4,66.67,3,4,1,0,0.0,1,1,20,8,40.0,1,19,0,1,5,0,0,4.75,4.09,4.62,3.9,6.96,4.64,0.404,2025-04-28T19:04:32.012927+00:00,720,Lyceum_20251208181114_720,1,4.64
Coastal Town,4770.742,685.079,14.36,94.9,210,143,23,67,122,19,21,4,9,18,17,7,68.16,0,2,0,7,3,4,1,7,14,8,57.14,3,1,1,0,0.0,0,0,10,6,60.0,6,4,2,1,1,1,0,5.68,5.81,6.25,4.51,6.17,5.72,0.524,2025-10-08T18:36:18.012927+00:00,993,Coastal_Town_20251208181114_993,1,5.72
Far Eastern University,3179.655,496.344,15.61,58.61,122,93,10,29,76,16,9,5,1,5,11,11,76.01,0,0,0,8,3,5,1,8,4,2,50.0,8,2,3,1,33.33,1,2,14,8,57.14,4,10,0,3,3,0,0,5.51,5.78,4.57,3.93,7.07,5.33,0.481,2025-11-20T13:35:27.012927+00:00,511,Far_Eastern_University_20251208181114_511,1,5.33
Valley Rovers,2216.686,614.909,27.74,41.43,56,45,3,11,41,3,4,1,2,3,3,7,80.25,0,1,0,5,1,4,0,4,12,7,58.33,0,7,8,1,12.5,0,1,13,7,53.85,1,12,0,0,8,1,0,4.42,5.43,4.49,4.52,6.79,4.97,0.441,2025-02-22T11:37:54.012927+00:00,989,Valley_Rovers_20251208181114_989,1,4.97
University of Santo Tomas,3914.955,968.56,24.74,72.91,223,151,27,72,167,35,13,9,8,0,0,29,67.87,0,6,1,9,3,6,0,9,15,10,66.67,3,3,2,0,0.0,2,2,26,12,46.15,11,15,0,0,5,0,0,5.96,5.3,4.75,3.27,6.86,5.25,0.472,2025-01-25T09:03:44.012927+00:00,180,University_of_Santo_Tomas_20251208181114_180,1,5.25
Far Eastern University,3216.797,534.632,16.62,63.94,138,107,4,31,94,15,10,6,2,4,7,13,77.26,0,2,1,6,2,4,1,5,10,7,70.0,2,3,6,1,16.67,0,0,5,3,60.0,1,4,0,0,5,1,0,5.62,5.35,4.87,3.6,6.11,5.16,0.462,2024-12-28T09:40:27.012927+00:00,644,Far_Eastern_University_20251208181114_644,1,5.16
Coastal Town,1216.911,79.829,6.56,23.49,36,29,3,7,23,3,2,0,1,3,4,8,79.38,0,1,0,2,0,2,0,2,1,0,0.0,17,4,15,2,13.33,3,0,6,3,50.0,2,4,0,2,2,2,0,4.49,6.51,4.64,3.83,5.68,5.11,0.457,2025-08-21T18:49:25.012927+00:00,26,Coastal_Town_20251208181114_26,1,5.11
Brookside United,2118.278,406.709,19.2,42.52,91,76,7,15,70,17,7,3,2,0,0,5,83.03,0,3,0,4,2,2,0,5,6,5,83.33,10,6,13,3,23.08,1,0,16,6,37.5,4,12,0,2,8,1,0,4.82,4.53,5.25,2.64,6.67,4.7,0.411,2025-11-07T00:44:53.012927+00:00,995,Brookside_United_20251208181114_995,1,4.7
Metro FC,2314.693,243.506,10.52,41.65,114,84,6,30,78,13,6,6,1,4,6,15,73.71,0,2,0,5,2,3,0,5,9,6,66.67,8,9,4,1,25.0,2,1,10,7,70.0,6,4,2,2,7,1,0,5.11,4.52,4.15,3.61,6.3,4.66,0.407,2025-06-10T02:47:19.012927+00:00,437,Metro_FC_20251208181114_437,1,4.66
Ateneo de Manila University,2797.284,468.545,16.75,54.27,124,93,13,31,87,5,8,2,4,9,8,13,75.11,0,1,0,4,1,3,0,4,3,2,66.67,8,5,0,0,0.0,2,1,37,22,59.46,12,25,0,0,5,0,0,4.63,6.18,4.27,3.15,6.73,4.99,0.443,2025-09-20T12:27:22.012927+00:00,992,Ateneo_de_Manila_University_20251208181114_992,1,4.99
Brookside United,2313.667,301.934,13.05,42.87,81,61,8,20,55,15,7,3,1,0,0,2,74.87,0,2,0,4,1,3,0,5,8,5,62.5,8,4,3,1,33.33,0,0,14,7,50.0,4,10,2,1,9,0,0,4.54,5.0,4.12,4.07,6.87,4.75,0.417,2025-01-26T01:26:09.013925+00:00,51,Brookside_United_20251208181114_51,1,4.75
City United,3698.797,883.643,23.89,70.44,178,124,17,54,128,29,4,6,7,2,2,19,69.49,0,3,1,9,3,6,1,10,16,11,68.75,7,6,6,1,16.67,0,0,15,4,26.67,0,15,0,1,7,1,0,6.1,4.39,4.28,3.52,6.2,4.91,0.434,2025-11-01T06:53:09.013925+00:00,91,City_United_20251208181114_91,1,4.91
Lakeside Athletic,3147.048,615.877,19.57,61.06,63,49,4,14,49,9,2,3,2,0,0,10,77.91,0,1,0,5,2,3,0,6,12,7,58.33,5,4,4,0,0.0,0,0,42,14,33.33,17,25,0,1,3,0,0,4.28,4.89,4.43,5.29,7.73,4.97,0.441,2025-09-23T06:03:00.013925+00:00,463,Lakeside_Athletic_20251208181114_463,1,4.97
De La Salle University,2363.253,548.984,23.23,43.78,84,69,6,15,52,14,8,4,2,2,3,4,81.57,0,4,1,5,2,3,0,4,8,5,62.5,7,6,5,1,20.0,1,2,7,3,42.86,2,5,0,0,1,0,0,4.7,5.83,5.11,3.04,6.59,5.06,0.451,2025-04-28T16:35:48.013925+00:00,597,De_La_Salle_University_20251208181114_597,1,5.06
Riverside FC,2281.035,305.431,13.39,43.4,117,101,7,16,72,16,5,6,0,9,9,2,86.53,0,2,0,5,1,4,0,6,10,6,60.0,3,1,6,1,16.67,2,0,31,14,45.16,17,14,1,2,8,1,0,4.7,5.46,5.1,4.38,6.52,5.13,0.459,2025-05-31T10:00:44.013925+00:00,374,Riverside_FC_20251208181114_374,1,5.13
San Beda University,5181.193,1211.881,23.39,93.0,175,134,13,41,116,18,20,5,3,6,8,7,76.84,1,3,1,6,2,4,0,6,24,16,66.67,1,0,0,0,0.0,1,1,24,12,50.0,8,16,1,0,0,0,0,5.74,5.07,5.21,3.32,7.12,5.25,0.472,2025-03-23T22:00:41.013925+00:00,327,San_Beda_University_20251208181114_327,1,5.25
San Beda University,2657.362,438.73,16.51,50.92,105,74,8,31,72,14,7,5,3,2,2,8,70.26,0,3,0,3,1,2,0,3,14,10,71.43,8,5,9,3,33.33,2,0,29,16,55.17,4,25,1,1,4,2,0,4.33,5.41,4.29,3.6,5.25,4.61,0.401,2025-05-25T05:50:36.013925+00:00,400,San_Beda_University_20251208181114_400,1,4.61
University of Santo Tomas,3079.799,295.353,9.59,56.86,173,123,20,50,126,14,13,7,3,4,5,17,71.24,0,1,1,6,3,3,0,7,6,2,33.33,8,4,5,1,20.0,0,0,25,13,52.0,9,16,0,1,4,0,0,6.19,4.69,5.02,4.49,7.56,5.44,0.493,2025-06-02T04:38:34.013925+00:00,509,University_of_Santo_Tomas_20251208181114_509,1,5.44
Lakeside Athletic,2850.167,563.478,19.77,54.75,131,83,17,48,94,15,10,6,3,1,2,12,63.21,0,4,0,2,1,1,0,2,6,2,33.33,10,0,12,2,16.67,1,0,30,18,60.0,13,17,0,0,4,1,0,4.69,4.13,4.18,4.3,6.0,4.51,0.39,2025-03-01T13:27:45.013925+00:00,782,Lakeside_Athletic_20251208181114_782,1,4.51
Brookside United,2065.312,163.779,7.93,41.11,156,111,11,45,96,20,1,10,5,9,15,7,71.26,0,4,0,3,1,2,0,3,6,4,66.67,11,7,12,2,16.67,0,0,18,8,44.44,3,15,0,2,8,0,0,4.52,4.92,5.11,3.62,6.66,4.84,0.427,2025-02-02T05:53:42.013925+00:00,906,Brookside_United_20251208181114_906,1,4.84
Northbridge FC,2475.242,408.415,16.5,49.53,77,70,1,7,49,5,2,3,0,8,10,4,91.0,0,2,0,4,2,2,0,3,10,7,70.0,6,9,7,0,0.0,2,0,26,12,46.15,11,15,0,2,7,1,0,4.31,5.41,4.68,3.87,6.15,4.81,0.423,2025-07-01T11:16:33.014989+00:00,43,Northbridge_FC_20251208181114_43,1,4.81
University of Santo Tomas,3606.602,180.33,5.0,64.25,163,103,13,60,114,14,13,5,5,6,5,15,62.98,0,2,0,7,2,5,1,8,17,10,58.82,5,2,4,1,25.0,2,0,36,13,36.11,7,29,0,3,4,1,0,4.96,5.71,5.08,3.96,6.47,5.21,0.468,2025-11-19T13:11:53.014989+00:00,511,University_of_Santo_Tomas_20251208181114_511,1,5.21
2 Worlds FC,1755.145,338.216,19.27,32.74,63,42,6,21,42,7,7,2,1,3,2,7,66.39,0,1,0,3,1,2,0,2,5,2,40.0,14,8,17,3,17.65,1,0,5,3,60.0,2,3,0,0,10,2,0,4.55,5.63,4.2,4.21,5.96,4.88,0.431,2025-05-11T23:55:00.014989+00:00,824,2_Worlds_FC_20251208181114_824,1,4.88
Brookside United,3452.099,847.145,24.54,65.46,106,69,11,37,66,0,2,2,2,20,14,7,65.39,0,1,1,5,1,4,0,7,11,5,45.45,11,7,5,1,20.0,0,0,0,0,32.41,0,0,0,0,3,1,0,4.84,4.75,4.52,5.34,6.66,5.0,0.444,2025-10-29T05:34:36.014989+00:00,943,Brookside_United_20251208181114_943,1,5.0
Lakeside Athletic,2414.348,627.489,25.99,47.35,52,37,6,15,36,5,2,1,1,5,3,1,72.07,0,1,0,4,1,3,0,2,0,0,64.81,5,8,18,3,16.67,2,0,8,3,37.5,2,6,0,2,5,0,0,4.03,4.81,4.89,2.75,7.23,4.56,0.396,2025-07-13T16:49:24.014989+00:00,672,Lakeside_Athletic_20251208181114_672,1,4.56
San Beda University,2350.168,390.598,16.62,41.93,113,87,6,26,70,12,13,2,2,7,8,11,76.71,0,2,0,6,2,4,0,6,13,5,38.46,10,3,13,3,23.08,1,1,23,11,47.83,8,15,0,0,4,2,0,4.37,5.26,4.17,4.31,5.46,4.68,0.409,2025-03-26T06:51:54.014989+00:00,306,San_Beda_University_20251208181114_306,1,4.68
University of the Philippines,3413.742,522.303,15.3,61.38,197,126,20,71,145,31,20,3,3,0,0,13,63.95,1,4,1,6,1,5,1,7,9,5,55.56,5,2,4,1,25.0,1,1,31,17,54.84,6,25,0,0,4,0,0,5.52,5.02,5.33,4.5,6.6,5.31,0.479,2025-05-20T08:55:22.014989+00:00,655,University_of_the_Philippines_20251208181114_655,1,5.31
San Beda University,2573.571,531.957,20.67,49.09,86,70,5,16,72,13,8,2,2,0,0,10,81.54,0,0,1,7,1,6,1,7,18,9,50.0,12,9,15,6,40.0,1,2,17,9,52.94,0,17,0,2,3,0,0,4.82,5.78,4.86,5.33,7.21,5.41,0.49,2025-01-04T02:55:24.014989+00:00,764,San_Beda_University_20251208181114_764,1,5.41
Brookside United,2476.831,544.407,21.98,44.43,117,73,12,44,86,7,9,4,2,5,4,11,62.63,0,2,0,5,2,3,1,5,5,3,60.0,5,10,0,0,0.0,1,2,6,2,33.33,3,3,1,1,5,0,0,5.53,4.84,3.68,3.42,7.38,4.86,0.429,2025-09-04T22:36:07.014989+00:00,785,Brookside_United_20251208181114_785,1,4.86
Coastal Town,2980.239,393.392,13.2,54.92,107,66,14,41,57,9,5,3,2,17,15,3,61.4,0,2,0,5,2,3,1,3,13,10,76.92,5,1,0,0,0.0,0,3,24,13,54.17,6,18,1,1,4,1,0,5.3,5.04,4.03,3.46,6.03,4.79,0.421,2025-07-28T05:05:35.015929+00:00,247,Coastal_Town_20251208181114_247,1,4.79
Valley Rovers,2392.774,815.457,34.08,45.23,102,74,15,28,74,16,5,1,3,2,2,10,72.89,0,1,0,5,2,3,0,7,8,4,50.0,5,9,0,0,0.0,0,3,25,17,68.0,0,25,0,0,5,0,0,4.96,4.64,5.37,4.16,6.79,5.02,0.447,2025-01-20T09:45:40.015929+00:00,904,Valley_Rovers_20251208181114_904,1,5.02
De La Salle University,2828.075,622.176,22.0,53.73,173,130,10,43,146,15,10,5,2,0,0,25,75.18,0,3,1,5,1,4,1,6,6,3,50.0,5,4,3,1,33.33,3,0,23,11,47.83,4,19,0,1,9,1,0,4.75,4.03,5.26,4.18,6.35,4.73,0.414,2025-04-29T18:42:25.015929+00:00,725,De_La_Salle_University_20251208181114_725,1,4.73
2 Worlds FC,2377.196,776.154,32.65,42.44,107,77,13,30,72,18,4,2,2,6,4,6,72.34,0,2,1,5,2,3,0,6,1,1,100.0,7,2,6,2,33.33,0,0,17,5,29.41,4,13,0,1,3,1,0,5.51,4.0,4.13,2.7,5.8,4.45,0.383,2025-06-24T17:06:31.015929+00:00,580,2_Worlds_FC_20251208181114_580,1,4.45
Mapúa University,3339.559,588.43,17.62,64.24,169,128,12,41,111,11,16,7,4,5,14,17,76.0,0,1,1,5,2,3,0,5,11,7,63.64,6,6,3,1,33.33,2,2,34,15,44.12,13,21,0,2,8,2,0,5.95,5.38,4.9,4.63,5.82,5.38,0.487,2025-03-31T12:52:27.015929+00:00,803,Mapúa_University_20251208181114_803,1,5.38
De La Salle University,2996.512,326.919,10.91,57.08,163,130,10,33,118,20,17,4,3,1,1,17,79.97,0,1,1,5,2,3,1,3,10,4,40.0,13,5,8,3,37.5,0,1,8,4,50.0,2,6,1,1,2,1,0,5.57,4.78,4.32,2.61,6.09,4.74,0.416,2025-04-16T10:33:15.015929+00:00,172,De_La_Salle_University_20251208181114_172,1,4.74
Lakeside Athletic,2335.843,663.146,28.39,42.48,94,79,3,15,56,11,6,5,2,3,11,18,83.6,0,2,0,4,1,3,0,4,12,6,50.0,7,5,9,1,11.11,0,3,24,11,45.83,3,21,0,0,6,0,0,3.89,4.27,4.83,3.76,6.82,4.46,0.384,2024-12-25T20:45:27.015929+00:00,817,Lakeside_Athletic_20251208181114_817,1,4.46
Valley Rovers,2733.864,580.946,21.25,52.66,86,57,10,29,68,16,9,3,2,0,0,8,66.09,0,1,1,5,2,3,0,5,4,2,50.0,5,7,7,2,28.57,2,0,21,13,61.9,6,15,1,1,5,0,0,4.91,5.49,3.8,4.42,7.84,5.07,0.452,2025-11-05T21:10:00.015929+00:00,155,Valley_Rovers_20251208181114_155,1,5.07
University of the Philippines,2809.737,414.717,14.76,54.25,109,93,3,16,82,9,4,2,1,4,7,4,85.05,0,1,0,4,1,3,0,4,8,5,62.5,6,2,5,1,20.0,1,0,9,2,22.22,0,9,0,1,6,1,0,5.06,5.14,5.11,3.96,6.81,5.11,0.457,2025-03-24T18:24:35.015929+00:00,819,University_of_the_Philippines_20251208181114_819,1,5.11
Coastal Town,806.882,51.963,6.44,14.91,40,25,5,15,28,7,3,1,1,0,0,3,62.88,0,1,0,2,1,1,0,1,5,4,80.0,14,0,7,2,28.57,3,0,9,4,44.44,1,8,1,0,14,1,0,3.68,4.75,3.55,3.8,5.85,4.19,0.354,2025-09-14T19:45:14.015929+00:00,419,Coastal_Town_20251208181114_419,1,4.19
Far Eastern University,2531.769,571.927,22.59,50.57,111,81,16,30,71,12,6,2,2,12,6,16,73.04,0,3,0,2,1,1,0,3,8,6,75.0,10,1,5,1,20.0,0,0,24,8,33.33,1,23,1,1,4,2,0,5.1,5.94,4.57,4.06,5.53,5.13,0.459,2025-04-17T19:04:25.016928+00:00,804,Far_Eastern_University_20251208181114_804,1,5.13
City United,1274.8,168.401,13.21,25.45,50,34,7,16,36,6,6,1,2,0,0,3,68.11,0,1,0,2,1,1,0,3,4,3,75.0,10,7,8,1,12.5,2,0,7,3,42.86,1,6,2,1,11,0,0,5.28,4.29,3.81,4.69,7.2,4.82,0.424,2025-10-01T20:34:20.016928+00:00,871,City_United_20251208181114_871,1,4.82
National University,2557.107,438.032,17.13,47.19,100,87,6,13,67,13,9,4,2,2,4,5,87.31,0,3,0,4,2,2,0,4,6,3,50.0,6,2,9,2,22.22,0,0,21,11,52.38,2,19,0,3,4,1,0,5.46,3.96,5.28,3.66,6.51,4.86,0.429,2025-01-05T07:12:17.016928+00:00,532,National_University_20251208181114_532,1,4.86
Adamson University,1442.723,297.489,20.62,26.91,64,48,5,16,39,8,2,1,2,5,7,4,74.83,0,1,0,2,1,1,0,2,7,4,57.14,10,7,10,2,20.0,3,0,9,6,66.67,2,7,0,0,10,0,0,4.2,5.79,5.52,4.43,7.16,5.24,0.471,2025-06-24T03:57:41.016928+00:00,531,Adamson_University_20251208181114_531,1,5.24
Northbridge FC,2675.151,211.069,7.89,49.68,125,97,8,28,94,14,8,8,4,0,0,17,77.51,0,2,1,5,2,3,0,4,11,5,45.45,3,8,11,1,9.09,3,0,29,12,41.38,8,21,1,1,2,0,0,5.4,5.62,4.63,5.05,7.67,5.49,0.499,2025-10-10T09:52:17.016928+00:00,650,Northbridge_FC_20251208181114_650,1,5.49
Valley Rovers,1752.285,375.339,21.42,35.07,59,40,7,19,42,10,7,2,1,0,0,3,68.61,0,0,0,3,1,2,0,4,5,3,60.0,0,8,9,1,11.11,1,0,12,6,50.0,4,8,1,1,12,0,0,4.61,4.35,4.36,4.89,6.8,4.75,0.417,2025-08-05T12:42:19.016928+00:00,3,Valley_Rovers_20251208181114_3,1,4.75
San Beda University,2045.319,423.995,20.73,39.39,83,61,6,22,58,10,2,0,2,4,6,4,73.04,0,2,0,4,2,2,0,5,6,3,50.0,11,6,11,2,18.18,1,0,12,7,58.33,3,9,0,2,7,0,0,4.62,5.38,4.95,4.3,7.3,5.12,0.458,2025-09-20T14:20:26.016928+00:00,955,San_Beda_University_20251208181114_955,1,5.12
University of Santo Tomas,1568.88,169.125,10.78,29.77,88,65,7,23,61,10,7,3,2,2,3,1,73.34,0,2,0,3,1,2,0,4,3,2,66.67,10,4,13,3,23.08,0,0,13,7,53.85,5,8,0,2,12,0,0,5.22,4.58,4.28,4.19,7.12,4.9,0.433,2025-11-05T10:59:15.016928+00:00,461,University_of_Santo_Tomas_20251208181114_461,1,4.9
Lakeside Athletic,3797.09,1100.776,28.99,68.97,170,119,17,51,112,21,2,3,3,13,15,12,70.06,0,4,1,11,5,6,1,12,6,4,66.67,6,3,5,1,20.0,2,0,10,6,60.0,0,10,1,1,1,0,0,5.08,5.09,4.86,4.48,7.36,5.18,0.464,2025-07-18T16:03:15.017927+00:00,829,Lakeside_Athletic_20251208181114_829,1,5.18
Coastal Town,4014.624,545.989,13.6,77.21,175,98,15,77,130,21,17,6,1,0,0,0,56.28,0,1,1,9,3,6,1,11,7,3,42.86,2,2,6,2,33.33,3,0,48,23,47.92,13,35,1,3,4,1,0,5.57,3.97,3.81,4.06,6.61,4.66,0.407,2025-06-26T16:01:08.017927+00:00,543,Coastal_Town_20251208181114_543,1,4.66
San Beda University,1162.877,115.241,9.91,21.26,48,37,5,11,37,5,4,1,1,0,0,5,77.1,0,1,0,2,1,1,0,2,4,2,50.0,8,7,8,3,37.5,3,2,6,1,16.67,4,2,0,0,1,0,0,4.42,5.33,5.14,3.84,7.19,5.01,0.446,2025-06-28T12:04:29.017927+00:00,152,San_Beda_University_20251208181114_152,1,5.01
De La Salle University,2045.048,176.488,8.63,37.68,54,39,1,15,39,6,4,2,1,1,1,4,71.98,0,1,0,3,1,2,0,4,3,2,66.67,7,11,13,2,15.38,2,0,19,11,57.89,5,14,0,1,5,0,0,4.06,5.35,5.57,4.84,7.92,5.22,0.469,2025-09-19T16:14:15.017927+00:00,842,De_La_Salle_University_20251208181114_842,1,5.22
University of the Philippines,2737.533,612.386,22.37,50.51,87,69,4,18,60,13,5,3,0,2,3,9,79.44,0,2,0,4,1,3,0,5,17,11,64.71,6,7,2,0,0.0,2,1,39,16,41.03,14,25,0,2,5,1,0,4.71,5.73,4.01,4.4,5.37,4.88,0.431,2025-02-10T09:54:14.017927+00:00,340,University_of_the_Philippines_20251208181114_340,1,4.88
Highland Wanderers,2118.032,445.634,21.04,38.42,53,31,7,22,35,2,4,1,1,6,4,2,58.96,0,1,1,4,1,3,0,4,6,3,50.0,7,0,15,0,0.0,2,0,15,11,73.33,5,10,0,0,8,1,0,5.47,3.96,4.48,3.7,6.06,4.66,0.407,2025-05-08T14:05:26.017927+00:00,63,Highland_Wanderers_20251208181114_63,1,4.66
Riverside FC,3228.16,822.535,25.48,59.13,181,144,11,37,121,20,9,9,3,10,8,8,79.41,0,3,1,7,2,5,0,10,9,6,66.67,6,0,6,1,16.67,1,0,38,18,47.37,8,30,0,2,6,0,0,5.38,4.55,5.61,3.89,7.38,5.19,0.466,2025-04-03T23:22:56.017927+00:00,154,Riverside_FC_20251208181114_154,1,5.19
City United,3669.742,684.774,18.66,73.33,145,110,12,35,92,19,3,3,3,13,13,9,75.7,1,4,1,7,3,4,0,8,8,5,62.5,6,0,6,1,16.67,1,2,26,19,73.08,8,18,0,4,4,0,0,5.05,5.13,4.96,3.8,6.81,5.06,0.451,2024-12-24T17:51:48.017927+00:00,841,City_United_20251208181114_841,1,5.06
Coastal Town,2953.082,625.758,21.19,53.82,165,124,12,41,133,16,9,3,6,0,0,9,75.25,0,4,0,4,3,1,0,6,4,2,50.0,5,9,3,1,33.33,1,1,38,25,65.79,8,30,0,2,5,0,0,5.31,4.76,4.49,4.55,7.66,5.12,0.458,2025-07-10T08:44:31.017927+00:00,934,Coastal_Town_20251208181114_934,1,5.12
Riverside FC,2642.163,758.829,28.72,50.62,115,70,14,45,78,13,4,0,2,10,7,5,60.49,0,3,1,5,2,3,0,6,2,1,50.0,12,4,8,1,12.5,2,2,16,9,56.25,3,13,2,0,6,0,0,4.58,4.49,4.82,4.5,6.91,4.82,0.424,2025-07-09T03:08:48.018926+00:00,415,Riverside_FC_20251208181114_415,1,4.82
Ateneo de Manila University,2683.478,401.985,14.98,52.64,102,72,9,30,78,10,4,5,2,1,2,6,70.8,0,2,1,7,3,4,1,5,14,9,64.29,5,3,10,2,20.0,2,1,21,8,38.1,9,12,1,3,4,0,0,5.1,4.47,4.83,4.65,7.57,5.05,0.45,2025-07-09T07:35:55.018926+00:00,892,Ateneo_de_Manila_University_20251208181114_892,1,5.05
Lakeside Athletic,3746.495,397.878,10.62,70.62,156,123,11,33,104,26,9,5,2,6,4,6,78.95,0,4,1,9,3,6,1,12,6,3,50.0,1,2,2,0,0.0,1,1,39,23,58.97,13,26,2,2,2,0,0,5.52,4.89,5.49,3.54,6.77,5.19,0.466,2025-05-08T14:22:03.018926+00:00,746,Lakeside_Athletic_20251208181114_746,1,5.19
Valley Rovers,2167.061,306.639,14.15,39.57,69,48,6,21,50,3,6,2,1,3,4,0,69.42,0,1,0,4,2,2,0,3,13,6,46.15,14,8,13,2,15.38,0,1,19,11,57.89,0,19,1,0,5,0,0,5.32,5.53,3.56,4.22,6.99,5.04,0.449,2025-04-27T19:32:53.018926+00:00,737,Valley_Rovers_20251208181114_737,1,5.04
Mapúa University,2069.439,279.995,13.53,38.02,117,89,10,28,87,5,9,3,1,3,9,14,75.86,0,2,0,4,1,3,0,4,5,2,40.0,4,1,3,1,33.33,0,0,0,0,50.81,0,0,0,1,6,1,0,4.07,3.93,4.74,5.03,6.18,4.51,0.39,2025-03-17T23:08:30.018926+00:00,900,Mapúa_University_20251208181114_900,1,4.51
Brookside United,1448.384,327.624,22.62,27.43,44,32,3,12,34,8,4,1,2,0,0,2,73.72,0,1,0,2,1,1,0,2,2,1,50.0,15,9,8,1,12.5,0,2,10,6,60.0,3,7,1,0,10,0,0,3.46,4.27,3.58,3.72,6.85,4.09,0.343,2025-11-11T10:04:16.018926+00:00,98,Brookside_United_20251208181114_98,1,4.09
Lakeside Athletic,2743.854,335.025,12.21,51.47,89,64,11,25,54,15,8,3,3,4,2,0,71.78,0,2,1,5,2,3,0,4,13,9,69.23,14,3,9,2,22.22,0,2,37,15,40.54,3,34,0,0,6,1,0,5.08,5.15,4.43,5.25,6.1,5.1,0.456,2025-04-04T23:40:46.018926+00:00,340,Lakeside_Athletic_20251208181114_340,1,5.1
University of Santo Tomas,1415.849,178.822,12.63,28.03,56,51,2,5,43,5,0,3,2,1,2,4,91.82,0,1,0,3,1,2,0,3,8,3,37.5,17,5,12,4,33.33,1,0,0,0,21.35,0,0,0,1,6,0,0,3.64,4.82,4.93,3.48,7.19,4.56,0.396,2025-07-15T02:48:31.018926+00:00,709,University_of_Santo_Tomas_20251208181114_709,1,4.56
San Beda University,1064.82,173.672,16.31,21.14,55,42,6,13,40,8,0,1,1,3,2,6,76.49,0,1,0,1,0,1,0,1,2,1,50.0,10,6,3,1,33.33,2,1,4,1,25.0,3,1,1,1,16,2,0,3.33,4.25,4.0,3.34,5.99,3.99,0.332,2025-02-03T11:02:03.018926+00:00,536,San_Beda_University_20251208181114_536,1,3.99
Adamson University,499.619,121.607,24.34,9.96,28,21,2,7,20,4,2,1,1,1,0,3,74.28,0,0,0,1,0,1,0,1,2,1,50.0,22,12,0,0,0.0,0,1,6,2,33.33,3,3,1,0,7,2,0,3.1,4.37,3.91,3.46,5.48,3.91,0.323,2025-06-14T01:57:40.019929+00:00,302,Adamson_University_20251208181114_302,1,3.91
National University,2284.511,515.386,22.56,42.43,117,73,13,44,86,8,11,5,3,2,2,8,62.06,0,1,0,3,1,2,0,3,9,7,77.78,7,2,7,2,28.57,2,1,20,9,45.0,7,13,0,1,3,0,0,4.2,5.14,5.22,4.31,7.24,4.99,0.443,2025-09-08T09:00:56.019929+00:00,927,National_University_20251208181114_927,1,4.99
Highland Wanderers,2004.426,315.096,15.72,39.03,79,51,9,28,54,10,3,1,1,3,7,6,64.71,0,1,0,4,1,3,0,5,4,2,50.0,6,3,7,1,14.29,0,0,10,6,60.0,5,5,2,0,6,0,0,3.9,4.64,4.1,4.08,6.79,4.46,0.384,2025-10-26T07:05:38.019929+00:00,73,Highland_Wanderers_20251208181114_73,1,4.46
Adamson University,2074.769,358.313,17.27,38.08,98,70,9,28,61,13,7,2,1,7,5,12,71.87,0,2,0,3,1,2,0,4,9,3,33.33,4,3,14,3,21.43,2,0,8,4,50.0,1,7,0,2,9,2,0,3.19,5.71,4.28,3.91,5.04,4.4,0.378,2025-07-20T05:05:56.019929+00:00,767,Adamson_University_20251208181114_767,1,4.4
Far Eastern University,2366.879,118.344,5.0,44.93,103,75,10,28,68,12,2,1,2,7,11,5,72.69,0,2,0,4,1,3,0,3,1,0,0.0,3,5,13,3,23.08,1,0,33,16,48.48,5,28,0,1,3,1,0,5.13,4.23,3.93,4.03,5.97,4.57,0.397,2025-09-07T21:34:01.019929+00:00,696,Far_Eastern_University_20251208181114_696,1,4.57
Northbridge FC,2581.23,642.468,24.89,46.65,151,114,8,37,105,18,6,4,4,5,9,6,75.79,0,5,0,6,2,4,1,8,6,3,50.0,2,3,6,1,16.67,2,1,19,16,84.21,5,14,1,1,3,1,1,3.95,4.22,5.32,4.26,4.88,4.44,0.382,2025-07-18T10:29:11.019929+00:00,676,Northbridge_FC_20251208181114_676,1,4.44
Far Eastern University,3213.223,833.51,25.94,58.45,110,84,11,26,75,15,5,2,1,4,8,6,76.78,0,3,1,7,3,4,0,9,5,3,60.0,10,3,9,1,11.11,2,0,40,15,37.5,11,29,0,3,6,1,0,4.96,5.39,4.37,4.99,6.88,5.16,0.462,2025-11-03T09:49:12.019929+00:00,192,Far_Eastern_University_20251208181114_192,1,5.16
Metro FC,1979.019,523.846,26.47,39.16,108,68,11,40,69,16,3,5,4,3,8,3,62.53,0,3,0,5,1,4,1,5,4,1,25.0,13,5,4,1,25.0,1,0,21,5,23.81,7,14,0,0,7,1,0,3.46,4.52,3.89,3.97,6.44,4.21,0.357,2025-12-04T21:08:37.019929+00:00,395,Metro_FC_20251208181114_395,1,4.21
Valley Rovers,1761.414,302.259,17.16,34.53,72,43,8,29,55,11,3,2,1,1,1,0,59.97,0,2,0,3,1,2,0,1,1,0,0.0,7,8,10,2,20.0,1,1,12,3,25.0,3,9,0,0,7,1,0,3.54,5.13,3.39,3.43,6.26,4.21,0.357,2025-07-27T10:06:47.020929+00:00,121,Valley_Rovers_20251208181114_121,1,4.21
City United,2384.235,367.649,15.42,44.46,46,40,2,6,35,4,6,2,1,0,0,6,87.62,0,1,0,5,2,3,0,5,4,2,50.0,13,7,8,1,12.5,2,0,18,9,50.0,3,15,0,0,5,0,0,4.46,4.71,4.87,4.74,7.1,4.92,0.436,2025-05-15T21:15:20.020929+00:00,82,City_United_20251208181114_82,1,4.92
San Beda University,2960.811,752.342,25.41,55.55,106,81,6,25,81,16,6,5,2,0,0,5,76.4,0,2,0,7,2,5,0,8,10,7,70.0,7,3,4,0,0.0,0,0,18,9,50.0,7,11,0,3,3,1,0,4.85,4.59,5.09,3.87,6.38,4.84,0.427,2025-09-02T00:01:10.020929+00:00,268,San_Beda_University_20251208181114_268,1,4.84
Adamson University,854.796,182.243,21.32,15.7,35,23,3,12,26,4,2,2,1,0,0,1,65.02,0,1,0,1,0,1,0,1,1,0,0.0,13,11,10,2,20.0,3,1,2,1,50.0,0,2,0,0,6,2,0,3.69,5.09,3.98,4.2,6.11,4.45,0.383,2025-06-25T05:01:19.020929+00:00,241,Adamson_University_20251208181114_241,1,4.45
Brookside United,2403.086,644.267,26.81,46.92,79,62,7,17,51,12,6,4,1,3,2,6,78.33,0,2,1,5,2,3,0,4,14,11,78.57,12,10,10,3,30.0,3,0,16,8,50.0,2,14,0,1,2,1,0,5.43,4.99,4.17,3.64,6.21,4.88,0.431,2025-02-24T21:53:23.020929+00:00,883,Brookside_United_20251208181114_883,1,4.88
Mapúa University,2959.623,834.022,28.18,59.42,186,116,23,70,128,13,7,8,7,8,15,24,62.6,0,4,0,5,2,3,0,6,6,3,50.0,3,6,5,1,20.0,2,1,20,13,65.0,5,15,1,2,3,0,0,4.19,4.95,4.78,3.99,6.62,4.74,0.416,2024-12-15T15:16:20.020929+00:00,353,Mapúa_University_20251208181114_353,1,4.74
Adamson University,2396.711,476.706,19.89,42.99,100,71,10,29,71,7,7,3,2,4,6,12,71.1,0,3,0,5,1,4,0,6,15,7,46.67,0,7,13,2,15.38,3,0,15,5,33.33,5,10,1,0,4,0,0,4.42,5.46,4.66,4.39,7.0,5.01,0.446,2025-12-03T18:11:02.020929+00:00,171,Adamson_University_20251208181114_171,1,5.01
Valley Rovers,2853.615,621.232,21.77,52.27,111,85,5,26,75,6,7,2,4,8,8,3,76.56,1,3,0,4,2,2,0,3,7,5,71.43,9,1,6,1,16.67,0,2,13,6,46.15,3,10,0,1,6,0,0,4.91,4.85,4.35,4.94,8.06,5.1,0.456,2025-11-27T11:25:03.020929+00:00,835,Valley_Rovers_20251208181114_835,1,5.1
University of the Philippines,2465.574,715.263,29.01,45.33,120,82,17,38,76,15,5,7,4,6,8,11,67.94,0,0,1,5,2,3,0,6,11,4,36.36,13,8,8,3,37.5,0,2,20,10,50.0,2,18,1,1,4,0,0,5.06,5.79,4.52,3.84,7.19,5.2,0.467,2025-08-29T05:03:53.020929+00:00,289,University_of_the_Philippines_20251208181114_289,1,5.2
Ateneo de Manila University,3670.392,846.392,23.06,67.97,155,109,8,46,109,21,3,3,4,9,6,11,70.11,1,4,1,7,3,4,0,6,10,7,70.0,5,4,6,2,33.33,2,2,19,8,42.11,8,11,0,3,3,0,0,4.94,4.27,4.64,3.38,7.08,4.69,0.41,2025-02-21T11:23:33.021927+00:00,885,Ateneo_de_Manila_University_20251208181114_885,1,4.69
Highland Wanderers,2265.741,567.342,25.04,40.97,55,36,6,19,41,9,0,2,1,1,1,5,65.8,0,0,0,4,1,3,0,6,9,4,44.44,5,1,10,3,30.0,0,1,24,19,79.17,8,16,0,1,8,1,0,4.27,3.75,3.81,4.32,6.29,4.24,0.36,2025-08-16T20:07:31.021927+00:00,357,Highland_Wanderers_20251208181114_357,1,4.24
De La Salle University,2540.831,510.453,20.09,45.61,146,103,6,43,100,18,7,0,2,7,13,15,70.63,0,3,1,6,2,4,1,5,12,6,50.0,7,3,7,1,14.29,1,0,30,18,60.0,5,25,1,0,1,0,0,5.58,5.24,4.64,4.86,7.2,5.36,0.484,2025-06-11T06:42:47.021927+00:00,14,De_La_Salle_University_20251208181114_14,1,5.36
Highland Wanderers,3017.249,362.975,12.03,56.1,128,101,9,27,90,22,4,6,3,1,2,0,79.23,0,2,1,6,3,3,1,10,11,7,63.64,7,0,9,0,0.0,0,1,20,9,45.0,5,15,0,3,4,1,0,4.77,4.87,4.63,4.35,6.19,4.85,0.428,2025-04-02T21:12:27.021927+00:00,333,Highland_Wanderers_20251208181114_333,1,4.85
University of the Philippines,3355.96,1019.205,30.37,62.33,131,99,5,32,103,20,6,5,2,0,0,9,75.48,0,4,0,5,1,4,1,6,17,8,47.06,8,6,8,3,37.5,1,0,36,20,55.56,10,26,0,0,6,0,0,4.15,5.52,4.42,3.92,6.56,4.8,0.422,2025-04-05T21:49:26.021927+00:00,610,University_of_the_Philippines_20251208181114_610,1,4.8
Adamson University,1790.364,421.989,23.57,33.58,99,77,8,22,70,15,2,4,2,3,4,5,77.45,0,2,0,2,1,1,0,2,4,2,50.0,12,6,8,1,12.5,1,0,8,4,50.0,2,6,0,0,4,2,0,3.86,4.97,4.84,3.61,4.96,4.44,0.382,2025-03-03T00:36:03.021927+00:00,500,Adamson_University_20251208181114_500,1,4.44
Brookside United,2316.787,335.471,14.48,41.29,56,32,9,24,45,5,3,2,1,0,0,3,57.54,0,2,0,3,1,2,0,3,16,5,31.25,15,1,8,2,25.0,0,0,24,19,79.17,2,22,0,3,8,1,0,5.16,5.11,4.56,3.93,6.67,5.0,0.444,2025-03-27T08:08:35.021927+00:00,748,Brookside_United_20251208181114_748,1,5.0
Ateneo de Manila University,2658.038,662.383,24.92,47.33,173,126,20,47,129,19,8,7,5,3,2,4,72.63,0,2,0,6,2,4,1,5,13,9,69.23,2,3,8,2,25.0,0,1,14,9,64.29,2,12,0,0,6,0,0,4.74,5.06,4.62,3.82,7.54,4.96,0.44,2025-05-11T03:12:51.021927+00:00,641,Ateneo_de_Manila_University_20251208181114_641,1,4.96
Lyceum,2739.751,612.06,22.34,50.26,89,59,7,30,59,11,7,7,2,1,2,4,66.82,0,2,0,7,3,4,1,10,10,6,60.0,10,4,7,1,14.29,2,2,27,13,48.15,6,21,0,2,6,1,0,5.02,3.98,4.05,4.63,6.13,4.59,0.399,2025-11-16T20:03:12.021927+00:00,454,Lyceum_20251208181114_454,1,4.59
Metro FC,2211.797,594.531,26.88,40.59,70,52,3,18,55,5,2,2,1,2,3,9,73.78,0,2,0,4,1,3,0,4,5,4,80.0,4,7,7,1,14.29,0,1,8,4,50.0,2,6,0,0,5,0,0,4.25,4.04,4.63,3.5,7.33,4.47,0.386,2025-08-02T06:23:17.022926+00:00,738,Metro_FC_20251208181114_738,1,4.47
University of Santo Tomas,3413.946,928.935,27.21,62.72,171,134,12,37,116,18,2,9,3,12,11,21,78.12,0,2,1,7,2,5,1,9,12,6,50.0,0,4,7,3,42.86,0,1,40,20,50.0,1,39,0,1,3,0,0,6.25,4.96,4.4,5.48,7.23,5.51,0.501,2025-07-18T19:37:21.022926+00:00,736,University_of_Santo_Tomas_20251208181114_736,1,5.51
Highland Wanderers,2533.048,406.048,16.03,50.02,105,80,6,25,80,8,8,2,2,2,3,6,76.19,0,1,0,3,1,2,0,2,10,5,50.0,6,7,6,1,16.67,0,0,24,11,45.83,4,20,0,1,4,0,0,4.17,5.64,4.06,4.05,6.85,4.81,0.423,2024-12-12T07:43:52.022926+00:00,840,Highland_Wanderers_20251208181114_840,1,4.81
Riverside FC,979.885,170.892,17.44,17.76,42,31,4,11,25,4,2,1,0,6,5,0,74.63,0,1,0,1,0,1,0,1,2,1,50.0,12,9,7,1,14.29,1,0,6,4,66.67,2,4,0,0,11,0,0,3.19,6.12,4.72,4.61,6.99,4.9,0.433,2025-04-10T16:53:34.022926+00:00,624,Riverside_FC_20251208181114_624,1,4.9
Far Eastern University,3135.306,766.269,24.44,56.71,148,109,9,39,113,5,14,5,1,4,6,11,73.54,0,2,0,5,2,3,0,6,6,4,66.67,8,6,7,2,28.57,1,1,9,4,44.44,2,7,1,0,5,0,0,5.15,5.37,5.3,4.1,7.6,5.34,0.482,2025-04-04T23:58:51.022926+00:00,494,Far_Eastern_University_20251208181114_494,1,5.34
Far Eastern University,2964.649,148.232,5.0,57.14,131,106,9,25,99,16,6,6,2,0,0,10,80.75,0,3,0,5,2,3,1,3,19,14,73.68,9,5,5,1,20.0,0,2,19,12,63.16,6,13,0,1,6,2,0,5.72,5.74,5.45,3.65,5.5,5.36,0.484,2024-12-13T07:52:26.022926+00:00,195,Far_Eastern_University_20251208181114_195,1,5.36
Northbridge FC,2980.514,695.056,23.32,53.74,122,73,11,49,104,17,11,4,3,0,0,7,59.85,0,1,0,6,2,4,1,6,20,14,70.0,6,1,11,3,27.27,1,0,37,19,51.35,4,33,1,1,5,0,0,5.37,4.59,5.4,5.32,6.99,5.31,0.479,2025-11-05T00:52:51.022926+00:00,251,Northbridge_FC_20251208181114_251,1,5.31
University of the Philippines,3295.159,699.562,21.23,62.43,112,80,14,32,87,9,7,3,2,2,3,8,71.5,0,1,1,6,2,4,0,6,19,5,26.32,8,2,4,1,25.0,0,0,19,5,26.32,8,11,1,1,5,0,0,5.4,4.3,4.06,3.06,6.78,4.63,0.403,2025-06-24T00:11:26.022926+00:00,360,University_of_the_Philippines_20251208181114_360,1,4.63
Ateneo de Manila University,2648.119,575.966,21.75,49.55,87,76,3,11,61,5,3,3,1,5,8,9,87.79,0,3,0,2,1,1,0,3,4,2,50.0,0,5,8,1,12.5,3,1,20,11,55.0,5,15,0,0,2,1,0,4.45,4.3,4.42,4.29,6.5,4.58,0.398,2025-02-27T04:11:05.023926+00:00,93,Ateneo_de_Manila_University_20251208181114_93,1,4.58
City United,2870.102,419.035,14.6,54.79,183,151,15,32,129,20,9,9,2,8,7,14,82.25,0,5,0,4,1,3,0,4,14,7,50.0,9,5,7,0,0.0,1,0,33,14,42.42,10,23,0,0,5,0,0,4.08,4.37,5.07,4.79,6.68,4.72,0.413,2025-07-18T01:15:34.023926+00:00,861,City_United_20251208181114_861,1,4.72
Valley Rovers,1486.291,246.724,16.6,28.99,44,32,1,12,29,3,1,1,0,3,7,3,73.77,0,1,0,2,0,2,0,2,4,2,50.0,7,13,10,3,30.0,0,0,7,3,42.86,2,5,0,0,12,2,0,3.68,5.0,4.12,5.03,4.9,4.45,0.383,2025-09-21T18:11:18.023926+00:00,81,Valley_Rovers_20251208181114_81,1,4.45
Lakeside Athletic,1611.2,277.61,17.23,29.34,69,36,11,33,49,10,3,3,2,2,2,5,51.76,0,1,0,2,1,1,0,3,8,4,50.0,8,9,14,2,14.29,3,0,5,3,60.0,0,5,0,0,7,2,0,4.12,4.94,4.54,5.4,5.83,4.78,0.42,2025-01-16T05:18:18.023926+00:00,379,Lakeside_Athletic_20251208181114_379,1,4.78
Riverside FC,3737.909,417.898,11.18,72.09,176,141,10,35,116,15,12,1,3,8,20,16,79.97,0,2,1,6,2,4,0,7,8,5,62.5,4,4,5,1,20.0,2,1,0,0,29.73,0,0,1,2,5,1,0,3.87,5.63,4.56,3.34,6.39,4.68,0.409,2025-10-30T18:55:48.023926+00:00,626,Riverside_FC_20251208181114_626,1,4.68
Lakeside Athletic,3575.43,690.058,19.3,63.7,95,70,13,25,57,11,11,3,2,2,10,16,73.34,0,2,1,8,3,5,0,10,17,7,41.18,6,4,7,1,14.29,1,2,26,12,46.15,2,24,1,2,3,0,0,5.69,5.02,4.62,3.86,6.54,5.12,0.458,2025-04-08T02:18:40.023926+00:00,945,Lakeside_Athletic_20251208181114_945,1,5.12
Metro FC,2227.465,118.501,5.32,44.43,117,89,13,28,77,6,10,5,3,7,9,9,76.23,0,2,0,6,2,4,1,6,8,6,75.0,14,5,7,2,28.57,2,0,17,7,41.18,4,13,0,1,8,1,0,5.12,3.65,4.12,4.06,6.79,4.53,0.392,2025-11-30T16:50:19.023926+00:00,865,Metro_FC_20251208181114_865,1,4.53
2 Worlds FC,737.569,123.248,16.71,14.22,27,23,2,4,22,1,1,1,0,1,1,1,84.27,0,0,0,2,1,1,0,3,2,1,50.0,6,14,17,4,23.53,2,0,2,1,50.0,2,0,0,0,16,1,0,3.69,4.41,4.3,3.44,7.33,4.34,0.371,2025-08-21T16:31:39.023926+00:00,58,2_Worlds_FC_20251208181114_58,1,4.34
Northbridge FC,2244.91,472.554,21.05,44.37,81,54,12,27,51,9,5,2,3,6,4,2,66.12,0,2,0,4,2,2,0,5,9,3,33.33,7,4,5,1,20.0,0,1,15,8,53.33,6,9,1,1,7,0,1,4.84,4.5,4.62,3.99,4.76,4.57,0.397,2025-03-06T23:42:30.024935+00:00,178,Northbridge_FC_20251208181114_178,1,4.57
National University,3612.162,540.379,14.96,66.07,151,106,11,45,123,12,0,3,3,4,5,11,70.48,0,2,1,8,2,6,1,9,10,6,60.0,2,5,9,2,22.22,0,1,22,9,40.91,6,16,0,3,4,1,0,4.96,4.92,4.24,4.38,6.26,4.85,0.428,2025-01-30T01:37:18.024935+00:00,476,National_University_20251208181114_476,1,4.85
University of Santo Tomas,1892.351,445.27,23.53,37.15,82,65,6,17,57,11,3,2,2,4,3,2,79.82,0,2,0,5,3,2,0,4,6,4,66.67,0,5,10,3,30.0,1,0,20,10,50.0,8,12,0,3,12,0,0,4.69,5.64,4.81,4.09,6.78,5.1,0.456,2025-05-21T00:44:16.024935+00:00,397,University_of_Santo_Tomas_20251208181114_397,1,5.1
University of the Philippines,2518.067,708.836,28.15,47.61,124,97,11,27,78,16,11,4,7,5,3,11,78.08,0,1,1,6,2,4,1,8,15,6,40.0,3,9,7,1,14.29,2,0,19,6,31.58,3,16,0,1,9,0,0,4.94,4.95,3.78,3.91,7.3,4.8,0.422,2025-05-26T04:52:36.024935+00:00,464,University_of_the_Philippines_20251208181114_464,1,4.8
Lakeside Athletic,3283.457,646.841,19.7,60.94,110,66,12,44,78,11,5,5,1,3,8,9,59.83,0,1,0,5,2,3,0,5,7,5,71.43,0,4,2,0,0.0,2,0,27,11,40.74,2,25,2,1,6,2,0,4.46,4.99,4.51,3.98,5.7,4.68,0.409,2025-09-24T00:07:00.024935+00:00,634,Lakeside_Athletic_20251208181114_634,1,4.68
Far Eastern University,2747.563,533.851,19.43,53.87,97,84,4,13,73,16,4,1,3,0,0,8,86.48,0,2,0,4,2,2,0,3,10,4,40.0,6,2,8,2,25.0,0,0,14,8,57.14,5,9,0,0,11,1,0,4.41,5.03,5.06,3.75,5.56,4.74,0.416,2025-09-21T12:18:59.024935+00:00,896,Far_Eastern_University_20251208181114_896,1,4.74
National University,3020.378,590.786,19.56,59.81,146,115,13,31,100,17,7,6,2,8,6,14,79.06,0,2,1,6,2,4,0,8,14,8,57.14,5,2,4,2,50.0,2,2,33,20,60.61,6,27,0,0,5,0,0,5.13,5.34,5.44,3.65,7.31,5.26,0.473,2025-01-14T11:04:56.024935+00:00,120,National_University_20251208181114_120,1,5.26
Northbridge FC,2586.135,599.725,23.19,50.59,127,77,9,50,90,8,10,6,3,5,5,14,60.75,0,3,1,6,3,3,0,7,13,10,76.92,6,8,10,0,0.0,2,0,28,6,21.43,0,28,1,2,8,2,0,5.61,3.94,5.42,5.48,6.01,5.13,0.459,2025-05-30T14:58:01.024935+00:00,540,Northbridge_FC_20251208181114_540,1,5.13
San Beda University,2073.183,284.441,13.72,40.8,71,59,2,12,53,8,5,1,0,2,2,4,82.8,0,1,0,6,2,4,1,5,11,8,72.73,8,8,14,2,14.29,3,0,16,7,43.75,3,13,0,1,6,2,0,4.99,5.25,4.31,4.05,5.57,4.85,0.428,2025-09-25T06:32:53.024935+00:00,420,San_Beda_University_20251208181114_420,1,4.85
Lakeside Athletic,3599.761,596.12,16.56,66.45,145,95,10,50,113,19,8,4,5,0,0,13,65.74,0,2,1,6,3,3,1,4,21,10,47.62,7,3,6,1,16.67,2,0,34,16,47.06,10,24,1,2,1,0,0,4.9,4.37,5.11,3.85,6.51,4.81,0.423,2025-05-09T01:25:17.025967+00:00,900,Lakeside_Athletic_20251208181114_900,1,4.81
De La Salle University,3235.86,161.793,5.0,61.3,151,115,13,36,115,7,3,2,2,14,9,23,76.31,1,5,1,7,3,4,1,9,11,6,54.55,7,1,7,1,14.29,1,0,26,13,50.0,8,18,0,1,5,0,0,5.84,4.71,4.75,4.35,7.74,5.29,0.477,2025-02-15T05:31:23.025967+00:00,120,De_La_Salle_University_20251208181114_120,1,5.29
City United,1130.932,224.49,19.85,20.48,34,25,3,9,24,5,0,0,1,2,2,3,74.02,0,1,0,3,1,2,0,3,7,5,71.43,18,12,10,1,10.0,2,0,3,2,66.67,0,3,0,1,14,2,0,4.76,5.66,3.54,3.58,4.89,4.62,0.402,2025-08-14T22:01:12.025967+00:00,165,City_United_20251208181114_165,1,4.62
Riverside FC,3464.697,599.393,17.3,62.73,166,120,18,46,127,18,17,5,3,0,0,3,72.51,0,4,0,3,1,2,0,3,13,8,61.54,6,2,5,1,20.0,0,0,9,5,55.56,0,9,1,1,2,0,0,4.33,4.62,4.89,4.08,6.91,4.75,0.417,2025-10-01T17:06:19.025967+00:00,298,Riverside_FC_20251208181114_298,1,4.75
University of the Philippines,2435.095,671.843,27.59,48.68,140,106,5,34,96,15,6,4,2,10,6,16,75.37,1,3,0,4,1,3,0,6,5,3,60.0,9,7,6,1,16.67,2,0,1,0,0.0,0,1,1,0,5,0,0,4.17,4.26,4.55,3.61,6.72,4.45,0.383,2025-04-08T21:42:59.025967+00:00,756,University_of_the_Philippines_20251208181114_756,1,4.45
University of Santo Tomas,3118.561,619.97,19.88,58.28,124,81,14,43,88,11,12,5,3,3,3,12,65.37,0,1,1,7,3,4,0,8,10,7,70.0,10,6,7,1,14.29,2,2,27,10,37.04,9,18,0,2,4,0,0,4.89,5.75,4.38,4.5,7.1,5.2,0.467,2025-03-28T23:52:56.025967+00:00,519,University_of_Santo_Tomas_20251208181114_519,1,5.2
2 Worlds FC,2100.412,275.154,13.1,39.14,77,54,8,23,54,11,0,1,1,8,2,9,69.91,0,1,0,4,1,3,0,4,3,2,66.67,17,5,6,1,16.67,0,0,7,4,57.14,0,7,0,1,7,0,0,3.38,6.55,4.76,3.96,6.75,4.96,0.44,2025-01-15T22:47:30.025967+00:00,171,2_Worlds_FC_20251208181114_171,1,4.96
Brookside United,2656.219,281.294,10.59,49.79,84,72,5,12,57,12,7,4,1,2,1,4,85.97,0,2,0,6,2,4,0,5,11,7,63.64,7,10,3,1,33.33,0,2,21,12,57.14,6,15,0,0,7,3,0,4.7,5.3,4.88,3.88,4.15,4.73,0.414,2025-05-14T04:57:18.025967+00:00,874,Brookside_United_20251208181114_874,1,4.73
De La Salle University,1742.932,302.922,17.38,31.24,81,63,5,18,63,13,4,4,0,0,0,5,77.86,0,2,0,3,1,2,0,4,9,5,55.56,11,11,8,2,25.0,2,0,18,8,44.44,2,16,1,3,5,1,0,4.39,5.15,4.74,4.89,6.29,4.93,0.437,2025-01-03T16:11:48.025967+00:00,407,De_La_Salle_University_20251208181114_407,1,4.93
National University,2046.169,328.206,16.04,36.61,83,61,10,22,67,15,7,2,2,0,0,9,73.26,0,2,0,4,2,2,0,3,7,3,42.86,18,7,14,0,0.0,0,2,5,3,60.0,0,5,1,0,3,0,0,5.03,5.03,3.84,4.14,7.74,4.94,0.438,2025-01-20T02:02:37.026996+00:00,260,National_University_20251208181114_260,1,4.94
Far Eastern University,2846.444,392.525,13.79,54.45,118,89,7,29,85,2,6,5,1,11,9,4,75.63,0,1,0,5,2,3,1,4,13,9,69.23,14,10,5,1,20.0,3,0,5,2,40.0,2,3,0,1,4,0,0,5.03,5.73,5.2,4.22,7.13,5.36,0.484,2025-03-14T02:20:37.026996+00:00,4,Far_Eastern_University_20251208181114_4,1,5.36
Lakeside Athletic,2430.099,361.599,14.88,44.75,155,114,11,41,110,14,7,5,4,5,10,17,73.83,0,2,0,5,2,3,1,3,4,3,75.0,7,5,10,3,30.0,0,0,4,2,50.0,0,4,0,1,4,1,0,6.07,5.6,4.87,3.86,6.4,5.42,0.491,2025-07-31T23:49:03.026996+00:00,848,Lakeside_Athletic_20251208181114_848,1,5.42
Brookside United,2258.228,286.343,12.68,43.73,134,94,17,40,91,12,7,0,3,10,11,9,70.47,0,3,0,5,2,3,1,4,0,0,86.06,3,3,8,2,25.0,2,2,17,11,64.71,7,10,0,0,8,1,0,5.26,4.29,4.83,3.51,7.32,4.86,0.429,2025-11-18T02:06:44.026996+00:00,391,Brookside_United_20251208181114_391,1,4.86
City United,2507.373,368.584,14.7,47.03,113,73,11,40,75,12,9,3,4,5,6,1,64.48,1,3,1,7,2,5,1,10,13,8,61.54,9,3,17,4,23.53,2,1,18,9,50.0,1,17,0,1,5,0,0,6.33,5.35,5.16,2.83,7.48,5.45,0.494,2025-02-20T13:28:44.026996+00:00,727,City_United_20251208181114_727,1,5.45
Adamson University,3478.187,731.463,21.03,67.18,169,137,13,32,129,18,8,6,7,0,1,25,81.28,1,5,1,9,3,6,0,7,14,6,42.86,4,3,3,0,0.0,0,2,16,6,37.5,3,13,1,0,2,0,0,5.99,4.37,5.2,4.07,7.11,5.22,0.469,2025-03-29T22:59:23.026996+00:00,884,Adamson_University_20251208181114_884,1,5.22
Valley Rovers,2089.363,104.468,5.0,40.52,100,76,8,24,71,18,11,4,1,0,0,9,75.89,0,2,0,5,2,3,0,5,8,4,50.0,9,5,7,2,28.57,2,2,12,8,66.67,1,11,0,0,4,2,0,4.56,5.94,5.06,3.11,5.11,4.9,0.433,2025-10-15T02:23:36.026996+00:00,86,Valley_Rovers_20251208181114_86,1,4.9
Highland Wanderers,2792.083,506.205,18.13,54.97,88,72,5,16,72,4,3,2,0,2,5,4,82.04,0,1,1,6,2,4,0,10,11,5,45.45,4,2,2,0,0.0,1,0,32,15,46.88,8,24,0,1,3,0,0,5.9,4.98,4.3,4.84,7.27,5.31,0.479,2025-12-04T14:26:58.026996+00:00,19,Highland_Wanderers_20251208181114_19,1,5.31
Riverside FC,2432.844,419.422,17.24,44.09,69,43,9,26,47,5,4,1,1,4,7,1,62.95,0,1,0,4,2,2,0,4,9,6,66.67,7,5,7,1,14.29,2,1,22,17,77.27,4,18,1,2,2,1,0,5.03,4.77,5.09,3.75,5.82,4.87,0.43,2025-04-11T12:17:17.028004+00:00,426,Riverside_FC_20251208181114_426,1,4.87
Brookside United,2337.229,687.145,29.4,43.28,122,91,12,31,82,13,0,7,2,9,8,11,74.39,0,2,1,6,2,4,0,8,7,4,57.14,9,8,6,2,33.33,3,1,22,10,45.45,3,19,0,0,9,1,0,5.51,5.8,4.59,4.59,6.59,5.39,0.488,2025-02-24T16:39:33.028004+00:00,213,Brookside_United_20251208181114_213,1,5.39
Valley Rovers,747.223,160.653,21.5,14.72,31,23,2,8,24,3,0,0,1,1,1,3,75.51,0,1,0,1,0,1,0,1,3,2,66.67,21,4,16,3,18.75,4,0,8,5,62.5,4,4,0,1,7,0,0,2.52,4.32,4.45,3.93,7.18,4.07,0.341,2025-06-18T06:43:32.028004+00:00,108,Valley_Rovers_20251208181114_108,1,4.07
Metro FC,2760.554,555.976,20.14,50.56,84,68,4,16,60,9,2,1,1,3,6,6,80.81,0,1,1,7,3,4,0,7,15,7,46.67,5,6,1,0,0.0,0,1,9,4,44.44,2,7,0,2,3,1,0,6.64,4.92,5.87,4.16,5.94,5.59,0.51,2025-01-17T12:21:39.028004+00:00,791,Metro_FC_20251208181114_791,1,5.59
San Beda University,2360.475,300.961,12.75,42.57,107,88,8,19,69,8,8,3,0,8,10,14,82.38,0,3,0,4,1,3,0,5,3,1,33.33,0,3,1,0,0.0,2,0,13,6,46.15,1,12,1,2,8,2,0,5.75,4.88,5.21,3.71,5.69,5.11,0.457,2025-05-05T13:27:07.028004+00:00,29,San_Beda_University_20251208181114_29,1,5.11
Coastal Town,1875.144,379.342,20.23,35.32,59,44,5,15,39,8,2,2,0,5,4,0,75.24,0,1,0,4,2,2,0,4,7,5,71.43,9,0,1,0,0.0,0,1,20,11,55.0,5,15,0,3,6,1,0,5.17,5.99,5.03,4.41,6.61,5.41,0.49,2025-04-02T18:06:41.028004+00:00,220,Coastal_Town_20251208181114_220,1,5.41
University of the Philippines,2167.944,498.627,23.0,41.74,67,44,7,23,44,12,2,0,2,2,5,3,66.22,0,1,0,5,1,4,0,4,8,4,50.0,11,12,6,1,16.67,0,0,3,1,33.33,1,2,0,2,9,1,0,5.3,5.43,4.9,4.19,6.82,5.25,0.472,2025-11-29T13:48:29.028004+00:00,561,University_of_the_Philippines_20251208181114_561,1,5.25
Highland Wanderers,3005.212,501.57,16.69,58.91,119,85,11,34,80,13,4,3,1,6,11,13,71.42,0,2,0,5,3,2,1,4,14,10,71.43,10,8,6,1,16.67,2,1,13,7,53.85,3,10,1,1,8,0,0,4.9,5.38,5.38,4.75,6.22,5.24,0.471,2025-07-24T15:58:47.028004+00:00,185,Highland_Wanderers_20251208181114_185,1,5.24
2 Worlds FC,2506.082,489.939,19.55,47.05,88,71,7,17,51,15,6,2,2,6,7,2,80.39,0,0,0,3,1,2,0,4,11,9,81.82,5,4,8,2,25.0,0,0,21,11,52.38,7,14,0,1,9,3,0,4.42,4.59,5.0,4.52,5.22,4.68,0.409,2025-11-03T07:14:29.028004+00:00,476,2_Worlds_FC_20251208181114_476,1,4.68
De La Salle University,2153.388,118.436,5.5,39.6,136,99,11,37,98,23,11,0,5,0,0,19,72.6,0,4,0,5,2,3,0,6,11,5,45.45,9,6,10,3,30.0,1,0,18,11,61.11,2,16,0,0,7,0,0,5.57,4.57,4.72,3.81,7.59,5.08,0.453,2025-12-04T13:38:41.029078+00:00,405,De_La_Salle_University_20251208181114_405,1,5.08
Lakeside Athletic,1467.258,195.732,13.34,26.32,77,58,8,19,54,12,4,4,2,1,1,11,74.81,0,1,0,4,1,3,0,5,3,2,66.67,5,3,10,1,10.0,0,0,14,7,50.0,5,9,0,0,6,0,0,4.47,2.88,3.92,3.84,6.74,4.05,0.339,2025-07-31T21:47:39.029078+00:00,380,Lakeside_Athletic_20251208181114_380,1,4.05
Lakeside Athletic,3711.783,526.702,14.19,66.53,269,160,36,109,132,47,14,14,3,28,31,23,59.5,1,7,1,8,3,5,1,10,22,13,59.09,6,3,5,1,20.0,1,1,23,7,30.43,7,16,0,1,2,1,0,5.65,5.7,5.37,4.2,6.66,5.51,0.501,2025-02-03T19:37:47.029078+00:00,3,Lakeside_Athletic_20251208181114_3,1,5.51
Lakeside Athletic,790.212,115.292,14.59,15.71,45,37,3,8,30,3,5,1,0,4,2,5,83.05,0,1,0,2,1,1,0,2,2,1,50.0,4,5,7,1,14.29,2,0,3,1,33.33,2,1,0,0,8,3,0,4.35,3.61,5.21,4.46,5.14,4.41,0.379,2025-06-10T02:51:32.029078+00:00,783,Lakeside_Athletic_20251208181114_783,1,4.41
Coastal Town,2098.237,312.847,14.91,41.49,105,84,5,21,66,10,5,2,1,8,13,11,80.25,0,1,1,4,1,3,0,4,6,3,50.0,2,13,7,1,14.29,2,0,18,6,33.33,6,12,1,0,5,1,0,6.01,5.64,5.47,3.66,6.9,5.56,0.507,2024-12-19T09:48:12.029078+00:00,743,Coastal_Town_20251208181114_743,1,5.56
Lakeside Athletic,1959.216,119.904,6.12,38.37,101,71,9,30,59,9,8,3,2,11,9,8,70.35,0,1,0,4,1,3,0,4,9,5,55.56,12,7,6,1,16.67,2,0,17,8,47.06,2,15,0,1,8,0,0,4.68,5.83,4.89,4.31,6.67,5.19,0.466,2025-04-30T15:48:25.029078+00:00,639,Lakeside_Athletic_20251208181114_639,1,5.19
University of the Philippines,2723.116,422.355,15.51,53.49,79,55,9,24,53,13,1,0,2,3,7,8,69.37,0,2,0,4,2,2,0,3,8,3,37.5,8,2,9,2,22.22,2,0,29,17,58.62,14,15,0,1,8,1,0,3.96,4.6,3.79,3.9,6.75,4.38,0.376,2025-08-10T03:46:23.029078+00:00,148,University_of_the_Philippines_20251208181114_148,1,4.38
Adamson University,2022.909,304.852,15.07,38.58,104,70,11,34,68,18,9,3,3,1,1,10,67.68,0,1,0,3,1,2,0,3,8,6,75.0,13,5,14,2,14.29,1,1,20,12,60.0,3,17,0,1,4,0,0,3.38,5.91,4.79,4.99,7.8,5.04,0.449,2025-03-05T08:40:47.030013+00:00,314,Adamson_University_20251208181114_314,1,5.04
San Beda University,2192.377,666.263,30.39,40.04,87,67,6,20,53,8,2,3,2,7,12,5,77.02,0,1,0,4,1,3,0,3,6,4,66.67,9,1,9,3,33.33,0,0,14,7,50.0,4,10,1,0,4,1,0,3.55,4.24,5.19,3.96,7.09,4.48,0.387,2025-09-28T12:35:30.030013+00:00,789,San_Beda_University_20251208181114_789,1,4.48
2 Worlds FC,2772.473,287.228,10.36,51.57,128,77,20,51,71,17,11,3,2,14,10,14,59.83,0,3,0,5,2,3,0,4,11,7,63.64,6,5,12,3,25.0,1,0,28,11,39.29,8,20,0,0,4,2,0,5.43,5.32,4.64,3.33,5.86,4.99,0.443,2025-04-09T12:24:23.030013+00:00,582,2_Worlds_FC_20251208181114_582,1,4.99
Brookside United,3456.194,501.839,14.52,65.29,128,85,8,43,95,15,11,5,3,0,0,19,66.31,0,3,0,5,2,3,0,5,10,7,70.0,6,3,5,2,40.0,1,1,22,9,40.91,5,17,1,1,5,0,0,4.53,4.65,5.69,3.15,7.3,4.88,0.431,2025-02-28T13:46:25.030013+00:00,589,Brookside_United_20251208181114_589,1,4.88
City United,3491.707,203.567,5.83,63.98,142,100,17,42,103,17,10,7,3,1,1,6,70.08,0,3,0,6,3,3,1,8,13,9,69.23,7,4,2,0,0.0,1,3,20,9,45.0,8,12,1,2,7,2,0,5.18,5.95,5.11,4.58,5.29,5.31,0.479,2025-04-26T16:26:55.030013+00:00,79,City_United_20251208181114_79,1,5.31
Valley Rovers,1875.896,173.145,9.23,37.26,65,49,5,16,44,7,3,2,1,5,2,5,75.2,0,1,0,2,1,1,0,3,4,2,50.0,14,8,11,1,9.09,0,1,11,5,45.45,3,8,1,1,12,1,0,4.51,4.8,4.89,3.68,6.31,4.73,0.414,2025-08-19T03:13:11.030013+00:00,657,Valley_Rovers_20251208181114_657,1,4.73
Lyceum,2412.908,512.26,21.23,45.05,74,49,2,25,48,10,3,4,1,5,3,5,65.79,0,1,0,3,1,2,0,4,8,3,37.5,5,3,12,3,25.0,2,0,4,1,25.0,0,4,2,1,2,1,0,4.74,5.11,4.52,5.36,6.61,5.07,0.452,2025-02-05T02:01:54.030013+00:00,786,Lyceum_20251208181114_786,1,5.07
2 Worlds FC,2427.872,677.376,27.9,44.46,44,31,4,13,29,4,5,2,1,2,2,0,70.27,0,1,0,3,1,2,0,3,16,9,56.25,10,7,7,1,14.29,1,0,9,5,55.56,2,7,1,2,4,1,0,4.61,5.09,4.62,4.66,6.19,4.91,0.434,2025-04-06T15:16:27.030013+00:00,138,2_Worlds_FC_20251208181114_138,1,4.91
City United,2064.775,222.789,10.79,39.61,84,66,5,18,55,15,10,0,2,1,1,7,78.92,0,1,0,4,2,2,0,5,5,2,40.0,15,8,18,6,33.33,1,0,9,5,55.56,1,8,1,0,8,1,0,4.73,5.12,4.98,4.51,6.3,5.02,0.447,2025-04-29T08:53:37.030013+00:00,408,City_United_20251208181114_408,1,5.02
City United,2236.227,187.619,8.39,42.95,125,95,12,30,82,17,0,4,1,12,9,17,75.83,0,3,0,4,1,3,0,4,8,5,62.5,7,3,5,0,0.0,3,0,13,4,30.77,4,9,0,1,9,0,0,4.71,5.19,3.7,3.76,6.56,4.69,0.41,2025-09-26T08:23:33.031011+00:00,522,City_United_20251208181114_522,1,4.69
Adamson University,2016.479,357.925,17.75,36.98,95,72,9,23,73,17,9,2,2,0,0,12,76.01,0,2,0,3,1,2,0,3,13,8,61.54,6,12,8,0,0.0,2,1,18,9,50.0,6,12,0,2,6,0,1,4.6,6.76,4.59,3.56,4.59,5.06,0.451,2025-11-17T14:39:41.031011+00:00,953,Adamson_University_20251208181114_953,1,5.06
Adamson University,2733.671,312.732,11.44,51.53,137,108,7,29,80,17,5,3,2,10,19,9,78.75,0,3,0,3,1,2,0,4,2,1,50.0,8,5,10,3,30.0,3,0,31,13,41.94,1,30,0,1,9,1,0,4.31,6.02,5.57,3.05,6.35,5.07,0.452,2025-08-10T20:05:45.031011+00:00,535,Adamson_University_20251208181114_535,1,5.07
Coastal Town,1471.236,290.863,19.77,27.01,67,47,2,20,43,4,4,2,1,4,9,8,70.65,0,2,0,3,1,2,0,3,0,0,48.38,20,2,4,1,25.0,1,1,8,6,75.0,4,4,2,1,5,1,0,4.34,5.85,3.7,3.72,5.94,4.71,0.412,2025-01-18T00:16:32.031011+00:00,410,Coastal_Town_20251208181114_410,1,4.71
De La Salle University,1120.086,327.625,29.25,20.68,33,20,3,13,20,3,1,1,0,2,5,4,61.24,0,1,0,2,1,1,0,2,3,2,66.67,15,14,0,0,0.0,2,0,14,3,21.43,3,11,1,0,2,0,0,4.18,5.76,3.32,3.54,7.25,4.67,0.408,2025-07-10T10:13:02.031011+00:00,815,De_La_Salle_University_20251208181114_815,1,4.67
Coastal Town,1505.595,310.153,20.6,29.74,42,28,5,14,28,3,1,3,2,4,1,3,66.31,0,0,0,2,1,1,0,2,5,2,40.0,9,6,12,2,16.67,0,1,10,7,70.0,0,10,0,0,2,0,0,3.58,4.67,4.51,5.04,7.47,4.66,0.407,2025-05-21T14:38:39.031011+00:00,697,Coastal_Town_20251208181114_697,1,4.66
Far Eastern University,4034.319,279.175,6.92,73.95,167,127,19,40,102,16,11,8,5,11,14,17,76.31,0,3,1,7,2,5,0,3,26,9,34.62,6,4,4,1,25.0,1,2,18,7,38.89,8,10,0,2,3,0,0,5.85,4.83,5.68,3.35,7.63,5.36,0.484,2024-12-29T18:12:41.031011+00:00,332,Far_Eastern_University_20251208181114_332,1,5.36
De La Salle University,1190.2,248.99,20.92,22.82,39,25,2,14,29,5,4,2,1,0,0,0,63.26,0,1,0,3,0,3,1,3,5,3,60.0,9,0,6,1,16.67,2,1,2,1,50.0,1,1,1,0,10,0,0,4.45,5.67,4.67,4.74,7.19,5.15,0.461,2025-04-24T06:44:39.032019+00:00,797,De_La_Salle_University_20251208181114_797,1,5.15
University of the Philippines,2356.007,450.704,19.13,46.64,85,63,7,22,55,19,7,1,2,0,1,6,74.09,0,1,0,2,1,1,0,2,5,1,20.0,6,4,12,3,25.0,1,0,20,12,60.0,8,12,0,0,5,0,0,4.52,4.87,4.96,3.24,7.79,4.85,0.428,2025-05-18T01:34:57.032019+00:00,41,University_of_the_Philippines_20251208181114_41,1,4.85
De La Salle University,2579.532,654.427,25.37,47.61,104,68,10,36,70,0,6,2,1,14,11,11,65.38,0,2,0,5,2,3,0,6,13,9,69.23,12,6,5,1,20.0,1,1,20,5,25.0,10,10,0,1,6,0,0,4.5,4.52,5.34,4.04,6.95,4.85,0.428,2025-03-01T08:19:07.032019+00:00,968,De_La_Salle_University_20251208181114_968,1,4.85
Brookside United,1182.487,308.511,26.09,21.31,68,51,6,17,50,8,0,1,1,4,4,3,74.67,0,1,0,3,1,2,0,3,0,0,36.86,4,4,18,7,38.89,2,0,14,10,71.43,3,11,0,0,14,0,0,4.31,5.43,4.75,4.72,7.43,5.08,0.453,2025-11-09T15:06:28.032019+00:00,102,Brookside_United_20251208181114_102,1,5.08
Lyceum,2514.467,461.908,18.37,45.14,132,99,11,33,88,18,7,1,3,6,9,5,74.83,1,3,1,6,2,4,0,6,8,7,87.5,1,9,5,1,20.0,1,3,21,5,23.81,6,15,1,2,7,2,0,5.52,4.91,5.28,3.5,4.92,4.96,0.44,2025-10-09T07:37:35.032019+00:00,568,Lyceum_20251208181114_568,1,4.96
Lyceum,2471.504,560.29,22.67,45.38,91,62,7,29,59,19,2,1,3,4,4,4,68.54,0,2,1,6,3,3,0,7,12,8,66.67,12,7,9,2,22.22,0,1,13,5,38.46,4,9,0,1,5,0,0,5.55,4.82,4.25,4.56,6.69,5.06,0.451,2025-08-29T14:09:29.032019+00:00,495,Lyceum_20251208181114_495,1,5.06
Adamson University,3490.866,310.338,8.89,69.9,202,156,8,46,137,27,19,5,3,4,8,21,77.41,0,2,1,8,2,6,1,7,14,8,57.14,5,5,7,1,14.29,0,0,47,22,46.81,7,40,1,0,4,0,0,5.65,6.01,5.12,5.53,6.23,5.69,0.521,2025-08-04T02:33:44.032019+00:00,292,Adamson_University_20251208181114_292,1,5.69
Adamson University,2229.125,127.506,5.72,41.11,86,63,5,23,68,10,4,2,2,0,0,15,73.03,0,2,0,4,1,3,0,4,5,3,60.0,2,6,7,2,28.57,1,0,21,11,52.38,5,16,2,2,7,2,0,4.92,5.27,4.79,3.93,5.54,4.92,0.436,2025-12-01T22:05:53.032019+00:00,486,Adamson_University_20251208181114_486,1,4.92
Far Eastern University,2806.81,624.515,22.25,53.96,70,51,6,19,45,9,6,2,1,4,3,8,72.37,0,2,1,6,2,4,0,7,7,4,57.14,11,5,3,1,33.33,1,1,35,13,37.14,12,23,0,0,7,1,0,5.09,5.11,3.9,5.1,6.19,4.97,0.441,2025-09-13T20:22:22.032019+00:00,340,Far_Eastern_University_20251208181114_340,1,4.97
Mapúa University,3315.54,558.005,16.83,59.34,257,198,13,59,192,48,6,8,4,0,0,9,77.18,0,4,0,5,2,3,0,5,17,8,47.06,1,4,5,2,40.0,1,2,31,12,38.71,7,24,0,0,4,1,0,6.53,5.3,5.7,4.07,6.83,5.71,0.523,2025-01-18T20:09:15.033008+00:00,714,Mapúa_University_20251208181114_714,1,5.71
City United,3088.495,480.57,15.56,61.5,100,78,7,22,63,9,4,6,3,7,8,5,78.26,0,3,1,8,3,5,1,8,5,2,40.0,1,2,3,1,33.33,0,2,30,9,30.0,10,20,2,2,2,0,0,5.28,5.32,5.18,4.28,7.63,5.37,0.486,2025-09-06T18:36:37.033008+00:00,333,City_United_20251208181114_333,1,5.37
Lyceum,2047.908,645.91,31.54,37.25,79,65,5,14,59,12,1,3,1,2,1,10,82.86,0,1,0,4,2,2,0,5,7,3,42.86,15,4,9,2,22.22,1,1,2,1,50.0,1,1,0,0,7,0,0,4.78,4.98,5.41,4.74,7.32,5.21,0.468,2025-03-05T07:23:00.033008+00:00,22,Lyceum_20251208181114_22,1,5.21
University of the Philippines,2691.401,476.378,17.7,48.56,122,86,4,36,91,11,10,3,5,1,1,3,70.7,0,0,0,5,3,2,0,6,13,8,61.54,6,6,8,1,12.5,1,2,32,12,37.5,6,26,0,2,4,0,0,4.87,4.5,5.45,4.43,6.43,4.98,0.442,2025-09-22T18:18:30.033008+00:00,524,University_of_the_Philippines_20251208181114_524,1,4.98
Far Eastern University,3132.666,754.973,24.1,57.12,184,124,12,60,139,27,11,4,3,0,0,15,67.51,1,3,0,5,2,3,0,8,5,3,60.0,3,3,4,1,25.0,2,0,20,11,55.0,3,17,1,1,5,2,0,4.75,5.71,4.9,4.91,5.1,5.11,0.457,2025-09-28T07:27:28.033008+00:00,328,Far_Eastern_University_20251208181114_328,1,5.11
Lakeside Athletic,3795.318,189.766,5.0,68.89,130,93,8,37,94,17,14,6,4,0,0,17,71.56,0,3,0,5,1,4,0,5,16,9,56.25,4,4,2,0,0.0,0,1,43,20,46.51,10,33,0,1,3,0,0,4.91,4.75,4.51,4.49,7.54,4.99,0.443,2025-05-06T01:38:49.033008+00:00,148,Lakeside_Athletic_20251208181114_148,1,4.99
Highland Wanderers,3336.842,166.842,5.0,63.04,119,84,14,35,96,25,0,3,3,0,0,7,70.65,0,4,1,5,2,3,0,5,13,6,46.15,6,1,5,1,20.0,2,1,23,11,47.83,10,13,1,2,4,0,0,5.19,4.69,4.59,5.72,6.73,5.16,0.462,2025-04-05T16:31:27.033008+00:00,729,Highland_Wanderers_20251208181114_729,1,5.16
Ateneo de Manila University,2054.605,224.568,10.93,40.86,142,95,24,47,74,12,9,3,4,23,17,18,66.71,0,1,0,4,1,3,0,3,6,4,66.67,15,10,12,3,25.0,1,1,23,15,65.22,10,13,0,2,6,0,0,4.26,5.61,4.96,3.22,6.54,4.86,0.429,2025-11-18T04:04:27.034007+00:00,323,Ateneo_de_Manila_University_20251208181114_323,1,4.86
National University,3751.758,668.563,17.82,67.13,52,36,4,16,37,6,3,1,2,1,2,6,68.96,0,1,1,8,2,6,0,11,0,0,80.27,4,0,6,2,33.33,0,0,25,15,60.0,3,22,0,1,4,0,0,5.06,4.31,3.82,5.48,6.34,4.79,0.421,2025-11-16T19:35:29.034007+00:00,214,National_University_20251208181114_214,1,4.79
Ateneo de Manila University,2851.232,213.557,7.49,53.48,142,114,4,28,90,22,10,3,4,4,8,8,80.4,0,2,1,6,3,3,1,5,9,5,55.56,4,8,8,3,37.5,2,0,14,8,57.14,5,9,0,0,5,0,0,5.69,5.12,3.64,4.49,7.87,5.17,0.463,2025-05-06T08:21:45.034007+00:00,759,Ateneo_de_Manila_University_20251208181114_759,1,5.17
Mapúa University,2611.7,562.038,21.52,51.39,164,131,8,33,126,13,11,6,7,0,0,15,79.85,0,4,1,6,3,3,0,6,0,0,65.37,1,3,0,0,0.0,2,1,16,6,37.5,1,15,0,0,5,0,0,6.04,3.91,4.81,4.89,7.06,5.14,0.46,2025-12-07T01:46:59.034007+00:00,651,Mapúa_University_20251208181114_651,1,5.14
Far Eastern University,2013.734,425.099,21.11,38.29,95,79,5,16,85,7,7,4,3,0,0,15,83.04,0,3,0,6,2,4,0,6,2,1,50.0,10,4,14,1,7.14,1,1,11,6,54.55,1,10,0,0,10,1,0,4.35,3.88,4.03,5.37,5.37,4.4,0.378,2025-10-16T14:55:25.034007+00:00,650,Far_Eastern_University_20251208181114_650,1,4.4
San Beda University,2943.504,490.093,16.65,53.97,92,60,15,32,59,8,7,1,2,6,9,8,65.26,0,3,0,5,2,3,0,7,11,5,45.45,11,3,4,1,25.0,1,2,8,4,50.0,2,6,0,1,9,1,0,4.03,4.86,4.31,4.29,6.02,4.55,0.394,2025-02-27T03:56:18.034007+00:00,632,San_Beda_University_20251208181114_632,1,4.55
Adamson University,2235.021,535.511,23.96,41.5,62,52,4,10,42,3,0,3,2,4,8,5,84.2,0,0,0,5,1,4,0,5,4,2,50.0,10,2,10,2,20.0,1,0,24,13,54.17,6,18,0,0,7,1,0,4.89,5.5,4.56,4.22,7.1,5.12,0.458,2025-05-29T08:42:13.034007+00:00,632,Adamson_University_20251208181114_632,1,5.12
Ateneo de Manila University,2728.688,544.1,19.94,54.76,167,134,12,33,137,30,12,6,3,0,0,25,80.31,1,3,0,6,2,4,1,6,1,1,100.0,4,3,9,2,22.22,2,0,6,3,50.0,3,3,0,4,5,0,0,4.94,4.02,5.32,3.56,6.53,4.72,0.413,2025-08-20T04:54:08.034007+00:00,282,Ateneo_de_Manila_University_20251208181114_282,1,4.72
University of the Philippines,2315.723,363.337,15.69,45.33,111,82,6,29,59,13,10,5,2,8,14,8,73.75,0,1,0,5,2,3,0,3,12,5,41.67,5,4,15,4,26.67,1,0,17,5,29.41,2,15,0,0,8,0,0,5.17,5.0,4.79,3.35,7.16,4.99,0.443,2025-07-10T20:12:02.034007+00:00,921,University_of_the_Philippines_20251208181114_921,1,4.99
Valley Rovers,2331.464,467.692,20.06,42.45,95,61,12,34,67,14,5,3,2,2,2,5,63.71,0,3,1,5,2,3,0,5,2,1,50.0,15,4,6,1,16.67,0,0,23,12,52.17,7,16,0,1,6,0,0,4.61,4.93,3.98,4.24,7.9,4.85,0.428,2025-02-17T18:01:05.035022+00:00,361,Valley_Rovers_20251208181114_361,1,4.85
Lakeside Athletic,2563.854,509.694,19.88,50.74,92,66,11,26,63,11,6,0,2,4,7,9,71.36,0,3,0,4,1,3,0,7,9,7,77.78,3,6,6,1,16.67,3,3,29,10,34.48,8,21,0,1,0,1,1,4.24,4.88,4.52,4.22,4.32,4.48,0.387,2025-11-14T07:06:31.035022+00:00,292,Lakeside_Athletic_20251208181114_292,1,4.48
De La Salle University,2130.763,564.013,26.47,38.78,102,74,8,28,77,16,10,5,2,0,0,12,72.46,0,2,1,4,1,3,0,4,7,5,71.43,8,7,0,0,0.0,0,0,19,10,52.63,5,14,1,1,7,0,0,5.3,3.84,5.3,3.78,7.22,4.87,0.43,2025-04-19T18:19:44.035022+00:00,271,De_La_Salle_University_20251208181114_271,1,4.87
Far Eastern University,1901.936,422.61,22.22,35.92,57,39,9,18,48,9,2,2,1,0,0,6,69.03,0,1,0,5,1,4,0,8,7,3,42.86,5,5,19,5,26.32,2,1,12,6,50.0,3,9,0,0,2,0,0,5.11,4.45,3.81,3.57,7.22,4.66,0.407,2024-12-25T16:22:18.035022+00:00,869,Far_Eastern_University_20251208181114_869,1,4.66
National University,2957.638,598.33,20.23,53.31,108,94,4,14,70,12,10,2,1,7,6,10,86.82,0,1,1,6,2,4,0,6,14,11,78.57,2,2,9,1,11.11,2,1,31,6,19.35,11,20,0,0,12,1,0,5.71,5.6,5.72,4.1,6.38,5.52,0.502,2025-08-04T00:58:54.035022+00:00,982,National_University_20251208181114_982,1,5.52
University of the Philippines,2644.858,132.243,5.0,48.1,95,68,1,27,60,12,7,4,2,4,5,3,71.98,0,2,1,5,2,3,0,7,4,3,75.0,1,4,6,1,16.67,0,1,29,10,34.48,11,18,1,1,9,2,0,5.21,5.89,5.04,3.08,4.81,5.03,0.448,2025-01-21T22:20:51.035022+00:00,47,University_of_the_Philippines_20251208181114_47,1,5.03
Lakeside Athletic,3011.266,450.184,14.95,54.18,132,94,14,38,74,9,7,5,1,13,23,12,70.9,0,1,0,4,1,3,0,5,7,3,42.86,5,6,8,2,25.0,2,0,24,13,54.17,5,19,0,1,2,2,0,5.42,5.05,5.53,3.47,6.1,5.13,0.459,2025-10-25T08:19:57.035022+00:00,982,Lakeside_Athletic_20251208181114_982,1,5.13
Far Eastern University,2209.909,343.199,15.53,43.37,97,71,11,26,75,7,10,2,1,1,1,7,73.58,0,1,0,4,1,3,0,4,9,4,44.44,7,9,11,1,9.09,0,1,12,6,50.0,2,10,0,2,4,0,0,4.65,5.08,4.56,2.7,6.84,4.7,0.411,2025-05-07T14:58:04.035022+00:00,751,Far_Eastern_University_20251208181114_751,1,4.7
Far Eastern University,3661.208,410.055,11.2,68.51,149,114,5,35,122,11,17,6,5,0,0,2,76.75,0,2,0,7,3,4,0,5,4,2,50.0,6,2,2,0,0.0,1,0,25,14,56.0,6,19,1,1,4,1,0,5.92,4.34,4.58,3.8,6.61,4.98,0.442,2025-10-07T23:15:40.036012+00:00,630,Far_Eastern_University_20251208181114_630,1,4.98
University of the Philippines,2616.496,130.825,5.0,51.3,118,93,5,25,84,18,10,7,2,0,0,4,78.61,0,3,0,3,1,2,0,4,7,4,57.14,3,3,7,1,14.29,0,0,8,5,62.5,3,5,1,1,5,0,0,4.89,5.43,4.63,4.68,6.85,5.16,0.462,2025-11-17T05:16:20.036012+00:00,254,University_of_the_Philippines_20251208181114_254,1,5.16
Far Eastern University,2957.487,377.967,12.78,59.46,171,141,7,30,125,17,15,3,2,4,4,19,82.33,0,2,0,5,2,3,0,6,13,6,46.15,10,4,8,3,37.5,0,1,39,14,35.9,7,32,0,0,6,0,0,4.99,4.1,5.85,4.18,7.07,5.01,0.446,2025-08-09T14:20:55.036012+00:00,480,Far_Eastern_University_20251208181114_480,1,5.01
University of Santo Tomas,3166.395,578.5,18.27,57.09,131,104,8,27,97,23,13,7,4,0,0,4,79.46,0,2,1,8,3,5,1,10,13,8,61.54,8,5,1,0,0.0,2,0,29,21,72.41,11,18,0,1,5,1,0,5.64,4.69,5.54,3.04,6.42,5.07,0.452,2025-02-19T00:56:21.036012+00:00,746,University_of_Santo_Tomas_20251208181114_746,1,5.07
Valley Rovers,1622.075,483.054,29.78,29.38,65,48,5,17,39,4,3,2,1,7,9,4,74.02,0,1,0,2,1,1,0,2,6,4,66.67,6,6,3,1,33.33,0,0,8,2,25.0,1,7,1,0,11,1,0,4.44,5.18,4.4,4.96,6.08,4.88,0.431,2025-11-07T09:36:32.036012+00:00,361,Valley_Rovers_20251208181114_361,1,4.88
Coastal Town,3770.03,345.335,9.16,68.67,169,119,16,50,100,19,12,1,5,22,10,7,70.35,0,3,1,6,2,4,0,8,0,0,91.25,7,3,5,2,40.0,0,2,30,12,40.0,11,19,1,2,2,0,0,4.41,4.16,4.15,4.54,7.46,4.61,0.401,2025-10-21T20:45:23.036012+00:00,75,Coastal_Town_20251208181114_75,1,4.61
San Beda University,2247.148,409.206,18.21,42.92,59,43,6,16,41,9,0,2,1,3,3,6,72.76,0,0,0,5,2,3,0,6,6,4,66.67,7,4,1,0,0.0,0,0,10,6,60.0,4,6,0,2,4,0,0,4.69,5.6,3.41,3.7,7.21,4.8,0.422,2025-09-28T23:13:07.036012+00:00,233,San_Beda_University_20251208181114_233,1,4.8
National University,2474.943,326.445,13.19,47.51,106,80,5,26,86,12,4,2,3,0,0,12,75.19,0,3,0,5,1,4,0,6,11,6,54.55,10,7,11,2,18.18,0,1,20,14,70.0,1,19,2,0,1,0,0,5.15,4.22,4.27,4.64,7.19,4.85,0.428,2025-10-13T22:02:33.036012+00:00,313,National_University_20251208181114_313,1,4.85
Metro FC,2349.18,280.727,11.95,43.22,76,59,5,17,51,6,3,2,1,4,9,9,77.31,0,2,0,5,2,3,0,7,11,5,45.45,5,3,2,0,0.0,0,2,14,8,57.14,5,9,1,0,7,2,0,4.81,4.97,4.69,4.44,5.48,4.85,0.428,2025-01-29T22:06:35.037010+00:00,976,Metro_FC_20251208181114_976,1,4.85
2 Worlds FC,3066.048,604.931,19.73,56.11,159,122,15,37,122,26,14,7,4,0,0,22,76.55,0,2,1,6,3,3,1,6,6,2,33.33,3,7,4,1,25.0,2,0,22,10,45.45,9,13,0,0,1,0,0,4.83,4.51,5.75,4.58,6.94,5.1,0.456,2025-07-10T19:32:39.037010+00:00,977,2_Worlds_FC_20251208181114_977,1,5.1
San Beda University,1828.058,310.587,16.99,35.11,85,68,5,17,58,11,7,2,0,3,3,2,80.35,0,1,1,4,2,2,0,2,4,1,25.0,3,3,4,1,25.0,1,0,6,2,33.33,1,5,0,1,11,2,0,4.73,4.39,5.12,3.28,6.58,4.69,0.41,2024-12-19T09:24:40.037010+00:00,165,San_Beda_University_20251208181114_165,1,4.69
Lakeside Athletic,3105.651,500.32,16.11,61.87,125,91,11,34,81,19,8,7,3,4,2,21,72.67,0,4,0,4,1,3,0,4,5,3,60.0,8,6,7,1,14.29,1,1,33,17,51.52,2,31,0,1,7,0,0,4.87,4.2,4.93,4.13,6.88,4.79,0.421,2025-10-04T03:32:22.037010+00:00,751,Lakeside_Athletic_20251208181114_751,1,4.79
Highland Wanderers,3120.799,903.471,28.95,57.48,210,142,26,68,135,5,0,11,5,20,33,24,67.57,0,4,1,5,2,3,0,7,4,3,75.0,9,2,4,1,25.0,0,0,0,0,25.23,1,0,0,0,6,1,0,4.9,4.98,4.54,3.72,6.63,4.86,0.429,2025-09-26T16:39:38.037010+00:00,248,Highland_Wanderers_20251208181114_248,1,4.86
Adamson University,1599.852,270.375,16.9,29.81,87,64,10,23,64,12,0,4,1,4,1,13,73.18,0,1,0,3,1,2,0,5,8,4,50.0,10,7,11,2,18.18,2,0,8,2,25.0,2,6,0,1,5,0,0,4.2,6.35,4.77,2.62,7.18,4.99,0.443,2025-06-10T15:18:31.037010+00:00,441,Adamson_University_20251208181114_441,1,4.99
National University,2060.646,443.039,21.5,41.08,81,58,5,23,59,9,4,1,0,4,3,7,71.63,0,2,0,5,1,4,1,5,12,7,58.33,7,7,14,2,14.29,1,0,13,6,46.15,1,12,0,1,9,0,0,4.75,5.33,5.28,3.5,6.83,5.05,0.45,2025-08-09T18:58:08.037010+00:00,745,National_University_20251208181114_745,1,5.05
City United,766.857,112.651,14.69,13.85,31,28,1,3,20,2,1,0,0,3,4,3,91.63,0,0,0,2,1,1,0,3,2,1,50.0,9,10,20,2,10.0,3,0,5,2,40.0,2,3,1,0,5,0,0,3.37,4.68,5.21,4.38,7.63,4.67,0.408,2025-08-18T05:48:51.037010+00:00,496,City_United_20251208181114_496,1,4.67
Ateneo de Manila University,2809.386,577.61,20.56,53.43,132,107,8,25,89,27,15,3,2,0,0,7,80.78,0,3,0,4,2,2,0,4,14,11,78.57,6,2,10,2,20.0,2,1,13,6,46.15,6,7,0,1,2,0,0,4.79,5.26,4.94,3.47,6.75,4.96,0.44,2025-11-21T08:16:03.038008+00:00,316,Ateneo_de_Manila_University_20251208181114_316,1,4.96
University of the Philippines,2644.747,212.109,8.02,52.34,103,68,15,35,75,13,5,1,2,4,4,11,65.65,0,3,0,4,1,3,0,4,13,7,53.85,8,7,5,1,20.0,1,1,17,4,23.53,4,13,0,1,8,1,0,4.16,5.46,4.93,4.24,6.8,4.95,0.439,2025-08-12T01:54:34.038008+00:00,833,University_of_the_Philippines_20251208181114_833,1,4.95
City United,2443.012,343.976,14.08,45.81,107,73,8,34,56,15,8,4,1,10,13,11,68.1,0,2,0,5,3,2,0,6,10,5,50.0,13,5,8,1,12.5,0,0,13,9,69.23,2,11,1,0,5,0,0,4.97,4.52,4.42,4.12,6.96,4.81,0.423,2025-10-07T12:08:11.038008+00:00,489,City_United_20251208181114_489,1,4.81
Adamson University,2920.532,452.39,15.49,52.7,92,68,9,24,61,11,8,2,2,4,5,13,73.7,0,1,1,8,2,6,0,8,14,4,28.57,3,7,4,1,25.0,0,3,21,13,61.9,8,13,0,2,6,1,0,6.24,4.89,4.67,4.35,6.23,5.28,0.476,2025-01-23T01:07:22.038008+00:00,449,Adamson_University_20251208181114_449,1,5.28
Brookside United,2486.09,211.318,8.5,49.61,73,55,2,18,52,10,6,3,1,1,1,3,75.74,0,1,1,5,2,3,0,6,13,9,69.23,11,3,5,0,0.0,0,0,17,6,35.29,5,12,0,2,5,0,0,6.57,5.65,4.95,4.25,7.2,5.73,0.526,2025-11-12T13:12:01.038008+00:00,161,Brookside_United_20251208181114_161,1,5.73
Valley Rovers,1490.273,325.327,21.83,28.77,59,42,8,17,38,6,2,2,1,6,4,0,71.22,0,0,0,2,1,1,0,2,6,2,33.33,5,6,9,2,22.22,0,0,3,2,66.67,2,1,2,0,5,0,0,4.79,4.65,4.44,4.0,7.13,4.8,0.422,2025-06-03T08:56:54.038008+00:00,827,Valley_Rovers_20251208181114_827,1,4.8
Valley Rovers,2676.319,442.663,16.54,53.78,140,101,8,39,90,26,8,4,3,4,5,11,72.42,0,2,1,6,3,3,0,5,12,5,41.67,3,5,5,1,20.0,1,1,5,3,60.0,0,5,2,1,10,0,0,4.47,3.7,4.31,4.25,7.05,4.45,0.383,2025-02-11T04:51:09.038008+00:00,944,Valley_Rovers_20251208181114_944,1,4.45
Valley Rovers,3374.839,519.725,15.4,61.24,138,113,10,25,102,11,8,3,2,6,6,13,81.88,0,4,1,6,2,4,1,5,9,4,44.44,4,4,8,2,25.0,2,3,20,10,50.0,3,17,0,1,4,0,0,4.48,5.2,4.16,5.06,7.29,4.98,0.442,2024-12-12T07:44:07.039008+00:00,15,Valley_Rovers_20251208181114_15,1,4.98
University of Santo Tomas,2601.842,416.035,15.99,51.43,147,100,21,47,123,20,12,4,2,0,0,12,68.16,0,1,0,5,2,3,0,4,8,4,50.0,4,7,1,0,0.0,2,0,20,9,45.0,5,15,0,1,5,1,0,5.25,5.57,5.16,3.58,6.68,5.23,0.47,2025-02-10T16:57:18.039008+00:00,286,University_of_Santo_Tomas_20251208181114_286,1,5.23
2 Worlds FC,3245.064,714.888,22.03,58.45,186,124,14,62,116,36,13,8,5,5,3,15,66.47,0,2,0,4,1,3,0,4,5,3,60.0,13,5,7,3,42.86,1,0,28,10,35.71,5,23,0,2,3,1,0,3.15,4.74,4.65,3.96,6.03,4.3,0.367,2025-11-11T14:53:46.039008+00:00,719,2_Worlds_FC_20251208181114_719,1,4.3
Lyceum,1468.791,300.662,20.47,26.88,51,40,4,11,36,9,6,1,1,0,0,5,78.43,0,1,0,2,1,1,0,3,1,1,100.0,6,10,3,1,33.33,1,1,17,11,64.71,7,10,0,0,3,0,0,4.55,4.13,4.51,4.2,7.74,4.69,0.41,2025-08-10T04:44:52.039008+00:00,812,Lyceum_20251208181114_812,1,4.69
City United,2528.691,455.164,18.0,47.21,109,85,6,24,77,18,9,4,3,0,0,10,77.62,0,3,1,5,2,3,0,4,14,10,71.43,4,8,5,1,20.0,1,1,27,13,48.15,7,20,0,0,4,0,0,5.19,5.63,4.56,2.89,6.5,5.0,0.444,2024-12-09T05:59:17.039008+00:00,349,City_United_20251208181114_349,1,5.0
Highland Wanderers,2481.472,554.609,22.35,47.68,40,31,2,9,27,4,2,0,2,2,3,3,78.34,0,1,1,4,2,2,0,4,4,2,50.0,12,4,15,2,13.33,1,1,12,8,66.67,2,10,0,3,6,0,0,5.37,4.09,4.38,3.75,7.33,4.78,0.42,2025-04-17T19:42:51.039008+00:00,996,Highland_Wanderers_20251208181114_996,1,4.78
National University,3273.833,202.323,6.18,60.15,110,96,7,14,84,15,12,7,1,0,0,0,87.25,0,3,1,4,2,2,0,4,19,8,42.11,5,4,7,2,28.57,1,1,17,9,52.94,2,15,0,1,1,1,0,5.06,3.96,5.73,3.28,6.26,4.76,0.418,2025-05-14T10:38:45.039008+00:00,941,National_University_20251208181114_941,1,4.76
San Beda University,1987.245,432.822,21.78,37.95,69,49,3,20,41,7,5,3,1,6,5,6,70.9,0,1,0,3,1,2,0,3,10,4,40.0,11,6,6,1,16.67,0,0,27,7,25.93,4,23,0,1,8,2,0,4.35,5.84,4.15,4.86,5.7,4.93,0.437,2025-09-13T19:27:31.039008+00:00,801,San_Beda_University_20251208181114_801,1,4.93
City United,293.01,81.047,27.66,5.88,16,12,2,4,10,2,1,0,0,1,1,2,76.81,0,0,0,1,0,1,0,1,1,0,0.0,8,7,11,3,27.27,4,0,1,0,0.0,0,1,1,0,1,0,0,3.93,4.81,4.14,4.73,6.97,4.63,0.403,2025-09-11T14:36:27.039008+00:00,579,City_United_20251208181114_579,1,4.63
Metro FC,3316.134,832.35,25.1,61.51,123,88,14,35,77,19,11,6,2,3,4,0,71.59,0,1,0,7,3,4,0,4,5,4,80.0,1,5,7,2,28.57,1,1,20,12,60.0,6,14,0,1,4,0,0,3.69,4.59,5.31,4.76,7.55,4.8,0.422,2025-06-22T12:23:19.040074+00:00,595,Metro_FC_20251208181114_595,1,4.8
National University,2566.773,394.77,15.38,47.07,90,64,2,26,56,10,2,4,4,5,9,2,71.42,0,0,0,4,1,3,0,5,9,5,55.56,1,8,4,1,25.0,1,1,6,2,33.33,1,5,0,0,4,0,0,4.07,4.45,4.62,4.73,6.59,4.63,0.403,2025-08-05T08:43:16.040074+00:00,474,National_University_20251208181114_474,1,4.63
2 Worlds FC,2908.18,415.288,14.28,53.71,154,112,10,42,116,22,10,4,3,0,0,7,72.65,0,2,0,5,2,3,0,5,8,3,37.5,2,5,8,2,25.0,0,1,13,8,61.54,4,9,0,0,6,1,0,4.67,4.6,4.26,3.1,7.03,4.58,0.398,2025-01-11T12:01:47.040074+00:00,303,2_Worlds_FC_20251208181114_303,1,4.58
Valley Rovers,3060.494,958.547,31.32,61.49,153,123,15,30,104,22,8,9,4,2,5,8,80.09,0,1,0,3,1,2,0,3,7,3,42.86,8,5,9,2,22.22,0,2,1,1,100.0,0,1,0,2,4,0,0,4.44,4.67,5.78,4.04,6.81,4.95,0.439,2025-10-23T11:16:09.040074+00:00,494,Valley_Rovers_20251208181114_494,1,4.95
De La Salle University,2041.923,317.315,15.54,36.77,92,69,8,23,73,7,4,0,1,2,4,12,75.15,0,2,0,3,1,2,0,3,4,3,75.0,15,6,6,1,16.67,0,0,15,5,33.33,3,12,0,0,6,1,0,4.35,5.55,4.68,3.53,6.27,4.83,0.426,2025-04-27T14:07:44.040074+00:00,928,De_La_Salle_University_20251208181114_928,1,4.83
University of Santo Tomas,4111.393,765.13,18.61,77.6,159,111,18,48,112,10,17,7,2,6,4,15,69.88,0,3,0,9,3,6,0,8,17,12,70.59,3,3,2,0,0.0,1,0,46,16,34.78,13,33,0,3,2,1,0,5.44,4.75,4.41,5.02,6.57,5.1,0.456,2025-07-04T02:42:10.040074+00:00,500,University_of_Santo_Tomas_20251208181114_500,1,5.1
Northbridge FC,2036.864,704.551,34.59,37.29,105,75,8,30,76,11,5,2,2,4,4,6,71.17,0,2,0,3,1,2,0,3,2,1,50.0,10,8,10,2,20.0,0,0,27,12,44.44,0,27,2,1,4,1,0,4.44,5.11,5.07,3.55,6.3,4.82,0.424,2025-07-16T14:08:41.040074+00:00,403,Northbridge_FC_20251208181114_403,1,4.82
Coastal Town,2913.75,469.988,16.13,52.02,89,63,4,26,68,7,2,2,1,4,4,2,71.03,0,1,0,5,2,3,0,5,15,8,53.33,7,1,7,2,28.57,1,2,50,25,50.0,22,28,1,1,3,0,0,5.09,6.65,3.66,4.97,6.84,5.4,0.489,2025-11-21T23:49:46.041012+00:00,138,Coastal_Town_20251208181114_138,1,5.4
2 Worlds FC,3238.675,541.506,16.72,60.91,180,121,16,59,128,29,15,7,4,0,0,13,66.96,0,3,1,8,3,5,1,7,0,0,63.17,8,6,1,0,0.0,1,1,16,7,43.75,7,9,1,2,3,1,0,4.51,3.92,4.4,3.78,6.63,4.43,0.381,2025-06-09T21:11:05.041012+00:00,810,2_Worlds_FC_20251208181114_810,1,4.43
Far Eastern University,3978.077,764.189,19.21,72.74,239,178,24,61,171,38,4,0,3,9,14,26,74.6,1,4,1,7,4,3,1,9,24,8,33.33,5,2,6,1,16.67,0,2,21,12,57.14,2,19,1,3,4,1,0,5.05,4.58,5.17,3.3,6.44,4.84,0.427,2025-06-29T03:04:23.041012+00:00,194,Far_Eastern_University_20251208181114_194,1,4.84
Adamson University,3796.867,639.013,16.83,73.0,180,125,8,55,125,22,13,3,5,5,9,27,69.54,0,4,1,11,5,6,1,9,18,10,55.56,3,2,5,1,20.0,1,2,46,23,50.0,10,36,2,0,2,0,0,5.79,6.41,5.14,3.64,7.16,5.67,0.519,2025-09-07T04:53:44.041012+00:00,216,Adamson_University_20251208181114_216,1,5.67
University of the Philippines,1141.474,137.205,12.02,22.5,39,33,1,6,23,5,3,1,0,3,3,3,84.75,0,1,0,2,1,1,0,2,3,2,66.67,11,0,13,3,23.08,1,1,6,3,50.0,0,6,0,1,12,0,0,4.9,4.88,3.81,4.32,6.99,4.8,0.422,2025-08-17T23:26:47.041012+00:00,806,University_of_the_Philippines_20251208181114_806,1,4.8
Far Eastern University,2880.194,467.167,16.22,57.36,163,118,9,45,118,18,10,6,2,3,5,23,72.31,1,3,0,4,2,2,0,4,11,6,54.55,10,4,9,2,22.22,1,3,25,14,56.0,8,17,0,0,3,1,0,4.22,5.24,4.64,5.0,6.21,4.9,0.433,2025-07-17T18:19:22.041012+00:00,825,Far_Eastern_University_20251208181114_825,1,4.9
Valley Rovers,2386.356,536.691,22.49,46.01,88,66,5,22,72,11,2,5,3,0,0,4,75.47,0,2,1,7,3,4,1,7,6,3,50.0,12,0,5,2,40.0,0,3,26,11,42.31,10,16,1,2,4,0,0,4.63,4.48,4.1,4.79,7.34,4.78,0.42,2025-03-07T09:47:52.041012+00:00,947,Valley_Rovers_20251208181114_947,1,4.78
Valley Rovers,2206.247,447.427,20.28,43.47,67,61,2,6,51,4,7,4,0,0,0,4,91.42,0,1,0,2,1,1,0,3,10,6,60.0,5,5,13,2,15.38,1,0,18,11,61.11,1,17,1,0,6,2,0,4.1,5.07,5.1,4.0,5.91,4.74,0.416,2025-05-17T13:41:31.041012+00:00,171,Valley_Rovers_20251208181114_171,1,4.74
Northbridge FC,2454.883,467.901,19.06,45.43,119,74,18,45,91,11,4,1,2,4,7,8,61.96,0,1,1,6,3,3,0,4,1,1,100.0,10,5,14,2,14.29,1,0,11,6,54.55,2,9,0,1,0,0,0,4.86,4.89,3.66,3.96,7.26,4.74,0.416,2025-10-16T07:59:08.042012+00:00,968,Northbridge_FC_20251208181114_968,1,4.74
Mapúa University,2505.735,659.76,26.33,47.82,102,73,10,29,74,13,7,2,1,2,3,7,71.17,0,1,0,4,1,3,0,5,4,2,50.0,11,0,6,1,16.67,1,0,1,0,0.0,0,1,0,0,6,0,0,3.22,5.06,4.46,3.14,7.3,4.38,0.376,2025-11-25T10:19:18.042012+00:00,927,Mapúa_University_20251208181114_927,1,4.38
Northbridge FC,1370.004,287.838,21.01,27.49,73,54,8,19,47,8,0,2,3,4,10,12,74.06,0,2,0,3,1,2,0,3,2,1,50.0,15,3,17,5,29.41,0,1,9,2,22.22,2,7,2,2,10,0,0,4.11,5.43,4.75,4.04,7.82,4.97,0.441,2025-06-12T05:55:03.042012+00:00,186,Northbridge_FC_20251208181114_186,1,4.97
Lakeside Athletic,2167.464,458.419,21.15,42.69,110,79,14,31,74,18,5,2,2,4,6,8,72.12,1,3,0,3,1,2,0,3,9,6,66.67,12,2,13,1,7.69,0,0,21,11,52.38,3,18,2,4,8,1,0,4.83,3.98,5.68,4.6,6.61,4.91,0.434,2025-11-27T19:53:50.042012+00:00,918,Lakeside_Athletic_20251208181114_918,1,4.91
Coastal Town,3009.648,150.482,5.0,57.3,103,78,6,25,76,8,6,0,1,4,7,10,75.93,0,2,0,3,2,1,0,4,14,6,42.86,11,3,1,0,0.0,1,0,18,6,33.33,9,9,1,1,6,0,0,3.17,5.52,4.81,4.28,6.82,4.68,0.409,2025-04-28T00:05:14.042012+00:00,859,Coastal_Town_20251208181114_859,1,4.68
Northbridge FC,4511.002,1224.737,27.15,90.54,153,121,11,32,117,14,9,4,1,6,3,11,79.26,0,3,1,7,2,5,0,6,11,8,72.73,2,3,2,0,0.0,0,2,30,21,70.0,0,30,2,3,1,0,0,5.87,5.03,5.2,4.52,7.88,5.51,0.501,2025-09-08T11:35:19.042012+00:00,447,Northbridge_FC_20251208181114_447,1,5.51
San Beda University,2503.104,429.533,17.16,44.94,102,78,10,24,75,10,2,4,1,2,8,9,76.47,0,2,0,5,2,3,0,6,13,9,69.23,10,7,10,2,20.0,1,0,19,10,52.63,5,14,0,1,7,1,0,4.15,5.39,5.03,3.68,6.04,4.8,0.422,2025-03-09T10:14:12.042012+00:00,665,San_Beda_University_20251208181114_665,1,4.8
City United,3720.171,255.576,6.87,69.45,86,65,12,21,57,4,6,3,2,6,9,11,76.1,0,1,1,5,2,3,1,6,18,9,50.0,0,0,8,1,12.5,2,0,38,23,60.53,14,24,0,2,3,2,0,4.76,5.98,4.94,3.61,5.93,5.09,0.454,2024-12-10T20:39:53.042012+00:00,100,City_United_20251208181114_100,1,5.09
University of the Philippines,1035.508,153.462,14.82,19.52,31,25,3,6,21,3,2,1,1,2,3,4,79.39,0,0,0,2,1,1,0,2,2,2,100.0,11,9,3,1,33.33,2,0,1,0,0.0,0,1,0,0,3,1,0,4.3,5.07,4.62,4.42,5.68,4.73,0.414,2025-03-22T23:06:35.042012+00:00,869,University_of_the_Philippines_20251208181114_869,1,4.73
University of Santo Tomas,1837.511,475.364,25.87,33.06,140,106,12,34,110,11,11,5,3,0,0,24,75.55,0,4,0,3,1,2,0,4,12,7,58.33,3,12,11,2,18.18,1,1,9,3,33.33,1,8,0,1,11,0,0,4.53,4.73,4.4,4.31,7.8,4.86,0.429,2025-04-03T08:57:38.042012+00:00,521,University_of_Santo_Tomas_20251208181114_521,1,4.86
Brookside United,1772.344,167.309,9.44,32.98,74,49,13,25,54,10,8,4,3,0,0,6,66.16,0,1,0,4,1,3,0,4,5,4,80.0,15,13,2,0,0.0,1,3,10,5,50.0,3,7,2,2,12,1,0,4.11,5.44,4.08,3.79,6.33,4.65,0.406,2025-03-26T11:18:26.042012+00:00,11,Brookside_United_20251208181114_11,1,4.65
Adamson University,2259.871,593.668,26.27,40.48,91,70,7,21,69,9,7,5,1,0,0,7,76.45,0,2,0,3,1,2,0,3,6,3,50.0,9,6,6,1,16.67,0,1,34,15,44.12,11,23,1,1,3,1,0,4.54,5.04,4.46,4.99,6.26,4.9,0.433,2025-01-10T00:50:28.042012+00:00,743,Adamson_University_20251208181114_743,1,4.9
Northbridge FC,2393.05,365.658,15.28,45.86,94,57,14,37,63,8,6,5,2,2,8,9,60.19,0,2,0,4,0,4,0,5,14,7,50.0,9,9,9,3,33.33,0,0,14,6,42.86,1,13,1,0,7,2,0,4.37,4.89,4.1,3.63,5.54,4.48,0.387,2024-12-09T11:14:04.043515+00:00,661,Northbridge_FC_20251208181114_661,1,4.48
Northbridge FC,3802.613,546.435,14.37,69.44,161,116,24,45,126,11,7,6,2,5,5,6,71.96,0,1,0,6,2,4,1,8,19,10,52.63,4,3,5,1,20.0,2,0,6,2,33.33,1,5,0,0,3,1,0,5.02,4.29,4.3,3.29,5.85,4.51,0.39,2025-11-20T14:39:12.043515+00:00,200,Northbridge_FC_20251208181114_200,1,4.51
De La Salle University,2203.997,669.795,30.39,44.24,76,53,6,23,55,12,4,2,0,1,2,7,69.64,0,2,0,4,2,2,0,6,13,8,61.54,10,9,6,1,16.67,0,0,19,8,42.11,10,9,2,1,5,2,0,5.19,5.36,3.61,2.53,4.99,4.53,0.392,2025-06-06T02:08:00.043515+00:00,88,De_La_Salle_University_20251208181114_88,1,4.53
Northbridge FC,3375.961,1063.09,31.49,60.32,176,135,20,41,151,7,12,5,5,0,0,11,76.47,0,3,0,3,1,2,0,3,3,1,33.33,10,4,4,1,25.0,1,0,40,25,62.5,7,33,0,1,4,1,0,4.44,4.82,5.08,3.25,6.24,4.69,0.41,2025-03-01T17:02:42.043515+00:00,586,Northbridge_FC_20251208181114_586,1,4.69
Far Eastern University,2772.383,274.466,9.9,49.49,107,84,3,23,76,16,5,6,2,1,1,5,78.5,0,2,0,3,2,1,0,2,9,7,77.78,3,8,10,2,20.0,2,2,23,10,43.48,9,14,0,2,9,1,1,3.37,5.17,5.72,4.71,4.0,4.59,0.399,2025-09-19T20:58:12.043515+00:00,893,Far_Eastern_University_20251208181114_893,1,4.59
Lakeside Athletic,3284.354,302.817,9.22,65.21,209,144,23,65,154,38,15,7,4,0,0,18,69.07,0,4,1,8,2,6,1,11,13,8,61.54,3,0,6,1,16.67,2,1,30,6,20.0,5,25,1,1,5,0,0,5.88,4.33,4.95,3.42,6.82,5.01,0.446,2025-07-15T10:14:27.043515+00:00,647,Lakeside_Athletic_20251208181114_647,1,5.01
Riverside FC,2095.809,360.689,17.21,38.09,54,35,4,19,30,6,6,2,1,3,6,7,64.58,0,2,0,4,1,3,0,4,3,1,33.33,14,6,8,2,25.0,3,1,7,4,57.14,2,5,0,2,6,0,0,4.52,5.25,3.6,5.05,6.84,4.85,0.428,2025-05-16T01:18:26.043515+00:00,257,Riverside_FC_20251208181114_257,1,4.85
Lakeside Athletic,3190.713,873.617,27.38,61.15,180,108,33,72,129,15,13,4,2,9,8,21,60.14,1,6,1,6,2,4,0,7,17,13,76.47,7,3,8,2,25.0,0,2,13,6,46.15,2,11,2,3,3,0,0,4.74,5.32,4.57,4.74,7.74,5.17,0.463,2025-06-17T19:13:59.044523+00:00,464,Lakeside_Athletic_20251208181114_464,1,5.17
Lyceum,2292.467,246.899,10.77,42.7,72,51,8,21,50,6,7,3,2,2,3,6,70.4,0,2,0,6,1,5,0,4,8,4,50.0,14,4,0,0,0.0,1,0,14,5,35.71,5,9,0,0,4,0,0,5.75,5.5,4.72,3.24,7.12,5.26,0.473,2025-07-25T15:45:02.044523+00:00,701,Lyceum_20251208181114_701,1,5.26
Lakeside Athletic,2689.299,155.71,5.79,52.25,184,144,8,40,138,24,8,4,5,2,4,18,78.44,0,7,0,4,2,2,0,5,14,10,71.43,7,3,8,1,12.5,1,0,19,9,47.37,6,13,1,1,5,0,0,5.37,4.57,4.93,3.56,6.64,4.93,0.437,2025-10-14T08:13:39.044523+00:00,399,Lakeside_Athletic_20251208181114_399,1,4.93
Lakeside Athletic,1777.541,240.146,13.51,34.88,63,46,6,17,42,8,4,1,2,3,2,9,72.88,0,1,0,4,2,2,0,3,11,8,72.73,10,6,2,0,0.0,1,1,18,12,66.67,7,11,1,1,8,1,0,4.76,5.42,4.95,4.28,5.8,5.02,0.447,2025-03-03T14:55:47.044523+00:00,283,Lakeside_Athletic_20251208181114_283,1,5.02
Adamson University,3364.996,941.862,27.99,60.84,159,90,26,69,110,18,5,2,3,10,12,14,56.89,0,3,1,8,2,6,0,7,20,12,60.0,4,4,5,1,20.0,1,1,29,18,62.07,5,24,1,1,4,0,0,5.0,4.72,4.17,4.61,7.54,4.96,0.44,2025-07-30T06:00:33.044523+00:00,460,Adamson_University_20251208181114_460,1,4.96
Adamson University,1542.86,155.366,10.07,27.8,69,60,4,9,50,12,4,2,1,0,0,7,86.75,0,1,0,3,1,2,0,3,4,2,50.0,12,8,20,5,25.0,0,0,16,5,31.25,5,11,2,0,9,2,0,4.33,5.06,4.18,3.82,6.75,4.67,0.408,2025-08-03T15:21:34.044523+00:00,335,Adamson_University_20251208181114_335,1,4.67
Brookside United,3677.428,327.291,8.9,68.49,154,121,5,33,116,16,5,7,3,3,4,13,78.45,1,4,1,8,4,4,1,10,11,9,81.82,7,1,5,2,40.0,1,2,33,16,48.48,9,24,2,2,4,0,0,5.46,4.04,5.76,4.28,7.28,5.14,0.46,2024-12-26T04:26:45.044523+00:00,110,Brookside_United_20251208181114_110,1,5.14
San Beda University,2762.611,593.961,21.5,52.22,119,89,9,30,81,16,7,4,1,4,5,15,74.5,0,2,1,5,2,3,1,5,3,1,33.33,10,3,7,2,28.57,1,1,9,5,55.56,3,6,1,0,7,2,0,5.99,5.32,5.01,3.48,5.67,5.22,0.469,2025-07-12T12:48:44.044523+00:00,39,San_Beda_University_20251208181114_39,1,5.22
Coastal Town,1848.782,300.612,16.26,35.23,44,34,4,10,29,7,0,2,1,2,3,6,76.21,0,0,0,3,1,2,0,3,7,3,42.86,8,6,7,2,28.57,1,0,14,9,64.29,3,11,0,2,6,0,0,4.18,4.36,3.57,3.91,6.98,4.35,0.372,2025-02-16T05:24:11.045524+00:00,692,Coastal_Town_20251208181114_692,1,4.35
Riverside FC,1982.352,512.636,25.86,36.34,76,58,6,18,56,11,4,4,2,0,0,6,75.67,0,2,0,2,1,1,0,2,6,4,66.67,9,8,16,4,25.0,1,0,10,6,60.0,3,7,0,0,7,0,0,4.74,4.95,4.51,4.02,7.21,4.9,0.433,2025-06-28T05:23:23.045524+00:00,705,Riverside_FC_20251208181114_705,1,4.9
San Beda University,2061.108,103.055,5.0,39.51,82,62,8,20,54,6,1,5,1,7,8,10,75.95,0,1,0,4,1,3,0,5,7,3,42.86,10,6,6,2,33.33,1,0,16,11,68.75,7,9,0,0,3,0,0,4.43,5.77,4.18,3.7,7.71,4.98,0.442,2024-12-15T23:22:25.045524+00:00,262,San_Beda_University_20251208181114_262,1,4.98
Coastal Town,2976.229,502.387,16.88,53.6,143,109,5,34,109,20,10,5,2,0,0,11,76.04,0,4,1,6,2,4,0,8,7,3,42.86,8,5,5,1,20.0,2,1,12,7,58.33,3,9,0,0,4,0,0,5.2,5.7,4.79,3.83,7.27,5.27,0.474,2025-07-27T05:09:58.045524+00:00,179,Coastal_Town_20251208181114_179,1,5.27
Coastal Town,2091.813,371.715,17.77,37.56,98,75,6,23,72,13,7,5,1,0,0,0,76.58,0,1,0,4,1,3,0,4,4,3,75.0,14,6,8,2,25.0,0,1,20,8,40.0,5,15,0,0,6,1,0,3.7,5.85,4.03,4.47,6.54,4.76,0.418,2025-11-04T00:47:43.045524+00:00,411,Coastal_Town_20251208181114_411,1,4.76
Valley Rovers,2234.777,407.176,18.22,41.89,144,121,8,23,93,18,12,6,3,7,5,4,84.29,0,4,0,3,1,2,0,3,3,2,66.67,4,6,6,1,16.67,1,0,20,10,50.0,10,10,1,2,9,0,0,5.11,3.49,5.45,3.84,7.67,4.8,0.422,2025-06-24T06:58:06.045524+00:00,75,Valley_Rovers_20251208181114_75,1,4.8
Coastal Town,1350.991,255.337,18.9,24.51,42,31,3,11,28,3,3,1,1,4,3,5,72.66,0,1,0,1,0,1,0,1,4,3,75.0,15,16,12,3,25.0,1,0,6,3,50.0,3,3,0,0,6,0,0,3.65,5.53,3.73,4.71,7.0,4.68,0.409,2025-07-11T18:56:13.045524+00:00,524,Coastal_Town_20251208181114_524,1,4.68
National University,2523.554,346.989,13.75,47.12,116,86,11,30,72,11,9,3,0,7,14,10,73.92,0,3,0,4,1,3,1,5,13,9,69.23,5,6,3,0,0.0,1,0,14,7,50.0,2,12,0,1,6,0,0,2.85,5.23,4.97,3.68,7.15,4.49,0.388,2025-10-20T02:46:36.046521+00:00,211,National_University_20251208181114_211,1,4.49
Adamson University,3086.11,379.283,12.29,62.04,137,95,17,42,94,22,9,7,2,1,2,1,69.64,0,4,1,7,3,4,0,8,12,7,58.33,6,0,6,2,33.33,3,1,36,19,52.78,11,25,0,2,4,1,0,4.98,5.02,4.44,4.48,6.95,5.01,0.446,2025-04-26T12:42:43.046521+00:00,41,Adamson_University_20251208181114_41,1,5.01
Metro FC,3160.364,367.234,11.62,58.89,158,125,7,33,133,8,10,3,3,0,1,13,79.03,0,1,0,4,1,3,0,5,16,8,50.0,7,4,8,1,12.5,0,1,24,16,66.67,1,23,1,0,5,0,0,5.1,4.87,5.19,4.19,7.49,5.17,0.463,2025-06-04T08:43:34.046521+00:00,872,Metro_FC_20251208181114_872,1,5.17
Coastal Town,3309.137,991.417,29.96,61.44,85,68,6,17,69,2,2,4,3,2,2,11,79.92,0,2,1,5,2,3,1,5,12,8,66.67,3,4,6,1,16.67,0,2,16,9,56.25,6,10,2,0,4,2,0,5.16,5.79,4.57,4.73,5.69,5.21,0.468,2025-04-15T22:02:14.046521+00:00,162,Coastal_Town_20251208181114_162,1,5.21
City United,2770.749,376.822,13.6,54.5,123,96,11,27,79,17,10,5,1,7,6,7,77.92,0,3,0,4,1,3,0,3,11,6,54.55,5,4,6,1,16.67,1,1,3,2,66.67,0,3,0,2,3,0,0,4.01,4.38,4.03,3.58,7.37,4.39,0.377,2025-05-14T12:06:39.046521+00:00,741,City_United_20251208181114_741,1,4.39
Valley Rovers,1157.659,208.61,18.02,22.69,40,30,2,10,27,7,1,2,1,1,1,3,75.19,0,1,0,3,1,2,0,3,4,2,50.0,12,12,5,1,20.0,0,0,10,8,80.0,4,6,2,0,8,1,0,3.75,4.39,4.88,4.37,6.11,4.48,0.387,2025-04-08T16:42:43.046521+00:00,879,Valley_Rovers_20251208181114_879,1,4.48
Coastal Town,3184.359,748.324,23.5,61.28,252,204,16,48,224,40,25,7,6,0,0,32,81.03,0,5,1,5,1,4,1,6,15,5,33.33,6,7,7,1,14.29,0,2,35,16,45.71,6,29,0,1,2,1,0,6.35,5.35,4.93,4.68,6.49,5.57,0.508,2025-10-01T11:06:22.046521+00:00,70,Coastal_Town_20251208181114_70,1,5.57
Riverside FC,3141.346,935.179,29.77,56.7,115,80,13,35,86,14,9,3,4,0,0,10,69.21,0,2,1,5,1,4,0,4,6,4,66.67,10,3,0,0,0.0,1,0,29,12,41.38,2,27,0,1,0,0,0,5.77,4.6,4.72,4.65,6.56,5.15,0.461,2025-05-15T16:19:12.046521+00:00,583,Riverside_FC_20251208181114_583,1,5.15
Northbridge FC,2642.773,459.05,17.37,48.16,119,79,18,40,78,17,16,3,3,2,2,13,66.48,0,1,1,6,2,4,0,7,11,7,63.64,5,6,5,1,20.0,1,1,22,16,72.73,0,22,0,0,4,0,0,4.87,5.33,4.73,3.89,7.54,5.1,0.456,2025-10-27T14:31:21.047523+00:00,308,Northbridge_FC_20251208181114_308,1,5.1
De La Salle University,2580.371,441.76,17.12,48.52,104,92,3,12,86,11,0,0,3,2,2,16,88.94,0,3,0,4,1,3,0,5,15,9,60.0,12,5,8,1,12.5,1,0,19,7,36.84,3,16,0,1,5,0,0,4.72,5.14,5.72,3.81,6.72,5.11,0.457,2025-11-22T03:51:52.047523+00:00,85,De_La_Salle_University_20251208181114_85,1,5.11
2 Worlds FC,1762.026,183.779,10.43,34.73,91,65,7,26,62,7,1,0,3,9,9,0,71.58,0,1,0,4,1,3,0,4,6,3,50.0,5,5,12,2,16.67,2,1,8,3,37.5,2,6,0,0,0,0,0,4.05,5.02,4.49,4.66,6.59,4.75,0.417,2025-05-23T11:23:41.047523+00:00,681,2_Worlds_FC_20251208181114_681,1,4.75
Coastal Town,2188.378,264.575,12.09,40.32,99,72,10,27,61,21,4,4,3,3,4,8,73.19,0,0,0,5,2,3,0,6,0,0,74.01,4,2,11,1,9.09,0,0,25,13,52.0,8,17,0,1,9,0,0,3.94,3.96,3.63,5.02,7.18,4.36,0.373,2025-01-29T11:01:38.047523+00:00,475,Coastal_Town_20251208181114_475,1,4.36
Riverside FC,3783.434,533.464,14.1,71.89,130,86,21,44,76,13,11,4,1,13,11,12,66.33,0,1,0,6,2,4,1,5,10,7,70.0,5,3,5,1,20.0,1,3,37,14,37.84,12,25,0,2,3,0,0,4.15,3.45,4.47,4.11,7.36,4.33,0.37,2025-07-04T20:19:59.047523+00:00,789,Riverside_FC_20251208181114_789,1,4.33
Ateneo de Manila University,1613.648,328.377,20.35,28.77,92,67,7,25,68,12,14,2,2,0,0,7,72.87,0,1,0,3,1,2,0,3,2,1,50.0,16,8,13,5,38.46,2,1,10,5,50.0,6,4,0,1,7,1,0,5.45,4.63,5.84,4.61,6.69,5.3,0.478,2025-10-06T23:57:58.047523+00:00,509,Ateneo_de_Manila_University_20251208181114_509,1,5.3
Highland Wanderers,1717.155,299.815,17.46,32.0,69,47,7,22,51,9,5,1,1,1,1,10,67.49,0,1,0,3,1,2,0,2,10,5,50.0,20,8,11,1,9.09,2,0,15,6,40.0,2,13,0,0,13,1,0,5.23,4.73,4.0,3.87,6.23,4.75,0.417,2025-11-17T16:51:46.047523+00:00,477,Highland_Wanderers_20251208181114_477,1,4.75
Lakeside Athletic,2985.726,156.452,5.24,60.07,237,158,20,79,156,13,21,14,4,19,10,28,66.56,1,5,0,2,1,1,0,2,9,6,66.67,4,3,11,2,18.18,3,0,28,14,50.0,7,21,1,1,5,0,0,4.78,5.19,5.38,4.17,7.28,5.18,0.464,2025-07-16T06:15:15.047523+00:00,193,Lakeside_Athletic_20251208181114_193,1,5.18
University of Santo Tomas,2884.991,579.883,20.1,54.35,114,83,12,31,96,22,7,2,3,0,0,8,72.6,0,2,0,3,1,2,0,3,14,6,42.86,11,3,10,2,20.0,2,0,18,7,38.89,9,9,0,1,5,0,0,5.56,4.85,4.96,4.26,7.71,5.27,0.474,2025-08-04T15:12:05.048519+00:00,729,University_of_Santo_Tomas_20251208181114_729,1,5.27
2 Worlds FC,3860.747,1060.547,27.47,75.88,176,131,19,45,137,10,12,8,6,2,1,4,74.51,0,2,0,5,1,4,0,4,20,9,45.0,3,4,3,1,33.33,3,1,27,18,66.67,11,16,0,1,5,0,0,4.61,4.17,4.97,3.18,6.86,4.58,0.398,2025-02-14T13:49:09.048519+00:00,173,2_Worlds_FC_20251208181114_173,1,4.58
National University,2336.201,305.575,13.08,45.54,114,92,5,22,63,21,7,4,3,7,9,15,80.93,0,2,1,5,2,3,0,3,4,3,75.0,7,10,9,1,11.11,1,0,0,0,48.95,1,0,0,1,9,1,0,5.27,4.56,4.78,4.1,5.69,4.85,0.428,2025-09-27T07:52:03.048519+00:00,136,National_University_20251208181114_136,1,4.85
Mapúa University,3301.715,998.439,30.24,62.96,122,86,13,36,83,11,12,1,3,5,7,15,70.8,1,3,1,7,2,5,0,7,9,6,66.67,5,4,2,0,0.0,0,0,24,11,45.83,0,24,0,2,6,1,0,4.4,4.57,4.05,4.26,5.93,4.51,0.39,2025-09-05T19:20:24.048519+00:00,182,Mapúa_University_20251208181114_182,1,4.51
Coastal Town,4316.611,792.961,18.37,83.33,142,123,4,19,99,17,9,5,2,6,3,11,86.65,0,2,0,4,1,3,0,3,19,9,47.37,4,1,3,0,0.0,0,0,23,16,69.57,10,13,0,3,2,1,0,5.32,5.51,5.43,4.03,6.83,5.37,0.486,2025-08-19T04:41:03.048519+00:00,542,Coastal_Town_20251208181114_542,1,5.37
University of the Philippines,3350.568,812.513,24.25,65.26,162,120,19,42,113,30,3,9,5,1,1,11,73.98,0,3,1,6,3,3,0,7,2,1,50.0,4,8,5,1,20.0,1,1,25,12,48.0,4,21,0,1,1,1,0,6.24,4.39,4.26,4.49,7.1,5.17,0.463,2025-08-11T16:32:29.048519+00:00,38,University_of_the_Philippines_20251208181114_38,1,5.17
University of Santo Tomas,2700.304,375.072,13.89,52.34,154,94,11,60,106,17,8,1,1,12,8,13,60.75,1,4,0,4,1,3,0,5,12,5,41.67,9,6,10,2,20.0,0,1,34,15,44.12,0,34,0,1,0,0,0,4.52,5.38,5.04,3.5,7.05,4.98,0.442,2025-04-23T02:43:04.048519+00:00,201,University_of_Santo_Tomas_20251208181114_201,1,4.98
University of Santo Tomas,2190.295,268.53,12.26,39.75,76,62,5,14,46,11,0,3,2,7,8,3,81.77,0,1,0,6,2,4,0,6,6,3,50.0,3,6,7,2,28.57,3,0,31,18,58.06,6,25,0,1,6,0,0,4.79,4.55,3.86,4.88,7.33,4.8,0.422,2025-08-25T13:06:02.048519+00:00,626,University_of_Santo_Tomas_20251208181114_626,1,4.8
National University,1983.673,230.304,11.61,36.92,127,97,11,30,75,13,7,5,2,17,8,19,76.23,0,1,0,2,1,1,0,2,6,3,50.0,7,3,11,1,9.09,2,1,19,10,52.63,5,14,1,1,5,0,0,3.67,4.83,4.19,4.41,7.41,4.58,0.398,2025-02-15T22:31:34.049596+00:00,716,National_University_20251208181114_716,1,4.58
Coastal Town,1611.78,328.158,20.36,30.49,76,58,6,18,61,4,5,2,2,1,2,6,76.13,0,1,0,2,1,1,0,2,6,3,50.0,12,2,15,0,0.0,1,0,11,6,54.55,1,10,0,0,7,0,0,4.39,4.41,4.07,3.61,7.29,4.51,0.39,2025-11-29T19:27:13.049596+00:00,295,Coastal_Town_20251208181114_295,1,4.51
Valley Rovers,2825.613,558.341,19.76,51.49,150,84,16,66,105,25,17,1,3,0,0,10,56.19,0,2,0,6,2,4,1,6,6,3,50.0,7,9,9,2,22.22,0,0,19,9,47.37,3,16,0,1,8,0,0,4.69,4.7,3.43,4.23,7.5,4.66,0.407,2025-04-16T16:42:10.049596+00:00,190,Valley_Rovers_20251208181114_190,1,4.66
Metro FC,2533.617,385.87,15.23,45.4,117,82,11,35,79,12,14,5,4,1,2,5,69.66,1,3,0,4,1,3,0,4,0,0,46.28,0,4,9,2,22.22,2,0,8,4,50.0,1,7,0,0,2,0,0,4.42,3.14,5.01,2.59,7.13,4.19,0.354,2025-08-20T10:34:49.049596+00:00,299,Metro_FC_20251208181114_299,1,4.19
City United,3146.592,556.947,17.7,57.16,159,114,7,45,101,20,12,6,4,6,12,8,71.79,0,1,1,6,3,3,0,6,15,8,53.33,8,7,2,0,0.0,0,0,4,2,50.0,1,3,1,0,5,0,0,5.71,5.07,4.92,4.32,7.88,5.4,0.489,2025-11-22T20:50:54.049596+00:00,199,City_United_20251208181114_199,1,5.4
University of the Philippines,2486.045,363.957,14.64,49.22,54,40,4,14,38,9,1,2,1,2,2,5,73.53,0,1,0,5,2,3,1,5,11,7,63.64,10,6,1,0,0.0,1,1,27,7,25.93,8,19,0,0,4,0,0,5.52,4.91,4.2,3.95,6.86,5.0,0.444,2025-05-08T15:23:35.049596+00:00,343,University_of_the_Philippines_20251208181114_343,1,5.0
De La Salle University,2887.417,385.759,13.36,51.81,75,50,8,25,59,5,7,3,1,1,1,3,66.98,0,0,1,7,3,4,1,8,9,6,66.67,8,8,7,2,28.57,2,1,23,11,47.83,8,15,1,1,9,2,0,5.56,4.82,4.74,4.41,5.17,4.99,0.443,2025-09-06T02:18:16.049596+00:00,262,De_La_Salle_University_20251208181114_262,1,4.99
Northbridge FC,1099.469,211.538,19.24,20.97,25,21,2,4,14,1,2,0,1,3,4,2,82.39,0,0,0,2,1,1,0,3,2,1,50.0,13,14,9,2,22.22,3,0,7,4,57.14,1,6,1,0,11,1,0,5.17,4.83,4.19,4.17,6.54,4.88,0.431,2025-02-04T21:19:58.050523+00:00,112,Northbridge_FC_20251208181114_112,1,4.88
Brookside United,1864.647,353.351,18.95,34.7,49,40,3,9,39,5,5,1,1,0,0,1,81.67,0,1,0,3,1,2,0,4,9,5,55.56,10,4,9,0,0.0,0,1,16,9,56.25,5,11,0,1,9,2,0,4.41,4.73,5.09,3.55,4.45,4.52,0.391,2025-04-10T12:32:38.050523+00:00,966,Brookside_United_20251208181114_966,1,4.52
Metro FC,3670.66,955.106,26.02,65.57,205,135,19,70,143,18,22,4,3,7,9,11,65.66,1,5,0,7,3,4,0,10,18,6,33.33,8,2,5,1,20.0,1,0,41,22,53.66,8,33,0,1,2,0,0,5.44,4.49,4.4,4.66,7.87,5.1,0.456,2025-11-30T21:43:59.050523+00:00,656,Metro_FC_20251208181114_656,1,5.1
Coastal Town,3126.484,406.13,12.99,59.62,106,77,13,29,78,7,6,6,2,3,4,11,73.07,0,2,1,5,2,3,0,5,12,6,50.0,6,8,6,1,16.67,1,1,43,25,58.14,12,31,0,2,5,0,0,4.72,4.92,4.78,4.96,7.4,5.09,0.454,2025-01-28T18:35:02.050523+00:00,829,Coastal_Town_20251208181114_829,1,5.09
Mapúa University,2369.191,644.657,27.21,42.89,109,79,7,30,79,4,0,3,4,8,12,8,72.39,0,3,1,7,2,5,1,7,16,8,50.0,7,1,6,1,16.67,1,1,4,1,25.0,1,3,0,2,8,1,0,4.52,4.91,4.18,4.54,5.91,4.7,0.411,2025-11-04T11:04:40.050523+00:00,83,Mapúa_University_20251208181114_83,1,4.7
Adamson University,2388.996,505.512,21.16,45.4,127,88,13,39,85,18,7,5,2,2,8,13,69.38,1,5,0,4,1,3,0,5,12,9,75.0,0,5,12,0,0.0,0,0,0,0,60.29,0,0,0,0,3,1,0,5.58,4.51,4.96,5.09,6.6,5.19,0.466,2025-05-02T08:09:38.050523+00:00,208,Adamson_University_20251208181114_208,1,5.19
Lyceum,2503.48,568.791,22.72,48.8,146,110,12,36,107,20,1,5,2,4,7,12,75.08,0,3,0,5,1,4,0,5,12,6,50.0,5,4,11,1,9.09,1,0,0,0,51.86,2,0,0,1,2,0,0,4.31,4.33,5.14,3.72,7.17,4.69,0.41,2024-12-13T20:45:24.050523+00:00,55,Lyceum_20251208181114_55,1,4.69
Highland Wanderers,1707.248,85.362,5.0,31.73,109,82,8,27,82,21,9,0,2,0,0,8,74.79,0,2,0,4,2,2,0,5,10,7,70.0,13,9,7,2,28.57,0,0,12,8,66.67,3,9,0,1,5,1,0,4.78,5.05,5.57,4.81,6.26,5.17,0.463,2025-03-10T08:24:39.050523+00:00,737,Highland_Wanderers_20251208181114_737,1,5.17
National University,1944.389,230.993,11.88,35.51,85,74,2,11,69,16,8,1,3,0,0,8,87.33,0,2,0,3,1,2,0,3,8,3,37.5,7,6,13,3,23.08,0,2,11,7,63.64,3,8,2,2,6,1,0,3.77,5.23,4.99,4.08,6.8,4.77,0.419,2025-05-28T15:20:52.051519+00:00,441,National_University_20251208181114_441,1,4.77
Brookside United,2271.486,317.554,13.98,41.8,70,53,5,17,45,3,3,1,1,4,13,6,75.92,0,1,0,4,1,3,0,4,7,4,57.14,13,6,9,2,22.22,1,0,25,12,48.0,3,22,0,1,6,1,0,4.87,4.56,4.67,3.84,6.62,4.77,0.419,2025-03-15T03:52:20.051519+00:00,66,Brookside_United_20251208181114_66,1,4.77
Lakeside Athletic,2308.19,470.409,20.38,41.94,86,60,11,26,61,19,3,1,3,0,0,8,69.66,0,1,0,3,1,2,0,3,10,5,50.0,8,1,10,2,20.0,2,1,16,9,56.25,4,12,0,0,2,0,0,5.32,5.65,3.6,4.72,7.14,5.17,0.463,2025-01-12T00:21:37.051519+00:00,608,Lakeside_Athletic_20251208181114_608,1,5.17
Valley Rovers,2812.826,745.68,26.51,50.34,130,106,10,24,92,8,8,5,2,8,8,17,81.66,0,1,1,6,2,4,0,6,11,6,54.55,3,5,8,2,25.0,0,1,12,6,50.0,3,9,0,1,3,1,0,4.5,4.23,5.31,4.1,6.82,4.76,0.418,2025-06-29T16:31:12.051519+00:00,270,Valley_Rovers_20251208181114_270,1,4.76
San Beda University,1159.884,70.753,6.1,22.9,51,35,4,16,34,10,5,2,1,0,0,0,69.56,0,0,0,2,1,1,0,3,4,3,75.0,2,6,2,1,50.0,3,1,5,1,20.0,2,3,1,0,2,1,0,4.08,5.47,5.28,4.58,5.26,4.9,0.433,2024-12-31T08:00:25.051519+00:00,983,San_Beda_University_20251208181114_983,1,4.9
Highland Wanderers,2357.436,117.872,5.0,45.44,78,68,3,10,50,8,2,3,2,10,4,4,86.54,0,1,1,6,3,3,0,6,4,2,50.0,14,7,18,6,33.33,3,0,22,6,27.27,6,16,0,1,7,1,0,6.1,5.41,4.95,3.81,7.14,5.46,0.496,2025-03-14T19:43:35.051519+00:00,648,Highland_Wanderers_20251208181114_648,1,5.46
Metro FC,470.976,29.201,6.2,8.91,12,9,1,3,9,1,0,0,0,1,0,1,70.88,0,0,0,1,0,1,0,1,0,0,60.5,20,12,3,1,33.33,2,1,3,1,33.33,1,2,0,0,9,2,0,3.84,6.1,4.48,3.75,5.62,4.77,0.419,2025-09-15T01:00:53.051519+00:00,396,Metro_FC_20251208181114_396,1,4.77
Metro FC,2153.522,173.143,8.04,42.37,117,95,8,22,76,15,11,3,2,5,5,13,81.53,0,2,1,5,2,3,0,4,7,4,57.14,16,8,6,0,0.0,1,0,17,5,29.41,5,12,0,2,4,0,0,5.54,6.06,4.97,5.24,7.43,5.72,0.524,2025-05-12T11:57:16.052519+00:00,532,Metro_FC_20251208181114_532,1,5.72
University of the Philippines,2243.184,260.658,11.62,42.77,151,117,4,34,110,15,8,6,2,2,7,24,77.37,0,2,0,5,2,3,1,6,8,4,50.0,8,4,10,3,30.0,1,0,27,12,44.44,7,20,0,2,3,1,1,4.24,4.63,4.47,4.45,4.71,4.47,0.386,2024-12-31T20:29:29.052519+00:00,751,University_of_the_Philippines_20251208181114_751,1,4.47
Lakeside Athletic,1603.513,266.344,16.61,31.81,41,26,7,15,27,7,0,1,1,3,3,4,63.18,0,1,1,4,2,2,0,5,5,4,80.0,1,2,15,2,13.33,0,1,15,7,46.67,1,14,0,2,9,2,0,6.24,4.45,4.33,2.09,5.63,4.71,0.412,2025-07-19T07:11:17.052519+00:00,778,Lakeside_Athletic_20251208181114_778,1,4.71
National University,2017.792,523.415,25.94,38.66,105,81,7,24,67,9,7,6,0,9,7,4,76.8,0,2,0,5,3,2,1,5,6,4,66.67,12,8,5,2,40.0,2,0,18,9,50.0,4,14,0,1,5,0,0,5.43,5.41,4.99,4.97,6.53,5.38,0.487,2025-04-17T03:15:20.052519+00:00,945,National_University_20251208181114_945,1,5.38
Lakeside Athletic,2440.137,391.398,16.04,45.52,101,78,5,23,76,15,7,4,3,0,0,2,77.7,0,0,0,2,1,1,0,2,4,2,50.0,5,8,6,1,16.67,2,0,14,7,50.0,2,12,1,0,6,0,0,4.49,5.81,5.12,4.09,7.43,5.22,0.469,2025-07-15T04:30:47.052519+00:00,771,Lakeside_Athletic_20251208181114_771,1,5.22
Far Eastern University,2596.3,230.292,8.87,47.1,70,53,8,17,59,7,0,4,2,0,0,1,76.29,0,1,0,4,1,3,0,4,9,5,55.56,11,4,9,1,11.11,2,0,41,22,53.66,18,23,0,4,6,1,0,4.26,5.45,4.79,4.08,6.4,4.89,0.432,2025-02-04T19:38:05.052519+00:00,18,Far_Eastern_University_20251208181114_18,1,4.89
Ateneo de Manila University,2150.398,107.52,5.0,40.98,96,84,5,12,68,13,5,5,3,1,1,7,87.95,0,1,0,3,1,2,0,3,1,0,0.0,4,8,13,2,15.38,0,0,19,6,31.58,6,13,1,1,4,0,0,4.13,4.87,4.98,3.74,7.02,4.74,0.416,2025-02-27T16:01:29.052519+00:00,454,Ateneo_de_Manila_University_20251208181114_454,1,4.74
University of the Philippines,2777.312,594.9,21.42,50.72,147,106,14,41,87,14,10,3,3,17,12,9,72.17,0,3,0,5,1,4,1,6,7,4,57.14,8,8,9,2,22.22,1,1,7,5,71.43,2,5,0,3,4,0,0,4.87,5.3,5.08,4.69,7.25,5.25,0.472,2025-06-12T22:49:45.052519+00:00,817,University_of_the_Philippines_20251208181114_817,1,5.25
Valley Rovers,2042.912,486.622,23.82,38.94,94,77,7,17,66,12,7,5,2,1,1,2,81.48,0,1,1,5,1,4,1,7,0,0,43.62,4,14,12,2,16.67,2,1,4,2,50.0,1,3,0,0,4,1,0,5.52,4.35,4.45,2.68,6.14,4.64,0.404,2025-11-03T21:41:31.053519+00:00,693,Valley_Rovers_20251208181114_693,1,4.64
Mapúa University,3290.021,595.494,18.1,58.6,216,129,18,87,171,29,1,6,3,3,2,26,59.5,1,5,0,6,2,4,0,5,13,6,46.15,3,3,3,1,33.33,2,1,28,11,39.29,7,21,0,2,3,1,0,5.86,4.22,4.6,3.61,7.52,5.0,0.444,2025-04-24T17:39:13.053519+00:00,588,Mapúa_University_20251208181114_588,1,5.0
De La Salle University,1305.94,218.223,16.71,23.74,101,80,8,21,56,14,8,5,2,10,6,4,79.67,0,2,0,2,0,2,0,2,1,0,0.0,7,11,14,2,14.29,1,0,17,8,47.06,7,10,0,1,10,3,0,4.35,4.68,4.46,4.09,4.72,4.46,0.384,2025-11-01T22:17:08.053519+00:00,729,De_La_Salle_University_20251208181114_729,1,4.46
Metro FC,2379.343,634.095,26.65,46.91,181,155,7,26,138,16,11,3,8,2,3,3,85.58,1,3,0,5,1,4,0,4,9,6,66.67,5,5,2,1,50.0,0,0,17,9,52.94,3,14,1,2,3,0,0,4.7,6.28,4.54,4.0,6.64,5.21,0.468,2025-07-25T16:37:01.053519+00:00,916,Metro_FC_20251208181114_916,1,5.21
Northbridge FC,2601.796,759.724,29.2,50.85,176,120,9,56,132,27,14,2,4,0,0,22,68.16,0,2,1,5,1,4,0,4,1,1,100.0,4,5,8,1,12.5,0,0,10,6,60.0,2,8,0,0,6,0,0,5.07,4.99,5.1,3.79,7.36,5.1,0.456,2025-06-08T21:04:13.053519+00:00,364,Northbridge_FC_20251208181114_364,1,5.1
National University,2146.471,298.359,13.9,40.33,148,112,15,36,121,15,8,7,3,0,0,18,75.91,1,3,1,6,1,5,0,7,8,4,50.0,21,11,14,4,28.57,2,0,0,0,41.15,0,0,0,0,4,0,0,5.27,5.57,4.92,4.47,7.51,5.4,0.489,2025-03-22T14:45:02.053519+00:00,846,National_University_20251208181114_846,1,5.4
Metro FC,2296.043,304.915,13.28,41.95,44,36,2,8,37,5,1,1,1,0,0,5,81.55,0,1,0,2,1,1,0,2,2,1,50.0,10,5,3,0,0.0,0,0,18,9,50.0,1,17,1,0,8,0,0,4.49,5.06,4.87,3.85,7.43,4.93,0.437,2025-05-20T19:22:26.053519+00:00,341,Metro_FC_20251208181114_341,1,4.93
Metro FC,2516.423,636.655,25.3,46.62,57,40,6,17,38,4,3,1,1,6,4,1,69.62,0,1,0,3,1,2,0,3,6,3,50.0,10,1,10,2,20.0,3,0,20,8,40.0,5,15,0,0,2,0,0,3.91,4.94,4.67,5.75,7.09,4.93,0.437,2025-02-15T08:43:28.053519+00:00,970,Metro_FC_20251208181114_970,1,4.93
2 Worlds FC,2295.784,398.778,17.37,42.86,126,121,1,5,90,7,5,2,6,7,9,12,96.33,0,2,0,6,1,5,0,5,10,5,50.0,9,9,0,0,0.0,3,0,15,7,46.67,0,15,1,1,0,0,0,5.37,5.41,4.86,4.03,6.9,5.24,0.471,2025-05-15T04:18:22.053519+00:00,382,2_Worlds_FC_20251208181114_382,1,5.24
Far Eastern University,1656.945,150.285,9.07,31.95,77,62,5,15,49,6,2,4,3,6,7,1,80.21,0,2,0,4,1,3,0,3,5,3,60.0,9,8,12,2,16.67,0,3,19,12,63.16,1,18,0,3,0,0,1,5.12,5.6,4.38,4.7,5.66,5.1,0.456,2025-03-29T21:50:28.054589+00:00,875,Far_Eastern_University_20251208181114_875,1,5.1
Far Eastern University,2556.502,572.401,22.39,46.19,163,120,16,43,110,20,9,6,2,10,7,13,73.65,0,3,0,4,1,3,0,5,17,8,47.06,7,3,11,1,9.09,2,0,32,15,46.88,6,26,1,0,5,1,0,5.31,5.05,3.89,3.58,6.91,4.87,0.43,2025-07-24T16:28:15.054589+00:00,201,Far_Eastern_University_20251208181114_201,1,4.87
Ateneo de Manila University,3131.109,506.3,16.17,58.08,154,102,15,52,106,6,10,4,4,12,12,29,65.92,1,4,0,3,0,3,0,3,0,0,40.19,7,3,2,0,0.0,0,1,30,11,36.67,5,25,0,2,3,1,0,4.59,4.92,5.51,5.13,6.22,5.11,0.457,2025-07-31T06:12:38.054589+00:00,693,Ateneo_de_Manila_University_20251208181114_693,1,5.11
Adamson University,779.84,255.164,32.72,13.92,36,28,2,8,26,3,3,1,1,1,1,6,77.51,0,0,0,2,1,1,0,2,4,2,50.0,17,9,12,4,33.33,2,1,7,4,57.14,0,7,0,0,5,0,0,4.82,4.47,4.89,3.02,7.15,4.72,0.413,2025-01-12T20:29:48.054589+00:00,34,Adamson_University_20251208181114_34,1,4.72
University of the Philippines,1904.628,497.679,26.13,35.83,79,66,3,13,62,6,7,0,0,1,2,5,82.92,0,1,1,5,2,3,0,3,10,5,50.0,6,7,17,6,35.29,0,0,13,6,46.15,4,9,0,0,5,0,0,5.29,4.62,4.87,4.84,7.58,5.18,0.464,2025-03-01T23:59:03.054589+00:00,151,University_of_the_Philippines_20251208181114_151,1,5.18
San Beda University,3056.006,489.878,16.03,55.17,153,115,13,38,123,8,8,2,3,5,4,15,74.97,0,3,1,6,2,4,0,6,19,11,57.89,1,2,10,1,10.0,1,0,17,9,52.94,6,11,0,1,3,0,0,5.11,5.71,5.26,3.85,7.22,5.34,0.482,2025-07-20T02:51:15.054589+00:00,402,San_Beda_University_20251208181114_402,1,5.34
Highland Wanderers,1184.487,179.568,15.16,23.42,71,53,2,18,49,8,3,4,1,3,2,6,74.16,0,2,0,2,1,1,0,2,2,1,50.0,10,0,16,2,12.5,3,2,6,3,50.0,3,3,0,0,0,3,1,3.77,4.95,4.14,3.24,3.24,4.05,0.339,2025-02-09T08:23:54.054589+00:00,657,Highland_Wanderers_20251208181114_657,1,4.05
Brookside United,3471.361,712.323,20.52,66.68,130,101,9,29,86,17,4,3,2,5,12,6,77.89,0,2,1,8,1,7,0,7,21,12,57.14,2,4,3,1,33.33,0,0,28,11,39.29,8,20,1,1,5,0,0,4.71,3.57,3.47,4.49,6.69,4.31,0.368,2025-09-04T04:20:49.055526+00:00,481,Brookside_United_20251208181114_481,1,4.31
San Beda University,2550.409,440.711,17.28,45.53,141,115,8,26,91,15,10,6,4,6,9,15,81.5,0,1,0,4,1,3,0,5,7,3,42.86,1,3,6,1,16.67,0,0,21,12,57.14,7,14,0,0,4,1,0,3.48,5.39,4.93,4.08,6.61,4.7,0.411,2025-02-28T05:34:03.055526+00:00,310,San_Beda_University_20251208181114_310,1,4.7
Lyceum,1113.593,213.364,19.16,21.52,47,35,5,12,34,5,4,1,1,1,2,7,75.29,0,1,0,2,0,2,0,2,7,5,71.43,8,8,15,4,26.67,1,0,8,5,62.5,3,5,2,0,11,2,0,4.06,4.56,4.72,4.43,6.43,4.62,0.402,2025-05-31T17:57:36.055526+00:00,382,Lyceum_20251208181114_382,1,4.62
Coastal Town,1761.174,222.612,12.64,35.18,84,71,6,13,45,14,7,4,1,7,5,1,83.97,0,2,1,5,2,3,0,4,1,1,100.0,11,7,10,3,30.0,1,1,18,9,50.0,3,15,0,2,9,1,0,4.41,6.02,4.59,4.62,6.8,5.17,0.463,2025-04-13T03:08:35.055526+00:00,68,Coastal_Town_20251208181114_68,1,5.17
Northbridge FC,1197.781,141.218,11.79,22.88,64,47,2,17,52,7,1,3,2,0,0,4,73.64,0,1,0,2,1,1,0,2,6,4,66.67,4,6,12,3,25.0,1,2,8,4,50.0,1,7,0,0,8,3,0,3.68,4.75,4.4,4.83,5.21,4.44,0.382,2025-08-30T20:46:07.055526+00:00,569,Northbridge_FC_20251208181114_569,1,4.44
Highland Wanderers,2893.86,947.16,32.73,51.59,148,96,9,52,98,3,5,4,4,21,12,7,64.71,0,2,1,7,3,4,0,8,12,5,41.67,9,4,8,1,12.5,1,3,10,4,40.0,2,8,1,3,7,0,0,4.48,4.24,3.8,4.23,7.3,4.52,0.391,2025-10-18T01:20:28.055526+00:00,225,Highland_Wanderers_20251208181114_225,1,4.52
Valley Rovers,1815.509,438.264,24.14,33.54,121,96,10,25,82,9,3,5,3,11,7,4,79.42,0,2,0,3,1,2,0,5,5,2,40.0,15,3,12,2,16.67,1,1,5,2,40.0,1,4,0,2,12,0,0,4.09,4.67,5.62,3.32,6.42,4.68,0.409,2025-06-18T17:01:21.055526+00:00,964,Valley_Rovers_20251208181114_964,1,4.68
Lakeside Athletic,2938.882,576.903,19.63,58.82,109,70,6,39,78,17,10,5,2,0,0,2,64.43,0,1,1,9,4,5,1,12,14,8,57.14,4,6,5,1,20.0,2,2,37,20,54.05,14,23,1,3,6,0,0,5.39,4.07,3.88,3.94,7.03,4.68,0.409,2025-03-04T05:06:37.055526+00:00,290,Lakeside_Athletic_20251208181114_290,1,4.68
City United,2598.562,129.928,5.0,48.01,116,87,15,29,80,15,4,5,2,5,6,15,75.1,0,1,1,5,1,4,0,5,21,7,33.33,2,5,12,4,33.33,1,0,12,5,41.67,0,12,0,1,3,1,0,5.41,5.26,4.41,4.12,6.37,5.08,0.453,2025-03-31T10:27:00.056620+00:00,779,City_United_20251208181114_779,1,5.08
Metro FC,2551.254,550.816,21.59,49.7,120,91,7,29,90,15,8,5,5,0,0,7,75.47,0,2,0,5,2,3,1,6,12,7,58.33,7,5,3,1,33.33,0,2,22,10,45.45,4,18,0,3,9,1,0,5.78,4.69,5.3,4.09,5.07,5.07,0.452,2025-02-26T22:24:58.056620+00:00,321,Metro_FC_20251208181114_321,1,5.07
Lakeside Athletic,3283.235,234.423,7.14,65.34,99,65,12,34,66,13,13,4,2,1,1,13,65.57,0,1,1,7,3,4,1,7,11,6,54.55,4,4,4,1,25.0,1,0,36,20,55.56,8,28,0,0,5,1,0,5.49,5.7,3.86,3.68,6.2,5.04,0.449,2025-04-30T14:18:46.056620+00:00,332,Lakeside_Athletic_20251208181114_332,1,5.04
University of the Philippines,1646.148,195.233,11.86,31.35,54,37,7,17,36,9,2,0,1,3,3,7,67.78,0,1,0,3,0,3,0,3,0,0,70.51,8,6,15,2,13.33,2,0,23,14,60.87,3,20,1,1,6,0,1,4.4,4.75,4.58,4.56,6.2,4.74,0.416,2025-09-30T12:31:34.056620+00:00,516,University_of_the_Philippines_20251208181114_516,1,4.74
Ateneo de Manila University,1540.305,219.956,14.28,30.65,95,61,8,34,58,18,3,3,2,9,3,6,64.25,0,1,0,3,1,2,0,4,5,3,60.0,7,8,8,1,12.5,1,0,15,9,60.0,5,10,2,1,3,0,0,5.14,5.0,4.36,4.31,7.19,5.03,0.448,2025-02-07T09:47:02.056620+00:00,259,Ateneo_de_Manila_University_20251208181114_259,1,5.03
Lakeside Athletic,1836.625,363.101,19.77,34.35,67,38,11,29,48,4,0,0,2,7,6,8,56.12,0,1,0,3,1,2,0,4,7,4,57.14,9,16,6,1,16.67,0,0,16,11,68.75,1,15,0,1,10,1,0,5.14,5.82,3.74,3.99,7.19,5.09,0.454,2025-11-18T04:14:12.056620+00:00,468,Lakeside_Athletic_20251208181114_468,1,5.09
National University,2080.968,482.993,23.21,39.84,118,95,7,23,75,20,9,4,0,4,5,11,80.81,0,2,0,4,1,3,0,4,12,7,58.33,12,8,5,0,0.0,2,2,15,11,73.33,2,13,0,1,0,0,0,4.43,5.7,5.39,2.84,7.13,5.03,0.448,2025-11-17T22:45:08.056620+00:00,718,National_University_20251208181114_718,1,5.03
Coastal Town,4411.644,729.245,16.53,82.18,133,92,14,41,97,19,5,7,4,0,0,9,69.01,0,3,1,9,6,3,0,15,18,12,66.67,5,2,3,1,33.33,1,3,22,15,68.18,9,13,2,1,1,1,0,5.31,4.92,5.11,2.79,6.11,4.89,0.432,2025-06-22T01:40:29.057524+00:00,972,Coastal_Town_20251208181114_972,1,4.89
Metro FC,2371.582,333.919,14.08,43.68,37,29,3,8,20,6,2,2,2,2,5,4,79.56,0,0,1,5,1,4,0,4,7,4,57.14,11,11,9,2,22.22,1,0,28,13,46.43,8,20,0,1,7,1,0,4.43,5.81,4.32,5.2,6.99,5.16,0.462,2025-12-02T01:41:13.057524+00:00,601,Metro_FC_20251208181114_601,1,5.16
Mapúa University,2652.207,798.314,30.1,49.58,138,118,8,20,109,24,14,5,3,0,0,14,85.69,1,3,0,6,2,4,0,7,3,2,66.67,5,5,13,1,7.69,2,1,8,3,37.5,2,6,1,3,9,2,0,5.67,4.63,4.74,4.46,5.83,5.04,0.449,2025-09-09T02:25:27.057524+00:00,140,Mapúa_University_20251208181114_140,1,5.04
Valley Rovers,1538.346,259.519,16.87,29.21,102,73,6,29,66,14,7,6,2,4,3,6,71.41,0,1,0,4,2,2,0,4,7,3,42.86,12,10,10,3,30.0,2,0,9,5,55.56,1,8,0,3,8,0,0,5.31,5.5,5.73,3.17,7.26,5.34,0.482,2025-10-04T15:47:41.057524+00:00,817,Valley_Rovers_20251208181114_817,1,5.34
Lyceum,2189.826,598.698,27.34,39.24,103,74,17,29,66,23,6,2,4,1,2,3,72.21,0,3,0,4,2,2,0,4,7,3,42.86,7,2,11,4,36.36,2,0,27,16,59.26,6,21,1,0,7,2,0,4.15,3.93,3.99,4.57,5.78,4.28,0.364,2025-01-31T11:50:28.057524+00:00,191,Lyceum_20251208181114_191,1,4.28
San Beda University,3320.942,245.086,7.38,63.82,190,135,18,55,118,24,7,6,6,4,25,14,70.99,1,7,1,7,3,4,0,6,15,10,66.67,9,3,6,1,16.67,1,2,59,24,40.68,18,41,3,1,1,0,0,5.72,4.15,4.47,3.41,7.45,4.88,0.431,2025-07-26T22:44:25.057524+00:00,295,San_Beda_University_20251208181114_295,1,4.88
Mapúa University,2119.792,438.585,20.69,40.34,101,73,12,28,89,11,15,3,2,0,0,8,72.74,0,3,0,4,1,3,0,4,11,3,27.27,7,5,9,1,11.11,2,2,0,0,38.93,1,0,1,1,8,0,0,4.98,5.1,4.38,3.74,7.58,4.98,0.442,2025-04-01T08:08:48.057524+00:00,799,Mapúa_University_20251208181114_799,1,4.98
University of the Philippines,2703.958,322.582,11.93,52.8,150,103,18,47,85,19,3,4,3,15,21,8,68.67,1,5,0,5,1,4,0,4,10,5,50.0,1,7,8,1,12.5,0,0,13,8,61.54,3,10,0,0,3,0,0,5.35,4.68,4.96,3.94,6.67,5.02,0.447,2025-08-21T20:40:20.057524+00:00,848,University_of_the_Philippines_20251208181114_848,1,5.02
2 Worlds FC,1801.078,289.613,16.08,35.4,80,57,7,23,59,11,4,3,3,0,0,6,71.43,0,1,1,5,1,4,0,3,3,2,66.67,6,4,4,1,25.0,1,0,13,8,61.54,4,9,0,0,4,0,0,5.88,5.45,4.33,3.86,6.7,5.25,0.472,2025-06-11T09:33:00.058523+00:00,462,2_Worlds_FC_20251208181114_462,1,5.25
Adamson University,2727.684,136.384,5.0,50.73,93,67,5,26,61,7,3,2,2,10,7,8,72.57,0,1,1,6,2,4,0,6,10,6,60.0,4,4,12,3,25.0,0,1,37,27,72.97,6,31,0,0,4,0,0,5.23,4.98,4.21,4.96,7.05,5.1,0.456,2025-08-27T04:08:46.058523+00:00,964,Adamson_University_20251208181114_964,1,5.1
City United,2577.461,419.868,16.29,46.66,143,100,18,43,91,24,7,4,3,2,12,4,70.15,0,2,0,6,2,4,0,6,11,8,72.73,2,3,8,2,25.0,1,0,22,9,40.91,14,8,1,0,8,0,0,4.4,3.82,4.58,4.94,6.83,4.59,0.399,2025-07-09T06:09:27.058523+00:00,437,City_United_20251208181114_437,1,4.59
Mapúa University,3092.425,873.919,28.26,55.7,111,82,7,29,83,22,10,2,1,0,0,6,74.1,0,2,1,5,2,3,0,7,7,3,42.86,5,3,3,1,33.33,1,1,13,5,38.46,7,6,0,0,2,0,0,4.58,5.16,4.69,4.02,7.23,4.95,0.439,2025-02-19T01:57:56.058523+00:00,896,Mapúa_University_20251208181114_896,1,4.95
Far Eastern University,2401.591,354.715,14.77,45.5,130,98,11,32,100,12,10,6,3,0,0,4,75.59,0,2,1,5,2,3,1,4,11,8,72.73,1,4,12,4,33.33,1,2,28,8,28.57,9,19,1,0,4,0,0,4.37,5.64,4.16,3.97,6.54,4.84,0.427,2025-02-17T19:59:48.058523+00:00,63,Far_Eastern_University_20251208181114_63,1,4.84
Adamson University,2945.387,458.597,15.57,58.76,106,83,12,23,85,10,8,7,3,0,0,8,78.13,0,2,1,7,2,5,1,8,14,8,57.14,8,7,8,1,12.5,0,1,15,5,33.33,4,11,0,3,6,2,0,4.5,4.8,4.73,4.42,5.3,4.7,0.411,2025-02-13T16:21:45.058523+00:00,968,Adamson_University_20251208181114_968,1,4.7
Far Eastern University,2701.402,408.992,15.14,50.05,69,60,4,9,52,9,6,2,2,0,0,6,86.33,0,0,1,7,2,5,0,7,9,3,33.33,7,1,8,2,25.0,2,1,25,15,60.0,8,17,1,2,6,0,0,5.22,5.6,5.38,4.57,7.0,5.45,0.494,2025-04-19T04:53:27.058523+00:00,908,Far_Eastern_University_20251208181114_908,1,5.45
San Beda University,1934.023,445.019,23.01,35.02,82,64,5,18,51,7,10,3,2,4,5,7,78.03,0,2,0,4,1,3,0,4,13,7,53.85,8,3,8,3,37.5,0,0,15,7,46.67,3,12,0,2,11,0,0,5.8,4.08,5.01,4.47,7.04,5.1,0.456,2025-03-04T01:20:45.058523+00:00,449,San_Beda_University_20251208181114_449,1,5.1
University of the Philippines,3543.53,461.368,13.02,65.43,162,131,3,31,129,26,2,2,4,0,0,8,80.75,0,2,1,9,3,6,0,10,17,12,70.59,6,1,4,1,25.0,1,0,41,20,48.78,0,41,0,2,1,1,0,5.6,5.26,5.3,4.3,5.38,5.24,0.471,2025-11-17T09:36:20.059520+00:00,852,University_of_the_Philippines_20251208181114_852,1,5.24
City United,2182.15,481.601,22.07,40.97,82,65,2,17,61,11,5,4,0,0,0,7,78.82,0,1,0,3,1,2,0,4,4,2,50.0,7,7,9,3,33.33,0,0,11,5,45.45,6,5,0,1,7,2,0,5.33,6.06,4.65,2.94,6.28,5.16,0.462,2025-08-31T18:07:57.059520+00:00,705,City_United_20251208181114_705,1,5.16
Highland Wanderers,3139.123,1130.712,36.02,60.85,90,68,9,22,70,11,2,3,1,1,2,7,75.42,0,3,0,5,1,4,0,4,13,9,69.23,2,4,8,1,12.5,1,1,18,8,44.44,7,11,1,3,0,0,0,4.47,3.88,4.9,4.7,7.1,4.69,0.41,2025-02-02T13:18:54.059520+00:00,837,Highland_Wanderers_20251208181114_837,1,4.69
San Beda University,2746.712,476.829,17.36,52.75,101,71,14,30,69,9,12,4,2,4,2,9,69.84,0,1,1,5,2,3,0,4,15,8,53.33,13,6,10,3,30.0,2,1,16,6,37.5,5,11,2,1,8,1,0,4.98,4.93,4.8,4.22,6.29,4.95,0.439,2025-01-14T15:08:23.059520+00:00,670,San_Beda_University_20251208181114_670,1,4.95
University of Santo Tomas,3444.265,1101.132,31.97,67.8,223,174,7,49,122,25,18,9,6,24,19,9,78.1,1,6,1,8,2,6,1,7,20,11,55.0,7,1,7,2,28.57,0,1,20,8,40.0,5,15,1,3,4,0,0,6.01,4.67,5.01,4.99,6.67,5.36,0.484,2025-08-19T07:24:12.059520+00:00,871,University_of_Santo_Tomas_20251208181114_871,1,5.36
University of Santo Tomas,1892.283,309.577,16.36,35.28,68,51,5,17,49,9,6,3,2,0,0,3,74.97,0,1,1,4,1,3,0,3,9,3,33.33,12,3,12,3,25.0,1,0,20,13,65.0,7,13,1,3,8,1,0,5.04,4.98,4.57,5.62,6.43,5.15,0.461,2025-09-16T22:33:15.059520+00:00,115,University_of_Santo_Tomas_20251208181114_115,1,5.15
2 Worlds FC,1976.461,331.453,16.77,39.29,89,73,8,16,64,8,10,1,2,2,3,4,82.44,0,1,0,3,1,2,0,4,6,3,50.0,4,7,9,2,22.22,3,1,30,12,40.0,5,25,1,0,7,2,0,4.99,5.6,5.05,4.72,4.9,5.13,0.459,2025-05-16T11:44:30.059520+00:00,199,2_Worlds_FC_20251208181114_199,1,5.13
Metro FC,2078.812,260.683,12.54,41.28,99,79,9,20,69,14,7,2,2,3,2,4,80.03,0,3,0,4,2,2,0,4,4,2,50.0,18,6,2,0,0.0,2,0,27,15,55.56,6,21,0,2,10,2,0,4.51,4.77,4.96,4.38,5.69,4.77,0.419,2025-02-01T02:00:01.059520+00:00,466,Metro_FC_20251208181114_466,1,4.77
Riverside FC,1609.684,322.42,20.03,31.94,84,46,13,38,64,6,3,2,1,3,4,2,54.89,0,1,0,3,1,2,0,3,7,3,42.86,14,9,12,4,33.33,0,0,17,6,35.29,2,15,0,1,4,0,0,4.49,5.05,3.83,4.79,7.24,4.83,0.426,2025-02-09T07:06:01.060519+00:00,120,Riverside_FC_20251208181114_120,1,4.83
De La Salle University,1766.161,213.352,12.08,33.63,54,36,5,18,36,5,2,1,1,3,6,7,67.56,0,1,0,4,1,3,0,4,7,2,28.57,12,5,13,1,7.69,0,1,14,5,35.71,4,10,1,1,5,0,0,3.69,5.24,4.11,5.02,6.19,4.64,0.404,2025-09-16T03:40:46.060519+00:00,783,De_La_Salle_University_20251208181114_783,1,4.64
Far Eastern University,1773.609,351.352,19.81,34.4,72,53,5,19,52,7,3,2,0,3,5,12,74.05,0,1,0,3,1,2,0,3,3,1,33.33,13,2,12,3,25.0,2,2,26,15,57.69,0,26,1,1,5,0,0,3.75,5.45,4.93,3.65,7.15,4.79,0.421,2025-06-08T04:04:57.060519+00:00,985,Far_Eastern_University_20251208181114_985,1,4.79
Lyceum,2447.865,452.61,18.49,45.93,78,58,6,20,57,15,0,1,2,1,2,6,73.75,0,2,0,3,1,2,0,3,4,2,50.0,7,6,17,2,11.76,3,1,28,15,53.57,3,25,0,0,3,0,0,3.98,5.04,4.85,4.35,7.0,4.8,0.422,2025-06-14T19:55:53.060519+00:00,100,Lyceum_20251208181114_100,1,4.8
Brookside United,2968.879,453.348,15.27,53.28,121,104,5,17,87,13,10,4,4,1,2,7,85.94,0,3,1,5,2,3,1,5,7,4,57.14,9,1,3,1,33.33,1,2,30,14,46.67,10,20,0,0,5,0,0,5.52,5.84,5.24,4.76,7.83,5.68,0.52,2025-08-08T18:52:56.060519+00:00,447,Brookside_United_20251208181114_447,1,5.68
Far Eastern University,2100.927,223.329,10.63,37.54,91,71,9,20,73,10,2,1,1,2,2,10,78.37,0,2,0,5,2,3,0,6,7,3,42.86,6,12,12,1,8.33,1,1,16,10,62.5,4,12,1,1,8,1,0,4.39,3.9,4.63,3.85,7.13,4.5,0.389,2025-04-16T13:51:06.060519+00:00,649,Far_Eastern_University_20251208181114_649,1,4.5
City United,2142.162,643.72,30.05,40.13,112,87,12,25,83,12,5,5,1,3,4,11,77.47,0,3,0,3,1,2,0,4,11,7,63.64,6,6,9,2,22.22,1,0,16,9,56.25,2,14,0,1,7,2,0,4.28,5.92,5.47,3.68,4.88,4.95,0.439,2025-03-21T16:22:01.060519+00:00,595,City_United_20251208181114_595,1,4.95
University of the Philippines,2707.443,643.018,23.75,50.76,120,93,5,27,85,18,4,3,1,3,5,12,77.39,0,3,1,5,2,3,0,4,5,1,20.0,11,3,11,1,9.09,0,1,8,4,50.0,1,7,0,0,5,1,0,4.81,4.03,4.67,3.46,6.66,4.56,0.396,2025-07-14T11:59:26.060519+00:00,525,University_of_the_Philippines_20251208181114_525,1,4.56
Lyceum,2321.96,795.736,34.27,42.44,115,75,16,40,90,10,6,1,1,3,3,15,64.88,0,2,0,3,0,3,0,3,10,6,60.0,3,7,7,1,14.29,3,1,4,2,50.0,2,2,0,0,5,0,0,3.96,4.58,5.09,5.46,7.85,4.96,0.44,2025-07-25T10:40:59.061519+00:00,400,Lyceum_20251208181114_400,1,4.96
Riverside FC,1991.021,601.487,30.21,36.46,149,93,16,56,104,20,12,7,3,1,2,17,62.22,0,1,0,5,2,3,1,7,7,5,71.43,2,1,2,1,50.0,1,0,22,13,59.09,8,14,0,0,5,0,0,5.09,5.21,4.09,3.52,6.65,4.86,0.429,2025-03-08T17:26:06.061519+00:00,509,Riverside_FC_20251208181114_509,1,4.86
Lakeside Athletic,2584.604,155.593,6.02,47.85,154,111,21,43,125,20,12,6,3,0,0,20,71.78,0,0,0,6,2,4,1,6,14,9,64.29,10,1,10,1,10.0,2,2,13,6,46.15,2,11,1,1,4,0,0,4.32,5.33,5.2,3.96,7.02,5.0,0.444,2025-02-05T03:35:22.061519+00:00,985,Lakeside_Athletic_20251208181114_985,1,5.0
Northbridge FC,1656.061,306.206,18.49,32.45,89,72,5,17,54,1,3,5,2,8,15,9,81.36,0,2,0,4,1,3,0,5,9,5,55.56,8,6,15,3,20.0,1,1,12,8,66.67,0,12,1,0,6,0,1,4.12,4.76,5.16,3.61,5.15,4.54,0.393,2025-07-31T08:51:04.061519+00:00,252,Northbridge_FC_20251208181114_252,1,4.54
De La Salle University,2193.892,242.864,11.07,43.96,198,140,17,58,106,28,9,4,0,20,30,23,70.5,1,8,1,4,1,3,0,6,9,5,55.56,4,8,12,2,16.67,2,0,8,3,37.5,2,6,0,0,10,0,0,6.08,4.96,5.13,5.08,7.89,5.62,0.513,2025-01-22T18:03:23.061519+00:00,837,De_La_Salle_University_20251208181114_837,1,5.62
Northbridge FC,1738.949,86.947,5.0,34.23,82,63,5,19,55,10,0,2,1,7,7,5,77.06,0,1,0,3,1,2,0,4,4,2,50.0,7,8,10,1,10.0,2,2,15,6,40.0,7,8,0,1,0,0,0,4.51,4.52,4.4,3.11,7.15,4.56,0.396,2025-08-21T03:27:09.061519+00:00,178,Northbridge_FC_20251208181114_178,1,4.56
Lyceum,2343.7,426.085,18.18,45.68,107,80,6,27,91,14,9,3,1,0,0,8,74.74,0,2,1,6,3,3,0,9,10,5,50.0,9,6,5,1,20.0,2,1,19,9,47.37,2,17,0,0,8,1,0,5.88,4.87,4.73,3.98,5.94,5.11,0.457,2025-07-03T14:35:26.061519+00:00,780,Lyceum_20251208181114_780,1,5.11
Far Eastern University,1782.505,186.45,10.46,32.68,59,44,5,15,38,3,4,4,1,4,6,4,75.24,0,1,0,4,2,2,0,6,4,2,50.0,10,8,8,2,25.0,2,1,15,9,60.0,5,10,1,1,5,1,0,4.69,4.47,3.79,4.21,7.24,4.64,0.404,2025-05-10T13:15:09.061519+00:00,148,Far_Eastern_University_20251208181114_148,1,4.64
De La Salle University,2065.348,485.77,23.52,38.82,112,82,10,30,72,14,10,4,4,5,3,8,73.57,0,1,0,4,1,3,0,4,9,7,77.78,2,4,7,1,14.29,1,1,24,12,50.0,12,12,0,0,5,0,0,3.84,5.1,4.46,4.12,7.42,4.71,0.412,2025-07-05T09:16:18.062519+00:00,585,De_La_Salle_University_20251208181114_585,1,4.71
Riverside FC,1944.425,409.885,21.08,34.69,87,70,9,17,72,12,5,2,2,0,0,8,80.47,0,2,0,6,2,4,0,6,11,4,36.36,12,8,6,2,33.33,1,1,12,7,58.33,4,8,1,0,3,0,0,5.62,4.71,4.6,3.52,7.71,5.08,0.453,2025-02-11T22:31:29.062519+00:00,56,Riverside_FC_20251208181114_56,1,5.08
City United,2141.179,438.942,20.5,42.51,77,57,6,20,60,8,5,2,0,1,1,11,73.55,0,0,0,3,1,2,0,4,5,3,60.0,7,7,13,3,23.08,1,0,16,9,56.25,2,14,1,2,3,0,0,4.2,4.88,4.48,4.36,6.62,4.71,0.412,2025-03-13T10:50:50.062519+00:00,115,City_United_20251208181114_115,1,4.71
Metro FC,2138.129,184.948,8.65,38.24,75,61,6,14,38,9,6,1,2,11,8,5,80.77,0,1,0,3,1,2,0,3,7,4,57.14,2,6,0,0,0.0,2,0,18,9,50.0,3,15,0,1,1,1,0,4.39,4.82,4.7,2.96,6.31,4.56,0.396,2025-02-21T14:54:40.062519+00:00,623,Metro_FC_20251208181114_623,1,4.56
University of the Philippines,3306.716,876.941,26.52,66.36,188,130,12,58,115,31,4,2,5,17,14,26,69.34,0,2,0,4,1,3,0,3,11,5,45.45,11,4,10,1,10.0,0,0,33,25,75.76,12,21,1,0,1,0,0,4.71,5.75,5.06,3.06,7.36,5.11,0.457,2025-10-26T06:35:49.062519+00:00,259,University_of_the_Philippines_20251208181114_259,1,5.11
De La Salle University,2739.764,313.429,11.44,51.12,87,63,7,24,64,5,3,3,2,3,7,2,72.65,0,2,0,5,2,3,0,6,6,3,50.0,14,5,11,1,9.09,2,2,18,12,66.67,6,12,0,1,0,0,0,4.57,5.75,4.69,4.62,7.05,5.18,0.464,2025-12-08T12:45:07.062519+00:00,679,De_La_Salle_University_20251208181114_679,1,5.18
Metro FC,3360.68,650.628,19.36,60.63,102,89,3,13,78,10,7,2,3,1,2,13,87.64,0,3,1,6,1,5,0,6,10,5,50.0,7,5,6,1,16.67,0,0,21,12,57.14,3,18,0,1,3,0,0,5.07,5.22,5.06,4.44,7.31,5.25,0.472,2025-10-24T11:47:15.062519+00:00,145,Metro_FC_20251208181114_145,1,5.25
Adamson University,2660.043,438.907,16.5,52.67,55,35,8,20,40,9,5,2,2,0,0,6,63.45,0,1,1,7,2,5,0,6,0,0,60.58,9,7,14,3,21.43,0,2,22,11,50.0,6,16,0,2,4,0,0,4.88,4.86,4.12,4.98,6.79,4.93,0.437,2025-05-12T22:43:03.062519+00:00,926,Adamson_University_20251208181114_926,1,4.93
University of Santo Tomas,3104.855,574.398,18.5,55.67,101,70,12,31,76,16,5,5,2,0,0,3,69.05,0,2,0,6,2,4,1,6,6,5,83.33,6,0,8,1,12.5,2,0,15,5,33.33,3,12,0,4,5,1,0,5.34,4.85,4.15,4.31,6.63,4.95,0.439,2025-07-22T10:33:38.063521+00:00,168,University_of_Santo_Tomas_20251208181114_168,1,4.95
Lyceum,2334.507,579.658,24.83,42.86,100,79,6,21,72,13,7,1,2,3,2,6,79.16,0,2,0,4,1,3,0,5,13,9,69.23,5,6,3,1,33.33,1,0,12,6,50.0,5,7,0,0,10,0,0,4.23,5.34,4.73,3.27,7.61,4.84,0.427,2025-11-29T05:32:31.063521+00:00,55,Lyceum_20251208181114_55,1,4.84
University of the Philippines,2384.773,499.371,20.94,47.38,115,84,9,31,73,16,12,6,3,2,2,10,73.41,0,0,0,3,1,2,0,4,2,1,50.0,8,8,9,2,22.22,1,0,8,3,37.5,2,6,0,1,5,1,0,4.47,4.5,4.88,4.02,5.93,4.64,0.404,2025-10-18T20:43:02.063521+00:00,837,University_of_the_Philippines_20251208181114_837,1,4.64
Lakeside Athletic,2169.845,262.117,12.08,39.64,134,96,10,38,77,24,9,0,2,7,15,11,71.74,0,2,0,2,0,2,0,2,9,5,55.56,9,9,9,3,33.33,1,1,11,4,36.36,0,11,0,0,8,2,0,4.04,5.4,4.23,3.94,6.2,4.66,0.407,2025-10-12T19:46:31.063521+00:00,781,Lakeside_Athletic_20251208181114_781,1,4.66
Coastal Town,2847.022,604.423,21.23,51.68,110,83,8,27,70,10,4,0,2,7,16,8,75.05,0,3,1,8,4,4,1,10,10,4,40.0,5,0,9,2,22.22,1,3,27,19,70.37,8,19,2,3,11,2,0,6.1,5.21,4.2,3.84,5.85,5.13,0.459,2025-04-19T08:44:11.063521+00:00,1000,Coastal_Town_20251208181114_1000,1,5.13
Metro FC,1803.423,346.438,19.21,34.32,74,50,8,24,50,8,0,1,3,5,8,13,67.79,0,1,0,4,1,3,0,5,8,5,62.5,19,9,11,1,9.09,1,1,17,8,47.06,3,14,0,1,10,2,0,4.75,5.23,4.43,4.4,4.95,4.79,0.421,2025-10-31T17:37:27.063521+00:00,683,Metro_FC_20251208181114_683,1,4.79
2 Worlds FC,3047.181,671.294,22.03,59.56,181,135,22,46,133,13,18,3,3,4,6,26,74.32,0,6,1,6,3,3,1,7,1,1,100.0,9,4,16,1,6.25,1,0,33,16,48.48,9,24,1,1,0,1,0,5.97,5.0,4.44,4.41,6.2,5.2,0.467,2025-02-08T04:38:21.063521+00:00,879,2_Worlds_FC_20251208181114_879,1,5.2
Northbridge FC,1808.976,320.731,17.73,35.22,65,52,4,13,52,9,3,2,1,0,0,5,79.59,0,0,0,4,1,3,0,5,9,6,66.67,14,9,12,3,25.0,1,0,11,6,54.55,5,6,0,1,3,3,0,4.75,5.2,3.62,4.34,4.55,4.57,0.397,2024-12-12T01:28:30.064519+00:00,510,Northbridge_FC_20251208181114_510,1,4.57
University of Santo Tomas,3684.704,449.165,12.19,73.69,155,126,10,29,98,1,7,6,2,14,26,12,80.97,0,3,1,6,2,4,0,8,17,10,58.82,6,2,0,0,0.0,2,2,30,19,63.33,7,23,0,0,2,0,0,5.25,4.74,5.57,3.42,7.57,5.15,0.461,2025-09-09T16:05:33.064519+00:00,393,University_of_Santo_Tomas_20251208181114_393,1,5.15
2 Worlds FC,2036.492,442.53,21.73,40.96,76,52,2,24,60,8,5,3,1,0,0,9,68.69,0,2,0,3,1,2,0,3,2,1,50.0,2,7,8,2,25.0,2,0,11,6,54.55,2,9,1,0,9,0,0,4.46,4.62,4.11,3.7,6.92,4.57,0.397,2025-10-15T15:27:23.064519+00:00,799,2_Worlds_FC_20251208181114_799,1,4.57
Lakeside Athletic,1843.775,434.947,23.59,35.4,79,58,9,21,60,9,5,2,3,0,1,6,72.99,0,1,0,2,1,1,0,1,6,4,66.67,6,12,5,2,40.0,1,0,29,14,48.28,10,19,1,0,7,1,0,4.18,5.39,3.55,4.55,6.43,4.67,0.408,2025-10-28T03:37:18.064519+00:00,851,Lakeside_Athletic_20251208181114_851,1,4.67
Adamson University,2647.366,442.375,16.71,51.01,124,84,16,40,82,13,4,5,2,10,8,1,67.58,0,1,0,4,1,3,0,3,10,6,60.0,1,8,7,2,28.57,0,1,8,5,62.5,3,5,0,0,4,0,0,4.92,5.3,5.53,4.68,7.32,5.35,0.483,2025-01-09T16:26:55.064519+00:00,457,Adamson_University_20251208181114_457,1,5.35
Lyceum,2137.097,406.048,19.0,39.08,99,70,11,29,60,6,7,4,1,11,10,13,71.07,0,1,0,3,1,2,0,3,4,2,50.0,4,3,8,0,0.0,2,1,7,2,28.57,0,7,0,1,7,1,0,4.63,4.22,4.8,4.32,5.89,4.63,0.403,2025-07-18T08:45:21.064519+00:00,999,Lyceum_20251208181114_999,1,4.63
Highland Wanderers,3246.841,429.232,13.22,63.91,232,188,10,44,163,34,19,6,6,2,2,9,81.23,1,7,1,7,2,5,0,7,10,5,50.0,8,2,8,1,12.5,1,0,10,5,50.0,6,4,0,3,6,0,0,5.52,3.98,5.15,3.65,7.49,4.95,0.439,2025-10-05T08:22:35.064519+00:00,587,Highland_Wanderers_20251208181114_587,1,4.95
Mapúa University,2434.425,276.307,11.35,47.99,87,70,5,17,68,8,10,2,1,0,0,8,80.94,0,2,0,4,1,3,0,4,14,8,57.14,10,6,12,1,8.33,0,0,5,3,60.0,2,3,1,1,4,0,0,5.29,6.1,5.35,3.66,6.91,5.46,0.496,2025-05-26T14:26:29.064519+00:00,93,Mapúa_University_20251208181114_93,1,5.46
Far Eastern University,3393.476,663.425,19.55,67.25,143,109,12,34,114,17,4,1,4,1,2,13,75.89,0,3,1,7,2,5,1,8,11,6,54.55,4,3,5,1,20.0,2,0,15,7,46.67,7,8,1,3,4,1,0,4.94,5.26,4.9,3.26,6.12,4.9,0.433,2025-03-07T14:12:07.064519+00:00,719,Far_Eastern_University_20251208181114_719,1,4.9
Northbridge FC,1557.785,371.22,23.83,28.61,56,44,5,12,38,4,4,2,1,3,4,6,78.49,0,1,0,2,1,1,0,2,1,1,100.0,9,9,7,0,0.0,1,0,16,6,37.5,6,10,0,0,9,2,0,5.07,4.94,4.08,4.6,5.98,4.86,0.429,2025-09-13T04:59:32.065519+00:00,185,Northbridge_FC_20251208181114_185,1,4.86
Lyceum,2936.835,878.701,29.92,53.06,122,89,13,33,81,13,9,5,1,8,5,5,72.64,0,0,1,7,3,4,0,6,11,3,27.27,5,4,11,2,18.18,1,1,36,12,33.33,5,31,0,1,1,1,0,5.65,4.67,5.13,5.31,5.98,5.26,0.473,2025-02-14T05:01:57.065519+00:00,947,Lyceum_20251208181114_947,1,5.26
Riverside FC,3579.374,440.979,12.32,70.35,201,140,19,61,146,22,11,6,1,6,8,30,69.75,1,5,1,10,5,5,1,15,6,4,66.67,5,1,6,1,16.67,2,3,4,2,50.0,0,4,1,3,4,0,0,4.86,4.79,5.4,3.57,7.26,5.01,0.446,2025-05-06T14:54:21.065519+00:00,199,Riverside_FC_20251208181114_199,1,5.01
Lakeside Athletic,2094.063,414.206,19.78,40.96,169,95,18,74,134,12,16,7,4,0,0,9,56.37,1,6,0,3,1,2,0,4,3,2,66.67,7,4,2,1,50.0,2,0,22,12,54.55,2,20,1,3,9,0,0,3.71,5.45,4.64,4.5,7.37,4.86,0.429,2025-03-29T19:37:26.065519+00:00,846,Lakeside_Athletic_20251208181114_846,1,4.86
Brookside United,2481.028,412.595,16.63,48.74,135,91,20,44,89,17,12,4,2,4,7,11,67.12,0,3,0,4,2,2,0,3,15,9,60.0,4,6,16,4,25.0,2,1,23,14,60.87,6,17,0,0,0,1,0,4.73,6.19,4.12,2.85,6.51,4.93,0.437,2025-09-10T14:51:38.065519+00:00,579,Brookside_United_20251208181114_579,1,4.93
Metro FC,2450.437,589.575,24.06,45.8,153,101,16,52,101,16,6,4,2,12,12,17,65.83,0,2,0,5,1,4,0,4,4,3,75.0,2,6,13,1,7.69,1,0,21,9,42.86,6,15,0,0,6,0,0,4.8,4.23,4.56,4.69,7.12,4.81,0.423,2025-11-08T12:45:25.065519+00:00,744,Metro_FC_20251208181114_744,1,4.81
Lakeside Athletic,2543.598,628.777,24.72,45.69,180,134,19,46,127,16,18,2,1,6,10,18,74.63,0,4,0,5,2,3,0,6,10,6,60.0,10,3,3,1,33.33,1,0,35,24,68.57,10,25,1,0,8,2,0,4.54,4.34,4.35,3.41,5.77,4.41,0.379,2025-05-02T06:12:19.065519+00:00,487,Lakeside_Athletic_20251208181114_487,1,4.41
Adamson University,2708.008,203.371,7.51,49.31,155,105,11,50,112,25,6,9,2,0,1,17,67.91,0,3,0,4,2,2,0,5,8,5,62.5,10,2,12,3,25.0,0,0,8,3,37.5,3,5,1,1,5,0,0,4.94,6.13,4.11,3.77,7.46,5.2,0.467,2025-02-13T21:01:15.065519+00:00,515,Adamson_University_20251208181114_515,1,5.2
University of Santo Tomas,2691.812,525.442,19.52,48.85,139,108,15,31,97,23,6,2,2,3,6,21,77.6,0,1,0,5,2,3,0,6,7,4,57.14,6,6,12,0,0.0,0,3,17,7,41.18,3,14,1,0,2,1,0,5.2,4.78,5.46,4.94,6.38,5.22,0.469,2025-11-05T19:43:32.066519+00:00,786,University_of_Santo_Tomas_20251208181114_786,1,5.22
2 Worlds FC,2039.858,344.94,16.91,39.18,113,86,12,27,85,13,3,3,3,2,5,9,76.34,0,3,0,2,0,2,0,2,10,5,50.0,4,9,5,0,0.0,0,0,9,5,55.56,2,7,0,1,9,0,0,5.05,4.43,5.55,3.95,7.34,5.05,0.45,2025-11-15T14:01:15.066519+00:00,840,2_Worlds_FC_20251208181114_840,1,5.05
Coastal Town,3485.566,876.271,25.14,62.52,143,113,7,30,110,19,9,4,3,0,0,3,78.87,0,1,0,5,1,4,1,7,17,6,35.29,4,8,6,1,16.67,1,0,34,16,47.06,5,29,0,2,5,2,0,4.82,3.8,4.76,3.96,5.73,4.49,0.388,2025-04-11T03:24:00.066519+00:00,56,Coastal_Town_20251208181114_56,1,4.49
Metro FC,2608.621,474.247,18.18,51.61,153,107,16,46,92,21,14,0,1,13,11,16,70.17,0,5,0,6,2,4,0,4,9,5,55.56,9,9,6,2,33.33,1,0,11,5,45.45,3,8,2,2,8,1,0,5.46,4.58,5.81,3.75,6.65,5.16,0.462,2025-08-02T19:58:35.066519+00:00,136,Metro_FC_20251208181114_136,1,5.16
Metro FC,1530.216,515.224,33.67,28.02,65,43,8,22,50,11,6,2,1,0,0,8,66.65,0,2,0,2,1,1,0,2,4,2,50.0,6,10,6,1,16.67,2,0,4,2,50.0,1,3,2,0,14,2,0,4.28,5.4,3.83,4.21,4.55,4.52,0.391,2025-05-14T07:51:29.066519+00:00,665,Metro_FC_20251208181114_665,1,4.52
Northbridge FC,3238.577,800.252,24.71,60.7,81,62,4,19,66,5,5,3,2,0,0,5,76.75,0,2,0,6,3,3,1,8,16,13,81.25,0,8,12,1,8.33,1,2,16,10,62.5,3,13,0,3,4,0,0,4.16,4.82,4.59,4.29,7.57,4.79,0.421,2025-07-07T13:46:00.066519+00:00,76,Northbridge_FC_20251208181114_76,1,4.79
National University,2150.402,735.437,34.2,40.51,123,114,4,9,69,16,6,4,4,13,12,18,92.53,0,2,0,5,2,3,1,6,0,0,69.87,8,5,10,1,10.0,0,1,7,3,42.86,2,5,0,1,7,0,0,4.39,5.2,4.65,4.63,6.64,4.93,0.437,2024-12-30T04:12:56.066519+00:00,261,National_University_20251208181114_261,1,4.93
Lyceum,2341.98,295.558,12.62,42.98,75,67,3,8,53,6,2,3,2,4,5,12,89.95,0,2,0,5,2,3,1,5,7,6,85.71,4,8,4,1,25.0,1,0,13,7,53.85,5,8,0,0,9,2,0,4.83,4.77,5.39,3.66,6.0,4.88,0.431,2025-01-08T18:48:52.067519+00:00,164,Lyceum_20251208181114_164,1,4.88
Lyceum,3009.301,392.714,13.05,54.88,140,100,17,40,96,12,14,4,1,6,7,13,71.45,0,3,1,6,1,5,0,8,10,4,40.0,6,5,4,0,0.0,1,0,8,3,37.5,2,6,0,1,4,0,0,4.89,4.7,5.69,4.74,7.29,5.22,0.469,2025-11-25T02:01:28.067519+00:00,870,Lyceum_20251208181114_870,1,5.22
Highland Wanderers,1767.122,334.516,18.93,31.96,81,58,7,23,63,16,5,2,2,0,0,5,72.19,0,2,0,3,1,2,0,3,1,1,100.0,8,6,11,2,18.18,2,2,7,3,42.86,2,5,0,1,5,1,0,4.1,4.32,4.7,3.51,6.81,4.47,0.386,2025-10-10T03:40:59.067519+00:00,426,Highland_Wanderers_20251208181114_426,1,4.47
Ateneo de Manila University,1609.249,296.102,18.4,32.18,83,63,4,20,59,9,3,5,2,3,2,12,75.36,0,1,0,3,1,2,0,3,6,2,33.33,10,6,0,0,0.0,0,1,9,4,44.44,2,7,0,1,9,2,0,3.57,4.21,5.78,4.5,5.53,4.52,0.391,2025-08-26T09:34:06.067519+00:00,663,Ateneo_de_Manila_University_20251208181114_663,1,4.52
2 Worlds FC,2031.512,467.451,23.01,38.78,114,75,13,39,74,14,8,6,1,5,6,0,65.72,0,3,0,4,1,3,0,6,2,1,50.0,5,5,2,0,0.0,0,0,8,2,25.0,2,6,0,2,8,0,0,4.59,4.17,4.65,3.72,7.04,4.61,0.401,2025-01-07T03:30:16.067519+00:00,739,2_Worlds_FC_20251208181114_739,1,4.61
Ateneo de Manila University,3947.336,692.363,17.54,73.05,184,151,9,33,133,38,8,3,5,0,0,13,81.88,0,1,0,5,2,3,0,5,11,6,54.55,3,3,3,0,0.0,1,2,17,7,41.18,5,12,0,1,2,1,0,5.19,5.81,5.15,4.07,6.84,5.36,0.484,2025-11-30T13:27:49.067519+00:00,303,Ateneo_de_Manila_University_20251208181114_303,1,5.36
City United,3062.249,570.803,18.64,55.73,155,120,8,35,101,32,12,6,3,0,0,15,77.22,1,4,0,4,1,3,0,5,5,3,60.0,6,5,6,2,33.33,3,0,21,11,52.38,5,16,1,2,9,1,0,4.06,5.83,4.31,3.1,6.06,4.67,0.408,2025-05-22T16:40:14.067519+00:00,498,City_United_20251208181114_498,1,4.67
Ateneo de Manila University,2269.848,243.782,10.74,44.91,117,84,8,33,86,9,6,5,4,1,7,7,71.95,1,4,0,4,1,3,0,4,13,7,53.85,7,2,6,2,33.33,2,2,5,2,40.0,2,3,1,0,5,0,0,4.24,4.92,4.72,4.01,7.6,4.83,0.426,2025-05-07T13:06:25.067519+00:00,639,Ateneo_de_Manila_University_20251208181114_639,1,4.83
Lyceum,2373.117,295.453,12.45,45.27,118,85,11,33,79,5,11,5,2,8,9,8,72.36,0,2,1,6,2,4,0,5,11,7,63.64,10,4,12,3,25.0,1,1,18,11,61.11,3,15,0,0,0,0,0,4.65,4.24,5.01,4.86,7.16,4.89,0.432,2025-11-11T06:33:41.068521+00:00,555,Lyceum_20251208181114_555,1,4.89
Lakeside Athletic,1501.906,194.797,12.97,27.51,77,59,7,18,48,9,5,1,1,4,9,3,76.97,0,2,0,2,0,2,0,2,7,4,57.14,2,8,26,4,15.38,0,0,9,4,44.44,4,5,0,0,7,1,0,3.77,5.01,4.67,4.01,6.23,4.58,0.398,2025-08-22T13:20:08.068521+00:00,127,Lakeside_Athletic_20251208181114_127,1,4.58
Adamson University,1522.759,205.877,13.52,27.12,79,51,13,28,62,11,6,3,2,0,0,0,64.13,0,1,0,1,0,1,0,1,8,4,50.0,12,10,16,4,25.0,1,0,8,4,50.0,2,6,0,0,9,2,0,3.66,5.0,4.05,3.31,5.15,4.21,0.357,2025-04-05T06:07:17.068521+00:00,580,Adamson_University_20251208181114_580,1,4.21
2 Worlds FC,3858.835,956.605,24.79,71.26,217,159,30,58,166,21,4,8,3,6,9,22,73.09,1,4,0,3,1,2,0,3,5,2,40.0,6,2,3,1,33.33,2,0,7,4,57.14,2,5,1,0,6,0,1,4.49,4.59,5.02,4.05,5.02,4.62,0.402,2025-03-26T07:06:38.068521+00:00,883,2_Worlds_FC_20251208181114_883,1,4.62
Far Eastern University,2184.437,387.301,17.73,42.38,70,53,4,17,50,8,3,2,1,2,3,3,75.32,0,2,0,5,2,3,1,5,6,4,66.67,10,7,12,4,33.33,1,0,27,10,37.04,12,15,0,1,9,1,0,5.45,5.9,5.48,5.1,6.33,5.62,0.513,2025-02-19T00:33:03.068521+00:00,646,Far_Eastern_University_20251208181114_646,1,5.62
Northbridge FC,2082.315,344.415,16.54,37.09,85,63,6,22,66,8,9,3,3,0,0,10,74.51,0,1,1,5,2,3,0,7,10,5,50.0,7,7,12,3,25.0,0,0,12,6,50.0,2,10,0,0,5,1,1,6.09,4.12,4.97,4.47,4.61,4.94,0.438,2025-08-31T20:38:55.068521+00:00,859,Northbridge_FC_20251208181114_859,1,4.94
Valley Rovers,2443.588,573.999,23.49,43.94,118,89,6,29,66,17,10,2,3,5,17,10,75.3,0,3,0,3,1,2,0,3,0,0,67.27,14,6,11,2,18.18,1,0,24,12,50.0,2,22,0,1,5,0,0,3.68,4.41,4.72,3.64,7.28,4.45,0.383,2024-12-25T22:28:09.068521+00:00,721,Valley_Rovers_20251208181114_721,1,4.45
National University,1949.889,129.473,6.64,39.23,64,49,5,15,49,11,6,4,2,0,0,6,76.15,0,1,0,3,1,2,0,3,6,4,66.67,8,6,5,1,20.0,1,0,13,7,53.85,5,8,0,0,10,0,0,4.79,4.46,4.38,3.54,7.39,4.7,0.411,2025-06-25T14:18:34.068521+00:00,995,National_University_20251208181114_995,1,4.7
Far Eastern University,3577.564,330.925,9.25,69.65,132,81,25,51,85,17,13,7,3,5,3,26,61.0,1,3,0,4,2,2,0,2,10,6,60.0,2,1,4,2,50.0,0,2,48,23,47.92,14,34,0,0,5,0,0,4.62,4.55,4.12,4.16,7.27,4.7,0.411,2025-02-01T00:52:13.069520+00:00,180,Far_Eastern_University_20251208181114_180,1,4.7
Brookside United,1559.592,483.474,31.0,28.2,58,40,6,18,39,6,9,1,1,1,1,7,68.18,0,1,0,2,1,1,0,2,4,3,75.0,10,1,0,0,0.0,0,0,7,3,42.86,4,3,2,2,7,1,0,4.62,3.89,4.86,4.41,6.33,4.61,0.401,2025-03-11T20:19:30.069520+00:00,497,Brookside_United_20251208181114_497,1,4.61
Far Eastern University,1600.526,268.248,16.76,28.93,46,35,2,11,34,7,1,1,1,1,1,2,76.57,0,1,0,3,1,2,0,4,5,2,40.0,2,7,15,4,26.67,1,0,16,9,56.25,4,12,0,1,7,0,0,5.37,4.61,4.62,3.62,6.97,4.92,0.436,2025-04-17T02:53:46.069520+00:00,341,Far_Eastern_University_20251208181114_341,1,4.92
Coastal Town,2232.774,477.814,21.4,40.09,108,65,23,43,80,11,8,1,1,2,5,4,60.3,0,0,0,4,1,3,0,4,10,5,50.0,11,4,13,2,15.38,1,0,26,17,65.38,8,18,1,0,7,0,0,3.62,5.93,4.42,4.13,7.15,4.85,0.428,2025-05-03T06:40:09.069520+00:00,300,Coastal_Town_20251208181114_300,1,4.85
Mapúa University,2870.908,277.617,9.67,53.35,199,153,12,46,136,33,7,7,4,8,5,7,76.77,1,6,0,6,3,3,0,5,10,4,40.0,11,6,5,1,20.0,0,0,20,9,45.0,3,17,0,2,2,0,0,5.15,5.07,5.2,4.15,7.04,5.19,0.466,2025-08-08T20:34:20.069520+00:00,894,Mapúa_University_20251208181114_894,1,5.19
Metro FC,2456.262,624.873,25.44,48.75,128,88,9,40,88,20,3,1,2,10,5,17,68.74,0,1,1,5,2,3,0,3,9,6,66.67,8,4,0,0,0.0,0,1,21,15,71.43,4,17,0,0,3,0,0,6.35,4.68,5.16,3.64,8.01,5.43,0.492,2025-11-15T09:21:15.069520+00:00,698,Metro_FC_20251208181114_698,1,5.43
2 Worlds FC,1962.805,411.796,20.98,37.04,75,56,7,19,52,7,7,2,1,3,3,4,74.42,0,2,0,2,1,1,0,2,9,4,44.44,8,5,10,2,20.0,0,1,11,5,45.45,6,5,0,1,10,1,0,4.58,6.01,4.66,3.12,6.04,4.94,0.438,2025-09-21T09:55:45.069520+00:00,46,2_Worlds_FC_20251208181114_46,1,4.94
2 Worlds FC,1513.468,75.673,5.0,30.27,107,85,5,22,82,5,11,3,2,3,2,10,79.53,0,2,0,3,1,2,0,3,3,1,33.33,10,12,9,1,11.11,3,1,1,1,100.0,2,0,0,2,8,2,0,4.9,5.18,4.1,4.37,5.32,4.79,0.421,2025-03-28T04:51:35.069520+00:00,872,2_Worlds_FC_20251208181114_872,1,4.79
Lakeside Athletic,3496.142,463.938,13.27,64.46,199,136,13,63,150,29,3,4,4,4,6,19,68.49,1,5,1,7,3,4,0,7,18,10,55.56,2,3,5,1,20.0,0,3,17,7,41.18,7,10,1,1,2,1,0,5.08,4.88,4.58,4.27,6.18,4.92,0.436,2025-01-30T14:00:14.070523+00:00,724,Lakeside_Athletic_20251208181114_724,1,4.92
Riverside FC,2105.958,193.116,9.17,40.08,141,118,10,23,96,14,5,1,2,15,7,7,84.02,0,2,0,2,1,1,0,2,5,2,40.0,9,16,11,1,9.09,0,1,2,0,0.0,3,0,0,1,6,1,0,4.19,4.39,5.04,3.65,6.09,4.53,0.392,2025-09-04T13:56:35.070523+00:00,66,Riverside_FC_20251208181114_66,1,4.53
Highland Wanderers,2797.758,680.135,24.31,53.13,95,74,7,21,60,13,7,3,2,5,4,8,78.32,0,2,0,3,1,2,0,3,7,4,57.14,13,5,11,2,18.18,2,0,20,7,35.0,5,15,1,1,3,2,0,4.28,5.37,5.43,5.12,5.34,5.04,0.449,2025-05-20T05:03:44.070523+00:00,913,Highland_Wanderers_20251208181114_913,1,5.04
Riverside FC,3126.58,707.232,22.62,60.51,139,102,7,37,101,17,15,4,3,0,0,6,73.06,0,4,0,4,2,2,0,3,14,8,57.14,7,4,6,2,33.33,0,0,30,15,50.0,9,21,0,1,0,1,0,3.88,5.89,4.64,4.59,6.11,4.92,0.436,2025-09-27T11:36:47.070523+00:00,903,Riverside_FC_20251208181114_903,1,4.92
Highland Wanderers,1559.696,248.927,15.96,30.21,49,37,4,12,41,8,3,3,1,0,0,1,75.03,0,1,0,4,1,3,0,3,5,3,60.0,8,4,6,1,16.67,0,0,15,10,66.67,5,10,0,1,11,2,0,4.43,4.34,4.89,3.82,5.88,4.56,0.396,2025-05-01T00:39:39.070523+00:00,933,Highland_Wanderers_20251208181114_933,1,4.56
Highland Wanderers,2234.119,625.106,27.98,43.99,99,81,8,18,70,10,6,2,1,3,7,7,82.17,0,2,0,2,1,1,0,2,6,4,66.67,5,4,10,2,20.0,0,0,19,11,57.89,0,19,0,2,5,0,0,5.18,4.58,5.09,4.09,7.37,5.06,0.451,2025-07-13T12:36:08.070523+00:00,423,Highland_Wanderers_20251208181114_423,1,5.06
San Beda University,2316.086,440.983,19.04,44.78,127,89,14,38,87,15,11,4,3,3,4,10,70.15,1,3,1,5,2,3,1,6,12,7,58.33,7,5,5,1,20.0,1,1,10,5,50.0,4,6,1,1,7,2,0,6.35,5.58,4.56,4.81,5.58,5.48,0.498,2025-05-12T07:52:21.070523+00:00,414,San_Beda_University_20251208181114_414,1,5.48
2 Worlds FC,3803.161,790.297,20.78,74.45,205,154,18,51,132,11,16,8,7,12,20,19,75.08,0,5,1,7,3,4,0,6,6,3,50.0,7,2,3,0,0.0,0,1,46,28,60.87,29,17,0,0,5,0,0,5.34,3.75,6.09,3.98,7.42,5.06,0.451,2025-01-14T23:35:10.070523+00:00,130,2_Worlds_FC_20251208181114_130,1,5.06
Ateneo de Manila University,3049.915,437.663,14.35,60.56,52,38,5,14,37,8,2,1,1,2,1,6,73.74,0,0,0,7,3,4,1,6,15,10,66.67,6,1,5,1,20.0,0,1,0,0,23.9,0,0,0,3,6,1,0,4.67,5.25,3.94,4.69,6.72,4.89,0.432,2025-08-22T07:45:07.071519+00:00,635,Ateneo_de_Manila_University_20251208181114_635,1,4.89
Riverside FC,2217.936,398.563,17.97,42.81,72,45,5,27,48,12,6,3,2,0,0,5,62.59,0,0,0,3,1,2,0,5,9,5,55.56,2,6,6,1,16.67,2,1,27,15,55.56,8,19,0,2,5,0,0,3.82,4.84,4.27,4.63,6.96,4.62,0.402,2025-07-20T21:17:40.071519+00:00,562,Riverside_FC_20251208181114_562,1,4.62
Adamson University,2722.839,561.994,20.64,52.84,103,70,14,33,68,19,4,4,2,3,3,1,67.77,0,3,0,7,3,4,1,6,9,4,44.44,9,2,6,2,33.33,1,1,17,8,47.06,3,14,0,3,4,0,0,3.5,5.76,5.35,4.2,6.93,4.94,0.438,2025-08-17T20:20:21.071519+00:00,121,Adamson_University_20251208181114_121,1,4.94
University of the Philippines,2262.154,332.989,14.72,44.92,113,84,7,29,69,19,11,3,4,3,4,8,74.13,1,2,1,5,3,2,0,6,0,0,81.67,7,11,2,0,0.0,1,2,21,10,47.62,5,16,2,1,9,2,0,4.49,4.81,4.38,3.81,6.37,4.65,0.406,2025-01-07T12:18:20.071519+00:00,34,University_of_the_Philippines_20251208181114_34,1,4.65
Ateneo de Manila University,2774.573,597.643,21.54,52.24,93,68,9,25,67,23,0,3,1,0,0,7,73.07,0,2,1,3,1,2,0,4,0,0,61.56,2,7,2,0,0.0,0,0,17,8,47.06,4,13,0,2,8,0,0,6.01,4.53,5.31,3.72,6.82,5.22,0.469,2025-11-30T13:15:33.071519+00:00,155,Ateneo_de_Manila_University_20251208181114_155,1,5.22
Lyceum,996.824,207.339,20.8,18.92,47,32,8,15,31,5,2,2,2,1,4,4,67.73,0,1,0,2,1,1,0,2,4,2,50.0,8,13,14,3,21.43,2,0,12,6,50.0,1,11,1,1,8,1,0,4.04,5.43,4.96,4.62,6.58,4.95,0.439,2025-06-22T16:18:58.071519+00:00,928,Lyceum_20251208181114_928,1,4.95
Riverside FC,1484.747,74.237,5.0,29.18,88,65,6,23,64,8,7,3,1,2,4,7,73.72,0,1,0,3,1,2,0,2,0,0,38.68,14,6,16,4,25.0,1,0,4,2,50.0,1,3,0,0,11,0,0,4.61,5.29,4.55,4.77,7.17,5.07,0.452,2025-10-25T01:35:47.071519+00:00,612,Riverside_FC_20251208181114_612,1,5.07
Far Eastern University,1482.145,366.09,24.7,28.49,64,56,4,8,48,6,3,2,2,1,2,4,87.22,0,1,0,3,1,2,0,4,1,1,100.0,10,7,4,0,0.0,0,0,0,0,50.76,0,0,0,1,5,0,0,4.95,4.97,5.11,3.54,7.27,5.02,0.447,2025-09-07T11:48:58.071519+00:00,400,Far_Eastern_University_20251208181114_400,1,5.02
Highland Wanderers,3379.694,348.108,10.3,65.6,160,118,10,42,102,14,15,4,3,10,12,15,74.05,0,2,0,4,2,2,0,2,12,8,66.67,2,6,11,4,36.36,0,2,1,0,0.0,2,0,0,1,7,2,0,4.33,4.84,5.59,3.57,5.67,4.75,0.417,2025-10-03T22:30:37.072519+00:00,159,Highland_Wanderers_20251208181114_159,1,4.75
San Beda University,3759.118,923.239,24.56,74.67,188,137,20,51,141,21,16,7,4,0,0,0,72.99,0,3,0,7,1,6,1,6,17,12,70.59,2,0,4,1,25.0,1,1,18,12,66.67,4,14,0,3,3,0,0,5.22,5.51,4.36,3.72,7.99,5.2,0.467,2025-05-15T20:28:41.072519+00:00,872,San_Beda_University_20251208181114_872,1,5.2
Northbridge FC,1826.659,273.086,14.95,35.3,85,63,7,22,65,7,7,2,2,1,1,5,74.2,0,0,0,3,1,2,0,4,5,2,40.0,11,7,5,1,20.0,1,0,12,6,50.0,2,10,0,0,11,0,0,4.81,4.88,4.76,3.47,7.64,4.92,0.436,2025-03-21T07:58:48.072519+00:00,15,Northbridge_FC_20251208181114_15,1,4.92
Adamson University,2268.267,191.895,8.46,44.72,76,50,7,26,52,12,7,0,2,1,1,7,66.02,0,1,0,5,2,3,1,5,6,3,50.0,11,8,8,3,37.5,0,0,25,15,60.0,3,22,1,1,1,0,0,4.65,6.91,4.81,4.95,7.34,5.63,0.514,2025-01-25T05:53:00.072519+00:00,491,Adamson_University_20251208181114_491,1,5.63
Brookside United,3532.717,1071.473,30.33,67.93,120,84,12,36,93,17,3,4,3,0,0,8,69.9,0,3,0,7,3,4,0,8,5,3,60.0,5,0,6,1,16.67,1,0,36,16,44.44,11,25,2,3,2,2,0,5.05,4.49,4.92,4.22,5.83,4.83,0.426,2025-11-15T07:11:22.072519+00:00,299,Brookside_United_20251208181114_299,1,4.83
Highland Wanderers,3062.374,474.055,15.48,60.19,151,109,15,42,101,17,9,6,2,8,7,10,72.21,1,3,1,6,2,4,0,6,6,4,66.67,4,1,11,3,27.27,0,2,23,17,73.91,6,17,0,1,5,0,0,5.5,5.06,5.65,4.55,6.89,5.41,0.49,2025-03-10T15:26:23.072519+00:00,799,Highland_Wanderers_20251208181114_799,1,5.41
Lyceum,1915.482,241.734,12.62,36.75,90,69,7,21,64,10,2,4,2,3,5,2,76.27,0,1,0,5,2,3,0,6,2,1,50.0,7,10,10,1,10.0,0,0,24,13,54.17,7,17,0,1,8,1,0,4.3,4.31,4.47,3.34,6.89,4.46,0.384,2025-01-19T02:37:11.072519+00:00,340,Lyceum_20251208181114_340,1,4.46
Adamson University,2608.2,574.065,22.01,48.2,145,113,9,32,113,27,4,6,3,0,0,9,77.65,0,3,0,3,1,2,0,4,13,5,38.46,7,9,2,0,0.0,2,0,21,7,33.33,6,15,0,0,4,0,0,4.71,5.09,4.32,4.67,6.52,4.91,0.434,2025-03-29T03:09:37.072519+00:00,344,Adamson_University_20251208181114_344,1,4.91
2 Worlds FC,1988.704,652.693,32.82,39.66,91,65,6,26,62,16,8,3,2,0,0,9,71.85,0,2,0,4,1,3,0,4,9,5,55.56,20,7,17,3,17.65,3,1,22,10,45.45,3,19,0,0,5,0,0,4.42,4.89,4.72,4.03,7.35,4.85,0.428,2025-07-04T03:22:35.073519+00:00,584,2_Worlds_FC_20251208181114_584,1,4.85
Far Eastern University,3154.968,576.097,18.26,62.45,110,87,5,23,70,12,11,5,3,4,4,12,79.44,0,2,1,5,2,3,0,3,10,8,80.0,7,3,4,1,25.0,2,1,19,10,52.63,3,16,0,1,7,0,0,5.11,6.43,4.79,3.2,7.12,5.35,0.483,2025-09-29T04:35:09.073519+00:00,323,Far_Eastern_University_20251208181114_323,1,5.35
University of the Philippines,1729.365,298.661,17.27,32.6,80,68,3,12,57,8,4,2,3,4,3,0,85.42,0,2,0,4,1,3,1,4,7,5,71.43,7,7,5,1,20.0,2,1,25,6,24.0,4,21,0,3,14,2,0,3.86,5.01,4.99,4.69,5.21,4.66,0.407,2025-07-11T23:51:36.073519+00:00,885,University_of_the_Philippines_20251208181114_885,1,4.66
Mapúa University,2229.417,478.656,21.47,39.86,83,75,2,8,58,6,2,3,3,5,5,11,90.66,0,1,0,3,1,2,0,4,7,6,85.71,14,2,7,1,14.29,3,0,30,22,73.33,11,19,1,2,6,0,0,4.57,4.45,5.1,3.23,7.39,4.74,0.416,2025-06-22T07:33:51.073519+00:00,130,Mapúa_University_20251208181114_130,1,4.74
Metro FC,2534.555,506.658,19.99,48.04,77,57,6,20,46,15,6,3,2,1,3,6,73.74,0,1,1,5,2,3,1,6,6,3,50.0,1,6,12,3,25.0,2,2,14,9,64.29,5,9,1,3,5,0,0,5.17,5.49,5.31,3.71,7.29,5.3,0.478,2025-10-22T20:02:37.073519+00:00,113,Metro_FC_20251208181114_113,1,5.3
Ateneo de Manila University,3610.053,362.088,10.03,66.93,137,100,16,37,91,9,10,7,2,8,9,6,73.3,0,2,1,7,1,6,0,6,11,5,45.45,4,2,10,3,30.0,1,0,60,31,51.67,21,39,0,3,2,0,0,5.53,4.45,5.21,4.73,7.21,5.22,0.469,2025-03-23T12:14:57.073519+00:00,159,Ateneo_de_Manila_University_20251208181114_159,1,5.22
Lyceum,3572.65,583.056,16.32,68.45,175,114,17,61,112,20,12,4,2,11,15,21,64.89,1,4,1,7,2,5,1,6,21,14,66.67,9,1,6,1,16.67,0,1,26,12,46.15,4,22,2,1,4,1,0,5.61,5.28,4.44,4.76,6.15,5.22,0.469,2025-02-23T01:00:21.073519+00:00,164,Lyceum_20251208181114_164,1,5.22
Far Eastern University,2510.368,430.026,17.13,47.69,104,73,10,31,72,10,3,3,0,8,8,8,70.45,0,1,1,6,1,5,0,6,8,4,50.0,9,4,9,2,22.22,1,0,27,15,55.56,12,15,2,2,0,0,0,5.42,3.93,4.59,3.26,7.1,4.7,0.411,2025-10-07T21:05:02.073519+00:00,908,Far_Eastern_University_20251208181114_908,1,4.7
Northbridge FC,1774.722,180.312,10.16,33.64,74,57,5,17,55,6,6,2,2,1,1,3,76.82,0,1,0,3,1,2,0,4,8,4,50.0,3,3,15,1,6.67,0,2,3,1,33.33,1,2,1,1,7,1,0,3.88,4.7,4.87,3.23,6.43,4.47,0.386,2025-10-11T15:10:46.074519+00:00,647,Northbridge_FC_20251208181114_647,1,4.47
2 Worlds FC,2396.653,355.903,14.85,47.81,66,41,11,25,45,8,6,2,0,2,3,3,62.18,0,1,0,3,1,2,0,2,3,2,66.67,6,5,4,1,25.0,2,0,37,14,37.84,10,27,0,0,5,0,0,4.46,5.54,3.97,4.09,7.58,4.92,0.436,2025-05-06T04:54:11.074519+00:00,39,2_Worlds_FC_20251208181114_39,1,4.92
Far Eastern University,3377.558,499.203,14.78,63.68,181,126,9,55,153,39,1,4,4,0,0,15,69.75,0,3,1,6,2,4,0,8,6,3,50.0,3,3,6,2,33.33,3,1,22,6,27.27,5,17,0,1,8,2,0,4.29,3.66,4.68,4.05,5.66,4.29,0.366,2025-11-09T16:07:01.074519+00:00,798,Far_Eastern_University_20251208181114_798,1,4.29
Ateneo de Manila University,3881.555,861.705,22.2,72.56,222,157,22,65,156,27,25,4,4,2,3,0,70.67,1,7,1,9,4,5,0,11,10,5,50.0,7,2,3,0,0.0,2,1,40,16,40.0,5,35,1,1,4,1,0,4.68,4.94,6.21,3.62,5.8,5.02,0.447,2025-07-30T01:30:44.074519+00:00,604,Ateneo_de_Manila_University_20251208181114_604,1,5.02
San Beda University,2779.903,485.093,17.45,53.53,142,112,7,30,69,22,9,3,3,17,19,7,78.82,0,4,1,4,1,3,0,5,8,5,62.5,10,6,20,4,20.0,0,1,11,6,54.55,0,11,0,0,5,0,0,5.0,4.64,5.08,4.8,7.01,5.09,0.454,2025-03-14T05:10:12.074519+00:00,893,San_Beda_University_20251208181114_893,1,5.09
San Beda University,2523.136,278.302,11.03,46.12,83,61,6,22,52,13,6,4,0,5,4,2,73.15,0,1,1,6,3,3,0,7,1,0,0.0,2,4,3,1,33.33,1,0,18,8,44.44,7,11,0,1,10,1,0,6.46,4.86,4.74,3.7,6.4,5.28,0.476,2025-11-23T15:33:00.074519+00:00,90,San_Beda_University_20251208181114_90,1,5.28
Lyceum,2454.504,764.087,31.13,44.88,125,98,7,27,94,9,5,5,2,6,3,7,78.38,0,3,1,5,2,3,1,5,10,5,50.0,9,5,6,1,16.67,3,3,1,0,0.0,0,1,1,2,6,1,0,5.29,5.79,5.46,4.42,6.86,5.5,0.5,2025-11-05T18:44:57.074519+00:00,128,Lyceum_20251208181114_128,1,5.5
Valley Rovers,2570.604,420.808,16.37,49.95,48,37,5,11,30,7,0,3,1,4,2,3,76.63,0,1,1,6,3,3,0,6,11,7,63.64,9,7,7,1,14.29,1,0,27,15,55.56,2,25,2,1,3,2,0,5.64,4.66,3.7,5.54,5.97,5.0,0.444,2025-05-14T00:07:38.074519+00:00,401,Valley_Rovers_20251208181114_401,1,5.0
Mapúa University,2432.07,246.369,10.13,44.75,107,95,2,12,85,13,10,3,4,0,0,15,89.13,0,1,0,6,2,4,0,4,8,3,37.5,5,2,0,0,0.0,0,0,21,9,42.86,10,11,0,0,5,1,0,4.83,5.08,4.64,5.12,6.01,5.02,0.447,2025-07-13T09:18:52.075519+00:00,51,Mapúa_University_20251208181114_51,1,5.02
University of Santo Tomas,3221.559,425.89,13.22,58.69,94,68,12,26,62,9,9,1,3,4,5,8,72.68,0,2,1,8,2,6,1,7,8,5,62.5,6,3,7,2,28.57,2,1,27,11,40.74,8,19,1,0,5,0,0,5.44,4.29,4.18,3.45,7.25,4.77,0.419,2025-11-06T02:50:00.075519+00:00,792,University_of_Santo_Tomas_20251208181114_792,1,4.77
Far Eastern University,4256.239,600.555,14.11,79.85,196,148,19,48,118,19,8,3,6,20,20,15,75.26,1,7,1,5,1,4,0,4,4,2,50.0,1,2,4,1,25.0,0,0,30,16,53.33,10,20,0,0,4,0,0,4.98,3.06,4.57,4.33,6.86,4.46,0.384,2024-12-19T16:19:35.075519+00:00,344,Far_Eastern_University_20251208181114_344,1,4.46
Valley Rovers,1642.846,299.327,18.22,30.84,58,42,5,16,40,8,2,1,2,3,3,5,72.44,0,1,0,3,1,2,0,3,4,2,50.0,15,5,4,1,25.0,2,0,17,12,70.59,6,11,1,0,9,0,0,4.2,5.41,3.44,4.63,7.38,4.77,0.419,2025-05-05T17:08:27.075519+00:00,373,Valley_Rovers_20251208181114_373,1,4.77
Valley Rovers,2240.257,129.487,5.78,42.2,89,78,4,11,64,4,2,2,2,6,10,5,87.39,0,2,0,5,2,3,0,5,12,6,50.0,1,0,6,2,33.33,2,0,15,7,46.67,6,9,1,1,8,1,0,3.49,4.83,5.49,4.19,6.26,4.64,0.404,2025-07-11T18:30:50.075519+00:00,264,Valley_Rovers_20251208181114_264,1,4.64
Far Eastern University,3060.653,782.915,25.58,59.72,139,110,8,29,92,10,9,3,3,11,11,8,79.15,0,3,0,5,1,4,1,5,11,7,63.64,7,3,5,1,20.0,0,1,0,0,34.07,0,0,0,0,1,0,0,5.11,3.67,4.98,3.16,7.7,4.67,0.408,2025-05-23T05:49:05.075519+00:00,59,Far_Eastern_University_20251208181114_59,1,4.67
De La Salle University,2133.271,495.132,23.21,40.55,80,65,6,15,53,6,2,2,1,8,8,5,81.22,0,0,0,4,1,3,0,3,8,4,50.0,12,5,4,1,25.0,1,0,18,8,44.44,6,12,0,1,7,1,0,3.95,4.27,4.26,3.26,6.33,4.24,0.36,2025-02-26T19:52:18.075519+00:00,932,De_La_Salle_University_20251208181114_932,1,4.24
Ateneo de Manila University,2994.207,1023.121,34.17,55.64,136,102,12,34,91,21,8,3,2,4,5,20,74.65,0,2,0,4,1,3,0,3,10,7,70.0,5,4,10,1,10.0,0,2,32,15,46.88,11,21,0,1,3,0,1,4.59,5.43,5.58,5.15,5.52,5.19,0.466,2025-08-30T15:23:29.075519+00:00,909,Ateneo_de_Manila_University_20251208181114_909,1,5.19
Metro FC,3498.926,676.692,19.34,69.33,121,89,6,32,85,7,6,3,1,6,12,0,73.3,0,1,1,6,1,5,0,7,13,9,69.23,7,5,5,1,20.0,1,0,2,1,50.0,2,0,0,0,3,1,1,5.46,5.86,4.17,4.51,4.04,5.04,0.449,2025-10-27T19:31:59.076519+00:00,536,Metro_FC_20251208181114_536,1,5.04
Mapúa University,2213.321,283.748,12.82,39.71,84,65,6,19,55,8,4,3,2,7,5,10,77.55,0,0,0,3,1,2,0,3,6,4,66.67,8,1,3,1,33.33,0,0,23,10,43.48,7,16,1,0,6,0,0,4.25,4.19,4.35,3.25,7.77,4.47,0.386,2025-11-03T07:11:40.076519+00:00,818,Mapúa_University_20251208181114_818,1,4.47
Lyceum,2206.023,264.723,12.0,42.25,118,93,11,25,88,12,12,5,3,0,0,2,78.79,0,2,0,4,2,2,1,4,15,8,53.33,9,6,11,1,9.09,1,0,21,10,47.62,1,20,0,1,7,0,0,4.56,4.69,4.55,4.32,7.96,4.9,0.433,2025-06-14T21:11:31.076519+00:00,807,Lyceum_20251208181114_807,1,4.9
University of Santo Tomas,3866.097,556.331,14.39,71.25,184,134,16,50,120,15,16,6,4,11,12,17,72.77,0,1,1,7,2,5,1,8,12,7,58.33,2,3,0,0,0.0,1,1,17,6,35.29,5,12,0,0,1,0,0,5.13,4.69,5.64,3.77,7.63,5.17,0.463,2025-10-15T00:20:06.076519+00:00,765,University_of_Santo_Tomas_20251208181114_765,1,5.17
University of the Philippines,3703.085,944.287,25.5,71.92,133,89,16,44,92,15,3,3,3,12,4,6,66.57,0,1,1,9,3,6,0,10,12,8,66.67,6,4,4,0,0.0,2,0,41,25,60.98,8,33,1,3,2,2,0,6.05,4.32,5.12,3.52,4.93,4.91,0.434,2025-11-11T03:54:59.076519+00:00,114,University_of_the_Philippines_20251208181114_114,1,4.91
Valley Rovers,2741.243,545.233,19.89,50.18,117,110,3,7,104,21,3,6,2,0,0,12,93.77,1,4,0,4,1,3,0,4,9,5,55.56,5,1,7,2,28.57,0,0,33,13,39.39,9,24,0,2,8,0,0,3.68,5.33,4.84,5.1,7.48,4.95,0.439,2025-01-19T12:34:33.076519+00:00,971,Valley_Rovers_20251208181114_971,1,4.95
Far Eastern University,2482.255,600.954,24.21,47.95,94,77,2,17,68,14,2,4,3,2,2,4,82.35,0,2,1,6,1,5,1,6,6,4,66.67,15,7,11,2,18.18,2,0,22,15,68.18,6,16,1,1,7,2,0,5.34,4.44,5.05,3.25,5.51,4.75,0.417,2025-01-24T16:30:27.076519+00:00,933,Far_Eastern_University_20251208181114_933,1,4.75
Northbridge FC,2437.376,301.26,12.36,44.0,79,53,5,26,47,4,11,3,0,4,9,5,66.56,0,0,1,7,3,4,0,7,11,9,81.82,0,6,4,1,25.0,2,1,25,19,76.0,6,19,0,3,3,0,0,5.98,5.86,4.76,3.4,7.29,5.47,0.497,2025-05-12T09:14:39.076519+00:00,439,Northbridge_FC_20251208181114_439,1,5.47
University of Santo Tomas,3751.993,458.118,12.21,73.28,273,198,35,75,204,27,11,8,8,10,5,18,72.65,0,4,0,6,3,3,0,6,9,4,44.44,7,5,6,1,16.67,1,1,25,17,68.0,5,20,0,0,3,0,0,4.85,5.02,4.78,4.34,7.01,5.03,0.448,2025-06-25T14:47:20.077520+00:00,752,University_of_Santo_Tomas_20251208181114_752,1,5.03
Brookside United,1143.227,197.778,17.3,21.91,82,52,17,30,58,9,6,4,1,2,3,0,64.0,0,2,0,3,1,2,0,4,5,3,60.0,9,10,6,2,33.33,2,1,2,1,50.0,2,0,1,0,9,0,0,4.38,5.76,4.09,3.95,7.49,4.96,0.44,2025-07-23T03:15:20.077520+00:00,58,Brookside_United_20251208181114_58,1,4.96
Adamson University,3776.748,529.5,14.02,68.79,131,97,12,34,98,17,12,7,2,0,0,18,73.95,0,1,0,7,2,5,0,9,19,12,63.16,5,4,4,0,0.0,3,0,55,25,45.45,3,52,0,3,0,0,0,4.25,4.23,5.37,4.27,7.62,4.81,0.423,2025-02-02T02:49:29.077520+00:00,207,Adamson_University_20251208181114_207,1,4.81
Lyceum,2908.683,790.58,27.18,52.77,108,77,3,31,75,15,4,3,4,3,3,6,71.04,0,1,0,6,2,4,1,5,5,3,60.0,2,6,3,0,0.0,1,0,1,1,100.0,0,1,1,0,7,1,0,4.87,4.79,4.71,2.81,6.33,4.67,0.408,2025-04-23T14:27:03.077520+00:00,335,Lyceum_20251208181114_335,1,4.67
2 Worlds FC,4347.521,578.655,13.31,82.35,204,146,26,58,161,36,17,6,4,0,0,22,71.62,0,3,1,8,3,5,1,8,8,4,50.0,3,4,2,0,0.0,2,0,11,7,63.64,3,8,0,2,2,1,0,4.54,5.5,5.29,4.99,6.73,5.24,0.471,2025-03-08T20:47:07.077520+00:00,402,2_Worlds_FC_20251208181114_402,1,5.24
University of Santo Tomas,2095.076,516.227,24.64,40.58,105,80,5,25,87,15,9,2,5,0,0,6,75.89,0,3,1,4,1,3,0,4,2,1,50.0,4,8,13,3,23.08,1,2,18,10,55.56,5,13,0,0,2,0,0,5.44,5.28,4.08,4.19,7.9,5.19,0.466,2025-09-24T00:21:25.077520+00:00,922,University_of_Santo_Tomas_20251208181114_922,1,5.19
Lakeside Athletic,1843.884,334.112,18.12,34.74,79,56,6,23,60,14,9,2,1,0,0,9,70.27,0,1,0,3,1,2,0,4,4,2,50.0,14,3,11,3,27.27,0,0,19,11,57.89,5,14,1,0,8,0,0,3.4,4.68,5.0,4.11,7.31,4.57,0.397,2025-01-27T22:00:25.077520+00:00,359,Lakeside_Athletic_20251208181114_359,1,4.57
Brookside United,2765.233,357.821,12.94,52.28,108,72,8,36,75,16,7,5,1,2,2,1,66.9,0,2,1,8,4,4,1,9,5,3,60.0,14,6,14,3,21.43,0,1,30,15,50.0,10,20,1,3,6,2,0,4.59,4.93,4.07,4.12,5.99,4.66,0.407,2025-05-13T04:37:17.077520+00:00,501,Brookside_United_20251208181114_501,1,4.66
Metro FC,1606.512,398.415,24.8,29.54,89,68,8,21,57,2,4,2,3,8,13,10,75.98,0,1,0,3,1,2,0,2,0,0,54.63,14,3,12,3,25.0,1,1,11,6,54.55,2,9,0,0,2,0,0,4.18,3.99,4.88,3.85,7.08,4.51,0.39,2025-04-23T08:06:49.078519+00:00,366,Metro_FC_20251208181114_366,1,4.51
Metro FC,2852.992,485.579,17.02,56.86,92,62,8,30,66,8,2,1,2,6,8,11,67.88,0,1,0,3,1,2,0,3,12,3,25.0,12,5,7,1,14.29,1,0,21,10,47.62,7,14,1,0,5,1,0,4.0,4.25,4.19,2.93,6.82,4.24,0.36,2025-11-04T08:57:44.078519+00:00,437,Metro_FC_20251208181114_437,1,4.24
Ateneo de Manila University,3935.112,938.918,23.86,74.07,166,112,17,54,108,32,11,8,5,1,1,13,67.63,0,4,1,8,3,5,1,8,24,10,41.67,6,5,4,0,0.0,1,3,45,19,42.22,3,42,0,2,4,0,0,5.92,5.35,6.06,4.07,7.18,5.66,0.518,2025-06-09T23:28:08.078519+00:00,364,Ateneo_de_Manila_University_20251208181114_364,1,5.66
City United,2383.536,592.309,24.85,46.36,87,70,7,17,71,5,10,5,1,0,0,9,80.49,0,1,1,5,2,3,0,5,3,2,66.67,9,14,8,1,12.5,3,0,26,15,57.69,7,19,0,0,4,1,0,5.42,5.16,4.99,4.98,5.97,5.25,0.472,2025-11-10T11:02:54.078519+00:00,201,City_United_20251208181114_201,1,5.25
Highland Wanderers,3044.642,160.148,5.26,59.81,186,128,19,58,135,16,16,9,5,1,3,15,68.79,0,3,1,4,2,2,0,5,6,5,83.33,5,6,6,1,16.67,2,0,27,16,59.26,8,19,1,3,3,1,0,5.12,7.37,4.69,4.9,6.38,5.76,0.529,2025-03-02T07:09:09.078519+00:00,67,Highland_Wanderers_20251208181114_67,1,5.76
2 Worlds FC,1830.781,318.739,17.41,34.78,56,45,4,11,46,5,6,2,2,0,0,4,79.83,0,0,0,3,1,2,0,4,3,2,66.67,8,15,7,1,14.29,0,1,29,15,51.72,14,15,0,1,2,0,0,4.81,5.64,5.06,3.56,7.43,5.18,0.464,2025-10-05T12:39:19.078519+00:00,328,2_Worlds_FC_20251208181114_328,1,5.18
De La Salle University,2845.71,338.639,11.9,52.88,183,136,13,47,137,14,9,7,1,7,9,2,74.27,0,1,0,5,2,3,1,4,5,2,40.0,7,2,2,0,0.0,1,2,17,10,58.82,3,14,0,2,8,2,0,4.98,4.38,4.89,4.43,5.85,4.8,0.422,2025-11-16T06:07:46.078519+00:00,649,De_La_Salle_University_20251208181114_649,1,4.8
Valley Rovers,3813.337,425.187,11.15,68.49,142,109,8,33,111,16,8,3,4,0,0,13,76.68,0,2,0,6,3,3,0,7,5,2,40.0,7,6,5,0,0.0,0,1,11,7,63.64,3,8,0,0,4,0,0,5.9,4.52,4.34,4.6,7.01,5.13,0.459,2025-05-27T05:31:55.078519+00:00,906,Valley_Rovers_20251208181114_906,1,5.13
Riverside FC,4627.969,735.847,15.9,86.15,229,136,35,93,157,25,5,1,7,19,14,40,59.53,0,1,1,8,3,5,1,8,18,10,55.56,2,1,1,0,0.0,1,1,89,18,20.22,5,84,1,3,2,1,0,6.22,5.39,5.14,4.59,6.28,5.55,0.506,2025-06-06T09:41:28.079519+00:00,714,Riverside_FC_20251208181114_714,1,5.55
Lyceum,2338.631,431.244,18.44,46.3,150,110,13,40,114,10,10,5,2,4,5,21,73.31,0,0,0,4,1,3,0,3,12,5,41.67,12,4,7,2,28.57,0,0,25,10,40.0,8,17,1,3,6,0,0,4.24,5.35,5.9,3.47,7.16,5.07,0.452,2025-07-09T02:48:29.079519+00:00,452,Lyceum_20251208181114_452,1,5.07
Coastal Town,1703.648,381.788,22.41,34.21,84,63,7,21,60,8,9,2,0,2,3,5,74.62,0,2,0,4,2,2,0,4,8,5,62.5,7,5,7,0,0.0,2,1,8,3,37.5,2,6,1,1,1,1,0,4.12,4.55,3.91,3.56,6.24,4.33,0.37,2025-05-14T05:14:26.079519+00:00,929,Coastal_Town_20251208181114_929,1,4.33
2 Worlds FC,3144.758,608.196,19.34,57.54,126,101,7,25,80,9,9,4,5,9,10,9,80.25,0,2,1,7,2,5,1,8,6,2,33.33,7,5,8,2,25.0,2,0,17,11,64.71,5,12,1,1,3,0,0,5.29,4.95,5.12,3.65,6.85,5.09,0.454,2025-11-21T08:11:23.079519+00:00,74,2_Worlds_FC_20251208181114_74,1,5.09
San Beda University,3023.435,989.268,32.72,56.76,207,146,17,61,156,18,13,12,2,3,4,16,70.71,1,5,1,6,2,4,1,5,1,1,100.0,11,2,2,1,50.0,1,1,28,20,71.43,4,24,0,2,6,1,0,5.57,3.98,4.58,4.46,6.1,4.82,0.424,2025-06-05T16:38:14.079519+00:00,813,San_Beda_University_20251208181114_813,1,4.82
University of Santo Tomas,1383.368,492.341,35.59,24.98,48,39,2,9,27,4,1,0,1,6,9,2,80.24,0,1,0,3,1,2,0,3,5,3,60.0,15,2,12,3,25.0,0,0,11,4,36.36,2,9,0,0,7,1,0,4.57,4.48,4.42,4.31,5.88,4.61,0.401,2025-09-15T05:50:34.079519+00:00,88,University_of_Santo_Tomas_20251208181114_88,1,4.61
Adamson University,3934.382,1070.939,27.22,73.27,248,190,13,58,175,18,8,3,2,20,22,11,76.74,1,8,0,7,2,5,1,6,9,4,44.44,6,3,2,0,0.0,0,0,15,7,46.67,0,15,0,3,4,0,0,5.01,5.05,4.83,4.24,6.83,5.06,0.451,2025-11-12T16:26:57.079519+00:00,689,Adamson_University_20251208181114_689,1,5.06
University of the Philippines,2193.174,288.622,13.16,39.28,93,65,9,28,56,9,4,1,0,8,14,3,69.71,0,2,0,3,1,2,0,4,2,1,50.0,8,0,6,1,16.67,1,0,22,8,36.36,9,13,0,3,7,1,0,3.56,4.6,3.87,4.34,6.07,4.27,0.363,2025-03-27T14:37:46.079519+00:00,127,University_of_the_Philippines_20251208181114_127,1,4.27
Riverside FC,3984.277,852.237,21.39,71.69,160,116,15,44,100,11,7,6,3,9,25,18,72.61,0,3,1,8,1,7,0,8,12,5,41.67,1,2,5,0,0.0,2,0,41,20,48.78,12,29,1,1,3,2,0,5.42,4.24,4.97,3.84,6.04,4.84,0.427,2025-01-27T17:03:00.080519+00:00,413,Riverside_FC_20251208181114_413,1,4.84
Ateneo de Manila University,2511.932,451.394,17.97,49.88,42,31,4,11,31,5,3,0,1,1,1,5,72.76,0,1,0,5,1,4,0,4,6,3,50.0,5,4,4,1,25.0,2,0,15,6,40.0,2,13,0,0,5,1,0,5.08,5.03,4.65,4.34,5.7,4.94,0.438,2025-08-30T19:54:06.080519+00:00,777,Ateneo_de_Manila_University_20251208181114_777,1,4.94
San Beda University,2498.608,503.47,20.15,47.4,111,84,6,27,64,4,7,5,2,11,18,1,75.52,0,2,0,4,1,3,0,6,13,5,38.46,9,5,2,0,0.0,2,0,22,12,54.55,3,19,1,1,6,0,0,3.68,4.27,5.31,4.2,7.14,4.59,0.399,2025-11-04T13:02:09.080519+00:00,77,San_Beda_University_20251208181114_77,1,4.59
Valley Rovers,3944.145,205.884,5.22,72.2,280,202,29,78,218,20,0,9,4,13,16,39,72.19,0,1,1,5,1,4,0,5,18,9,50.0,3,6,4,1,25.0,1,0,22,12,54.55,2,20,1,1,6,0,0,5.27,4.82,4.26,4.54,6.99,5.01,0.446,2025-08-21T04:16:39.080519+00:00,885,Valley_Rovers_20251208181114_885,1,5.01
Lakeside Athletic,2350.797,421.028,17.91,45.32,139,101,4,38,90,11,7,3,4,7,17,1,73.01,0,2,0,2,1,1,0,3,8,6,75.0,9,9,16,3,18.75,2,0,12,6,50.0,3,9,0,0,9,0,0,4.5,4.42,4.75,4.59,6.22,4.71,0.412,2025-08-09T01:15:22.080519+00:00,193,Lakeside_Athletic_20251208181114_193,1,4.71
Metro FC,3416.328,422.941,12.38,62.71,155,121,8,34,95,24,11,7,3,9,6,14,77.96,1,4,0,3,1,2,0,4,8,5,62.5,2,4,3,0,0.0,1,0,44,24,54.55,9,35,0,1,2,2,0,4.19,4.55,5.76,4.24,5.02,4.69,0.41,2025-08-13T07:19:27.080519+00:00,148,Metro_FC_20251208181114_148,1,4.69
Far Eastern University,3659.67,182.984,5.0,67.46,105,75,9,30,75,14,9,2,3,1,1,3,71.44,0,2,1,8,3,5,1,6,9,5,55.56,9,0,5,1,20.0,1,1,4,1,25.0,1,3,0,3,6,0,0,5.44,4.55,5.5,4.24,6.86,5.18,0.464,2024-12-23T19:33:26.080519+00:00,345,Far_Eastern_University_20251208181114_345,1,5.18
De La Salle University,2498.019,124.901,5.0,47.74,123,96,9,27,89,11,15,3,3,1,1,6,78.12,0,2,1,5,2,3,0,5,10,4,40.0,8,4,3,1,33.33,1,0,8,4,50.0,0,8,0,1,3,0,0,5.8,4.59,5.2,4.84,7.84,5.41,0.49,2024-12-16T04:16:47.080519+00:00,5,De_La_Salle_University_20251208181114_5,1,5.41
San Beda University,3171.944,693.387,21.86,59.64,177,138,5,39,114,19,11,8,3,14,8,1,77.81,0,4,1,6,2,4,1,5,18,6,33.33,7,2,2,0,0.0,2,0,24,12,50.0,8,16,0,0,6,0,0,5.31,6.88,4.46,3.81,6.83,5.52,0.502,2025-07-06T22:25:23.081521+00:00,338,San_Beda_University_20251208181114_338,1,5.52
Mapúa University,3641.408,864.47,23.74,68.53,189,144,12,45,122,27,1,0,2,10,26,25,76.34,1,5,1,9,2,7,0,11,5,3,60.0,6,4,7,2,28.57,1,1,21,15,71.43,3,18,2,0,3,1,0,6.03,5.31,4.93,5.02,6.19,5.48,0.498,2025-08-25T21:04:17.081521+00:00,919,Mapúa_University_20251208181114_919,1,5.48
San Beda University,675.784,116.1,17.18,12.96,30,19,5,11,23,4,2,0,1,0,0,1,62.71,0,1,0,1,0,1,0,1,3,1,33.33,11,10,8,1,12.5,3,0,7,2,28.57,1,6,1,0,16,2,0,3.42,4.94,3.99,4.24,5.4,4.27,0.363,2025-01-04T17:00:17.081521+00:00,624,San_Beda_University_20251208181114_624,1,4.27
Riverside FC,2409.555,375.168,15.57,43.07,99,73,11,26,74,9,1,4,2,2,7,2,73.9,0,2,1,6,1,5,1,6,8,5,62.5,17,4,10,2,20.0,2,0,20,7,35.0,8,12,1,1,11,3,0,5.51,5.95,4.62,4.36,4.48,5.19,0.466,2025-03-11T00:45:07.081521+00:00,553,Riverside_FC_20251208181114_553,1,5.19
2 Worlds FC,4089.494,1190.452,29.11,76.05,152,138,1,14,113,18,7,6,5,2,1,5,90.94,1,5,0,7,3,4,0,10,5,3,60.0,2,2,3,1,33.33,0,0,40,25,62.5,13,27,0,2,4,0,0,6.64,5.4,4.94,3.94,6.94,5.6,0.511,2025-04-10T21:35:06.081521+00:00,252,2_Worlds_FC_20251208181114_252,1,5.6
Valley Rovers,1751.397,445.205,25.42,33.16,74,57,4,17,61,14,6,3,1,0,0,4,77.26,0,1,0,3,1,2,0,4,5,3,60.0,9,8,10,1,10.0,1,0,23,12,52.17,5,18,0,3,7,0,0,4.56,5.22,5.01,3.85,7.2,5.0,0.444,2024-12-17T15:42:22.081521+00:00,796,Valley_Rovers_20251208181114_796,1,5.0
Ateneo de Manila University,2975.878,398.172,13.38,58.89,97,74,9,23,71,12,8,5,1,0,0,8,75.99,0,1,0,6,2,4,1,8,12,9,75.0,1,8,7,2,28.57,0,0,20,11,55.0,5,15,0,2,3,0,0,5.85,4.33,5.1,3.98,7.66,5.19,0.466,2025-12-05T14:42:17.081521+00:00,890,Ateneo_de_Manila_University_20251208181114_890,1,5.19
City United,3242.086,340.095,10.49,59.64,163,107,15,56,110,19,9,6,4,8,8,15,65.83,0,3,1,6,2,4,0,5,5,3,60.0,2,2,4,1,25.0,1,0,46,16,34.78,13,33,0,2,1,0,0,5.05,4.3,5.8,3.04,7.36,4.94,0.438,2025-04-17T07:09:58.081521+00:00,46,City_United_20251208181114_46,1,4.94
University of the Philippines,4038.568,583.169,14.44,78.24,152,106,8,46,101,16,13,7,1,6,8,11,69.9,0,0,1,7,2,5,0,9,15,6,40.0,5,2,5,1,20.0,0,0,60,26,43.33,15,45,1,2,2,0,0,5.19,5.72,4.38,3.55,6.74,5.1,0.456,2025-01-27T21:23:06.082523+00:00,811,University_of_the_Philippines_20251208181114_811,1,5.1
Ateneo de Manila University,1468.117,248.112,16.9,26.74,92,66,12,26,65,10,9,2,2,2,2,8,71.81,0,1,0,3,1,2,0,4,8,4,50.0,7,4,15,4,26.67,1,0,9,4,44.44,4,5,0,1,6,1,0,4.84,5.48,5.21,4.14,6.14,5.13,0.459,2025-09-06T03:46:10.082523+00:00,782,Ateneo_de_Manila_University_20251208181114_782,1,5.13
Lyceum,3478.515,739.88,21.27,62.91,95,76,3,19,68,11,8,3,3,1,1,8,80.13,0,1,1,7,3,4,1,7,13,5,38.46,2,2,7,1,14.29,0,2,25,8,32.0,3,22,1,3,5,1,0,5.38,4.97,5.24,4.18,6.34,5.17,0.463,2025-11-18T19:01:32.082523+00:00,934,Lyceum_20251208181114_934,1,5.17
Ateneo de Manila University,2398.636,371.549,15.49,46.46,117,99,5,18,76,17,10,4,4,2,3,13,84.26,0,2,1,6,3,3,0,5,1,0,0.0,9,11,1,0,0.0,2,1,17,9,52.94,3,14,1,1,2,1,0,6.97,4.98,4.33,4.1,6.84,5.47,0.497,2025-08-02T23:35:04.082523+00:00,443,Ateneo_de_Manila_University_20251208181114_443,1,5.47
University of the Philippines,2560.775,496.022,19.37,48.5,123,97,6,26,97,10,18,5,2,0,0,12,79.26,0,2,0,4,2,2,1,5,7,5,71.43,8,5,7,2,28.57,1,1,10,4,40.0,4,6,0,1,7,1,0,5.14,5.87,4.99,3.33,5.96,5.14,0.46,2025-05-21T07:03:46.082523+00:00,914,University_of_the_Philippines_20251208181114_914,1,5.14
De La Salle University,953.858,239.609,25.12,17.82,59,48,2,11,40,8,7,3,1,0,1,4,81.28,0,1,0,2,1,1,0,1,7,6,85.71,5,2,4,1,25.0,3,0,5,3,60.0,2,3,0,0,18,1,0,3.88,6.1,4.69,3.04,6.68,4.83,0.426,2025-10-01T15:28:38.082523+00:00,81,De_La_Salle_University_20251208181114_81,1,4.83
Highland Wanderers,1338.319,412.336,30.81,25.5,60,41,4,19,43,5,5,2,1,2,2,2,67.59,0,1,0,2,1,1,0,2,4,2,50.0,12,8,11,2,18.18,4,0,5,3,60.0,1,4,0,1,10,0,0,3.88,4.87,4.22,5.64,7.05,4.79,0.421,2025-08-05T21:59:08.082523+00:00,673,Highland_Wanderers_20251208181114_673,1,4.79
Valley Rovers,2740.598,192.938,7.04,52.38,119,84,8,35,80,16,4,1,3,9,6,9,70.35,0,4,1,4,1,3,0,4,10,5,50.0,5,9,7,1,14.29,1,0,24,14,58.33,7,17,1,2,5,0,0,4.24,5.0,4.53,3.63,7.45,4.75,0.417,2025-03-16T20:23:59.082523+00:00,117,Valley_Rovers_20251208181114_117,1,4.75
Northbridge FC,3308.296,579.613,17.52,61.45,146,105,9,41,92,16,11,3,1,10,12,17,71.64,0,3,1,8,2,6,1,10,10,6,60.0,3,1,6,1,16.67,0,1,27,11,40.74,4,23,1,2,4,0,0,6.07,4.67,4.69,3.69,7.28,5.19,0.466,2025-04-06T09:22:41.083525+00:00,644,Northbridge_FC_20251208181114_644,1,5.19
San Beda University,1343.228,138.084,10.28,26.35,58,45,5,13,41,8,5,1,2,0,0,4,78.35,0,2,0,3,1,2,0,4,4,3,75.0,11,8,10,0,0.0,1,0,3,2,66.67,1,2,1,2,11,1,0,4.67,4.63,4.64,4.19,6.99,4.82,0.424,2025-11-24T17:05:54.083525+00:00,694,San_Beda_University_20251208181114_694,1,4.82
Northbridge FC,2410.13,575.057,23.86,44.91,88,61,8,27,71,11,5,2,3,0,0,5,69.22,0,3,0,6,2,4,0,4,10,7,70.0,5,7,8,2,25.0,1,1,40,25,62.5,11,29,0,1,7,1,0,4.41,4.96,4.0,3.19,6.79,4.55,0.394,2025-01-20T12:08:36.083525+00:00,82,Northbridge_FC_20251208181114_82,1,4.55
Valley Rovers,3229.452,460.197,14.25,58.12,133,96,17,37,99,19,1,4,3,2,4,10,72.42,1,4,0,6,2,4,0,8,4,3,75.0,1,4,8,2,25.0,1,1,33,20,60.61,11,22,0,3,6,0,0,5.35,4.81,4.81,4.4,7.03,5.13,0.459,2025-03-11T17:02:17.083525+00:00,904,Valley_Rovers_20251208181114_904,1,5.13
Far Eastern University,2168.596,196.909,9.08,39.47,111,76,14,35,73,11,6,3,3,7,7,16,68.8,0,1,0,2,1,1,0,2,9,4,44.44,5,3,13,2,15.38,0,0,9,5,55.56,2,7,0,0,6,0,0,5.02,4.35,3.84,3.73,7.55,4.67,0.408,2025-10-26T09:45:37.083525+00:00,390,Far_Eastern_University_20251208181114_390,1,4.67
University of Santo Tomas,2364.618,218.491,9.24,43.95,130,104,7,26,91,20,9,7,3,0,0,1,80.3,0,2,0,4,1,3,0,4,5,3,60.0,6,0,10,2,20.0,2,0,20,7,35.0,5,15,1,2,0,0,0,5.44,4.32,5.48,5.53,7.22,5.33,0.481,2025-08-03T20:02:03.083525+00:00,323,University_of_Santo_Tomas_20251208181114_323,1,5.33
University of the Philippines,2868.843,846.882,29.52,51.09,135,90,15,45,78,6,15,6,4,12,15,11,66.35,0,3,1,5,1,4,0,5,11,6,54.55,4,4,5,1,20.0,2,0,27,13,48.15,8,19,0,2,2,1,0,4.57,4.31,5.14,3.75,6.36,4.68,0.409,2025-11-03T01:10:25.083525+00:00,726,University_of_the_Philippines_20251208181114_726,1,4.68
San Beda University,3156.853,481.42,15.25,58.58,185,140,19,45,127,14,13,6,2,15,8,11,75.41,0,2,0,6,2,4,0,6,11,7,63.64,4,1,4,1,25.0,0,1,31,14,45.16,5,26,2,1,2,0,0,4.53,5.63,5.11,3.86,7.69,5.18,0.464,2025-05-14T05:43:10.083525+00:00,920,San_Beda_University_20251208181114_920,1,5.18
City United,2899.191,745.382,25.71,57.54,125,82,10,43,89,19,8,4,3,1,2,3,65.61,0,2,0,6,2,4,0,8,7,3,42.86,9,7,12,2,16.67,1,1,31,15,48.39,6,25,2,0,7,0,0,4.64,4.39,4.89,3.27,7.46,4.71,0.412,2025-05-23T22:02:18.083525+00:00,963,City_United_20251208181114_963,1,4.71
Lakeside Athletic,3074.078,354.134,11.52,61.14,59,40,7,19,40,7,4,2,0,1,4,8,67.95,0,1,1,8,2,6,0,9,8,5,62.5,7,3,2,0,0.0,0,1,20,12,60.0,2,18,0,2,4,0,0,6.94,4.88,4.27,4.63,6.81,5.49,0.499,2025-08-09T09:03:56.084519+00:00,680,Lakeside_Athletic_20251208181114_680,1,5.49
Far Eastern University,1885.671,94.284,5.0,34.68,100,83,8,17,70,2,5,4,3,5,12,5,82.57,1,4,0,4,2,2,0,5,11,7,63.64,5,9,12,2,16.67,0,2,12,6,50.0,3,9,2,0,12,1,0,5.59,4.57,5.53,4.02,7.14,5.23,0.47,2025-01-23T16:19:19.084519+00:00,487,Far_Eastern_University_20251208181114_487,1,5.23
Highland Wanderers,2264.224,572.396,25.28,43.29,125,93,20,32,91,12,4,0,3,12,4,8,74.68,0,4,1,6,2,4,1,7,7,3,42.86,8,8,11,2,18.18,0,1,23,13,56.52,3,20,0,1,0,1,0,5.89,4.35,4.61,4.25,6.87,5.07,0.452,2025-06-28T19:24:26.084519+00:00,874,Highland_Wanderers_20251208181114_874,1,5.07
Brookside United,3824.323,897.951,23.48,72.85,198,167,4,31,141,34,19,8,4,0,0,8,84.28,0,3,1,6,2,4,0,5,8,5,62.5,5,1,5,1,20.0,1,0,12,6,50.0,5,7,0,4,4,0,0,5.04,3.52,4.62,3.95,7.32,4.61,0.401,2025-08-17T10:08:56.084519+00:00,606,Brookside_United_20251208181114_606,1,4.61
Ateneo de Manila University,2276.285,257.22,11.3,44.33,79,60,2,19,61,12,6,2,1,0,0,2,76.01,0,1,0,3,1,2,0,3,9,6,66.67,13,6,12,2,16.67,2,1,25,12,48.0,8,17,0,1,8,1,0,4.39,5.9,4.25,3.57,6.21,4.85,0.428,2025-08-14T01:36:28.084519+00:00,437,Ateneo_de_Manila_University_20251208181114_437,1,4.85
Northbridge FC,1976.509,277.897,14.06,37.4,53,41,4,12,46,9,4,1,0,0,0,6,77.56,0,1,0,4,1,3,0,5,3,1,33.33,11,7,13,2,15.38,1,0,15,9,60.0,5,10,0,3,4,0,0,3.29,4.29,3.38,3.91,7.35,4.08,0.342,2025-09-12T14:09:34.084519+00:00,201,Northbridge_FC_20251208181114_201,1,4.08
Ateneo de Manila University,4125.587,668.345,16.2,78.23,163,127,12,36,122,20,15,2,6,0,0,12,77.75,1,4,1,9,3,6,0,9,7,4,57.14,1,1,1,0,0.0,1,2,29,11,37.93,13,16,2,3,2,1,0,5.85,3.53,4.68,3.94,6.2,4.73,0.414,2025-09-11T10:36:53.084519+00:00,910,Ateneo_de_Manila_University_20251208181114_910,1,4.73
Ateneo de Manila University,2551.997,484.879,19.0,48.51,140,118,6,22,106,24,9,7,3,0,0,18,84.1,1,6,0,5,2,3,0,3,1,0,0.0,10,7,6,1,16.67,2,0,7,2,28.57,2,5,1,1,7,1,0,5.02,5.42,5.08,4.3,6.37,5.18,0.464,2024-12-21T22:17:11.084519+00:00,14,Ateneo_de_Manila_University_20251208181114_14,1,5.18
Lyceum,2595.463,446.16,17.19,47.37,108,74,9,34,85,9,7,2,2,1,2,4,68.98,0,2,0,6,1,5,1,6,6,4,66.67,10,6,10,2,20.0,2,1,26,17,65.38,15,11,0,0,9,1,0,5.4,5.6,4.44,4.21,6.54,5.21,0.468,2024-12-15T07:02:38.085524+00:00,298,Lyceum_20251208181114_298,1,5.21
Coastal Town,2978.427,704.994,23.67,53.84,160,99,10,61,113,16,17,3,4,3,5,8,61.78,0,3,1,5,2,3,0,4,14,8,57.14,6,9,7,1,14.29,1,1,10,6,60.0,2,8,1,0,2,2,0,5.63,5.69,4.6,3.9,5.48,5.18,0.464,2025-06-04T20:28:42.085524+00:00,415,Coastal_Town_20251208181114_415,1,5.18
University of Santo Tomas,1919.426,392.139,20.43,37.06,54,41,3,13,39,1,1,3,2,5,4,0,75.46,0,1,0,1,0,1,0,1,1,1,100.0,11,0,5,2,40.0,0,0,25,14,56.0,9,16,0,1,6,0,0,3.43,4.26,4.09,4.85,7.22,4.37,0.374,2025-07-22T01:29:37.085524+00:00,47,University_of_Santo_Tomas_20251208181114_47,1,4.37
Riverside FC,2538.282,363.228,14.31,47.92,80,50,9,30,53,8,3,0,1,11,4,6,62.4,0,1,0,3,1,2,0,3,11,6,54.55,6,5,8,0,0.0,1,0,0,0,31.43,0,0,1,2,1,0,0,3.69,5.8,4.19,4.59,7.18,4.86,0.429,2025-02-17T01:10:10.085524+00:00,698,Riverside_FC_20251208181114_698,1,4.86
Metro FC,2984.449,431.253,14.45,58.23,76,54,6,22,53,9,8,0,0,3,2,0,70.65,0,1,1,7,2,5,1,6,18,7,38.89,7,6,2,1,50.0,2,1,24,17,70.83,11,13,0,3,5,1,0,4.84,4.47,3.5,4.34,6.93,4.61,0.401,2025-06-22T19:22:15.085524+00:00,714,Metro_FC_20251208181114_714,1,4.61
Northbridge FC,3913.032,871.824,22.28,72.14,130,82,20,48,83,15,5,4,2,7,13,6,63.19,0,3,1,10,5,5,1,5,18,17,94.44,3,2,3,0,0.0,1,2,19,11,57.89,8,11,1,2,2,0,0,5.66,5.1,4.79,3.54,8.06,5.27,0.474,2025-05-12T21:00:37.085524+00:00,759,Northbridge_FC_20251208181114_759,1,5.27
Northbridge FC,2625.312,631.125,24.04,50.6,113,87,11,26,66,15,12,7,2,4,6,5,76.6,0,2,0,5,2,3,0,5,8,5,62.5,8,5,11,2,18.18,3,1,19,12,63.16,2,17,1,1,5,0,0,4.8,5.13,4.61,3.74,7.37,4.96,0.44,2025-06-06T21:40:02.085524+00:00,619,Northbridge_FC_20251208181114_619,1,4.96
Mapúa University,1873.725,361.629,19.3,34.29,113,84,14,29,89,11,9,3,1,0,0,14,74.65,0,2,0,4,2,2,0,4,6,3,50.0,6,9,5,1,20.0,0,0,18,12,66.67,4,14,3,2,8,2,1,3.71,4.22,4.76,3.55,3.85,4.05,0.339,2025-01-12T13:12:11.085524+00:00,819,Mapúa_University_20251208181114_819,1,4.05
Coastal Town,2400.122,528.507,22.02,43.45,169,119,2,50,125,19,11,7,6,1,1,22,70.36,0,5,0,2,1,1,0,2,9,3,33.33,11,5,4,0,0.0,1,1,0,0,57.46,1,0,0,0,7,2,0,5.78,4.56,4.45,2.85,5.11,4.7,0.411,2025-10-11T04:15:54.086519+00:00,420,Coastal_Town_20251208181114_420,1,4.7
University of Santo Tomas,3578.707,806.641,22.54,66.12,116,75,19,41,71,10,10,1,4,13,6,11,64.61,0,3,1,8,4,4,1,9,0,0,23.89,5,2,6,1,16.67,1,2,10,5,50.0,5,5,0,4,1,1,0,5.67,3.45,4.0,4.0,6.31,4.54,0.393,2025-10-29T12:05:32.086519+00:00,746,University_of_Santo_Tomas_20251208181114_746,1,4.54
Riverside FC,2264.288,383.344,16.93,43.91,88,70,8,18,56,10,5,2,0,8,6,2,79.36,0,2,0,3,1,2,0,5,10,7,70.0,4,7,8,2,25.0,2,0,23,11,47.83,4,19,0,2,6,0,0,5.22,4.42,5.3,4.13,7.64,5.1,0.456,2025-09-20T03:39:52.086519+00:00,1000,Riverside_FC_20251208181114_1000,1,5.1
Valley Rovers,2174.218,569.21,26.18,39.65,135,104,13,31,102,15,2,4,2,5,6,11,76.72,0,1,1,5,2,3,0,4,7,3,42.86,0,4,10,0,0.0,1,0,23,14,60.87,7,16,0,2,11,1,0,5.89,4.44,5.63,4.06,7.16,5.3,0.478,2025-11-29T15:06:07.086519+00:00,63,Valley_Rovers_20251208181114_63,1,5.3
Northbridge FC,3497.068,803.277,22.97,64.65,111,84,8,27,90,13,2,4,3,0,0,0,75.32,0,2,1,7,3,4,0,7,15,13,86.67,1,2,3,0,0.0,2,1,36,17,47.22,10,26,2,2,5,0,0,5.64,5.08,4.23,4.0,7.37,5.14,0.46,2025-09-23T05:30:59.086519+00:00,619,Northbridge_FC_20251208181114_619,1,5.14
Lyceum,3170.193,370.279,11.68,60.1,81,68,3,13,65,10,6,3,2,0,0,4,84.21,0,1,0,5,1,4,0,4,18,8,44.44,11,7,6,1,16.67,3,1,16,6,37.5,4,12,0,1,5,0,0,4.69,5.77,4.92,5.01,6.95,5.31,0.479,2025-06-04T14:48:16.086519+00:00,579,Lyceum_20251208181114_579,1,5.31
Adamson University,1310.126,276.961,21.14,24.42,70,50,9,20,42,11,4,0,1,4,8,1,71.58,0,1,0,2,1,1,0,2,3,2,66.67,8,11,10,1,10.0,3,0,6,3,50.0,4,2,0,1,8,1,0,4.26,4.41,4.92,3.73,6.17,4.55,0.394,2025-05-31T09:19:20.086519+00:00,245,Adamson_University_20251208181114_245,1,4.55
2 Worlds FC,2880.209,510.373,17.72,51.44,121,90,15,31,83,25,5,0,2,4,2,0,73.98,0,3,0,4,1,3,0,3,12,6,50.0,6,5,6,1,16.67,0,1,33,15,45.45,10,23,0,2,8,0,0,4.76,4.65,5.48,4.52,7.47,5.11,0.457,2025-06-22T07:23:31.086519+00:00,149,2_Worlds_FC_20251208181114_149,1,5.11
Highland Wanderers,3176.24,821.058,25.85,57.42,171,130,9,41,114,20,0,1,5,9,22,3,75.96,0,2,0,6,2,4,1,9,4,2,50.0,6,6,7,1,14.29,1,1,34,20,58.82,10,24,0,0,6,0,0,5.52,3.95,4.41,4.22,5.99,4.72,0.413,2025-03-15T01:24:07.087519+00:00,847,Highland_Wanderers_20251208181114_847,1,4.72
Coastal Town,3111.815,479.531,15.41,60.33,139,90,12,49,100,21,10,6,4,0,0,11,64.63,1,3,1,8,2,6,1,8,6,5,83.33,5,3,5,1,20.0,0,1,17,14,82.35,4,13,2,1,3,0,0,4.84,3.66,5.68,3.22,7.59,4.73,0.414,2025-09-30T13:22:12.087519+00:00,339,Coastal_Town_20251208181114_339,1,4.73
National University,4227.464,293.809,6.95,76.95,234,156,30,78,149,21,26,0,5,15,17,16,66.63,1,4,1,9,4,5,1,12,14,6,42.86,1,2,4,1,25.0,1,1,36,19,52.78,7,29,2,3,3,0,0,6.25,5.08,4.63,2.94,6.9,5.2,0.467,2025-07-09T05:33:50.087519+00:00,889,National_University_20251208181114_889,1,5.2
Brookside United,2870.417,322.061,11.22,54.17,115,87,10,28,86,15,6,4,2,1,1,4,75.72,0,4,1,4,1,3,0,4,6,3,50.0,5,8,5,1,20.0,0,0,16,6,37.5,3,13,2,1,6,1,0,5.38,4.17,5.04,4.45,6.07,4.91,0.434,2025-09-14T10:33:21.087519+00:00,883,Brookside_United_20251208181114_883,1,4.91
University of Santo Tomas,4240.341,826.018,19.48,75.99,75,53,6,22,56,11,6,1,1,0,0,2,71.33,0,2,1,7,3,4,0,8,21,10,47.62,3,3,7,1,14.29,1,0,24,12,50.0,10,14,1,0,3,0,0,5.46,5.69,5.54,5.45,7.7,5.76,0.529,2025-04-20T23:59:37.087519+00:00,940,University_of_Santo_Tomas_20251208181114_940,1,5.76
Ateneo de Manila University,3404.745,680.609,19.99,66.33,180,111,18,69,112,25,12,1,4,11,15,11,61.77,0,4,1,9,3,6,1,9,8,4,50.0,7,2,7,2,28.57,0,2,53,15,28.3,11,42,0,3,5,0,0,5.08,4.12,4.82,4.28,6.88,4.83,0.426,2025-01-12T01:25:51.087519+00:00,58,Ateneo_de_Manila_University_20251208181114_58,1,4.83
National University,1601.595,413.051,25.79,28.94,71,49,6,22,54,8,2,0,1,2,4,6,69.23,0,1,0,3,1,2,0,3,5,3,60.0,7,4,14,4,28.57,1,1,4,2,50.0,2,2,0,2,11,1,0,4.7,4.74,4.51,3.67,6.9,4.75,0.417,2025-11-24T13:54:56.087519+00:00,541,National_University_20251208181114_541,1,4.75
National University,2394.622,119.731,5.0,42.91,92,75,6,17,70,11,8,2,1,0,0,3,81.76,0,2,0,5,1,4,0,7,12,8,66.67,12,2,8,0,0.0,2,0,7,4,57.14,0,7,1,1,4,1,0,4.73,4.46,3.58,4.57,6.46,4.58,0.398,2025-01-10T09:26:58.087519+00:00,739,National_University_20251208181114_739,1,4.58
Metro FC,1563.403,221.691,14.18,29.75,74,52,10,22,59,5,7,1,0,0,1,5,70.55,0,0,0,4,2,2,0,4,1,1,100.0,16,9,12,3,25.0,1,0,24,7,29.17,6,18,0,1,9,3,0,4.0,4.81,4.55,3.8,4.94,4.4,0.378,2025-03-03T13:02:08.087519+00:00,138,Metro_FC_20251208181114_138,1,4.4
Lyceum,3205.53,670.597,20.92,64.05,124,88,7,36,83,23,5,4,1,4,4,10,71.26,0,3,1,5,3,2,0,4,16,11,68.75,8,7,7,1,14.29,0,0,27,14,51.85,11,16,0,1,4,0,0,4.44,5.77,4.49,5.26,7.64,5.26,0.473,2025-10-25T14:02:32.088519+00:00,974,Lyceum_20251208181114_974,1,5.26
Adamson University,2034.411,712.451,35.02,36.32,104,72,8,32,71,14,7,6,1,2,4,12,69.38,0,2,1,6,2,4,0,7,12,8,66.67,10,7,9,2,22.22,0,1,17,9,52.94,4,13,0,1,9,1,0,5.43,5.75,4.31,4.64,6.04,5.25,0.472,2025-11-19T23:30:17.088519+00:00,820,Adamson_University_20251208181114_820,1,5.25
Far Eastern University,1230.175,251.94,20.48,22.77,49,26,8,23,32,6,4,2,2,1,1,2,52.38,0,1,0,2,1,1,0,2,1,1,100.0,10,12,15,3,20.0,1,2,14,9,64.29,4,10,0,1,6,1,0,4.14,5.21,4.38,4.17,6.88,4.77,0.419,2025-05-22T05:37:42.088519+00:00,72,Far_Eastern_University_20251208181114_72,1,4.77
Ateneo de Manila University,2437.72,255.473,10.48,44.69,153,114,7,39,104,15,13,6,3,5,7,16,74.75,0,3,0,4,2,2,0,4,9,3,33.33,1,7,11,2,18.18,2,0,13,4,30.77,4,9,1,1,3,0,0,5.12,4.63,4.48,3.66,6.95,4.83,0.426,2025-08-04T10:14:35.088519+00:00,847,Ateneo_de_Manila_University_20251208181114_847,1,4.83
Lakeside Athletic,386.989,101.546,26.24,7.76,20,15,2,5,14,3,1,1,0,0,0,2,74.01,0,0,0,1,0,1,0,1,3,2,66.67,5,4,6,1,16.67,3,0,2,1,50.0,2,0,0,0,7,1,0,2.9,5.34,4.16,4.22,6.2,4.35,0.372,2025-10-10T21:12:43.088519+00:00,61,Lakeside_Athletic_20251208181114_61,1,4.35
Riverside FC,2979.13,557.991,18.73,57.63,131,85,19,46,93,22,5,3,2,2,3,18,64.69,1,5,1,5,2,3,0,4,1,1,100.0,6,6,1,0,0.0,2,1,16,7,43.75,5,11,0,3,2,0,0,5.24,5.11,5.18,3.96,7.2,5.21,0.468,2025-10-29T04:43:15.088519+00:00,801,Riverside_FC_20251208181114_801,1,5.21
Lakeside Athletic,1963.813,295.357,15.04,36.91,54,41,4,13,30,9,4,2,1,5,3,2,76.0,0,1,0,4,1,3,0,5,5,3,60.0,12,6,4,1,25.0,2,2,18,5,27.78,5,13,1,3,6,1,0,5.79,4.7,4.21,5.13,6.36,5.13,0.459,2025-06-10T03:14:59.088519+00:00,183,Lakeside_Athletic_20251208181114_183,1,5.13
Riverside FC,5062.021,972.92,19.22,91.71,389,259,41,130,263,40,17,12,9,29,20,37,66.48,2,9,1,12,5,7,1,14,19,9,47.37,0,2,2,0,0.0,1,3,41,21,51.22,12,29,1,1,0,1,0,5.61,4.05,5.28,4.67,6.35,5.05,0.45,2025-11-29T09:25:45.088519+00:00,30,Riverside_FC_20251208181114_30,1,5.05
Mapúa University,4113.082,737.476,17.93,77.46,266,191,14,75,152,33,14,7,4,17,40,22,71.86,1,6,1,9,2,7,0,11,7,4,57.14,4,3,4,1,25.0,0,0,14,8,57.14,4,10,1,3,2,2,0,5.04,4.44,5.14,4.43,5.59,4.86,0.429,2025-07-05T01:24:16.089519+00:00,836,Mapúa_University_20251208181114_836,1,4.86
Northbridge FC,2715.663,201.231,7.41,52.48,145,94,15,51,109,21,9,6,4,0,0,11,64.5,0,1,0,5,2,3,0,3,14,10,71.43,6,9,0,0,0.0,1,1,4,2,50.0,0,4,0,2,3,0,0,4.33,5.58,3.95,3.55,7.04,4.77,0.419,2025-03-06T10:49:59.089519+00:00,679,Northbridge_FC_20251208181114_679,1,4.77
Adamson University,1243.48,127.83,10.28,24.49,47,34,5,13,35,0,3,2,1,3,2,3,71.43,0,0,0,2,1,1,0,2,0,0,19.07,25,5,8,1,12.5,2,0,9,4,44.44,1,8,1,0,7,2,0,4.09,5.87,4.14,4.5,5.46,4.79,0.421,2025-02-16T01:31:52.089519+00:00,495,Adamson_University_20251208181114_495,1,4.79
City United,2471.272,427.777,17.31,47.85,99,72,7,27,67,11,1,1,2,7,10,5,72.72,0,3,0,6,2,4,1,4,8,3,37.5,5,3,5,1,20.0,3,2,16,6,37.5,9,7,1,1,2,0,0,4.46,4.31,4.39,4.75,7.26,4.72,0.413,2025-06-07T10:47:12.089519+00:00,820,City_United_20251208181114_820,1,4.72
Highland Wanderers,2996.833,273.311,9.12,57.61,163,154,1,9,115,10,11,6,3,4,14,21,94.45,0,3,0,3,1,2,0,3,17,11,64.71,6,2,5,0,0.0,1,0,25,14,56.0,1,24,0,0,6,0,0,4.55,4.87,5.56,3.53,7.11,4.95,0.439,2025-05-13T11:46:46.089519+00:00,221,Highland_Wanderers_20251208181114_221,1,4.95
Brookside United,1599.003,408.066,25.52,30.79,47,35,2,12,31,5,4,2,1,2,3,5,75.23,0,0,0,2,1,1,0,2,5,2,40.0,18,7,8,1,12.5,1,0,15,8,53.33,4,11,0,1,5,1,0,3.98,6.0,4.48,4.05,6.3,4.89,0.432,2025-04-16T08:47:50.089519+00:00,420,Brookside_United_20251208181114_420,1,4.89
Ateneo de Manila University,2032.172,453.174,22.3,38.72,89,67,7,22,61,14,4,3,1,3,2,2,75.11,0,2,0,3,1,2,0,3,5,3,60.0,12,8,10,3,30.0,2,1,11,7,63.64,2,9,0,1,9,0,0,4.75,4.9,5.07,3.97,7.23,4.99,0.443,2025-04-11T16:15:01.089519+00:00,751,Ateneo_de_Manila_University_20251208181114_751,1,4.99
San Beda University,3144.578,443.7,14.11,58.05,179,145,14,34,152,24,16,5,5,0,0,11,81.0,0,5,0,4,1,3,0,2,15,10,66.67,3,6,6,1,16.67,1,0,4,3,75.0,0,4,0,0,5,0,0,4.34,5.47,4.75,3.83,6.87,4.92,0.436,2024-12-20T12:56:30.089519+00:00,557,San_Beda_University_20251208181114_557,1,4.92
University of the Philippines,1448.06,271.077,18.72,26.42,47,33,3,14,32,6,3,2,1,1,2,9,70.52,0,1,0,2,1,1,0,2,3,2,66.67,0,9,0,0,0.0,0,0,9,4,44.44,3,6,1,1,7,0,0,3.96,5.45,4.7,4.32,7.55,4.93,0.437,2025-05-20T02:18:59.090520+00:00,377,University_of_the_Philippines_20251208181114_377,1,4.93
Riverside FC,2798.229,385.876,13.79,50.34,101,65,9,36,69,10,4,3,3,6,5,10,64.41,0,1,0,3,1,2,0,4,13,6,46.15,13,4,8,1,12.5,2,1,14,7,50.0,3,11,0,0,4,0,1,5.22,4.97,3.99,4.19,4.88,4.73,0.414,2025-06-06T02:19:55.090520+00:00,898,Riverside_FC_20251208181114_898,1,4.73
City United,2766.116,528.052,19.09,52.33,140,97,14,43,99,16,13,7,2,1,2,9,69.64,0,2,0,3,1,2,0,3,9,4,44.44,4,5,9,4,44.44,0,0,7,4,57.14,2,5,0,1,4,0,0,4.82,5.05,5.7,4.46,7.59,5.29,0.477,2025-02-25T21:23:50.090520+00:00,204,City_United_20251208181114_204,1,5.29
Adamson University,2160.964,299.294,13.85,40.99,118,94,9,24,81,23,7,4,1,1,1,10,79.95,0,4,0,3,1,2,0,3,13,8,61.54,2,0,13,3,23.08,0,0,22,11,50.0,2,20,0,3,8,2,0,4.08,4.64,5.0,3.88,5.97,4.58,0.398,2025-10-24T22:02:55.090520+00:00,681,Adamson_University_20251208181114_681,1,4.58
Adamson University,1056.293,148.937,14.1,19.39,37,29,1,8,29,4,2,2,1,0,0,6,77.49,0,1,0,2,1,1,0,2,2,1,50.0,9,5,15,0,0.0,3,0,16,7,43.75,6,10,0,0,14,2,0,3.42,4.72,5.05,4.17,5.48,4.42,0.38,2025-06-22T06:53:17.090520+00:00,454,Adamson_University_20251208181114_454,1,4.42
Riverside FC,2446.195,122.31,5.0,47.44,125,92,9,33,86,11,8,3,4,6,6,9,73.85,0,3,1,5,2,3,0,3,4,2,50.0,11,6,2,0,0.0,0,0,33,18,54.55,8,25,1,0,4,0,0,5.99,4.33,4.68,4.49,7.37,5.19,0.466,2025-07-01T06:41:41.090520+00:00,637,Riverside_FC_20251208181114_637,1,5.19
San Beda University,2775.832,410.268,14.78,53.51,123,99,9,24,82,14,8,3,3,7,6,6,80.23,0,2,1,5,2,3,0,6,4,2,50.0,8,7,8,1,12.5,2,0,14,7,50.0,1,13,1,0,4,0,0,5.13,5.06,4.75,4.08,6.84,5.06,0.451,2025-02-06T10:45:35.090520+00:00,785,San_Beda_University_20251208181114_785,1,5.06
University of Santo Tomas,4382.771,1167.57,26.64,79.55,171,136,15,35,99,27,8,0,4,18,15,18,79.32,0,3,1,8,2,6,0,12,19,13,68.42,1,2,3,1,33.33,0,1,49,22,44.9,7,42,1,3,3,0,0,5.37,3.81,4.67,5.51,7.1,4.99,0.443,2025-10-02T16:59:32.090520+00:00,770,University_of_Santo_Tomas_20251208181114_770,1,4.99
National University,3419.941,702.456,20.54,60.92,150,113,16,37,98,26,10,5,0,5,4,14,75.12,1,4,0,4,2,2,0,3,11,7,63.64,4,6,5,0,0.0,0,2,33,18,54.55,17,16,0,0,1,1,0,3.87,5.05,4.31,4.26,6.06,4.56,0.396,2025-10-13T21:24:29.091519+00:00,939,National_University_20251208181114_939,1,4.56
Metro FC,2189.279,535.498,24.46,41.13,90,66,9,24,65,12,6,3,3,0,1,7,73.51,0,1,1,5,2,3,0,4,8,6,75.0,11,8,6,1,16.67,0,2,13,8,61.54,3,10,0,0,8,2,0,4.21,5.06,4.74,4.49,5.06,4.68,0.409,2025-04-19T08:38:17.091519+00:00,881,Metro_FC_20251208181114_881,1,4.68
2 Worlds FC,1716.496,372.308,21.69,31.72,40,33,3,7,26,7,2,1,1,2,2,5,81.61,0,1,1,4,1,3,0,5,4,2,50.0,9,10,8,2,25.0,0,1,15,8,53.33,3,12,2,3,4,1,0,4.8,4.44,3.55,5.27,6.86,4.72,0.413,2024-12-22T04:04:55.091519+00:00,408,2_Worlds_FC_20251208181114_408,1,4.72
Far Eastern University,3640.884,758.76,20.84,66.31,159,114,25,45,100,20,4,1,4,12,18,20,71.9,0,4,1,5,1,4,0,6,16,10,62.5,7,1,5,1,20.0,1,2,36,17,47.22,8,28,0,1,4,0,0,5.6,5.15,4.77,3.19,7.11,5.12,0.458,2025-03-15T19:38:21.091519+00:00,624,Far_Eastern_University_20251208181114_624,1,5.12
Lyceum,2242.764,439.582,19.6,44.11,90,63,10,27,61,13,1,1,2,5,7,7,69.5,0,2,1,4,1,3,0,4,7,4,57.14,8,4,1,0,0.0,2,2,8,4,50.0,2,6,1,0,5,0,0,5.35,5.14,3.94,3.2,7.12,4.89,0.432,2025-08-29T19:03:41.091519+00:00,615,Lyceum_20251208181114_615,1,4.89
Lakeside Athletic,4317.199,459.782,10.65,78.37,157,90,22,67,101,19,7,9,6,7,8,15,57.4,0,5,1,6,2,4,0,4,5,3,60.0,4,3,3,0,0.0,0,0,35,21,60.0,4,31,0,1,4,0,0,5.54,3.9,4.28,4.52,7.13,4.84,0.427,2025-03-30T19:22:42.091519+00:00,897,Lakeside_Athletic_20251208181114_897,1,4.84
Far Eastern University,1986.603,571.744,28.78,39.33,91,69,6,22,70,13,2,2,2,1,1,10,75.51,0,2,0,3,1,2,0,4,4,2,50.0,8,7,13,4,30.77,0,0,7,5,71.43,3,4,1,1,7,2,0,4.49,4.62,4.2,4.42,5.14,4.52,0.391,2025-09-30T03:45:53.091519+00:00,323,Far_Eastern_University_20251208181114_323,1,4.52
Far Eastern University,3497.698,1088.484,31.12,64.85,155,136,8,19,83,18,21,5,5,13,9,20,87.78,0,2,1,8,2,6,0,11,25,15,60.0,8,2,3,1,33.33,0,1,26,16,61.54,4,22,0,1,1,0,0,5.51,4.17,5.13,3.97,7.52,5.04,0.449,2025-02-03T20:21:17.091519+00:00,98,Far_Eastern_University_20251208181114_98,1,5.04
Coastal Town,2431.93,225.197,9.26,46.78,82,55,9,27,64,12,0,2,1,2,2,17,66.54,0,1,1,6,2,4,0,3,8,5,62.5,12,3,17,4,23.53,1,2,35,15,42.86,14,21,1,1,5,1,0,4.52,4.93,5.5,3.01,6.48,4.82,0.424,2025-04-15T06:54:48.092519+00:00,374,Coastal_Town_20251208181114_374,1,4.82
Lakeside Athletic,3359.239,578.125,17.21,61.79,172,114,25,58,122,0,20,5,2,18,5,14,66.01,1,5,1,7,2,5,1,7,9,3,33.33,2,5,3,1,33.33,0,0,26,11,42.31,7,19,2,1,3,1,0,5.44,2.92,3.67,3.73,6.5,4.25,0.361,2025-11-20T03:32:25.092519+00:00,483,Lakeside_Athletic_20251208181114_483,1,4.25
Metro FC,2650.709,467.32,17.63,51.52,116,102,4,14,84,17,9,3,1,1,1,8,88.16,0,2,1,5,2,3,0,8,9,5,55.56,5,6,6,1,16.67,1,0,14,7,50.0,6,8,0,0,7,2,0,5.01,5.7,5.41,3.97,5.33,5.17,0.463,2025-07-29T12:06:36.092519+00:00,676,Metro_FC_20251208181114_676,1,5.17
De La Salle University,1970.135,272.864,13.85,38.42,99,66,12,33,76,5,9,1,3,2,2,12,66.68,0,1,0,3,1,2,0,4,11,7,63.64,9,3,15,3,20.0,1,0,13,8,61.54,2,11,0,1,10,1,0,3.9,5.14,4.41,4.39,6.49,4.68,0.409,2025-01-30T14:19:06.092519+00:00,638,De_La_Salle_University_20251208181114_638,1,4.68
2 Worlds FC,2457.744,441.902,17.98,47.71,92,68,9,24,64,16,6,2,2,1,1,13,74.18,0,2,0,4,2,2,0,3,6,4,66.67,10,2,12,2,16.67,2,0,16,4,25.0,5,11,0,2,4,0,0,4.51,5.27,4.43,3.12,6.79,4.74,0.416,2025-08-16T11:52:20.092519+00:00,316,2_Worlds_FC_20251208181114_316,1,4.74
Ateneo de Manila University,2748.487,306.181,11.14,51.88,179,144,9,35,122,30,7,1,4,7,8,8,80.53,1,4,0,5,2,3,0,6,7,5,71.43,6,6,13,2,15.38,0,1,12,7,58.33,1,11,0,2,2,0,0,5.1,4.78,4.36,2.73,7.35,4.76,0.418,2025-03-27T04:24:23.092519+00:00,373,Ateneo_de_Manila_University_20251208181114_373,1,4.76
Coastal Town,3380.273,169.014,5.0,63.17,131,107,10,24,117,7,5,5,2,0,0,12,81.74,0,1,0,4,1,3,0,5,8,5,62.5,5,2,5,2,40.0,1,1,31,11,35.48,3,28,0,2,4,1,0,4.33,4.85,4.68,3.65,5.86,4.6,0.4,2025-12-05T21:49:45.092519+00:00,883,Coastal_Town_20251208181114_883,1,4.6
Mapúa University,2675.288,295.084,11.03,48.58,133,113,5,20,84,15,16,4,5,3,5,16,85.26,0,2,0,5,2,3,0,4,11,6,54.55,5,3,9,3,33.33,1,0,22,8,36.36,5,17,0,1,3,0,0,5.51,6.5,5.71,4.09,7.3,5.81,0.534,2025-10-17T16:31:00.092519+00:00,696,Mapúa_University_20251208181114_696,1,5.81
Far Eastern University,2204.513,482.347,21.88,41.49,74,55,4,19,53,11,3,3,0,2,2,13,73.76,0,2,0,4,2,2,0,3,3,2,66.67,12,9,9,1,11.11,1,0,14,8,57.14,5,9,0,1,6,0,0,4.37,5.55,5.0,4.03,7.53,5.09,0.454,2025-01-18T01:05:58.093519+00:00,418,Far_Eastern_University_20251208181114_418,1,5.09
Adamson University,1894.909,363.065,19.16,37.19,105,66,8,39,76,13,9,4,1,0,1,4,62.39,0,3,0,3,1,2,0,3,7,5,71.43,10,3,8,2,25.0,1,2,11,4,36.36,4,7,0,2,12,1,0,4.75,5.23,4.63,3.47,6.49,4.86,0.429,2025-01-11T20:46:11.093519+00:00,531,Adamson_University_20251208181114_531,1,4.86
Valley Rovers,2268.366,634.916,27.99,41.84,136,99,13,37,95,22,8,4,4,1,2,17,72.94,0,3,0,3,1,2,0,4,9,5,55.56,5,7,2,0,0.0,0,0,17,10,58.82,4,13,1,0,8,3,0,4.49,5.75,5.54,3.12,4.47,4.86,0.429,2025-03-20T16:05:04.093519+00:00,989,Valley_Rovers_20251208181114_989,1,4.86
Brookside United,1885.545,451.777,23.96,37.04,71,52,4,19,46,7,2,3,1,6,5,5,73.77,0,1,0,6,2,4,1,5,1,1,100.0,9,18,11,2,18.18,1,0,25,13,52.0,4,21,1,1,6,0,0,4.4,4.19,3.9,3.57,6.86,4.37,0.374,2025-01-24T03:32:37.093519+00:00,11,Brookside_United_20251208181114_11,1,4.37
Metro FC,3018.395,1067.908,35.38,54.87,159,113,10,46,118,14,10,5,3,6,4,11,71.27,1,5,0,3,1,2,0,3,15,7,46.67,5,5,9,2,22.22,2,2,35,18,51.43,10,25,2,1,5,0,0,4.36,5.07,5.82,4.09,7.28,5.11,0.457,2025-06-14T07:21:44.093519+00:00,201,Metro_FC_20251208181114_201,1,5.11
Valley Rovers,4589.879,904.665,19.71,84.57,187,135,9,52,139,10,4,3,3,13,16,9,71.93,1,3,1,12,6,6,0,12,11,5,45.45,2,4,1,0,0.0,0,3,45,19,42.22,6,39,1,1,2,0,0,5.16,4.74,5.13,3.36,7.16,4.98,0.442,2025-01-25T06:13:58.093519+00:00,295,Valley_Rovers_20251208181114_295,1,4.98
Lyceum,2376.495,245.254,10.32,47.2,104,79,5,25,71,9,2,2,3,9,7,8,75.55,0,1,1,6,3,3,1,9,0,0,40.43,11,4,1,0,0.0,3,1,32,18,56.25,10,22,0,0,7,0,0,5.78,4.72,5.11,3.79,7.09,5.2,0.467,2025-07-16T13:54:37.093519+00:00,269,Lyceum_20251208181114_269,1,5.2
Far Eastern University,2067.123,364.64,17.64,40.1,53,36,5,17,33,7,5,2,1,1,5,6,68.09,0,2,0,3,1,2,0,3,5,3,60.0,7,4,1,0,0.0,2,0,11,6,54.55,3,8,0,1,2,0,0,4.75,4.94,4.47,3.6,7.48,4.86,0.429,2025-06-07T11:00:08.093519+00:00,223,Far_Eastern_University_20251208181114_223,1,4.86
De La Salle University,3135.143,491.904,15.69,60.86,137,85,13,52,90,4,8,4,2,12,16,16,62.38,0,2,0,4,2,2,1,3,9,2,22.22,3,4,9,3,33.33,1,0,11,6,54.55,1,10,0,1,4,2,0,4.58,4.58,3.69,4.45,5.68,4.49,0.388,2025-04-10T14:57:16.094521+00:00,965,De_La_Salle_University_20251208181114_965,1,4.49
City United,2091.641,521.655,24.94,40.41,127,79,20,48,79,12,8,6,4,6,12,0,61.9,0,1,0,4,2,2,0,5,7,4,57.14,13,8,10,1,10.0,1,0,19,12,63.16,6,13,1,1,8,2,0,4.91,5.19,5.11,4.97,5.61,5.11,0.457,2024-12-31T09:35:15.094521+00:00,933,City_United_20251208181114_933,1,5.11
Highland Wanderers,2630.972,131.549,5.0,48.9,116,86,4,30,81,11,6,2,5,4,6,10,74.45,0,1,0,7,2,5,1,5,8,4,50.0,5,7,12,1,8.33,1,2,13,9,69.23,3,10,1,3,9,2,0,5.36,5.29,4.31,4.27,5.25,4.97,0.441,2025-10-21T22:10:29.094521+00:00,574,Highland_Wanderers_20251208181114_574,1,4.97
Coastal Town,2862.706,363.564,12.7,53.38,158,102,17,56,106,20,13,4,4,4,7,15,64.66,0,3,1,7,2,5,1,8,17,8,47.06,8,2,11,2,18.18,0,0,7,3,42.86,3,4,0,2,8,0,0,5.8,5.09,4.13,3.62,7.28,5.11,0.457,2025-01-12T13:13:16.094521+00:00,455,Coastal_Town_20251208181114_455,1,5.11
Mapúa University,1516.136,422.092,27.84,28.44,92,61,10,31,69,6,6,2,4,2,2,6,65.89,0,1,0,2,1,1,0,2,7,3,42.86,6,10,8,2,25.0,0,0,12,5,41.67,4,8,0,0,7,2,0,3.92,5.41,4.77,4.03,5.02,4.63,0.403,2025-07-27T18:55:00.094521+00:00,393,Mapúa_University_20251208181114_393,1,4.63
Mapúa University,2103.994,317.703,15.1,40.18,113,86,13,27,77,15,10,3,4,1,3,10,76.24,0,4,0,4,1,3,0,4,5,4,80.0,19,10,3,1,33.33,2,0,19,10,52.63,10,9,0,1,8,1,0,4.91,4.23,5.09,3.58,5.99,4.68,0.409,2024-12-10T10:43:49.094521+00:00,964,Mapúa_University_20251208181114_964,1,4.68
University of Santo Tomas,2654.906,229.649,8.65,50.23,98,84,4,14,65,12,7,0,3,4,6,3,85.24,0,2,1,6,3,3,0,6,5,3,60.0,4,6,4,1,25.0,1,0,17,7,41.18,3,14,0,2,6,0,0,6.86,5.2,6.06,4.7,7.22,5.97,0.552,2025-06-04T13:41:27.094521+00:00,875,University_of_Santo_Tomas_20251208181114_875,1,5.97
National University,2516.826,464.354,18.45,46.14,122,110,4,12,94,19,4,4,5,0,0,23,89.99,1,4,1,5,1,4,0,5,4,2,50.0,6,5,8,2,25.0,3,0,21,11,52.38,3,18,0,2,0,1,0,4.95,5.67,4.63,3.5,6.8,5.07,0.452,2025-10-12T17:54:23.094521+00:00,42,National_University_20251208181114_42,1,5.07
San Beda University,3670.516,1068.487,29.11,65.66,157,121,11,36,98,17,9,3,2,18,10,10,76.87,0,0,0,4,2,2,0,5,23,15,65.22,7,3,0,0,0.0,1,2,17,8,47.06,8,9,1,0,5,1,0,4.2,4.55,5.47,4.0,6.62,4.77,0.419,2025-09-09T03:46:17.094521+00:00,911,San_Beda_University_20251208181114_911,1,4.77
Mapúa University,2578.923,148.03,5.74,47.98,77,61,2,16,51,8,5,2,2,1,6,5,79.35,0,1,1,6,2,4,1,6,12,7,58.33,7,7,6,1,16.67,1,1,18,11,61.11,0,18,1,2,5,1,0,5.01,5.12,4.49,4.02,6.71,4.97,0.441,2025-11-07T14:08:04.095519+00:00,423,Mapúa_University_20251208181114_423,1,4.97
University of Santo Tomas,2478.243,520.431,21.0,45.69,123,81,7,42,76,15,10,7,1,6,7,8,65.48,0,1,0,3,1,2,0,4,14,8,57.14,14,4,8,1,12.5,0,0,27,11,40.74,8,19,0,0,4,0,0,3.96,4.86,4.88,3.4,7.2,4.64,0.404,2024-12-08T08:48:17.095519+00:00,350,University_of_Santo_Tomas_20251208181114_350,1,4.64
Lyceum,1730.704,435.964,25.19,31.54,78,59,8,19,53,11,4,1,2,3,4,10,75.1,0,1,0,4,1,3,0,2,5,3,60.0,13,6,16,4,25.0,1,2,24,10,41.67,4,20,0,0,10,2,0,4.57,6.32,4.65,4.15,5.7,5.13,0.459,2025-12-06T20:47:32.095519+00:00,45,Lyceum_20251208181114_45,1,5.13
De La Salle University,1721.613,110.7,6.43,33.44,74,49,12,25,54,11,5,3,2,0,0,3,66.43,0,1,0,2,1,1,0,1,8,3,37.5,12,0,10,3,30.0,2,1,12,3,25.0,3,9,0,0,7,0,0,4.85,4.02,4.57,5.14,7.16,4.83,0.426,2025-09-23T16:50:35.095519+00:00,604,De_La_Salle_University_20251208181114_604,1,4.83
City United,3295.051,185.841,5.64,58.87,142,92,15,50,116,12,14,3,4,0,0,13,64.6,0,3,0,7,2,5,0,7,6,3,50.0,6,5,8,2,25.0,1,2,22,9,40.91,4,18,2,2,2,0,0,4.75,4.26,5.21,4.69,6.64,4.89,0.432,2025-09-09T05:25:12.095519+00:00,887,City_United_20251208181114_887,1,4.89
Far Eastern University,1769.448,391.048,22.1,35.45,75,49,10,26,42,5,6,3,3,8,8,7,65.86,0,2,0,3,1,2,0,4,6,3,50.0,13,11,15,3,20.0,0,1,10,6,60.0,3,7,0,0,2,1,0,4.48,5.67,4.81,3.19,6.85,4.94,0.438,2025-02-10T11:00:58.095519+00:00,792,Far_Eastern_University_20251208181114_792,1,4.94
Lyceum,2006.99,474.653,23.65,37.6,100,65,10,35,67,11,4,2,1,10,5,9,65.27,0,3,0,3,1,2,0,2,6,3,50.0,0,7,12,3,25.0,1,0,21,10,47.62,7,14,0,1,8,1,0,4.69,5.04,4.23,4.1,6.05,4.75,0.417,2025-09-03T04:19:57.095519+00:00,764,Lyceum_20251208181114_764,1,4.75
Northbridge FC,2018.221,237.948,11.79,36.55,69,60,3,9,53,8,6,3,2,0,0,2,86.55,0,1,0,2,1,1,0,3,5,3,60.0,7,6,8,2,25.0,2,0,10,4,40.0,3,7,0,0,6,1,0,3.54,4.38,5.31,2.94,5.79,4.27,0.363,2025-01-14T14:03:02.095519+00:00,719,Northbridge_FC_20251208181114_719,1,4.27
Adamson University,3395.211,993.439,29.26,63.17,177,144,12,33,132,20,8,8,3,2,3,10,81.34,0,2,1,7,4,3,1,5,13,7,53.85,7,7,4,1,25.0,0,3,8,4,50.0,1,7,0,3,4,0,0,5.29,5.19,5.09,3.74,6.64,5.14,0.46,2025-08-13T08:07:53.096519+00:00,983,Adamson_University_20251208181114_983,1,5.14
Metro FC,3060.598,886.655,28.97,55.05,139,113,7,26,89,16,15,4,2,8,4,14,81.65,0,3,0,4,1,3,0,5,13,7,53.85,5,6,12,3,25.0,2,0,21,11,52.38,3,18,0,1,3,0,0,3.47,5.91,5.26,3.67,7.35,4.93,0.437,2025-12-02T13:04:22.096519+00:00,393,Metro_FC_20251208181114_393,1,4.93
Valley Rovers,3713.963,625.803,16.85,66.74,168,126,17,42,118,14,15,7,5,4,4,9,74.71,0,3,0,5,2,3,0,5,9,4,44.44,5,5,2,0,0.0,1,1,18,7,38.89,5,13,0,0,1,0,0,5.14,5.16,5.35,3.98,7.53,5.26,0.473,2025-10-14T01:47:43.096519+00:00,349,Valley_Rovers_20251208181114_349,1,5.26
Lyceum,3336.22,1077.933,32.31,66.78,146,93,15,53,90,3,14,2,3,11,25,16,63.67,0,3,0,6,2,4,0,5,0,0,38.1,4,5,4,1,25.0,2,0,6,3,50.0,2,4,1,1,0,0,0,4.16,4.28,5.34,3.86,7.52,4.72,0.413,2025-03-05T09:03:34.096519+00:00,912,Lyceum_20251208181114_912,1,4.72
San Beda University,2294.884,654.73,28.53,45.45,82,63,7,19,55,13,4,3,2,2,3,6,77.37,0,2,0,4,2,2,0,5,4,3,75.0,9,2,4,1,25.0,0,0,5,2,40.0,2,3,0,0,8,2,0,5.06,4.23,5.06,4.03,5.68,4.75,0.417,2025-01-10T05:52:47.096519+00:00,745,San_Beda_University_20251208181114_745,1,4.75
University of Santo Tomas,2112.553,598.064,28.31,42.41,87,57,12,30,65,8,9,3,2,0,0,6,66.04,0,1,1,5,2,3,0,4,1,1,100.0,15,6,10,2,20.0,2,1,3,1,33.33,0,3,0,2,5,0,0,5.32,5.3,3.82,4.55,7.41,5.12,0.458,2025-09-14T01:27:37.096519+00:00,813,University_of_Santo_Tomas_20251208181114_813,1,5.12
Highland Wanderers,3538.893,1147.309,32.42,67.48,166,107,18,59,113,26,19,2,6,0,0,9,64.58,0,3,1,8,3,5,0,8,14,8,57.14,9,3,3,1,33.33,0,1,25,13,52.0,0,25,0,3,2,0,0,4.74,5.65,4.01,3.4,7.33,4.92,0.436,2024-12-13T03:05:32.096519+00:00,667,Highland_Wanderers_20251208181114_667,1,4.92
Far Eastern University,3179.805,692.562,21.78,63.91,145,116,9,29,117,22,9,6,1,0,0,15,79.75,0,3,0,3,1,2,0,3,16,10,62.5,4,2,10,1,10.0,1,0,29,16,55.17,10,19,1,0,4,2,0,5.77,4.95,5.04,3.77,5.13,5.05,0.45,2025-09-27T13:03:57.096519+00:00,788,Far_Eastern_University_20251208181114_788,1,5.05
National University,2471.911,578.18,23.39,48.9,66,51,8,15,46,12,0,3,1,2,1,4,76.73,0,2,0,2,1,1,0,2,4,2,50.0,18,4,12,2,16.67,0,0,32,22,68.75,5,27,0,0,4,1,0,3.4,5.48,5.18,4.75,6.32,4.82,0.424,2025-10-16T17:35:58.097523+00:00,268,National_University_20251208181114_268,1,4.82
Highland Wanderers,851.491,245.655,28.85,17.02,28,20,4,8,20,2,2,2,1,1,1,1,72.3,0,1,0,3,1,2,0,3,2,1,50.0,12,7,14,3,21.43,0,1,8,3,37.5,2,6,0,0,8,0,0,3.09,5.82,4.38,4.16,7.52,4.71,0.412,2025-01-13T06:51:00.097523+00:00,516,Highland_Wanderers_20251208181114_516,1,4.71
Coastal Town,2316.106,455.578,19.67,45.36,135,98,14,37,100,18,9,8,3,0,0,11,72.77,1,3,0,5,2,3,0,6,10,7,70.0,13,4,3,0,0.0,2,1,12,5,41.67,3,9,0,0,5,1,0,4.46,5.21,4.17,4.34,6.04,4.75,0.417,2025-05-06T00:51:08.097523+00:00,262,Coastal_Town_20251208181114_262,1,4.75
Lakeside Athletic,2354.969,467.226,19.84,44.5,97,69,8,28,70,7,13,5,2,0,0,6,70.88,0,3,0,5,1,4,0,5,0,0,30.53,2,7,5,1,20.0,2,0,29,14,48.28,9,20,0,2,7,1,0,4.24,5.14,4.41,4.4,6.89,4.81,0.423,2025-03-06T18:58:28.097523+00:00,940,Lakeside_Athletic_20251208181114_940,1,4.81
2 Worlds FC,1807.147,153.607,8.5,36.22,88,66,3,22,53,7,3,2,1,8,14,11,75.4,0,1,0,3,1,2,0,3,4,3,75.0,7,5,7,1,14.29,1,0,17,8,47.06,5,12,0,1,7,0,0,4.12,4.64,4.17,3.4,6.14,4.38,0.376,2025-02-11T12:11:21.097523+00:00,245,2_Worlds_FC_20251208181114_245,1,4.38
Far Eastern University,2350.93,717.974,30.54,41.99,134,99,10,35,83,21,13,4,3,4,5,6,74.16,0,3,0,3,1,2,0,4,0,0,92.3,14,7,6,2,33.33,0,0,24,13,54.17,6,18,0,3,7,1,0,4.04,5.03,4.66,4.2,6.73,4.73,0.414,2025-12-01T09:46:46.097523+00:00,999,Far_Eastern_University_20251208181114_999,1,4.73
National University,3030.492,599.734,19.79,58.51,87,57,8,30,57,11,2,4,3,3,6,2,65.17,0,0,0,4,1,3,0,4,6,4,66.67,5,6,8,1,12.5,0,0,29,17,58.62,5,24,0,3,5,2,0,5.38,5.09,4.93,4.27,5.27,5.04,0.449,2025-09-30T09:10:39.097523+00:00,161,National_University_20251208181114_161,1,5.04
De La Salle University,2440.99,599.507,24.56,46.82,101,90,3,11,76,15,1,1,2,3,3,7,89.0,0,2,1,4,1,3,0,4,10,4,40.0,6,7,5,2,40.0,1,1,22,12,54.55,7,15,0,0,6,0,0,4.64,4.31,5.02,4.56,7.3,4.88,0.431,2025-10-04T11:45:36.097523+00:00,834,De_La_Salle_University_20251208181114_834,1,4.88
De La Salle University,2541.83,640.795,25.21,49.18,159,113,19,46,100,24,9,5,0,6,15,9,71.04,1,4,0,6,2,4,0,5,6,4,66.67,12,7,8,2,25.0,0,1,27,11,40.74,9,18,1,1,2,0,0,5.04,4.5,4.0,4.07,7.29,4.77,0.419,2025-09-01T13:19:28.098519+00:00,692,De_La_Salle_University_20251208181114_692,1,4.77
Adamson University,1669.583,247.265,14.81,30.34,50,44,2,6,40,5,1,0,1,1,1,2,87.7,0,1,0,3,1,2,0,4,7,3,42.86,12,1,14,2,14.29,1,0,12,5,41.67,6,6,0,1,6,0,0,4.59,5.65,4.6,4.17,7.84,5.16,0.462,2025-05-23T07:21:01.098519+00:00,356,Adamson_University_20251208181114_356,1,5.16
Highland Wanderers,1280.575,225.381,17.6,25.36,48,39,2,9,28,3,3,2,0,3,10,2,80.75,0,0,0,2,1,1,0,2,6,4,66.67,6,9,17,5,29.41,3,0,14,5,35.71,6,8,1,0,9,0,0,3.91,4.0,4.08,4.71,7.48,4.44,0.382,2025-08-27T13:39:32.098519+00:00,445,Highland_Wanderers_20251208181114_445,1,4.44
Metro FC,2751.825,531.102,19.3,54.97,110,87,9,23,90,12,5,6,0,0,0,9,79.51,0,3,0,7,2,5,1,9,9,6,66.67,6,11,5,2,40.0,2,0,29,13,44.83,8,21,0,2,8,2,0,5.0,5.79,4.12,4.88,5.39,5.07,0.452,2025-09-25T07:59:53.098519+00:00,793,Metro_FC_20251208181114_793,1,5.07
San Beda University,2381.533,591.573,24.84,46.64,97,77,6,20,65,8,8,4,2,7,4,9,79.6,0,2,0,4,2,2,0,4,9,5,55.56,8,10,14,4,28.57,2,2,10,4,40.0,2,8,1,2,0,2,0,4.53,4.91,5.27,3.64,5.64,4.77,0.419,2025-08-24T19:26:01.098519+00:00,166,San_Beda_University_20251208181114_166,1,4.77
Adamson University,2451.067,327.217,13.35,44.93,98,64,18,34,58,13,8,4,3,5,7,8,64.87,0,3,0,5,1,4,1,5,10,7,70.0,8,13,0,0,0.0,0,2,14,5,35.71,7,7,2,2,4,0,0,5.09,5.03,5.01,3.82,7.11,5.08,0.453,2025-02-21T05:01:51.098519+00:00,326,Adamson_University_20251208181114_326,1,5.08
Ateneo de Manila University,2632.576,586.011,22.26,49.01,112,82,6,30,65,15,8,2,2,14,5,5,73.58,1,4,0,6,3,3,0,2,4,2,50.0,3,2,10,2,20.0,1,1,14,5,35.71,7,7,0,2,7,1,0,4.34,3.99,4.14,3.8,6.77,4.37,0.374,2025-11-19T13:24:11.098519+00:00,488,Ateneo_de_Manila_University_20251208181114_488,1,4.37
National University,3174.326,661.847,20.85,59.11,118,89,13,29,79,3,10,5,2,8,11,10,75.01,0,2,0,6,3,3,0,8,25,15,60.0,6,3,6,1,16.67,0,0,32,9,28.12,7,25,0,2,1,3,0,4.86,4.96,4.69,4.5,5.0,4.82,0.424,2025-08-03T03:57:28.098519+00:00,215,National_University_20251208181114_215,1,4.82
Riverside FC,1793.515,215.939,12.04,34.78,64,53,3,11,45,12,6,2,2,0,0,6,82.87,0,1,0,4,1,3,0,2,9,4,44.44,13,11,6,1,16.67,2,1,24,7,29.17,6,18,0,1,8,0,0,3.97,4.54,4.5,3.93,6.4,4.47,0.386,2024-12-17T05:05:01.099534+00:00,637,Riverside_FC_20251208181114_637,1,4.47
Highland Wanderers,1654.229,350.862,21.21,29.6,93,70,5,23,68,7,1,0,2,8,8,5,75.66,0,1,0,3,1,2,0,4,7,4,57.14,10,4,7,1,14.29,2,4,10,5,50.0,3,7,0,1,2,0,0,5.18,4.45,4.94,4.22,6.18,4.89,0.432,2024-12-16T20:43:29.099534+00:00,323,Highland_Wanderers_20251208181114_323,1,4.89
Far Eastern University,1418.145,424.451,29.93,28.36,72,46,12,26,49,10,4,5,1,2,2,4,64.31,0,3,0,3,1,2,0,3,6,2,33.33,6,9,12,2,16.67,0,0,18,9,50.0,5,13,0,3,1,0,0,4.21,5.3,5.44,5.43,7.37,5.25,0.472,2025-07-24T15:31:23.099534+00:00,776,Far_Eastern_University_20251208181114_776,1,5.25
National University,2020.93,266.359,13.18,39.7,70,47,11,23,48,5,2,1,2,5,6,5,66.58,0,1,0,3,1,2,0,2,8,4,50.0,0,9,11,1,9.09,3,0,15,9,60.0,4,11,0,1,5,0,0,4.37,4.58,5.42,4.24,7.53,4.94,0.438,2025-04-08T00:21:16.099534+00:00,842,National_University_20251208181114_842,1,4.94
Lyceum,2699.81,256.212,9.49,54.3,194,131,21,63,123,26,14,6,1,10,14,21,67.38,1,4,0,7,3,4,0,7,12,6,50.0,5,4,6,1,16.67,0,0,35,13,37.14,11,24,1,2,5,0,0,4.84,5.57,5.38,4.01,7.51,5.3,0.478,2025-03-22T08:46:24.099534+00:00,853,Lyceum_20251208181114_853,1,5.3
City United,1209.891,261.336,21.6,24.13,50,35,2,15,42,9,2,1,1,0,0,0,70.03,0,1,0,3,1,2,0,2,6,2,33.33,11,4,7,2,28.57,1,0,21,13,61.9,6,15,1,1,15,0,0,3.78,4.74,4.49,4.49,7.06,4.62,0.402,2025-02-17T19:29:50.099534+00:00,430,City_United_20251208181114_430,1,4.62
Highland Wanderers,2553.447,611.295,23.94,48.28,125,91,12,34,88,10,12,4,3,5,3,14,72.7,0,3,0,5,1,4,0,4,12,8,66.67,8,3,7,2,28.57,0,0,20,9,45.0,5,15,1,0,5,0,0,4.17,5.04,4.96,5.04,6.86,4.96,0.44,2025-03-23T08:37:03.099534+00:00,532,Highland_Wanderers_20251208181114_532,1,4.96
San Beda University,1966.434,483.153,24.57,37.98,70,55,5,15,52,10,5,3,1,0,0,3,78.06,0,2,0,3,1,2,0,2,5,2,40.0,15,4,3,1,33.33,3,0,21,10,47.62,4,17,1,0,2,0,0,3.97,4.38,4.79,4.21,7.81,4.67,0.408,2025-05-24T16:30:57.099534+00:00,411,San_Beda_University_20251208181114_411,1,4.67
University of the Philippines,3974.314,598.532,15.06,74.06,186,142,17,44,111,33,19,8,3,3,9,17,76.27,0,4,1,6,2,4,0,6,24,10,41.67,5,0,2,0,0.0,1,1,10,3,30.0,5,5,0,1,3,0,0,4.52,3.77,4.99,4.1,6.98,4.59,0.399,2025-01-04T01:39:02.100520+00:00,615,University_of_the_Philippines_20251208181114_615,1,4.59
University of Santo Tomas,2995.414,484.358,16.17,54.21,131,96,10,35,99,17,4,7,3,1,1,15,73.52,0,2,1,6,1,5,1,6,9,5,55.56,7,5,7,2,28.57,1,0,21,13,61.9,6,15,0,3,4,0,0,5.14,5.27,5.09,4.52,7.0,5.27,0.474,2025-06-14T16:23:37.100520+00:00,104,University_of_Santo_Tomas_20251208181114_104,1,5.27
Coastal Town,3664.799,686.05,18.72,70.38,114,80,11,34,95,19,5,5,1,0,0,5,70.25,0,2,0,7,2,5,1,7,13,8,61.54,7,3,3,1,33.33,0,0,30,19,63.33,6,24,1,2,3,0,0,6.09,6.25,4.23,3.84,8.12,5.65,0.517,2025-09-07T04:00:04.100520+00:00,287,Coastal_Town_20251208181114_287,1,5.65
Riverside FC,3652.231,989.389,27.09,71.22,218,164,15,54,152,22,12,10,5,8,8,20,75.02,0,3,1,10,3,7,0,8,17,8,47.06,1,1,0,0,0.0,1,0,54,16,29.63,9,45,0,1,5,0,0,5.16,4.01,4.95,4.38,6.56,4.83,0.426,2025-06-30T01:22:05.100520+00:00,439,Riverside_FC_20251208181114_439,1,4.83
De La Salle University,1952.528,453.182,23.21,37.88,145,105,14,40,114,19,11,6,1,0,0,4,72.63,0,4,0,4,2,2,0,4,9,6,66.67,16,7,5,1,20.0,1,0,11,4,36.36,2,9,0,3,2,0,0,5.29,5.3,4.68,3.07,6.58,4.99,0.443,2025-04-23T22:19:52.100520+00:00,972,De_La_Salle_University_20251208181114_972,1,4.99
2 Worlds FC,2405.935,439.324,18.26,43.26,149,109,12,40,105,19,1,2,2,8,13,17,73.02,0,1,0,4,2,2,0,4,3,2,66.67,6,9,11,2,18.18,1,0,32,18,56.25,5,27,0,0,1,1,0,4.76,4.76,4.7,4.85,6.46,4.93,0.437,2025-07-01T00:09:43.100520+00:00,685,2_Worlds_FC_20251208181114_685,1,4.93
Adamson University,3066.254,567.564,18.51,54.77,78,53,11,25,54,8,0,1,2,4,9,11,68.08,0,1,1,9,4,5,1,7,13,7,53.85,4,2,5,1,20.0,2,1,39,30,76.92,12,27,1,2,6,1,0,4.97,5.73,4.65,4.41,6.8,5.22,0.469,2025-11-15T08:14:50.100520+00:00,322,Adamson_University_20251208181114_322,1,5.22
De La Salle University,2919.486,695.714,23.83,57.17,188,141,10,47,137,23,12,4,3,4,5,28,75.23,0,5,1,9,3,6,1,8,23,17,73.91,3,0,0,0,0.0,1,2,6,2,33.33,0,6,1,2,2,0,0,5.99,4.52,5.03,3.85,7.11,5.2,0.467,2025-04-27T23:46:21.100520+00:00,292,De_La_Salle_University_20251208181114_292,1,5.2
Far Eastern University,2316.339,270.085,11.66,44.85,92,60,10,32,58,13,12,4,1,2,3,6,65.75,0,3,0,4,1,3,0,5,13,8,61.54,12,7,12,2,16.67,0,0,11,7,63.64,4,7,1,2,4,2,0,3.86,4.98,4.18,5.07,5.44,4.56,0.396,2025-07-23T01:09:55.101520+00:00,319,Far_Eastern_University_20251208181114_319,1,4.56
University of Santo Tomas,2672.823,203.936,7.63,52.08,148,105,18,43,94,20,11,5,5,5,8,12,71.02,0,3,0,5,2,3,0,5,4,2,50.0,16,4,7,2,28.57,2,1,21,14,66.67,3,18,0,0,10,2,0,4.4,5.15,5.61,4.66,6.09,5.06,0.451,2025-03-07T09:53:29.101520+00:00,198,University_of_Santo_Tomas_20251208181114_198,1,5.06
National University,2679.979,483.2,18.03,53.24,101,66,11,35,78,12,9,4,2,0,0,0,65.84,0,2,1,7,2,5,1,7,7,4,57.14,6,6,11,2,18.18,1,0,25,14,56.0,8,17,0,2,3,0,0,4.89,4.12,4.54,4.37,7.42,4.78,0.42,2025-11-15T11:30:11.101520+00:00,890,National_University_20251208181114_890,1,4.78
National University,970.753,128.722,13.26,18.38,48,36,5,12,30,4,6,0,2,3,3,2,74.54,0,1,0,2,1,1,0,2,4,2,50.0,18,2,19,2,10.53,2,0,9,6,66.67,2,7,0,0,15,2,0,4.18,4.86,4.02,4.01,5.74,4.47,0.386,2024-12-19T22:04:24.101520+00:00,126,National_University_20251208181114_126,1,4.47
Lakeside Athletic,2389.733,707.839,29.62,47.28,187,118,19,69,117,32,14,3,1,4,16,13,63.17,1,3,0,4,1,3,0,5,7,3,42.86,12,6,6,1,16.67,0,1,10,7,70.0,2,8,1,1,5,0,0,5.13,5.11,4.3,3.86,7.68,5.04,0.449,2025-08-20T12:05:24.101520+00:00,12,Lakeside_Athletic_20251208181114_12,1,5.04
Metro FC,2469.03,372.083,15.07,45.23,97,79,6,18,73,14,10,2,2,0,0,11,81.11,0,2,1,6,2,4,1,4,9,5,55.56,7,5,4,0,0.0,0,3,21,15,71.43,5,16,1,2,5,0,0,4.15,5.37,5.12,4.14,6.99,4.97,0.441,2025-05-11T00:22:09.101520+00:00,506,Metro_FC_20251208181114_506,1,4.97
Lakeside Athletic,3273.972,415.467,12.69,63.96,122,82,6,40,88,14,3,3,0,5,9,6,66.92,0,2,0,5,2,3,1,5,14,5,35.71,0,4,11,1,9.09,1,2,29,13,44.83,7,22,0,2,7,1,0,5.45,4.78,4.51,4.81,6.05,5.04,0.449,2025-06-05T17:06:52.101520+00:00,64,Lakeside_Athletic_20251208181114_64,1,5.04
University of Santo Tomas,2994.49,586.022,19.57,59.76,94,76,6,18,63,20,7,1,1,1,1,7,80.46,0,1,0,6,2,4,1,6,19,10,52.63,8,2,6,1,16.67,0,1,26,17,65.38,7,19,0,0,7,2,0,5.06,4.17,4.4,4.78,5.25,4.66,0.407,2025-11-01T20:54:27.101520+00:00,311,University_of_Santo_Tomas_20251208181114_311,1,4.66
2 Worlds FC,2914.286,484.646,16.63,56.68,108,67,15,41,77,14,3,3,3,6,3,3,61.74,0,2,0,5,2,3,0,4,15,10,66.67,4,4,4,1,25.0,2,0,8,3,37.5,1,7,0,0,4,0,0,5.28,5.2,4.08,2.79,6.59,4.8,0.422,2025-08-19T19:18:00.102519+00:00,133,2_Worlds_FC_20251208181114_133,1,4.8
2 Worlds FC,1346.63,266.902,19.82,27.05,51,35,4,16,40,4,2,1,0,2,2,5,68.28,0,1,0,3,1,2,0,3,5,2,40.0,9,3,4,1,25.0,1,0,7,4,57.14,5,2,1,0,13,0,0,4.27,5.3,4.13,4.34,7.22,4.84,0.427,2025-10-10T08:39:19.102519+00:00,718,2_Worlds_FC_20251208181114_718,1,4.84
Far Eastern University,3769.356,603.474,16.01,72.34,135,105,8,30,86,22,7,1,4,5,10,10,77.49,0,2,1,7,3,4,0,5,3,2,66.67,8,4,4,1,25.0,2,0,41,20,48.78,9,32,0,3,1,0,0,5.18,4.28,4.96,2.91,7.17,4.77,0.419,2025-10-31T12:18:37.102519+00:00,95,Far_Eastern_University_20251208181114_95,1,4.77
Brookside United,3600.969,1034.198,28.72,69.99,116,94,7,22,91,10,6,6,5,0,0,12,80.69,1,3,0,5,2,3,0,4,4,3,75.0,7,3,7,2,28.57,1,0,22,8,36.36,6,16,2,0,7,2,0,4.37,4.65,4.76,1.99,6.07,4.36,0.373,2025-09-28T09:02:56.102519+00:00,114,Brookside_United_20251208181114_114,1,4.36
Metro FC,2813.58,522.482,18.57,50.66,127,93,14,34,76,13,9,4,3,10,12,8,73.15,0,1,0,5,2,3,1,6,6,3,50.0,0,1,2,1,50.0,3,2,8,3,37.5,3,5,0,0,7,1,0,5.08,5.3,5.64,3.76,6.6,5.22,0.469,2025-09-02T15:13:26.102519+00:00,308,Metro_FC_20251208181114_308,1,5.22
Riverside FC,2937.263,530.47,18.06,58.72,142,110,11,32,82,13,1,3,4,15,22,12,77.71,0,2,1,6,2,4,0,6,14,6,42.86,6,2,8,1,12.5,0,2,44,19,43.18,7,37,0,2,5,0,0,5.46,4.61,4.68,3.53,6.64,4.91,0.434,2025-06-09T21:06:48.102519+00:00,46,Riverside_FC_20251208181114_46,1,4.91
City United,3094.998,728.253,23.53,58.35,95,59,12,36,59,10,13,2,1,5,5,14,62.11,0,1,1,7,3,4,0,8,4,2,50.0,4,4,6,1,16.67,2,1,8,3,37.5,1,7,0,2,0,0,0,5.57,4.61,4.84,4.29,7.23,5.14,0.46,2025-06-08T22:06:23.102519+00:00,174,City_United_20251208181114_174,1,5.14
Riverside FC,2105.06,271.553,12.9,38.75,93,71,9,22,59,16,8,2,3,2,4,9,76.11,0,2,0,4,2,2,0,3,0,0,59.89,12,5,8,1,12.5,2,0,11,6,54.55,4,7,0,0,7,1,0,3.85,5.34,3.7,5.26,5.97,4.65,0.406,2025-06-26T01:29:06.102519+00:00,634,Riverside_FC_20251208181114_634,1,4.65
National University,3053.264,434.785,14.24,55.57,125,90,7,35,92,14,10,4,1,3,2,6,72.18,0,3,1,5,1,4,0,6,2,1,50.0,9,2,1,0,0.0,2,1,40,17,42.5,12,28,2,0,3,0,0,5.35,4.68,5.34,4.75,7.49,5.29,0.477,2025-10-24T05:43:04.103519+00:00,498,National_University_20251208181114_498,1,5.29
Northbridge FC,2608.53,539.705,20.69,51.95,110,96,3,14,74,16,5,3,1,5,6,6,87.22,0,2,0,5,2,3,0,5,10,5,50.0,11,7,10,2,20.0,2,0,10,4,40.0,3,7,1,1,7,0,0,5.48,4.39,4.58,4.32,7.25,5.01,0.446,2025-01-29T15:47:09.103519+00:00,732,Northbridge_FC_20251208181114_732,1,5.01
Coastal Town,2824.593,171.453,6.07,56.5,160,112,10,48,111,10,18,6,3,6,6,10,69.7,0,1,1,6,3,3,0,7,14,7,50.0,6,1,11,3,27.27,2,3,17,6,35.29,4,13,0,1,1,1,0,5.12,4.33,5.25,5.19,6.62,5.08,0.453,2025-03-25T14:09:08.103519+00:00,88,Coastal_Town_20251208181114_88,1,5.08
Brookside United,4225.836,694.305,16.43,76.97,168,131,8,37,99,22,11,4,4,12,16,18,77.83,0,3,0,7,2,5,1,7,23,20,86.96,5,1,3,1,33.33,0,2,6,4,66.67,1,5,0,2,2,0,0,4.78,5.97,4.82,3.67,7.27,5.21,0.468,2025-05-07T07:47:14.103519+00:00,339,Brookside_United_20251208181114_339,1,5.21
Highland Wanderers,2374.805,300.413,12.65,46.97,67,50,6,17,44,7,5,3,1,4,4,4,74.59,0,1,1,6,3,3,0,7,11,7,63.64,9,8,13,2,15.38,2,1,9,5,55.56,2,7,0,0,2,1,0,6.19,4.76,4.86,3.85,6.64,5.24,0.471,2025-07-11T07:19:06.103519+00:00,251,Highland_Wanderers_20251208181114_251,1,5.24
Riverside FC,1600.79,417.006,26.05,29.29,104,71,13,33,73,15,6,6,0,2,2,4,67.82,0,1,0,3,1,2,0,3,4,3,75.0,13,6,15,6,40.0,2,0,2,1,50.0,3,0,0,1,0,0,0,4.21,4.53,4.27,4.21,7.14,4.6,0.4,2025-01-17T00:09:16.103519+00:00,258,Riverside_FC_20251208181114_258,1,4.6
National University,2353.465,258.881,11.0,43.55,117,91,3,26,81,13,2,4,3,4,10,7,77.65,0,2,0,4,2,2,0,6,13,5,38.46,8,3,11,2,18.18,2,3,23,6,26.09,10,13,1,1,1,0,0,4.35,5.37,5.1,3.62,8.04,5.05,0.45,2025-11-15T21:35:31.103519+00:00,277,National_University_20251208181114_277,1,5.05
National University,2528.083,464.409,18.37,45.36,119,81,10,38,77,17,5,3,2,7,7,8,67.8,0,2,1,7,2,5,0,7,7,5,71.43,13,3,4,0,0.0,0,0,20,5,25.0,2,18,0,1,4,1,0,4.56,4.76,4.6,3.59,6.53,4.69,0.41,2025-06-14T12:17:16.103519+00:00,431,National_University_20251208181114_431,1,4.69
Coastal Town,3594.921,771.47,21.46,68.87,161,117,13,44,117,25,8,4,3,2,2,16,72.65,1,5,1,6,2,4,0,8,6,3,50.0,3,4,5,1,20.0,0,0,40,18,45.0,11,29,0,2,2,1,0,5.05,3.84,5.33,4.8,6.68,4.9,0.433,2025-07-03T15:49:30.103519+00:00,643,Coastal_Town_20251208181114_643,1,4.9
San Beda University,3331.996,1230.173,36.92,64.56,191,116,29,75,139,26,15,6,5,0,0,11,60.84,0,4,1,6,2,4,0,4,9,3,33.33,4,7,10,3,30.0,0,0,34,11,32.35,4,30,0,4,4,0,0,4.59,4.07,4.27,4.42,7.27,4.62,0.402,2025-01-07T12:13:54.104521+00:00,819,San_Beda_University_20251208181114_819,1,4.62
Valley Rovers,3332.561,727.165,21.82,62.19,141,108,11,33,91,20,9,7,4,4,5,12,76.44,1,4,1,5,2,3,0,6,4,2,50.0,3,2,6,1,16.67,1,0,41,19,46.34,9,32,0,3,4,0,0,5.85,4.22,4.77,4.29,7.12,5.09,0.454,2025-08-03T16:12:09.104521+00:00,781,Valley_Rovers_20251208181114_781,1,5.09
City United,2370.671,254.61,10.74,44.79,118,94,9,24,88,15,4,3,5,2,2,15,79.9,0,3,0,3,1,2,0,2,7,5,71.43,12,3,9,1,11.11,1,0,12,7,58.33,2,10,1,4,6,0,0,3.45,4.29,5.28,3.56,6.68,4.39,0.377,2025-02-23T17:19:28.104521+00:00,413,City_United_20251208181114_413,1,4.39
Far Eastern University,2067.098,640.18,30.97,38.68,102,73,14,29,71,9,8,2,4,1,7,9,71.88,0,1,0,4,1,3,0,4,14,9,64.29,13,2,3,0,0.0,1,0,19,7,36.84,0,19,0,0,10,0,0,5.0,4.74,3.58,3.76,7.45,4.71,0.412,2025-05-10T04:14:52.104521+00:00,577,Far_Eastern_University_20251208181114_577,1,4.71
University of the Philippines,3326.429,485.326,14.59,60.81,114,86,13,28,71,24,9,5,4,1,0,11,75.64,1,3,0,7,3,4,1,8,7,2,28.57,6,0,7,2,28.57,2,2,29,22,75.86,5,24,1,2,4,0,0,5.11,4.06,5.14,3.99,7.97,4.95,0.439,2025-08-30T20:44:39.104521+00:00,576,University_of_the_Philippines_20251208181114_576,1,4.95
Riverside FC,1872.926,352.672,18.83,35.87,65,47,5,18,49,9,2,1,1,1,2,11,72.86,0,1,0,3,1,2,0,4,10,7,70.0,3,16,13,4,30.77,2,0,17,12,70.59,4,13,1,0,3,0,0,5.13,4.42,3.78,4.96,6.85,4.81,0.423,2025-12-02T16:41:56.104521+00:00,501,Riverside_FC_20251208181114_501,1,4.81
San Beda University,2119.604,198.819,9.38,38.11,56,40,7,16,37,1,3,2,2,5,6,3,71.03,0,1,0,2,1,1,0,2,6,4,66.67,12,9,8,2,25.0,1,3,14,8,57.14,2,12,0,0,2,0,0,4.45,4.66,4.98,4.27,7.55,4.9,0.433,2025-07-08T17:39:47.104521+00:00,73,San_Beda_University_20251208181114_73,1,4.9
Northbridge FC,2867.572,743.848,25.94,57.25,167,138,6,29,103,12,3,3,4,27,14,14,82.75,0,3,0,6,3,3,0,8,0,0,77.28,3,8,3,1,33.33,1,2,34,16,47.06,5,29,0,0,2,0,0,5.18,5.59,5.16,3.76,7.09,5.28,0.476,2025-01-23T01:53:11.104521+00:00,301,Northbridge_FC_20251208181114_301,1,5.28
San Beda University,1998.008,450.551,22.55,37.71,92,75,5,17,61,14,8,3,2,3,1,13,81.88,0,2,0,4,2,2,0,2,8,3,37.5,3,5,10,0,0.0,2,4,11,5,45.45,4,7,1,1,6,0,0,5.17,4.29,4.87,4.55,6.67,4.93,0.437,2025-01-13T12:00:25.105527+00:00,185,San_Beda_University_20251208181114_185,1,4.93
Mapúa University,2682.815,422.007,15.73,50.1,94,69,7,25,76,9,6,1,3,0,0,12,73.0,0,2,0,3,1,2,0,4,8,5,62.5,1,0,5,1,20.0,2,0,17,8,47.06,6,11,1,3,4,0,0,4.79,4.66,4.26,4.17,7.99,4.88,0.431,2025-10-31T06:32:42.105527+00:00,778,Mapúa_University_20251208181114_778,1,4.88
Lakeside Athletic,2505.012,629.259,25.12,44.64,102,53,18,49,59,16,7,3,2,6,9,7,52.2,0,1,0,5,2,3,1,4,8,6,75.0,8,0,4,1,25.0,2,0,16,5,31.25,1,15,1,2,3,0,0,5.06,4.19,3.58,4.11,7.4,4.62,0.402,2025-08-31T22:41:37.105527+00:00,439,Lakeside_Athletic_20251208181114_439,1,4.62
Highland Wanderers,2520.411,484.927,19.24,45.81,122,92,5,30,98,17,6,4,3,0,0,9,75.59,0,1,0,3,1,2,0,3,12,11,91.67,3,5,6,1,16.67,0,0,20,6,30.0,4,16,0,4,9,1,0,4.69,5.77,5.1,3.83,7.08,5.19,0.466,2024-12-09T11:47:25.105527+00:00,8,Highland_Wanderers_20251208181114_8,1,5.19
National University,1460.431,252.509,17.29,26.41,48,39,4,9,35,7,0,1,1,2,2,4,80.63,0,1,0,3,0,3,0,3,10,6,60.0,8,9,13,5,38.46,0,1,19,10,52.63,5,14,1,1,7,0,0,5.13,4.16,5.14,4.16,7.1,4.92,0.436,2025-09-24T04:50:12.105527+00:00,143,National_University_20251208181114_143,1,4.92
Ateneo de Manila University,2248.472,499.835,22.23,42.92,71,55,5,16,49,10,4,2,2,2,3,1,78.07,0,2,0,3,1,2,0,3,4,3,75.0,6,5,9,2,22.22,1,0,21,11,52.38,1,20,1,1,6,1,0,4.19,4.38,4.18,4.53,5.75,4.44,0.382,2024-12-31T23:59:50.105527+00:00,538,Ateneo_de_Manila_University_20251208181114_538,1,4.44
Lyceum,2927.772,570.33,19.48,53.32,167,113,18,54,111,7,8,3,6,18,14,11,67.55,1,4,0,7,3,4,1,8,10,6,60.0,4,3,11,1,9.09,1,1,20,12,60.0,2,18,0,2,7,1,0,5.03,4.73,4.87,4.01,6.96,4.96,0.44,2025-07-10T02:56:16.105527+00:00,585,Lyceum_20251208181114_585,1,4.96
Northbridge FC,1401.716,126.014,8.99,26.05,62,44,10,18,48,7,3,2,1,1,1,0,70.9,0,1,0,2,1,1,0,2,10,7,70.0,7,9,11,2,18.18,0,1,11,6,54.55,3,8,2,0,9,1,0,4.19,5.76,4.7,4.54,6.44,5.01,0.446,2025-01-05T17:15:28.105527+00:00,19,Northbridge_FC_20251208181114_19,1,5.01
City United,2682.214,462.95,17.26,51.15,105,81,5,24,64,21,3,1,2,6,8,2,77.3,1,3,1,6,2,4,0,7,7,4,57.14,8,4,14,2,14.29,3,2,31,19,61.29,3,28,1,2,7,0,0,5.59,4.52,4.31,4.54,7.54,5.08,0.453,2025-11-09T00:48:43.106519+00:00,655,City_United_20251208181114_655,1,5.08
National University,2604.874,468.617,17.99,51.52,85,65,8,20,68,10,7,5,1,0,0,11,76.61,0,1,1,6,2,4,0,6,12,10,83.33,4,7,4,1,25.0,1,0,28,18,64.29,7,21,0,2,5,1,0,5.32,5.58,5.21,3.54,5.78,5.17,0.463,2025-02-08T18:33:48.106519+00:00,730,National_University_20251208181114_730,1,5.17
Ateneo de Manila University,2620.584,505.511,19.29,46.8,103,71,8,32,65,5,5,2,3,11,12,0,68.59,0,2,0,5,2,3,1,5,10,6,60.0,13,9,7,1,14.29,1,0,28,11,39.29,7,21,1,1,4,0,0,4.69,4.82,4.95,4.52,7.42,5.03,0.448,2025-05-21T04:24:31.106519+00:00,528,Ateneo_de_Manila_University_20251208181114_528,1,5.03
Ateneo de Manila University,2487.383,592.246,23.81,48.23,94,71,6,23,66,11,6,1,2,3,4,8,76.01,0,0,0,5,2,3,0,6,11,7,63.64,12,4,4,1,25.0,1,0,15,10,66.67,7,8,0,2,6,0,0,4.81,6.0,4.65,4.55,7.35,5.33,0.481,2025-04-03T04:09:10.106519+00:00,786,Ateneo_de_Manila_University_20251208181114_786,1,5.33
Mapúa University,1367.868,120.92,8.84,25.8,55,38,3,17,40,10,5,2,0,0,0,6,69.26,0,1,0,3,1,2,0,4,6,3,50.0,10,13,2,0,0.0,0,0,7,4,57.14,1,6,0,1,3,0,0,3.88,4.69,4.62,3.57,7.49,4.57,0.397,2025-06-18T21:15:13.106519+00:00,161,Mapúa_University_20251208181114_161,1,4.57
Coastal Town,575.451,89.77,15.6,10.94,29,23,1,6,19,4,1,1,1,2,2,1,79.37,0,1,0,1,0,1,0,1,2,1,50.0,9,10,20,4,20.0,1,1,3,1,33.33,0,3,0,0,5,1,0,3.46,4.99,4.13,3.72,6.58,4.37,0.374,2025-11-03T13:51:54.106519+00:00,969,Coastal_Town_20251208181114_969,1,4.37
Ateneo de Manila University,2009.208,331.72,16.51,35.79,98,65,14,33,72,11,7,4,1,1,1,10,66.27,0,3,0,3,1,2,0,3,4,3,75.0,8,13,4,1,25.0,0,0,27,6,22.22,18,9,0,0,8,2,0,4.71,5.43,4.13,3.75,5.22,4.71,0.412,2025-05-16T00:12:02.106519+00:00,271,Ateneo_de_Manila_University_20251208181114_271,1,4.71
San Beda University,2503.775,226.091,9.03,45.52,123,100,8,23,97,17,7,4,2,0,0,13,81.4,0,2,0,5,0,5,1,6,8,5,62.5,3,6,11,2,18.18,0,0,11,8,72.73,5,6,2,1,3,0,0,4.3,4.07,4.07,3.37,7.71,4.4,0.378,2025-01-13T20:28:02.106519+00:00,505,San_Beda_University_20251208181114_505,1,4.4
Coastal Town,2843.86,704.709,24.78,52.89,129,87,14,42,70,20,0,4,4,9,22,23,67.26,1,4,0,4,2,2,0,6,13,9,69.23,2,3,6,1,16.67,2,1,20,8,40.0,3,17,1,0,5,3,0,4.24,5.28,5.26,4.14,5.13,4.81,0.423,2025-05-19T00:11:38.107519+00:00,707,Coastal_Town_20251208181114_707,1,4.81
Lakeside Athletic,2004.712,361.65,18.04,39.59,94,70,8,24,68,0,8,3,1,5,9,8,74.92,0,3,1,4,2,2,0,5,4,2,50.0,14,11,15,2,13.33,2,1,16,8,50.0,4,12,0,2,5,1,0,5.21,5.1,3.04,4.09,6.85,4.75,0.417,2025-06-20T02:56:55.107519+00:00,361,Lakeside_Athletic_20251208181114_361,1,4.75
Ateneo de Manila University,2401.111,730.658,30.43,42.81,43,29,4,14,32,5,2,1,1,1,1,4,67.76,0,1,0,4,2,2,0,5,10,5,50.0,8,5,10,1,10.0,0,0,30,12,40.0,14,16,0,2,7,1,0,5.23,4.46,4.13,4.98,6.84,4.92,0.436,2025-04-30T15:31:10.107519+00:00,846,Ateneo_de_Manila_University_20251208181114_846,1,4.92
Lakeside Athletic,2290.367,188.726,8.24,42.42,138,112,5,26,122,21,9,4,3,0,0,18,81.35,0,4,0,4,2,2,0,5,9,7,77.78,8,2,0,0,0.0,1,3,25,13,52.0,1,24,0,1,8,2,0,6.22,3.64,5.67,3.43,5.48,4.92,0.436,2025-09-11T06:36:38.107519+00:00,564,Lakeside_Athletic_20251208181114_564,1,4.92
Highland Wanderers,1260.911,124.326,9.86,24.59,54,37,5,17,36,5,2,2,0,4,5,1,67.87,0,1,0,2,1,1,0,2,6,3,50.0,14,14,11,4,36.36,2,3,15,7,46.67,5,10,0,1,8,0,0,4.58,4.9,4.4,2.85,7.24,4.66,0.407,2025-09-27T13:32:42.107519+00:00,407,Highland_Wanderers_20251208181114_407,1,4.66
Mapúa University,2077.089,146.642,7.06,37.51,72,50,6,22,50,11,4,2,1,2,2,5,68.79,0,1,1,5,1,4,0,7,6,3,50.0,0,5,2,0,0.0,1,0,15,5,33.33,4,11,0,2,4,0,0,4.99,5.36,4.06,4.11,7.19,5.0,0.444,2025-10-08T08:26:17.107519+00:00,925,Mapúa_University_20251208181114_925,1,5.0
San Beda University,2621.744,755.324,28.81,52.6,146,120,8,26,101,9,12,3,5,7,9,7,82.42,0,1,0,3,1,2,0,4,13,8,61.54,4,6,9,2,22.22,1,1,17,6,35.29,5,12,0,1,4,0,0,4.41,5.44,4.39,3.62,7.44,4.89,0.432,2025-07-24T19:32:42.107519+00:00,198,San_Beda_University_20251208181114_198,1,4.89
Valley Rovers,3251.837,745.646,22.93,61.0,105,77,7,28,67,15,7,5,2,4,4,8,73.12,0,1,0,5,1,4,0,5,13,9,69.23,1,3,4,1,25.0,2,0,25,16,64.0,5,20,0,0,2,0,0,5.22,3.58,4.5,4.42,7.02,4.68,0.409,2025-10-03T13:33:38.107519+00:00,844,Valley_Rovers_20251208181114_844,1,4.68
National University,2068.301,386.772,18.7,40.21,59,41,7,18,45,6,4,2,2,0,0,6,69.04,0,0,0,4,1,3,0,5,2,1,50.0,5,13,5,1,20.0,0,1,6,2,33.33,2,4,0,0,7,1,0,4.11,5.14,4.67,4.48,6.76,4.83,0.426,2025-09-27T01:29:40.108527+00:00,24,National_University_20251208181114_24,1,4.83
Riverside FC,2062.489,382.592,18.55,40.65,125,115,3,10,90,9,14,5,3,2,2,2,92.14,0,2,0,2,1,1,0,2,5,3,60.0,7,5,9,2,22.22,1,0,8,4,50.0,2,6,0,0,9,1,0,5.03,4.45,4.92,5.18,6.37,5.0,0.444,2025-07-17T09:12:18.108527+00:00,705,Riverside_FC_20251208181114_705,1,5.0
Brookside United,3216.63,609.23,18.94,57.61,131,91,6,40,74,14,8,0,4,10,21,15,69.27,0,3,1,6,2,4,0,7,14,7,50.0,3,3,6,2,33.33,0,0,7,2,28.57,3,4,0,0,3,0,0,5.64,4.44,4.59,4.67,7.4,5.13,0.459,2025-07-26T13:31:18.108527+00:00,75,Brookside_United_20251208181114_75,1,5.13
City United,2476.462,151.807,6.13,45.33,103,74,10,29,74,9,7,3,2,4,4,4,72.27,0,2,0,3,2,1,0,4,7,3,42.86,12,0,9,2,22.22,1,0,20,8,40.0,3,17,1,1,2,0,0,4.52,4.47,4.2,2.88,7.33,4.49,0.388,2025-02-16T09:17:15.108527+00:00,907,City_United_20251208181114_907,1,4.49
Northbridge FC,2032.714,348.61,17.15,37.74,167,118,16,49,126,18,15,6,2,0,0,9,70.83,0,2,0,4,2,2,0,3,8,5,62.5,17,3,12,2,16.67,1,0,27,19,70.37,14,13,1,2,6,0,0,4.23,5.57,5.49,4.54,7.3,5.21,0.468,2025-05-06T13:10:34.108527+00:00,182,Northbridge_FC_20251208181114_182,1,5.21
Metro FC,3249.377,844.188,25.98,63.77,137,88,17,49,90,17,3,2,2,9,14,11,64.26,1,4,1,6,2,4,0,6,9,5,55.56,10,2,8,2,25.0,1,2,19,9,47.37,8,11,0,1,1,0,0,5.5,3.99,4.16,4.06,7.16,4.77,0.419,2024-12-08T08:31:58.108527+00:00,691,Metro_FC_20251208181114_691,1,4.77
City United,1942.176,97.109,5.0,37.75,64,53,2,11,42,4,6,1,1,4,6,3,82.33,0,1,0,4,2,2,0,5,6,3,50.0,4,1,9,3,33.33,1,0,17,6,35.29,5,12,0,1,5,0,0,5.02,4.87,4.32,3.65,7.24,4.87,0.43,2025-07-07T18:37:44.108527+00:00,528,City_United_20251208181114_528,1,4.87
Northbridge FC,2845.279,502.476,17.66,53.12,123,103,6,20,88,14,5,0,2,3,11,16,83.41,0,1,0,3,1,2,0,3,9,3,33.33,8,8,4,0,0.0,1,1,14,8,57.14,3,11,0,1,5,1,0,5.24,4.91,6.09,3.79,6.56,5.25,0.472,2025-06-06T06:19:15.108527+00:00,449,Northbridge_FC_20251208181114_449,1,5.25
Highland Wanderers,2319.707,115.985,5.0,43.89,104,72,7,32,85,11,6,1,3,0,0,6,69.19,0,2,0,4,1,3,0,5,8,6,75.0,9,4,0,0,0.0,2,1,36,14,38.89,11,25,0,2,7,1,0,3.92,3.61,3.89,5.22,6.41,4.26,0.362,2025-01-09T03:50:50.109519+00:00,457,Highland_Wanderers_20251208181114_457,1,4.26
Adamson University,2556.32,743.378,29.08,50.5,115,87,8,28,85,13,8,0,2,5,3,7,75.35,0,1,1,5,2,3,0,4,7,5,71.43,5,5,0,0,0.0,0,0,36,14,38.89,10,26,0,0,3,0,0,5.37,5.4,4.4,3.17,6.85,5.02,0.447,2025-04-10T14:56:27.109519+00:00,400,Adamson_University_20251208181114_400,1,5.02
University of Santo Tomas,1702.632,221.342,13.0,31.75,67,48,6,19,45,11,9,2,2,0,0,4,71.81,0,1,0,3,1,2,0,3,9,5,55.56,4,6,15,4,26.67,1,0,11,5,45.45,5,6,0,1,2,0,0,3.53,5.36,4.59,3.85,7.01,4.65,0.406,2024-12-19T04:46:01.109519+00:00,711,University_of_Santo_Tomas_20251208181114_711,1,4.65
City United,2183.479,206.557,9.46,43.22,76,55,4,21,44,11,4,2,1,8,6,10,71.82,0,1,1,5,2,3,0,6,10,6,60.0,15,3,6,1,16.67,1,0,16,6,37.5,4,12,1,2,7,2,0,4.95,5.0,4.75,3.49,5.48,4.77,0.419,2024-12-23T16:23:35.109519+00:00,905,City_United_20251208181114_905,1,4.77
Valley Rovers,3342.681,690.264,20.65,64.62,105,77,5,28,85,10,6,2,2,0,0,6,73.37,0,1,0,4,1,3,0,5,4,2,50.0,1,5,4,0,0.0,0,0,15,8,53.33,3,12,0,2,2,0,0,5.02,3.2,4.64,4.19,7.62,4.58,0.398,2024-12-19T02:31:01.109519+00:00,560,Valley_Rovers_20251208181114_560,1,4.58
University of Santo Tomas,3424.13,812.546,23.73,67.91,149,117,14,32,115,21,18,3,3,0,0,17,78.85,1,5,0,8,3,5,1,8,13,6,46.15,4,6,6,1,16.67,0,1,40,21,52.5,10,30,0,3,6,0,0,5.42,5.54,5.04,4.42,7.61,5.46,0.496,2025-03-12T22:59:39.109519+00:00,515,University_of_Santo_Tomas_20251208181114_515,1,5.46
City United,2004.297,397.051,19.81,36.76,72,52,7,20,48,6,5,3,1,3,6,8,72.61,0,1,1,5,2,3,1,6,3,2,66.67,10,10,12,3,25.0,1,0,27,19,70.37,10,17,0,0,6,0,0,4.66,4.5,4.99,3.27,7.32,4.75,0.417,2025-02-07T16:42:47.109519+00:00,537,City_United_20251208181114_537,1,4.75
San Beda University,3519.216,450.46,12.8,70.29,135,101,14,34,98,17,12,4,3,1,1,9,74.96,1,3,1,8,2,6,0,9,16,13,81.25,3,3,1,0,0.0,2,1,22,7,31.82,0,22,1,3,1,1,0,5.49,5.14,4.04,4.4,6.68,5.07,0.452,2025-12-07T23:03:36.109519+00:00,941,San_Beda_University_20251208181114_941,1,5.07
Coastal Town,1523.62,284.765,18.69,28.33,39,31,2,8,30,7,2,1,1,0,0,7,78.76,0,1,0,2,1,1,0,2,0,0,34.02,10,7,11,2,18.18,1,0,10,5,50.0,2,8,0,1,11,4,0,3.97,4.93,4.7,4.83,3.76,4.48,0.387,2024-12-10T11:33:44.110519+00:00,574,Coastal_Town_20251208181114_574,1,4.48
Far Eastern University,1956.239,469.889,24.02,38.58,93,70,4,23,62,14,8,3,2,2,2,5,75.68,0,1,0,2,1,1,0,2,11,5,45.45,12,3,14,3,21.43,1,0,19,10,52.63,8,11,1,0,3,1,0,3.89,4.61,4.83,3.81,6.48,4.53,0.392,2025-11-26T05:28:24.110519+00:00,415,Far_Eastern_University_20251208181114_415,1,4.53
De La Salle University,1281.416,348.161,27.17,25.17,58,47,3,11,41,8,4,1,1,1,1,5,81.31,0,2,0,2,1,1,0,1,8,4,50.0,8,12,14,3,21.43,2,0,1,0,0.0,0,1,0,1,9,1,0,3.61,5.83,3.62,3.75,6.38,4.53,0.392,2025-04-26T12:17:36.110519+00:00,817,De_La_Salle_University_20251208181114_817,1,4.53
Adamson University,1990.249,435.666,21.89,38.01,100,68,11,32,59,19,3,2,2,11,4,9,68.39,0,1,0,2,1,1,0,2,8,5,62.5,5,11,9,1,11.11,1,1,17,8,47.06,6,11,0,0,4,0,0,3.94,4.75,4.59,4.04,7.27,4.64,0.404,2025-07-15T15:04:09.110519+00:00,549,Adamson_University_20251208181114_549,1,4.64
City United,2579.705,424.877,16.47,47.08,57,40,7,17,43,7,4,1,1,1,1,4,70.3,0,1,0,5,2,3,0,4,8,6,75.0,9,4,10,3,30.0,1,2,38,20,52.63,3,35,0,2,4,0,0,4.34,5.24,3.94,3.85,6.4,4.65,0.406,2025-03-24T16:42:17.110519+00:00,61,City_United_20251208181114_61,1,4.65
National University,2176.418,304.916,14.01,42.6,101,70,15,31,74,15,7,0,2,1,1,8,68.91,0,2,0,5,2,3,0,4,3,1,33.33,6,7,3,0,0.0,1,1,33,16,48.48,8,25,0,0,5,0,0,4.68,5.07,3.98,4.58,7.01,4.87,0.43,2025-05-30T14:12:03.110519+00:00,808,National_University_20251208181114_808,1,4.87
Lakeside Athletic,3639.839,377.451,10.37,68.24,202,140,18,62,153,33,10,8,5,0,0,22,69.39,1,7,0,5,2,3,0,6,13,6,46.15,7,4,4,1,25.0,2,2,28,16,57.14,3,25,0,0,3,1,0,4.36,4.33,3.96,4.37,5.85,4.42,0.38,2025-07-03T00:24:34.110519+00:00,53,Lakeside_Athletic_20251208181114_53,1,4.42
Mapúa University,2815.563,522.85,18.57,52.79,79,58,6,21,64,14,4,2,1,0,0,7,73.21,0,2,1,5,2,3,0,3,5,4,80.0,7,6,8,2,25.0,2,0,21,7,33.33,2,19,0,0,7,1,0,5.68,5.32,3.81,4.35,6.34,5.09,0.454,2025-11-16T08:55:44.110519+00:00,373,Mapúa_University_20251208181114_373,1,5.09
Brookside United,1717.292,286.788,16.7,32.51,83,65,3,18,65,11,7,2,2,0,0,13,78.25,0,3,0,3,1,2,0,4,4,2,50.0,5,9,13,2,15.38,2,0,17,12,70.59,3,14,0,2,9,3,0,4.24,4.99,4.77,3.97,4.52,4.55,0.394,2025-10-01T19:18:25.111519+00:00,519,Brookside_United_20251208181114_519,1,4.55
City United,2889.898,699.933,24.22,58.12,112,86,9,26,72,9,6,7,4,5,9,4,76.97,0,2,1,7,3,4,1,4,10,5,50.0,5,6,7,2,28.57,0,2,15,7,46.67,8,7,0,3,4,0,0,5.08,5.73,5.28,3.89,6.88,5.32,0.48,2024-12-22T12:41:16.111519+00:00,792,City_United_20251208181114_792,1,5.32
Northbridge FC,2625.495,224.217,8.54,51.06,94,59,11,35,73,8,3,5,2,1,1,4,63.0,0,0,0,6,2,4,0,7,11,6,54.55,6,6,8,1,12.5,0,0,12,5,41.67,2,10,2,0,4,0,0,5.1,4.72,5.51,3.94,6.73,5.08,0.453,2025-10-16T03:41:46.111519+00:00,297,Northbridge_FC_20251208181114_297,1,5.08
Metro FC,2357.095,417.913,17.73,45.95,114,70,18,44,88,18,0,3,2,1,2,17,61.54,0,2,0,3,1,2,0,4,8,6,75.0,11,3,13,3,23.08,1,0,20,10,50.0,3,17,0,1,10,3,0,4.8,5.77,3.99,3.96,4.62,4.77,0.419,2025-06-19T14:22:23.111519+00:00,287,Metro_FC_20251208181114_287,1,4.77
Highland Wanderers,2187.163,549.634,25.13,43.2,71,61,4,10,40,9,2,3,1,8,7,7,86.42,0,2,0,3,1,2,0,4,6,2,33.33,6,5,6,2,33.33,1,0,22,11,50.0,1,21,0,0,4,0,0,4.49,4.58,5.36,4.35,7.66,4.99,0.443,2025-04-20T15:10:27.111519+00:00,714,Highland_Wanderers_20251208181114_714,1,4.99
Mapúa University,2623.386,505.264,19.26,48.86,53,39,5,14,38,6,5,1,1,1,1,4,74.21,0,2,1,6,3,3,0,5,4,2,50.0,8,7,3,1,33.33,3,1,33,17,51.52,11,22,0,1,7,1,0,5.02,4.68,5.17,3.47,7.21,4.96,0.44,2025-04-02T04:47:43.111519+00:00,773,Mapúa_University_20251208181114_773,1,4.96
Lyceum,2098.408,228.936,10.91,38.98,85,73,4,12,67,9,5,1,2,0,0,5,85.64,0,2,0,3,1,2,0,3,6,3,50.0,6,9,6,1,16.67,1,1,16,3,18.75,4,12,0,1,9,2,0,5.17,5.54,4.94,3.37,5.35,4.99,0.443,2025-07-17T11:09:45.111519+00:00,241,Lyceum_20251208181114_241,1,4.99
Adamson University,3575.497,912.109,25.51,66.16,128,92,14,36,92,17,6,4,2,2,4,13,71.73,0,4,1,9,3,6,0,9,22,12,54.55,7,4,6,1,16.67,1,2,31,16,51.61,10,21,1,2,1,0,0,4.95,5.2,5.78,4.71,7.66,5.42,0.491,2025-02-18T05:00:29.111519+00:00,243,Adamson_University_20251208181114_243,1,5.42
San Beda University,3071.11,578.904,18.85,61.23,152,123,9,29,91,13,16,5,2,8,17,21,80.67,0,2,0,4,2,2,0,5,9,6,66.67,12,1,5,1,20.0,1,1,17,9,52.94,0,17,0,0,6,0,0,4.9,5.2,5.57,3.66,7.2,5.17,0.463,2025-10-04T00:07:44.111519+00:00,568,San_Beda_University_20251208181114_568,1,5.17
Brookside United,1537.565,138.381,9.0,28.38,55,37,6,18,37,7,0,1,0,4,5,6,66.91,0,1,0,2,1,1,0,3,6,4,66.67,12,9,14,4,28.57,0,2,2,1,50.0,1,1,0,0,12,2,0,4.76,3.91,3.98,3.47,5.43,4.25,0.361,2025-06-27T06:53:27.112519+00:00,953,Brookside_United_20251208181114_953,1,4.25
2 Worlds FC,1753.936,195.213,11.13,35.06,111,75,12,36,78,18,4,4,0,2,5,14,67.28,0,2,0,4,2,2,0,5,3,1,33.33,8,9,10,4,40.0,0,0,20,9,45.0,6,14,0,3,9,0,0,4.02,4.07,5.1,3.97,6.58,4.5,0.389,2025-04-27T22:03:18.112519+00:00,671,2_Worlds_FC_20251208181114_671,1,4.5
Far Eastern University,2554.588,548.47,21.47,46.18,155,115,12,40,121,33,7,0,4,0,0,18,73.94,0,4,1,5,2,3,0,6,3,1,33.33,8,4,8,2,25.0,2,1,23,15,65.22,5,18,0,2,4,0,0,5.11,5.51,4.44,5.11,6.78,5.25,0.472,2025-06-25T11:19:50.112519+00:00,873,Far_Eastern_University_20251208181114_873,1,5.25
National University,2703.617,488.544,18.07,48.44,101,91,3,10,70,16,7,3,2,2,2,5,89.95,0,2,0,4,1,3,0,3,3,2,66.67,7,2,4,1,25.0,0,0,13,9,69.23,5,8,0,1,3,0,0,4.53,3.42,4.14,3.59,6.85,4.24,0.36,2025-03-28T09:25:59.112519+00:00,101,National_University_20251208181114_101,1,4.24
National University,2373.039,274.323,11.56,44.01,73,64,3,9,51,14,3,2,0,1,1,10,88.3,0,1,0,3,1,2,0,3,4,2,50.0,14,8,2,0,0.0,0,0,20,9,45.0,4,16,2,1,4,0,0,3.63,4.33,4.93,4.0,6.98,4.47,0.386,2025-05-18T23:47:20.112519+00:00,274,National_University_20251208181114_274,1,4.47
Ateneo de Manila University,2826.33,493.477,17.46,50.64,84,59,4,25,56,17,8,4,2,0,0,6,69.87,0,3,0,5,1,4,0,5,8,7,87.5,5,5,6,1,16.67,1,0,18,8,44.44,7,11,0,2,7,1,0,3.55,4.89,4.81,3.51,6.7,4.49,0.388,2025-06-14T18:06:12.112519+00:00,407,Ateneo_de_Manila_University_20251208181114_407,1,4.49
Adamson University,3766.264,188.313,5.0,67.91,195,131,24,64,130,24,14,6,4,9,8,10,67.3,0,5,0,7,3,4,0,8,12,7,58.33,3,2,3,1,33.33,1,0,16,6,37.5,2,14,0,2,4,0,0,4.62,4.11,4.06,5.27,7.8,4.77,0.419,2025-12-06T21:15:50.112519+00:00,532,Adamson_University_20251208181114_532,1,4.77
City United,1818.199,316.367,17.4,33.58,44,32,4,12,31,5,2,1,2,1,3,4,71.7,0,0,0,2,1,1,0,2,8,6,75.0,13,5,6,1,16.67,1,0,22,10,45.45,7,15,1,1,7,0,0,3.98,4.87,4.3,4.36,7.92,4.74,0.416,2025-10-05T11:35:03.112519+00:00,368,City_United_20251208181114_368,1,4.74
National University,2627.643,515.018,19.6,49.75,146,121,9,25,118,10,0,5,3,3,8,9,82.74,0,2,0,5,1,4,1,6,7,4,57.14,9,5,9,1,11.11,1,0,19,13,68.42,5,14,0,1,4,0,0,4.33,4.35,4.93,3.73,7.24,4.66,0.407,2025-12-07T11:00:08.113521+00:00,877,National_University_20251208181114_877,1,4.66
Lakeside Athletic,1934.747,181.673,9.39,37.58,59,42,7,17,36,11,5,1,1,2,3,4,71.69,0,1,0,1,0,1,0,1,5,3,60.0,7,10,1,0,0.0,1,1,8,2,25.0,0,8,0,0,6,0,0,3.53,5.71,4.31,4.87,7.09,4.84,0.427,2025-06-16T23:25:14.113521+00:00,654,Lakeside_Athletic_20251208181114_654,1,4.84
Coastal Town,2159.068,522.71,24.21,38.48,86,68,6,18,55,16,7,2,3,1,1,4,78.93,0,1,0,3,1,2,0,4,13,7,53.85,3,0,13,3,23.08,1,0,11,5,45.45,0,11,0,1,2,0,0,5.98,3.89,4.8,4.19,7.3,5.04,0.449,2025-03-07T21:02:40.113521+00:00,754,Coastal_Town_20251208181114_754,1,5.04
Far Eastern University,3103.088,1185.38,38.2,62.05,138,109,11,29,100,7,9,1,4,4,12,14,79.2,0,2,1,8,4,4,1,8,12,8,66.67,9,7,7,2,28.57,3,1,25,13,52.0,4,21,1,3,2,0,0,4.98,5.23,5.05,4.24,7.81,5.24,0.471,2024-12-14T06:30:24.113521+00:00,901,Far_Eastern_University_20251208181114_901,1,5.24
San Beda University,2911.394,511.532,17.57,54.32,106,76,14,30,62,17,11,2,2,7,5,13,71.71,0,2,0,5,2,3,0,6,9,5,55.56,9,4,11,3,27.27,0,0,33,17,51.52,9,24,0,1,5,0,0,4.24,5.0,4.26,5.61,7.48,4.97,0.441,2025-07-29T19:20:04.113521+00:00,943,San_Beda_University_20251208181114_943,1,4.97
De La Salle University,2739.224,335.555,12.25,49.5,181,133,15,48,132,25,11,5,7,0,0,13,73.27,0,4,0,5,2,3,0,4,14,6,42.86,11,3,16,4,25.0,0,1,33,16,48.48,2,31,0,1,6,0,0,4.94,4.83,4.21,3.51,6.81,4.75,0.417,2025-10-23T23:43:22.113521+00:00,311,De_La_Salle_University_20251208181114_311,1,4.75
University of the Philippines,2457.149,371.275,15.11,44.71,104,88,2,16,66,16,9,4,1,2,4,16,84.49,0,2,0,3,1,2,0,3,11,4,36.36,14,4,13,1,7.69,1,2,24,13,54.17,12,12,0,1,2,0,0,4.3,4.68,5.38,4.46,7.1,4.92,0.436,2025-05-08T07:53:20.113521+00:00,175,University_of_the_Philippines_20251208181114_175,1,4.92
City United,3416.51,170.826,5.0,61.2,164,134,5,30,131,28,14,5,5,0,0,0,81.71,0,4,1,6,3,3,0,4,8,4,50.0,1,1,6,1,16.67,1,0,20,13,65.0,12,8,0,1,4,0,0,4.81,4.13,5.33,3.1,7.66,4.77,0.419,2025-02-15T12:33:22.113521+00:00,780,City_United_20251208181114_780,1,4.77
Lyceum,2467.004,134.452,5.45,46.65,174,118,20,56,122,13,7,2,0,15,16,19,67.73,1,5,1,5,2,3,0,6,9,5,55.56,4,4,1,0,0.0,0,1,20,8,40.0,3,17,0,0,7,3,0,4.6,4.93,4.49,4.61,5.11,4.72,0.413,2025-11-30T22:51:22.114519+00:00,574,Lyceum_20251208181114_574,1,4.72
City United,1946.455,181.604,9.33,35.68,108,89,6,19,77,9,2,4,4,4,8,5,82.0,0,1,0,4,1,3,0,4,7,4,57.14,1,0,11,3,27.27,2,0,20,11,55.0,4,16,1,3,7,0,0,3.95,4.65,4.47,2.87,8.12,4.52,0.391,2025-08-20T00:19:29.114519+00:00,431,City_United_20251208181114_431,1,4.52
Mapúa University,4001.079,358.497,8.96,75.15,167,134,10,33,113,11,3,8,3,10,20,14,80.35,0,4,0,3,1,2,0,3,20,11,55.0,1,3,6,2,33.33,1,0,39,14,35.9,10,29,1,2,2,0,0,5.35,6.09,5.93,4.02,7.61,5.71,0.523,2025-05-05T19:58:24.114519+00:00,973,Mapúa_University_20251208181114_973,1,5.71
Highland Wanderers,2742.586,575.943,21.0,50.06,140,103,11,37,90,9,7,5,0,14,15,7,73.23,0,4,1,5,2,3,0,6,5,2,40.0,7,2,7,1,14.29,4,0,30,14,46.67,4,26,2,0,1,0,0,5.64,5.02,4.68,3.55,7.4,5.16,0.462,2025-11-07T00:41:53.114519+00:00,32,Highland_Wanderers_20251208181114_32,1,5.16
Brookside United,2750.744,544.922,19.81,50.92,132,90,19,42,96,26,6,7,4,0,0,11,68.14,0,5,1,4,1,3,0,4,13,8,61.54,4,4,6,1,16.67,1,1,11,5,45.45,4,7,1,1,0,0,0,5.11,4.75,5.78,3.86,7.39,5.2,0.467,2025-09-03T09:47:44.114519+00:00,522,Brookside_United_20251208181114_522,1,5.2
Northbridge FC,2881.401,1147.662,39.83,51.87,104,81,5,23,68,8,8,2,2,3,12,4,78.16,0,2,1,7,2,5,1,7,15,7,46.67,10,3,7,0,0.0,0,1,28,9,32.14,10,18,0,3,8,2,0,5.28,5.35,4.41,4.6,5.49,5.05,0.45,2025-08-29T12:26:13.114519+00:00,834,Northbridge_FC_20251208181114_834,1,5.05
Riverside FC,2331.639,358.14,15.36,42.19,83,55,12,28,59,6,4,2,3,3,5,7,65.93,0,1,0,3,1,2,0,4,4,2,50.0,10,9,8,3,37.5,0,0,18,6,33.33,8,10,0,0,11,0,0,4.93,5.42,5.14,4.36,7.31,5.27,0.474,2025-11-13T13:03:49.114519+00:00,455,Riverside_FC_20251208181114_455,1,5.27
San Beda University,3405.566,1061.174,31.16,68.37,170,133,12,37,120,29,13,6,2,0,0,7,78.4,0,2,1,8,3,5,1,10,12,5,41.67,9,4,4,1,25.0,2,2,42,11,26.19,14,28,1,2,4,0,0,5.27,5.22,4.41,5.3,7.74,5.34,0.482,2025-06-07T03:04:59.114519+00:00,293,San_Beda_University_20251208181114_293,1,5.34
San Beda University,1923.191,346.367,18.01,37.8,143,92,26,51,120,17,4,5,3,0,0,15,64.48,1,4,0,4,2,2,0,4,7,3,42.86,15,1,13,4,30.77,1,1,14,6,42.86,4,10,1,0,7,1,0,4.77,5.39,4.82,3.99,6.29,5.0,0.444,2025-07-20T01:02:25.115519+00:00,822,San_Beda_University_20251208181114_822,1,5.0
De La Salle University,2583.906,454.251,17.58,46.93,118,98,5,20,62,13,8,3,3,14,14,10,83.03,0,4,0,5,1,4,0,5,13,8,61.54,2,4,15,3,20.0,0,0,23,10,43.48,0,23,0,0,7,0,0,5.76,5.98,4.58,4.24,6.8,5.48,0.498,2025-07-26T23:58:28.115519+00:00,66,De_La_Salle_University_20251208181114_66,1,5.48
Riverside FC,3460.761,871.766,25.19,65.46,146,104,24,42,102,14,9,3,4,7,6,13,71.2,1,4,1,6,1,5,0,5,16,9,56.25,2,4,6,1,16.67,2,0,53,31,58.49,11,42,2,3,4,1,0,5.26,4.11,4.71,4.13,6.48,4.79,0.421,2025-10-06T09:54:38.115519+00:00,776,Riverside_FC_20251208181114_776,1,4.79
Lakeside Athletic,2322.304,177.656,7.65,43.82,132,88,12,44,102,25,1,2,3,0,0,16,66.35,0,2,0,5,2,3,0,6,8,4,50.0,9,6,12,2,16.67,1,0,11,4,36.36,2,9,0,2,7,2,0,4.1,5.13,5.21,5.0,5.65,4.89,0.432,2025-04-18T05:31:19.115519+00:00,686,Lakeside_Athletic_20251208181114_686,1,4.89
University of the Philippines,2319.715,115.986,5.0,46.66,84,65,7,19,59,14,7,2,1,0,0,3,77.52,0,1,0,4,1,3,0,5,9,6,66.67,10,7,13,2,15.38,2,0,19,8,42.11,7,12,0,2,9,0,0,4.14,5.05,3.71,3.91,7.15,4.58,0.398,2025-02-07T20:55:29.115519+00:00,728,University_of_the_Philippines_20251208181114_728,1,4.58
Mapúa University,2271.751,113.588,5.0,44.08,89,63,9,26,69,4,4,3,2,3,4,4,70.96,0,1,0,4,1,3,0,4,8,5,62.5,0,7,6,2,33.33,1,0,18,11,61.11,4,14,1,1,5,1,0,4.97,5.25,5.25,4.55,6.83,5.23,0.47,2025-06-13T22:27:54.115519+00:00,828,Mapúa_University_20251208181114_828,1,5.23
Metro FC,3005.405,442.696,14.73,54.42,195,154,13,41,138,39,8,6,4,0,0,20,78.99,0,4,0,5,2,3,0,6,12,5,41.67,8,9,4,0,0.0,3,0,20,14,70.0,2,18,0,0,3,0,0,4.87,6.68,5.52,3.74,7.6,5.62,0.513,2025-02-23T09:45:39.115519+00:00,946,Metro_FC_20251208181114_946,1,5.62
San Beda University,1448.773,195.15,13.47,29.14,76,60,5,16,44,9,4,1,1,10,7,5,79.46,0,2,0,2,1,1,0,2,0,0,17.17,10,1,15,3,20.0,2,0,9,4,44.44,2,7,0,0,5,0,0,4.26,5.47,4.58,3.12,6.26,4.7,0.411,2025-04-01T06:13:50.115519+00:00,775,San_Beda_University_20251208181114_775,1,4.7
Lyceum,1955.822,123.804,6.33,38.32,72,51,8,21,50,8,6,1,1,3,3,3,71.21,0,2,0,4,1,3,0,5,8,5,62.5,13,9,12,1,8.33,1,0,13,6,46.15,5,8,0,0,0,0,0,4.51,4.1,4.47,4.22,7.25,4.62,0.402,2024-12-08T18:04:10.116519+00:00,494,Lyceum_20251208181114_494,1,4.62
Coastal Town,2328.096,383.903,16.49,45.24,111,78,11,33,68,16,8,2,2,4,10,8,70.27,0,1,0,3,1,2,0,3,6,3,50.0,3,10,5,1,20.0,2,0,18,11,61.11,6,12,0,1,2,0,0,5.15,3.91,5.02,3.84,6.43,4.72,0.413,2025-05-22T21:07:16.116519+00:00,265,Coastal_Town_20251208181114_265,1,4.72
Lyceum,1823.059,229.705,12.6,35.81,107,76,17,31,84,16,8,3,1,0,0,6,70.77,0,2,0,4,1,3,0,5,10,6,60.0,0,10,12,1,8.33,1,0,26,12,46.15,7,19,0,2,12,1,0,5.13,4.65,4.39,3.89,6.06,4.77,0.419,2025-09-25T06:22:35.116519+00:00,891,Lyceum_20251208181114_891,1,4.77
San Beda University,2377.49,186.633,7.85,44.95,109,84,7,25,71,20,3,3,1,6,5,1,76.61,0,1,0,3,1,2,0,3,7,4,57.14,12,15,8,2,25.0,0,1,17,9,52.94,4,13,0,1,7,0,0,4.22,5.05,4.82,3.58,6.31,4.69,0.41,2025-09-29T14:23:22.116519+00:00,626,San_Beda_University_20251208181114_626,1,4.69
San Beda University,2294.462,210.861,9.19,43.32,81,65,4,16,52,11,7,4,1,2,4,6,80.37,0,1,0,3,1,2,0,4,4,2,50.0,6,4,6,2,33.33,0,0,8,6,75.0,0,8,1,0,2,0,0,4.93,4.23,4.32,3.96,7.17,4.7,0.411,2025-10-06T16:41:03.116519+00:00,577,San_Beda_University_20251208181114_577,1,4.7
Highland Wanderers,2025.008,342.834,16.93,37.24,46,32,4,14,29,8,3,2,0,2,2,7,69.69,0,2,0,4,2,2,0,3,11,5,45.45,7,7,10,3,30.0,1,1,3,1,33.33,1,2,1,0,2,0,0,4.18,5.01,3.8,3.93,7.07,4.59,0.399,2025-09-10T18:47:52.116519+00:00,64,Highland_Wanderers_20251208181114_64,1,4.59
2 Worlds FC,1862.751,338.648,18.18,33.47,67,38,10,29,52,5,4,2,3,1,2,11,56.9,0,2,0,2,1,1,0,2,5,3,60.0,5,10,13,0,0.0,0,1,29,21,72.41,10,19,1,0,4,1,0,3.87,5.04,4.3,5.64,6.48,4.79,0.421,2025-03-17T08:12:09.116519+00:00,723,2_Worlds_FC_20251208181114_723,1,4.79
Metro FC,3471.169,375.58,10.82,66.97,129,99,13,30,87,17,4,2,1,4,13,9,77.02,0,1,1,8,2,6,0,6,10,5,50.0,4,4,4,0,0.0,1,2,28,14,50.0,5,23,0,2,5,0,0,4.81,4.86,4.79,4.44,7.34,5.02,0.447,2025-01-31T23:04:56.116519+00:00,260,Metro_FC_20251208181114_260,1,5.02
Metro FC,3274.269,483.61,14.77,64.6,109,70,13,39,66,15,10,3,2,6,7,13,63.98,1,4,1,7,3,4,1,8,8,5,62.5,8,2,9,3,33.33,1,2,39,12,30.77,9,30,0,2,3,0,0,5.36,4.98,4.59,4.63,7.45,5.21,0.468,2025-01-01T20:36:05.116519+00:00,142,Metro_FC_20251208181114_142,1,5.21
2 Worlds FC,2257.586,521.502,23.1,41.54,111,95,4,16,89,7,8,3,2,1,1,7,85.28,0,1,1,4,2,2,1,3,0,0,9.87,10,7,12,3,25.0,1,1,25,7,28.0,5,20,0,1,5,0,0,4.89,5.01,5.19,3.71,7.21,5.05,0.45,2025-08-01T18:09:13.117519+00:00,317,2_Worlds_FC_20251208181114_317,1,5.05
Far Eastern University,2618.708,479.485,18.31,50.92,150,114,7,36,89,23,9,9,1,5,13,9,75.98,0,3,0,7,3,4,0,9,9,5,55.56,5,6,4,1,25.0,0,3,16,6,37.5,3,13,0,3,0,0,0,5.18,4.74,4.75,3.1,7.38,4.9,0.433,2025-03-12T12:11:28.117519+00:00,367,Far_Eastern_University_20251208181114_367,1,4.9
National University,2323.991,718.113,30.9,42.33,130,94,17,36,98,19,6,5,2,0,0,9,72.16,0,2,0,4,1,3,0,3,9,6,66.67,6,4,5,1,20.0,0,0,11,6,54.55,2,9,0,1,10,2,0,5.48,4.84,4.04,3.79,6.09,4.84,0.427,2025-12-03T03:15:26.117519+00:00,51,National_University_20251208181114_51,1,4.84
Lakeside Athletic,3233.482,383.168,11.85,64.46,189,147,17,42,122,20,14,9,3,8,12,11,77.73,0,5,0,7,3,4,0,8,13,7,53.85,5,4,4,1,25.0,0,0,42,17,40.48,10,32,0,5,5,0,0,5.85,4.6,5.77,5.47,7.1,5.56,0.507,2025-04-13T17:12:38.117519+00:00,643,Lakeside_Athletic_20251208181114_643,1,5.56
Valley Rovers,3484.728,730.399,20.96,69.96,151,130,5,21,103,14,15,5,7,2,6,9,85.94,0,1,1,7,3,4,1,7,19,11,57.89,3,4,6,2,33.33,1,2,9,5,55.56,1,8,0,1,2,0,0,5.37,5.17,5.59,3.93,7.14,5.33,0.481,2025-05-17T13:26:56.117519+00:00,791,Valley_Rovers_20251208181114_791,1,5.33
Metro FC,2597.513,660.288,25.42,51.09,139,103,11,36,100,0,11,6,5,12,5,4,74.21,0,4,1,5,2,3,0,5,4,2,50.0,4,8,4,0,0.0,0,0,31,19,61.29,11,20,0,2,8,0,0,5.4,3.72,5.44,5.41,7.38,5.14,0.46,2025-09-15T03:37:56.117519+00:00,685,Metro_FC_20251208181114_685,1,5.14
Far Eastern University,2297.228,647.359,28.18,42.86,115,85,6,30,86,13,4,2,2,4,3,5,73.54,0,3,0,4,1,3,0,7,11,6,54.55,15,7,11,0,0.0,1,0,14,7,50.0,2,12,0,1,6,0,0,4.93,5.24,4.22,3.58,6.61,4.85,0.428,2025-06-08T23:11:21.117519+00:00,761,Far_Eastern_University_20251208181114_761,1,4.85
Lakeside Athletic,2663.862,307.143,11.53,49.51,130,102,3,28,93,15,5,2,4,6,4,9,78.26,0,2,0,5,2,3,0,3,13,10,76.92,10,4,9,1,11.11,1,0,19,9,47.37,6,13,0,0,3,0,0,3.46,5.72,4.95,4.2,6.68,4.82,0.424,2025-07-02T18:29:06.117519+00:00,58,Lakeside_Athletic_20251208181114_58,1,4.82
Lyceum,1851.033,308.197,16.65,34.33,132,88,18,44,102,13,10,7,2,0,0,9,66.59,0,2,0,5,2,3,1,4,3,1,33.33,2,0,12,2,16.67,0,1,24,14,58.33,7,17,0,3,11,2,0,3.37,3.79,4.1,4.91,5.59,4.07,0.341,2025-02-15T14:20:58.118519+00:00,258,Lyceum_20251208181114_258,1,4.07
Mapúa University,2855.092,343.753,12.04,54.42,141,107,11,34,104,8,6,1,5,7,10,15,75.87,1,3,1,7,2,5,1,5,5,3,60.0,3,2,10,2,20.0,0,2,33,13,39.39,9,24,0,1,3,0,0,5.27,4.48,4.09,4.39,7.38,4.9,0.433,2025-05-04T11:25:19.118519+00:00,285,Mapúa_University_20251208181114_285,1,4.9
University of the Philippines,1039.148,91.965,8.85,19.16,36,28,3,8,21,6,2,2,0,3,3,6,78.71,0,1,0,2,1,1,0,2,1,1,100.0,14,15,7,1,14.29,3,0,10,4,40.0,4,6,1,0,16,0,0,4.41,5.77,4.88,4.47,6.72,5.12,0.458,2024-12-25T01:06:05.118519+00:00,319,University_of_the_Philippines_20251208181114_319,1,5.12
Lakeside Athletic,2111.832,422.155,19.99,39.45,112,69,19,43,96,16,6,4,1,0,0,13,61.66,0,3,0,4,1,3,0,3,3,2,66.67,4,6,9,2,22.22,0,0,14,5,35.71,0,14,0,1,0,0,0,5.6,4.09,3.53,3.78,7.45,4.69,0.41,2025-06-20T20:41:28.118519+00:00,624,Lakeside_Athletic_20251208181114_624,1,4.69
City United,2098.875,664.924,31.68,41.62,95,68,2,27,62,9,6,3,2,5,8,11,71.92,0,2,0,4,1,3,0,6,11,7,63.64,2,8,3,0,0.0,1,1,14,6,42.86,5,9,0,3,10,0,0,5.02,5.23,4.92,4.81,6.69,5.2,0.467,2025-11-06T04:54:49.118519+00:00,17,City_United_20251208181114_17,1,5.2
University of the Philippines,2338.938,166.298,7.11,44.85,98,75,8,23,67,16,9,3,2,1,0,11,76.38,0,1,0,5,1,4,0,4,15,10,66.67,7,5,10,2,20.0,1,1,21,12,57.14,3,18,0,0,8,0,0,4.78,6.28,4.36,4.79,6.63,5.3,0.478,2025-10-20T14:26:37.118519+00:00,525,University_of_the_Philippines_20251208181114_525,1,5.3
Coastal Town,3055.224,719.2,23.54,57.97,168,121,17,47,118,26,6,4,3,4,5,2,71.74,0,3,0,5,1,4,0,4,3,2,66.67,16,5,6,1,16.67,1,0,32,18,56.25,4,28,0,1,1,0,0,4.14,6.59,4.79,3.58,6.86,5.15,0.461,2025-06-13T23:45:45.118519+00:00,778,Coastal_Town_20251208181114_778,1,5.15
Adamson University,2858.521,512.247,17.92,53.54,145,113,9,32,108,13,11,9,5,0,0,3,78.09,0,1,0,5,2,3,0,4,7,3,42.86,5,6,6,2,33.33,1,1,17,7,41.18,8,9,0,1,6,0,0,5.07,3.62,4.89,3.68,7.92,4.72,0.413,2025-08-03T12:28:04.118519+00:00,186,Adamson_University_20251208181114_186,1,4.72
Adamson University,2353.533,308.784,13.12,45.24,96,72,11,24,67,11,7,2,3,2,3,6,75.04,0,2,0,3,1,2,0,2,12,5,41.67,7,8,5,2,40.0,1,0,12,8,66.67,4,8,0,0,6,0,0,5.05,5.55,4.96,3.67,7.48,5.22,0.469,2025-04-27T11:38:41.119519+00:00,482,Adamson_University_20251208181114_482,1,5.22
Northbridge FC,3171.741,297.509,9.38,63.65,107,82,11,25,70,10,3,3,2,9,10,12,76.42,0,3,1,7,3,4,0,12,10,6,60.0,8,5,11,4,36.36,1,0,32,23,71.88,13,19,0,4,2,0,0,5.34,4.85,4.21,3.95,6.91,4.94,0.438,2025-04-26T20:42:07.119519+00:00,194,Northbridge_FC_20251208181114_194,1,4.94
Northbridge FC,2573.812,128.691,5.0,48.8,96,68,5,28,55,12,8,5,1,11,5,8,71.12,0,2,1,6,2,4,1,5,0,0,29.25,7,3,7,2,28.57,0,0,24,19,79.17,7,17,0,0,6,0,0,5.31,3.59,4.34,3.83,7.55,4.65,0.406,2025-04-23T15:27:02.119519+00:00,551,Northbridge_FC_20251208181114_551,1,4.65
Highland Wanderers,3308.915,228.646,6.91,59.73,159,104,16,55,117,14,4,5,4,9,6,10,65.68,0,3,0,3,2,1,0,3,12,5,41.67,5,0,5,1,20.0,0,0,14,9,64.29,2,12,0,0,5,0,0,4.07,4.92,4.63,3.74,7.66,4.73,0.414,2025-03-03T19:48:57.119519+00:00,695,Highland_Wanderers_20251208181114_695,1,4.73
Northbridge FC,2697.477,475.026,17.61,48.22,86,65,7,21,61,2,5,1,3,7,5,4,75.4,0,0,1,6,2,4,1,5,6,4,66.67,4,5,7,1,14.29,1,1,24,7,29.17,8,16,0,0,6,0,0,6.12,5.54,4.41,4.41,7.01,5.47,0.497,2025-07-06T09:42:23.119519+00:00,692,Northbridge_FC_20251208181114_692,1,5.47
Valley Rovers,1693.67,316.716,18.7,32.82,122,101,9,21,84,2,8,2,4,10,12,12,82.53,1,4,0,4,1,3,0,4,2,1,50.0,13,10,9,2,22.22,0,0,12,5,41.67,5,7,1,0,9,0,0,5.63,5.08,4.52,3.8,7.15,5.15,0.461,2025-10-28T22:46:45.119519+00:00,914,Valley_Rovers_20251208181114_914,1,5.15
2 Worlds FC,2512.431,416.31,16.57,49.17,112,83,10,29,70,21,8,5,1,3,4,13,74.39,0,2,0,4,1,3,0,5,9,7,77.78,8,6,6,1,16.67,0,1,36,15,41.67,4,32,1,0,5,0,0,4.56,5.87,5.43,4.62,7.24,5.38,0.487,2025-04-14T00:09:10.119519+00:00,626,2_Worlds_FC_20251208181114_626,1,5.38
Far Eastern University,2354.438,688.438,29.24,44.54,96,75,6,21,75,7,4,0,3,3,3,13,77.78,0,2,0,5,2,3,0,6,8,5,62.5,4,5,9,2,22.22,3,0,16,6,37.5,5,11,1,2,7,2,0,6.04,4.01,5.23,5.03,6.48,5.21,0.468,2025-04-08T06:55:21.119519+00:00,916,Far_Eastern_University_20251208181114_916,1,5.21
De La Salle University,2956.486,375.178,12.69,54.98,117,92,8,25,82,16,8,2,5,2,2,7,78.31,0,3,1,7,2,5,0,7,13,8,61.54,5,6,5,1,20.0,1,0,44,23,52.27,7,37,0,3,10,1,0,5.14,5.63,4.07,4.07,6.37,5.04,0.449,2025-11-08T14:37:51.120519+00:00,654,De_La_Salle_University_20251208181114_654,1,5.04
Valley Rovers,1525.615,293.681,19.25,27.93,66,55,4,11,46,6,5,1,1,2,4,4,83.35,0,2,0,5,2,3,1,7,4,2,50.0,5,3,3,1,33.33,1,0,16,10,62.5,0,16,0,3,7,1,0,4.47,3.79,4.71,4.46,5.9,4.47,0.386,2025-09-15T17:49:03.120519+00:00,109,Valley_Rovers_20251208181114_109,1,4.47
Far Eastern University,4187.843,766.375,18.3,75.04,200,158,15,42,150,25,13,3,4,3,2,14,79.13,0,1,0,5,2,3,1,8,13,8,61.54,2,3,1,0,0.0,0,0,7,5,71.43,2,5,0,2,3,0,0,5.4,5.12,5.55,4.27,7.05,5.36,0.484,2025-01-30T17:17:03.120519+00:00,910,Far_Eastern_University_20251208181114_910,1,5.36
Northbridge FC,2856.738,509.356,17.83,51.22,120,91,10,29,83,11,8,7,3,3,5,12,75.86,0,2,0,5,2,3,0,5,7,4,57.14,3,6,9,3,33.33,1,1,10,6,60.0,4,6,0,2,5,0,0,5.43,4.61,4.3,3.76,7.02,4.9,0.433,2025-01-30T03:24:06.120519+00:00,534,Northbridge_FC_20251208181114_534,1,4.9
Brookside United,2817.87,481.292,17.08,50.66,91,57,13,34,68,15,1,0,1,3,3,10,62.71,0,1,1,7,3,4,0,7,7,4,57.14,11,3,8,1,12.5,0,2,21,11,52.38,12,9,1,2,7,2,0,4.24,4.61,3.81,4.1,5.83,4.4,0.378,2025-06-20T14:17:21.120519+00:00,646,Brookside_United_20251208181114_646,1,4.4
Mapúa University,3087.055,675.756,21.89,58.13,116,96,9,20,82,18,14,5,1,0,0,14,82.76,1,3,1,6,1,5,0,5,3,2,66.67,0,5,4,1,25.0,1,0,19,8,42.11,8,11,0,1,4,0,0,4.33,4.7,4.71,3.94,7.06,4.73,0.414,2025-01-11T13:42:30.120519+00:00,245,Mapúa_University_20251208181114_245,1,4.73
San Beda University,3231.199,602.619,18.65,64.19,110,73,14,37,83,13,9,3,3,0,0,12,66.41,0,2,1,8,3,5,0,7,17,12,70.59,3,2,4,1,25.0,0,0,26,9,34.62,11,15,1,4,5,3,0,5.19,4.63,4.54,3.28,5.32,4.65,0.406,2025-11-18T06:18:04.120519+00:00,337,San_Beda_University_20251208181114_337,1,4.65
Riverside FC,3161.776,323.45,10.23,57.87,75,60,6,15,51,8,3,3,2,2,7,5,79.38,0,1,1,6,2,4,0,5,7,3,42.86,3,4,6,1,16.67,0,3,6,3,50.0,2,4,1,2,4,3,0,6.07,4.84,5.11,3.53,4.24,5.0,0.444,2025-04-28T21:44:33.120519+00:00,416,Riverside_FC_20251208181114_416,1,5.0
Far Eastern University,2963.155,603.298,20.36,52.77,77,52,7,25,57,12,5,4,3,0,0,6,67.98,1,3,0,4,1,3,0,6,12,7,58.33,3,7,3,0,0.0,1,1,24,8,33.33,1,23,0,2,7,1,0,3.88,5.48,4.54,3.62,6.45,4.68,0.409,2025-03-12T16:28:03.121521+00:00,424,Far_Eastern_University_20251208181114_424,1,4.68
Mapúa University,2349.315,404.552,17.22,46.87,106,73,11,33,73,12,10,3,1,4,4,4,68.65,0,1,0,5,1,4,0,4,11,6,54.55,10,9,10,2,20.0,1,0,24,12,50.0,8,16,0,1,2,0,0,4.1,4.69,4.29,3.71,7.22,4.56,0.396,2025-09-05T00:48:37.121521+00:00,919,Mapúa_University_20251208181114_919,1,4.56
Adamson University,2349.274,266.408,11.34,42.77,120,85,6,35,82,8,9,3,1,8,10,4,70.79,0,4,0,4,1,3,0,5,9,6,66.67,3,8,8,2,25.0,2,0,16,9,56.25,6,10,0,1,10,3,0,4.61,4.96,4.66,4.23,4.45,4.65,0.406,2025-03-09T15:28:25.121521+00:00,575,Adamson_University_20251208181114_575,1,4.65
University of Santo Tomas,2139.717,393.708,18.4,40.38,127,107,11,20,102,12,12,4,5,0,0,12,83.96,1,3,0,4,1,3,0,5,6,4,66.67,3,6,5,1,20.0,1,1,19,7,36.84,6,13,0,0,9,2,0,3.86,4.78,5.92,3.44,5.93,4.68,0.409,2025-11-04T21:12:57.121521+00:00,544,University_of_Santo_Tomas_20251208181114_544,1,4.68
Mapúa University,129.716,24.983,19.26,2.52,8,7,0,1,4,1,0,0,0,1,1,1,91.34,0,0,0,0,0,0,0,0,0,0,43.97,6,12,26,6,23.08,1,1,2,1,50.0,2,0,0,0,4,0,0,2.28,4.7,4.98,5.14,6.95,4.37,0.374,2025-08-18T03:04:12.121521+00:00,395,Mapúa_University_20251208181114_395,1,4.37
Metro FC,2284.233,329.158,14.41,42.09,86,61,3,25,55,12,0,1,2,6,10,10,70.75,0,1,0,2,0,2,0,2,7,5,71.43,0,7,11,1,9.09,1,1,23,10,43.48,6,17,1,0,8,1,0,3.53,6.27,5.36,4.3,6.17,5.04,0.449,2025-06-20T20:47:22.121521+00:00,954,Metro_FC_20251208181114_954,1,5.04
Highland Wanderers,4064.31,404.399,9.95,74.44,115,84,12,31,73,16,7,1,4,6,7,1,73.36,0,2,0,8,3,5,1,10,7,4,57.14,3,2,0,0,0.0,2,0,40,26,65.0,3,37,1,1,2,0,0,5.09,4.24,4.65,3.27,6.98,4.7,0.411,2025-11-17T15:47:09.121521+00:00,560,Highland_Wanderers_20251208181114_560,1,4.7
Metro FC,2279.036,290.577,12.75,43.34,107,86,7,21,74,14,7,7,2,1,2,9,80.39,1,4,1,5,2,3,0,5,7,5,71.43,9,7,1,0,0.0,0,1,16,7,43.75,1,15,2,0,7,1,0,4.95,5.61,4.38,3.88,6.23,5.0,0.444,2025-10-26T07:30:24.121521+00:00,383,Metro_FC_20251208181114_383,1,5.0
Adamson University,2732.727,136.636,5.0,49.71,117,100,6,17,78,18,8,2,3,3,6,12,85.25,0,2,1,7,1,6,0,6,15,8,53.33,6,6,5,0,0.0,1,0,19,9,47.37,5,14,1,3,7,4,0,4.74,5.94,4.92,4.72,3.33,4.97,0.441,2025-08-07T01:47:48.121521+00:00,236,Adamson_University_20251208181114_236,1,4.97
Brookside United,3728.846,905.737,24.29,67.44,162,122,10,40,99,11,5,3,7,19,18,15,75.43,0,4,1,8,2,6,0,6,13,5,38.46,7,3,2,0,0.0,1,0,12,8,66.67,5,7,1,3,4,1,0,6.0,5.58,5.0,3.41,6.44,5.36,0.484,2025-04-02T20:06:58.122519+00:00,58,Brookside_United_20251208181114_58,1,5.36
City United,1485.767,190.475,12.82,29.14,112,90,11,22,77,19,3,4,1,3,5,7,80.76,0,2,0,3,1,2,0,4,2,1,50.0,13,6,15,2,13.33,0,0,14,9,64.29,6,8,0,2,3,0,0,5.21,5.44,4.85,3.68,6.78,5.15,0.461,2025-02-22T15:19:17.122519+00:00,824,City_United_20251208181114_824,1,5.15
Lyceum,2655.52,494.458,18.62,49.94,149,116,11,33,82,17,10,4,4,12,19,13,77.6,0,2,1,6,3,3,1,7,17,11,64.71,10,7,5,2,40.0,1,2,20,14,70.0,5,15,1,3,4,1,0,5.46,4.76,4.33,4.08,6.33,4.93,0.437,2025-01-08T18:38:26.122519+00:00,126,Lyceum_20251208181114_126,1,4.93
City United,1801.616,328.795,18.25,32.49,77,70,1,7,57,13,1,1,1,1,2,3,90.53,1,2,0,3,1,2,0,3,6,5,83.33,4,8,6,1,16.67,0,0,5,4,80.0,2,3,0,0,2,1,0,4.9,4.91,4.95,3.37,6.16,4.82,0.424,2025-03-19T02:50:44.122519+00:00,548,City_United_20251208181114_548,1,4.82
Lyceum,3886.789,487.015,12.53,72.47,210,171,3,39,130,11,16,7,6,27,14,13,81.45,0,3,1,9,4,5,1,10,13,8,61.54,5,2,4,1,25.0,2,0,34,12,35.29,11,23,0,3,2,0,0,6.1,4.44,4.71,4.32,7.24,5.22,0.469,2025-09-13T10:13:58.122519+00:00,28,Lyceum_20251208181114_28,1,5.22
Adamson University,2784.173,335.493,12.05,50.71,146,117,4,29,125,14,6,3,2,0,0,15,79.81,0,4,0,5,1,4,0,7,14,5,35.71,8,10,1,0,0.0,1,1,26,14,53.85,3,23,0,1,8,0,0,5.83,6.02,4.35,3.54,7.59,5.44,0.493,2025-11-05T17:40:54.122519+00:00,92,Adamson_University_20251208181114_92,1,5.44
Adamson University,2802.837,767.136,27.37,52.74,156,100,22,56,100,19,12,1,5,9,10,21,64.21,0,4,0,5,2,3,0,5,3,2,66.67,3,4,4,1,25.0,1,0,21,7,33.33,4,17,0,0,2,0,0,3.92,5.53,4.18,3.98,7.45,4.78,0.42,2025-01-20T02:32:23.122519+00:00,80,Adamson_University_20251208181114_80,1,4.78
Far Eastern University,3601.777,614.103,17.05,68.71,158,115,13,43,106,12,11,3,5,9,12,19,72.5,0,3,0,5,2,3,0,4,12,6,50.0,4,1,9,2,22.22,2,3,18,7,38.89,6,12,1,2,5,0,0,6.0,4.65,5.57,3.07,6.65,5.19,0.466,2025-09-20T06:14:17.122519+00:00,850,Far_Eastern_University_20251208181114_850,1,5.19
National University,2666.197,649.486,24.36,53.66,128,89,18,39,94,16,1,3,5,4,5,11,69.52,1,5,0,5,1,4,0,7,8,3,37.5,8,10,8,1,12.5,0,0,18,12,66.67,1,17,0,1,4,0,0,5.11,5.73,4.18,3.76,6.29,5.03,0.448,2025-05-27T12:48:39.123523+00:00,810,National_University_20251208181114_810,1,5.03
Valley Rovers,2053.297,283.355,13.8,37.44,75,57,5,18,49,4,6,1,0,5,10,6,75.65,0,1,0,4,1,3,0,4,13,5,38.46,18,7,7,2,28.57,2,0,9,7,77.78,2,7,0,1,8,0,0,4.6,4.42,4.01,4.66,7.17,4.7,0.411,2025-04-22T07:32:38.123523+00:00,309,Valley_Rovers_20251208181114_309,1,4.7
2 Worlds FC,2385.714,307.28,12.88,45.53,68,47,9,21,51,13,1,0,2,0,0,2,69.23,0,1,0,4,1,3,0,5,4,2,50.0,10,7,3,1,33.33,1,1,7,2,28.57,3,4,0,2,6,0,0,4.92,6.26,4.36,3.79,7.8,5.31,0.479,2025-08-09T19:03:05.123523+00:00,890,2_Worlds_FC_20251208181114_890,1,5.31
University of the Philippines,943.958,184.638,19.56,17.51,42,31,2,11,30,5,3,2,1,0,0,4,73.5,0,1,0,2,0,2,0,2,2,1,50.0,13,8,11,2,18.18,2,0,15,7,46.67,2,13,1,1,13,0,0,5.02,6.14,4.39,4.7,7.23,5.38,0.487,2025-09-17T21:28:49.123523+00:00,588,University_of_the_Philippines_20251208181114_588,1,5.38
Ateneo de Manila University,2976.346,456.869,15.35,54.0,130,84,12,46,72,15,5,6,2,16,13,11,64.31,0,3,1,6,3,3,0,9,14,9,64.29,8,4,5,0,0.0,1,0,7,3,42.86,2,5,0,1,4,1,0,6.17,5.95,4.53,4.65,6.23,5.57,0.508,2025-11-15T14:22:27.123523+00:00,61,Ateneo_de_Manila_University_20251208181114_61,1,5.57
University of the Philippines,3129.574,638.746,20.41,59.94,87,57,10,30,56,12,3,2,1,8,6,12,65.71,0,3,1,5,1,4,0,5,8,4,50.0,11,3,6,0,0.0,0,0,0,0,25.95,0,0,1,0,4,0,1,5.02,4.87,4.71,4.33,5.14,4.83,0.426,2025-09-10T17:14:21.123523+00:00,468,University_of_the_Philippines_20251208181114_468,1,4.83
Lakeside Athletic,3678.827,916.396,24.91,73.74,171,120,4,51,109,20,15,7,1,7,13,16,69.91,0,3,1,8,3,5,1,5,11,7,63.64,2,4,6,3,50.0,0,1,38,15,39.47,17,21,0,2,2,2,0,4.85,4.25,4.47,3.82,5.01,4.48,0.387,2024-12-18T15:18:30.123523+00:00,870,Lakeside_Athletic_20251208181114_870,1,4.48
University of the Philippines,2594.948,254.564,9.81,50.25,99,76,6,23,64,14,8,2,2,5,5,9,76.48,0,2,0,4,2,2,0,7,19,7,36.84,9,4,3,1,33.33,0,1,20,10,50.0,5,15,0,2,4,0,0,5.09,4.59,4.54,4.11,7.74,4.97,0.441,2025-05-03T22:11:22.123523+00:00,171,University_of_the_Philippines_20251208181114_171,1,4.97
Northbridge FC,1478.221,73.911,5.0,29.03,68,52,4,16,51,6,5,1,1,2,3,1,75.86,0,1,0,2,1,1,0,2,4,2,50.0,3,10,11,2,18.18,0,1,16,9,56.25,4,12,0,0,2,0,0,3.28,4.51,4.34,4.29,7.77,4.43,0.381,2025-04-03T00:17:58.124521+00:00,344,Northbridge_FC_20251208181114_344,1,4.43
Far Eastern University,2443.562,265.371,10.86,45.06,89,66,3,23,55,7,4,1,2,13,7,4,73.81,1,3,0,4,1,3,0,4,2,1,50.0,13,7,7,1,14.29,0,1,40,19,47.5,9,31,1,0,6,2,0,4.13,4.65,4.42,4.89,5.27,4.55,0.394,2025-03-28T02:03:39.124521+00:00,345,Far_Eastern_University_20251208181114_345,1,4.55
Brookside United,977.525,226.493,23.17,17.57,37,27,2,10,26,4,2,1,1,2,1,4,73.84,0,0,0,2,1,1,0,3,4,2,50.0,12,10,10,2,20.0,2,0,3,1,33.33,0,3,1,0,10,0,0,4.36,4.91,4.75,4.74,7.54,4.96,0.44,2025-02-25T01:15:31.124521+00:00,645,Brookside_United_20251208181114_645,1,4.96
Metro FC,2648.039,498.361,18.82,48.28,50,40,2,10,35,4,5,1,1,1,3,5,79.14,0,1,1,7,2,5,1,7,12,8,66.67,4,2,6,2,33.33,0,1,19,14,73.68,6,13,0,3,3,0,0,4.62,4.56,4.87,4.11,6.91,4.81,0.423,2025-09-08T01:34:48.124521+00:00,413,Metro_FC_20251208181114_413,1,4.81
Riverside FC,2380.059,444.357,18.67,45.0,78,60,4,18,50,5,1,3,2,10,6,10,76.88,0,2,0,3,1,2,0,3,8,4,50.0,11,6,6,1,16.67,0,1,14,10,71.43,6,8,0,0,1,0,0,3.69,3.85,3.97,3.91,7.48,4.2,0.356,2025-02-25T17:53:20.124521+00:00,48,Riverside_FC_20251208181114_48,1,4.2
University of the Philippines,2367.221,442.67,18.7,42.71,135,96,10,39,103,13,4,4,4,2,5,12,71.27,0,3,0,3,1,2,0,3,11,4,36.36,2,5,11,3,27.27,2,1,25,10,40.0,8,17,0,2,3,0,0,5.03,4.54,5.14,4.76,7.25,5.1,0.456,2025-09-13T09:31:19.124521+00:00,138,University_of_the_Philippines_20251208181114_138,1,5.1
Highland Wanderers,2594.077,129.704,5.0,49.72,154,113,13,41,108,27,10,9,4,0,0,4,73.18,0,3,1,6,2,4,1,9,3,1,33.33,3,3,3,1,33.33,2,2,36,21,58.33,16,20,1,0,4,1,0,6.47,5.15,4.36,4.48,6.73,5.43,0.492,2025-11-03T05:30:09.124521+00:00,900,Highland_Wanderers_20251208181114_900,1,5.43
De La Salle University,1691.042,232.518,13.75,32.17,71,43,7,28,55,12,3,2,2,0,0,10,60.8,0,1,0,4,1,3,0,4,1,0,0.0,6,4,8,1,12.5,0,1,14,7,50.0,3,11,0,2,4,0,0,4.95,4.61,4.59,4.67,7.3,4.98,0.442,2025-01-31T14:38:22.124521+00:00,999,De_La_Salle_University_20251208181114_999,1,4.98
Riverside FC,3479.146,837.43,24.07,64.46,183,133,15,50,120,25,19,7,5,3,4,24,72.83,0,4,0,7,2,5,1,8,20,10,50.0,4,0,2,0,0.0,0,2,25,16,64.0,7,18,0,2,3,0,0,4.6,4.8,4.35,3.32,7.25,4.69,0.41,2025-11-17T16:34:53.125520+00:00,84,Riverside_FC_20251208181114_84,1,4.69
Northbridge FC,2895.44,636.128,21.97,52.09,100,77,10,23,69,4,9,3,2,6,7,13,77.43,0,2,0,6,1,5,0,8,15,8,53.33,4,2,4,1,25.0,3,0,0,0,44.47,0,0,0,0,7,0,1,4.46,5.81,5.38,4.55,5.03,5.09,0.454,2024-12-13T11:22:14.125520+00:00,890,Northbridge_FC_20251208181114_890,1,5.09
Lyceum,2881.669,375.481,13.03,53.5,85,69,7,16,59,13,5,2,2,2,2,5,80.92,0,2,1,8,2,6,0,9,13,6,46.15,7,0,13,5,38.46,0,0,30,18,60.0,13,17,1,3,2,1,0,5.6,5.42,4.72,3.66,5.97,5.14,0.46,2025-03-25T17:39:52.125520+00:00,636,Lyceum_20251208181114_636,1,5.14
Mapúa University,2466.489,391.925,15.89,48.67,131,96,11,35,99,11,6,5,5,2,3,20,73.44,0,0,0,4,2,2,0,4,3,2,66.67,16,3,4,1,25.0,0,2,17,6,35.29,4,13,0,4,3,0,0,4.84,4.57,5.22,4.25,7.37,5.01,0.446,2025-04-24T19:33:06.125520+00:00,911,Mapúa_University_20251208181114_911,1,5.01
Valley Rovers,2001.275,341.017,17.04,39.58,101,66,15,35,70,20,6,3,1,1,0,9,65.03,0,1,0,5,1,4,0,4,4,2,50.0,15,8,6,1,16.67,0,1,12,6,50.0,4,8,2,1,4,0,0,3.97,4.48,5.06,4.08,7.22,4.67,0.408,2025-10-14T04:26:44.125520+00:00,358,Valley_Rovers_20251208181114_358,1,4.67
Lakeside Athletic,2774.298,340.684,12.28,50.46,105,78,5,27,55,9,9,2,1,11,18,11,73.84,0,3,0,6,2,4,1,7,14,7,50.0,8,8,11,3,27.27,3,0,5,1,20.0,3,2,0,2,3,0,0,4.56,5.03,4.93,2.74,6.71,4.73,0.414,2025-11-19T18:52:43.125520+00:00,714,Lakeside_Athletic_20251208181114_714,1,4.73
San Beda University,2789.968,447.79,16.05,53.9,98,87,2,11,72,10,3,6,3,3,2,8,88.45,0,1,1,7,2,5,0,7,8,5,62.5,11,5,11,2,18.18,3,2,17,7,41.18,5,12,0,2,1,1,0,5.23,6.19,5.24,4.04,6.27,5.44,0.493,2025-09-07T07:39:58.125520+00:00,881,San_Beda_University_20251208181114_881,1,5.44
City United,2563.238,399.609,15.59,50.92,109,80,12,29,74,10,7,4,2,3,8,4,73.35,0,3,0,5,2,3,1,7,19,13,68.42,12,5,4,1,25.0,1,1,29,20,68.97,23,6,1,0,7,1,0,4.85,4.82,5.49,3.59,5.49,4.86,0.429,2025-11-19T11:57:34.125520+00:00,327,City_United_20251208181114_327,1,4.86
2 Worlds FC,1921.202,296.249,15.42,38.2,48,33,6,15,38,5,0,2,1,1,1,5,67.88,0,1,0,4,1,3,0,5,2,1,50.0,0,4,15,3,20.0,1,0,13,5,38.46,3,10,0,1,0,3,0,4.17,4.36,4.7,3.34,4.7,4.27,0.363,2025-04-10T04:56:32.126522+00:00,155,2_Worlds_FC_20251208181114_155,1,4.27
University of Santo Tomas,2302.428,604.848,26.27,46.13,94,69,12,25,83,5,6,4,3,0,0,3,73.46,0,2,0,3,1,2,0,3,7,4,57.14,12,3,0,0,0.0,2,0,17,6,35.29,2,15,1,2,10,1,0,4.49,4.85,5.69,4.12,6.42,4.97,0.441,2025-05-11T03:55:36.126522+00:00,202,University_of_Santo_Tomas_20251208181114_202,1,4.97
City United,2365.064,237.452,10.04,45.68,92,67,7,25,64,7,8,1,3,5,4,3,73.02,0,2,0,4,1,3,0,5,4,3,75.0,1,0,9,2,22.22,0,0,30,18,60.0,11,19,0,2,6,2,0,5.05,4.85,5.34,4.4,6.1,5.07,0.452,2024-12-26T13:47:45.126522+00:00,801,City_United_20251208181114_801,1,5.07
Mapúa University,2392.13,343.749,14.37,46.41,108,77,12,31,75,19,8,4,3,0,0,9,71.66,0,2,1,5,2,3,1,6,5,4,80.0,11,3,7,1,14.29,1,1,26,11,42.31,4,22,0,2,10,0,0,5.16,4.67,3.77,5.37,6.19,4.88,0.431,2025-02-06T01:38:48.126522+00:00,3,Mapúa_University_20251208181114_3,1,4.88
Lakeside Athletic,2201.969,408.906,18.57,39.51,102,83,7,19,80,17,6,2,1,0,0,6,81.59,0,2,1,5,2,3,0,5,9,6,66.67,7,7,10,2,20.0,2,0,8,4,50.0,0,8,0,1,4,0,0,5.21,4.91,4.61,5.5,7.15,5.24,0.471,2025-08-16T11:01:20.126522+00:00,594,Lakeside_Athletic_20251208181114_594,1,5.24
Valley Rovers,2793.751,376.877,13.49,50.1,128,89,20,39,92,22,10,4,2,0,0,13,69.57,0,2,0,4,2,2,0,5,12,8,66.67,11,9,3,1,33.33,0,0,15,8,53.33,8,7,0,1,4,0,0,4.67,5.7,4.39,3.87,7.04,5.03,0.448,2025-06-15T22:03:36.126522+00:00,739,Valley_Rovers_20251208181114_739,1,5.03
National University,3009.738,255.828,8.5,55.41,113,80,9,33,72,22,10,4,2,1,1,10,70.45,0,1,1,5,2,3,1,5,9,6,66.67,10,4,6,2,33.33,1,0,15,7,46.67,5,10,0,0,5,0,0,4.77,5.49,5.17,3.95,6.21,5.08,0.453,2025-05-28T04:58:08.126522+00:00,213,National_University_20251208181114_213,1,5.08
Ateneo de Manila University,1978.559,252.662,12.77,39.13,85,71,4,14,72,7,7,3,2,0,0,3,83.24,0,1,0,3,1,2,0,3,7,3,42.86,8,7,5,1,20.0,0,1,17,7,41.18,3,14,1,1,3,1,0,3.99,5.54,5.0,3.05,6.28,4.72,0.413,2025-09-20T17:19:59.126522+00:00,570,Ateneo_de_Manila_University_20251208181114_570,1,4.72
Riverside FC,2895.725,499.802,17.26,56.3,133,105,9,28,91,15,11,6,1,6,3,5,78.77,0,3,1,6,2,4,0,6,13,9,69.23,5,5,5,2,40.0,0,4,48,32,66.67,15,33,1,1,1,0,0,5.94,5.18,4.4,3.84,6.72,5.2,0.467,2025-07-13T07:55:37.126522+00:00,328,Riverside_FC_20251208181114_328,1,5.2
University of Santo Tomas,1016.599,269.297,26.49,19.86,33,29,1,4,26,4,2,0,1,0,0,2,86.87,0,1,0,2,1,1,0,2,2,1,50.0,15,8,2,0,0.0,1,1,9,5,55.56,2,7,0,0,0,0,0,4.19,5.57,4.59,3.81,7.33,4.92,0.436,2025-11-01T16:02:22.127520+00:00,519,University_of_Santo_Tomas_20251208181114_519,1,4.92
Lakeside Athletic,2386.49,362.508,15.19,44.17,202,164,13,38,153,23,13,10,6,0,0,15,81.04,0,4,0,5,1,4,0,6,17,9,52.94,9,5,11,3,27.27,2,0,14,8,57.14,3,11,0,1,7,2,0,4.55,5.25,4.96,4.28,5.97,4.93,0.437,2025-09-01T08:36:10.127520+00:00,42,Lakeside_Athletic_20251208181114_42,1,4.93
University of the Philippines,1687.72,410.116,24.3,32.2,77,58,7,19,64,7,5,3,2,0,0,8,75.05,0,1,0,3,1,2,0,4,6,3,50.0,16,5,2,1,50.0,1,0,10,7,70.0,2,8,0,1,15,1,0,4.19,6.19,4.37,4.52,7.35,5.15,0.461,2024-12-12T08:23:51.127520+00:00,37,University_of_the_Philippines_20251208181114_37,1,5.15
Ateneo de Manila University,2441.421,284.181,11.64,44.44,102,77,6,25,81,5,1,5,3,4,3,13,75.18,0,0,0,4,2,2,0,2,10,5,50.0,12,4,11,3,27.27,1,2,19,15,78.95,2,17,1,0,7,1,0,4.57,6.34,4.1,4.63,6.9,5.21,0.468,2025-09-30T01:08:10.127520+00:00,27,Ateneo_de_Manila_University_20251208181114_27,1,5.21
Far Eastern University,2498.285,483.918,19.37,47.64,83,59,11,24,59,13,4,3,1,2,2,9,70.62,0,2,1,6,2,4,0,7,11,7,63.64,7,5,9,2,22.22,1,1,6,4,66.67,2,4,1,1,6,0,0,5.85,5.19,5.08,3.89,6.83,5.33,0.481,2025-05-07T20:50:10.127520+00:00,839,Far_Eastern_University_20251208181114_839,1,5.33
Riverside FC,989.256,330.51,33.41,19.63,56,38,7,18,39,7,4,1,1,1,4,0,67.77,0,1,0,2,1,1,0,2,2,1,50.0,16,6,3,1,33.33,2,0,6,3,50.0,4,2,0,1,10,1,0,4.22,5.28,4.33,3.66,5.74,4.61,0.401,2025-11-20T05:23:25.127520+00:00,795,Riverside_FC_20251208181114_795,1,4.61
City United,2050.264,419.484,20.46,37.37,56,36,6,20,40,2,3,3,1,3,3,4,65.05,0,0,0,4,2,2,0,4,9,4,44.44,11,5,5,1,20.0,2,2,12,6,50.0,6,6,0,0,6,0,0,5.5,4.99,4.28,3.86,7.38,5.07,0.452,2025-01-14T10:56:21.127520+00:00,913,City_United_20251208181114_913,1,5.07
University of the Philippines,3470.593,273.483,7.88,63.12,258,197,19,61,151,29,14,1,4,15,45,35,76.3,0,3,0,4,2,2,0,4,15,10,66.67,0,5,4,0,0.0,0,0,40,18,45.0,7,33,0,1,4,0,0,4.68,4.96,5.27,5.02,7.21,5.18,0.464,2025-12-05T23:52:54.127520+00:00,341,University_of_the_Philippines_20251208181114_341,1,5.18
Far Eastern University,2749.526,913.118,33.21,50.04,104,82,7,22,66,9,3,5,0,8,12,11,78.64,0,2,1,4,1,3,0,4,7,5,71.43,10,3,15,4,26.67,2,2,19,10,52.63,4,15,1,2,6,0,0,5.38,5.02,5.24,3.83,6.74,5.17,0.463,2025-05-11T05:14:12.128520+00:00,868,Far_Eastern_University_20251208181114_868,1,5.17
2 Worlds FC,1311.069,330.914,25.24,25.91,61,43,4,18,48,9,0,3,1,1,0,2,70.26,0,1,0,2,1,1,0,2,6,4,66.67,15,7,15,3,20.0,1,0,11,8,72.73,2,9,0,1,4,0,0,4.44,4.78,3.96,4.19,7.01,4.66,0.407,2025-08-18T18:22:43.128520+00:00,599,2_Worlds_FC_20251208181114_599,1,4.66
Mapúa University,2402.485,403.137,16.78,47.38,115,79,13,36,62,15,3,6,2,17,10,7,68.87,0,0,1,6,2,4,1,8,7,4,57.14,18,7,5,1,20.0,2,0,5,3,60.0,2,3,0,2,6,0,0,5.27,6.12,5.34,4.18,7.1,5.55,0.506,2025-11-29T09:43:12.128520+00:00,185,Mapúa_University_20251208181114_185,1,5.55
Northbridge FC,1498.527,74.926,5.0,28.67,61,31,8,30,39,10,3,2,0,4,3,5,50.94,0,2,0,3,0,3,0,4,2,1,50.0,20,8,10,3,30.0,0,0,9,6,66.67,1,8,0,2,7,0,0,4.36,4.93,4.12,5.18,7.18,4.87,0.43,2025-11-02T11:39:27.128520+00:00,564,Northbridge_FC_20251208181114_564,1,4.87
Brookside United,4018.304,1425.292,35.47,73.73,172,122,17,50,112,20,4,5,3,16,11,19,70.66,0,3,0,6,2,4,0,7,14,7,50.0,4,3,2,0,0.0,2,1,33,20,60.61,8,25,1,0,1,0,0,4.66,4.55,4.48,4.3,6.96,4.77,0.419,2025-08-01T01:00:40.128520+00:00,541,Brookside_United_20251208181114_541,1,4.77
Mapúa University,3093.786,565.544,18.28,55.12,113,85,7,28,81,10,4,3,1,3,10,9,75.15,0,2,0,4,2,2,0,5,3,2,66.67,3,6,7,1,14.29,3,1,23,13,56.52,6,17,0,1,3,0,0,4.47,4.81,4.43,4.46,6.91,4.8,0.422,2025-02-03T18:20:52.128520+00:00,87,Mapúa_University_20251208181114_87,1,4.8
Riverside FC,3218.228,773.984,24.05,59.89,169,133,14,36,108,21,14,5,5,6,10,18,78.45,0,2,1,6,3,3,1,8,13,5,38.46,4,5,0,0,0.0,0,1,34,17,50.0,16,18,0,2,3,1,0,6.18,4.36,4.99,3.75,6.22,5.1,0.456,2025-01-06T07:19:23.128520+00:00,849,Riverside_FC_20251208181114_849,1,5.1
University of Santo Tomas,3031.499,647.831,21.37,56.01,131,111,6,20,93,15,16,1,5,0,1,4,84.88,0,3,0,4,1,3,0,5,4,3,75.0,8,2,6,1,16.67,0,0,35,12,34.29,5,30,0,3,3,0,0,5.09,4.08,4.82,3.96,6.71,4.76,0.418,2025-07-02T08:20:44.128520+00:00,186,University_of_Santo_Tomas_20251208181114_186,1,4.76
University of Santo Tomas,2578.184,567.2,22.0,46.46,87,57,6,30,60,10,4,1,1,6,4,3,66.06,0,1,1,4,2,2,1,4,5,3,60.0,8,4,4,1,25.0,2,0,17,5,29.41,6,11,0,1,3,0,0,5.97,4.85,4.82,3.58,7.04,5.2,0.467,2025-08-20T15:26:36.128520+00:00,823,University_of_Santo_Tomas_20251208181114_823,1,5.2
Northbridge FC,3801.748,463.433,12.19,68.94,193,134,14,59,128,29,20,4,2,3,7,12,69.37,0,5,0,8,3,5,1,10,9,5,55.56,5,0,7,2,28.57,1,1,50,32,64.0,17,33,1,2,2,0,0,4.97,4.32,4.81,4.24,7.41,4.9,0.433,2025-03-26T16:10:44.129525+00:00,708,Northbridge_FC_20251208181114_708,1,4.9
San Beda University,1981.326,277.584,14.01,39.52,80,64,4,16,54,11,4,5,2,2,3,12,79.72,0,1,0,4,2,2,0,5,7,4,57.14,11,3,4,1,25.0,1,0,11,6,54.55,2,9,1,0,4,0,0,5.03,5.39,5.1,4.01,7.01,5.2,0.467,2025-09-10T14:57:49.129525+00:00,804,San_Beda_University_20251208181114_804,1,5.2
Ateneo de Manila University,2841.335,802.961,28.26,56.02,85,63,5,22,63,8,4,1,1,5,4,2,74.33,0,2,0,4,1,3,0,4,11,9,81.82,9,6,5,1,20.0,2,0,12,7,58.33,1,11,0,2,5,0,0,4.61,3.74,5.33,3.83,7.52,4.69,0.41,2025-02-14T23:42:02.129525+00:00,103,Ateneo_de_Manila_University_20251208181114_103,1,4.69
University of the Philippines,1576.501,78.825,5.0,30.95,89,78,3,11,58,11,6,3,2,2,6,6,87.91,0,1,0,3,1,2,0,3,8,4,50.0,11,4,3,1,33.33,0,0,7,3,42.86,2,5,0,1,11,1,0,4.12,5.01,4.71,2.32,7.05,4.53,0.392,2025-10-16T04:44:58.129525+00:00,32,University_of_the_Philippines_20251208181114_32,1,4.53
San Beda University,1440.686,311.62,21.63,26.68,21,15,2,6,12,2,1,0,1,3,2,2,72.59,0,0,0,3,1,2,0,3,5,3,60.0,10,9,2,1,50.0,2,2,0,0,68.1,0,0,0,3,11,3,0,5.5,5.86,3.84,3.37,4.34,4.85,0.428,2025-02-16T15:12:06.129525+00:00,800,San_Beda_University_20251208181114_800,1,4.85
Coastal Town,2470.699,362.452,14.67,47.39,155,128,8,27,110,17,12,3,3,7,5,0,82.73,0,3,0,4,1,3,0,4,18,6,33.33,17,0,4,1,25.0,1,1,8,4,50.0,4,4,1,1,6,1,0,5.56,5.66,4.99,3.53,6.42,5.28,0.476,2025-02-13T03:06:44.129525+00:00,610,Coastal_Town_20251208181114_610,1,5.28
Ateneo de Manila University,2459.723,480.876,19.55,48.77,89,59,18,30,50,13,6,3,1,6,10,8,66.5,0,1,0,2,1,1,0,2,5,3,60.0,7,2,11,2,18.18,0,0,6,4,66.67,2,4,1,1,1,0,0,3.77,4.52,4.82,4.82,7.48,4.71,0.412,2025-08-26T04:43:50.129525+00:00,969,Ateneo_de_Manila_University_20251208181114_969,1,4.71
Adamson University,2577.095,469.547,18.22,48.62,109,83,3,26,66,18,2,3,1,6,13,8,76.09,0,2,0,3,1,2,0,4,10,6,60.0,6,5,8,1,12.5,0,0,38,13,34.21,8,30,0,1,1,0,0,4.66,4.54,4.88,4.28,7.31,4.88,0.431,2025-02-28T21:58:54.129525+00:00,581,Adamson_University_20251208181114_581,1,4.88
Riverside FC,2706.156,426.22,15.75,50.26,134,91,19,43,84,3,7,5,3,20,11,9,68.05,0,3,0,5,2,3,1,6,7,4,57.14,7,8,6,1,16.67,2,2,25,12,48.0,7,18,1,1,5,0,0,4.46,6.19,4.25,3.93,6.82,5.06,0.451,2025-06-26T05:02:19.130525+00:00,581,Riverside_FC_20251208181114_581,1,5.06
Riverside FC,2388.868,506.44,21.2,47.13,134,104,8,30,99,2,7,4,3,9,12,12,77.43,1,4,0,6,2,4,0,7,8,5,62.5,6,2,8,0,0.0,2,1,14,5,35.71,6,8,1,1,0,0,0,5.28,5.09,4.97,4.39,7.29,5.24,0.471,2025-05-08T01:37:49.130525+00:00,81,Riverside_FC_20251208181114_81,1,5.24
Northbridge FC,2480.89,688.447,27.75,47.57,93,67,10,26,70,11,8,2,0,1,1,7,71.94,0,1,0,6,3,3,1,7,3,2,66.67,10,3,1,0,0.0,0,2,33,17,51.52,19,14,0,2,8,0,0,5.16,4.56,5.16,4.92,7.52,5.19,0.466,2025-04-01T11:27:03.130525+00:00,846,Northbridge_FC_20251208181114_846,1,5.19
Lakeside Athletic,2742.865,465.464,16.97,54.85,141,100,12,41,118,11,8,0,1,1,3,11,71.07,0,3,0,6,3,3,0,6,7,4,57.14,9,6,5,1,20.0,1,0,15,5,33.33,3,12,1,1,10,2,0,4.26,4.75,5.36,3.62,5.59,4.66,0.407,2025-01-22T05:58:06.130525+00:00,294,Lakeside_Athletic_20251208181114_294,1,4.66
Coastal Town,2815.437,653.744,23.22,51.6,112,86,7,26,98,15,5,3,3,0,0,10,76.89,0,2,0,6,2,4,0,6,14,5,35.71,8,2,0,0,0.0,2,0,42,13,30.95,19,23,0,0,7,0,0,4.65,5.07,4.15,5.42,7.0,5.01,0.446,2024-12-17T11:29:39.130525+00:00,529,Coastal_Town_20251208181114_529,1,5.01
City United,2240.22,255.161,11.39,40.93,118,75,16,43,92,15,4,4,1,1,1,7,63.56,0,3,0,4,1,3,0,4,5,4,80.0,9,2,9,2,22.22,2,1,3,2,66.67,1,2,2,3,3,1,0,3.91,5.11,3.6,4.74,6.5,4.56,0.396,2025-10-12T03:23:42.130525+00:00,413,City_United_20251208181114_413,1,4.56
De La Salle University,2157.817,373.302,17.3,38.49,64,40,7,24,42,6,8,2,1,4,3,7,63.03,0,1,0,5,2,3,0,5,8,5,62.5,10,2,1,0,0.0,1,0,12,7,58.33,4,8,0,0,6,0,0,5.32,5.16,4.2,3.79,7.77,5.08,0.453,2025-03-29T05:34:32.130525+00:00,442,De_La_Salle_University_20251208181114_442,1,5.08
San Beda University,2257.483,276.09,12.23,41.67,91,56,12,35,76,10,2,2,2,0,0,7,61.0,0,1,1,5,2,3,1,6,11,6,54.55,4,5,12,2,16.67,2,0,23,11,47.83,1,22,0,0,4,0,0,6.19,4.75,4.11,4.41,7.69,5.27,0.474,2025-08-05T18:48:18.130525+00:00,532,San_Beda_University_20251208181114_532,1,5.27
University of the Philippines,1852.757,385.003,20.78,34.94,58,39,8,19,45,8,3,2,2,0,0,1,67.84,0,1,0,4,1,3,0,4,3,2,66.67,3,1,17,4,23.53,1,0,17,8,47.06,0,17,0,1,6,1,0,5.29,4.51,4.04,4.75,6.52,4.87,0.43,2025-01-11T19:22:41.130525+00:00,656,University_of_the_Philippines_20251208181114_656,1,4.87
University of Santo Tomas,2736.699,420.083,15.35,51.91,95,76,5,19,60,19,1,5,2,2,6,8,79.87,0,2,1,6,2,4,0,4,5,3,60.0,6,6,13,3,23.08,0,0,19,8,42.11,3,16,0,2,8,1,0,6.13,4.29,4.67,4.96,6.66,5.21,0.468,2025-09-08T16:01:54.131525+00:00,335,University_of_Santo_Tomas_20251208181114_335,1,5.21
City United,2356.154,417.51,17.72,47.42,110,79,9,31,72,9,3,3,1,8,14,8,72.23,0,1,0,4,2,2,0,3,2,1,50.0,9,1,8,1,12.5,3,0,23,16,69.57,12,11,2,0,6,0,0,5.13,4.72,4.58,3.64,7.15,4.9,0.433,2025-10-28T08:20:05.131525+00:00,751,City_United_20251208181114_751,1,4.9
Adamson University,2913.672,448.414,15.39,55.09,156,141,4,15,124,23,14,4,4,0,0,12,90.19,0,2,1,5,1,4,1,6,16,9,56.25,1,8,3,0,0.0,0,1,12,5,41.67,3,9,1,1,4,0,0,5.43,5.26,5.47,5.3,7.34,5.56,0.507,2025-03-31T05:58:30.131525+00:00,277,Adamson_University_20251208181114_277,1,5.56
Ateneo de Manila University,2899.453,472.321,16.29,56.26,112,97,7,15,69,13,11,2,1,6,10,11,86.63,0,2,0,5,1,4,0,5,8,4,50.0,4,9,11,2,18.18,2,0,21,10,47.62,3,18,0,3,7,2,0,4.01,4.98,5.38,5.02,5.93,4.89,0.432,2025-07-26T10:57:49.131525+00:00,277,Ateneo_de_Manila_University_20251208181114_277,1,4.89
Coastal Town,2895.943,430.337,14.86,53.67,82,46,11,36,56,12,1,4,3,5,2,10,56.11,0,2,0,2,1,1,0,1,9,5,55.56,5,5,2,1,50.0,1,0,31,11,35.48,4,27,1,1,4,1,0,4.57,5.13,4.44,3.28,6.13,4.68,0.409,2025-09-28T12:52:40.131525+00:00,477,Coastal_Town_20251208181114_477,1,4.68
Far Eastern University,3007.07,663.36,22.06,54.5,145,105,11,40,100,8,11,0,3,12,10,15,72.22,0,1,1,8,2,6,1,7,7,3,42.86,7,3,5,1,20.0,1,3,26,17,65.38,3,23,2,1,6,0,0,5.81,5.27,4.38,4.05,7.18,5.26,0.473,2025-02-10T04:44:40.131525+00:00,902,Far_Eastern_University_20251208181114_902,1,5.26
Riverside FC,2454.327,480.557,19.58,48.23,201,136,21,65,150,25,3,9,3,8,4,9,67.91,1,5,0,4,1,3,0,3,11,8,72.73,8,7,11,3,27.27,1,0,30,15,50.0,13,17,0,2,2,0,0,5.65,5.66,4.62,3.71,7.42,5.35,0.483,2024-12-26T01:01:36.131525+00:00,344,Riverside_FC_20251208181114_344,1,5.35
University of Santo Tomas,3189.21,1171.078,36.72,57.34,207,129,24,78,127,39,21,5,5,3,7,16,62.33,0,2,1,6,2,4,0,8,14,8,57.14,9,5,4,1,25.0,2,0,36,23,63.89,8,28,0,1,3,0,0,5.86,5.25,5.01,3.66,6.84,5.31,0.479,2025-09-03T21:33:16.132533+00:00,818,University_of_Santo_Tomas_20251208181114_818,1,5.31
Lakeside Athletic,2385.812,483.366,20.26,44.19,105,74,12,31,74,11,9,3,2,2,3,5,70.58,0,2,1,5,2,3,0,5,11,5,45.45,3,9,12,2,16.67,1,3,28,14,50.0,7,21,1,2,9,2,0,5.74,4.85,4.55,4.38,5.36,5.02,0.447,2025-02-13T23:40:13.132533+00:00,260,Lakeside_Athletic_20251208181114_260,1,5.02
2 Worlds FC,2915.096,746.556,25.61,53.21,122,79,19,43,77,18,5,1,1,15,6,15,64.53,0,1,0,5,2,3,0,7,7,4,57.14,2,6,4,1,25.0,0,2,31,15,48.39,11,20,1,1,6,0,0,5.11,5.1,4.49,4.44,7.35,5.11,0.457,2025-07-07T13:24:39.132533+00:00,928,2_Worlds_FC_20251208181114_928,1,5.11
University of the Philippines,2328.463,206.069,8.85,44.11,112,84,7,28,77,5,0,2,2,14,12,7,74.93,0,1,0,5,2,3,0,5,7,4,57.14,5,11,3,1,33.33,1,1,29,14,48.28,11,18,0,0,0,0,0,5.21,5.42,4.46,3.93,6.95,5.11,0.457,2025-10-26T05:08:03.132533+00:00,830,University_of_the_Philippines_20251208181114_830,1,5.11
Mapúa University,3389.123,624.615,18.43,60.41,137,107,12,30,95,15,10,5,1,7,4,9,78.25,0,1,0,4,1,3,0,6,8,4,50.0,5,1,6,0,0.0,2,1,17,6,35.29,7,10,1,0,5,0,0,4.54,5.37,4.93,4.36,7.36,5.11,0.457,2025-03-19T02:23:59.132533+00:00,887,Mapúa_University_20251208181114_887,1,5.11
University of the Philippines,2611.216,671.866,25.73,50.64,107,69,13,38,74,13,6,4,2,3,5,5,64.62,1,3,0,6,2,4,0,6,17,9,52.94,9,7,1,0,0.0,1,0,7,1,14.29,3,4,0,2,6,0,0,5.14,3.98,4.75,2.74,6.69,4.56,0.396,2025-02-28T19:08:51.132533+00:00,806,University_of_the_Philippines_20251208181114_806,1,4.56
Lakeside Athletic,1353.164,329.495,24.35,24.83,54,43,3,11,48,10,3,3,2,0,0,3,79.51,0,1,0,2,1,1,0,2,10,6,60.0,8,8,20,5,25.0,2,1,4,2,50.0,2,2,0,0,10,1,0,4.1,6.01,4.84,4.84,6.57,5.13,0.459,2025-01-12T06:27:33.132533+00:00,322,Lakeside_Athletic_20251208181114_322,1,5.13
University of Santo Tomas,2436.823,329.215,13.51,48.32,139,100,9,39,109,16,10,8,2,0,0,3,71.63,1,4,0,4,1,3,0,3,2,1,50.0,6,4,7,1,14.29,1,0,23,13,56.52,9,14,2,2,8,1,0,5.21,4.69,4.69,3.59,6.51,4.86,0.429,2025-06-02T16:27:08.132533+00:00,520,University_of_Santo_Tomas_20251208181114_520,1,4.86
Riverside FC,3118.441,368.288,11.81,58.44,103,70,10,33,64,9,6,4,1,8,11,2,67.84,0,2,0,4,1,3,0,3,14,7,50.0,5,4,7,1,14.29,3,0,5,3,60.0,2,3,2,0,2,0,0,4.51,4.71,4.59,3.66,6.8,4.69,0.41,2024-12-20T01:14:54.133530+00:00,682,Riverside_FC_20251208181114_682,1,4.69
San Beda University,1399.977,414.673,29.62,26.68,74,55,5,19,53,16,5,1,0,0,0,5,74.2,0,1,0,3,1,2,0,4,7,4,57.14,11,5,15,3,20.0,1,1,16,6,37.5,4,12,0,1,1,0,0,4.27,5.82,3.91,4.18,7.11,4.9,0.433,2025-10-22T07:07:28.133530+00:00,206,San_Beda_University_20251208181114_206,1,4.9
Lakeside Athletic,2888.149,624.418,21.62,52.01,99,73,15,26,68,10,8,4,3,3,3,13,73.73,0,1,1,5,1,4,0,5,14,9,64.29,13,5,14,2,14.29,0,2,18,9,50.0,6,12,0,1,7,2,0,5.21,5.37,5.18,5.03,5.78,5.28,0.476,2025-07-31T08:36:50.133530+00:00,263,Lakeside_Athletic_20251208181114_263,1,5.28
Northbridge FC,2881.297,793.221,27.53,54.01,131,111,7,20,113,10,5,1,2,0,0,9,84.42,0,4,0,3,1,2,0,2,14,5,35.71,13,8,10,3,30.0,0,0,9,5,55.56,2,7,1,1,3,0,0,3.99,3.75,4.23,3.67,8.05,4.33,0.37,2025-08-09T22:27:57.133530+00:00,43,Northbridge_FC_20251208181114_43,1,4.33
Highland Wanderers,3319.14,947.946,28.56,59.88,179,126,21,53,114,30,19,6,2,4,4,11,70.23,0,2,0,4,1,3,0,6,12,5,41.67,7,2,4,1,25.0,1,1,24,16,66.67,7,17,0,0,2,0,0,4.87,4.17,4.45,3.73,6.94,4.64,0.404,2025-04-07T13:08:49.133530+00:00,247,Highland_Wanderers_20251208181114_247,1,4.64
