team_name,possession__your_possession_time_seconds,possession__attacking_third_possession_seconds,possession__attacking_third_possession_pct_of_team,possession__possession_pct,distribution__passes,distribution__successful_passes,distribution__intercepted_passes,distribution__unsuccessful_passes,distribution__short_passes,distribution__long_passes,distribution__crosses,distribution__through_passes,distribution__header_passes,distribution__forward_passes,distribution__lateral_passes,distribution__back_passes,distribution__passing_accuracy_pct,distribution__assists,distribution__key_passes,attack__goals,attack__shots,attack__shots_on_target,attack__shots_off_target,attack__blocked_shots,attack__shot_creating_actions,defense__tackles,defense__successful_tackles,defense__tackles_success_rate_pct,defense__clearances,defense__interceptions,defense__recoveries,defense__recoveries_attacking_third,defense__recoveries_attacking_third_pct,defense__blocks,defense__saves,general__duels,general__duels_won,general__duels_success_rate_pct,general__aerial_duels,general__ground_duels,general__offsides,general__corner_awarded,discipline__fouls_conceded,discipline__yellow_cards,discipline__red_cards,match_rating_attack,match_rating_defense,match_rating_distribution,match_rating_general,match_rating_discipline,overall_rating,outcome_score,added_at,match_number,match_id,is_synthetic,match_rating_overall
Valley Rovers,2466.374,394.866,16.01,49.52,224,163,19,61,138,19,14,7,5,26,14,5,72.94,0,6,0,5,2,3,0,7,9,6,66.67,10,5,7,2,28.57,1,2,26,19,73.08,13,13,1,1,2,0,0,5.76,5.07,5.52,3.64,8.28,5.47,0.497,2025-10-17T20:25:12.572409+00:00,26,Valley_Rovers_20251208101535_26,1,5.47
Summit Peak FC,2586.154,437.577,16.92,47.81,198,118,48,80,155,30,7,4,2,0,0,11,59.35,1,3,1,5,2,3,0,3,11,6,54.55,13,12,7,1,14.29,3,1,15,8,53.33,4,11,1,1,10,2,0,5.31,5.92,5.46,4.49,5.77,5.44,0.493,2025-10-13T04:41:42.573361+00:00,465,Summit_Peak_FC_20251208101535_465,1,5.44
Southgate United,2241.057,274.081,12.23,43.16,117,74,13,43,84,18,11,2,6,0,0,9,63.46,0,5,0,7,3,4,0,7,7,4,57.14,3,2,8,2,25.0,1,3,14,9,64.29,3,11,1,2,0,2,0,5.74,4.91,5.0,4.27,5.62,5.14,0.46,2025-03-11T05:40:52.573361+00:00,812,Southgate_United_20251208101535_812,1,5.14
Highland Wanderers,1478.943,237.075,16.03,28.06,103,75,7,28,68,12,9,3,1,3,8,21,72.63,0,2,0,3,1,2,0,4,7,4,57.14,10,16,6,2,33.33,3,0,24,17,70.83,3,21,0,1,1,0,0,5.35,6.22,4.39,4.35,6.91,5.42,0.491,2025-01-12T06:40:36.573361+00:00,676,Highland_Wanderers_20251208101535_676,1,5.42
Metro FC,2331.545,181.161,7.77,47.06,190,142,13,48,143,23,0,8,10,4,3,17,74.97,0,2,0,5,2,3,0,6,16,6,37.5,10,7,1,0,0.0,2,0,5,3,60.0,0,5,0,1,7,1,0,5.88,6.37,5.45,4.31,7.03,5.83,0.537,2025-11-08T15:46:13.573361+00:00,413,Metro_FC_20251208101535_413,1,5.83
Lakeside Athletic,2150.303,259.757,12.08,42.83,124,72,16,52,94,15,4,1,1,2,6,13,58.35,1,2,1,6,3,3,0,8,15,10,66.67,13,19,12,3,25.0,2,3,35,12,34.29,8,27,0,3,2,0,0,4.79,6.18,5.36,4.22,8.06,5.54,0.504,2025-10-01T00:37:51.573361+00:00,872,Lakeside_Athletic_20251208101535_872,1,5.54
Valley Rovers,3155.015,893.816,28.33,61.92,147,122,9,25,111,23,7,8,8,0,0,17,82.89,1,2,1,8,3,5,0,9,15,9,60.0,13,1,1,0,0.0,1,2,38,26,68.42,5,33,2,0,5,1,0,6.21,5.0,4.3,5.0,7.12,5.41,0.49,2025-09-16T03:48:49.573361+00:00,912,Valley_Rovers_20251208101535_912,1,5.41
Silverlake City,3652.902,1257.694,34.43,72.84,179,130,18,49,140,17,5,8,8,0,0,16,72.42,1,7,1,11,4,7,1,7,18,14,77.78,8,3,10,2,20.0,0,1,43,20,46.51,0,43,0,5,5,0,0,6.98,5.74,5.44,4.89,7.35,6.07,0.563,2025-11-15T18:23:01.573361+00:00,26,Silverlake_City_20251208101535_26,1,6.07
San Beda University,3470.941,608.109,17.52,63.32,188,133,17,55,132,21,7,3,1,18,7,14,70.95,2,7,2,11,4,7,1,14,22,10,45.45,5,7,10,2,20.0,0,1,17,8,47.06,5,12,0,4,4,0,0,5.64,5.1,5.12,5.34,7.5,5.53,0.503,2025-08-15T03:00:35.574334+00:00,533,San_Beda_University_20251208101535_533,1,5.53
Northbridge FC,1570.917,517.46,32.94,32.06,104,74,3,30,66,15,3,3,0,7,11,10,71.14,1,1,1,5,1,4,0,5,7,4,57.14,11,12,20,3,15.0,2,2,2,1,50.0,1,1,0,2,6,1,0,6.62,4.66,4.86,4.26,7.28,5.45,0.494,2025-04-03T11:26:26.574334+00:00,26,Northbridge_FC_20251208101535_26,1,5.45
Ironforge FC,1638.258,436.923,26.67,32.36,109,94,8,15,83,12,4,4,3,2,1,6,86.32,1,3,1,5,1,4,1,6,0,0,44.02,18,15,6,1,16.67,2,0,9,5,55.56,1,8,0,0,2,0,0,4.63,5.8,5.87,4.93,7.2,5.5,0.5,2025-01-03T09:16:23.574334+00:00,282,Ironforge_FC_20251208101535_282,1,5.5
Lakeside Athletic,1419.313,411.175,28.97,28.29,104,73,11,31,68,11,7,2,4,5,7,11,69.75,0,3,0,3,1,2,0,5,6,5,83.33,10,7,11,3,27.27,3,0,19,5,26.32,1,18,0,0,11,2,0,5.99,6.21,4.52,4.03,5.95,5.48,0.498,2025-02-07T11:25:22.574334+00:00,659,Lakeside_Athletic_20251208101535_659,1,5.48
Ironforge FC,2574.417,466.742,18.13,47.13,228,198,11,30,134,20,11,0,3,39,21,24,86.84,0,5,0,5,2,3,0,8,16,8,50.0,4,11,6,1,16.67,2,0,25,20,80.0,6,19,1,1,2,0,0,5.22,6.38,5.37,4.24,7.74,5.69,0.521,2025-07-17T12:33:16.574334+00:00,105,Ironforge_FC_20251208101535_105,1,5.69
Summit Peak FC,3904.25,907.348,23.24,79.13,217,197,6,20,158,8,6,3,5,14,23,20,90.83,2,3,2,13,4,9,1,9,15,10,66.67,6,4,8,2,25.0,1,1,56,26,46.43,0,56,0,4,4,0,0,6.31,5.17,5.75,4.53,8.0,5.8,0.533,2024-12-16T05:39:44.574334+00:00,570,Summit_Peak_FC_20251208101535_570,1,5.8
Pioneer Ville FC,2669.471,372.391,13.95,47.55,151,115,12,36,112,29,11,0,4,0,0,13,76.06,1,5,1,8,4,4,0,15,5,3,60.0,15,3,12,5,41.67,0,2,9,4,44.44,3,6,1,2,10,1,0,6.62,5.53,5.73,3.94,6.42,5.74,0.527,2025-08-11T23:46:13.574334+00:00,106,Pioneer_Ville_FC_20251208101535_106,1,5.74
Goldenfield Rovers,2679.146,525.916,19.63,52.93,211,174,20,37,126,13,12,8,5,25,22,16,82.69,1,3,1,8,2,6,0,11,7,4,57.14,4,5,1,0,0.0,1,1,26,11,42.31,1,25,1,2,7,0,0,6.07,4.69,5.2,4.2,7.26,5.37,0.486,2025-04-28T11:08:53.574334+00:00,720,Goldenfield_Rovers_20251208101535_720,1,5.37
Pioneer Ville FC,4454.828,794.741,17.84,90.2,295,209,33,86,172,21,27,5,20,27,24,10,70.91,1,6,1,8,5,3,0,10,16,10,62.5,5,2,1,0,0.0,0,0,12,7,58.33,7,5,3,1,2,1,0,6.86,6.53,6.79,4.76,6.37,6.41,0.601,2025-10-08T10:40:39.574334+00:00,993,Pioneer_Ville_FC_20251208101535_993,1,6.41
Northbridge FC,3231.913,622.79,19.27,59.09,192,154,15,38,122,21,12,8,0,9,21,17,80.45,0,4,0,4,1,3,0,4,5,2,40.0,10,3,4,1,25.0,1,2,18,11,61.11,5,13,0,2,3,0,0,5.77,6.42,5.16,4.26,7.37,5.78,0.531,2025-11-20T05:39:48.575332+00:00,511,Northbridge_FC_20251208101535_511,1,5.78
Evergreen Sporting,2382.632,789.366,33.13,44.37,103,88,5,15,78,4,6,1,4,6,5,12,85.58,1,1,1,5,1,4,1,4,17,10,58.82,0,8,12,1,8.33,0,1,17,9,52.94,2,15,0,0,9,1,0,5.45,6.12,5.08,4.89,6.99,5.64,0.516,2025-02-22T03:42:15.575332+00:00,989,Evergreen_Sporting_20251208101535_989,1,5.64
Southgate United,3849.639,1143.728,29.71,71.35,331,234,41,97,257,45,16,15,19,0,0,43,70.56,1,7,1,12,4,8,1,11,18,12,66.67,3,4,2,0,0.0,2,2,32,16,50.0,15,17,0,1,5,0,0,6.65,5.93,5.34,3.61,7.16,5.81,0.534,2025-01-25T01:08:05.575332+00:00,180,Southgate_United_20251208101535_180,1,5.81
Highland Wanderers,3147.813,642.783,20.42,63.67,204,167,4,37,143,18,13,9,2,7,13,19,81.95,1,2,1,7,3,4,0,9,12,9,75.0,3,4,9,2,22.22,1,0,7,5,71.43,2,5,1,1,6,1,0,6.38,6.1,5.44,3.94,6.31,5.77,0.53,2024-12-28T01:44:48.575332+00:00,644,Highland_Wanderers_20251208101535_644,1,5.77
Prime City Athletic,1491.071,133.004,8.92,28.99,72,61,5,11,48,5,3,0,2,7,8,15,84.53,1,1,1,4,1,3,0,3,2,1,50.0,20,5,20,3,15.0,3,0,9,4,44.44,3,6,0,3,2,2,0,5.94,7.2,5.21,4.2,5.78,5.89,0.543,2025-08-21T10:53:46.575332+00:00,26,Prime_City_Athletic_20251208101535_26,1,5.89
2 Worlds FC,2509.525,556.362,22.17,45.3,174,137,13,37,123,18,5,7,10,4,6,17,78.52,1,6,1,7,2,5,1,9,10,6,60.0,6,6,14,5,35.71,2,0,3,2,66.67,0,3,1,0,6,2,0,6.34,5.5,4.77,4.56,5.67,5.47,0.497,2025-04-06T19:38:15.575332+00:00,52,2_Worlds_FC_20251208101535_52,1,5.47
Oldtown United,3394.997,1016.123,29.93,64.75,237,175,14,62,177,28,5,3,4,7,15,12,73.92,0,1,0,9,4,5,0,7,1,1,100.0,1,7,3,1,33.33,1,2,70,33,47.14,9,61,1,3,1,1,0,5.73,5.84,5.54,4.45,6.4,5.61,0.512,2025-01-01T18:51:40.575332+00:00,703,Oldtown_United_20251208101535_703,1,5.61
Metro FC,2001.515,411.712,20.57,39.18,133,106,13,27,95,3,8,2,5,11,9,13,79.34,0,2,0,3,1,2,0,3,3,2,66.67,12,8,0,0,0.0,2,1,32,19,59.38,11,21,0,0,7,0,0,5.08,6.93,4.66,3.38,7.03,5.47,0.497,2025-09-20T04:31:43.575332+00:00,992,Metro_FC_20251208101535_992,1,5.47
Metro FC,3204.797,841.259,26.25,61.32,171,131,17,40,127,25,7,7,1,1,3,8,76.77,1,4,1,14,6,8,1,21,19,13,68.42,6,5,5,1,20.0,0,0,42,22,52.38,5,37,1,4,4,1,0,6.18,4.45,4.95,5.41,7.06,5.43,0.492,2025-04-16T21:05:07.575332+00:00,691,Metro_FC_20251208101535_691,1,5.43
Lakeside Athletic,4231.353,949.939,22.45,75.7,304,181,41,123,215,26,23,7,9,9,14,24,59.56,1,8,1,8,4,4,1,5,28,16,57.14,1,4,8,1,12.5,1,0,62,28,45.16,9,53,0,3,1,0,0,6.25,6.19,5.09,5.33,7.66,6.01,0.557,2025-07-02T17:26:54.576332+00:00,448,Lakeside_Athletic_20251208101535_448,1,6.01
Garden State FC,3508.508,957.121,27.28,71.22,234,194,12,40,152,16,3,8,7,7,41,3,82.81,1,7,1,7,2,5,0,8,12,5,41.67,7,6,4,1,25.0,0,0,42,18,42.86,15,27,0,1,4,0,0,5.84,5.33,5.21,3.59,8.18,5.49,0.499,2025-06-21T07:17:33.576332+00:00,39,Garden_State_FC_20251208101535_39,1,5.49
Dominion Athletic,1816.508,176.201,9.7,36.46,158,111,7,47,102,3,2,4,6,22,20,1,70.31,0,4,0,5,1,4,0,5,9,6,66.67,26,5,14,4,28.57,2,0,19,6,31.58,6,13,0,0,14,2,0,5.78,5.09,5.48,4.55,5.48,5.32,0.48,2025-04-28T08:40:09.576332+00:00,680,Dominion_Athletic_20251208101535_680,1,5.32
Silverlake City,2415.289,404.078,16.73,46.06,181,169,6,12,113,21,5,12,0,15,15,3,93.21,1,5,1,6,2,4,1,3,12,8,66.67,4,1,9,2,22.22,3,0,41,20,48.78,24,17,1,3,9,1,0,5.68,6.16,5.71,4.8,6.72,5.8,0.533,2025-05-31T02:05:05.576332+00:00,374,Silverlake_City_20251208101535_374,1,5.8
2 Worlds FC,5016.812,1412.734,28.16,88.57,271,221,18,50,184,22,28,7,3,11,16,10,81.45,1,6,1,13,7,6,0,13,29,20,68.97,2,1,0,0,0.0,2,2,29,15,51.72,11,18,2,3,1,0,0,6.82,5.81,5.83,3.63,7.42,5.95,0.55,2025-03-23T14:05:02.576332+00:00,327,2_Worlds_FC_20251208101535_327,1,5.95
2 Worlds FC,2727.509,553.412,20.29,52.51,168,123,13,45,118,19,9,10,7,3,2,14,73.46,0,3,0,8,2,6,0,7,17,12,70.59,10,6,13,5,38.46,2,0,37,21,56.76,5,32,2,2,5,2,0,5.26,6.08,4.85,4.02,5.35,5.24,0.471,2025-05-24T21:54:57.576332+00:00,400,2_Worlds_FC_20251208101535_400,1,5.24
Eastview Rangers,3143.232,389.446,12.39,57.59,254,190,28,64,191,16,16,11,5,6,8,25,74.65,0,7,0,5,2,3,0,7,8,3,37.5,10,5,7,1,14.29,0,0,31,17,54.84,12,19,0,1,5,0,0,6.59,5.39,5.59,4.86,7.86,5.94,0.549,2025-06-01T20:42:55.576332+00:00,509,Eastview_Rangers_20251208101535_509,1,5.94
Garden State FC,2887.756,693.639,24.02,55.78,199,129,27,70,147,19,13,10,6,2,2,18,64.9,1,5,1,10,3,7,0,11,7,1,14.29,12,0,16,4,25.0,1,0,38,24,63.16,18,20,1,2,5,1,0,6.26,4.67,4.7,4.73,6.2,5.28,0.476,2025-03-01T05:32:06.576332+00:00,782,Garden_State_FC_20251208101535_782,1,5.28
Lakeside Athletic,2260.594,785.33,34.74,44.09,120,82,21,38,84,13,5,7,2,2,8,12,68.24,0,4,0,6,2,4,1,10,10,6,60.0,13,5,20,2,10.0,4,0,21,14,66.67,4,17,0,2,11,0,0,5.75,6.53,5.25,4.48,6.96,5.81,0.534,2025-02-23T08:45:36.577332+00:00,68,Lakeside_Athletic_20251208101535_68,1,5.81
2 Worlds FC,3562.754,898.883,25.23,66.49,165,131,11,34,102,21,1,5,1,27,6,1,79.64,1,4,1,7,3,4,0,6,10,7,70.0,6,0,9,2,22.22,0,1,50,26,52.0,19,31,2,2,2,1,0,6.16,4.92,5.09,5.34,6.34,5.5,0.5,2025-03-27T15:31:09.577332+00:00,84,2_Worlds_FC_20251208101535_84,1,5.5
Millennium Rovers,3866.793,716.517,18.53,68.81,231,173,15,58,179,24,21,11,6,0,0,8,74.74,1,7,1,11,4,7,1,14,16,7,43.75,4,3,8,1,12.5,1,1,29,14,48.28,11,18,2,5,3,0,0,6.58,5.51,5.29,5.38,7.65,5.96,0.551,2025-04-09T15:21:06.577332+00:00,511,Millennium_Rovers_20251208101535_511,1,5.96
Millennium Rovers,1988.424,318.943,16.04,38.66,117,83,13,34,100,11,5,6,4,0,0,8,71.06,0,2,0,4,1,3,0,3,13,8,61.54,21,6,14,2,14.29,2,1,30,11,36.67,3,27,1,2,18,1,0,5.5,6.51,4.96,5.25,6.02,5.69,0.521,2025-04-11T07:59:32.577332+00:00,153,Millennium_Rovers_20251208101535_153,1,5.69
Highland Wanderers,3076.901,512.304,16.65,61.06,224,157,14,67,159,32,24,4,8,0,0,4,69.88,1,11,1,7,2,5,0,10,17,11,64.71,14,4,12,4,33.33,1,2,22,9,40.91,12,10,1,4,4,0,0,6.71,6.39,4.97,4.41,7.96,6.08,0.564,2025-08-26T14:39:03.577332+00:00,532,Highland_Wanderers_20251208101535_532,1,6.08
Summit Peak FC,2039.219,399.279,19.58,41.16,123,99,13,24,109,16,7,5,4,0,0,3,80.22,0,1,0,8,3,5,0,6,8,4,50.0,11,9,14,2,14.29,2,2,17,11,64.71,4,13,2,0,13,1,0,5.81,6.07,5.94,4.15,6.93,5.79,0.532,2025-02-03T06:21:11.577332+00:00,956,Summit_Peak_FC_20251208101535_956,1,5.79
Riverstone FC,2750.239,435.913,15.85,52.36,162,126,12,36,112,11,8,6,1,10,14,4,77.72,0,2,0,6,3,3,0,6,15,8,53.33,13,13,18,1,5.56,2,1,16,9,56.25,3,13,1,1,5,0,0,5.83,6.05,4.97,4.0,6.67,5.55,0.506,2024-12-12T22:56:15.577332+00:00,292,Riverstone_FC_20251208101535_292,1,5.55
Valley Rovers,3162.921,589.568,18.64,58.67,228,171,21,57,181,35,6,4,0,1,1,5,75.07,1,5,1,10,4,6,0,13,11,6,54.55,3,4,6,1,16.67,1,3,36,17,47.22,9,27,0,3,2,0,0,6.87,5.7,5.6,3.57,6.92,5.83,0.537,2025-08-18T13:12:15.577332+00:00,655,Valley_Rovers_20251208101535_655,1,5.83
Riverside FC,3315.422,627.941,18.94,63.44,219,165,3,54,171,32,10,6,7,0,0,27,75.16,0,5,0,5,2,3,0,6,10,7,70.0,12,10,16,3,18.75,1,1,32,6,18.75,2,30,0,0,6,0,0,6.23,6.97,5.77,4.47,7.4,6.22,0.58,2025-01-03T18:59:45.577332+00:00,47,Riverside_FC_20251208101535_47,1,6.22
2 Worlds FC,2518.329,643.433,25.55,51.51,118,96,7,22,100,14,4,5,3,0,0,15,81.49,1,2,1,9,3,6,0,7,15,11,73.33,10,9,23,7,30.43,3,0,15,3,20.0,4,11,2,2,7,0,0,6.24,5.97,5.58,3.84,7.7,5.84,0.538,2024-12-11T05:00:15.578331+00:00,247,2_Worlds_FC_20251208101535_247,1,5.84
Millennium Rovers,2050.327,305.704,14.91,41.76,132,105,9,27,93,13,10,6,4,2,4,15,79.32,1,1,1,4,2,2,0,4,6,4,66.67,23,5,25,6,24.0,2,0,20,5,25.0,4,16,0,0,9,1,0,6.07,5.47,4.93,3.79,7.24,5.47,0.497,2025-04-14T06:40:11.578331+00:00,937,Millennium_Rovers_20251208101535_937,1,5.47
Prime City Athletic,3326.782,233.207,7.01,64.22,195,164,6,31,142,24,9,15,0,2,3,20,84.22,1,6,1,11,3,8,1,11,9,4,44.44,10,8,11,4,36.36,0,0,25,14,56.0,7,18,2,0,3,0,0,6.41,5.57,5.19,4.43,7.11,5.72,0.524,2025-01-25T11:02:27.578331+00:00,780,Prime_City_Athletic_20251208101535_780,1,5.72
Prime City Athletic,2618.571,841.085,32.12,49.58,202,164,12,38,147,17,27,13,5,0,0,3,81.41,1,3,1,8,3,5,1,11,14,6,42.86,13,8,10,2,20.0,0,0,25,12,48.0,4,21,2,2,6,1,0,6.71,4.98,5.6,4.62,6.46,5.69,0.521,2025-03-13T08:42:38.578331+00:00,676,Prime_City_Athletic_20251208101535_676,1,5.69
Redwood Borough,3476.771,516.648,14.86,64.99,280,220,29,60,194,20,2,6,10,34,14,30,78.57,1,1,2,12,6,6,0,12,10,4,40.0,2,7,8,1,12.5,3,3,38,20,52.63,13,25,0,2,0,0,0,5.68,5.05,4.96,4.68,7.13,5.36,0.484,2025-09-03T12:55:44.578331+00:00,217,Redwood_Borough_20251208101535_217,1,5.36
Twin Oak Rangers,2552.992,518.513,20.31,46.19,207,179,9,28,155,10,18,9,8,3,5,19,86.63,0,4,0,7,2,5,1,9,12,5,41.67,7,8,0,0,0.0,2,0,0,0,27.07,0,0,2,2,4,0,0,6.17,6.06,5.77,3.68,8.17,5.91,0.546,2025-06-07T01:05:45.578331+00:00,88,Twin_Oak_Rangers_20251208101535_88,1,5.91
Ironforge FC,1941.679,279.796,14.41,38.61,153,96,24,57,121,14,2,1,2,8,6,17,62.56,1,7,1,5,1,4,1,6,6,4,66.67,4,8,13,4,30.77,2,1,26,10,38.46,5,21,0,0,12,1,0,5.46,5.12,4.94,3.43,6.72,5.1,0.456,2025-03-28T05:11:33.578331+00:00,739,Ironforge_FC_20251208101535_739,1,5.1
Crestfall Town,1939.409,518.792,26.75,38.19,134,134,0,0,105,8,4,0,1,9,7,7,99.75,1,4,1,4,1,3,0,3,6,3,50.0,7,4,6,2,33.33,2,0,23,13,56.52,6,17,0,1,5,0,0,6.13,5.09,5.47,5.09,7.49,5.7,0.522,2025-07-09T19:06:53.578331+00:00,248,Crestfall_Town_20251208101535_248,1,5.7
Lakeside Athletic,3070.769,328.879,10.71,59.5,202,165,17,37,131,19,18,10,3,10,12,28,81.71,1,2,1,8,4,4,1,12,9,6,66.67,1,6,7,1,14.29,1,1,0,0,29.86,0,0,2,2,4,2,0,5.18,4.82,5.05,4.04,5.76,4.95,0.439,2024-12-29T16:26:18.578331+00:00,119,Lakeside_Athletic_20251208101535_119,1,4.95
Blue Ridge FC,3008.095,390.451,12.98,55.58,158,129,11,29,108,21,2,7,0,8,12,21,81.93,1,3,1,9,4,5,1,13,17,11,64.71,13,4,3,1,33.33,1,1,22,14,63.64,9,13,1,4,5,1,0,4.78,5.86,4.58,3.38,6.99,5.07,0.452,2025-04-02T04:10:13.579331+00:00,990,Blue_Ridge_FC_20251208101535_990,1,5.07
Lakeside Athletic,3574.566,879.701,24.61,69.92,265,232,13,33,202,37,13,0,3,5,6,35,87.66,0,7,0,7,3,4,0,7,20,8,40.0,3,11,4,1,25.0,1,2,32,17,53.12,17,15,0,2,3,0,0,6.06,5.75,6.0,4.64,7.31,5.89,0.543,2025-03-08T04:07:46.579331+00:00,579,Lakeside_Athletic_20251208101535_579,1,5.89
Hillcrest Athletic,2958.287,126.615,4.28,57.86,120,85,7,35,85,13,4,4,0,8,6,11,70.63,1,2,1,8,3,5,0,10,19,9,47.37,5,10,13,3,23.08,0,0,38,16,42.11,4,34,1,3,1,2,0,6.9,4.61,4.59,4.73,5.31,5.33,0.481,2025-05-03T02:32:48.579331+00:00,721,Hillcrest_Athletic_20251208101535_721,1,5.33
Pioneer Ville FC,2435.525,678.537,27.86,45.67,233,186,20,47,177,4,12,6,0,8,26,40,80.0,1,7,1,8,4,4,0,13,17,7,41.18,14,8,18,5,27.78,1,0,10,5,50.0,1,9,1,2,7,1,0,5.65,6.38,5.45,4.5,7.18,5.81,0.534,2024-12-18T05:26:51.579331+00:00,275,Pioneer_Ville_FC_20251208101535_275,1,5.81
Prime City Athletic,3356.363,1149.89,34.26,66.36,283,249,14,34,217,25,22,13,0,2,4,9,87.95,0,0,1,8,3,5,0,10,9,6,66.67,14,5,9,2,22.22,0,1,31,21,67.74,9,22,2,2,3,0,0,5.9,5.39,6.02,4.27,7.34,5.7,0.522,2025-05-21T23:29:58.579331+00:00,73,Prime_City_Athletic_20251208101535_73,1,5.7
Metro FC,3908.581,394.376,10.09,73.92,327,227,23,100,209,24,45,7,10,14,19,37,69.55,1,10,1,13,5,8,0,14,19,11,57.89,6,1,3,0,0.0,0,3,47,21,44.68,10,37,1,6,4,2,0,5.77,6.0,5.99,3.71,6.27,5.64,0.516,2025-08-08T08:09:06.579331+00:00,803,Metro_FC_20251208101535_803,1,5.64
Ironforge FC,3253.855,983.315,30.22,57.5,292,211,38,81,222,25,10,12,6,10,6,24,72.14,1,3,1,9,3,6,0,13,23,12,52.17,10,3,7,2,28.57,1,0,58,35,60.34,19,39,2,3,0,0,0,5.89,5.8,6.5,4.92,7.51,6.01,0.557,2025-06-04T20:18:58.579331+00:00,89,Ironforge_FC_20251208101535_89,1,6.01
Northbridge FC,3816.972,587.05,15.38,71.51,282,240,17,42,186,33,2,13,5,22,21,13,85.19,1,4,1,9,4,5,0,11,19,9,47.37,5,3,7,2,28.57,0,1,41,13,31.71,12,29,2,6,4,0,1,5.79,4.84,5.93,5.37,6.2,5.53,0.503,2025-12-07T10:19:41.579331+00:00,184,Northbridge_FC_20251208101535_184,1,5.53
Twin Oak Rangers,1619.074,325.11,20.08,29.45,134,111,6,23,95,27,4,5,4,0,0,12,82.96,0,3,0,5,2,3,0,4,9,7,77.78,16,11,18,6,33.33,0,1,11,7,63.64,3,8,2,2,13,1,0,5.48,6.18,5.18,3.86,7.13,5.55,0.506,2025-04-20T23:02:05.580333+00:00,870,Twin_Oak_Rangers_20251208101535_870,1,5.55
Millennium Rovers,2953.396,567.347,19.21,53.14,212,169,12,43,143,18,13,4,2,3,29,15,79.63,1,4,1,11,5,6,2,14,21,15,71.43,9,6,10,2,20.0,2,1,0,0,72.95,1,-1,1,3,7,1,0,6.39,6.57,5.25,3.34,7.29,5.88,0.542,2025-11-13T04:08:37.580333+00:00,272,Millennium_Rovers_20251208101535_272,1,5.88
Frontier Rovers,3896.17,796.767,20.45,69.95,258,202,25,56,174,27,18,6,16,11,6,24,78.19,1,7,1,7,3,4,1,8,9,4,44.44,2,5,0,0,0.0,0,0,54,24,44.44,11,43,1,2,4,1,0,5.47,5.13,6.17,4.74,5.03,5.37,0.486,2025-09-18T06:36:51.580333+00:00,444,Frontier_Rovers_20251208101535_444,1,5.37
Ironforge FC,2817.272,897.865,31.87,50.82,146,122,6,24,120,12,12,4,11,0,0,14,83.54,1,2,1,10,3,7,1,10,22,11,50.0,13,0,7,2,28.57,2,1,25,10,40.0,7,18,0,1,5,1,0,6.16,6.33,5.2,5.12,6.72,5.93,0.548,2025-03-13T20:58:29.580333+00:00,673,Ironforge_FC_20251208101535_673,1,5.93
Riverside FC,2981.547,489.868,16.43,54.52,152,114,8,38,119,25,6,1,5,0,0,13,75.1,1,2,1,10,3,7,0,14,7,4,57.14,8,4,3,1,33.33,0,1,17,12,70.59,2,15,0,4,7,1,0,6.37,6.15,4.86,5.42,6.43,5.88,0.542,2024-12-29T10:59:27.580333+00:00,383,Riverside_FC_20251208101535_383,1,5.88
Riverstone FC,3177.628,711.471,22.39,58.21,205,149,11,56,147,18,4,8,6,13,9,22,72.65,1,1,1,11,4,7,0,12,14,8,57.14,7,6,4,1,25.0,1,4,15,5,33.33,9,6,2,2,2,1,0,5.92,4.86,5.35,5.63,6.17,5.49,0.499,2025-03-07T00:36:07.580333+00:00,458,Riverstone_FC_20251208101535_458,1,5.49
Goldenfield Rovers,2949.49,941.477,31.92,58.23,218,181,13,37,148,16,16,5,11,8,14,14,83.13,1,6,1,7,3,4,1,6,10,5,50.0,7,7,6,1,16.67,2,1,27,15,55.56,8,19,0,3,6,0,0,5.58,5.23,4.64,4.7,7.12,5.32,0.48,2025-03-08T16:58:19.580333+00:00,305,Goldenfield_Rovers_20251208101535_305,1,5.32
Frontier Rovers,2647.886,760.208,28.71,50.91,177,150,11,27,112,14,0,1,9,31,11,0,84.53,1,5,1,8,3,5,1,11,15,10,66.67,6,11,11,2,18.18,0,2,13,7,53.85,3,10,1,1,6,0,0,5.42,6.06,5.18,4.33,8.05,5.66,0.518,2025-07-14T14:45:29.581339+00:00,903,Frontier_Rovers_20251208101535_903,1,5.66
Brookside United,3278.155,496.968,15.16,62.86,240,180,26,60,169,23,16,1,0,23,7,24,74.93,1,3,1,8,2,6,1,9,21,12,57.14,6,6,6,2,33.33,1,0,11,7,63.64,3,8,2,3,1,0,0,4.76,5.74,5.15,4.03,7.94,5.33,0.481,2025-09-29T15:10:16.581339+00:00,899,Brookside_United_20251208101535_899,1,5.33
Frontier Rovers,3084.988,1125.404,36.48,61.29,216,156,21,60,171,24,13,10,0,0,0,29,72.03,1,2,1,10,2,8,1,8,12,10,83.33,8,5,17,5,29.41,1,0,39,22,56.41,19,20,0,3,9,1,0,6.13,5.85,5.53,4.29,5.86,5.65,0.517,2024-12-08T10:51:30.581339+00:00,30,Frontier_Rovers_20251208101535_30,1,5.65
Summit Peak FC,1798.276,490.57,27.28,31.92,104,87,4,17,82,5,5,3,2,7,1,8,83.81,0,3,0,4,1,3,0,3,10,4,40.0,0,7,10,2,20.0,2,2,20,8,40.0,5,15,0,2,9,0,0,6.34,4.54,5.12,5.49,7.48,5.59,0.51,2025-06-16T02:09:50.581339+00:00,434,Summit_Peak_FC_20251208101535_434,1,5.59
Union Crest United,3029.267,151.463,5.0,55.68,136,88,20,48,110,4,8,5,4,3,2,14,64.54,2,2,2,11,4,7,1,9,10,7,70.0,6,10,0,0,0.0,0,2,41,11,26.83,11,30,0,4,10,2,0,6.43,4.48,5.27,3.7,5.36,5.16,0.462,2025-09-07T07:19:03.581339+00:00,654,Union_Crest_United_20251208101535_654,1,5.16
Pioneer Ville FC,2851.79,771.124,27.04,52.76,253,174,19,79,183,26,8,8,0,13,15,16,68.94,0,8,0,3,1,2,0,3,12,7,58.33,6,4,4,1,25.0,3,0,13,8,61.54,5,8,2,1,8,1,0,4.66,4.34,6.59,3.57,7.32,5.07,0.452,2025-06-08T03:23:58.581339+00:00,341,Pioneer_Ville_FC_20251208101535_341,1,5.07
Southgate United,3330.178,463.561,13.92,68.29,311,269,16,42,225,34,11,9,4,5,23,12,86.58,1,8,1,6,2,4,0,9,10,6,60.0,7,8,9,3,33.33,2,2,42,16,38.1,5,37,0,3,2,0,0,6.27,4.87,5.25,3.85,8.03,5.51,0.501,2025-06-07T19:20:28.581339+00:00,971,Southgate_United_20251208101535_971,1,5.51
Goldenfield Rovers,1070.328,177.032,16.54,21.87,79,68,5,11,55,13,4,5,0,1,2,5,86.59,0,2,0,3,1,2,0,4,5,3,60.0,16,7,30,5,16.67,4,2,19,11,57.89,4,15,0,0,14,0,0,4.24,5.48,5.26,3.47,8.1,5.07,0.452,2025-07-21T20:12:59.581339+00:00,165,Goldenfield_Rovers_20251208101535_165,1,5.07
Prime City Athletic,1398.645,417.775,29.87,27.95,126,104,8,22,110,11,13,7,0,0,0,4,82.43,0,1,0,2,1,1,0,2,8,4,50.0,22,11,30,7,23.33,0,0,8,6,75.0,2,6,0,1,5,0,0,3.84,5.71,5.32,4.39,7.89,5.14,0.46,2025-01-29T08:16:23.582333+00:00,820,Prime_City_Athletic_20251208101535_820,1,5.14
San Beda University,1560.774,202.901,13.0,27.54,96,64,16,32,69,10,2,2,3,2,7,7,66.67,0,2,0,5,2,3,0,5,6,4,66.67,14,14,16,5,31.25,0,1,22,9,40.91,4,18,0,0,16,2,0,4.26,5.04,4.72,4.39,5.33,4.7,0.411,2025-04-21T06:06:30.582333+00:00,659,San_Beda_University_20251208101535_659,1,4.7
Coastal Town,2561.203,551.939,21.55,49.57,115,80,12,35,74,10,12,6,0,6,7,9,69.29,1,3,1,8,4,4,1,10,11,6,54.55,5,3,18,6,33.33,0,0,23,16,69.57,7,16,0,2,0,0,0,6.87,5.84,4.43,5.61,7.97,6.03,0.559,2025-01-31T22:32:31.582333+00:00,778,Coastal_Town_20251208101535_778,1,6.03
Evergreen Sporting,3148.64,1248.436,39.65,60.64,201,157,11,44,132,41,6,4,5,3,10,23,77.93,1,3,1,7,2,5,0,4,9,4,44.44,12,9,8,3,37.5,1,0,39,23,58.97,4,35,1,1,3,0,0,4.58,4.82,5.91,4.46,7.49,5.19,0.466,2025-09-25T08:19:40.582333+00:00,903,Evergreen_Sporting_20251208101535_903,1,5.19
Metro FC,2726.987,980.625,35.96,47.76,164,114,14,50,139,21,10,9,1,0,0,6,69.5,1,3,1,7,2,5,0,5,16,10,62.5,2,9,5,0,0.0,3,2,50,30,60.0,8,42,1,3,5,0,0,5.75,5.7,4.73,4.26,6.41,5.39,0.488,2025-10-31T03:27:08.582333+00:00,205,Metro_FC_20251208101535_205,1,5.39
Eastview Rangers,3227.992,514.219,15.93,60.86,227,174,20,53,160,17,9,3,11,14,14,22,76.79,1,4,1,11,4,7,0,9,8,5,62.5,10,7,10,1,10.0,2,2,33,21,63.64,7,26,2,3,2,2,0,6.07,5.73,6.18,3.37,5.99,5.61,0.512,2025-01-27T11:38:43.582333+00:00,753,Eastview_Rangers_20251208101535_753,1,5.61
Ironforge FC,3851.132,1006.301,26.13,74.21,248,192,17,56,177,41,21,8,6,0,0,8,77.46,1,6,2,13,5,8,1,21,12,6,50.0,4,3,4,0,0.0,1,5,15,5,33.33,6,9,2,5,5,0,0,6.98,5.35,5.65,4.44,7.88,5.99,0.554,2025-05-13T20:07:55.582333+00:00,982,Ironforge_FC_20251208101535_982,1,5.99
Garden State FC,1366.437,256.617,18.78,26.23,106,75,11,31,77,10,4,3,1,5,5,5,70.97,0,4,0,3,1,2,0,5,6,4,66.67,24,11,1,0,0.0,4,2,25,12,48.0,2,23,0,3,10,1,0,5.48,6.53,4.35,4.65,6.74,5.56,0.507,2025-06-15T02:33:03.582333+00:00,646,Garden_State_FC_20251208101535_646,1,5.56
Silverlake City,2062.114,296.738,14.39,41.25,178,138,10,40,131,22,12,0,8,1,3,22,77.66,0,3,0,5,2,3,0,5,7,4,57.14,2,2,10,3,30.0,1,0,13,6,46.15,5,8,0,1,7,2,0,4.33,5.73,5.69,5.08,6.02,5.27,0.474,2025-06-07T23:08:17.582333+00:00,928,Silverlake_City_20251208101535_928,1,5.27
Pioneer Ville FC,2016.786,402.954,19.98,40.71,122,104,4,18,106,15,5,3,0,0,0,0,85.04,1,3,1,6,2,4,0,6,5,3,60.0,9,1,21,2,9.52,1,2,26,15,57.69,10,16,0,5,5,0,0,4.9,5.94,5.63,3.54,7.17,5.37,0.486,2025-09-24T16:39:22.583331+00:00,565,Pioneer_Ville_FC_20251208101535_565,1,5.37
Brookside United,2589.842,804.664,31.07,52.7,171,132,12,39,131,31,5,8,2,0,0,20,77.08,1,5,1,5,2,3,0,5,5,4,80.0,12,3,2,1,50.0,1,2,14,5,35.71,4,10,0,1,7,1,0,5.95,4.91,5.59,4.9,6.81,5.53,0.503,2025-06-22T06:08:00.583331+00:00,42,Brookside_United_20251208101535_42,1,5.53
Prime City Athletic,2946.941,682.512,23.16,55.88,218,183,13,35,154,33,13,10,10,0,0,20,84.17,2,5,2,10,6,4,0,9,8,5,62.5,10,11,9,3,33.33,3,0,31,14,45.16,7,24,0,3,3,0,0,6.62,6.01,5.38,4.82,8.26,6.11,0.568,2025-03-24T18:58:32.583331+00:00,692,Prime_City_Athletic_20251208101535_692,1,6.11
Northbridge FC,3300.457,896.734,27.17,61.22,297,205,24,92,202,30,10,9,0,13,33,40,69.15,1,8,1,6,2,4,0,6,7,5,71.43,7,1,7,1,14.29,2,1,61,29,47.54,34,27,0,2,4,0,0,6.07,4.87,5.5,3.9,7.35,5.44,0.493,2025-09-19T18:44:49.583331+00:00,621,Northbridge_FC_20251208101535_621,1,5.44
Dominion Athletic,3072.82,367.202,11.95,60.42,140,74,26,66,78,11,9,1,2,21,18,18,52.73,1,3,1,5,2,3,0,6,23,14,60.87,7,1,8,2,25.0,0,1,13,8,61.54,5,8,0,0,6,1,0,6.08,5.08,3.59,4.9,6.43,5.17,0.463,2025-01-06T15:17:26.583331+00:00,260,Dominion_Athletic_20251208101535_260,1,5.17
Goldenfield Rovers,2986.44,638.202,21.37,54.02,244,188,12,56,214,26,20,5,8,0,0,4,77.13,1,5,1,6,2,4,1,7,9,4,44.44,8,6,6,0,0.0,0,0,21,8,38.1,10,11,0,5,3,0,1,6.27,4.8,6.02,4.06,5.39,5.41,0.49,2025-03-21T00:52:39.583331+00:00,729,Goldenfield_Rovers_20251208101535_729,1,5.41
Union Crest United,3053.346,671.431,21.99,55.06,217,155,22,62,170,22,17,8,0,0,0,7,71.48,1,3,1,5,2,3,0,7,19,10,52.63,5,5,13,3,23.08,0,0,24,14,58.33,5,19,0,1,0,1,0,6.79,6.07,5.31,4.68,7.35,6.05,0.561,2025-01-25T21:17:50.583331+00:00,833,Union_Crest_United_20251208101535_833,1,6.05
Northbridge FC,3872.792,1284.992,33.18,71.14,195,149,20,46,142,10,16,7,1,6,13,32,76.34,1,4,1,8,4,4,0,9,19,8,42.11,2,3,2,1,50.0,2,2,17,9,52.94,4,13,1,3,2,1,0,5.67,4.64,5.23,4.4,6.29,5.18,0.464,2025-08-22T19:00:04.583331+00:00,798,Northbridge_FC_20251208101535_798,1,5.18
Stormhold FC,3388.553,713.968,21.07,60.53,276,251,15,25,220,28,18,8,10,0,0,27,91.08,1,6,2,11,5,6,1,15,13,8,61.54,4,2,6,1,16.67,2,4,9,5,55.56,1,8,1,2,6,1,1,6.33,6.31,6.54,4.65,4.54,5.95,0.55,2025-02-16T10:35:56.584333+00:00,374,Stormhold_FC_20251208101535_374,1,5.95
Union Crest United,3071.161,649.551,21.15,59.74,144,91,11,53,99,15,4,2,8,6,10,3,62.91,1,2,1,9,2,7,1,12,10,4,40.0,1,8,11,1,9.09,1,0,31,17,54.84,7,24,1,4,5,0,0,5.83,5.98,4.89,4.29,8.15,5.7,0.522,2025-03-15T07:13:44.584333+00:00,179,Union_Crest_United_20251208101535_179,1,5.7
Coastal Town,3065.972,1164.763,37.99,56.84,228,151,43,77,173,22,4,11,9,5,5,20,66.25,1,5,1,9,3,6,1,6,10,5,50.0,5,5,0,0,0.0,2,0,18,10,55.56,7,11,1,2,6,1,0,6.01,5.85,5.46,3.34,6.47,5.53,0.503,2025-03-31T16:53:25.584333+00:00,269,Coastal_Town_20251208101535_269,1,5.53
Crestfall Town,2802.948,217.509,7.76,52.14,170,124,23,46,133,30,5,6,2,0,0,16,72.71,1,3,1,8,2,6,0,6,7,4,57.14,9,7,11,3,27.27,0,1,12,6,50.0,4,8,1,2,8,1,0,5.76,5.61,5.19,4.43,6.69,5.51,0.501,2025-03-27T20:44:16.584333+00:00,10,Crestfall_Town_20251208101535_10,1,5.51
Millennium Rovers,3451.564,502.548,14.56,62.26,306,245,18,61,218,31,12,5,7,20,13,6,80.05,1,6,1,9,3,6,1,7,17,4,23.53,5,1,8,2,25.0,2,1,50,23,46.0,14,36,2,4,8,1,0,5.72,4.86,5.4,4.83,6.88,5.41,0.49,2025-10-07T19:50:56.584333+00:00,714,Millennium_Rovers_20251208101535_714,1,5.41
Ironforge FC,3575.847,713.381,19.95,65.53,215,161,17,54,156,15,1,6,0,28,8,17,75.01,1,2,1,10,3,7,1,9,6,5,83.33,6,4,3,1,33.33,1,1,13,5,38.46,3,10,0,2,3,1,0,5.01,5.81,4.79,4.82,5.9,5.25,0.472,2025-03-05T20:53:37.584333+00:00,10,Ironforge_FC_20251208101535_10,1,5.25
Millennium Rovers,3149.006,283.411,9.0,56.94,234,194,21,40,151,15,19,6,6,26,10,15,82.75,1,6,1,8,3,5,0,11,11,7,63.64,7,6,9,2,22.22,1,0,9,5,55.56,2,7,1,2,9,3,0,6.28,5.12,6.43,3.48,4.91,5.46,0.496,2025-06-06T13:56:35.584333+00:00,1,Millennium_Rovers_20251208101535_1,1,5.46
Silverlake City,2071.531,646.525,31.21,37.18,142,109,9,33,111,16,17,2,7,0,0,8,76.91,0,5,0,5,2,3,0,5,6,4,66.67,5,1,14,4,28.57,1,3,48,20,41.67,16,32,0,4,5,1,0,4.63,4.57,5.51,4.15,6.75,4.93,0.437,2025-07-30T21:09:08.585338+00:00,842,Silverlake_City_20251208101535_842,1,4.93
Garden State FC,3977.95,959.482,24.12,69.92,264,213,3,51,194,41,26,23,6,0,0,30,80.75,1,5,1,13,3,10,0,14,17,9,52.94,10,3,7,1,14.29,2,1,51,29,56.86,6,45,1,7,2,0,0,6.0,5.97,6.5,3.89,7.97,5.99,0.554,2025-06-19T21:35:32.585338+00:00,459,Garden_State_FC_20251208101535_459,1,5.99
Oldtown United,3067.27,622.042,20.28,55.51,156,117,13,39,128,12,7,4,0,2,3,7,75.0,1,3,1,7,2,5,0,11,3,2,66.67,10,7,2,0,0.0,1,0,37,17,45.95,2,35,0,2,2,1,0,6.77,5.54,5.16,4.88,6.05,5.77,0.53,2025-02-17T06:59:52.585338+00:00,427,Oldtown_United_20251208101535_427,1,5.77
Valley Rovers,3013.533,559.01,18.55,57.76,196,118,35,78,160,20,6,2,10,0,0,5,60.03,1,6,1,8,4,4,1,11,21,15,71.43,14,5,13,3,23.08,1,1,27,12,44.44,2,25,1,1,4,2,0,6.17,6.9,4.1,4.05,5.65,5.61,0.512,2025-11-07T23:55:09.585338+00:00,688,Valley_Rovers_20251208101535_688,1,5.61
Westwood Athletic,2465.119,394.173,15.99,46.85,171,124,23,47,112,9,13,3,6,15,13,19,72.38,1,5,1,6,2,4,0,5,16,9,56.25,9,6,15,3,20.0,0,3,25,11,44.0,9,16,3,2,7,1,0,3.83,7.13,6.62,4.43,6.87,5.7,0.522,2025-06-16T19:57:24.585338+00:00,809,Westwood_Athletic_20251208101535_809,1,5.7
Highland Wanderers,2597.065,261.265,10.06,47.3,189,163,12,26,120,10,13,3,5,12,26,10,86.36,0,0,0,5,2,3,0,6,8,6,75.0,5,4,5,1,20.0,2,0,33,24,72.73,10,23,0,0,13,2,0,5.13,4.72,5.83,4.54,5.47,5.11,0.457,2025-09-03T06:22:21.585338+00:00,90,Highland_Wanderers_20251208101535_90,1,5.11
Highland Wanderers,4561.435,1178.219,25.83,84.58,224,157,20,67,151,19,14,7,5,11,18,24,70.13,0,0,1,10,3,7,1,12,39,17,43.59,3,3,3,1,33.33,2,1,53,23,43.4,1,52,2,2,2,0,0,5.92,6.55,4.79,4.23,6.94,5.74,0.527,2024-12-13T08:51:28.585338+00:00,190,Highland_Wanderers_20251208101535_190,1,5.74
Blue Ridge FC,2421.913,559.462,23.1,46.13,177,134,20,43,127,9,14,1,2,10,14,13,75.81,0,4,0,5,3,2,0,6,10,6,60.0,5,6,8,2,25.0,0,0,12,7,58.33,4,8,1,1,5,0,0,5.73,4.87,6.01,4.27,7.3,5.5,0.5,2025-10-10T17:53:52.586334+00:00,112,Blue_Ridge_FC_20251208101535_112,1,5.5
Stormhold FC,2124.262,442.484,20.83,38.32,82,75,3,7,54,10,5,0,0,5,8,10,91.87,0,2,0,7,2,5,1,8,11,7,63.64,8,5,1,0,0.0,2,2,15,6,40.0,3,12,1,2,5,0,0,4.98,5.74,4.82,4.0,7.85,5.31,0.479,2025-11-20T04:58:01.586334+00:00,88,Stormhold_FC_20251208101535_88,1,5.31
City United,3431.134,558.589,16.28,64.02,218,125,21,93,161,27,11,5,11,1,2,7,57.53,1,9,1,9,3,6,1,11,3,2,66.67,6,3,8,2,25.0,0,1,33,18,54.55,0,33,0,2,4,0,0,5.45,4.49,4.73,4.79,7.25,5.12,0.458,2025-02-16T11:34:06.586334+00:00,684,City_United_20251208101535_684,1,5.12
Brookside United,3216.208,948.46,29.49,60.58,167,125,20,42,128,25,5,0,4,2,3,11,74.98,1,4,1,5,2,3,0,5,15,10,66.67,8,3,5,1,20.0,3,0,50,25,50.0,13,37,0,2,3,1,0,6.08,4.91,4.52,4.68,6.99,5.34,0.482,2025-06-19T17:25:19.586334+00:00,950,Brookside_United_20251208101535_950,1,5.34
Silverlake City,2236.948,569.08,25.44,40.66,129,109,7,20,84,9,6,2,0,15,12,7,84.77,1,2,1,10,4,6,0,8,4,2,50.0,2,7,13,2,15.38,2,2,28,14,50.0,7,21,1,4,1,1,0,5.65,5.37,4.71,5.03,7.44,5.48,0.498,2025-03-14T22:57:36.586334+00:00,951,Silverlake_City_20251208101535_951,1,5.48
Hillcrest Athletic,2892.59,531.947,18.39,50.67,89,73,7,16,65,10,0,5,3,3,3,14,82.51,0,3,0,6,2,4,0,7,9,5,55.56,9,8,1,0,0.0,1,0,32,21,65.62,7,25,1,3,4,0,0,5.79,5.89,4.47,4.91,7.89,5.64,0.516,2025-11-13T05:31:26.586334+00:00,147,Hillcrest_Athletic_20251208101535_147,1,5.64
2 Worlds FC,2291.149,675.431,29.48,40.62,177,133,18,44,135,14,0,2,0,9,19,16,75.21,1,2,1,6,1,5,1,8,14,8,57.14,8,5,19,5,26.32,1,0,28,13,46.43,6,22,0,3,5,1,0,5.41,5.76,5.48,3.46,6.7,5.38,0.487,2025-07-16T21:34:02.586334+00:00,483,2_Worlds_FC_20251208101535_483,1,5.38
Frontier Rovers,2068.713,446.635,21.59,37.77,176,152,10,24,137,20,2,6,4,4,3,18,86.2,1,2,1,6,2,4,0,9,11,8,72.73,11,2,14,3,21.43,1,1,25,12,48.0,10,15,0,1,2,0,0,5.79,5.7,5.34,4.84,6.91,5.65,0.517,2025-12-08T04:55:04.586334+00:00,131,Frontier_Rovers_20251208101535_131,1,5.65
Northbridge FC,2139.304,297.363,13.9,40.22,172,148,8,24,143,14,15,8,2,0,0,11,85.76,1,5,1,6,2,4,1,6,13,10,76.92,14,9,7,2,28.57,0,3,13,8,61.54,2,11,1,1,6,0,0,5.97,5.38,6.31,5.51,8.64,6.08,0.564,2024-12-30T05:41:20.587332+00:00,464,Northbridge_FC_20251208101535_464,1,6.08
Highland Wanderers,2846.897,643.968,22.62,51.92,158,115,18,43,119,16,5,2,0,9,8,7,72.54,1,2,1,9,3,6,0,9,14,7,50.0,4,6,5,1,20.0,3,1,20,7,35.0,6,14,2,5,15,1,0,5.74,5.82,5.17,4.11,5.95,5.44,0.493,2024-12-31T07:25:01.587332+00:00,12,Highland_Wanderers_20251208101535_12,1,5.44
Union Crest United,2862.667,254.205,8.88,53.4,143,110,14,33,103,2,10,2,2,5,20,24,76.58,1,5,1,7,2,5,0,11,8,4,50.0,6,6,8,2,25.0,1,2,26,18,69.23,7,19,2,2,2,1,0,5.58,5.72,4.96,4.61,6.31,5.43,0.492,2025-09-06T15:03:30.587332+00:00,818,Union_Crest_United_20251208101535_818,1,5.43
City United,4366.284,869.327,19.91,81.24,263,185,34,78,190,15,5,13,5,13,23,3,70.34,0,0,1,12,5,7,1,10,24,13,54.17,3,1,4,1,25.0,0,2,21,10,47.62,9,12,1,3,1,0,0,5.38,5.47,4.93,4.79,7.6,5.45,0.494,2025-02-11T20:01:06.587332+00:00,352,City_United_20251208101535_352,1,5.45
Millennium Rovers,2247.057,508.284,22.62,41.28,191,132,25,59,119,9,0,6,4,27,26,15,69.2,1,5,1,5,2,3,0,5,11,7,63.64,8,6,10,3,30.0,2,0,22,8,36.36,7,15,0,1,8,1,0,6.71,6.25,3.58,4.5,5.99,5.57,0.508,2024-12-31T22:29:06.587332+00:00,792,Millennium_Rovers_20251208101535_792,1,5.57
Harborview United,2548.35,399.326,15.67,51.86,123,105,8,18,88,21,7,5,4,0,0,4,85.65,1,3,1,8,2,6,1,10,18,12,66.67,10,6,3,1,33.33,2,1,28,13,46.43,11,17,3,2,6,0,0,5.85,6.27,4.38,4.54,7.04,5.61,0.512,2025-04-06T05:50:49.587332+00:00,166,Harborview_United_20251208101535_166,1,5.61
Frontier Rovers,3524.286,505.735,14.35,62.18,242,192,9,50,190,28,11,0,2,6,4,25,79.27,0,0,1,9,4,5,0,11,9,6,66.67,9,4,5,1,20.0,3,0,51,29,56.86,11,40,2,4,2,0,0,6.03,5.48,5.57,5.43,7.99,5.9,0.544,2024-12-31T15:12:49.587332+00:00,549,Frontier_Rovers_20251208101535_549,1,5.9
Millennium Rovers,1962.054,144.015,7.34,39.33,76,56,7,20,58,8,2,1,2,2,3,6,73.71,0,0,1,5,2,3,1,5,12,8,66.67,13,5,15,2,13.33,3,0,11,7,63.64,3,8,1,2,10,0,0,5.49,6.23,5.0,4.94,7.33,5.71,0.523,2025-04-28T01:23:21.587332+00:00,963,Millennium_Rovers_20251208101535_963,1,5.71
Dominion Athletic,1772.178,441.095,24.89,35.62,87,65,12,22,66,10,4,7,2,0,0,2,75.25,1,3,1,5,1,4,0,6,9,5,55.56,4,7,4,1,25.0,3,1,11,5,45.45,7,4,0,0,3,1,0,5.71,5.28,4.64,4.49,6.66,5.3,0.478,2025-09-22T16:59:13.588333+00:00,42,Dominion_Athletic_20251208101535_42,1,5.3
Pioneer Ville FC,3168.734,1180.987,37.27,64.58,207,159,24,48,149,32,16,3,5,1,1,12,76.84,1,2,1,9,4,5,1,7,17,9,52.94,9,6,9,3,33.33,2,3,38,24,63.16,13,25,1,5,6,1,0,6.14,5.71,5.83,5.16,7.11,5.92,0.547,2025-07-18T05:17:24.588333+00:00,181,Pioneer_Ville_FC_20251208101535_181,1,5.92
Valley Rovers,2795.292,285.679,10.22,53.12,216,171,21,45,170,30,20,15,2,0,0,12,79.11,0,5,0,4,1,3,0,6,16,9,56.25,13,7,21,8,38.1,1,0,64,40,62.5,17,47,0,0,7,2,0,4.63,5.85,5.25,4.95,5.09,5.19,0.466,2025-05-14T02:19:21.588333+00:00,873,Valley_Rovers_20251208101535_873,1,5.19
Highland Wanderers,2226.226,736.436,33.08,45.08,129,93,14,36,87,3,6,3,0,15,14,14,71.84,0,4,0,4,1,3,0,5,14,8,57.14,9,16,2,0,0.0,2,1,9,7,77.78,4,5,0,0,10,2,0,5.1,5.76,5.22,4.13,5.63,5.23,0.47,2025-06-20T01:34:17.588333+00:00,368,Highland_Wanderers_20251208101535_368,1,5.23
Union Crest United,2284.312,478.335,20.94,42.14,124,106,7,18,78,13,0,1,7,7,17,10,85.73,0,2,0,4,2,2,0,3,6,3,50.0,16,4,0,0,0.0,1,1,16,9,56.25,5,11,0,1,8,1,0,5.4,5.59,5.4,3.43,6.9,5.33,0.481,2025-10-01T17:00:20.588333+00:00,117,Union_Crest_United_20251208101535_117,1,5.33
Brookside United,1727.812,448.886,25.98,33.8,165,145,5,20,122,32,5,2,1,1,1,9,88.12,0,4,0,2,1,1,0,3,0,0,50.77,10,5,20,6,30.0,4,0,31,15,48.39,6,25,0,1,10,2,0,5.3,5.89,5.46,4.5,5.66,5.42,0.491,2025-06-28T21:44:27.588333+00:00,431,Brookside_United_20251208101535_431,1,5.42
Northbridge FC,1012.067,292.892,28.94,19.02,71,53,5,18,60,5,8,1,4,0,0,2,75.11,0,1,0,2,1,1,0,2,3,1,33.33,13,12,14,3,21.43,2,1,10,5,50.0,4,6,0,2,12,2,0,4.77,6.76,4.47,4.99,5.26,5.35,0.483,2025-03-20T19:53:58.588333+00:00,382,Northbridge_FC_20251208101535_382,1,5.35
Westwood Athletic,1177.864,80.801,6.86,22.94,65,62,1,3,44,10,6,1,2,1,1,8,95.14,0,1,0,4,2,2,0,5,0,0,69.61,20,14,20,5,25.0,0,1,11,8,72.73,2,9,1,2,13,0,0,4.99,6.1,4.43,4.84,7.13,5.38,0.487,2025-11-16T23:15:53.588333+00:00,503,Westwood_Athletic_20251208101535_503,1,5.38
Dominion Athletic,3188.531,689.998,21.64,60.31,191,164,16,27,129,16,17,4,2,9,14,10,85.95,1,4,1,8,3,5,1,6,19,9,47.37,8,2,0,0,0.0,0,1,28,19,67.86,10,18,2,2,3,1,0,6.11,5.49,5.67,4.18,7.15,5.68,0.52,2025-10-29T15:33:02.589333+00:00,312,Dominion_Athletic_20251208101535_312,1,5.68
Westwood Athletic,1927.235,235.123,12.2,35.84,151,115,14,36,99,26,9,2,2,4,9,7,76.3,1,4,1,6,2,4,1,4,0,0,57.15,4,4,0,0,0.0,1,0,1,1,100.0,1,0,0,3,8,1,0,5.47,4.92,5.79,4.39,6.55,5.34,0.482,2025-07-06T09:12:46.589333+00:00,785,Westwood_Athletic_20251208101535_785,1,5.34
Valley Rovers,3422.682,1057.951,30.91,62.75,236,190,24,46,190,22,12,5,10,0,0,13,80.35,1,5,1,10,3,7,0,12,17,10,58.82,3,3,9,3,33.33,2,1,19,8,42.11,4,15,2,1,2,0,0,6.61,4.64,4.77,4.2,7.74,5.47,0.497,2025-03-08T10:06:08.589333+00:00,228,Valley_Rovers_20251208101535_228,1,5.47
Coastal Town,2439.718,230.797,9.46,48.36,144,113,13,31,115,1,11,5,5,2,4,14,78.58,1,1,1,7,3,4,1,8,9,5,55.56,12,6,18,3,16.67,4,0,17,13,76.47,5,12,1,3,4,0,0,5.56,5.79,4.98,3.78,7.72,5.48,0.498,2025-10-26T05:55:09.589333+00:00,947,Coastal_Town_20251208101535_947,1,5.48
Northbridge FC,1830.224,517.038,28.25,36.99,146,97,15,49,134,21,4,8,4,0,0,17,66.38,0,2,0,7,2,5,0,8,4,2,50.0,7,8,14,3,21.43,2,1,14,8,57.14,4,10,2,3,12,1,0,6.02,5.71,5.46,4.59,6.61,5.68,0.52,2025-04-14T02:54:28.589333+00:00,405,Northbridge_FC_20251208101535_405,1,5.68
Goldenfield Rovers,1560.605,187.273,12.0,29.5,109,91,4,18,68,18,6,8,2,4,3,12,83.53,1,2,1,5,2,3,0,4,8,3,37.5,20,4,11,1,9.09,2,0,16,9,56.25,4,12,1,0,14,1,0,5.19,5.6,4.97,3.69,7.14,5.25,0.472,2025-02-13T09:16:50.589333+00:00,678,Goldenfield_Rovers_20251208101535_678,1,5.25
Riverstone FC,3051.638,800.445,26.23,59.04,198,157,12,41,143,31,0,1,7,8,8,15,79.45,1,3,1,10,4,6,0,13,18,10,55.56,4,7,9,2,22.22,1,0,28,12,42.86,12,16,0,4,0,0,0,6.6,5.64,4.89,4.62,7.91,5.84,0.538,2025-08-14T11:31:12.589333+00:00,390,Riverstone_FC_20251208101535_390,1,5.84
Lakeside Athletic,2778.48,777.974,28.0,49.71,240,164,31,76,187,17,13,9,0,5,9,36,68.34,1,4,1,8,4,4,0,7,12,8,66.67,4,8,22,5,22.73,0,2,9,3,33.33,1,8,2,1,3,0,0,6.27,5.12,5.12,4.02,7.64,5.54,0.504,2025-11-05T11:10:45.589333+00:00,735,Lakeside_Athletic_20251208101535_735,1,5.54
Crown City FC,1676.385,499.395,29.79,30.94,129,96,11,33,89,14,7,6,4,3,6,5,74.66,1,2,1,4,2,2,0,4,12,4,33.33,11,8,16,3,18.75,0,1,11,4,36.36,5,6,2,2,8,0,0,5.55,4.5,3.9,4.27,8.38,5.03,0.448,2025-08-01T16:11:05.590336+00:00,867,Crown_City_FC_20251208101535_867,1,5.03
Lakeside Athletic,2224.442,511.844,23.01,41.36,139,107,15,32,84,17,0,6,2,16,14,14,76.66,1,4,1,6,2,4,0,6,10,5,50.0,20,10,17,3,17.65,2,0,37,21,56.76,11,26,0,3,4,0,0,6.46,4.72,4.82,4.39,7.05,5.41,0.49,2025-08-08T18:09:09.590336+00:00,244,Lakeside_Athletic_20251208101535_244,1,5.41
Twin Oak Rangers,3429.837,607.424,17.71,60.12,240,163,25,77,179,18,16,17,11,0,0,31,68.04,1,1,1,9,4,5,0,12,11,4,36.36,9,1,6,1,16.67,0,3,8,4,50.0,2,6,2,4,2,0,0,5.42,5.18,5.69,4.47,7.76,5.51,0.501,2025-01-10T05:31:24.590336+00:00,9,Twin_Oak_Rangers_20251208101535_9,1,5.51
Silverlake City,3522.666,228.269,6.48,62.11,272,181,46,91,206,19,10,8,8,8,14,30,66.43,1,5,1,9,3,6,1,10,19,11,57.89,12,7,8,2,25.0,1,1,30,15,50.0,1,29,1,6,2,0,0,6.13,5.52,6.19,4.37,8.16,5.93,0.548,2025-05-27T05:31:10.590336+00:00,812,Silverlake_City_20251208101535_812,1,5.93
Oldtown United,2911.377,796.844,27.37,52.25,176,157,6,19,137,29,23,7,4,0,0,14,89.24,1,4,1,7,2,5,1,9,5,3,60.0,13,7,19,6,31.58,0,0,15,9,60.0,1,14,1,2,3,0,0,5.84,5.73,5.3,4.44,7.6,5.68,0.52,2025-03-30T21:54:39.590336+00:00,877,Oldtown_United_20251208101535_877,1,5.68
Millennium Rovers,2795.094,555.944,19.89,56.61,153,128,7,25,121,22,7,7,3,0,0,17,83.44,1,6,1,9,2,7,0,10,12,4,33.33,5,4,6,1,16.67,2,2,33,21,63.64,17,16,2,1,6,1,0,6.04,6.01,5.96,4.87,6.9,5.94,0.549,2025-08-25T23:54:56.590336+00:00,136,Millennium_Rovers_20251208101535_136,1,5.94
Eastview Rangers,2906.073,880.831,30.31,57.03,204,133,26,71,109,9,2,5,3,36,39,18,65.31,1,8,1,7,2,5,0,6,13,8,61.54,11,2,0,0,0.0,1,2,23,14,60.87,6,17,1,0,10,1,0,6.83,5.54,5.3,4.5,7.49,5.9,0.544,2025-05-27T06:53:25.590336+00:00,855,Eastview_Rangers_20251208101535_855,1,5.9
Grand Harbor FC,3144.155,1183.46,37.64,62.71,233,161,26,72,187,32,22,5,12,0,0,15,68.97,1,1,1,9,3,6,0,9,12,8,66.67,5,3,7,2,28.57,0,0,25,13,52.0,5,20,2,3,9,2,0,6.52,5.36,4.87,3.21,6.03,5.35,0.483,2025-04-07T23:19:22.590336+00:00,262,Grand_Harbor_FC_20251208101535_262,1,5.35
Northbridge FC,2330.872,368.511,15.81,45.93,134,84,13,50,74,10,2,4,0,24,21,9,62.71,1,4,1,8,3,5,0,9,14,8,57.14,9,4,10,1,10.0,0,0,42,23,54.76,8,34,4,3,7,2,0,6.64,6.47,4.75,4.69,5.31,5.81,0.534,2025-01-05T12:20:45.591332+00:00,131,Northbridge_FC_20251208101535_131,1,5.81
Pioneer Ville FC,2860.642,843.031,29.47,53.03,170,161,3,9,104,12,11,6,4,16,18,14,94.54,0,2,0,8,4,4,0,7,16,7,43.75,10,7,10,3,30.0,3,2,38,15,39.47,13,25,2,2,5,1,0,5.68,5.64,6.57,4.44,6.06,5.71,0.523,2025-02-27T23:40:23.591332+00:00,311,Pioneer_Ville_FC_20251208101535_311,1,5.71
City United,2105.004,582.244,27.66,38.37,168,152,6,16,128,13,9,5,0,5,8,12,90.21,1,5,1,5,1,4,0,4,4,2,50.0,4,7,7,0,0.0,3,0,23,11,47.83,3,20,0,2,5,0,0,6.1,5.67,5.47,5.27,7.89,5.92,0.547,2025-09-11T02:59:49.591332+00:00,500,City_United_20251208101535_500,1,5.92
Southgate United,3017.877,819.957,27.17,57.1,113,95,4,18,82,0,1,2,4,10,14,7,84.39,1,2,1,8,2,6,1,10,12,7,58.33,1,0,6,2,33.33,0,0,60,37,61.67,23,37,0,2,0,0,0,5.16,5.51,5.74,4.38,7.49,5.5,0.5,2025-10-09T02:46:55.591332+00:00,621,Southgate_United_20251208101535_621,1,5.5
Stormhold FC,2618.451,250.324,9.56,47.45,116,89,11,27,89,15,7,2,4,0,0,9,77.03,1,1,1,5,2,3,0,5,11,8,72.73,1,5,14,4,28.57,3,1,20,8,40.0,0,20,0,2,5,0,0,5.37,5.64,5.5,3.82,7.41,5.46,0.496,2025-01-14T04:45:50.591332+00:00,161,Stormhold_FC_20251208101535_161,1,5.46
Frontier Rovers,2969.328,1075.491,36.22,52.05,234,162,39,72,133,6,19,4,0,31,41,11,69.12,1,1,1,10,3,7,1,13,6,3,50.0,9,7,3,1,33.33,0,2,11,7,63.64,4,7,0,2,5,0,0,6.06,5.38,5.22,4.81,7.18,5.64,0.516,2025-07-29T01:28:23.591332+00:00,60,Frontier_Rovers_20251208101535_60,1,5.64
Crestfall Town,2054.72,543.062,26.43,37.41,135,106,11,29,92,13,7,0,0,12,11,16,78.25,1,4,1,8,2,6,0,12,6,4,66.67,14,3,16,5,31.25,2,0,18,10,55.56,2,16,2,3,6,0,0,6.39,6.42,5.43,4.94,7.08,6.07,0.563,2025-05-20T00:39:33.591332+00:00,744,Crestfall_Town_20251208101535_744,1,6.07
Dominion Athletic,3181.564,1088.731,34.22,58.81,250,169,27,81,170,20,15,2,5,4,35,27,67.6,0,3,0,7,2,5,1,8,22,14,63.64,10,4,13,4,30.77,2,1,38,20,52.63,12,26,0,3,4,0,0,5.96,5.91,5.92,4.78,7.55,5.93,0.548,2025-04-05T13:23:43.592333+00:00,511,Dominion_Athletic_20251208101535_511,1,5.93
Crestfall Town,2053.134,495.627,24.14,39.59,128,95,8,33,96,15,2,1,2,5,8,10,74.36,0,2,0,4,1,3,0,4,8,5,62.5,12,8,5,1,20.0,1,1,16,11,68.75,4,12,0,0,1,0,0,5.97,4.21,5.13,4.05,7.46,5.19,0.466,2024-12-11T13:09:32.592333+00:00,580,Crestfall_Town_20251208101535_580,1,5.19
Garden State FC,3225.943,504.86,15.65,58.05,237,192,17,45,181,34,13,0,10,0,0,26,80.92,1,7,1,9,4,5,1,11,21,12,57.14,8,7,9,2,22.22,2,2,33,15,45.45,12,21,3,2,4,0,0,5.65,6.12,6.07,3.91,7.75,5.83,0.537,2025-05-13T11:11:36.592333+00:00,87,Garden_State_FC_20251208101535_87,1,5.83
Redwood Borough,3254.369,580.905,17.85,57.17,188,187,0,1,111,14,7,9,8,21,17,21,99.35,2,4,2,13,5,8,0,8,1,1,100.0,5,11,17,4,23.53,0,3,18,8,44.44,8,10,0,3,9,1,0,6.11,5.64,6.2,4.73,6.3,5.82,0.536,2025-05-01T02:34:59.592333+00:00,936,Redwood_Borough_20251208101535_936,1,5.82
Evergreen Sporting,2588.798,942.064,36.39,46.62,98,68,18,30,54,9,3,2,0,16,14,17,69.09,1,2,1,9,5,4,1,10,8,4,50.0,10,12,16,3,18.75,1,1,18,10,55.56,7,11,1,2,4,1,0,5.18,6.15,5.09,4.55,6.65,5.49,0.499,2025-11-28T00:01:27.592333+00:00,981,Evergreen_Sporting_20251208101535_981,1,5.49
Brookside United,3276.509,914.474,27.91,63.97,195,181,2,14,126,20,7,14,3,9,16,20,92.87,1,2,1,11,3,8,0,8,11,6,54.55,8,5,8,3,37.5,1,1,21,7,33.33,0,21,1,1,5,1,0,6.73,5.75,5.37,4.27,6.99,5.87,0.541,2025-05-14T00:16:57.592333+00:00,197,Brookside_United_20251208101535_197,1,5.87
Valley Rovers,2399.66,296.358,12.35,45.21,191,170,4,21,144,35,13,2,3,0,0,20,89.26,1,4,1,7,3,4,0,4,11,6,54.55,9,6,12,3,25.0,0,0,0,0,58.35,1,-1,0,1,7,2,0,6.19,5.95,6.02,5.43,6.47,6.01,0.557,2025-11-20T20:31:10.592333+00:00,697,Valley_Rovers_20251208101535_697,1,6.01
Hillcrest Athletic,2610.841,511.725,19.6,52.53,189,152,13,37,129,29,17,8,1,2,3,13,80.59,1,5,1,6,2,4,0,8,7,3,42.86,17,4,6,2,33.33,2,1,22,12,54.55,4,18,0,1,6,1,0,5.57,5.76,5.54,4.19,6.44,5.51,0.501,2025-01-08T21:14:05.592333+00:00,912,Hillcrest_Athletic_20251208101535_912,1,5.51
Crestfall Town,3481.208,790.93,22.72,61.89,202,175,4,27,159,20,11,1,1,7,4,20,86.58,1,3,1,8,3,5,1,13,5,4,80.0,6,3,11,4,36.36,1,1,5,3,60.0,2,3,1,3,4,0,0,6.99,3.84,5.44,3.83,8.07,5.46,0.496,2025-08-24T19:41:06.593337+00:00,598,Crestfall_Town_20251208101535_598,1,5.46
Eastview Rangers,3021.677,650.265,21.52,61.37,220,183,18,37,155,28,1,3,5,13,15,19,82.98,1,8,1,6,2,4,1,7,21,12,57.14,3,8,17,6,35.29,1,2,9,7,77.78,1,8,2,2,6,0,0,7.0,5.96,5.14,5.03,7.12,6.07,0.563,2025-01-17T01:21:22.593337+00:00,846,Eastview_Rangers_20251208101535_846,1,6.07
City United,3317.85,852.687,25.7,61.53,270,213,23,57,176,45,18,15,0,12,4,17,78.89,1,2,1,5,2,3,1,6,13,6,46.15,8,2,12,3,25.0,0,2,49,22,44.9,18,31,0,2,10,0,0,6.1,4.79,4.54,4.1,7.86,5.32,0.48,2025-10-01T07:12:02.593337+00:00,782,City_United_20251208101535_782,1,5.32
Goldenfield Rovers,2025.778,431.896,21.32,41.38,114,92,13,22,73,13,3,5,2,9,9,6,80.39,1,2,1,7,2,5,1,7,11,7,63.64,6,7,10,2,20.0,2,0,14,7,50.0,3,11,2,1,4,0,0,5.73,7.11,5.6,4.34,7.79,6.1,0.567,2025-12-01T17:04:29.593337+00:00,456,Goldenfield_Rovers_20251208101535_456,1,6.1
Evergreen Sporting,1808.04,466.655,25.81,31.82,108,99,4,9,72,11,10,1,1,6,6,5,92.1,0,2,0,2,1,1,0,2,13,7,53.85,21,2,13,3,23.08,3,1,18,6,33.33,4,14,1,1,8,3,0,6.12,5.45,4.54,5.08,4.53,5.31,0.479,2025-05-21T20:22:35.593337+00:00,780,Evergreen_Sporting_20251208101535_780,1,5.31
Crown City FC,1935.256,547.29,28.28,38.53,165,114,19,51,92,21,10,6,3,15,19,10,68.87,1,4,1,5,2,3,0,6,5,3,60.0,15,5,15,4,26.67,1,3,27,15,55.56,6,21,0,2,7,0,0,6.61,4.72,4.8,4.56,7.49,5.52,0.502,2025-09-25T18:01:53.593337+00:00,972,Crown_City_FC_20251208101535_972,1,5.52
Riverside FC,2677.942,681.804,25.46,51.45,175,129,8,46,111,9,10,5,1,23,17,9,73.88,1,8,1,6,3,3,0,6,5,3,60.0,8,3,8,2,25.0,1,0,18,8,44.44,8,10,0,2,4,0,0,6.14,5.33,5.41,5.16,7.92,5.81,0.534,2025-06-24T19:19:43.593337+00:00,845,Riverside_FC_20251208101535_845,1,5.81
Garden State FC,2616.508,824.2,31.5,49.75,232,210,6,22,167,14,11,0,4,16,19,34,90.52,1,6,1,9,3,6,1,8,15,5,33.33,10,7,14,4,28.57,1,3,34,17,50.0,7,27,1,4,10,1,0,5.7,5.97,4.8,3.8,6.42,5.4,0.489,2025-05-22T23:02:03.594335+00:00,169,Garden_State_FC_20251208101535_169,1,5.4
Garden State FC,1343.137,395.285,29.43,24.98,96,74,7,22,75,12,4,3,2,0,0,8,76.69,0,2,0,4,1,3,0,3,5,2,40.0,22,2,3,0,0.0,3,0,12,6,50.0,3,9,0,1,12,1,0,4.58,6.1,5.97,3.35,6.96,5.35,0.483,2025-03-28T06:33:11.594335+00:00,54,Garden_State_FC_20251208101535_54,1,5.35
Union Crest United,3673.471,774.0,21.07,73.35,286,185,26,101,241,27,4,0,4,3,7,7,64.74,1,3,1,14,4,10,1,12,16,12,75.0,8,4,1,0,0.0,0,2,10,6,60.0,3,7,1,5,4,0,0,4.98,5.69,4.62,3.64,7.4,5.16,0.462,2025-11-17T15:17:44.594335+00:00,811,Union_Crest_United_20251208101535_811,1,5.16
Silverlake City,3724.993,820.243,22.02,66.97,216,175,24,41,140,22,13,18,0,12,11,5,80.97,0,5,0,8,3,5,0,8,23,14,60.87,5,5,10,2,20.0,0,0,24,13,54.17,8,16,2,1,3,0,0,5.03,5.23,5.87,5.01,7.39,5.49,0.499,2025-05-29T04:09:06.594335+00:00,664,Silverlake_City_20251208101535_664,1,5.49
Prime City Athletic,1855.625,503.245,27.12,35.45,190,143,19,47,111,20,7,6,6,14,24,6,75.5,1,3,1,6,2,4,1,5,10,8,80.0,24,8,12,2,16.67,1,0,26,12,46.15,9,17,0,2,17,0,0,6.11,6.15,5.18,2.99,7.59,5.65,0.517,2025-06-12T15:42:20.594335+00:00,452,Prime_City_Athletic_20251208101535_452,1,5.65
Pioneer Ville FC,1644.639,298.831,18.17,30.15,99,73,7,26,66,10,6,4,0,5,9,2,73.96,1,2,1,3,1,2,0,4,7,3,42.86,2,4,19,6,31.58,1,1,18,8,44.44,3,15,2,0,5,0,0,6.19,4.87,4.88,3.85,6.98,5.31,0.479,2025-06-15T05:03:50.594335+00:00,651,Pioneer_Ville_FC_20251208101535_651,1,5.31
Summit Peak FC,3005.715,1047.792,34.86,55.01,221,177,17,44,151,22,12,2,1,16,16,13,80.23,1,5,1,9,3,6,1,12,12,4,33.33,12,12,12,2,16.67,2,1,24,14,58.33,8,16,1,3,5,1,0,6.65,6.68,5.52,4.27,6.63,6.1,0.567,2025-08-21T15:14:32.594335+00:00,767,Summit_Peak_FC_20251208101535_767,1,6.1
San Beda University,2507.536,890.175,35.5,46.6,183,164,5,19,125,14,14,0,9,15,6,15,89.72,1,5,1,6,2,4,0,8,2,1,50.0,8,1,4,1,25.0,3,0,11,4,36.36,2,9,0,3,14,3,1,5.7,5.4,5.46,4.38,2.47,5.06,0.451,2025-04-25T01:45:23.595336+00:00,385,San_Beda_University_20251208101535_385,1,5.06
Pioneer Ville FC,2505.646,195.691,7.81,48.55,204,125,39,79,123,22,9,4,0,26,19,12,61.32,0,8,0,4,2,2,0,4,16,9,56.25,19,2,4,1,25.0,2,2,17,14,82.35,9,8,2,1,5,1,0,5.44,6.73,4.23,4.12,6.14,5.44,0.493,2025-01-17T16:20:53.595336+00:00,410,Pioneer_Ville_FC_20251208101535_410,1,5.44
Lakeside Athletic,1450.657,505.554,34.85,26.58,71,44,7,27,43,5,2,2,0,5,13,8,62.51,1,2,1,4,1,3,0,5,4,3,75.0,17,15,0,0,0.0,2,0,24,6,25.0,5,19,1,0,2,0,0,5.57,6.41,3.78,3.82,7.55,5.4,0.489,2025-07-10T02:17:23.595336+00:00,815,Lakeside_Athletic_20251208101535_815,1,5.4
Pioneer Ville FC,1712.702,427.833,24.98,34.35,79,54,10,25,54,4,1,7,5,6,1,5,68.66,0,2,0,3,1,2,0,4,6,2,33.33,12,7,17,3,17.65,1,1,15,11,73.33,0,15,0,1,3,0,0,4.53,5.38,5.0,5.46,7.77,5.32,0.48,2025-05-21T06:43:00.595336+00:00,697,Pioneer_Ville_FC_20251208101535_697,1,5.32
Highland Wanderers,3980.394,371.769,9.34,72.24,252,204,26,48,156,19,14,13,11,17,23,26,80.81,0,0,1,10,4,6,1,8,32,12,37.5,7,4,5,1,20.0,1,4,22,9,40.91,10,12,1,3,3,0,0,6.61,5.49,6.29,3.66,7.93,5.95,0.55,2024-12-29T10:17:02.595336+00:00,332,Highland_Wanderers_20251208101535_332,1,5.95
Lakeside Athletic,1475.036,373.774,25.34,28.42,78,51,5,27,59,8,6,4,2,0,0,0,64.96,1,2,1,4,2,2,0,2,8,5,62.5,10,0,7,1,14.29,2,1,3,1,33.33,1,2,1,0,12,0,0,5.8,6.34,5.17,5.0,7.49,5.88,0.542,2025-04-23T22:49:00.595336+00:00,797,Lakeside_Athletic_20251208101535_797,1,5.88
Valley Rovers,2427.484,565.361,23.29,48.83,139,109,10,30,92,29,9,2,3,1,3,10,78.1,0,2,0,5,3,2,0,5,6,1,16.67,8,4,16,4,25.0,2,0,26,16,61.54,12,14,0,0,6,0,0,5.66,5.54,5.53,3.65,8.09,5.56,0.507,2025-05-17T17:39:18.595336+00:00,41,Valley_Rovers_20251208101535_41,1,5.56
Lakeside Athletic,2712.012,824.994,30.42,49.67,168,113,16,55,116,0,7,3,0,25,16,17,67.53,1,4,1,8,4,4,0,11,16,11,68.75,15,8,7,2,28.57,1,2,27,8,29.63,15,12,1,2,8,1,0,5.77,5.22,5.88,4.38,6.35,5.5,0.5,2025-03-01T00:23:28.596334+00:00,968,Lakeside_Athletic_20251208101535_968,1,5.5
Coastal Town,1329.271,218.931,16.47,27.12,121,93,15,28,103,8,0,0,1,2,6,13,77.26,0,5,0,3,1,2,0,4,3,2,66.67,4,5,19,3,15.79,3,0,19,9,47.37,4,15,0,1,15,2,0,5.6,4.64,5.49,4.94,5.84,5.24,0.471,2025-10-22T04:14:54.596334+00:00,919,Coastal_Town_20251208101535_919,1,5.24
Frontier Rovers,3312.385,839.027,25.33,58.49,219,150,25,69,183,18,14,6,0,0,0,13,68.61,1,3,1,9,4,5,1,12,23,13,56.52,18,0,13,2,15.38,2,2,62,34,54.84,0,62,1,4,7,2,0,5.8,6.46,5.23,4.69,5.37,5.67,0.519,2025-10-08T23:41:56.596334+00:00,59,Frontier_Rovers_20251208101535_59,1,5.67
Crestfall Town,1511.587,378.048,25.01,29.56,118,83,9,35,82,8,14,1,0,8,5,11,70.73,1,3,1,3,1,2,0,4,9,6,66.67,17,13,19,5,26.32,3,0,11,5,45.45,2,9,1,0,10,1,0,5.39,5.72,5.06,4.1,6.94,5.39,0.488,2025-06-08T03:02:02.596334+00:00,495,Crestfall_Town_20251208101535_495,1,5.39
Valley Rovers,2538.763,664.648,26.18,48.6,170,133,18,37,106,3,23,3,6,17,13,3,78.36,0,4,0,9,4,5,0,9,19,10,52.63,13,8,19,5,26.32,3,1,30,20,66.67,9,21,1,4,2,1,0,6.02,6.31,5.68,5.01,6.42,5.93,0.548,2025-05-03T03:02:09.596334+00:00,195,Valley_Rovers_20251208101535_195,1,5.93
Prime City Athletic,1830.29,591.733,32.33,33.06,133,106,11,27,91,18,2,5,4,5,8,13,79.7,0,3,0,6,2,4,1,5,7,4,57.14,13,7,14,4,28.57,3,0,17,13,76.47,5,12,0,2,5,0,0,5.86,5.95,4.86,3.99,7.52,5.59,0.51,2025-10-12T06:43:56.596334+00:00,724,Prime_City_Athletic_20251208101535_724,1,5.59
San Beda University,1408.506,238.178,16.91,27.37,83,62,7,21,61,4,2,4,2,6,4,8,75.07,0,1,0,3,1,2,0,3,9,6,66.67,7,15,20,5,25.0,2,0,21,11,52.38,12,9,1,0,18,1,0,4.6,6.42,3.78,4.85,7.03,5.22,0.469,2025-11-27T04:10:55.596334+00:00,700,San_Beda_University_20251208101535_700,1,5.22
Summit Peak FC,2509.617,428.392,17.07,44.06,305,209,39,96,244,39,31,2,6,0,0,24,68.62,1,7,1,5,2,3,0,5,10,7,70.0,7,1,11,2,18.18,4,2,29,17,58.62,5,24,0,0,0,0,0,6.25,6.12,6.79,4.96,7.48,6.26,0.584,2025-10-10T10:12:32.597332+00:00,714,Summit_Peak_FC_20251208101535_714,1,6.26
Brookside United,2017.65,348.852,17.29,40.91,108,78,13,30,76,6,3,2,6,8,6,10,72.65,1,2,1,5,2,3,0,8,8,4,50.0,5,1,7,1,14.29,2,0,31,18,58.06,2,29,0,2,7,0,0,6.2,5.72,5.08,5.6,7.67,5.9,0.544,2025-09-06T10:40:58.597332+00:00,648,Brookside_United_20251208101535_648,1,5.9
Goldenfield Rovers,3226.524,1067.334,33.08,62.92,166,145,11,21,112,21,12,0,5,4,12,19,87.21,2,4,2,9,3,6,0,11,12,7,58.33,4,8,6,1,16.67,1,0,42,13,30.95,15,27,1,3,0,0,0,5.84,6.34,5.49,4.32,8.0,5.91,0.546,2025-11-28T08:38:19.597332+00:00,22,Goldenfield_Rovers_20251208101535_22,1,5.91
Coastal Town,2559.12,797.678,31.17,45.84,253,227,10,26,203,27,19,13,7,0,0,4,89.69,1,3,1,6,2,4,0,10,19,14,73.68,18,3,8,2,25.0,0,1,18,8,44.44,3,15,0,1,11,2,0,7.0,5.9,5.37,4.12,6.63,5.93,0.548,2025-09-22T10:22:51.597332+00:00,558,Coastal_Town_20251208101535_558,1,5.93
Northbridge FC,2512.794,213.839,8.51,50.38,224,177,11,47,156,30,16,6,2,6,8,22,78.87,0,4,0,5,2,3,1,5,6,3,50.0,14,3,9,2,22.22,1,2,3,1,33.33,1,2,0,2,7,2,0,6.57,5.59,5.21,5.25,6.26,5.81,0.534,2025-06-07T05:11:11.597332+00:00,328,Northbridge_FC_20251208101535_328,1,5.81
Goldenfield Rovers,3676.846,1262.261,34.33,64.51,259,211,11,48,190,23,26,18,4,0,0,47,81.63,0,8,0,12,4,8,1,16,18,11,61.11,1,2,8,2,25.0,1,0,20,9,45.0,7,13,1,1,4,1,0,7.2,5.39,5.78,4.37,6.9,5.98,0.553,2025-04-19T14:05:01.597332+00:00,472,Goldenfield_Rovers_20251208101535_472,1,5.98
Harborview United,1835.442,367.455,20.02,34.28,148,97,25,51,103,20,10,9,1,2,3,13,65.68,0,4,0,6,2,4,1,8,10,7,70.0,14,5,16,5,31.25,3,0,17,10,58.82,6,11,0,4,9,1,0,6.01,6.08,4.89,4.35,6.55,5.63,0.514,2025-04-05T08:35:48.597332+00:00,942,Harborview_United_20251208101535_942,1,5.63
Metro FC,3343.841,862.711,25.8,58.59,157,147,2,10,102,16,4,7,6,13,8,6,93.79,1,4,1,9,3,6,0,11,19,14,73.68,11,6,10,2,20.0,1,3,50,33,66.0,14,36,2,3,1,0,0,6.45,4.91,5.86,3.75,8.11,5.69,0.521,2024-12-23T20:08:48.597332+00:00,323,Metro_FC_20251208101535_323,1,5.69
Ironforge FC,3130.759,195.046,6.23,54.72,108,93,4,15,66,11,6,3,0,13,8,3,85.9,1,2,1,7,3,4,0,8,17,4,23.53,10,9,7,0,0.0,2,1,15,8,53.33,4,11,2,1,2,0,0,6.2,5.94,5.16,3.77,7.73,5.73,0.526,2024-12-24T08:42:22.598334+00:00,214,Ironforge_FC_20251208101535_214,1,5.73
Metro FC,2923.459,292.054,9.99,54.7,213,183,4,30,138,29,13,4,9,6,14,11,85.77,1,3,1,7,3,4,1,11,10,6,60.0,5,9,11,4,36.36,2,0,18,10,55.56,6,12,0,1,6,0,0,6.5,5.75,4.23,4.84,8.17,5.77,0.53,2025-05-06T00:26:06.598334+00:00,759,Metro_FC_20251208101535_759,1,5.77
Harborview United,2651.931,690.298,26.03,52.91,237,202,10,35,190,14,14,9,15,0,0,22,85.1,0,6,0,8,3,5,1,13,0,0,67.08,1,4,0,0,0.0,2,2,21,9,42.86,1,20,1,0,6,0,0,6.66,4.46,5.39,5.19,7.36,5.65,0.517,2025-12-06T17:51:20.598334+00:00,651,Harborview_United_20251208101535_651,1,5.65
Highland Wanderers,2187.458,559.114,25.56,41.68,153,136,5,17,144,9,10,6,6,0,0,25,88.97,0,3,0,8,3,5,1,9,3,1,33.33,12,4,18,2,11.11,2,1,15,8,53.33,2,13,0,1,12,1,0,5.13,4.54,4.63,5.74,5.57,4.99,0.443,2025-10-16T06:59:46.598334+00:00,650,Highland_Wanderers_20251208101535_650,1,4.99
2 Worlds FC,3035.983,621.162,20.46,55.12,154,104,26,50,101,10,10,0,4,10,18,14,67.39,1,5,1,10,5,5,0,12,14,6,42.86,14,4,5,1,20.0,1,3,10,5,50.0,3,7,1,3,9,1,0,5.28,5.54,4.86,4.57,6.22,5.26,0.473,2025-02-26T20:00:39.598334+00:00,632,2_Worlds_FC_20251208101535_632,1,5.26
Westwood Athletic,2406.139,693.209,28.81,44.42,112,101,5,11,78,3,0,6,7,5,13,8,90.38,0,2,0,4,2,2,0,3,6,4,66.67,12,2,14,3,21.43,2,0,32,18,56.25,9,23,0,0,8,1,0,5.47,6.25,5.16,4.64,7.3,5.69,0.521,2025-05-29T00:46:34.598334+00:00,632,Westwood_Athletic_20251208101535_632,1,5.69
Metro FC,2723.036,659.519,24.22,55.8,236,202,14,34,203,37,15,9,4,0,0,35,85.66,1,4,1,6,3,3,1,5,1,1,100.0,6,4,12,3,25.0,3,0,7,4,57.14,3,4,0,5,6,0,0,5.87,4.73,5.89,3.89,6.83,5.37,0.486,2025-08-19T20:58:29.599332+00:00,282,Metro_FC_20251208101535_282,1,5.37
Valley Rovers,2408.139,466.216,19.36,47.71,170,132,8,38,90,16,14,8,2,13,26,12,77.7,0,0,0,5,2,3,0,6,15,6,40.0,6,4,20,6,30.0,1,0,22,7,31.82,3,19,0,0,9,0,0,5.86,5.6,5.35,3.74,7.46,5.55,0.506,2025-07-10T12:16:23.599332+00:00,921,Valley_Rovers_20251208101535_921,1,5.55
Blue Ridge FC,2515.452,612.513,24.35,45.25,157,103,21,54,113,20,6,6,3,4,5,9,65.5,1,4,1,9,3,6,1,12,3,1,33.33,18,4,7,1,14.29,1,0,32,17,53.12,10,22,1,3,6,0,0,5.51,5.61,4.51,4.61,8.2,5.48,0.498,2025-02-17T10:05:26.599332+00:00,361,Blue_Ridge_FC_20251208101535_361,1,5.48
Millennium Rovers,2603.488,628.742,24.15,52.35,147,110,17,37,103,14,8,0,4,6,12,14,74.79,1,7,1,9,4,5,0,10,11,8,72.73,5,8,9,2,22.22,3,4,37,14,37.84,11,26,1,3,1,1,1,5.53,5.56,5.07,4.6,4.52,5.22,0.469,2025-11-13T23:10:52.599332+00:00,292,Millennium_Rovers_20251208101535_292,1,5.22
Riverside FC,2341.597,741.818,31.68,42.1,165,126,11,39,128,22,15,10,3,0,0,20,76.13,0,2,0,6,2,4,0,4,10,7,70.0,10,8,1,0,0.0,1,0,26,15,57.69,7,19,1,2,8,0,0,5.43,4.57,5.88,4.15,7.52,5.31,0.479,2025-04-19T10:24:05.599332+00:00,271,Riverside_FC_20251208101535_271,1,5.31
Northbridge FC,2099.824,563.173,26.82,39.65,103,74,17,29,91,14,2,3,1,0,0,11,71.97,1,4,1,5,2,3,1,4,10,5,50.0,6,7,26,8,30.77,2,2,16,8,50.0,4,12,0,0,2,0,0,6.01,5.17,4.36,3.99,7.52,5.31,0.479,2024-12-25T08:26:39.599332+00:00,869,Northbridge_FC_20251208101535_869,1,5.31
Ironforge FC,3072.982,754.11,24.54,54.55,175,164,3,11,115,16,15,2,1,14,12,16,93.56,0,4,0,6,2,4,1,5,18,15,83.33,3,2,13,2,15.38,2,1,40,9,22.5,15,25,0,1,12,1,0,5.93,6.29,6.34,4.49,6.58,5.98,0.553,2025-08-03T17:03:15.599332+00:00,982,Ironforge_FC_20251208101535_982,1,5.98
Valley Rovers,2788.787,83.664,3.0,50.09,158,119,2,39,100,18,10,7,5,8,10,6,75.55,1,5,1,7,3,4,0,8,5,4,80.0,1,5,8,1,12.5,0,2,38,15,39.47,15,23,2,2,11,2,0,5.94,6.52,5.62,3.47,4.91,5.59,0.51,2025-01-21T14:25:12.599332+00:00,47,Valley_Rovers_20251208101535_47,1,5.59
Garden State FC,3122.527,578.292,18.52,55.3,207,154,21,53,115,10,10,9,0,21,42,19,74.24,1,6,1,6,2,4,0,7,9,4,44.44,6,8,11,3,27.27,2,0,32,18,56.25,7,25,0,2,2,2,0,6.78,5.73,6.11,3.87,6.2,5.89,0.543,2025-10-25T00:24:18.600331+00:00,982,Garden_State_FC_20251208101535_982,1,5.89
Northbridge FC,2315.296,444.074,19.18,46.03,153,119,15,34,124,8,14,3,1,2,2,12,77.49,0,2,0,5,2,3,0,5,12,6,50.0,9,11,15,2,13.33,1,1,16,9,56.25,3,13,0,2,5,0,0,5.44,5.84,5.13,3.08,7.14,5.33,0.481,2025-05-07T07:02:25.600331+00:00,751,Northbridge_FC_20251208101535_751,1,5.33
Highland Wanderers,3623.233,515.586,14.23,67.58,227,185,5,42,194,12,24,10,9,0,0,3,81.34,1,1,1,9,4,5,1,11,4,2,50.0,7,3,3,1,33.33,1,0,31,18,58.06,8,23,2,2,6,1,0,7.07,4.95,5.18,4.16,6.81,5.67,0.519,2025-10-07T15:20:01.600331+00:00,630,Highland_Wanderers_20251208101535_630,1,5.67
Coastal Town,2660.788,188.384,7.08,52.83,179,150,5,29,131,23,13,12,3,0,0,7,83.6,1,7,1,8,2,6,0,10,8,4,50.0,3,4,11,1,9.09,0,0,10,6,60.0,4,6,2,2,6,0,1,6.33,5.98,5.21,5.02,5.15,5.71,0.523,2025-11-16T21:20:41.600331+00:00,254,Coastal_Town_20251208101535_254,1,5.71
Highland Wanderers,2911.966,466.788,16.03,59.82,240,211,7,29,181,19,19,4,2,7,8,27,88.11,0,6,0,7,3,4,0,8,15,7,46.67,14,5,12,4,33.33,0,1,48,19,39.58,9,39,0,1,7,1,0,5.9,4.81,6.42,4.59,6.47,5.57,0.508,2025-08-09T06:25:16.600331+00:00,480,Highland_Wanderers_20251208101535_480,1,5.57
Eastview Rangers,3254.211,725.689,22.3,57.79,206,174,10,32,157,33,18,12,7,0,0,7,84.63,1,6,1,8,2,6,1,9,15,9,60.0,9,6,1,0,0.0,2,0,38,28,73.68,15,23,0,1,7,2,0,6.23,5.32,6.14,3.43,5.72,5.51,0.501,2025-02-18T17:00:42.600331+00:00,746,Eastview_Rangers_20251208101535_746,1,5.51
Evergreen Sporting,1905.34,675.634,35.46,34.04,118,92,8,26,71,5,4,3,1,15,18,8,78.02,0,1,0,5,2,3,0,6,10,7,70.0,7,7,4,1,25.0,1,0,12,3,25.0,1,11,1,1,12,1,0,5.49,5.96,4.99,5.23,6.28,5.56,0.507,2025-11-07T01:40:53.600331+00:00,361,Evergreen_Sporting_20251208101535_361,1,5.56
Pioneer Ville FC,3762.586,447.371,11.89,67.72,254,187,24,67,151,23,15,0,9,40,15,11,73.56,1,8,1,10,3,7,0,11,0,0,95.83,10,4,7,2,28.57,0,2,37,16,43.24,14,23,2,5,3,0,0,5.26,4.88,4.73,4.91,7.76,5.25,0.472,2025-10-21T12:49:44.601332+00:00,75,Pioneer_Ville_FC_20251208101535_75,1,5.25
San Beda University,2380.988,529.294,22.23,45.64,107,82,11,25,76,13,0,3,3,7,4,10,76.5,0,3,0,4,1,3,0,4,8,5,62.5,9,5,1,0,0.0,0,0,13,8,61.54,5,8,0,2,5,0,0,5.11,6.28,3.98,3.97,7.51,5.29,0.477,2025-09-28T15:17:28.601332+00:00,233,San_Beda_University_20251208101535_233,1,5.29
Redwood Borough,2569.109,423.903,16.5,49.58,167,133,6,34,141,15,5,2,6,0,0,19,79.44,1,5,1,9,4,5,1,8,14,8,57.14,11,9,15,4,26.67,1,2,26,19,73.08,2,24,3,1,2,0,0,6.39,4.95,4.85,5.06,7.49,5.6,0.511,2025-10-13T14:06:54.601332+00:00,313,Redwood_Borough_20251208101535_313,1,5.6
Twin Oak Rangers,2516.789,379.532,15.08,45.9,133,109,8,24,91,7,4,2,2,7,19,17,82.02,1,5,1,9,4,5,1,10,15,7,46.67,7,3,3,1,33.33,0,3,19,11,57.89,7,12,2,1,7,2,0,6.01,5.66,5.29,4.76,5.58,5.55,0.506,2025-01-29T14:10:56.601332+00:00,976,Twin_Oak_Rangers_20251208101535_976,1,5.55
Hillcrest Athletic,3144.667,753.777,23.97,56.95,245,199,21,46,196,34,18,13,7,0,0,34,81.09,1,5,1,6,3,3,0,9,7,2,28.57,4,8,5,1,20.0,2,0,28,13,46.43,11,17,0,1,2,0,0,5.59,5.1,6.36,4.92,7.24,5.68,0.52,2025-07-10T11:37:00.601332+00:00,977,Hillcrest_Athletic_20251208101535_977,1,5.68
2 Worlds FC,2016.914,420.325,20.84,38.95,140,120,6,20,98,15,11,3,0,7,7,3,85.71,0,0,0,4,1,3,0,6,5,1,20.0,3,3,5,1,20.0,2,0,8,3,37.5,1,7,0,1,13,2,0,4.84,4.98,5.71,3.56,6.68,5.06,0.451,2024-12-19T01:29:01.601332+00:00,165,2_Worlds_FC_20251208101535_165,1,5.06
Garden State FC,3050.467,605.213,19.84,61.89,187,143,16,44,123,25,11,12,5,8,3,32,76.39,1,4,1,12,4,8,0,9,6,4,66.67,11,8,11,2,18.18,2,3,41,22,53.66,2,39,1,3,8,0,0,6.21,4.97,5.48,4.55,7.18,5.58,0.509,2025-10-03T19:36:43.601332+00:00,751,Garden_State_FC_20251208101535_751,1,5.58
Royal Haven FC,3182.707,1098.67,34.52,58.13,297,208,37,89,195,1,0,18,9,26,48,34,70.19,1,11,1,9,3,6,0,10,5,4,80.0,11,3,6,1,16.67,0,0,0,0,24.7,1,-1,1,2,8,2,0,5.8,5.68,5.08,3.99,5.93,5.38,0.487,2025-09-26T08:43:59.602332+00:00,248,Royal_Haven_FC_20251208101535_248,1,5.38
Crown City FC,1855.309,384.791,20.74,34.41,145,112,17,33,111,18,0,7,1,6,2,21,77.0,0,6,0,4,2,2,0,5,12,6,50.0,12,7,14,3,21.43,3,0,11,3,27.27,3,8,0,1,6,0,0,5.14,7.05,5.35,2.95,7.48,5.64,0.516,2025-06-10T07:22:52.602332+00:00,441,Crown_City_FC_20251208101535_441,1,5.64
Redwood Borough,2170.112,564.229,26.0,44.07,132,99,7,33,100,12,5,2,0,7,6,11,75.13,1,2,1,6,3,3,1,5,15,9,60.0,8,9,18,3,16.67,2,1,17,8,47.06,1,16,0,2,11,0,0,5.85,6.05,5.83,3.88,7.13,5.75,0.528,2025-08-09T11:02:29.602332+00:00,745,Redwood_Borough_20251208101535_745,1,5.75
Brookside United,1164.714,212.211,18.22,20.73,73,73,0,0,49,4,2,1,0,7,10,7,99.4,0,2,0,2,1,1,0,2,4,2,50.0,11,11,27,3,11.11,3,0,10,5,50.0,4,6,1,0,5,0,0,3.93,5.33,5.84,4.82,7.93,5.23,0.47,2025-08-17T21:53:12.602332+00:00,496,Brookside_United_20251208101535_496,1,5.23
City United,2867.878,714.962,24.93,54.66,203,175,10,28,140,37,20,4,3,0,0,11,86.23,1,5,1,8,2,6,0,12,19,15,78.95,8,2,14,3,21.43,2,1,17,8,47.06,9,8,1,2,2,0,0,6.13,5.97,5.53,3.84,7.05,5.74,0.527,2025-11-21T00:20:24.603336+00:00,316,City_United_20251208101535_316,1,5.74
Valley Rovers,2671.684,282.931,10.59,53.72,160,109,24,51,120,17,7,0,3,6,7,17,67.86,1,3,1,9,4,5,0,8,15,9,60.0,10,8,7,1,14.29,1,2,21,5,23.81,7,14,0,3,9,1,0,5.5,6.14,5.45,4.55,7.0,5.69,0.521,2025-08-11T17:58:55.603336+00:00,833,Valley_Rovers_20251208101535_833,1,5.69
Stormhold FC,2573.301,450.585,17.51,48.13,170,120,13,50,88,20,10,8,0,19,24,17,70.84,1,5,1,6,2,4,0,9,13,7,53.85,15,6,11,2,18.18,0,0,17,12,70.59,3,14,1,0,5,0,0,6.02,5.21,4.96,4.49,7.26,5.49,0.499,2025-10-07T04:12:32.603336+00:00,489,Stormhold_FC_20251208101535_489,1,5.49
Westwood Athletic,3039.228,581.404,19.13,54.03,156,121,15,35,106,15,11,2,5,8,9,22,77.64,1,3,1,7,2,5,1,7,17,5,29.41,4,8,6,1,16.67,1,3,27,17,62.96,13,14,0,2,6,1,0,6.81,5.59,5.26,4.73,6.43,5.83,0.537,2025-01-22T17:11:43.603336+00:00,449,Westwood_Athletic_20251208101535_449,1,5.83
Southgate United,2652.642,441.93,16.66,51.38,137,100,15,37,80,12,14,7,0,9,15,18,72.65,0,2,0,4,1,3,0,5,13,8,61.54,3,6,6,1,16.67,0,2,37,14,37.84,7,30,0,2,0,2,0,5.79,6.54,5.56,3.86,6.46,5.75,0.528,2025-11-12T05:16:22.603336+00:00,69,Southgate_United_20251208101535_69,1,5.75
Evergreen Sporting,1723.801,454.739,26.38,33.52,105,78,14,27,68,9,3,5,1,12,7,0,74.62,0,1,0,2,1,1,0,2,8,3,37.5,6,7,13,3,23.08,1,0,5,3,60.0,3,2,2,1,6,0,0,5.37,5.37,4.99,4.34,7.43,5.36,0.484,2025-06-03T01:01:15.603336+00:00,827,Evergreen_Sporting_20251208101535_827,1,5.36
Evergreen Sporting,2677.226,544.28,20.33,54.96,204,155,11,49,134,33,10,6,5,6,9,15,76.09,0,2,0,5,2,3,0,7,14,6,42.86,4,6,7,2,28.57,1,1,6,4,66.67,1,5,2,1,12,0,0,4.66,4.34,4.85,4.55,7.35,4.86,0.429,2025-02-10T20:55:30.604334+00:00,944,Evergreen_Sporting_20251208101535_944,1,4.86
Blue Ridge FC,3425.653,651.902,19.03,61.35,213,187,12,26,162,12,10,5,1,11,11,20,87.57,2,3,2,12,5,7,1,13,11,5,45.45,5,5,12,4,33.33,2,4,26,14,53.85,5,21,1,3,4,0,0,5.6,5.84,4.77,5.46,7.59,5.68,0.52,2024-12-11T23:48:28.604334+00:00,15,Blue_Ridge_FC_20251208101535_15,1,5.68
Eastview Rangers,2637.115,519.775,19.71,52.94,213,151,30,62,186,24,15,5,1,0,0,18,70.91,1,3,1,5,2,3,0,5,10,5,50.0,5,8,2,1,50.0,3,0,26,12,46.15,8,18,0,1,6,1,0,6.36,6.24,5.69,3.91,6.88,5.9,0.544,2025-02-10T09:01:39.604334+00:00,286,Eastview_Rangers_20251208101535_286,1,5.9
Hillcrest Athletic,3324.451,884.636,26.61,58.96,272,187,20,85,171,47,17,13,9,9,6,22,68.86,1,5,1,7,2,5,0,6,7,4,57.14,15,6,9,4,44.44,2,0,36,14,38.89,7,29,1,3,4,1,0,4.45,5.44,5.2,4.34,6.23,5.04,0.449,2025-11-11T06:58:07.604334+00:00,719,Hillcrest_Athletic_20251208101535_719,1,5.04
Crestfall Town,1761.413,437.183,24.82,31.9,97,81,6,16,70,15,10,3,3,0,0,10,83.37,0,3,0,4,1,3,0,5,2,1,50.0,7,11,4,1,25.0,2,1,26,18,69.23,13,13,0,1,4,0,0,5.42,4.77,5.1,4.6,8.04,5.32,0.48,2025-08-09T20:49:13.604334+00:00,812,Crestfall_Town_20251208101535_812,1,5.32
Stormhold FC,2652.273,583.5,22.0,49.32,172,142,8,30,126,25,13,6,6,0,0,15,82.4,1,2,1,9,3,6,1,11,18,13,72.22,5,10,7,1,14.29,2,2,35,18,51.43,9,26,0,1,5,0,0,6.04,6.37,5.15,3.28,6.8,5.64,0.516,2024-12-08T22:03:38.604334+00:00,349,Stormhold_FC_20251208101535_349,1,5.64
Union Crest United,2573.647,694.113,26.97,49.73,82,68,2,14,58,7,3,0,5,3,5,5,83.27,0,2,0,6,2,4,0,7,5,3,60.0,14,5,20,4,20.0,1,1,16,11,68.75,3,13,0,4,7,1,0,5.72,4.77,4.97,4.16,6.73,5.19,0.466,2025-04-17T11:47:12.604334+00:00,996,Union_Crest_United_20251208101535_996,1,5.19
Ironforge FC,3318.347,282.059,8.5,60.41,177,167,6,10,140,21,18,13,0,0,0,0,94.09,1,4,1,11,4,7,0,19,23,10,43.48,5,5,9,3,33.33,1,2,22,12,54.55,3,19,0,3,1,1,0,6.24,4.6,6.35,3.64,6.46,5.46,0.496,2025-05-14T02:43:06.605332+00:00,941,Ironforge_FC_20251208101535_941,1,5.46
2 Worlds FC,2159.199,568.301,26.32,41.38,116,86,4,30,69,10,8,6,3,12,9,11,74.24,0,2,0,4,1,3,0,5,12,5,41.67,13,7,8,2,25.0,0,0,36,10,27.78,6,30,0,1,9,2,0,5.14,6.5,4.69,5.21,5.8,5.51,0.501,2025-09-13T11:31:52.605332+00:00,801,2_Worlds_FC_20251208101535_801,1,5.51
Brookside United,678.351,224.127,33.04,13.9,53,43,5,10,35,5,3,1,0,2,6,5,81.41,0,1,0,2,1,1,0,2,3,1,33.33,10,8,15,4,26.67,5,0,4,2,50.0,1,3,1,0,1,0,0,5.06,5.51,4.74,5.09,7.27,5.35,0.483,2025-09-11T06:40:48.605332+00:00,579,Brookside_United_20251208101535_579,1,5.35
Twin Oak Rangers,3340.273,1005.756,30.11,61.58,193,145,21,48,123,26,16,11,4,5,8,0,75.07,0,0,1,6,2,4,1,7,7,5,71.43,2,6,11,3,27.27,1,0,25,15,60.0,9,16,0,1,5,0,0,4.65,5.24,5.88,5.14,7.85,5.45,0.494,2025-06-22T04:27:40.605332+00:00,595,Twin_Oak_Rangers_20251208101535_595,1,5.45
Ironforge FC,2709.345,514.776,19.0,49.2,149,112,2,37,94,14,2,8,9,8,14,3,74.87,0,4,0,4,1,3,0,5,11,6,54.55,1,10,6,1,16.67,2,1,8,3,37.5,1,7,0,0,5,0,0,4.88,5.13,5.19,5.02,6.89,5.23,0.47,2025-08-05T00:47:37.605332+00:00,474,Ironforge_FC_20251208101535_474,1,5.23
Riverstone FC,2994.504,531.524,17.75,54.89,230,176,13,54,180,28,12,6,4,0,0,10,76.36,1,4,1,7,2,5,0,10,9,3,33.33,3,5,12,4,33.33,0,1,17,11,64.71,7,10,0,0,6,1,0,5.89,5.14,4.83,3.49,7.23,5.27,0.474,2025-01-11T04:06:08.605332+00:00,303,Riverstone_FC_20251208101535_303,1,5.27
Blue Ridge FC,2999.386,1116.371,37.22,61.56,221,189,18,32,155,28,9,14,6,2,7,12,85.39,0,5,0,6,3,3,0,7,9,4,44.44,11,7,14,4,28.57,0,3,1,1,100.0,1,0,0,3,5,0,0,5.73,5.42,6.36,4.38,7.11,5.72,0.524,2025-10-23T03:20:30.606333+00:00,494,Blue_Ridge_FC_20251208101535_494,1,5.72
Riverside FC,2276.992,436.955,19.19,40.37,154,122,13,32,127,9,5,0,2,4,7,20,79.4,0,4,0,7,3,4,0,7,5,4,80.0,17,7,8,2,25.0,0,1,21,8,38.1,4,17,1,1,7,2,0,5.51,6.22,5.27,3.87,5.57,5.44,0.493,2025-04-27T06:12:05.606333+00:00,928,Riverside_FC_20251208101535_928,1,5.44
Eastview Rangers,3994.798,906.42,22.69,75.37,239,174,27,65,174,10,24,12,1,12,7,22,72.99,1,3,1,12,4,8,1,14,19,14,73.68,4,4,4,1,25.0,2,1,57,21,36.84,18,39,0,4,3,1,0,6.52,5.44,4.98,5.41,6.77,5.78,0.531,2025-07-03T18:46:31.606333+00:00,500,Eastview_Rangers_20251208101535_500,1,5.78
Frontier Rovers,2252.843,922.764,40.96,40.82,170,127,12,43,127,15,6,2,4,7,8,9,74.57,0,3,0,6,2,4,0,7,3,1,33.33,12,9,13,3,23.08,0,0,38,17,44.74,0,38,2,2,4,1,0,5.46,5.74,5.65,3.95,6.5,5.47,0.497,2025-07-16T06:13:02.606333+00:00,403,Frontier_Rovers_20251208101535_403,1,5.47
Prime City Athletic,3048.939,605.519,19.86,53.45,153,114,6,39,122,9,2,3,1,8,8,4,74.39,0,3,0,7,3,4,0,8,18,10,55.56,9,1,10,3,30.0,1,2,64,33,51.56,30,34,2,2,3,0,0,6.0,7.31,4.25,5.42,7.14,6.05,0.561,2025-11-21T15:54:07.606333+00:00,138,Prime_City_Athletic_20251208101535_138,1,6.05
Hillcrest Athletic,3251.769,667.588,20.53,61.06,259,180,23,79,190,37,18,10,7,0,0,19,69.46,1,3,1,8,3,5,1,10,0,0,64.64,9,8,1,0,0.0,1,1,20,9,45.0,9,11,1,2,4,1,0,5.17,4.57,4.93,4.06,6.83,4.96,0.44,2025-06-09T13:15:26.606333+00:00,810,Hillcrest_Athletic_20251208101535_810,1,4.96
Northbridge FC,3935.84,920.199,23.38,71.2,335,264,31,71,247,47,2,0,3,14,22,37,78.73,1,10,1,9,4,5,0,15,29,10,34.48,7,2,7,2,28.57,0,2,26,15,57.69,2,24,2,4,4,1,0,5.92,5.26,5.75,3.64,6.64,5.45,0.494,2025-06-28T19:08:44.606333+00:00,194,Northbridge_FC_20251208101535_194,1,5.45
Westwood Athletic,3693.587,763.095,20.66,71.43,260,189,10,71,185,26,16,3,8,8,15,39,72.59,2,3,2,11,3,8,2,16,21,11,52.38,4,2,8,2,25.0,0,2,56,29,51.79,13,43,2,0,3,0,0,6.62,6.95,5.7,4.07,7.46,6.26,0.584,2025-09-06T20:58:05.607332+00:00,216,Westwood_Athletic_20251208101535_216,1,6.26
Valley Rovers,1407.582,213.389,15.16,28.15,77,70,1,7,46,7,6,3,0,7,8,6,91.05,0,2,0,4,2,2,0,4,5,3,60.0,13,0,18,5,27.78,1,2,9,4,44.44,0,9,0,2,14,0,0,5.84,5.53,4.4,4.69,7.29,5.45,0.494,2025-08-17T15:31:08.607332+00:00,806,Valley_Rovers_20251208101535_806,1,5.45
Highland Wanderers,2860.973,571.336,19.97,58.02,232,176,11,56,174,20,12,10,2,5,9,32,75.94,1,3,1,7,3,4,0,9,13,7,53.85,12,4,12,3,25.0,2,3,32,18,56.25,12,20,0,1,4,1,0,5.43,5.9,5.18,5.39,6.41,5.6,0.511,2025-07-17T10:23:43.607332+00:00,825,Highland_Wanderers_20251208101535_825,1,5.6
Evergreen Sporting,2487.645,675.147,27.14,48.29,144,115,7,29,123,15,2,9,6,0,0,7,79.79,1,3,1,8,3,5,1,12,8,4,50.0,14,0,7,3,42.86,1,3,33,14,42.42,14,19,2,2,4,0,0,5.39,5.2,4.68,5.15,7.64,5.39,0.488,2025-03-07T01:52:13.607332+00:00,947,Evergreen_Sporting_20251208101535_947,1,5.39
Blue Ridge FC,2307.434,567.86,24.61,46.12,114,113,0,1,90,5,10,8,0,0,0,7,99.15,0,4,0,6,3,3,0,8,13,7,53.85,6,6,18,3,16.67,2,1,25,15,60.0,2,23,1,0,7,3,0,5.41,5.75,5.71,4.42,5.11,5.4,0.489,2025-05-17T05:45:52.607332+00:00,171,Blue_Ridge_FC_20251208101535_171,1,5.4
Dominion Athletic,2600.742,603.632,23.21,47.8,186,118,30,68,147,13,4,0,3,7,12,12,63.37,1,1,1,5,2,3,1,8,1,1,100.0,12,6,18,3,16.67,2,0,14,7,50.0,3,11,0,1,0,0,0,5.51,5.58,4.18,4.32,7.56,5.3,0.478,2025-10-16T00:03:29.607332+00:00,968,Dominion_Athletic_20251208101535_968,1,5.3
Summit Peak FC,2603.453,820.869,31.53,49.85,153,114,15,39,115,17,9,2,0,5,5,11,74.56,1,5,1,4,1,3,0,4,5,2,40.0,12,0,8,2,25.0,2,0,1,0,0.0,1,0,0,0,7,0,0,4.34,5.69,4.98,3.42,7.6,5.04,0.449,2025-11-25T02:23:39.607332+00:00,927,Summit_Peak_FC_20251208101535_927,1,5.04
Frontier Rovers,1582.375,402.556,25.44,32.42,122,95,13,27,79,11,0,4,7,5,16,21,78.08,1,2,1,5,2,3,0,5,2,1,50.0,19,4,25,8,32.0,0,1,14,4,28.57,4,10,2,2,12,0,0,5.34,6.13,5.31,4.48,8.12,5.71,0.523,2025-06-11T21:59:24.608333+00:00,186,Frontier_Rovers_20251208101535_186,1,5.71
Garden State FC,2275.055,582.414,25.6,45.45,169,128,21,41,116,24,6,3,1,8,11,12,75.71,1,3,1,7,3,4,0,8,12,8,66.67,15,2,19,2,10.53,0,0,28,16,57.14,5,23,3,5,9,1,0,6.21,4.67,6.24,5.05,6.81,5.68,0.52,2025-11-27T11:58:11.608333+00:00,918,Garden_State_FC_20251208101535_918,1,5.68
Prime City Athletic,3037.195,91.116,3.0,57.97,165,133,8,32,127,10,8,0,0,7,13,17,80.34,1,6,1,9,3,6,0,14,17,8,47.06,15,4,1,0,0.0,1,1,24,9,37.5,12,12,2,3,7,0,0,4.7,6.25,5.39,4.58,7.12,5.5,0.5,2025-04-27T16:09:35.608333+00:00,859,Prime_City_Athletic_20251208101535_859,1,5.5
Dominion Athletic,4218.476,1369.317,32.46,86.46,229,193,13,36,181,17,11,5,0,11,4,17,84.39,1,2,1,11,3,8,0,12,12,9,75.0,3,4,5,1,20.0,0,2,36,26,72.22,0,36,3,4,1,0,0,6.66,5.67,5.79,4.93,8.18,6.12,0.569,2025-09-08T03:39:40.608333+00:00,447,Dominion_Athletic_20251208101535_447,1,6.12
2 Worlds FC,2682.895,564.481,21.04,47.38,168,136,14,32,129,14,1,6,0,3,15,16,81.0,1,5,1,8,4,4,0,10,17,12,70.59,11,8,12,3,25.0,1,0,25,13,52.0,8,17,1,2,8,1,0,5.42,6.07,5.63,4.04,6.24,5.53,0.503,2025-03-09T02:18:33.608333+00:00,665,2_Worlds_FC_20251208101535_665,1,5.53
Brookside United,3678.121,341.33,9.28,68.39,149,120,18,29,101,3,9,6,3,11,16,19,80.55,1,4,1,8,3,5,0,8,22,11,50.0,0,0,13,2,15.38,2,0,46,29,63.04,18,28,0,3,4,2,0,5.54,6.59,5.54,4.06,6.03,5.68,0.52,2024-12-10T12:44:14.608333+00:00,100,Brookside_United_20251208101535_100,1,5.68
Coastal Town,1358.61,249.441,18.36,25.59,67,57,6,10,47,4,3,1,1,4,7,8,84.55,0,2,0,3,1,2,0,3,4,3,75.0,13,10,3,1,33.33,2,0,1,0,0.0,0,1,0,1,3,1,0,5.13,5.72,5.2,4.63,5.88,5.31,0.479,2025-03-22T15:10:56.608333+00:00,869,Coastal_Town_20251208101535_869,1,5.31
Eastview Rangers,2100.614,651.19,31.0,37.2,218,174,18,44,178,13,15,8,6,0,0,37,79.88,1,8,1,7,3,4,0,8,17,9,52.94,4,12,15,4,26.67,2,3,13,4,30.77,2,11,1,2,11,0,0,5.9,5.4,5.0,4.66,8.1,5.63,0.514,2025-04-03T01:01:59.609332+00:00,521,Eastview_Rangers_20251208101535_521,1,5.63
San Beda University,2026.682,713.189,35.19,37.13,163,138,13,25,132,19,9,8,8,0,0,16,84.92,1,7,1,7,2,5,0,6,15,6,40.0,18,8,15,4,26.67,1,1,14,7,50.0,6,8,1,3,10,2,0,6.24,5.23,5.37,4.56,5.11,5.44,0.493,2025-03-26T03:22:47.609332+00:00,642,San_Beda_University_20251208101535_642,1,5.44
Crown City FC,2474.026,778.081,31.45,43.56,160,130,11,30,126,13,10,9,2,0,0,12,80.98,1,4,1,7,2,5,0,8,7,4,57.14,11,6,9,1,11.11,0,2,46,22,47.83,15,31,2,2,4,1,0,5.99,5.69,5.08,5.43,6.46,5.69,0.521,2025-01-09T16:54:49.609332+00:00,743,Crown_City_FC_20251208101535_743,1,5.69
Frontier Rovers,2501.734,472.578,18.89,48.17,152,93,25,59,105,11,8,9,3,2,15,14,61.23,1,4,1,7,3,4,0,4,17,8,47.06,11,10,12,4,33.33,0,1,18,8,44.44,1,17,2,1,7,2,0,5.64,5.54,4.59,3.98,5.64,5.17,0.463,2024-12-09T03:18:25.609332+00:00,661,Frontier_Rovers_20251208101535_661,1,5.17
Frontier Rovers,3785.978,675.797,17.85,68.37,244,184,36,60,198,11,8,10,1,9,7,9,75.52,1,8,1,6,3,3,0,7,23,12,52.17,6,3,7,2,28.57,2,1,8,3,37.5,1,7,0,1,3,1,0,6.15,4.94,4.88,3.59,6.05,5.19,0.466,2025-11-20T06:43:33.609332+00:00,200,Frontier_Rovers_20251208101535_200,1,5.19
Riverside FC,2282.184,825.238,36.16,46.78,124,90,9,34,93,17,5,3,0,3,3,12,72.71,1,5,1,7,2,5,0,9,17,10,58.82,13,10,8,1,12.5,1,0,26,12,46.15,14,12,3,2,6,2,0,6.33,6.09,4.14,2.9,5.09,5.22,0.469,2025-06-05T18:12:21.609332+00:00,88,Riverside_FC_20251208101535_88,1,5.22
Dominion Athletic,3450.912,1291.331,37.42,60.56,263,213,28,50,236,6,15,7,8,0,0,16,81.0,2,7,2,9,3,6,0,8,4,2,50.0,13,5,5,1,20.0,1,1,51,33,64.71,10,41,1,3,4,1,0,6.14,5.54,5.68,3.67,6.44,5.56,0.507,2025-03-01T09:07:03.610336+00:00,586,Dominion_Athletic_20251208101535_586,1,5.56
Highland Wanderers,2925.63,372.725,12.74,51.28,176,147,4,29,128,23,6,10,5,1,2,8,83.46,1,2,1,8,2,6,0,13,12,10,83.33,3,9,13,2,15.38,2,2,29,14,48.28,12,17,1,3,9,1,1,4.9,5.84,6.33,5.1,4.2,5.41,0.49,2025-09-19T13:02:33.610336+00:00,893,Highland_Wanderers_20251208101535_893,1,5.41
Millennium Rovers,3206.057,383.765,11.97,64.75,287,207,32,80,218,47,18,10,6,0,0,25,72.02,1,10,1,9,3,6,1,8,15,10,66.67,4,1,11,3,27.27,2,1,38,8,21.05,7,31,1,1,6,0,0,6.54,5.01,5.48,3.8,7.12,5.57,0.508,2025-07-15T02:18:48.610336+00:00,647,Millennium_Rovers_20251208101535_647,1,5.57
Oldtown United,2312.521,487.942,21.1,41.5,101,67,7,34,55,10,10,4,2,6,13,14,66.56,1,2,1,8,4,4,0,8,4,2,50.0,16,6,10,2,20.0,4,1,9,5,55.56,3,6,0,3,7,1,0,5.9,5.91,4.12,5.36,6.24,5.51,0.501,2025-05-15T17:22:47.610336+00:00,257,Oldtown_United_20251208101535_257,1,5.51
Millennium Rovers,3181.829,1041.094,32.72,61.27,259,158,52,101,191,16,16,6,2,16,12,30,61.17,1,7,1,12,5,7,1,11,20,15,75.0,9,3,10,3,30.0,0,3,16,7,43.75,3,13,3,5,4,0,0,5.58,5.96,5.07,5.05,8.04,5.76,0.529,2025-06-17T11:18:20.610336+00:00,464,Millennium_Rovers_20251208101535_464,1,5.76
Crestfall Town,2452.279,336.943,13.74,45.46,125,92,14,33,88,7,10,6,5,4,5,10,73.63,0,1,0,9,3,6,1,7,11,5,45.45,17,4,0,0,0.0,1,0,19,7,36.84,6,13,0,0,4,0,0,6.64,6.15,5.28,3.51,7.42,5.87,0.541,2025-07-25T07:49:23.610336+00:00,701,Crestfall_Town_20251208101535_701,1,5.87
Garden State FC,2734.914,220.161,8.05,53.64,259,216,9,43,201,29,8,4,8,3,6,26,83.39,1,9,1,12,4,8,0,15,18,13,72.22,9,4,11,2,18.18,2,1,24,12,50.0,9,15,2,3,6,0,0,6.68,5.31,5.5,3.93,6.94,5.7,0.522,2025-10-14T00:18:00.610336+00:00,399,Garden_State_FC_20251208101535_399,1,5.7
Millennium Rovers,1949.467,328.68,16.86,38.75,108,83,9,25,74,12,6,2,4,6,4,15,76.63,0,1,0,4,2,2,0,6,14,10,71.43,13,7,3,0,0.0,2,1,25,17,68.0,10,15,1,1,9,1,0,5.51,6.14,5.51,4.65,6.0,5.62,0.513,2025-03-03T07:00:08.611341+00:00,283,Millennium_Rovers_20251208101535_283,1,5.62
Crown City FC,3422.982,1143.618,33.41,61.01,239,137,42,102,170,22,5,1,3,17,20,20,57.23,1,3,1,9,3,6,1,8,25,15,60.0,6,5,8,2,25.0,1,1,37,23,62.16,6,31,1,2,4,0,0,5.63,5.42,4.67,5.01,7.84,5.51,0.501,2025-07-29T22:04:54.611341+00:00,460,Crown_City_FC_20251208101535_460,1,5.51
Westwood Athletic,1842.346,238.4,12.94,32.69,124,116,4,8,93,20,5,4,1,1,1,13,93.49,0,2,0,5,3,2,0,4,6,2,33.33,14,9,27,7,25.93,1,1,25,8,32.0,9,16,2,0,10,2,0,5.26,5.73,4.8,4.26,6.85,5.32,0.48,2025-08-03T07:25:55.611341+00:00,335,Westwood_Athletic_20251208101535_335,1,5.32
Coastal Town,2599.689,571.932,22.0,53.02,198,119,27,79,160,20,8,0,7,2,2,3,60.07,1,5,1,5,2,3,1,5,0,0,94.12,8,9,15,5,33.33,1,0,27,15,55.56,7,20,0,2,3,0,0,5.99,5.79,5.6,4.71,7.89,5.87,0.541,2025-05-29T09:10:17.611341+00:00,906,Coastal_Town_20251208101535_906,1,5.87
City United,1892.237,486.116,25.69,37.76,175,159,7,16,106,3,15,1,3,16,30,13,90.6,1,1,1,5,2,3,0,6,2,1,50.0,14,2,13,2,15.38,3,2,8,3,37.5,4,4,0,0,6,1,0,5.24,6.53,5.32,4.25,6.96,5.65,0.517,2025-03-29T14:30:59.611341+00:00,510,City_United_20251208101535_510,1,5.65
Silverlake City,3661.925,997.142,27.23,64.35,306,303,1,3,263,22,7,0,4,5,4,17,99.09,2,4,2,11,5,6,0,9,13,8,61.54,3,6,0,0,0.0,1,1,33,22,66.67,16,17,0,2,1,0,0,6.37,6.55,5.16,3.36,7.39,5.86,0.54,2025-08-17T13:15:04.611341+00:00,369,Silverlake_City_20251208101535_369,1,5.86
Brookside United,1645.534,482.141,29.3,33.23,87,70,10,17,70,2,4,3,2,1,4,8,80.97,0,3,0,5,2,3,1,6,8,5,62.5,15,10,14,3,21.43,2,0,19,7,36.84,8,11,0,2,9,2,0,4.64,6.54,5.13,4.62,6.04,5.41,0.49,2025-11-23T00:56:50.611341+00:00,768,Brookside_United_20251208101535_768,1,5.41
Prime City Athletic,2889.534,642.921,22.25,52.07,118,92,8,26,91,20,0,1,0,1,5,18,78.21,1,2,1,7,3,4,0,11,15,7,46.67,6,4,15,3,20.0,0,1,20,7,35.0,5,15,1,2,6,0,0,6.49,4.76,5.3,4.38,7.2,5.54,0.504,2025-10-08T15:26:46.612341+00:00,882,Prime_City_Athletic_20251208101535_882,1,5.54
Pioneer Ville FC,2908.856,528.248,18.16,58.17,206,129,40,77,156,24,12,4,4,3,4,19,62.79,1,5,1,6,3,3,0,5,3,2,66.67,10,5,14,5,35.71,3,0,32,16,50.0,8,24,0,2,5,0,0,5.78,5.35,5.64,4.68,7.42,5.64,0.516,2025-06-07T16:58:45.612341+00:00,179,Pioneer_Ville_FC_20251208101535_179,1,5.64
Grand Harbor FC,4475.341,1593.221,35.6,79.15,255,234,9,21,192,12,8,0,11,12,21,26,91.71,2,7,2,13,6,7,0,13,17,13,76.47,4,3,5,1,20.0,0,2,78,32,41.03,24,54,0,2,2,1,0,6.87,5.36,4.9,4.86,6.77,5.76,0.529,2025-03-22T04:57:57.612341+00:00,520,Grand_Harbor_FC_20251208101535_520,1,5.76
Riverside FC,783.652,156.809,20.01,14.65,63,42,11,21,48,4,3,3,3,1,1,8,67.25,0,1,0,2,1,1,0,1,1,0,0.0,24,6,17,3,17.65,2,0,3,2,66.67,1,2,2,2,14,2,0,4.02,6.27,4.8,3.15,5.54,4.84,0.427,2025-06-23T23:02:27.612341+00:00,490,Riverside_FC_20251208101535_490,1,4.84
Prime City Athletic,3381.183,767.867,22.71,64.02,134,118,5,16,89,10,2,4,1,9,18,18,88.36,1,2,1,8,3,5,0,5,29,15,51.72,9,7,17,4,23.53,2,0,12,5,41.67,4,8,2,2,0,0,0,5.44,5.23,5.23,4.64,7.93,5.48,0.498,2025-03-17T03:56:46.612341+00:00,524,Prime_City_Athletic_20251208101535_524,1,5.48
Valley Rovers,2450.467,378.842,15.46,48.3,119,88,9,31,75,20,7,1,0,9,6,14,74.12,1,2,1,7,3,4,0,6,11,5,45.45,0,7,1,0,0.0,1,1,55,23,41.82,9,46,2,3,6,1,0,5.97,5.55,3.4,4.55,6.99,5.24,0.471,2025-10-04T06:46:07.612341+00:00,742,Valley_Rovers_20251208101535_742,1,5.24
Oldtown United,2901.953,594.9,20.5,59.29,230,196,10,34,198,22,6,7,8,0,0,9,85.14,1,10,1,8,3,5,0,7,17,11,64.71,9,2,6,2,33.33,1,2,19,11,57.89,1,18,0,3,5,1,0,6.17,4.8,6.23,3.96,6.7,5.54,0.504,2025-10-27T19:23:08.612341+00:00,210,Oldtown_United_20251208101535_210,1,5.54
Garden State FC,3620.464,1287.799,35.57,64.71,235,186,12,49,170,17,8,3,8,10,19,30,79.31,2,5,2,11,4,7,1,17,10,6,60.0,4,5,5,0,0.0,0,3,27,10,37.04,5,22,2,4,7,1,0,7.15,4.79,5.58,4.55,6.26,5.72,0.524,2025-07-23T20:54:45.613341+00:00,454,Garden_State_FC_20251208101535_454,1,5.72
Harborview United,2711.153,652.032,24.05,54.26,188,159,14,29,133,19,11,5,5,7,8,27,84.37,1,5,1,6,2,4,0,6,15,9,60.0,13,7,12,4,33.33,0,0,43,15,34.88,12,31,0,1,7,1,0,6.0,5.67,5.32,4.6,6.29,5.6,0.511,2025-09-07T14:49:09.613341+00:00,491,Harborview_United_20251208101535_491,1,5.6
Valley Rovers,1659.716,417.585,25.16,30.26,166,129,14,37,120,17,14,1,3,5,7,11,77.92,0,2,0,5,2,3,0,7,7,5,71.43,16,10,6,1,16.67,3,2,15,9,60.0,1,14,0,2,4,1,0,5.99,5.16,5.11,3.75,6.6,5.33,0.481,2025-03-14T19:25:00.613341+00:00,798,Valley_Rovers_20251208101535_798,1,5.33
Southgate United,1678.694,394.997,23.53,29.97,150,96,20,54,125,17,6,7,1,0,0,13,63.89,0,2,0,5,3,2,0,4,12,6,50.0,14,16,5,1,20.0,3,0,17,10,58.82,6,11,0,2,13,2,0,5.68,5.35,5.7,4.5,5.58,5.42,0.491,2025-07-10T21:20:35.613341+00:00,516,Southgate_United_20251208101535_516,1,5.42
Evergreen Sporting,1251.702,308.795,24.67,22.31,72,58,5,14,56,13,7,6,3,0,0,6,79.89,0,1,0,4,2,2,0,5,8,5,62.5,19,13,2,0,0.0,4,1,4,3,75.0,2,2,1,1,6,0,0,5.2,6.28,5.22,3.99,7.2,5.54,0.504,2025-11-17T08:39:27.613341+00:00,565,Evergreen_Sporting_20251208101535_565,1,5.54
Crestfall Town,3297.216,842.439,25.55,58.01,213,175,11,38,169,28,17,6,14,0,0,17,82.22,1,4,1,8,3,5,0,10,17,12,70.59,4,9,7,2,28.57,1,0,36,15,41.67,7,29,0,1,1,0,0,5.6,5.36,5.58,4.71,7.11,5.56,0.507,2025-07-21T22:18:44.613341+00:00,13,Crestfall_Town_20251208101535_13,1,5.56
Evergreen Sporting,1601.452,353.761,22.09,30.74,117,113,2,4,87,10,7,5,3,1,4,9,96.45,0,2,0,3,1,2,0,3,1,0,0.0,7,2,16,3,18.75,1,0,25,12,48.0,10,15,0,2,17,1,0,5.13,5.06,5.99,4.99,6.72,5.42,0.491,2025-02-04T22:20:56.613341+00:00,308,Evergreen_Sporting_20251208101535_308,1,5.42
Dominion Athletic,2225.992,549.152,24.67,39.77,154,134,8,20,104,4,12,10,1,10,14,9,87.1,1,2,1,7,3,4,1,6,7,4,57.14,15,17,23,6,26.09,2,2,26,7,26.92,9,17,0,2,10,1,0,5.65,6.5,5.78,4.79,6.41,5.87,0.541,2024-12-14T15:30:48.614341+00:00,386,Dominion_Athletic_20251208101535_386,1,5.87
Coastal Town,1740.502,250.98,14.42,35.61,114,99,6,15,76,4,3,6,1,16,8,2,86.98,1,3,1,8,3,5,1,9,6,3,50.0,17,11,15,4,26.67,2,0,10,5,50.0,3,7,0,0,3,0,0,6.18,6.21,5.83,4.5,7.55,6.02,0.558,2025-11-22T01:04:42.614341+00:00,509,Coastal_Town_20251208101535_509,1,6.02
Twin Oak Rangers,3011.276,90.338,3.0,54.14,232,181,6,51,131,7,16,7,0,18,54,0,78.16,2,8,2,9,5,4,1,11,14,9,64.29,12,3,9,2,22.22,2,2,20,12,60.0,4,16,0,5,8,2,0,6.39,4.69,5.06,4.42,5.38,5.27,0.474,2025-05-21T15:00:33.614341+00:00,192,Twin_Oak_Rangers_20251208101535_192,1,5.27
Dominion Athletic,3155.345,619.71,19.64,57.11,202,160,16,42,167,18,5,19,1,0,0,27,79.27,0,0,1,8,3,5,0,5,15,7,46.67,7,10,13,1,7.69,1,0,30,16,53.33,11,19,1,1,6,0,0,5.96,6.88,4.84,3.72,8.3,5.91,0.546,2025-01-14T23:06:41.614341+00:00,628,Dominion_Athletic_20251208101535_628,1,5.91
Metro FC,2998.908,740.13,24.68,52.48,244,187,17,57,185,27,34,3,3,0,0,18,76.63,1,3,1,5,1,4,0,6,5,2,40.0,12,6,11,4,36.36,3,1,23,12,52.17,13,10,0,1,5,0,0,6.81,5.1,6.7,4.97,7.79,6.15,0.572,2025-10-06T16:02:19.614341+00:00,509,Metro_FC_20251208101535_509,1,6.15
Union Crest United,1955.787,418.147,21.38,36.28,120,84,13,36,91,14,8,1,2,2,2,17,70.09,1,1,1,5,2,3,0,7,13,6,46.15,23,9,15,2,13.33,3,0,21,9,42.86,4,17,0,0,15,1,0,6.75,5.42,4.54,4.25,6.43,5.55,0.506,2025-11-17T08:56:07.614341+00:00,477,Union_Crest_United_20251208101535_477,1,5.55
Garden State FC,2934.951,217.48,7.41,60.35,315,217,26,98,212,11,25,22,4,29,13,38,68.96,1,4,1,8,3,5,0,9,11,7,63.64,5,4,17,3,17.65,3,1,34,17,50.0,9,25,2,3,7,1,0,6.17,5.82,5.88,4.59,6.68,5.84,0.538,2025-07-15T22:19:36.615341+00:00,193,Garden_State_FC_20251208101535_193,1,5.84
Eastview Rangers,2945.838,718.784,24.4,55.44,178,136,19,42,157,30,9,2,7,0,0,12,76.3,1,3,1,8,3,5,0,9,17,8,47.06,13,3,13,4,30.77,2,1,23,10,43.48,11,12,1,2,5,0,0,7.07,5.51,5.52,4.63,8.01,6.08,0.564,2025-08-04T07:16:26.615341+00:00,729,Eastview_Rangers_20251208101535_729,1,6.08
Riverstone FC,3709.242,1217.373,32.82,73.89,253,199,26,54,205,9,15,13,11,0,0,6,78.62,1,3,1,8,2,6,0,7,23,11,47.83,4,4,4,1,25.0,3,1,31,21,67.74,14,17,0,2,7,1,0,5.88,4.79,5.53,3.53,6.26,5.21,0.468,2025-02-14T05:53:30.615341+00:00,173,Riverstone_FC_20251208101535_173,1,5.21
Ironforge FC,2430.895,398.181,16.38,47.89,174,150,6,24,97,28,8,7,6,12,15,22,86.41,1,1,1,7,2,5,0,7,6,4,66.67,9,11,13,3,23.08,1,0,0,0,51.05,1,-1,1,2,11,1,0,5.96,5.22,5.36,4.42,5.89,5.41,0.49,2025-09-26T23:56:24.615341+00:00,136,Ironforge_FC_20251208101535_136,1,5.41
Summit Peak FC,3284.352,1182.038,35.99,62.82,189,140,19,49,132,13,16,0,6,9,13,24,74.11,1,4,1,9,5,4,1,10,11,7,63.64,6,4,3,1,33.33,0,0,30,15,50.0,0,30,0,3,7,2,0,5.23,5.18,4.62,4.61,5.23,5.01,0.446,2025-09-05T11:24:45.615341+00:00,182,Summit_Peak_FC_20251208101535_182,1,5.01
Pioneer Ville FC,4128.683,926.064,22.43,80.28,218,204,3,14,156,22,12,8,2,12,6,17,93.36,1,3,1,9,3,6,0,8,23,12,52.17,5,2,5,1,20.0,0,0,27,20,74.07,12,15,1,6,3,1,0,6.79,6.23,6.05,4.41,7.03,6.18,0.576,2025-08-18T20:45:24.615341+00:00,542,Pioneer_Ville_FC_20251208101535_542,1,6.18
Coastal Town,3292.355,959.721,29.15,64.79,236,184,27,52,168,39,2,16,11,0,0,16,77.98,1,7,1,8,2,6,1,11,3,2,66.67,5,9,7,2,28.57,1,0,30,16,53.33,5,25,0,2,2,1,0,7.0,5.04,4.82,4.87,7.3,5.75,0.528,2025-08-11T08:36:50.615341+00:00,38,Coastal_Town_20251208101535_38,1,5.75
Eastview Rangers,2747.714,475.355,17.3,53.72,225,139,16,86,159,21,10,0,0,23,13,19,61.91,1,6,1,8,3,5,0,8,14,7,50.0,11,7,14,4,28.57,0,2,43,20,46.51,0,43,0,2,0,0,0,5.75,6.08,5.53,3.92,7.35,5.7,0.522,2025-04-22T18:47:25.616341+00:00,201,Eastview_Rangers_20251208101535_201,1,5.7
Eastview Rangers,2396.181,369.97,15.44,42.92,132,115,7,17,80,16,0,5,5,12,14,5,87.43,0,2,0,6,2,4,1,7,8,4,50.0,4,7,9,3,33.33,4,0,43,26,60.47,10,33,0,2,7,1,0,5.43,5.23,4.46,5.32,6.73,5.29,0.477,2025-08-25T05:10:23.616341+00:00,626,Eastview_Rangers_20251208101535_626,1,5.29
Redwood Borough,2186.944,321.481,14.7,40.5,196,158,15,38,117,16,8,8,3,33,12,29,80.71,0,6,0,3,1,2,0,3,8,4,50.0,8,3,14,2,14.29,3,1,25,14,56.0,7,18,1,2,6,0,0,4.71,5.49,4.77,4.8,7.71,5.25,0.472,2025-02-15T14:35:55.616341+00:00,716,Redwood_Borough_20251208101535_716,1,5.25
Prime City Athletic,1849.52,456.831,24.7,35.0,130,105,9,25,109,4,6,3,5,1,2,10,80.59,0,4,0,3,1,2,0,4,10,5,50.0,14,2,19,1,5.26,2,0,15,9,60.0,1,14,0,1,8,0,0,5.38,5.14,4.66,4.0,7.59,5.2,0.467,2025-11-29T11:31:34.616341+00:00,295,Prime_City_Athletic_20251208101535_295,1,5.2
Blue Ridge FC,2942.494,706.493,24.01,52.99,228,129,25,99,164,34,23,0,4,1,2,16,56.37,1,5,1,6,1,5,0,7,8,4,50.0,8,10,12,4,33.33,1,0,25,12,48.0,4,21,0,2,8,0,0,5.69,5.39,3.92,4.61,7.8,5.31,0.479,2025-04-16T08:46:31.616341+00:00,190,Blue_Ridge_FC_20251208101535_190,1,5.31
Twin Oak Rangers,2711.841,510.911,18.84,47.77,186,135,17,51,129,15,20,8,10,2,2,8,72.73,1,4,1,8,4,4,0,6,0,0,45.87,0,5,13,3,23.08,2,1,11,6,54.55,2,9,1,1,2,0,0,5.71,3.69,5.57,2.95,7.43,4.9,0.433,2025-08-20T02:39:10.616341+00:00,299,Twin_Oak_Rangers_20251208101535_299,1,4.9
Brookside United,3225.627,698.671,21.66,57.85,239,180,8,59,154,25,16,9,6,9,21,12,75.31,1,4,1,6,2,4,0,9,20,11,55.0,10,8,3,1,33.33,0,0,5,3,60.0,1,4,1,1,6,0,0,6.41,5.78,5.5,4.59,8.18,5.97,0.552,2025-11-22T12:55:15.616341+00:00,199,Brookside_United_20251208101535_199,1,5.97
Coastal Town,2537.446,460.8,18.16,51.05,98,76,7,22,71,14,0,3,2,5,3,10,77.44,1,2,1,5,2,3,0,6,15,9,60.0,12,7,2,0,0.0,1,1,35,10,28.57,11,24,0,0,4,0,0,6.55,5.59,4.76,4.27,7.16,5.67,0.519,2025-05-08T07:27:56.617341+00:00,343,Coastal_Town_20251208101535_343,1,5.67
Lakeside Athletic,3018.696,503.82,16.69,53.27,133,92,15,41,108,6,10,6,0,1,1,6,69.48,1,3,1,5,2,3,1,6,11,7,63.64,9,8,8,2,25.0,2,1,30,15,50.0,11,19,1,0,9,2,0,6.05,5.42,5.3,4.77,5.27,5.47,0.497,2025-09-05T18:22:37.617341+00:00,262,Lakeside_Athletic_20251208101535_262,1,5.47
Frontier Rovers,1402.336,328.427,23.42,26.83,56,49,3,7,31,1,3,1,2,8,10,4,88.19,0,2,0,1,0,1,0,1,3,2,66.67,16,15,12,2,16.67,3,0,12,7,58.33,2,10,1,0,12,1,0,5.33,5.5,4.75,4.54,6.74,5.29,0.477,2025-02-04T13:24:19.617341+00:00,112,Frontier_Rovers_20251208101535_112,1,5.29
Silverlake City,2084.228,578.582,27.76,38.6,83,72,5,11,49,5,1,2,0,12,14,0,86.73,1,2,1,7,3,4,0,7,7,4,57.14,0,1,8,3,37.5,0,1,29,10,34.48,9,20,3,2,3,0,0,5.3,4.66,5.08,4.06,7.42,5.12,0.458,2025-01-15T05:58:26.617341+00:00,786,Silverlake_City_20251208101535_786,1,5.12
Millennium Rovers,1516.639,460.148,30.34,28.01,114,81,15,33,55,6,6,7,1,26,14,15,71.26,0,2,0,3,1,2,0,5,4,3,75.0,3,0,22,4,18.18,2,1,2,1,50.0,2,0,0,1,8,1,0,4.7,4.08,4.69,3.48,6.71,4.55,0.394,2025-05-04T06:40:57.617341+00:00,783,Millennium_Rovers_20251208101535_783,1,4.55
Northbridge FC,3269.884,384.211,11.75,65.08,251,186,31,65,177,25,17,7,11,6,7,38,74.22,1,6,1,8,3,5,1,10,14,6,42.86,9,5,7,3,42.86,2,0,50,30,60.0,16,34,0,4,4,0,0,6.21,5.32,5.14,4.45,8.03,5.68,0.52,2025-06-27T08:16:55.617341+00:00,785,Northbridge_FC_20251208101535_785,1,5.68
Millennium Rovers,2843.425,177.145,6.23,53.54,192,139,13,53,125,11,15,7,2,12,21,22,72.42,0,4,0,6,3,3,1,8,14,9,64.29,16,6,9,1,11.11,1,1,29,18,62.07,13,16,0,1,6,1,0,5.49,6.02,5.2,4.91,6.71,5.62,0.513,2025-06-30T21:13:48.618341+00:00,418,Millennium_Rovers_20251208101535_418,1,5.62
Southgate United,4026.223,1035.545,25.72,78.06,251,206,16,45,178,45,14,10,3,1,0,28,82.16,1,8,1,10,3,7,0,11,13,8,61.54,6,5,7,1,14.29,2,3,48,21,43.75,18,30,2,0,3,1,0,6.5,6.04,5.64,4.55,6.79,5.96,0.551,2025-04-11T14:48:39.618341+00:00,208,Southgate_United_20251208101535_208,1,5.96
Coastal Town,3238.436,937.203,28.94,58.42,192,147,13,45,139,20,11,7,0,7,8,11,76.78,1,6,1,7,3,4,0,6,10,5,50.0,8,0,9,3,33.33,1,0,28,18,64.29,8,20,0,3,1,1,0,5.78,4.92,4.74,4.07,6.78,5.19,0.466,2025-04-08T08:02:08.618341+00:00,950,Coastal_Town_20251208101535_950,1,5.19
Grand Harbor FC,2683.895,609.781,22.72,47.33,212,176,18,36,143,23,5,12,4,17,7,25,83.07,1,4,1,6,3,3,1,6,25,18,72.0,6,5,12,4,33.33,2,1,15,7,46.67,2,13,1,2,6,0,0,5.37,6.3,4.9,4.22,7.99,5.64,0.516,2025-11-30T04:29:42.618341+00:00,882,Grand_Harbor_FC_20251208101535_882,1,5.64
Highland Wanderers,3907.618,561.134,14.36,70.41,306,231,23,75,226,54,2,13,5,2,4,42,75.63,1,9,1,13,6,7,0,13,9,4,44.44,9,3,9,2,22.22,3,3,59,23,38.98,20,39,0,3,4,2,0,6.23,4.81,5.75,3.98,5.47,5.35,0.483,2025-01-29T14:52:59.618341+00:00,914,Highland_Wanderers_20251208101535_914,1,5.35
Pioneer Ville FC,2055.113,586.118,28.52,38.57,99,89,4,10,75,14,0,5,4,1,1,20,89.86,0,2,0,5,2,3,0,6,9,7,77.78,13,0,28,4,14.29,3,0,24,13,54.17,6,18,1,1,4,0,0,5.72,6.17,4.76,4.91,7.85,5.75,0.528,2025-01-28T23:32:59.618341+00:00,394,Pioneer_Ville_FC_20251208101535_394,1,5.75
Eastview Rangers,2759.622,1150.486,41.69,50.63,138,105,9,33,104,4,9,11,0,4,7,9,76.25,1,2,1,8,2,6,0,10,17,14,82.35,0,11,15,6,40.0,2,0,40,20,50.0,9,31,3,0,10,2,0,6.82,4.37,5.25,4.47,6.19,5.43,0.492,2025-11-29T12:03:17.618341+00:00,654,Eastview_Rangers_20251208101535_654,1,5.43
Hillcrest Athletic,2388.263,373.763,15.65,45.22,116,99,7,17,90,10,5,2,0,1,8,4,85.38,0,2,0,6,2,4,0,6,12,7,58.33,14,5,17,3,17.65,2,2,7,5,71.43,2,5,0,3,3,0,0,6.02,6.22,6.48,4.34,8.27,6.16,0.573,2024-12-16T10:50:15.619341+00:00,775,Hillcrest_Athletic_20251208101535_775,1,6.16
Coastal Town,3435.51,606.368,17.65,70.25,225,165,15,60,129,8,18,11,3,26,30,17,73.51,1,4,1,9,4,5,1,6,18,12,66.67,9,1,6,1,16.67,0,0,31,12,38.71,10,21,1,4,2,0,0,5.93,5.14,4.62,4.25,6.62,5.28,0.476,2025-06-28T11:55:03.619341+00:00,291,Coastal_Town_20251208101535_291,1,5.28
Goldenfield Rovers,1781.878,325.905,18.29,33.66,150,123,12,27,111,9,0,11,4,7,7,12,82.05,0,5,0,4,1,3,0,4,0,0,61.81,10,11,10,3,30.0,1,0,23,11,47.83,4,19,0,2,5,0,0,5.27,6.46,5.04,4.23,7.89,5.67,0.519,2025-01-15T18:12:04.619341+00:00,183,Goldenfield_Rovers_20251208101535_183,1,5.67
Goldenfield Rovers,2353.944,515.985,21.92,45.12,171,142,5,29,91,13,0,3,12,29,24,16,83.18,1,5,1,6,2,4,1,9,5,2,40.0,5,12,15,5,33.33,1,1,26,17,65.38,5,21,1,2,3,0,0,5.17,6.05,5.6,4.15,7.57,5.6,0.511,2025-06-05T13:47:48.619341+00:00,659,Goldenfield_Rovers_20251208101535_659,1,5.6
Summit Peak FC,2921.958,744.807,25.49,54.58,215,176,23,39,182,30,17,1,0,0,0,17,81.94,1,3,1,9,3,6,0,9,3,2,66.67,9,9,7,1,14.29,2,1,34,26,76.47,7,27,1,5,7,1,0,5.46,6.06,6.38,4.85,6.39,5.82,0.536,2025-09-13T22:25:24.619341+00:00,496,Summit_Peak_FC_20251208101535_496,1,5.82
Stormhold FC,2721.836,703.595,25.85,47.81,111,81,11,30,78,14,5,6,5,1,3,11,72.96,1,1,1,6,3,3,1,7,9,5,55.56,7,9,6,2,33.33,0,1,18,10,55.56,3,15,1,1,3,1,0,5.35,4.51,4.69,5.31,7.35,5.18,0.464,2025-03-18T01:24:41.619341+00:00,720,Stormhold_FC_20251208101535_720,1,5.18
Highland Wanderers,3859.96,930.636,24.11,67.72,309,211,41,98,217,11,21,11,8,19,22,26,68.17,0,5,0,6,2,4,0,8,13,4,30.77,4,2,6,2,33.33,2,2,21,11,52.38,5,16,3,2,3,1,0,4.73,4.97,5.07,4.97,6.14,5.04,0.449,2025-08-22T13:29:17.619341+00:00,153,Highland_Wanderers_20251208101535_153,1,5.04
Lakeside Athletic,3870.339,734.59,18.98,69.95,299,225,26,74,190,30,2,12,8,23,34,48,75.1,1,9,2,12,3,9,0,9,16,11,68.75,7,2,2,1,50.0,1,0,54,26,48.15,15,39,0,5,5,0,0,6.11,6.46,6.47,5.35,7.64,6.33,0.592,2025-11-21T18:00:13.620341+00:00,24,Lakeside_Athletic_20251208101535_24,1,6.33
Highland Wanderers,2079.021,686.077,33.0,39.1,127,101,11,26,106,9,7,6,3,0,0,10,79.35,1,3,1,7,2,5,0,7,9,5,55.56,6,6,0,0,0.0,3,0,24,10,41.67,5,19,3,2,9,3,0,5.53,5.87,5.57,3.18,4.8,5.23,0.47,2025-08-20T13:32:53.620341+00:00,741,Highland_Wanderers_20251208101535_741,1,5.23
Brookside United,2733.976,248.792,9.1,49.41,156,105,25,51,103,12,9,7,10,4,11,10,67.05,1,3,1,9,4,5,1,11,16,10,62.5,10,3,6,1,16.67,1,3,6,4,66.67,3,3,2,2,4,1,0,7.0,5.62,5.18,3.61,7.5,5.83,0.537,2025-09-17T11:15:33.620341+00:00,132,Brookside_United_20251208101535_132,1,5.83
San Beda University,2088.633,139.938,6.7,42.73,144,122,6,22,87,24,13,3,3,4,10,3,84.94,1,5,1,5,1,4,0,5,8,6,75.0,18,12,12,3,25.0,2,1,31,18,58.06,11,20,1,0,5,0,0,5.57,5.36,6.53,4.62,7.56,5.77,0.53,2025-10-19T20:55:31.620341+00:00,228,San_Beda_University_20251208101535_228,1,5.77
Garden State FC,2519.931,870.132,34.53,50.52,209,164,18,45,146,16,11,11,5,9,11,26,78.45,1,6,1,10,4,6,0,13,7,4,57.14,9,5,9,1,11.11,1,2,15,8,53.33,5,10,1,4,6,0,0,5.2,6.15,4.66,4.94,7.29,5.53,0.503,2025-07-30T18:19:55.620341+00:00,110,Garden_State_FC_20251208101535_110,1,5.53
Grand Harbor FC,2798.68,534.268,19.09,52.16,124,105,3,19,86,7,16,5,0,5,4,8,85.07,0,3,0,6,2,4,0,5,20,12,60.0,4,4,11,2,18.18,1,1,12,6,50.0,3,9,0,5,11,2,0,4.84,5.85,4.9,3.9,6.06,5.13,0.459,2025-05-19T12:11:32.620341+00:00,448,Grand_Harbor_FC_20251208101535_448,1,5.13
Blue Ridge FC,1649.576,310.45,18.82,30.48,85,70,6,15,56,10,2,1,1,5,10,9,82.81,0,2,0,4,2,2,0,4,9,5,55.56,0,6,6,0,0.0,1,1,27,15,55.56,9,18,0,0,13,1,0,5.11,5.17,4.15,4.08,6.54,4.93,0.437,2025-10-23T19:18:19.620341+00:00,505,Blue_Ridge_FC_20251208101535_505,1,4.93
Metro FC,2914.103,930.473,31.93,59.67,176,114,13,62,154,27,20,2,4,0,0,9,65.02,1,8,1,6,3,3,0,6,21,11,52.38,3,5,20,4,20.0,0,3,0,0,88.13,0,0,0,3,6,0,0,5.62,6.29,5.44,4.08,7.06,5.7,0.522,2025-04-28T09:50:24.621341+00:00,862,Metro_FC_20251208101535_862,1,5.7
Union Crest United,2713.136,863.863,31.84,55.22,170,112,27,58,128,11,0,6,5,7,13,11,66.13,1,3,1,5,1,4,0,5,18,8,44.44,7,1,12,1,8.33,0,0,19,9,47.37,4,15,0,3,10,2,0,6.13,5.74,4.46,4.01,5.6,5.34,0.482,2025-04-02T23:54:56.621341+00:00,177,Union_Crest_United_20251208101535_177,1,5.34
Royal Haven FC,2743.606,950.659,34.65,53.11,164,119,9,45,125,5,6,2,3,11,12,8,72.56,0,2,0,5,2,3,0,5,8,5,62.5,6,6,7,2,28.57,3,0,21,10,47.62,4,17,0,1,13,0,0,5.25,5.45,5.65,3.96,7.91,5.47,0.497,2025-07-28T19:52:17.621341+00:00,572,Royal_Haven_FC_20251208101535_572,1,5.47
Prime City Athletic,3045.418,674.865,22.16,53.28,148,116,5,32,101,13,6,4,5,10,9,5,78.57,1,3,1,6,3,3,0,5,10,6,60.0,14,7,6,2,33.33,1,2,39,23,58.97,11,28,0,3,10,1,0,6.34,5.96,5.39,4.5,6.69,5.82,0.536,2025-08-31T23:43:56.621341+00:00,155,Prime_City_Athletic_20251208101535_155,1,5.82
Summit Peak FC,2958.329,412.095,13.93,52.92,150,110,20,40,130,7,12,6,2,0,0,5,73.25,1,4,1,8,3,5,0,6,6,4,66.67,9,4,10,3,30.0,2,0,35,13,37.14,13,22,0,1,4,0,0,5.43,4.75,4.98,4.44,7.2,5.19,0.466,2025-06-23T21:52:14.621341+00:00,29,Summit_Peak_FC_20251208101535_29,1,5.19
Dominion Athletic,1578.786,360.595,22.84,27.67,105,99,1,6,79,8,4,5,0,5,4,8,94.07,1,2,1,5,2,3,0,6,3,1,33.33,11,6,17,6,35.29,2,2,10,7,70.0,3,7,0,2,9,0,0,5.31,5.43,5.76,5.78,7.76,5.74,0.527,2025-05-30T00:17:05.621341+00:00,268,Dominion_Athletic_20251208101535_268,1,5.74
Royal Haven FC,1818.107,467.799,25.73,37.08,114,106,1,8,98,12,4,6,0,0,0,4,93.16,1,3,1,4,1,3,0,5,12,9,75.0,5,13,22,3,13.64,2,0,23,15,65.22,8,15,0,2,8,1,0,5.55,6.0,5.14,5.02,6.32,5.6,0.511,2025-04-20T18:40:13.621341+00:00,629,Royal_Haven_FC_20251208101535_629,1,5.6
Prime City Athletic,4323.962,882.088,20.4,79.67,307,268,7,39,229,36,16,6,23,0,0,39,87.32,2,7,2,11,6,5,0,6,17,5,29.41,1,1,4,1,25.0,0,4,54,24,44.44,30,24,0,4,2,1,0,7.07,4.25,6.25,4.25,6.7,5.68,0.52,2025-10-13T04:15:58.622341+00:00,711,Prime_City_Athletic_20251208101535_711,1,5.68
Metro FC,2288.754,479.723,20.96,41.49,136,103,9,33,90,20,2,7,6,6,6,19,76.01,1,3,1,7,2,5,0,9,13,6,46.15,11,0,20,5,25.0,1,0,33,16,48.48,11,22,2,4,13,3,0,5.81,5.58,4.59,3.84,4.71,5.12,0.458,2024-12-23T11:39:27.622341+00:00,209,Metro_FC_20251208101535_209,1,5.12
Lakeside Athletic,897.401,215.466,24.01,17.13,43,32,4,11,34,3,1,1,1,2,2,2,74.23,1,1,1,3,1,2,0,2,3,2,66.67,17,7,27,9,33.33,3,0,7,3,42.86,3,4,1,1,20,2,0,5.35,4.98,5.17,4.53,5.22,5.08,0.453,2025-05-19T18:13:13.622341+00:00,462,Lakeside_Athletic_20251208101535_462,1,5.08
Prime City Athletic,2462.06,957.741,38.9,44.06,164,145,6,19,117,31,12,4,0,0,0,15,88.19,0,6,0,7,2,5,0,7,10,4,40.0,8,4,8,2,25.0,0,0,3,2,66.67,0,3,0,2,3,0,0,6.38,7.13,4.98,4.94,7.29,6.2,0.578,2025-09-30T16:48:27.622341+00:00,518,Prime_City_Athletic_20251208101535_518,1,6.2
Coastal Town,3602.673,699.999,19.43,64.5,217,178,16,39,188,38,0,0,2,0,0,12,81.87,1,9,1,8,3,5,0,10,18,9,50.0,3,8,8,3,37.5,3,2,59,19,32.2,14,45,0,2,5,0,0,6.31,5.76,5.53,5.21,7.69,5.98,0.553,2025-04-15T18:27:34.622341+00:00,281,Coastal_Town_20251208101535_281,1,5.98
Twin Oak Rangers,2951.539,665.572,22.55,52.83,123,105,7,18,101,9,6,2,0,2,3,12,85.76,1,3,1,8,3,5,0,8,3,1,33.33,9,3,11,1,9.09,1,1,40,25,62.5,11,29,1,2,9,1,0,5.01,5.3,5.51,4.63,6.73,5.31,0.479,2025-06-22T12:50:22.622341+00:00,118,Twin_Oak_Rangers_20251208101535_118,1,5.31
Twin Oak Rangers,2296.439,310.938,13.54,41.15,226,150,40,76,168,30,7,7,6,5,3,13,66.23,1,5,1,5,1,4,1,4,11,4,36.36,16,9,9,2,22.22,2,0,15,7,46.67,3,12,0,0,6,0,0,4.99,6.26,4.76,4.79,7.53,5.53,0.503,2025-04-30T13:56:33.622341+00:00,449,Twin_Oak_Rangers_20251208101535_449,1,5.53
Royal Haven FC,3287.897,519.817,15.81,62.41,271,214,14,57,165,28,8,12,3,22,33,18,78.98,1,2,1,9,3,6,0,11,21,12,57.14,11,4,0,0,0.0,1,3,45,24,53.33,0,45,0,1,9,0,0,4.46,6.34,5.51,4.96,7.46,5.57,0.508,2025-09-28T16:28:56.623341+00:00,533,Royal_Haven_FC_20251208101535_533,1,5.57
Goldenfield Rovers,2961.819,674.406,22.77,55.05,164,131,14,33,96,11,7,2,1,29,19,11,80.07,0,0,1,9,3,6,0,9,10,6,60.0,5,9,15,3,20.0,2,0,17,12,70.59,8,9,2,5,9,0,0,6.74,5.77,6.13,5.09,7.66,6.21,0.579,2024-12-12T21:48:06.623341+00:00,395,Goldenfield_Rovers_20251208101535_395,1,6.21
Silverlake City,3160.159,609.595,19.29,62.67,300,232,32,68,201,31,21,16,1,19,10,24,77.17,2,6,2,10,5,5,0,13,17,11,64.71,1,9,15,2,13.33,0,3,34,12,35.29,7,27,1,3,0,0,0,7.17,6.51,4.77,5.23,7.72,6.29,0.588,2025-10-28T08:40:18.623341+00:00,282,Silverlake_City_20251208101535_282,1,6.29
Stormhold FC,3064.531,845.504,27.59,53.97,181,108,27,73,123,26,11,7,0,6,8,14,59.61,1,7,1,9,3,6,1,8,8,4,50.0,2,3,8,1,12.5,1,0,19,9,47.37,4,15,1,3,4,0,0,5.43,5.08,5.13,4.09,7.96,5.34,0.482,2025-08-21T07:41:06.623341+00:00,233,Stormhold_FC_20251208101535_233,1,5.34
City United,2575.007,670.017,26.02,46.57,140,116,9,24,99,12,9,3,6,3,7,8,83.04,0,6,0,4,1,3,1,4,3,2,66.67,3,8,12,4,33.33,2,0,22,11,50.0,8,14,0,0,13,1,0,5.01,4.86,6.36,4.34,7.3,5.37,0.486,2025-07-20T08:26:06.623341+00:00,265,City_United_20251208101535_265,1,5.37
Grand Harbor FC,3003.387,610.589,20.33,57.23,226,174,20,52,160,9,7,8,5,28,9,11,76.87,1,6,1,7,2,5,1,9,6,3,50.0,9,3,13,3,23.08,1,0,15,8,53.33,4,11,0,1,3,0,0,5.13,5.15,5.79,5.29,7.28,5.5,0.5,2025-12-08T07:14:57.623341+00:00,369,Grand_Harbor_FC_20251208101535_369,1,5.5
Highland Wanderers,2238.887,551.886,24.65,40.37,93,76,6,17,71,10,0,4,3,2,3,9,81.79,0,2,0,5,3,2,0,4,8,4,50.0,8,16,2,0,0.0,1,0,24,17,70.83,4,20,0,0,9,1,0,5.41,4.63,5.11,5.35,5.84,5.17,0.463,2025-12-02T02:51:33.624342+00:00,187,Highland_Wanderers_20251208101535_187,1,5.17
Dominion Athletic,1360.068,150.832,11.09,27.97,131,126,1,5,87,5,6,4,2,7,21,9,95.89,1,3,1,4,2,2,0,3,3,1,33.33,20,12,21,5,23.81,2,1,5,2,40.0,1,4,1,3,5,1,0,5.95,5.92,5.36,4.32,6.32,5.63,0.514,2025-04-06T16:01:14.624342+00:00,122,Dominion_Athletic_20251208101535_122,1,5.63
Summit Peak FC,2383.147,250.23,10.5,41.91,122,96,10,26,85,18,10,3,2,2,2,5,78.48,0,3,0,5,2,3,0,4,7,4,57.14,13,5,17,5,29.41,2,2,47,23,48.94,10,37,0,0,8,1,0,5.47,6.16,5.16,4.32,6.43,5.54,0.504,2025-12-05T11:03:36.624342+00:00,712,Summit_Peak_FC_20251208101535_712,1,5.54
Union Crest United,2254.63,361.643,16.04,39.91,172,118,4,54,148,23,11,6,5,0,0,11,68.7,0,2,0,7,2,5,0,4,12,7,58.33,9,3,7,1,14.29,2,2,22,15,68.18,10,12,0,2,6,0,0,5.76,5.77,4.52,5.25,7.58,5.63,0.514,2025-12-07T18:03:39.624342+00:00,570,Union_Crest_United_20251208101535_570,1,5.63
Valley Rovers,2895.482,214.845,7.42,57.28,191,164,8,27,146,30,14,11,0,0,0,30,85.62,1,5,1,7,2,5,0,9,17,11,64.71,5,5,2,0,0.0,2,0,35,21,60.0,16,19,0,3,5,0,0,6.62,5.81,5.23,3.55,7.59,5.78,0.531,2025-05-29T12:05:58.624342+00:00,94,Valley_Rovers_20251208101535_94,1,5.78
Northbridge FC,2626.074,449.584,17.12,46.52,158,123,12,35,113,25,1,0,0,11,7,20,77.58,1,2,1,7,3,4,0,9,20,12,60.0,10,5,25,4,16.0,0,1,24,11,45.83,15,9,1,1,4,0,0,5.12,5.48,5.22,3.55,6.67,5.18,0.464,2025-07-20T04:49:31.624342+00:00,521,Northbridge_FC_20251208101535_521,1,5.18
Redwood Borough,3330.241,1043.365,31.33,62.95,222,183,17,39,169,18,11,5,5,5,9,24,82.26,1,5,1,9,4,5,1,11,17,8,47.06,2,9,12,3,25.0,1,2,32,13,40.62,6,26,2,1,5,0,0,5.26,6.15,4.91,5.34,7.3,5.65,0.517,2025-11-24T00:39:36.624342+00:00,873,Redwood_Borough_20251208101535_873,1,5.65
Ironforge FC,2780.415,439.028,15.79,48.83,163,140,9,23,108,18,10,10,0,7,10,14,86.14,0,6,0,11,3,8,0,16,10,6,60.0,13,8,15,4,26.67,1,1,30,9,30.0,8,22,1,4,5,0,0,6.61,5.02,5.3,4.21,7.78,5.68,0.52,2025-02-01T20:32:11.624342+00:00,863,Ironforge_FC_20251208101535_863,1,5.68
Southgate United,3042.021,1106.991,36.39,58.58,157,91,17,66,141,24,8,10,0,0,0,12,57.84,1,4,1,7,3,4,0,6,11,3,27.27,3,3,14,4,28.57,0,1,0,0,42.93,0,0,0,2,6,1,0,6.65,5.5,4.09,4.2,5.62,5.37,0.486,2025-06-04T08:09:45.624342+00:00,465,Southgate_United_20251208101535_465,1,5.37
Stormhold FC,2903.568,654.755,22.55,57.34,281,281,0,0,200,26,11,7,0,13,23,11,100.0,1,2,1,7,4,3,0,6,12,5,41.67,12,4,0,0,0.0,0,2,38,31,81.58,4,34,2,3,6,0,0,6.54,6.29,5.28,3.41,7.87,5.91,0.546,2025-10-05T07:22:51.624342+00:00,545,Stormhold_FC_20251208101535_545,1,5.91
Eastview Rangers,2700.832,638.747,23.65,49.44,208,168,15,40,162,11,17,4,5,3,5,13,80.79,1,5,1,5,2,3,0,5,14,7,50.0,10,11,8,2,25.0,2,1,21,10,47.62,4,17,0,1,6,0,0,6.64,6.17,6.05,4.12,7.66,6.14,0.571,2025-05-11T02:14:58.624342+00:00,352,Eastview_Rangers_20251208101535_352,1,6.14
Millennium Rovers,1868.157,681.13,36.46,37.74,117,105,5,12,87,11,2,1,2,9,5,19,90.08,0,5,0,2,1,1,0,2,2,1,50.0,23,3,13,3,23.08,3,0,22,13,59.09,12,10,0,2,6,0,0,4.58,5.44,5.34,5.07,7.25,5.31,0.479,2025-10-01T13:14:27.625846+00:00,232,Millennium_Rovers_20251208101535_232,1,5.31
Oldtown United,2258.785,328.879,14.56,44.92,171,140,19,31,147,22,15,3,2,0,0,6,81.92,1,5,1,6,2,4,1,7,6,2,33.33,14,8,1,0,0.0,2,0,16,5,31.25,3,13,0,1,2,1,0,5.59,6.0,5.39,4.22,6.33,5.55,0.506,2024-12-10T04:38:48.625846+00:00,410,Oldtown_United_20251208101535_410,1,5.55
Blue Ridge FC,2996.948,705.781,23.55,57.66,177,152,3,25,113,12,4,5,5,11,26,21,85.86,1,1,1,6,1,5,0,7,21,15,71.43,5,6,12,4,33.33,0,0,30,19,63.33,11,19,1,3,6,1,0,5.86,5.6,4.95,4.0,6.57,5.42,0.491,2025-03-29T05:51:43.625846+00:00,795,Blue_Ridge_FC_20251208101535_795,1,5.42
Evergreen Sporting,3258.88,1145.496,35.15,62.8,272,204,20,68,201,31,1,0,9,13,16,38,75.03,0,2,0,7,4,3,1,6,12,10,83.33,8,2,5,2,40.0,2,3,28,14,50.0,6,22,3,1,1,0,0,5.04,4.64,7.17,5.91,7.82,5.75,0.528,2025-01-01T11:16:25.625846+00:00,827,Evergreen_Sporting_20251208101535_827,1,5.75
Eastview Rangers,2084.024,423.682,20.33,37.93,160,110,10,50,140,22,8,4,4,0,0,21,69.03,1,4,1,6,2,4,0,6,5,3,60.0,11,6,8,1,12.5,2,2,31,22,70.97,15,16,1,3,12,0,0,5.84,5.19,4.31,4.25,7.17,5.26,0.473,2025-07-01T00:10:48.625846+00:00,183,Eastview_Rangers_20251208101535_183,1,5.26
Prime City Athletic,2171.461,578.694,26.65,44.11,184,131,17,53,138,20,14,5,9,0,0,12,71.26,1,2,1,7,2,5,0,4,1,1,100.0,20,10,12,3,25.0,3,1,17,10,58.82,3,14,2,3,8,1,0,5.72,6.57,5.97,3.99,6.1,5.8,0.533,2025-04-19T19:28:42.625846+00:00,47,Prime_City_Athletic_20251208101535_47,1,5.8
City United,3047.174,575.916,18.9,53.6,159,125,7,34,126,17,16,7,3,0,0,15,78.87,1,2,1,7,3,4,0,7,21,13,61.9,13,0,4,1,25.0,1,0,19,11,57.89,8,11,1,2,2,0,0,6.27,6.47,5.64,4.26,7.57,6.05,0.561,2025-06-12T16:33:17.625846+00:00,580,City_United_20251208101535_580,1,6.05
Twin Oak Rangers,3437.735,741.176,21.56,65.43,250,175,17,75,180,25,4,11,2,16,14,15,70.17,1,6,1,11,3,8,0,13,8,6,75.0,13,5,11,3,27.27,0,1,33,16,48.48,0,33,0,2,6,0,0,5.66,6.26,4.81,5.24,7.55,5.79,0.532,2024-12-17T20:45:13.626851+00:00,279,Twin_Oak_Rangers_20251208101535_279,1,5.79
Dominion Athletic,3180.758,801.233,25.19,58.03,251,221,8,30,191,19,15,3,19,2,2,9,88.23,1,4,1,6,2,4,0,8,15,8,53.33,10,9,3,1,33.33,0,1,46,19,41.3,1,45,1,1,3,0,0,6.89,6.41,5.62,4.64,8.32,6.33,0.592,2025-05-13T00:39:19.626851+00:00,478,Dominion_Athletic_20251208101535_478,1,6.33
2 Worlds FC,2803.269,190.342,6.79,51.3,212,150,12,62,136,16,18,11,4,10,18,3,70.83,0,12,0,4,1,3,0,5,12,5,41.67,11,6,15,2,13.33,1,1,16,8,50.0,8,8,0,1,6,0,0,5.86,5.39,5.28,5.21,7.73,5.71,0.523,2025-11-06T04:51:27.626851+00:00,539,2_Worlds_FC_20251208101535_539,1,5.71
Redwood Borough,1982.992,769.599,38.81,40.41,146,111,8,35,101,15,4,6,1,6,12,15,75.74,1,3,1,5,2,3,0,4,8,4,50.0,10,13,17,3,17.65,2,0,19,11,57.89,8,11,0,2,9,2,0,5.48,5.4,5.91,4.99,5.76,5.5,0.5,2025-07-02T17:36:08.626851+00:00,581,Redwood_Borough_20251208101535_581,1,5.5
Goldenfield Rovers,2437.927,668.967,27.44,49.22,175,136,4,39,123,10,8,0,0,8,26,12,77.49,0,5,0,5,2,3,0,5,9,5,55.56,15,3,2,0,0.0,1,0,24,14,58.33,7,17,0,2,1,0,0,5.85,4.31,5.39,3.83,7.18,5.18,0.464,2025-04-22T21:59:54.626851+00:00,188,Goldenfield_Rovers_20251208101535_188,1,5.18
Southgate United,2775.079,483.419,17.42,55.13,184,154,11,30,131,25,10,4,3,5,7,16,83.58,1,2,1,6,3,3,0,6,19,9,47.37,11,6,3,0,0.0,3,3,34,23,67.65,10,24,0,4,2,0,0,5.09,5.88,5.09,4.72,8.12,5.56,0.507,2025-10-02T08:33:39.626851+00:00,204,Southgate_United_20251208101535_204,1,5.56
Highland Wanderers,2777.033,690.926,24.88,48.72,127,102,6,25,109,13,11,6,6,0,0,11,80.06,1,1,1,9,4,5,0,12,22,11,50.0,3,6,1,0,0.0,0,3,0,0,56.41,1,-1,0,4,7,3,0,6.27,6.05,4.64,4.6,5.03,5.52,0.502,2025-06-28T12:27:30.626851+00:00,554,Highland_Wanderers_20251208101535_554,1,5.52
City United,2662.659,624.66,23.46,46.83,133,109,12,24,104,11,0,4,1,6,7,15,82.24,1,3,1,10,3,7,1,12,13,8,61.54,13,5,5,2,40.0,1,0,36,16,44.44,19,17,2,3,7,1,0,5.81,6.74,6.32,3.76,6.19,5.92,0.547,2025-09-07T12:28:51.627851+00:00,822,City_United_20251208101535_822,1,5.92
Hillcrest Athletic,3455.987,451.006,13.05,65.37,254,212,18,42,163,26,13,11,2,19,21,15,83.39,1,3,1,11,4,7,1,13,16,10,62.5,6,1,8,1,12.5,1,3,11,5,45.45,6,5,0,3,4,0,0,6.23,4.91,5.57,4.94,7.56,5.68,0.52,2025-11-01T11:58:29.627851+00:00,753,Hillcrest_Athletic_20251208101535_753,1,5.68
Hillcrest Athletic,1765.869,285.188,16.15,31.87,120,92,13,28,81,6,8,6,7,6,7,5,76.95,0,3,0,4,2,2,0,6,9,5,55.56,11,7,12,2,16.67,3,2,22,13,59.09,11,11,0,1,9,0,0,5.17,5.53,4.76,4.54,8.09,5.39,0.488,2025-09-20T10:44:55.627851+00:00,195,Hillcrest_Athletic_20251208101535_195,1,5.39
Silverlake City,3200.488,340.532,10.64,58.9,221,180,20,41,148,28,11,12,1,7,15,23,81.3,1,7,2,10,4,6,0,11,20,15,75.0,14,7,14,4,28.57,1,1,51,34,66.67,7,44,0,2,2,0,0,6.39,6.04,5.58,4.51,7.26,5.95,0.55,2025-11-08T20:04:48.627851+00:00,177,Silverlake_City_20251208101535_177,1,5.95
Crestfall Town,3500.376,988.156,28.23,63.55,205,154,23,51,152,12,7,10,2,7,14,15,75.05,1,6,1,9,3,6,0,13,5,3,60.0,4,4,6,2,33.33,3,0,33,18,54.55,9,24,1,4,5,1,0,7.81,5.42,4.74,5.24,6.13,6.0,0.556,2024-12-15T06:11:06.627851+00:00,313,Crestfall_Town_20251208101535_313,1,6.0
Lakeside Athletic,3259.724,501.672,15.39,58.49,192,163,17,29,150,18,9,4,7,2,1,23,84.89,1,4,1,10,4,6,1,10,23,11,47.83,5,4,2,1,50.0,3,1,39,20,51.28,18,21,1,5,8,0,0,5.17,6.23,5.95,5.37,7.52,5.89,0.543,2025-04-21T19:45:55.627851+00:00,483,Lakeside_Athletic_20251208101535_483,1,5.89
Union Crest United,2392.718,668.047,27.92,45.72,145,101,6,44,95,18,12,9,0,1,9,11,69.83,0,3,0,7,4,3,0,9,1,1,100.0,6,7,8,1,12.5,2,0,45,33,73.33,16,29,2,2,5,0,0,6.6,5.21,4.41,5.27,7.43,5.67,0.519,2025-09-03T17:28:20.628851+00:00,715,Union_Crest_United_20251208101535_715,1,5.67
Riverside FC,1731.171,412.365,23.82,31.36,118,102,10,16,95,10,2,6,0,3,2,5,86.17,0,3,0,5,2,3,0,5,3,2,66.67,6,11,10,2,20.0,3,2,7,3,42.86,2,5,0,0,2,0,0,5.73,4.62,5.69,5.39,7.18,5.51,0.501,2025-09-11T11:59:27.628851+00:00,542,Riverside_FC_20251208101535_542,1,5.51
Brookside United,3178.121,878.115,27.63,56.99,229,157,14,72,185,2,5,5,7,10,14,28,68.55,0,6,0,8,2,6,0,7,20,5,25.0,13,4,15,2,13.33,1,1,33,13,39.39,7,26,0,1,4,0,0,5.29,5.52,5.57,4.0,7.2,5.42,0.491,2025-07-07T06:09:44.628851+00:00,589,Brookside_United_20251208101535_589,1,5.42
Silverlake City,2711.533,1010.588,37.27,51.08,157,124,17,33,111,8,0,2,2,21,12,18,79.23,1,4,1,7,2,5,0,8,12,7,58.33,0,11,15,4,26.67,0,1,27,13,48.15,15,12,1,2,7,2,0,4.81,5.71,4.93,4.04,5.45,5.04,0.449,2025-03-01T01:37:57.628851+00:00,474,Silverlake_City_20251208101535_474,1,5.04
Prime City Athletic,3946.779,862.371,21.85,70.73,194,157,19,37,176,20,13,12,2,0,0,14,80.97,1,2,1,9,2,7,0,12,15,10,66.67,4,3,9,2,22.22,0,0,68,15,22.06,8,60,2,1,3,0,0,5.93,5.61,4.92,4.39,7.42,5.57,0.508,2025-10-11T11:17:06.628851+00:00,269,Prime_City_Athletic_20251208101535_269,1,5.57
Crown City FC,1826.652,562.243,30.78,37.27,131,112,9,19,102,12,0,0,1,8,8,7,85.42,0,3,0,4,2,2,0,5,6,4,66.67,2,3,23,9,39.13,2,0,13,8,61.54,4,9,1,0,6,2,0,4.93,5.06,6.32,5.06,5.79,5.35,0.483,2025-08-15T12:23:10.628851+00:00,438,Crown_City_FC_20251208101535_438,1,5.35
Oldtown United,1937.904,591.642,30.53,38.7,87,63,3,24,61,7,4,4,3,3,4,8,72.93,1,2,1,5,2,3,0,6,1,1,100.0,7,8,9,3,33.33,2,0,9,3,33.33,1,8,0,1,5,0,0,6.13,6.47,5.27,5.03,8.11,6.1,0.567,2025-10-17T19:28:30.628851+00:00,335,Oldtown_United_20251208101535_335,1,6.1
Valley Rovers,2200.435,633.065,28.77,44.61,174,151,8,23,151,22,13,6,7,0,0,11,86.99,1,4,1,4,1,3,0,3,15,11,73.33,6,8,9,3,33.33,1,0,42,23,54.76,17,25,0,1,7,2,0,6.57,5.62,5.92,4.19,5.15,5.7,0.522,2025-09-05T18:42:32.629851+00:00,515,Valley_Rovers_20251208101535_515,1,5.7
City United,1519.842,260.805,17.16,28.84,103,79,9,24,73,12,2,3,2,6,6,4,76.77,0,0,0,4,2,2,0,5,3,2,66.67,6,13,20,6,30.0,3,0,20,8,40.0,5,15,0,1,11,1,0,4.41,6.07,4.88,3.91,6.92,5.15,0.461,2025-02-17T00:54:16.629851+00:00,526,City_United_20251208101535_526,1,5.15
Twin Oak Rangers,2965.299,474.448,16.0,52.55,252,200,28,52,177,24,15,8,1,10,17,20,79.56,1,2,1,6,2,4,0,7,11,7,63.64,6,3,9,1,11.11,0,3,18,8,44.44,3,15,0,2,7,0,0,4.99,4.52,5.6,3.94,7.84,5.12,0.458,2025-10-12T12:41:37.629851+00:00,645,Twin_Oak_Rangers_20251208101535_645,1,5.12
Metro FC,3007.813,364.547,12.12,60.35,212,140,11,72,130,34,3,11,0,14,21,27,66.12,1,4,1,7,3,4,1,8,9,6,66.67,1,6,6,0,0.0,1,0,22,11,50.0,6,16,0,2,8,1,0,4.84,5.6,5.46,5.07,6.56,5.38,0.487,2025-03-08T07:21:18.629851+00:00,184,Metro_FC_20251208101535_184,1,5.38
Summit Peak FC,3579.212,599.16,16.74,63.61,318,260,18,58,201,11,23,3,13,15,53,10,81.76,1,7,1,10,5,5,0,9,18,9,50.0,1,4,7,1,14.29,1,0,24,12,50.0,6,18,1,2,4,1,1,6.93,6.5,5.6,3.02,4.4,5.74,0.527,2025-06-29T21:31:58.629851+00:00,968,Summit_Peak_FC_20251208101535_968,1,5.74
Valley Rovers,3630.594,896.394,24.69,66.19,192,142,27,50,133,24,0,6,3,8,19,29,73.89,1,2,1,10,4,6,0,14,20,12,60.0,5,3,3,0,0.0,0,2,14,6,42.86,2,12,0,7,3,1,0,5.67,5.44,5.8,4.24,7.18,5.58,0.509,2025-05-24T20:35:08.629851+00:00,250,Valley_Rovers_20251208101535_250,1,5.58
Ironforge FC,2184.043,489.444,22.41,42.33,148,130,2,18,104,21,7,4,5,5,3,12,87.79,0,7,0,6,2,4,0,7,7,5,71.43,8,9,20,6,30.0,2,4,44,10,22.73,16,28,0,1,1,0,0,5.33,7.22,5.63,4.34,8.08,6.06,0.562,2025-03-04T10:12:55.629851+00:00,599,Ironforge_FC_20251208101535_599,1,6.06
Highland Wanderers,3090.82,816.904,26.43,54.16,184,123,20,61,140,26,7,10,7,0,0,7,67.0,0,4,0,5,2,3,1,5,13,8,61.54,0,7,4,1,25.0,1,2,30,13,43.33,5,25,0,1,7,1,0,5.38,4.59,5.48,3.14,6.4,4.97,0.441,2025-09-29T16:23:04.630851+00:00,503,Highland_Wanderers_20251208101535_503,1,4.97
Valley Rovers,2664.484,726.605,27.27,49.21,154,96,25,58,105,14,11,6,4,4,8,10,62.29,1,4,1,11,3,8,0,15,8,4,50.0,2,6,11,3,27.27,1,1,34,18,52.94,10,24,3,1,4,1,0,6.13,4.72,4.83,4.4,6.19,5.24,0.471,2025-11-18T00:43:19.630851+00:00,465,Valley_Rovers_20251208101535_465,1,5.24
Riverside FC,3757.358,968.647,25.78,67.19,234,176,12,58,171,18,5,9,7,10,13,21,75.37,1,13,1,7,2,5,1,8,25,18,72.0,7,3,4,2,50.0,0,2,39,20,51.28,10,29,0,3,6,0,0,7.62,6.4,5.63,5.64,7.46,6.59,0.621,2025-09-26T03:30:19.630851+00:00,671,Riverside_FC_20251208101535_671,1,6.59
Goldenfield Rovers,2579.991,999.489,38.74,47.62,200,145,16,55,167,29,14,7,1,0,0,14,72.53,1,5,1,7,2,5,1,10,3,1,33.33,10,13,8,2,25.0,1,2,20,13,65.0,6,14,1,2,8,1,0,6.53,6.33,4.02,4.55,6.47,5.69,0.521,2025-11-20T10:26:09.630851+00:00,15,Goldenfield_Rovers_20251208101535_15,1,5.69
Garden State FC,2327.28,691.668,29.72,46.56,171,139,8,32,126,3,8,3,0,15,17,15,81.31,1,4,1,8,3,5,0,5,17,12,70.59,9,9,12,3,25.0,2,2,22,9,40.91,8,14,0,2,9,1,0,5.8,6.71,5.51,4.45,6.38,5.87,0.541,2025-01-02T09:38:25.630851+00:00,176,Garden_State_FC_20251208101535_176,1,5.87
Dominion Athletic,2354.026,847.685,36.01,42.42,142,104,18,38,96,12,10,8,2,7,7,17,73.54,1,5,1,7,3,4,0,12,12,6,50.0,8,6,14,3,21.43,1,2,18,10,55.56,5,13,1,1,2,1,0,5.6,5.01,4.7,4.84,5.86,5.17,0.463,2025-03-19T18:55:15.630851+00:00,279,Dominion_Athletic_20251208101535_279,1,5.17
Highland Wanderers,3197.367,1262.001,39.47,60.78,193,158,12,35,139,18,10,6,0,5,16,0,82.05,1,4,1,10,4,6,1,10,19,11,57.89,0,6,0,0,0.0,3,0,34,21,61.76,10,24,2,2,5,0,0,6.07,7.21,5.66,4.03,7.67,6.18,0.576,2025-09-04T04:52:12.630851+00:00,220,Highland_Wanderers_20251208101535_220,1,6.18
San Beda University,3115.99,745.968,23.94,56.63,128,101,7,27,93,14,7,4,3,4,4,11,78.61,1,3,1,8,3,5,1,8,4,2,50.0,10,0,10,3,30.0,1,3,21,8,38.1,9,12,0,1,7,2,0,5.93,4.2,4.5,4.18,5.6,4.88,0.431,2025-01-26T08:37:53.631851+00:00,173,San_Beda_University_20251208101535_173,1,4.88
Twin Oak Rangers,1625.602,345.928,21.28,30.51,121,116,2,5,85,21,3,1,2,4,5,13,96.21,1,3,1,5,1,4,0,5,10,6,60.0,12,16,22,4,18.18,4,0,15,10,66.67,5,10,0,0,18,1,0,6.15,6.06,5.95,4.41,6.86,5.91,0.546,2025-05-10T19:17:30.631851+00:00,10,Twin_Oak_Rangers_20251208101535_10,1,5.91
2 Worlds FC,2018.159,792.329,39.26,37.48,156,143,4,13,105,4,5,5,4,15,17,21,91.37,0,5,0,3,1,2,0,4,3,2,66.67,13,0,20,7,35.0,3,0,19,10,52.63,8,11,0,2,13,0,0,4.78,5.8,6.65,6.53,7.83,5.99,0.554,2025-09-17T11:41:43.631851+00:00,458,2_Worlds_FC_20251208101535_458,1,5.99
Coastal Town,2730.174,817.96,29.96,51.09,228,169,34,59,170,20,13,10,10,2,4,29,74.09,0,7,0,4,2,2,0,5,12,8,66.67,11,7,12,4,33.33,3,1,39,17,43.59,19,20,0,1,7,3,0,5.85,5.75,5.37,4.5,4.37,5.39,0.488,2025-06-25T02:05:24.631851+00:00,791,Coastal_Town_20251208101535_791,1,5.39
Harborview United,2655.937,628.395,23.66,47.29,112,90,8,22,90,11,7,6,0,0,0,10,80.27,1,2,1,9,3,6,0,16,11,7,63.64,11,6,16,4,25.0,2,2,36,22,61.11,3,33,1,5,9,1,0,6.73,6.71,4.04,4.25,7.35,5.9,0.544,2025-07-20T07:28:17.631851+00:00,320,Harborview_United_20251208101535_320,1,5.9
Garden State FC,2465.077,670.008,27.18,43.08,149,114,13,35,100,10,4,7,0,7,21,8,76.5,1,3,1,7,3,4,0,8,13,9,69.23,3,6,15,2,13.33,2,1,27,15,55.56,9,18,0,2,13,0,0,6.42,7.03,5.81,4.32,7.23,6.26,0.584,2025-07-16T10:51:20.631851+00:00,906,Garden_State_FC_20251208101535_906,1,6.26
Lakeside Athletic,3381.701,1026.684,30.36,62.75,198,174,7,24,150,22,10,14,1,1,1,10,87.64,2,3,2,13,4,9,1,18,21,12,57.14,6,8,6,2,33.33,1,3,47,22,46.81,16,31,1,3,4,0,0,6.45,4.69,5.41,3.6,6.84,5.39,0.488,2025-08-07T16:10:36.631851+00:00,785,Lakeside_Athletic_20251208101535_785,1,5.39
Northbridge FC,3301.776,529.605,16.04,60.29,194,118,13,76,141,35,29,7,9,0,0,12,61.04,1,9,1,12,5,7,1,13,9,5,55.56,3,8,12,3,25.0,0,4,50,19,38.0,17,33,1,4,5,0,0,4.76,4.96,4.84,4.16,7.34,5.01,0.446,2025-01-16T17:16:10.632851+00:00,103,Northbridge_FC_20251208101535_103,1,5.01
Blue Ridge FC,3684.432,318.703,8.65,68.19,384,288,16,96,261,50,22,15,3,15,17,0,74.96,1,9,1,11,3,8,1,11,8,5,62.5,2,3,7,1,14.29,1,1,56,30,53.57,5,51,0,4,4,0,0,6.34,5.77,5.64,4.14,8.18,5.92,0.547,2025-09-05T23:49:05.632851+00:00,337,Blue_Ridge_FC_20251208101535_337,1,5.92
Royal Haven FC,3592.88,732.588,20.39,66.02,173,155,10,18,147,16,9,2,0,0,0,26,89.5,2,5,3,11,4,7,1,10,7,2,28.57,4,4,12,4,33.33,1,0,10,6,60.0,3,7,3,4,3,0,0,5.27,6.03,5.17,5.06,6.78,5.58,0.509,2025-09-24T20:07:08.632851+00:00,16,Royal_Haven_FC_20251208101535_16,1,5.58
Riverside FC,2431.864,538.415,22.14,48.34,242,179,17,63,183,13,11,16,4,8,6,19,73.85,1,7,1,6,3,3,1,6,14,9,64.29,11,5,22,5,22.73,2,2,17,8,47.06,1,16,0,0,6,0,0,6.17,5.39,6.42,4.22,7.44,5.86,0.54,2025-12-06T22:23:45.632851+00:00,5,Riverside_FC_20251208101535_5,1,5.86
2 Worlds FC,2722.856,632.247,23.22,54.87,94,63,12,31,74,12,7,4,0,0,0,6,67.39,0,0,1,6,3,3,0,6,8,5,62.5,11,3,15,2,13.33,1,2,29,15,51.72,6,23,0,3,10,2,0,5.83,4.39,4.71,4.25,5.94,4.99,0.443,2025-04-15T17:12:00.632851+00:00,840,2_Worlds_FC_20251208101535_840,1,4.99
Northbridge FC,2044.276,587.116,28.72,41.86,180,123,19,57,116,20,12,0,0,16,16,15,68.26,0,5,0,4,1,3,0,4,12,4,33.33,6,7,9,2,22.22,3,0,33,13,39.39,13,20,2,1,9,2,0,5.93,5.58,5.23,4.54,5.48,5.45,0.494,2025-08-25T05:01:25.632851+00:00,38,Northbridge_FC_20251208101535_38,1,5.45
Prime City Athletic,1989.003,492.676,24.77,40.44,107,69,12,38,89,15,5,2,3,0,0,7,64.62,1,3,1,6,2,4,0,8,6,3,50.0,17,10,21,5,23.81,0,2,30,16,53.33,12,18,0,1,9,1,0,4.42,5.27,4.95,4.67,6.65,5.02,0.447,2025-08-31T10:22:01.632851+00:00,969,Prime_City_Athletic_20251208101535_969,1,5.02
Hillcrest Athletic,1659.094,431.696,26.02,31.35,115,79,14,36,79,14,4,4,2,5,6,12,68.92,0,3,0,5,2,3,0,6,10,8,80.0,14,10,15,1,6.67,3,0,16,9,56.25,4,12,1,2,13,3,0,5.18,5.33,5.75,4.92,5.04,5.29,0.477,2025-10-15T18:47:32.633851+00:00,422,Hillcrest_Athletic_20251208101535_422,1,5.29
Dominion Athletic,2595.658,652.029,25.12,51.51,171,131,21,40,125,2,15,1,2,21,5,24,76.7,1,2,1,6,3,3,1,7,5,4,80.0,5,12,16,2,12.5,2,0,33,16,48.48,10,23,1,2,4,1,0,5.6,6.38,5.96,4.87,6.87,5.92,0.547,2025-04-24T18:29:11.633851+00:00,9,Dominion_Athletic_20251208101535_9,1,5.92
Ironforge FC,2044.133,380.413,18.61,35.94,163,125,7,38,127,14,11,7,2,0,2,10,76.74,1,5,1,4,2,2,0,5,11,8,72.73,13,5,9,2,22.22,2,2,25,12,48.0,3,22,0,0,5,0,0,5.61,4.96,5.51,4.5,7.23,5.41,0.49,2025-04-21T10:14:21.633851+00:00,938,Ironforge_FC_20251208101535_938,1,5.41
Evergreen Sporting,2223.918,485.037,21.81,41.71,149,142,4,7,69,15,0,5,3,39,18,13,95.17,1,2,1,7,2,5,1,10,6,3,50.0,12,7,19,5,26.32,2,0,23,14,60.87,8,15,1,2,8,2,0,4.75,7.0,4.8,5.56,6.24,5.65,0.517,2025-08-14T21:58:00.633851+00:00,880,Evergreen_Sporting_20251208101535_880,1,5.65
Goldenfield Rovers,2699.134,280.17,10.38,55.21,179,171,3,8,139,6,7,11,0,4,11,15,95.33,1,6,1,8,4,4,0,11,10,2,20.0,9,8,14,3,21.43,1,1,18,8,44.44,8,10,0,4,5,0,0,7.19,5.33,6.66,4.59,6.98,6.18,0.576,2025-07-19T04:25:57.633851+00:00,337,Goldenfield_Rovers_20251208101535_337,1,6.18
Riverside FC,2631.346,728.883,27.7,54.0,220,144,31,76,166,25,18,1,0,4,6,15,65.5,0,7,0,8,3,5,0,8,11,7,63.64,4,4,13,3,23.08,1,2,40,27,67.5,11,29,1,1,4,2,0,4.95,5.61,5.26,4.85,5.86,5.27,0.474,2025-06-10T01:52:33.633851+00:00,929,Riverside_FC_20251208101535_929,1,5.27
Riverstone FC,2788.869,619.687,22.22,55.32,178,127,17,51,120,13,8,4,6,8,18,6,71.43,1,6,1,10,5,5,1,11,12,9,75.0,4,3,8,1,12.5,2,2,25,13,52.0,3,22,2,3,3,1,0,6.99,4.07,4.59,3.51,6.44,5.15,0.461,2025-01-26T08:10:43.633851+00:00,364,Riverstone_FC_20251208101535_364,1,5.15
Southgate United,2752.4,429.925,15.62,52.29,170,132,11,38,124,7,8,6,0,9,16,13,77.63,1,4,1,8,2,6,0,7,7,3,42.86,10,6,5,2,40.0,1,0,10,7,70.0,1,9,2,3,11,1,0,5.93,4.65,5.19,4.04,6.42,5.21,0.468,2025-07-07T17:58:37.634851+00:00,349,Southgate_United_20251208101535_349,1,5.21
Eastview Rangers,1849.801,511.47,27.65,36.43,127,101,14,26,95,10,11,9,5,0,0,11,79.15,0,3,0,5,2,3,0,5,14,6,42.86,13,7,7,1,14.29,2,1,19,9,47.37,2,17,2,2,5,0,0,5.02,6.4,5.09,5.32,8.31,5.79,0.532,2025-08-16T20:20:24.634851+00:00,566,Eastview_Rangers_20251208101535_566,1,5.79
San Beda University,3247.995,1302.121,40.09,66.28,215,215,0,0,170,30,12,0,10,0,0,1,99.8,1,5,1,10,3,7,1,14,11,7,63.64,10,9,12,2,16.67,0,0,37,17,45.95,10,27,1,5,4,0,0,6.5,6.04,6.02,5.01,7.72,6.19,0.577,2025-07-14T06:01:31.634851+00:00,712,San_Beda_University_20251208101535_712,1,6.19
Westwood Athletic,3146.634,947.766,30.12,55.86,167,149,8,18,94,24,18,6,4,12,9,11,89.47,1,2,1,9,3,6,1,9,25,14,56.0,2,5,10,3,30.0,2,2,39,17,43.59,20,19,2,4,5,1,0,6.18,5.41,4.94,4.83,5.35,5.44,0.493,2025-09-14T21:11:29.634851+00:00,471,Westwood_Athletic_20251208101535_471,1,5.44
Goldenfield Rovers,1718.849,374.193,21.77,32.29,97,77,7,20,62,7,4,2,2,5,16,10,79.22,1,2,1,6,2,4,0,10,4,3,75.0,18,9,25,3,12.0,1,1,13,7,53.85,3,10,0,1,8,1,0,6.11,5.77,3.95,4.57,6.88,5.44,0.493,2025-11-11T19:50:07.634851+00:00,792,Goldenfield_Rovers_20251208101535_792,1,5.44
Twin Oak Rangers,2023.387,398.607,19.7,37.31,132,96,14,36,95,19,1,5,1,6,6,1,72.9,1,1,1,5,1,4,0,7,10,6,60.0,0,10,19,7,36.84,3,0,31,12,38.71,2,29,0,2,8,2,0,6.99,5.66,5.25,5.04,5.66,5.86,0.54,2025-03-23T01:18:58.634851+00:00,85,Twin_Oak_Rangers_20251208101535_85,1,5.86
Crown City FC,3254.135,479.009,14.72,62.55,196,125,34,71,143,15,0,13,10,8,8,20,63.81,1,2,1,11,4,7,1,8,8,5,62.5,13,3,1,0,0.0,2,2,21,15,71.43,4,17,0,4,3,0,0,6.06,7.41,4.37,4.3,7.58,6.01,0.557,2024-12-29T11:04:29.634851+00:00,28,Crown_City_FC_20251208101535_28,1,6.01
Crestfall Town,3525.536,1179.644,33.46,64.57,306,243,23,63,182,23,16,2,0,49,34,36,79.57,1,7,1,10,5,5,1,5,19,15,78.95,2,2,2,0,0.0,0,0,30,17,56.67,10,20,0,0,4,0,0,6.91,6.28,6.13,4.06,7.65,6.25,0.583,2025-07-27T04:00:41.635851+00:00,585,Crestfall_Town_20251208101535_585,1,6.25
Grand Harbor FC,2083.235,718.716,34.5,40.75,123,110,4,13,80,6,0,7,5,14,11,9,89.51,1,3,1,6,2,4,0,5,10,4,40.0,4,7,12,3,25.0,3,4,22,17,77.27,6,16,0,2,1,0,0,4.79,5.31,5.45,4.52,7.31,5.28,0.476,2025-04-10T15:58:58.635851+00:00,602,Grand_Harbor_FC_20251208101535_602,1,5.28
San Beda University,1537.433,110.695,7.2,30.18,110,80,12,30,87,7,9,0,3,1,2,7,72.74,0,5,0,2,1,1,0,2,7,4,57.14,21,11,20,6,30.0,4,0,22,8,36.36,5,17,2,0,11,1,0,5.89,5.2,5.97,4.28,6.7,5.57,0.508,2025-03-13T22:22:53.635851+00:00,396,San_Beda_University_20251208101535_396,1,5.57
2 Worlds FC,1538.057,195.333,12.7,27.49,90,88,1,2,49,11,4,1,0,14,10,9,97.99,0,3,0,3,1,2,0,3,7,3,42.86,10,10,10,2,20.0,2,0,18,9,50.0,7,11,0,1,13,0,0,4.61,7.84,5.36,3.89,6.76,5.78,0.531,2025-12-05T07:18:09.635851+00:00,677,2_Worlds_FC_20251208101535_677,1,5.78
Eastview Rangers,2667.064,408.861,15.33,49.1,150,113,13,37,102,10,7,5,9,11,7,18,75.48,1,3,1,8,4,4,0,6,4,3,75.0,19,6,9,3,33.33,3,2,21,9,42.86,9,12,0,3,9,2,0,4.98,5.15,6.05,2.95,6.23,5.08,0.453,2025-07-21T15:41:26.635851+00:00,12,Eastview_Rangers_20251208101535_12,1,5.08
Union Crest United,1685.826,494.284,29.32,33.97,104,73,12,31,75,4,11,2,3,5,5,10,70.51,1,3,1,5,1,4,0,4,9,6,66.67,0,12,6,2,33.33,4,0,11,6,54.55,5,6,0,2,11,0,0,6.59,5.44,4.36,4.48,7.84,5.65,0.517,2025-01-29T12:46:42.635851+00:00,151,Union_Crest_United_20251208101535_151,1,5.65
Northbridge FC,3638.163,598.478,16.45,64.03,210,167,20,43,151,7,15,3,0,14,19,12,79.66,1,8,1,8,3,5,1,8,26,11,42.31,7,5,4,1,25.0,1,2,33,25,75.76,11,22,1,2,7,1,0,6.63,5.73,6.0,4.34,6.77,5.95,0.55,2025-01-04T02:00:05.635851+00:00,603,Northbridge_FC_20251208101535_603,1,5.95
City United,1581.2,392.454,24.82,30.97,102,91,4,11,75,5,5,1,6,6,5,4,89.46,0,1,0,3,1,2,0,3,4,3,75.0,13,8,10,2,20.0,2,0,36,13,36.11,0,36,1,3,14,0,0,4.57,5.17,6.38,4.82,7.06,5.38,0.487,2025-11-20T10:37:45.636851+00:00,892,City_United_20251208101535_892,1,5.38
Stormhold FC,1276.813,236.466,18.52,25.88,73,56,6,17,58,6,3,3,0,1,2,8,77.33,0,2,0,1,0,1,0,1,4,2,50.0,16,12,20,5,25.0,2,0,12,5,41.67,3,9,0,0,13,1,0,5.13,5.04,5.21,3.17,6.82,5.02,0.447,2025-01-23T13:00:12.636851+00:00,412,Stormhold_FC_20251208101535_412,1,5.02
Riverside FC,2948.851,487.445,16.53,58.61,218,185,12,33,161,25,16,10,4,1,2,21,84.76,1,6,1,6,2,4,1,6,11,8,72.73,4,3,10,2,20.0,0,0,48,24,50.0,24,24,0,3,7,2,0,5.86,5.79,5.35,3.44,6.41,5.45,0.494,2025-11-19T12:13:55.636851+00:00,605,Riverside_FC_20251208101535_605,1,5.45
Riverside FC,2783.495,357.122,12.83,53.97,171,142,9,29,123,14,13,3,3,11,5,9,83.08,1,3,1,7,2,5,1,8,19,8,42.11,8,3,7,2,28.57,5,1,55,28,50.91,11,44,2,3,4,0,0,6.68,5.7,6.41,4.21,6.99,6.04,0.56,2025-02-27T19:43:13.636851+00:00,572,Riverside_FC_20251208101535_572,1,6.04
Summit Peak FC,3764.781,810.934,21.54,66.05,186,125,25,61,133,15,11,5,2,10,8,11,67.37,2,8,2,12,3,9,0,16,10,6,60.0,6,7,3,1,33.33,0,0,57,28,49.12,18,39,1,5,9,1,0,5.73,5.28,4.3,4.15,5.82,5.11,0.457,2025-07-17T02:09:51.636851+00:00,644,Summit_Peak_FC_20251208101535_644,1,5.11
Lakeside Athletic,2859.187,1057.041,36.97,57.35,186,152,8,34,128,24,8,7,6,8,6,16,81.95,0,5,0,6,2,4,1,5,6,3,50.0,13,6,8,3,37.5,1,1,25,7,28.0,6,19,0,0,7,1,0,5.26,5.96,6.23,3.63,6.53,5.55,0.506,2025-05-06T16:34:05.636851+00:00,95,Lakeside_Athletic_20251208101535_95,1,5.55
Twin Oak Rangers,1711.153,290.04,16.95,34.4,116,89,11,27,72,16,4,5,2,5,13,14,76.58,0,3,0,3,1,2,0,3,13,7,53.85,13,5,18,5,27.78,2,0,25,15,60.0,7,18,0,1,7,2,0,4.47,5.75,5.23,4.57,5.13,5.06,0.451,2025-09-25T20:58:36.636851+00:00,418,Twin_Oak_Rangers_20251208101535_418,1,5.06
Highland Wanderers,2264.335,394.447,17.42,41.51,134,115,10,19,88,18,4,3,6,9,6,13,85.82,1,4,1,7,2,5,0,9,8,5,62.5,16,0,9,2,22.22,1,2,19,9,47.37,8,11,0,2,11,1,0,5.54,5.34,5.07,4.72,7.18,5.44,0.493,2025-06-21T19:45:51.637851+00:00,24,Highland_Wanderers_20251208101535_24,1,5.44
Grand Harbor FC,1952.51,234.692,12.02,34.81,120,101,3,19,95,8,6,3,3,3,2,9,84.08,1,2,1,5,2,3,0,6,12,8,66.67,12,8,11,2,18.18,2,0,28,15,53.57,5,23,0,2,11,2,0,6.14,5.93,5.08,4.84,5.92,5.67,0.519,2025-10-31T02:38:37.637851+00:00,161,Grand_Harbor_FC_20251208101535_161,1,5.67
Ironforge FC,2239.784,664.544,29.67,44.01,93,73,7,20,66,6,9,5,0,1,7,6,78.58,0,1,0,5,2,3,0,5,20,10,50.0,14,4,13,4,30.77,3,0,29,13,44.83,6,23,0,0,7,1,0,5.6,5.93,5.1,5.51,6.15,5.63,0.514,2025-10-23T14:31:26.637851+00:00,605,Ironforge_FC_20251208101535_605,1,5.63
Harborview United,2903.178,675.279,23.26,51.85,182,139,12,43,134,13,14,7,11,2,1,24,76.13,1,5,1,7,2,5,1,8,11,6,54.55,11,2,14,4,28.57,1,0,26,17,65.38,12,14,0,2,4,0,0,5.87,6.24,5.79,4.86,7.52,5.98,0.553,2024-12-21T10:15:18.637851+00:00,251,Harborview_United_20251208101535_251,1,5.98
Riverside FC,2419.157,438.835,18.14,43.59,138,109,9,29,102,18,4,1,0,5,8,19,78.73,1,1,1,7,4,3,1,7,5,3,60.0,7,2,15,6,40.0,2,2,5,3,60.0,1,4,2,3,3,1,0,6.51,4.91,4.9,4.47,6.98,5.5,0.5,2025-03-24T09:01:49.637851+00:00,434,Riverside_FC_20251208101535_434,1,5.5
Grand Harbor FC,2569.549,559.134,21.76,45.38,165,117,17,48,118,14,8,4,4,6,10,11,70.76,1,2,1,6,2,4,1,5,14,8,57.14,16,9,6,1,16.67,0,0,5,4,80.0,2,3,0,3,11,1,0,6.35,5.41,4.85,4.86,6.0,5.54,0.504,2025-05-16T00:42:26.637851+00:00,412,Grand_Harbor_FC_20251208101535_412,1,5.54
Silverlake City,3265.315,865.635,26.51,64.14,158,98,17,60,118,23,9,9,4,0,0,13,61.77,0,2,0,5,2,3,0,4,9,4,44.44,4,9,2,0,0.0,2,1,14,7,50.0,5,9,0,2,6,0,0,5.07,6.23,4.13,3.92,7.16,5.25,0.472,2025-10-15T22:15:41.637851+00:00,747,Silverlake_City_20251208101535_747,1,5.25
Goldenfield Rovers,2021.036,448.67,22.2,35.67,135,93,11,42,91,5,9,10,2,10,9,13,69.22,1,3,1,8,2,6,0,12,11,5,45.45,11,11,4,0,0.0,2,2,10,4,40.0,5,5,2,3,7,1,0,6.2,5.78,5.26,4.06,6.08,5.58,0.509,2025-06-01T19:40:00.638855+00:00,576,Goldenfield_Rovers_20251208101535_576,1,5.58
Crestfall Town,2648.983,305.693,11.54,49.76,179,130,15,49,150,20,1,5,0,1,2,16,72.68,1,3,1,6,3,3,0,7,12,6,50.0,13,4,8,2,25.0,2,2,13,6,46.15,2,11,0,3,13,0,0,5.94,5.43,4.73,4.33,7.8,5.52,0.502,2025-05-02T00:15:43.638855+00:00,479,Crestfall_Town_20251208101535_479,1,5.52
San Beda University,2356.944,349.299,14.82,48.05,158,120,16,38,101,12,7,4,0,11,22,16,75.77,1,3,1,8,2,6,0,12,12,7,58.33,7,0,9,2,22.22,2,0,31,9,29.03,8,23,0,3,6,1,0,6.31,6.78,5.08,3.77,6.57,5.87,0.541,2025-09-11T08:36:48.638855+00:00,8,San_Beda_University_20251208101535_8,1,5.87
Riverstone FC,3498.655,885.16,25.3,65.74,294,194,21,100,239,15,18,17,16,0,0,9,65.93,1,8,1,9,4,5,0,8,17,11,64.71,7,6,7,2,28.57,1,1,58,22,37.93,25,33,1,5,7,1,0,5.9,5.76,5.1,4.68,6.21,5.56,0.507,2025-03-03T08:36:57.638855+00:00,749,Riverstone_FC_20251208101535_749,1,5.56
Highland Wanderers,3954.025,1372.442,34.71,69.26,264,218,16,46,202,41,2,12,0,2,5,31,82.61,1,5,1,7,3,4,1,6,26,12,46.15,6,3,8,1,12.5,2,2,72,45,62.5,18,54,0,1,1,0,0,6.64,6.32,6.12,5.02,7.03,6.26,0.584,2025-05-19T15:32:05.638855+00:00,674,Highland_Wanderers_20251208101535_674,1,6.26
Summit Peak FC,2363.659,472.259,19.98,43.62,222,190,2,32,134,28,6,11,3,8,32,22,85.66,1,4,1,7,3,4,1,5,4,2,50.0,5,3,0,0,0.0,0,1,10,4,40.0,3,7,2,3,5,1,0,5.3,5.67,5.13,4.19,6.72,5.36,0.484,2025-09-26T02:14:51.638855+00:00,109,Summit_Peak_FC_20251208101535_109,1,5.36
Prime City Athletic,2900.635,332.703,11.47,55.26,240,153,39,87,168,26,23,6,4,7,6,4,63.73,1,3,1,10,3,7,0,9,0,0,34.82,15,8,6,2,33.33,2,3,25,9,36.0,6,19,2,3,7,2,0,6.66,6.39,5.39,4.62,4.89,5.87,0.541,2024-12-08T11:25:29.638855+00:00,122,Prime_City_Athletic_20251208101535_122,1,5.87
Twin Oak Rangers,3957.968,513.348,12.97,75.97,217,171,22,46,150,22,12,7,5,8,12,18,78.66,2,6,2,11,4,7,0,9,6,4,66.67,4,5,4,0,0.0,0,1,62,40,64.52,18,44,1,3,3,0,0,6.89,4.57,4.62,5.52,7.65,5.67,0.519,2025-08-17T16:44:44.639851+00:00,172,Twin_Oak_Rangers_20251208101535_172,1,5.67
Northbridge FC,2089.602,403.711,19.32,38.81,155,127,14,28,107,7,12,1,0,10,19,22,81.85,0,7,0,6,2,4,0,8,10,7,70.0,2,10,3,1,33.33,2,0,3,2,66.67,1,2,0,1,7,0,0,5.24,4.82,5.89,4.0,7.2,5.27,0.474,2025-03-19T00:17:22.639851+00:00,604,Northbridge_FC_20251208101535_604,1,5.27
Summit Peak FC,1589.116,247.425,15.57,32.44,131,107,10,24,121,11,10,3,3,0,0,9,81.51,1,3,1,4,1,3,0,5,4,3,75.0,10,10,15,2,13.33,0,0,29,17,58.62,9,20,3,1,3,0,0,6.28,5.5,5.88,4.25,8.36,5.91,0.546,2025-08-11T18:50:58.639851+00:00,270,Summit_Peak_FC_20251208101535_270,1,5.91
Oldtown United,2577.377,608.261,23.6,49.25,195,152,21,43,114,21,6,6,8,24,17,7,78.1,1,2,1,6,2,4,0,6,10,4,40.0,15,11,8,2,25.0,1,1,43,23,53.49,17,26,0,4,3,1,0,5.78,5.29,5.75,4.84,7.43,5.67,0.519,2025-07-07T23:38:30.639851+00:00,977,Oldtown_United_20251208101535_977,1,5.67
Twin Oak Rangers,2177.334,475.965,21.86,41.34,183,162,6,21,149,10,6,1,0,4,14,16,88.33,0,4,0,4,2,2,0,6,5,2,40.0,8,14,8,3,37.5,3,2,5,3,60.0,3,2,0,1,5,0,0,5.57,5.74,6.21,4.2,7.3,5.73,0.526,2025-05-14T23:45:06.639851+00:00,867,Twin_Oak_Rangers_20251208101535_867,1,5.73
Ironforge FC,3250.134,1293.553,39.8,58.44,170,150,8,20,104,30,17,6,0,4,9,17,88.02,1,3,1,10,3,7,1,9,17,11,64.71,5,6,12,5,41.67,3,1,23,11,47.83,4,19,0,2,12,2,0,6.76,6.33,5.38,4.03,5.65,5.87,0.541,2025-04-09T17:47:26.639851+00:00,995,Ironforge_FC_20251208101535_995,1,5.87
Riverside FC,2422.333,413.734,17.08,48.55,223,191,9,32,171,18,8,7,0,3,16,22,85.6,0,4,0,5,3,2,0,6,5,4,80.0,13,7,2,0,0.0,0,0,23,8,34.78,3,20,0,1,5,1,0,6.05,4.94,6.78,4.9,6.36,5.76,0.529,2025-12-07T03:44:47.639851+00:00,336,Riverside_FC_20251208101535_336,1,5.76
Riverstone FC,3411.548,920.436,26.98,67.69,280,209,34,71,211,3,14,15,2,16,19,29,74.74,1,3,1,9,3,6,1,10,23,15,65.22,5,8,8,2,25.0,1,1,37,16,43.24,8,29,3,4,4,0,0,6.08,5.64,6.12,4.59,7.71,5.92,0.547,2025-05-30T15:58:51.640851+00:00,352,Riverstone_FC_20251208101535_352,1,5.92
Metro FC,3336.292,633.562,18.99,67.45,183,146,15,37,144,13,7,8,3,2,6,18,79.9,1,5,1,9,3,6,0,9,18,9,50.0,8,5,0,0,0.0,2,1,13,8,61.54,5,8,3,3,3,0,0,7.01,5.84,5.24,4.32,7.74,6.02,0.558,2025-03-25T18:32:27.640851+00:00,62,Metro_FC_20251208101535_62,1,6.02
Riverstone FC,2517.43,384.16,15.26,46.1,106,83,10,23,81,13,7,4,3,0,0,7,78.49,1,2,1,7,2,5,0,11,14,6,42.86,16,11,10,2,20.0,1,0,19,11,57.89,8,11,1,2,11,1,0,6.18,6.1,4.86,5.16,6.73,5.81,0.534,2025-09-01T01:57:54.640851+00:00,663,Riverstone_FC_20251208101535_663,1,5.81
Eastview Rangers,3270.984,210.978,6.45,65.2,291,217,36,74,196,28,8,12,1,20,26,29,74.65,1,6,1,7,4,3,0,7,13,7,53.85,13,4,3,1,33.33,2,0,9,3,33.33,3,6,2,1,4,0,0,6.69,6.33,4.85,3.96,7.72,5.94,0.549,2025-05-25T19:32:25.640851+00:00,373,Eastview_Rangers_20251208101535_373,1,5.94
Stormhold FC,1959.067,694.881,35.47,38.48,117,99,7,18,93,19,9,1,1,0,0,8,84.36,0,4,0,4,2,2,1,4,17,8,47.06,4,11,10,2,20.0,0,0,9,5,55.56,0,9,0,0,8,0,0,6.22,4.64,4.8,5.21,7.61,5.49,0.499,2025-04-09T07:16:54.640851+00:00,834,Stormhold_FC_20251208101535_834,1,5.49
Southgate United,2866.834,302.451,10.55,54.55,158,109,17,49,107,11,7,4,11,7,11,20,69.0,1,3,1,7,3,4,0,6,13,5,38.46,4,6,1,0,0.0,2,0,20,10,50.0,8,12,0,2,9,1,0,5.91,5.58,4.54,3.9,6.64,5.34,0.482,2025-12-06T06:47:09.640851+00:00,657,Southgate_United_20251208101535_657,1,5.34
Summit Peak FC,1896.55,234.983,12.39,33.34,128,118,3,10,100,10,6,6,3,2,2,8,92.51,1,4,1,4,2,2,0,4,9,5,55.56,14,5,13,2,15.38,2,0,21,7,33.33,3,18,0,0,10,3,0,5.91,5.54,5.27,4.09,4.05,5.24,0.471,2025-07-11T13:36:37.640851+00:00,550,Summit_Peak_FC_20251208101535_550,1,5.24
Millennium Rovers,3434.043,364.009,10.6,63.64,193,134,31,59,156,20,15,5,3,0,0,14,69.4,1,7,1,11,4,7,1,9,11,6,54.55,9,4,11,2,18.18,0,0,24,9,37.5,8,16,1,1,3,0,0,7.14,4.99,5.55,4.47,7.65,5.9,0.544,2025-08-01T14:26:19.641851+00:00,91,Millennium_Rovers_20251208101535_91,1,5.9
Lakeside Athletic,1261.134,438.118,34.74,23.53,65,52,5,13,48,7,5,0,4,0,1,8,80.51,0,1,0,3,1,2,0,6,5,3,60.0,13,11,18,3,16.67,0,0,18,15,83.33,0,18,0,2,3,1,0,4.88,6.46,4.41,4.32,6.74,5.34,0.482,2025-11-08T07:21:11.641851+00:00,107,Lakeside_Athletic_20251208101535_107,1,5.34
Hillcrest Athletic,3399.337,1094.247,32.19,64.44,167,142,9,25,114,25,2,9,6,7,3,8,85.23,0,3,0,4,2,2,0,6,17,11,64.71,4,3,5,2,40.0,0,2,35,23,65.71,13,22,0,0,7,1,0,5.67,5.51,5.57,4.22,6.34,5.47,0.497,2025-10-12T10:19:00.641851+00:00,807,Hillcrest_Athletic_20251208101535_807,1,5.47
Twin Oak Rangers,2948.205,88.446,3.0,58.89,177,150,11,27,127,20,8,4,2,9,7,5,84.66,1,5,1,7,3,4,1,8,7,3,42.86,8,5,7,1,14.29,1,1,10,4,40.0,2,8,0,2,3,1,0,4.71,5.46,4.93,4.46,6.24,5.08,0.453,2025-01-20T21:51:15.641851+00:00,126,Twin_Oak_Rangers_20251208101535_126,1,5.08
Oldtown United,3186.645,567.223,17.8,61.75,157,117,16,40,129,15,10,8,3,0,0,6,74.5,1,3,1,7,2,5,1,8,14,12,85.71,7,6,10,3,30.0,1,0,37,17,45.95,12,25,0,2,4,3,0,5.97,6.18,4.64,4.98,4.92,5.52,0.502,2025-10-17T16:34:13.641851+00:00,463,Oldtown_United_20251208101535_463,1,5.52
Highland Wanderers,2932.772,850.211,28.99,58.59,180,136,10,44,114,28,11,8,1,7,10,9,75.6,1,4,1,7,3,4,0,6,12,7,58.33,8,3,7,1,14.29,0,0,0,0,47.19,0,0,2,1,7,3,0,6.25,4.99,5.14,3.54,4.84,5.15,0.461,2025-04-28T23:43:41.641851+00:00,550,Highland_Wanderers_20251208101535_550,1,5.15
Valley Rovers,2694.782,317.715,11.79,49.31,111,90,7,21,79,11,1,8,3,4,4,9,81.12,1,3,1,6,3,3,1,6,1,0,0.0,8,8,8,1,12.5,2,0,14,6,42.86,5,9,1,1,0,0,0,6.47,5.47,4.04,3.33,6.68,5.29,0.477,2024-12-29T01:58:57.641851+00:00,655,Valley_Rovers_20251208101535_655,1,5.29
Millennium Rovers,2238.245,447.201,19.98,44.89,183,141,17,42,128,7,9,14,4,15,7,14,77.2,0,3,0,4,2,2,0,5,6,3,50.0,3,4,16,2,12.5,0,1,12,7,58.33,5,7,0,1,8,1,0,4.96,5.11,5.41,3.89,6.73,5.12,0.458,2025-06-29T05:01:14.642851+00:00,572,Millennium_Rovers_20251208101535_572,1,5.12
Garden State FC,2317.614,556.691,24.02,46.91,220,151,31,69,168,17,10,7,5,5,7,27,68.58,0,2,0,4,1,3,0,5,7,4,57.14,10,6,15,3,20.0,0,1,24,13,54.17,11,13,1,0,12,0,0,6.4,5.99,5.71,4.35,7.8,6.0,0.556,2025-02-12T09:12:41.642851+00:00,425,Garden_State_FC_20251208101535_425,1,6.0
Twin Oak Rangers,2997.743,393.004,13.11,57.79,223,160,24,63,148,24,12,4,9,17,9,15,71.7,1,4,1,9,4,5,1,11,24,14,58.33,5,4,15,2,13.33,0,2,35,19,54.29,12,23,2,4,2,1,0,6.63,5.75,5.05,5.01,6.15,5.79,0.532,2025-04-09T10:04:46.642851+00:00,179,Twin_Oak_Rangers_20251208101535_179,1,5.79
Grand Harbor FC,3375.267,932.924,27.64,59.09,178,141,14,37,127,18,12,10,5,4,3,12,79.03,1,6,1,11,5,6,1,13,23,14,60.87,7,5,8,2,25.0,0,1,37,23,62.16,9,28,0,3,3,0,0,5.75,5.8,5.89,5.69,7.49,5.96,0.551,2025-09-26T01:59:55.642851+00:00,227,Grand_Harbor_FC_20251208101535_227,1,5.96
San Beda University,2943.877,439.521,14.93,53.0,247,213,9,34,195,30,7,3,7,1,5,18,86.07,0,8,0,8,3,5,1,9,8,3,37.5,10,6,4,1,25.0,3,1,38,16,42.11,4,34,1,2,8,1,0,6.3,5.42,5.02,4.45,6.23,5.53,0.503,2025-01-23T08:04:48.642851+00:00,293,San_Beda_University_20251208101535_293,1,5.53
Northbridge FC,1610.507,296.172,18.39,31.75,80,68,6,12,51,5,5,3,0,8,8,9,85.51,0,3,0,5,2,3,1,8,2,1,50.0,16,7,14,4,28.57,1,1,20,10,50.0,8,12,0,1,15,0,0,5.22,5.42,5.06,4.89,7.84,5.46,0.496,2025-02-04T10:16:38.642851+00:00,136,Northbridge_FC_20251208101535_136,1,5.46
Evergreen Sporting,1885.949,557.109,29.54,37.95,75,53,7,22,53,6,3,1,1,3,7,0,70.5,1,3,1,6,2,4,0,8,8,4,50.0,7,9,1,0,0.0,3,0,29,6,20.69,9,20,0,3,17,0,0,6.37,5.28,4.02,5.09,6.67,5.45,0.494,2025-07-27T15:00:07.642851+00:00,872,Evergreen_Sporting_20251208101535_872,1,5.45
Garden State FC,1450.725,256.923,17.71,28.37,107,79,11,28,67,9,0,5,2,11,13,9,74.17,1,4,1,3,1,2,0,3,7,5,71.43,18,4,19,3,15.79,2,0,3,2,66.67,1,2,2,1,8,0,0,5.42,4.71,4.35,4.85,8.15,5.2,0.467,2025-07-11T16:17:41.643851+00:00,524,Garden_State_FC_20251208101535_524,1,5.2
Millennium Rovers,3821.451,793.715,20.77,68.26,186,158,9,28,131,25,2,6,5,7,10,22,84.87,1,3,1,9,4,5,1,9,26,9,34.62,10,3,7,2,28.57,2,2,23,12,52.17,8,15,2,2,4,0,0,5.71,6.47,5.68,5.33,7.98,6.09,0.566,2025-08-28T10:06:06.643851+00:00,564,Millennium_Rovers_20251208101535_564,1,6.09
Valley Rovers,2750.154,910.301,33.1,48.13,187,157,5,30,141,34,13,4,1,0,0,13,83.99,1,2,1,8,3,5,1,9,20,6,30.0,8,4,4,0,0.0,1,1,37,19,51.35,7,30,0,2,9,1,0,5.82,5.99,5.11,3.44,6.28,5.44,0.493,2025-10-11T03:25:21.643851+00:00,69,Valley_Rovers_20251208101535_69,1,5.44
Northbridge FC,1743.628,219.697,12.6,35.29,100,84,6,16,83,12,5,3,3,0,0,4,84.08,0,2,0,3,1,2,0,5,2,1,50.0,12,7,13,3,23.08,2,1,19,12,63.16,4,15,0,0,10,2,0,4.78,5.38,5.14,4.99,5.44,5.12,0.458,2025-01-22T10:59:19.643851+00:00,268,Northbridge_FC_20251208101535_268,1,5.12
San Beda University,2812.54,423.006,15.04,49.72,183,164,4,19,139,23,4,5,5,3,4,14,89.49,1,3,1,6,2,4,0,5,6,4,66.67,12,0,18,3,16.67,1,2,32,13,40.62,4,28,1,1,5,0,0,5.97,4.23,5.37,3.76,8.46,5.3,0.478,2025-08-23T20:36:33.643851+00:00,106,San_Beda_University_20251208101535_106,1,5.3
Westwood Athletic,2186.421,651.772,29.81,40.73,130,88,14,42,99,17,5,5,3,1,0,11,67.94,1,3,1,7,3,4,0,10,7,3,42.86,10,11,4,1,25.0,2,2,19,10,52.63,3,16,2,4,10,3,0,5.24,5.72,4.6,4.54,4.35,5.06,0.451,2025-11-07T04:16:00.643851+00:00,262,Westwood_Athletic_20251208101535_262,1,5.06
Hillcrest Athletic,3608.162,626.377,17.36,64.25,284,172,44,112,215,33,5,13,17,0,1,20,60.56,2,2,2,11,3,8,1,10,11,3,27.27,7,5,6,2,33.33,0,1,31,11,35.48,11,20,1,3,3,0,0,6.32,4.48,5.57,4.3,7.76,5.52,0.502,2024-12-27T23:41:30.644851+00:00,129,Hillcrest_Athletic_20251208101535_129,1,5.52
Pioneer Ville FC,3802.892,330.091,8.68,73.68,168,112,16,56,116,10,0,6,6,7,23,26,66.66,0,4,0,7,2,5,0,7,9,5,55.56,2,2,2,1,50.0,1,2,38,18,47.37,13,25,1,1,6,1,0,4.89,4.09,5.65,3.36,6.91,4.81,0.423,2025-02-15T07:29:42.644851+00:00,222,Pioneer_Ville_FC_20251208101535_222,1,4.81
Harborview United,4045.705,786.485,19.44,70.85,208,199,4,9,160,17,5,7,0,10,10,6,95.76,2,4,2,14,6,8,1,16,17,11,64.71,6,2,4,1,25.0,2,2,3,1,33.33,1,2,2,3,3,0,0,6.54,6.26,5.62,3.12,7.18,5.86,0.54,2025-05-26T01:25:55.644851+00:00,250,Harborview_United_20251208101535_250,1,5.86
Evergreen Sporting,1984.713,553.338,27.88,35.46,115,81,15,34,93,19,15,8,1,0,0,7,70.55,1,5,1,6,2,4,1,6,6,3,50.0,22,8,9,1,11.11,2,1,20,9,45.0,10,10,0,1,4,0,0,5.99,6.33,5.15,3.97,7.13,5.75,0.528,2025-01-12T03:02:44.644851+00:00,947,Evergreen_Sporting_20251208101535_947,1,5.75
Ironforge FC,1926.518,613.789,31.86,34.18,77,72,2,5,62,9,3,6,2,0,0,6,92.91,1,2,1,5,2,3,0,6,4,3,75.0,14,10,12,3,25.0,1,2,13,6,46.15,3,10,0,1,17,1,0,4.97,6.29,5.99,3.81,6.91,5.58,0.509,2025-01-13T09:21:34.644851+00:00,328,Ironforge_FC_20251208101535_328,1,5.58
Evergreen Sporting,2611.7,468.017,17.92,52.46,134,117,8,17,79,26,7,2,0,11,10,10,87.4,0,4,0,7,3,4,0,11,7,4,57.14,10,4,14,2,14.29,3,0,17,11,64.71,7,10,3,2,8,2,0,6.84,5.51,5.36,4.62,5.64,5.74,0.527,2025-04-03T18:42:29.644851+00:00,808,Evergreen_Sporting_20251208101535_808,1,5.74
Prime City Athletic,2124.088,273.583,12.88,37.87,146,108,10,38,101,4,6,6,9,6,14,15,73.92,1,6,1,7,3,4,1,6,11,5,45.45,14,2,11,4,36.36,2,2,28,16,57.14,9,19,0,1,5,0,0,5.15,5.64,5.53,3.59,7.13,5.34,0.482,2025-02-21T14:45:52.644851+00:00,707,Prime_City_Athletic_20251208101535_707,1,5.34
Coastal Town,2243.966,718.069,32.0,42.54,176,133,10,43,114,13,7,10,5,18,10,22,75.37,2,7,2,9,5,4,0,9,5,3,60.0,5,5,15,3,20.0,4,2,14,9,64.29,5,9,1,3,11,1,0,6.79,6.41,4.92,4.75,6.73,6.02,0.558,2024-12-12T11:00:33.645851+00:00,139,Coastal_Town_20251208101535_139,1,6.02
Eastview Rangers,3333.562,215.015,6.45,58.7,178,138,11,40,141,23,10,7,4,0,0,18,77.43,1,4,1,8,3,5,0,9,6,3,50.0,10,0,18,6,33.33,3,1,45,28,62.22,3,42,2,4,6,0,0,5.95,5.77,5.29,4.07,7.92,5.7,0.522,2025-09-28T00:48:34.645851+00:00,536,Eastview_Rangers_20251208101535_536,1,5.7
Frontier Rovers,2282.244,657.514,28.81,41.16,70,68,1,2,49,5,6,1,2,2,6,3,97.32,0,0,1,6,2,4,1,6,10,5,50.0,6,15,13,4,30.77,3,0,27,8,29.63,6,21,0,4,9,3,0,5.86,5.82,5.7,4.01,5.15,5.49,0.499,2025-03-02T18:38:31.645851+00:00,463,Frontier_Rovers_20251208101535_463,1,5.49
Southgate United,2393.822,322.448,13.47,45.86,148,130,6,18,113,13,10,8,0,1,3,13,88.12,1,1,1,5,2,3,0,4,19,11,57.89,14,10,10,2,20.0,1,0,24,7,29.17,6,18,0,1,7,1,0,6.06,5.9,5.42,3.9,6.68,5.65,0.517,2025-02-03T03:07:06.645851+00:00,876,Southgate_United_20251208101535_876,1,5.65
Frontier Rovers,2583.874,355.799,13.77,45.73,157,123,16,34,124,15,1,0,0,2,16,21,78.33,1,5,1,7,2,5,1,8,27,16,59.26,12,7,6,1,16.67,0,2,34,17,50.0,17,17,1,1,7,2,0,6.01,6.27,4.93,3.55,5.88,5.51,0.501,2025-01-05T21:25:20.645851+00:00,47,Frontier_Rovers_20251208101535_47,1,5.51
Frontier Rovers,2749.029,756.258,27.51,53.93,169,135,13,34,135,16,15,7,1,0,0,23,80.11,1,5,1,6,3,3,0,9,10,6,60.0,0,8,1,0,0.0,1,1,11,3,27.27,2,9,1,2,4,0,0,6.12,5.71,5.55,4.45,7.16,5.76,0.529,2025-08-28T01:15:02.645851+00:00,30,Frontier_Rovers_20251208101535_30,1,5.76
Garden State FC,926.024,374.114,40.4,18.59,73,60,5,13,38,8,3,0,1,4,18,6,81.93,0,2,0,2,1,1,0,3,3,2,66.67,12,9,20,4,20.0,3,0,6,4,66.67,2,4,1,1,14,1,0,4.7,6.29,4.85,3.29,6.48,5.16,0.462,2025-08-14T06:37:14.645851+00:00,257,Garden_State_FC_20251208101535_257,1,5.16
Eastview Rangers,2097.62,438.403,20.9,38.02,163,132,13,31,88,15,8,0,3,27,22,16,80.74,0,2,0,5,2,3,0,6,5,3,60.0,14,5,17,3,17.65,2,0,13,9,69.23,4,9,0,1,8,1,0,5.07,5.98,4.7,4.69,7.3,5.42,0.491,2025-11-18T10:28:43.646851+00:00,976,Eastview_Rangers_20251208101535_976,1,5.42
Southgate United,3161.646,661.416,20.92,63.71,176,116,27,60,109,23,15,9,2,9,10,29,65.68,1,4,1,4,2,2,0,5,20,12,60.0,8,8,11,4,36.36,1,2,35,19,54.29,15,20,0,1,6,0,0,5.8,5.51,5.0,4.14,7.04,5.45,0.494,2025-10-27T20:40:25.646851+00:00,681,Southgate_United_20251208101535_681,1,5.45
Westwood Athletic,2064.903,444.367,21.52,40.65,143,127,4,16,103,15,3,5,1,4,12,12,88.66,0,3,0,5,2,3,1,6,10,6,60.0,7,3,6,2,33.33,3,0,18,10,55.56,5,13,0,1,3,0,0,5.59,5.47,5.17,4.44,7.61,5.51,0.501,2025-07-01T06:36:51.646851+00:00,58,Westwood_Athletic_20251208101535_58,1,5.51
Ironforge FC,2622.469,649.323,24.76,49.19,177,115,33,62,129,28,13,11,6,0,0,13,65.1,1,4,1,8,3,5,1,9,3,2,66.67,6,2,6,0,0.0,1,0,27,13,48.15,2,25,0,2,9,1,0,5.96,5.78,4.76,4.62,6.8,5.57,0.508,2025-08-07T00:27:58.646851+00:00,251,Ironforge_FC_20251208101535_251,1,5.57
Royal Haven FC,2824.951,945.794,33.48,50.33,165,124,13,41,115,20,10,8,3,4,4,0,74.99,0,5,0,7,3,4,0,11,8,4,50.0,10,7,14,4,28.57,2,0,19,7,36.84,1,18,1,2,4,0,0,6.13,5.06,5.25,4.56,7.01,5.52,0.502,2025-11-25T20:42:23.646851+00:00,374,Royal_Haven_FC_20251208101535_374,1,5.52
Stormhold FC,2741.969,699.476,25.51,51.44,181,129,16,52,120,40,11,7,0,0,2,15,71.0,1,4,1,8,3,5,1,7,9,7,77.78,13,7,11,1,9.09,2,0,33,18,54.55,15,18,3,2,8,3,0,6.42,5.53,5.23,5.25,4.31,5.56,0.507,2025-04-05T09:27:52.646851+00:00,507,Stormhold_FC_20251208101535_507,1,5.56
Crown City FC,2325.001,536.378,23.07,43.57,157,124,6,33,116,7,8,3,1,11,11,25,79.08,1,3,1,8,4,4,1,6,5,3,60.0,12,7,13,3,23.08,2,0,18,9,50.0,4,14,1,3,10,1,0,5.93,5.92,4.65,5.06,6.57,5.61,0.512,2025-11-10T16:46:01.646851+00:00,387,Crown_City_FC_20251208101535_387,1,5.61
Riverstone FC,1903.333,485.731,25.52,34.34,101,93,3,8,77,6,4,6,2,3,4,12,92.52,0,1,0,5,2,3,1,6,3,2,66.67,23,13,20,4,20.0,1,0,0,0,44.49,0,0,0,4,9,1,0,5.89,5.3,5.28,5.31,6.58,5.59,0.51,2025-10-16T19:01:15.647851+00:00,694,Riverstone_FC_20251208101535_694,1,5.59
Crestfall Town,1560.757,183.701,11.77,29.93,121,72,27,49,93,17,3,2,0,2,4,7,59.72,1,3,1,4,2,2,0,3,6,4,66.67,3,11,18,5,27.78,2,0,15,10,66.67,5,10,0,0,5,1,0,5.93,6.48,4.52,3.75,6.2,5.52,0.502,2025-05-31T15:28:37.647851+00:00,624,Crestfall_Town_20251208101535_624,1,5.52
Riverstone FC,2984.03,1019.643,34.17,52.9,193,128,32,65,122,13,10,4,1,20,23,14,66.5,2,7,2,11,4,7,0,16,12,6,50.0,9,5,8,0,0.0,2,0,28,18,64.29,16,12,2,0,4,0,0,6.33,5.22,4.61,4.32,7.46,5.51,0.501,2025-02-27T01:05:46.647851+00:00,516,Riverstone_FC_20251208101535_516,1,5.51
Hillcrest Athletic,3575.843,406.216,11.36,72.37,279,248,12,31,199,30,5,2,10,8,25,46,88.83,0,7,0,9,3,6,1,8,14,10,71.43,6,6,3,0,0.0,1,0,69,30,43.48,9,60,2,4,5,1,0,5.69,5.9,5.24,5.07,6.94,5.7,0.522,2025-08-14T23:33:55.647851+00:00,240,Hillcrest_Athletic_20251208101535_240,1,5.7
San Beda University,3197.892,598.006,18.7,58.98,150,105,19,45,113,14,1,0,4,6,11,14,69.85,1,1,1,8,3,5,1,10,11,7,63.64,5,11,10,2,20.0,1,0,40,24,60.0,2,38,2,2,3,0,0,6.73,4.83,5.42,4.55,7.91,5.75,0.528,2025-07-21T09:57:58.647851+00:00,724,San_Beda_University_20251208101535_724,1,5.75
Frontier Rovers,2396.818,401.946,16.77,48.43,131,119,4,12,90,18,4,2,7,6,4,18,90.88,1,4,1,5,2,3,0,4,9,5,55.56,15,5,9,0,0.0,0,2,23,15,65.22,3,20,1,2,6,0,0,6.1,6.25,5.48,4.25,7.43,5.89,0.543,2025-11-04T11:30:01.647851+00:00,292,Frontier_Rovers_20251208101535_292,1,5.89
Union Crest United,2459.437,271.522,11.04,50.46,141,97,17,44,103,11,2,0,2,13,9,8,68.97,1,4,1,8,3,5,1,6,8,5,62.5,16,5,4,1,25.0,1,0,12,6,50.0,5,7,1,1,15,0,0,5.56,6.05,5.4,5.3,8.29,5.9,0.544,2025-09-15T13:53:28.647851+00:00,802,Union_Crest_United_20251208101535_802,1,5.9
Blue Ridge FC,2873.873,504.077,17.54,53.25,238,183,24,55,169,23,11,0,1,5,28,4,76.79,1,6,1,5,1,4,0,6,11,8,72.73,10,4,7,0,0.0,1,1,22,16,72.73,3,19,0,0,6,0,0,6.12,5.83,4.98,5.2,7.89,5.86,0.54,2025-01-14T09:26:59.648851+00:00,827,Blue_Ridge_FC_20251208101535_827,1,5.86
Oldtown United,3886.731,1046.308,26.92,72.02,267,215,12,52,207,25,0,7,17,4,8,12,80.47,1,5,1,10,3,7,1,10,19,11,57.89,3,3,1,0,0.0,1,2,81,31,38.27,12,69,0,4,7,1,0,5.52,4.93,6.6,3.78,6.07,5.38,0.487,2025-08-12T16:37:15.648851+00:00,599,Oldtown_United_20251208101535_599,1,5.38
Riverstone FC,2950.887,827.134,28.03,60.23,147,105,16,42,113,13,7,6,0,4,4,16,71.23,1,2,1,9,3,6,1,11,0,0,55.39,3,9,1,0,0.0,0,0,47,16,34.04,8,39,0,4,7,1,0,5.99,5.22,5.12,4.26,7.2,5.48,0.498,2025-04-27T14:15:41.648851+00:00,319,Riverstone_FC_20251208101535_319,1,5.48
Frontier Rovers,3215.229,1109.897,34.52,59.77,246,167,31,79,176,19,28,9,3,7,4,8,67.97,1,10,1,8,3,5,1,11,9,5,55.56,10,4,6,1,16.67,1,0,32,21,65.62,8,24,0,2,8,0,0,6.6,5.17,5.74,4.59,7.7,5.86,0.54,2025-04-23T23:17:03.648851+00:00,387,Frontier_Rovers_20251208101535_387,1,5.86
Summit Peak FC,2178.734,630.743,28.95,41.66,95,64,5,31,55,15,2,3,4,7,7,15,67.84,0,2,0,4,1,3,0,5,9,6,66.67,6,7,2,0,0.0,1,0,39,28,71.79,12,27,0,2,4,1,0,5.29,5.99,4.6,4.11,6.39,5.29,0.477,2025-04-24T21:29:24.648851+00:00,888,Summit_Peak_FC_20251208101535_888,1,5.29
Westwood Athletic,2870.437,525.577,18.31,58.15,236,181,8,55,201,35,15,9,0,0,0,24,76.9,1,7,1,6,3,3,0,7,28,17,60.71,3,4,11,4,36.36,1,1,0,0,80.29,0,0,0,2,6,1,0,5.94,5.81,6.28,5.14,6.88,5.95,0.55,2025-07-03T12:57:50.648851+00:00,306,Westwood_Athletic_20251208101535_306,1,5.95
Stormhold FC,2494.333,586.917,23.53,45.72,125,97,2,28,88,3,8,4,7,10,6,2,77.79,1,2,1,8,3,5,1,9,6,3,50.0,3,6,10,3,30.0,1,0,7,2,28.57,3,4,1,2,5,0,0,6.77,6.13,5.03,4.37,8.08,6.04,0.56,2024-12-14T01:47:19.648851+00:00,845,Stormhold_FC_20251208101535_845,1,6.04
Redwood Borough,3178.575,553.708,17.42,57.89,184,150,14,34,138,24,10,3,4,2,3,14,81.63,1,4,1,7,3,4,1,9,14,5,35.71,5,5,15,3,20.0,1,1,30,15,50.0,7,23,2,4,8,1,0,5.15,6.13,5.5,3.88,6.0,5.4,0.489,2025-10-26T14:41:54.649851+00:00,4,Redwood_Borough_20251208101535_4,1,5.4
Silverlake City,2174.44,803.238,36.94,41.11,150,124,12,26,134,12,13,7,6,0,0,9,82.78,1,6,1,5,2,3,1,4,7,4,57.14,16,10,6,2,33.33,2,0,16,11,68.75,2,14,1,1,17,1,0,6.26,6.14,4.43,4.32,5.95,5.56,0.507,2025-09-08T02:25:38.649851+00:00,424,Silverlake_City_20251208101535_424,1,5.56
Union Crest United,3117.454,830.178,26.63,54.94,157,132,10,25,107,27,13,5,0,4,1,12,84.03,1,7,1,7,3,4,0,4,18,9,50.0,11,9,0,0,0.0,0,1,40,22,55.0,8,32,1,2,6,0,0,5.69,6.56,5.02,3.7,8.09,5.76,0.529,2025-11-05T22:34:57.649851+00:00,211,Union_Crest_United_20251208101535_211,1,5.76
Redwood Borough,2970.619,1055.164,35.52,58.06,167,124,13,43,117,14,28,9,3,0,0,4,74.2,2,2,2,10,4,6,0,11,18,12,66.67,13,5,13,4,30.77,0,0,35,13,37.14,14,21,3,2,5,0,0,7.17,6.44,4.78,4.45,7.44,6.13,0.57,2024-12-13T15:05:34.649851+00:00,40,Redwood_Borough_20251208101535_40,1,6.13
Highland Wanderers,2635.95,810.555,30.75,48.51,200,149,15,51,149,28,0,7,5,5,5,9,74.64,1,6,1,7,2,5,0,7,6,4,66.67,2,6,9,2,22.22,1,0,40,18,45.0,2,38,1,1,5,0,0,5.65,5.08,6.03,4.94,7.34,5.64,0.516,2025-06-17T11:50:36.649851+00:00,164,Highland_Wanderers_20251208101535_164,1,5.64
Pioneer Ville FC,3469.929,1126.686,32.47,64.97,245,188,13,57,167,31,17,15,12,2,2,0,76.57,1,4,1,6,3,3,1,6,26,16,61.54,8,3,4,1,25.0,1,0,41,19,46.34,4,37,0,3,8,1,0,6.71,5.57,5.37,5.0,6.5,5.86,0.54,2025-10-20T20:05:58.649851+00:00,753,Pioneer_Ville_FC_20251208101535_753,1,5.86
Riverstone FC,2374.314,429.513,18.09,42.5,141,127,5,14,100,7,7,4,0,2,20,19,89.75,0,1,0,6,3,3,0,6,15,13,86.67,0,9,0,0,0.0,2,3,19,14,73.68,6,13,0,2,7,0,0,5.4,5.33,5.36,5.11,7.48,5.54,0.504,2025-06-26T01:18:26.649851+00:00,643,Riverstone_FC_20251208101535_643,1,5.54
Royal Haven FC,3323.793,626.203,18.84,64.84,151,111,23,40,107,26,6,0,3,5,3,5,73.78,1,3,1,5,2,3,0,7,13,6,46.15,8,3,3,1,33.33,2,0,2,1,50.0,2,0,1,3,3,1,0,5.25,6.25,4.25,5.2,6.42,5.44,0.493,2025-10-12T15:04:28.650851+00:00,173,Royal_Haven_FC_20251208101535_173,1,5.44
Crown City FC,1254.834,303.042,24.15,24.74,87,58,10,29,62,6,4,4,1,6,4,4,66.32,0,3,0,3,1,2,0,3,8,4,50.0,16,7,19,6,31.58,2,1,8,5,62.5,4,4,0,0,9,0,0,5.21,6.12,5.23,5.07,7.43,5.67,0.519,2025-09-18T18:39:26.650851+00:00,158,Crown_City_FC_20251208101535_158,1,5.67
Garden State FC,2794.603,188.356,6.74,51.53,165,144,7,21,108,19,8,8,4,7,11,7,87.47,1,7,1,8,2,6,1,5,8,4,50.0,8,0,12,3,25.0,2,1,37,14,37.84,7,30,2,4,8,2,0,6.05,5.44,5.13,3.71,5.29,5.29,0.477,2025-11-13T13:35:23.650851+00:00,331,Garden_State_FC_20251208101535_331,1,5.29
Blue Ridge FC,2620.001,538.934,20.57,51.58,192,179,6,13,149,17,10,8,4,2,2,10,93.01,1,4,1,8,3,5,1,12,8,4,50.0,12,6,11,3,27.27,2,1,2,1,50.0,2,0,0,1,9,1,0,6.15,6.98,5.95,4.58,6.33,6.14,0.571,2025-02-18T07:58:02.650851+00:00,785,Blue_Ridge_FC_20251208101535_785,1,6.14
Coastal Town,2402.619,246.509,10.26,43.14,158,101,31,57,100,9,9,2,12,14,11,24,63.74,0,5,0,6,3,3,0,6,0,0,41.75,9,8,14,3,21.43,4,2,13,7,53.85,2,11,1,1,3,1,0,4.66,4.82,4.98,4.19,6.52,4.89,0.432,2025-03-25T07:54:19.650851+00:00,614,Coastal_Town_20251208101535_614,1,4.89
Millennium Rovers,2506.542,605.079,24.14,46.81,143,106,13,37,107,7,9,6,8,4,2,9,74.36,0,2,0,4,1,3,0,4,7,4,57.14,14,4,8,2,25.0,1,0,7,3,42.86,5,2,0,1,3,0,0,3.74,5.45,4.63,3.14,7.45,4.68,0.409,2025-11-10T16:32:00.650851+00:00,495,Millennium_Rovers_20251208101535_495,1,4.68
Grand Harbor FC,3774.014,864.627,22.91,66.44,314,245,33,69,246,25,17,11,7,5,4,33,77.87,2,10,2,10,4,6,1,11,25,16,64.0,7,1,12,2,16.67,2,2,59,29,49.15,14,45,2,2,7,0,0,6.64,6.16,5.7,4.33,7.79,6.11,0.568,2025-03-01T09:37:02.650851+00:00,970,Grand_Harbor_FC_20251208101535_970,1,6.11
Dominion Athletic,3347.203,687.181,20.53,60.8,237,169,15,68,178,22,10,8,7,2,10,20,71.44,0,7,0,6,2,4,0,6,15,9,60.0,10,6,0,0,0.0,1,0,13,5,38.46,2,11,1,1,6,0,0,5.44,6.67,5.76,4.37,7.17,5.87,0.541,2024-12-07T19:36:29.651851+00:00,805,Dominion_Athletic_20251208101535_805,1,5.87
City United,2631.463,721.284,27.41,50.04,235,204,9,31,174,15,20,6,4,10,6,28,86.78,1,4,1,7,2,5,1,8,10,8,80.0,15,9,17,2,11.76,3,2,29,11,37.93,2,27,2,2,8,0,0,7.05,5.46,5.43,3.94,7.43,5.88,0.542,2025-04-02T08:09:20.651851+00:00,126,City_United_20251208101535_126,1,5.88
Millennium Rovers,3057.034,897.851,29.37,60.02,234,156,23,78,179,7,12,1,7,14,14,2,66.68,1,7,1,10,3,7,1,7,10,4,40.0,2,7,17,2,11.76,1,3,51,35,68.63,13,38,0,0,4,0,0,5.27,5.02,4.52,4.72,7.72,5.22,0.469,2025-06-16T03:39:09.651851+00:00,132,Millennium_Rovers_20251208101535_132,1,5.22
Silverlake City,2092.818,240.256,11.48,37.14,142,116,10,26,122,25,11,7,0,0,0,15,81.75,1,3,1,6,3,3,0,6,3,2,66.67,12,2,13,1,7.69,1,0,26,11,42.31,7,19,0,3,6,0,0,7.21,6.22,5.6,4.29,7.8,6.26,0.584,2025-10-30T06:16:39.651851+00:00,243,Silverlake_City_20251208101535_243,1,6.26
Blue Ridge FC,3008.923,310.822,10.33,55.36,167,137,8,30,132,20,3,6,6,0,0,21,81.84,0,1,0,6,2,4,0,8,0,0,80.61,1,5,15,5,33.33,3,2,32,20,62.5,18,14,0,3,7,0,1,5.14,5.08,5.94,4.88,4.61,5.19,0.466,2025-04-12T16:40:40.651851+00:00,100,Blue_Ridge_FC_20251208101535_100,1,5.19
City United,913.57,101.224,11.08,16.82,56,38,8,18,33,5,1,3,0,8,6,3,67.29,0,2,0,3,1,2,0,4,5,3,60.0,1,10,18,5,27.78,3,1,3,2,66.67,0,3,0,1,8,1,0,4.91,5.61,3.66,5.32,5.93,5.02,0.447,2025-02-20T09:03:05.651851+00:00,750,City_United_20251208101535_750,1,5.02
Frontier Rovers,3680.688,757.854,20.59,67.25,238,184,13,54,188,21,9,12,4,3,2,23,77.35,0,9,0,8,3,5,1,9,16,13,81.25,4,5,7,2,28.57,0,0,48,34,70.83,16,32,1,0,2,2,0,6.11,5.0,5.64,5.45,6.3,5.63,0.514,2025-02-03T01:48:59.651851+00:00,737,Frontier_Rovers_20251208101535_737,1,5.63
Westwood Athletic,3586.329,774.647,21.6,65.05,234,164,21,70,183,12,18,7,5,6,2,25,70.18,1,8,1,11,3,8,0,12,9,7,77.78,6,3,5,1,20.0,0,2,27,10,37.04,8,19,2,2,4,0,0,6.48,5.28,5.22,4.35,7.9,5.74,0.527,2025-04-21T08:11:07.652851+00:00,792,Westwood_Athletic_20251208101535_792,1,5.74
Frontier Rovers,2585.921,557.783,21.57,52.52,220,177,20,43,169,29,10,9,0,1,2,9,80.37,0,6,0,6,2,4,0,6,2,1,50.0,10,4,22,4,18.18,0,0,16,6,37.5,5,11,0,2,1,1,0,5.74,4.31,5.71,4.44,6.17,5.19,0.466,2025-03-28T00:38:49.652851+00:00,311,Frontier_Rovers_20251208101535_311,1,5.19
Riverstone FC,2646.772,405.75,15.33,51.87,167,129,19,38,111,30,0,7,6,4,9,20,77.52,0,5,0,4,2,2,0,3,1,0,0.0,11,3,12,3,25.0,0,0,26,11,42.31,8,18,0,0,3,0,0,5.7,4.76,5.67,4.24,7.0,5.36,0.484,2024-12-25T09:21:34.652851+00:00,120,Riverstone_FC_20251208101535_120,1,5.36
Crown City FC,3626.431,108.793,3.0,74.48,196,169,6,27,162,20,9,0,6,0,0,11,86.17,1,2,1,10,4,6,0,10,4,3,75.0,2,2,8,3,37.5,1,0,20,12,60.0,2,18,1,5,2,0,0,5.96,5.21,6.04,4.46,7.88,5.75,0.528,2025-10-02T14:05:35.652851+00:00,594,Crown_City_FC_20251208101535_594,1,5.75
Silverlake City,3031.027,1064.497,35.12,58.16,241,210,13,31,180,30,13,15,5,0,0,28,87.22,0,8,0,7,2,5,1,9,0,0,49.23,11,8,7,1,14.29,2,1,9,6,66.67,2,7,1,1,5,0,0,5.68,5.18,5.92,3.19,7.35,5.41,0.49,2025-06-18T23:48:03.652851+00:00,177,Silverlake_City_20251208101535_177,1,5.41
Union Crest United,2577.089,382.182,14.83,52.04,203,183,4,20,148,10,14,6,2,12,10,25,89.98,1,5,1,11,2,9,1,15,19,7,36.84,3,5,5,1,20.0,1,1,0,0,57.39,1,-1,2,4,7,1,0,6.86,6.78,5.26,3.83,7.26,6.13,0.57,2025-01-04T05:27:51.652851+00:00,491,Union_Crest_United_20251208101535_491,1,6.13
Union Crest United,2305.183,297.599,12.91,43.76,168,134,9,34,113,20,17,10,6,1,1,5,79.53,1,5,1,7,2,5,0,6,17,7,41.18,9,6,12,3,25.0,2,0,19,9,47.37,9,10,1,2,2,2,0,5.93,7.09,4.97,4.88,5.83,5.91,0.546,2025-03-27T11:42:15.652851+00:00,831,Union_Crest_United_20251208101535_831,1,5.91
Highland Wanderers,2972.356,586.743,19.74,52.98,218,152,21,66,168,16,10,0,2,13,9,13,69.61,1,5,1,11,4,7,1,15,0,0,51.24,9,9,8,0,0.0,1,0,8,4,50.0,0,8,2,4,3,1,0,6.26,5.51,4.86,3.99,6.29,5.46,0.496,2024-12-13T06:37:45.653851+00:00,675,Highland_Wanderers_20251208101535_675,1,5.46
Millennium Rovers,2623.742,612.906,23.36,52.98,148,122,12,26,114,9,12,7,1,3,2,23,82.73,0,3,0,9,3,6,1,8,10,7,70.0,11,9,9,2,22.22,2,2,21,9,42.86,8,13,2,4,7,2,0,5.59,6.87,5.61,4.52,5.23,5.77,0.53,2025-07-07T06:13:46.653851+00:00,8,Millennium_Rovers_20251208101535_8,1,5.77
Crestfall Town,3729.292,509.794,13.67,74.31,233,174,29,59,187,17,16,16,10,0,0,22,74.54,2,2,2,14,5,9,0,16,7,5,71.43,10,3,10,3,30.0,3,1,15,8,53.33,1,14,0,3,5,1,0,5.89,6.32,5.51,4.31,6.49,5.77,0.53,2025-09-18T11:55:38.653851+00:00,937,Crestfall_Town_20251208101535_937,1,5.77
Frontier Rovers,2870.571,467.616,16.29,50.7,141,109,17,32,110,19,14,0,0,0,0,11,77.52,1,1,2,9,3,6,1,13,23,12,52.17,11,7,10,2,20.0,0,3,34,17,50.0,6,28,2,0,10,0,0,6.37,6.36,6.38,4.97,7.67,6.3,0.589,2025-11-05T00:50:37.653851+00:00,49,Frontier_Rovers_20251208101535_49,1,6.3
Pioneer Ville FC,2191.79,74.302,3.39,39.08,180,116,20,64,130,23,11,11,0,2,3,21,64.32,1,7,1,5,2,3,0,7,1,0,0.0,5,11,8,0,0.0,2,1,5,2,40.0,2,3,1,1,10,1,0,5.58,5.57,5.29,4.15,6.56,5.42,0.491,2025-11-18T11:05:53.653851+00:00,984,Pioneer_Ville_FC_20251208101535_984,1,5.42
Metro FC,2256.546,684.862,30.35,45.88,148,108,13,40,115,20,7,9,2,0,0,21,72.92,1,3,1,8,4,4,1,6,5,3,60.0,19,1,12,3,25.0,3,1,22,11,50.0,8,14,1,1,11,4,0,5.18,5.81,5.04,5.13,3.91,5.19,0.466,2025-03-22T06:40:11.653851+00:00,443,Metro_FC_20251208101535_443,1,5.19
Redwood Borough,3485.603,543.754,15.6,71.47,237,179,28,58,211,22,10,12,4,0,0,23,75.42,1,4,1,9,4,5,0,10,21,12,57.14,7,6,8,2,25.0,1,2,22,13,59.09,3,19,1,4,0,0,0,8.2,6.83,6.06,4.81,6.95,6.79,0.643,2025-06-16T19:56:29.653851+00:00,253,Redwood_Borough_20251208101535_253,1,6.79
Crestfall Town,3352.518,914.902,27.29,64.71,220,179,27,41,149,31,17,0,5,7,11,23,81.49,1,4,1,8,3,5,1,8,13,10,76.92,12,6,4,1,25.0,0,0,61,37,60.66,12,49,1,1,1,0,0,5.91,5.86,5.57,4.42,6.85,5.71,0.523,2025-10-30T14:43:42.654851+00:00,73,Crestfall_Town_20251208101535_73,1,5.71
Stormhold FC,3541.731,553.927,15.64,62.36,302,219,19,83,220,3,21,7,11,26,15,30,72.6,1,8,1,7,3,4,0,7,33,28,84.85,7,8,8,2,25.0,1,1,26,14,53.85,10,16,1,3,7,0,0,5.98,6.68,5.65,5.05,7.43,6.12,0.569,2025-10-10T20:12:38.654851+00:00,914,Stormhold_FC_20251208101535_914,1,6.12
Ironforge FC,2005.722,417.591,20.82,37.85,101,70,2,31,85,14,3,5,0,0,0,4,69.01,1,2,1,8,3,5,0,10,14,7,50.0,12,8,7,1,14.29,1,0,24,13,54.17,9,15,1,2,2,0,0,6.75,6.36,4.87,4.61,6.72,5.96,0.551,2025-02-04T12:59:51.654851+00:00,569,Ironforge_FC_20251208101535_569,1,5.96
Frontier Rovers,2903.695,617.616,21.27,58.67,264,170,30,94,181,22,14,5,8,21,13,24,64.57,1,5,1,7,3,4,0,7,18,9,50.0,13,4,13,4,30.77,1,0,44,19,43.18,16,28,3,2,6,0,0,6.92,6.7,4.82,4.65,7.95,6.22,0.58,2025-04-07T16:42:24.654851+00:00,381,Frontier_Rovers_20251208101535_381,1,6.22
Ironforge FC,2515.402,470.883,18.72,47.57,152,113,12,39,114,4,11,6,1,7,9,14,74.21,1,5,1,6,2,4,1,6,9,5,55.56,17,6,7,1,14.29,1,2,14,5,35.71,5,9,0,2,8,1,0,6.04,4.76,4.75,4.11,6.69,5.22,0.469,2025-10-28T23:39:47.654851+00:00,19,Ironforge_FC_20251208101535_19,1,5.22
Redwood Borough,2551.948,392.745,15.39,51.08,265,230,12,35,189,35,12,2,8,12,8,19,86.76,1,8,1,5,2,3,0,6,12,8,66.67,16,6,9,2,22.22,2,3,21,13,61.9,6,15,0,2,0,0,0,6.23,5.81,5.58,4.35,8.4,5.94,0.549,2025-01-20T04:12:57.654851+00:00,321,Redwood_Borough_20251208101535_321,1,5.94
Evergreen Sporting,3084.098,556.68,18.05,59.12,169,152,8,17,130,4,9,7,1,8,10,12,89.91,1,1,1,9,4,5,0,9,17,6,35.29,7,7,11,3,27.27,3,2,43,24,55.81,9,34,3,4,5,0,0,6.03,5.84,5.72,4.4,6.9,5.77,0.53,2025-05-27T20:24:03.654851+00:00,904,Evergreen_Sporting_20251208101535_904,1,5.77
Dominion Athletic,2293.436,496.529,21.65,46.19,168,104,22,64,101,11,11,9,4,15,17,11,61.91,1,5,1,6,2,4,0,5,6,3,50.0,8,6,18,2,11.11,1,1,29,16,55.17,8,21,1,2,8,5,0,5.06,5.51,4.89,5.98,2.91,5.07,0.452,2024-12-16T01:49:58.655851+00:00,832,Dominion_Athletic_20251208101535_832,1,5.07
Southgate United,2225.316,343.811,15.45,41.46,170,123,13,47,135,19,17,5,5,0,0,20,72.64,1,4,1,8,3,5,1,10,12,6,50.0,0,8,15,4,26.67,3,1,10,5,50.0,4,6,2,0,7,2,0,6.73,6.96,4.87,4.46,5.7,6.0,0.556,2025-08-12T19:56:40.655851+00:00,323,Southgate_United_20251208101535_323,1,6.0
Goldenfield Rovers,2796.447,221.479,7.92,55.7,154,118,12,36,121,19,8,5,0,1,1,15,76.42,0,3,0,3,1,2,0,4,10,5,50.0,13,8,12,2,16.67,2,0,0,0,67.82,0,0,1,2,4,0,0,4.59,6.23,5.15,4.36,7.53,5.42,0.491,2025-01-10T01:17:12.655851+00:00,92,Goldenfield_Rovers_20251208101535_92,1,5.42
Grand Harbor FC,4414.546,1624.111,36.79,78.05,250,187,24,63,180,14,25,5,6,12,8,12,74.71,1,8,1,13,5,8,1,13,4,2,50.0,6,0,4,1,25.0,1,0,88,49,55.68,14,74,0,3,2,1,0,6.1,4.22,6.07,5.37,6.08,5.46,0.496,2025-08-12T13:35:46.655851+00:00,828,Grand_Harbor_FC_20251208101535_828,1,5.46
Coastal Town,4082.134,1119.729,27.43,73.81,280,200,34,80,218,54,14,16,8,0,0,8,71.52,1,4,1,8,4,4,0,4,18,5,27.78,6,5,2,0,0.0,0,0,62,46,74.19,22,40,0,3,0,0,0,6.27,5.1,5.62,3.72,7.6,5.59,0.51,2025-02-27T17:45:29.655851+00:00,492,Coastal_Town_20251208101535_492,1,5.59
Lakeside Athletic,2212.842,66.385,3.0,38.9,157,135,12,22,128,23,12,3,6,0,0,7,86.15,1,4,1,7,3,4,0,10,16,10,62.5,4,5,17,3,17.65,2,1,34,16,47.06,5,29,2,2,12,1,0,7.3,5.31,5.45,4.36,6.36,5.87,0.541,2025-10-18T14:33:45.655851+00:00,268,Lakeside_Athletic_20251208101535_268,1,5.87
Grand Harbor FC,2184.381,393.844,18.03,38.43,129,105,9,24,106,14,5,10,3,0,0,11,81.32,1,3,1,8,3,5,0,6,10,5,50.0,9,7,16,4,25.0,0,1,26,15,57.69,13,13,1,1,7,2,0,6.99,6.12,4.76,5.45,5.89,5.97,0.552,2024-12-10T13:50:46.656851+00:00,408,Grand_Harbor_FC_20251208101535_408,1,5.97
Grand Harbor FC,3153.733,965.673,30.62,62.47,276,213,41,63,173,25,31,0,9,15,21,44,77.14,1,7,1,6,2,4,0,9,15,9,60.0,2,7,0,0,0.0,1,0,43,17,39.53,5,38,0,1,1,1,0,5.68,5.07,5.72,4.35,6.22,5.38,0.487,2025-05-10T17:25:22.656851+00:00,490,Grand_Harbor_FC_20251208101535_490,1,5.38
Oldtown United,1880.946,417.946,22.22,38.6,135,118,4,17,95,10,5,5,5,7,7,4,87.08,0,2,0,4,2,2,0,5,15,5,33.33,7,9,17,5,29.41,3,0,15,6,40.0,8,7,0,1,4,0,0,4.6,4.81,6.08,5.41,7.82,5.39,0.488,2025-08-17T02:13:17.656851+00:00,281,Oldtown_United_20251208101535_281,1,5.39
City United,2613.647,859.628,32.89,49.23,180,107,24,73,141,21,7,1,1,2,7,16,59.51,1,3,1,6,2,4,0,6,16,12,75.0,9,9,11,3,27.27,0,2,22,13,59.09,6,16,0,3,6,0,0,5.36,5.23,5.37,4.2,7.58,5.39,0.488,2025-02-19T03:08:22.656851+00:00,437,City_United_20251208101535_437,1,5.39
Brookside United,1732.752,329.743,19.03,30.96,111,111,0,0,75,15,10,3,3,3,2,12,99.78,0,5,0,4,2,2,0,4,8,5,62.5,16,2,10,3,30.0,3,0,3,2,66.67,3,0,0,1,3,0,0,5.83,6.24,5.86,5.39,7.32,6.04,0.56,2025-09-12T06:13:55.656851+00:00,501,Brookside_United_20251208101535_501,1,6.04
City United,1660.968,402.785,24.25,31.26,145,113,15,32,106,21,1,10,1,3,4,15,78.08,1,2,1,5,2,3,0,5,6,3,50.0,9,2,16,5,31.25,3,1,8,5,62.5,3,5,1,1,12,2,0,5.35,5.37,4.41,4.13,5.9,5.05,0.45,2025-11-14T09:47:29.656851+00:00,910,City_United_20251208101535_910,1,5.05
Crown City FC,2156.115,387.885,17.99,44.28,143,116,7,27,109,12,5,4,1,6,7,15,80.87,0,4,0,7,3,4,0,9,4,2,50.0,9,4,15,5,33.33,3,0,26,11,42.31,7,19,1,2,7,0,0,6.7,5.51,5.49,3.91,7.83,5.85,0.539,2025-12-06T09:08:41.656851+00:00,429,Crown_City_FC_20251208101535_429,1,5.85
Union Crest United,2408.146,833.459,34.61,45.12,218,170,21,48,172,27,21,15,6,0,0,22,78.1,0,0,0,7,3,4,0,5,3,2,66.67,10,5,16,2,12.5,1,1,17,10,58.82,2,15,2,2,0,0,0,4.99,6.31,5.17,4.05,8.25,5.59,0.51,2025-07-04T16:10:00.656851+00:00,295,Union_Crest_United_20251208101535_295,1,5.59
Grand Harbor FC,2462.259,534.556,21.71,43.42,119,87,12,32,84,14,7,3,4,3,5,15,73.06,1,6,1,5,2,3,0,5,17,10,58.82,10,9,8,3,37.5,0,0,18,9,50.0,4,14,0,2,3,0,0,5.62,5.47,5.35,3.92,6.53,5.38,0.487,2025-07-09T20:59:24.657851+00:00,179,Grand_Harbor_FC_20251208101535_179,1,5.38
Eastview Rangers,2149.985,744.325,34.62,40.21,124,90,10,34,66,4,11,6,4,3,29,11,72.22,0,3,0,3,1,2,0,3,12,8,66.67,0,4,21,1,4.76,0,2,24,16,66.67,3,21,1,1,7,0,0,4.6,6.02,4.7,4.71,7.44,5.32,0.48,2025-11-02T05:31:49.657851+00:00,47,Eastview_Rangers_20251208101535_47,1,5.32
Evergreen Sporting,3357.533,368.321,10.97,62.65,224,146,20,78,188,29,9,13,0,0,0,3,65.19,1,8,1,4,2,2,0,4,20,15,75.0,9,5,5,1,20.0,0,0,38,18,47.37,6,32,1,3,3,0,0,5.88,5.41,5.2,4.55,8.02,5.64,0.516,2025-05-20T01:25:23.657851+00:00,651,Evergreen_Sporting_20251208101535_651,1,5.64
Metro FC,3418.331,560.948,16.41,63.1,189,134,15,55,132,29,2,1,3,4,19,16,70.79,1,6,1,6,2,4,1,6,17,9,52.94,4,5,8,1,12.5,1,0,36,13,36.11,7,29,2,2,4,1,0,4.6,4.09,5.08,4.29,6.08,4.66,0.407,2025-11-10T17:26:12.657851+00:00,729,Metro_FC_20251208101535_729,1,4.66
Frontier Rovers,1668.633,251.296,15.06,31.9,101,73,16,28,72,8,3,1,0,10,6,10,72.22,1,5,1,6,2,4,0,7,6,3,50.0,6,10,13,4,30.77,1,2,15,8,53.33,3,12,0,2,7,2,0,6.84,5.66,5.94,3.77,5.99,5.81,0.534,2025-06-17T05:31:50.657851+00:00,990,Frontier_Rovers_20251208101535_990,1,5.81
Royal Haven FC,2436.585,483.418,19.84,48.52,319,209,42,110,260,50,19,4,9,0,0,19,65.42,0,9,0,5,2,3,0,5,8,5,62.5,4,9,16,3,18.75,1,0,33,26,78.79,9,24,0,1,9,1,0,6.18,6.06,5.36,4.5,6.53,5.78,0.531,2025-05-22T06:12:46.657851+00:00,342,Royal_Haven_FC_20251208101535_342,1,5.78
Southgate United,3381.471,745.614,22.05,63.37,321,201,60,120,251,11,18,12,0,10,17,38,62.69,1,3,1,9,4,5,1,9,18,7,38.89,9,4,8,2,25.0,2,0,27,15,55.56,3,24,2,1,5,0,0,6.12,6.63,5.02,4.51,7.72,5.98,0.553,2025-05-13T03:16:51.657851+00:00,111,Southgate_United_20251208101535_111,1,5.98
Frontier Rovers,2364.539,432.947,18.31,42.44,195,185,5,10,130,6,5,8,0,10,36,28,94.79,1,3,1,5,2,3,1,6,12,7,58.33,10,6,3,0,0.0,3,2,17,9,52.94,5,12,0,1,7,1,0,5.47,6.05,5.72,4.53,7.12,5.72,0.524,2024-12-22T01:36:24.658851+00:00,741,Frontier_Rovers_20251208101535_741,1,5.72
Redwood Borough,3174.88,759.114,23.91,57.78,175,144,12,31,116,10,14,5,4,11,15,15,82.51,1,5,1,5,2,3,0,5,15,10,66.67,13,4,13,2,15.38,3,0,39,25,64.1,14,25,1,2,8,0,0,5.75,5.45,6.77,5.5,8.45,6.1,0.567,2025-02-28T08:19:47.658851+00:00,603,Redwood_Borough_20251208101535_603,1,6.1
Goldenfield Rovers,2075.571,543.8,26.2,39.2,143,122,7,21,101,20,10,2,3,3,4,2,85.13,1,2,1,6,2,4,0,8,5,3,60.0,0,8,12,4,33.33,2,0,28,9,32.14,9,19,1,2,10,2,0,4.59,4.98,5.68,4.34,4.99,4.92,0.436,2025-09-29T15:35:42.658851+00:00,265,Goldenfield_Rovers_20251208101535_265,1,4.92
Northbridge FC,2446.539,480.011,19.62,46.99,122,105,6,17,80,12,6,5,5,3,11,1,86.23,0,0,0,6,2,4,1,7,12,4,33.33,12,9,4,1,25.0,3,1,31,22,70.97,8,23,1,0,15,1,0,4.92,5.54,5.35,3.21,5.93,5.04,0.449,2025-02-27T00:43:55.658851+00:00,916,Northbridge_FC_20251208101535_916,1,5.04
Royal Haven FC,2685.35,588.629,21.92,49.12,138,109,14,29,102,6,0,5,2,11,12,9,78.81,1,1,1,6,2,4,1,7,6,3,50.0,15,11,4,1,25.0,1,3,30,17,56.67,8,22,0,2,1,0,0,6.05,6.33,5.63,5.15,7.28,6.04,0.56,2025-01-22T01:53:56.658851+00:00,21,Royal_Haven_FC_20251208101535_21,1,6.04
Eastview Rangers,2324.364,625.486,26.91,47.14,171,142,8,29,114,27,3,0,4,8,14,5,82.89,1,4,1,6,3,3,0,9,17,9,52.94,14,5,4,1,25.0,0,2,17,9,52.94,5,12,0,1,15,1,0,4.91,5.55,5.66,3.29,6.78,5.2,0.467,2025-01-29T01:53:39.658851+00:00,34,Eastview_Rangers_20251208101535_34,1,5.2
Garden State FC,1772.878,499.065,28.15,32.23,100,77,9,23,63,12,5,0,2,8,11,4,76.53,0,2,0,3,1,2,0,4,6,3,50.0,11,14,9,2,22.22,2,0,20,13,65.0,6,14,0,2,3,0,0,5.34,5.84,5.43,4.79,7.0,5.59,0.51,2025-10-20T06:00:58.659851+00:00,809,Garden_State_FC_20251208101535_809,1,5.59
Lakeside Athletic,3174.918,958.825,30.2,55.78,203,155,9,48,115,26,9,2,0,14,36,9,76.34,1,6,1,9,3,6,0,12,16,9,56.25,5,4,18,1,5.56,1,1,21,9,42.86,8,13,2,5,4,1,0,6.61,5.47,5.08,3.45,6.24,5.51,0.501,2025-04-04T14:18:20.659851+00:00,709,Lakeside_Athletic_20251208101535_709,1,5.51
Coastal Town,1436.94,123.864,8.62,25.67,89,61,14,28,60,4,2,2,1,11,9,0,67.99,0,2,0,3,1,2,0,2,7,4,57.14,12,10,13,5,38.46,1,0,19,12,63.16,2,17,0,1,0,1,0,5.35,5.61,4.5,5.21,7.1,5.41,0.49,2025-11-03T01:40:55.659851+00:00,736,Coastal_Town_20251208101535_736,1,5.41
Summit Peak FC,1809.347,54.28,3.0,36.48,77,51,11,26,47,7,2,6,1,4,9,0,65.97,0,3,0,3,2,1,0,3,7,4,57.14,16,11,13,3,23.08,3,1,14,8,57.14,8,6,0,0,12,1,0,5.45,5.75,4.62,5.07,6.44,5.41,0.49,2025-01-05T19:00:31.659851+00:00,5,Summit_Peak_FC_20251208101535_5,1,5.41
Riverstone FC,2564.49,614.965,23.98,49.96,194,160,15,34,145,22,6,3,4,7,6,5,82.69,0,3,0,3,1,2,0,4,0,0,15.34,14,7,8,2,25.0,1,0,32,13,40.62,1,31,0,2,7,2,0,5.62,5.05,5.04,3.86,5.67,5.1,0.456,2025-06-09T18:29:40.659851+00:00,629,Riverstone_FC_20251208101535_629,1,5.1
Hillcrest Athletic,2970.558,569.456,19.17,52.45,278,211,41,67,194,22,26,18,11,2,4,11,75.73,1,2,2,9,4,5,0,6,15,10,66.67,12,9,5,1,20.0,2,1,29,16,55.17,14,15,1,1,7,0,0,6.16,5.89,5.25,3.1,7.61,5.62,0.513,2025-05-26T15:13:11.659851+00:00,726,Hillcrest_Athletic_20251208101535_726,1,5.62
Oldtown United,3097.511,210.94,6.81,62.33,204,156,2,48,149,11,14,4,1,7,18,18,76.31,1,5,1,8,3,5,0,9,29,17,58.62,8,6,13,3,23.08,1,0,30,6,20.0,6,24,0,2,10,2,0,7.4,4.87,5.69,3.46,5.7,5.63,0.514,2025-11-20T08:13:24.659851+00:00,301,Oldtown_United_20251208101535_301,1,5.63
Harborview United,2920.842,922.402,31.58,53.4,185,118,25,67,145,24,9,0,7,0,0,20,63.81,1,5,1,7,2,5,0,10,10,7,70.0,2,3,4,0,0.0,2,1,25,13,52.0,9,16,0,2,7,1,0,5.14,5.13,5.38,5.55,6.13,5.34,0.482,2025-06-15T20:25:13.659851+00:00,339,Harborview_United_20251208101535_339,1,5.34
San Beda University,3053.058,606.643,19.87,53.63,294,222,19,72,188,12,21,11,15,19,28,20,75.44,1,7,1,6,2,4,0,7,14,7,50.0,5,3,16,3,18.75,1,2,25,13,52.0,4,21,0,2,5,0,0,5.6,5.38,5.48,5.27,7.93,5.7,0.522,2025-03-24T16:05:57.660851+00:00,305,San_Beda_University_20251208101535_305,1,5.7
Lakeside Athletic,2546.41,446.895,17.55,50.39,165,124,15,41,145,21,0,1,8,0,0,19,75.33,1,2,1,8,3,5,0,8,15,11,73.33,13,8,5,2,40.0,1,1,9,5,55.56,2,7,0,2,4,0,0,6.35,5.38,4.93,3.5,7.11,5.47,0.497,2025-01-19T07:14:19.660851+00:00,888,Lakeside_Athletic_20251208101535_888,1,5.47
Garden State FC,3076.315,335.934,10.92,60.09,295,241,17,54,170,14,10,17,3,53,28,41,81.77,1,4,1,12,4,8,1,10,10,5,50.0,6,8,11,3,27.27,2,1,25,10,40.0,9,16,1,4,1,0,0,6.22,6.01,5.68,3.41,7.44,5.78,0.531,2025-09-26T23:19:50.660851+00:00,118,Garden_State_FC_20251208101535_118,1,5.78
Metro FC,3081.397,468.064,15.19,55.01,304,190,29,114,228,11,9,27,16,6,7,0,62.63,1,7,1,9,4,5,0,9,11,6,54.55,7,1,5,2,40.0,1,3,34,9,26.47,11,23,3,4,2,0,0,5.97,5.59,5.43,4.17,7.69,5.68,0.52,2025-07-07T01:46:06.660851+00:00,194,Metro_FC_20251208101535_194,1,5.68
Harborview United,2581.894,515.862,19.98,48.77,188,149,22,39,160,11,3,9,1,1,2,17,79.06,1,6,1,7,3,4,1,8,13,8,61.54,11,4,8,3,37.5,2,1,10,5,50.0,4,6,1,0,9,1,0,6.32,4.65,4.92,4.63,6.65,5.37,0.486,2024-12-30T02:21:38.660851+00:00,821,Harborview_United_20251208101535_821,1,5.37
Westwood Athletic,2113.25,600.586,28.42,37.97,166,126,13,40,133,26,13,2,0,0,0,24,75.8,0,4,0,5,2,3,0,4,12,8,66.67,11,4,7,3,42.86,3,1,18,11,61.11,4,14,1,1,6,0,0,5.34,5.84,5.84,3.84,7.72,5.61,0.512,2025-06-14T04:40:16.660851+00:00,329,Westwood_Athletic_20251208101535_329,1,5.61
Brookside United,2103.272,346.199,16.46,37.54,158,141,7,17,95,17,12,7,0,16,10,11,88.94,1,2,1,7,2,5,0,6,7,5,71.43,8,4,10,2,20.0,1,1,32,17,53.12,7,25,3,4,0,0,0,6.28,6.26,6.03,4.67,7.94,6.17,0.574,2025-11-23T16:18:17.660851+00:00,725,Brookside_United_20251208101535_725,1,6.17
Coastal Town,2135.943,281.09,13.16,43.88,174,139,12,35,135,15,14,6,3,1,0,14,80.07,1,3,1,4,1,3,0,4,4,2,50.0,11,11,11,1,9.09,1,1,13,4,30.77,3,10,0,0,6,1,0,5.94,5.83,5.1,3.07,7.27,5.47,0.497,2025-08-20T22:56:36.661851+00:00,761,Coastal_Town_20251208101535_761,1,5.47
Blue Ridge FC,2208.166,486.901,22.05,44.14,91,71,7,20,61,5,4,1,3,7,10,6,78.09,1,3,1,6,3,3,0,8,4,2,50.0,0,7,18,4,22.22,2,1,11,6,54.55,4,7,1,2,8,0,0,6.37,5.87,5.65,4.48,7.66,5.95,0.55,2025-04-28T03:46:10.661851+00:00,883,Blue_Ridge_FC_20251208101535_883,1,5.95
Union Crest United,2455.971,241.913,9.85,44.92,167,138,13,29,114,16,4,12,8,3,10,21,82.72,1,3,1,9,4,5,1,8,10,8,80.0,6,7,7,2,28.57,3,0,16,3,18.75,6,10,1,2,11,0,0,5.29,6.06,6.81,3.78,7.14,5.78,0.531,2025-12-04T01:51:15.661851+00:00,116,Union_Crest_United_20251208101535_116,1,5.78
San Beda University,2799.838,429.495,15.34,56.74,179,131,9,48,128,21,0,9,3,3,16,6,72.98,1,2,1,6,2,4,0,4,10,4,40.0,1,8,8,2,25.0,0,1,25,18,72.0,6,19,0,1,0,0,0,5.74,4.28,5.5,5.14,6.97,5.32,0.48,2025-11-29T01:30:06.661851+00:00,872,San_Beda_University_20251208101535_872,1,5.32
Summit Peak FC,2088.957,437.428,20.94,41.0,140,94,18,46,102,13,6,3,0,8,9,9,67.17,1,3,1,5,2,3,0,5,7,4,57.14,19,10,8,1,12.5,2,0,24,13,54.17,7,17,1,1,14,0,0,5.74,6.32,4.71,4.42,7.32,5.67,0.519,2025-07-15T22:38:53.661851+00:00,836,Summit_Peak_FC_20251208101535_836,1,5.67
Dominion Athletic,3282.447,500.573,15.25,64.84,153,144,3,9,95,18,3,8,1,11,17,12,93.98,1,5,2,11,4,7,0,14,7,4,57.14,10,8,11,3,27.27,1,3,13,6,46.15,7,6,2,2,8,3,0,5.71,6.15,5.36,5.56,5.89,5.76,0.529,2025-03-06T02:54:20.661851+00:00,189,Dominion_Athletic_20251208101535_189,1,5.76
Crown City FC,3015.23,923.866,30.64,57.24,196,165,5,31,91,21,13,8,7,21,35,13,84.05,0,4,1,9,4,5,1,9,19,7,36.84,18,4,6,1,16.67,1,1,27,14,51.85,6,21,2,3,4,1,0,6.03,6.45,5.3,4.9,6.46,5.89,0.543,2025-02-15T17:36:13.661851+00:00,495,Crown_City_FC_20251208101535_495,1,5.89
Stormhold FC,2554.423,541.793,21.21,49.87,157,120,10,37,109,14,0,1,3,11,19,8,76.45,1,1,1,9,3,6,1,9,11,4,36.36,6,4,7,2,28.57,4,2,21,8,38.1,13,8,2,3,3,0,0,5.6,5.0,4.95,5.08,7.56,5.43,0.492,2025-06-07T02:51:33.662854+00:00,820,Stormhold_FC_20251208101535_820,1,5.43
Royal Haven FC,3012.12,356.936,11.85,58.24,236,236,0,0,171,10,14,9,3,5,24,30,100.0,1,5,1,8,3,5,0,9,20,13,65.0,8,3,7,1,14.29,1,0,32,19,59.38,1,31,1,1,7,0,0,6.03,5.55,6.14,3.92,7.41,5.76,0.529,2025-05-13T03:51:07.662854+00:00,221,Royal_Haven_FC_20251208101535_221,1,5.76
Silverlake City,1731.2,268.509,15.51,35.25,135,100,11,35,82,9,9,2,4,12,17,9,73.9,1,5,1,8,4,4,0,11,5,3,60.0,15,10,17,5,29.41,2,2,19,14,73.68,0,19,3,2,10,3,0,5.53,5.89,6.16,4.72,3.3,5.42,0.491,2025-04-16T00:52:11.662854+00:00,356,Silverlake_City_20251208101535_356,1,5.42
City United,2200.828,592.243,26.91,42.05,146,116,10,30,104,20,5,5,1,7,4,3,79.34,1,3,1,6,2,4,0,7,6,3,50.0,14,10,13,4,30.77,3,1,15,10,66.67,3,12,0,2,10,0,0,6.12,5.58,5.65,4.34,7.53,5.77,0.53,2025-04-11T08:19:22.662854+00:00,751,City_United_20251208101535_751,1,5.77
San Beda University,3199.337,561.484,17.55,58.61,261,226,16,35,232,29,21,7,9,0,0,16,86.5,0,1,0,10,3,7,0,11,20,14,70.0,4,8,9,1,11.11,2,0,6,4,66.67,1,5,0,1,7,0,0,5.42,6.25,5.35,4.16,7.17,5.64,0.516,2024-12-20T05:00:51.662854+00:00,557,San_Beda_University_20251208101535_557,1,5.64
Coastal Town,1746.328,398.512,22.82,31.5,92,68,5,24,65,10,5,4,2,2,4,17,73.78,0,1,0,5,2,3,0,7,5,3,60.0,0,11,0,0,0.0,1,0,13,6,46.15,5,8,1,2,8,0,0,5.08,6.19,5.26,4.59,7.85,5.64,0.516,2025-05-19T18:23:20.662854+00:00,377,Coastal_Town_20251208101535_377,1,5.64
Oldtown United,2937.288,504.626,17.18,52.01,166,110,15,56,116,14,5,4,7,11,9,16,66.35,1,5,1,7,3,4,0,6,17,8,47.06,16,4,11,2,18.18,3,1,19,10,52.63,4,15,0,1,4,0,1,6.65,5.68,4.54,4.56,5.18,5.52,0.502,2025-06-05T18:24:16.662854+00:00,898,Oldtown_United_20251208101535_898,1,5.52
Stormhold FC,2837.971,659.828,23.25,53.71,210,153,20,57,153,20,17,12,1,3,3,14,72.7,1,5,1,6,2,4,0,4,11,5,45.45,5,6,12,5,41.67,1,1,10,5,50.0,3,7,0,2,5,0,0,6.13,5.76,6.26,4.8,7.89,6.04,0.56,2025-02-25T13:28:11.663851+00:00,204,Stormhold_FC_20251208101535_204,1,6.04
Westwood Athletic,2316.179,399.541,17.25,43.99,182,155,11,27,129,31,9,7,0,4,3,15,85.22,1,4,1,8,2,6,0,7,17,11,64.71,3,0,19,5,26.32,1,0,29,14,48.28,3,26,1,4,9,2,0,5.32,5.41,5.59,4.3,6.07,5.33,0.481,2025-10-24T14:07:16.663851+00:00,681,Westwood_Athletic_20251208101535_681,1,5.33
Westwood Athletic,1400.72,245.826,17.55,25.47,78,64,3,14,63,6,4,4,2,0,0,12,82.24,0,2,0,4,1,3,0,4,2,1,50.0,11,6,21,1,4.76,4,0,26,11,42.31,11,15,0,1,15,2,0,4.24,5.39,5.63,4.6,5.58,5.02,0.447,2025-06-21T22:57:38.663851+00:00,454,Westwood_Athletic_20251208101535_454,1,5.02
Silverlake City,2531.065,163.001,6.44,49.52,189,147,13,42,133,13,10,5,8,10,10,13,77.82,1,1,1,7,3,4,0,7,6,3,50.0,14,8,3,1,33.33,0,0,43,25,58.14,10,33,2,1,5,0,0,6.69,5.06,5.24,4.89,7.67,5.79,0.532,2025-06-30T22:46:02.663851+00:00,637,Silverlake_City_20251208101535_637,1,5.79
San Beda University,2819.54,516.54,18.32,54.72,188,161,11,27,128,18,10,5,5,12,9,10,85.56,0,5,0,7,3,4,0,8,5,3,60.0,10,8,11,2,18.18,2,0,17,9,52.94,2,15,2,1,5,0,0,5.63,5.73,5.33,4.43,7.14,5.58,0.509,2025-02-06T02:49:56.663851+00:00,785,San_Beda_University_20251208101535_785,1,5.58
Southgate United,4300.326,1370.944,31.88,77.04,259,219,19,40,151,35,10,0,6,33,24,27,84.47,1,11,1,12,5,7,1,11,22,16,72.73,1,3,4,1,25.0,1,2,61,28,45.9,9,52,1,4,3,0,0,6.22,4.52,5.28,5.9,7.4,5.63,0.514,2025-10-02T09:03:53.663851+00:00,770,Southgate_United_20251208101535_770,1,5.63
Redwood Borough,3494.447,870.117,24.9,61.08,230,183,23,47,154,36,13,9,0,10,8,22,79.36,0,3,0,12,6,6,0,14,15,9,60.0,4,7,7,1,14.29,0,3,43,24,55.81,23,20,1,2,1,1,0,5.19,5.69,4.91,4.67,6.26,5.31,0.479,2025-10-13T13:28:50.663851+00:00,939,Redwood_Borough_20251208101535_939,1,5.31
Grand Harbor FC,2352.432,691.38,29.39,44.11,147,114,13,33,110,16,8,5,6,0,1,11,77.4,1,2,1,5,1,4,0,6,11,8,72.73,13,9,9,2,22.22,0,1,18,11,61.11,5,13,0,0,10,2,0,4.81,5.74,5.31,4.86,5.16,5.21,0.468,2025-04-19T00:42:38.664851+00:00,881,Grand_Harbor_FC_20251208101535_881,1,5.21
Riverstone FC,1965.157,515.264,26.22,36.05,79,69,5,10,52,12,3,2,2,4,5,9,87.24,0,2,0,5,1,4,0,4,5,2,40.0,10,11,11,3,27.27,1,1,21,12,57.14,4,17,2,3,4,1,0,4.8,5.09,4.13,5.65,7.06,5.09,0.454,2024-12-21T20:09:16.664851+00:00,408,Riverstone_FC_20251208101535_408,1,5.09
Highland Wanderers,3650.906,921.854,25.25,65.7,240,181,37,59,154,25,3,0,8,19,31,30,75.46,1,7,1,12,4,8,0,9,20,13,65.0,9,1,7,2,28.57,1,2,45,22,48.89,12,33,0,4,5,0,0,6.51,5.84,5.35,3.58,7.41,5.77,0.53,2025-03-15T11:42:42.664851+00:00,624,Highland_Wanderers_20251208101535_624,1,5.77
Crestfall Town,2340.644,557.775,23.83,46.67,145,105,17,40,101,17,1,0,5,8,13,12,72.54,0,3,0,7,3,4,0,5,10,6,60.0,10,5,2,0,0.0,3,3,10,5,50.0,3,7,2,0,6,0,0,5.74,5.88,4.49,3.48,7.42,5.38,0.487,2025-08-29T11:08:02.664851+00:00,615,Crestfall_Town_20251208101535_615,1,5.38
Millennium Rovers,4243.223,576.654,13.59,76.03,241,139,37,102,158,24,9,16,12,11,11,23,57.84,0,0,1,15,4,11,0,16,7,4,57.14,5,4,4,0,0.0,1,0,43,27,62.79,5,38,1,3,7,1,0,6.47,4.65,4.79,4.91,6.53,5.41,0.49,2025-03-30T11:27:03.664851+00:00,897,Millennium_Rovers_20251208101535_897,1,5.41
Northbridge FC,2116.077,726.238,34.32,42.57,145,116,9,29,116,17,2,4,3,1,2,16,79.84,1,5,1,6,2,4,0,7,4,2,50.0,10,8,17,5,29.41,1,1,9,6,66.67,3,6,1,2,8,2,0,5.83,5.3,4.76,4.77,5.24,5.26,0.473,2025-09-29T19:50:14.664851+00:00,323,Northbridge_FC_20251208101535_323,1,5.26
Highland Wanderers,3497.391,1293.685,36.99,64.44,232,220,6,12,124,22,29,8,11,24,13,30,94.73,1,9,1,7,3,4,1,6,30,18,60.0,10,2,4,1,25.0,0,2,33,20,60.61,5,28,0,1,1,0,0,6.14,4.84,5.75,4.33,7.82,5.61,0.512,2025-02-03T12:25:38.664851+00:00,98,Highland_Wanderers_20251208101535_98,1,5.61
Pioneer Ville FC,2529.509,304.047,12.02,48.95,136,94,16,42,110,16,0,4,0,3,3,28,68.94,0,0,1,6,2,4,1,5,11,7,63.64,15,4,22,6,27.27,2,2,45,20,44.44,20,25,1,2,5,1,0,5.1,5.69,6.03,3.44,6.68,5.38,0.487,2025-04-14T22:59:09.665851+00:00,374,Pioneer_Ville_FC_20251208101535_374,1,5.38
Millennium Rovers,3390.655,715.428,21.1,61.82,254,173,39,81,185,0,27,8,0,28,5,21,68.29,2,5,2,12,7,5,1,12,11,4,36.36,3,6,4,1,25.0,0,0,32,15,46.88,8,24,3,2,3,1,0,6.52,3.59,4.22,4.08,6.7,4.92,0.436,2025-11-19T19:36:46.665851+00:00,483,Millennium_Rovers_20251208101535_483,1,4.92
Grand Harbor FC,2701.907,582.801,21.57,53.02,179,170,3,9,133,23,12,4,0,4,2,12,95.19,1,8,1,7,2,5,0,9,12,7,58.33,6,7,8,2,25.0,2,0,18,10,55.56,7,11,0,1,9,2,0,5.79,6.42,6.02,4.32,5.43,5.77,0.53,2025-07-29T04:10:57.665851+00:00,676,Grand_Harbor_FC_20251208101535_676,1,5.77
Riverside FC,2120.085,365.927,17.26,41.79,156,108,20,48,125,4,13,1,6,3,3,18,69.11,1,5,1,4,2,2,0,5,13,8,61.54,11,4,21,5,23.81,2,0,17,11,64.71,4,13,0,1,12,1,0,5.23,5.84,4.94,4.81,6.69,5.43,0.492,2025-01-30T06:23:27.665851+00:00,638,Riverside_FC_20251208101535_638,1,5.43
Riverstone FC,2539.52,557.933,21.97,49.75,148,116,13,32,106,23,8,2,3,3,4,21,78.22,1,1,1,6,3,3,0,8,8,6,75.0,12,2,15,3,20.0,2,1,21,5,23.81,8,13,0,3,5,0,0,5.76,5.94,5.0,3.46,7.09,5.47,0.497,2025-08-16T03:56:41.665851+00:00,316,Riverstone_FC_20251208101535_316,1,5.47
Metro FC,2826.332,400.209,14.16,53.33,269,231,11,38,188,40,8,0,7,12,15,11,85.93,1,8,1,8,4,4,0,9,9,7,77.78,7,7,18,4,22.22,0,3,16,9,56.25,1,15,1,3,3,0,0,6.31,5.46,4.98,3.12,7.65,5.49,0.499,2025-03-26T20:28:44.665851+00:00,373,Metro_FC_20251208101535_373,1,5.49
Prime City Athletic,3383.581,210.459,6.22,63.0,200,175,11,25,187,7,6,8,2,0,0,19,87.4,1,5,1,6,3,3,0,6,10,7,70.0,7,2,7,2,28.57,1,2,38,15,39.47,4,34,0,3,4,1,0,5.67,5.54,5.28,4.02,6.06,5.36,0.484,2025-12-05T13:54:06.665851+00:00,883,Prime_City_Athletic_20251208101535_883,1,5.36
Summit Peak FC,2816.651,395.176,14.03,50.49,206,189,5,17,132,20,23,7,12,4,9,25,91.67,1,3,1,7,3,4,0,9,14,8,57.14,6,3,12,4,33.33,1,0,29,11,37.93,7,22,1,2,4,0,0,6.78,7.15,6.33,4.47,7.6,6.55,0.617,2025-10-17T08:35:21.665851+00:00,696,Summit_Peak_FC_20251208101535_696,1,6.55
Northbridge FC,2363.357,624.872,26.44,44.42,126,98,7,28,93,17,4,5,0,4,3,23,77.71,0,0,1,7,3,4,0,8,5,3,60.0,15,10,13,1,7.69,2,1,19,11,57.89,6,13,1,2,8,1,0,5.58,6.27,5.57,4.42,6.93,5.74,0.527,2025-01-17T17:10:19.666851+00:00,418,Northbridge_FC_20251208101535_418,1,5.74
Westwood Athletic,2049.065,478.047,23.33,40.74,165,105,13,60,123,18,13,7,1,1,2,6,63.9,1,3,1,8,3,5,0,12,10,7,70.0,12,4,11,3,27.27,2,3,15,5,33.33,5,10,1,3,14,1,0,6.28,5.97,5.13,3.8,6.69,5.66,0.518,2025-01-11T12:50:32.666851+00:00,531,Westwood_Athletic_20251208101535_531,1,5.66
Blue Ridge FC,2443.813,816.722,33.42,44.72,209,160,19,49,151,30,10,6,8,2,3,26,76.72,1,7,1,7,3,4,0,7,11,6,54.55,7,7,3,1,33.33,0,0,22,13,59.09,6,16,2,1,9,3,0,5.87,6.39,6.12,3.45,4.47,5.59,0.51,2025-03-20T08:09:25.666851+00:00,989,Blue_Ridge_FC_20251208101535_989,1,5.59
San Beda University,2014.442,132.953,6.6,40.6,116,74,14,42,83,13,0,3,6,6,4,12,64.03,1,3,1,4,2,2,0,5,7,4,57.14,7,8,16,3,18.75,1,0,28,9,32.14,11,17,1,1,6,0,0,6.09,5.63,4.91,5.34,7.31,5.74,0.527,2025-05-16T20:23:04.666851+00:00,194,San_Beda_University_20251208101535_194,1,5.74
Westwood Athletic,3722.181,872.851,23.45,66.11,264,184,25,80,209,24,35,5,12,0,0,5,69.53,2,7,2,14,6,8,1,8,25,14,56.0,6,6,6,1,16.67,1,1,16,7,43.75,1,15,1,2,0,0,0,6.1,5.56,5.34,3.57,7.61,5.59,0.51,2025-06-13T23:26:05.666851+00:00,225,Westwood_Athletic_20251208101535_225,1,5.59
Blue Ridge FC,2616.91,626.75,23.95,47.82,165,125,7,40,127,5,2,2,1,12,15,8,75.48,0,3,0,6,3,3,1,8,8,4,50.0,9,12,6,1,16.67,1,2,32,14,43.75,4,28,0,1,5,0,0,5.13,5.77,5.38,3.64,7.46,5.38,0.487,2025-01-24T22:18:19.666851+00:00,295,Blue_Ridge_FC_20251208101535_295,1,5.38
Crestfall Town,2440.977,322.697,13.22,49.32,161,129,6,32,113,11,2,3,7,15,10,12,79.88,1,7,1,5,2,3,1,8,0,0,39.36,14,5,2,1,50.0,4,0,40,24,60.0,13,27,0,0,8,0,0,6.43,5.43,5.67,4.18,7.39,5.78,0.531,2025-07-16T05:58:58.666851+00:00,269,Crestfall_Town_20251208101535_269,1,5.78
Highland Wanderers,2208.719,476.862,21.59,43.23,97,69,8,28,61,10,8,3,1,2,11,12,70.82,1,2,1,8,2,6,0,7,7,4,57.14,9,4,2,1,50.0,2,0,16,9,56.25,5,11,0,2,3,0,0,6.08,5.58,5.01,3.92,7.78,5.59,0.51,2025-06-07T03:04:29.667851+00:00,223,Highland_Wanderers_20251208101535_223,1,5.59
Riverside FC,3114.787,603.023,19.36,61.02,205,131,21,74,138,2,11,7,3,19,26,24,63.89,1,3,1,6,3,3,0,9,11,3,27.27,4,6,12,4,33.33,1,0,14,8,57.14,1,13,0,2,5,2,0,5.94,5.3,4.2,4.8,5.78,5.24,0.471,2025-04-10T07:01:37.667851+00:00,965,Riverside_FC_20251208101535_965,1,5.24
Stormhold FC,2234.767,668.866,29.93,43.5,192,122,33,70,120,14,11,11,9,8,19,0,63.3,0,7,0,4,1,3,0,6,8,4,50.0,15,9,14,2,14.29,1,0,26,17,65.38,8,18,1,1,9,2,0,5.76,5.81,5.62,5.39,5.71,5.69,0.521,2024-12-31T01:39:36.667851+00:00,933,Stormhold_FC_20251208101535_933,1,5.69
Union Crest United,2746.529,82.396,3.0,50.77,182,143,6,39,131,13,8,3,12,6,9,16,78.54,1,1,1,6,2,4,1,5,10,5,50.0,6,8,18,3,16.67,2,2,17,13,76.47,5,12,1,3,10,2,0,6.3,5.97,4.9,4.71,5.35,5.61,0.512,2025-10-21T14:14:50.667851+00:00,574,Union_Crest_United_20251208101535_574,1,5.61
Prime City Athletic,2941.572,469.181,15.95,54.61,234,156,25,78,161,25,17,6,6,7,13,22,66.66,1,6,1,8,2,6,1,6,20,10,50.0,10,2,15,4,26.67,0,0,9,3,33.33,4,5,1,2,8,0,0,6.36,5.76,4.67,3.96,7.58,5.64,0.516,2025-01-12T05:17:37.667851+00:00,455,Prime_City_Athletic_20251208101535_455,1,5.64
Summit Peak FC,1776.346,590.457,33.24,33.24,153,104,17,49,118,8,8,4,12,2,2,10,68.15,0,3,0,4,2,2,0,4,10,4,40.0,7,11,10,2,20.0,1,0,18,7,38.89,6,12,0,1,8,2,0,4.95,6.09,5.31,4.36,5.12,5.28,0.476,2025-07-27T10:59:21.667851+00:00,393,Summit_Peak_FC_20251208101535_393,1,5.28
Harborview United,2259.349,422.046,18.68,43.3,176,142,19,34,122,20,14,5,8,2,5,15,80.72,1,3,1,9,3,6,1,9,6,4,66.67,22,12,4,2,50.0,3,1,24,13,54.17,14,10,1,3,9,1,0,6.16,4.92,5.67,3.91,6.19,5.4,0.489,2024-12-10T02:48:10.667851+00:00,964,Harborview_United_20251208101535_964,1,5.4
Eastview Rangers,2742.578,310.46,11.32,51.91,158,145,4,13,107,17,10,0,7,8,9,5,91.65,1,3,1,7,3,4,1,10,6,4,66.67,6,7,5,1,20.0,1,0,22,9,40.91,5,17,1,3,8,0,0,7.58,5.88,6.67,5.01,7.52,6.56,0.618,2025-06-04T05:45:48.668851+00:00,875,Eastview_Rangers_20251208101535_875,1,6.56
Redwood Borough,2666.912,600.589,22.52,48.41,195,190,2,5,156,26,5,7,11,0,0,37,97.42,1,4,1,10,4,6,1,9,6,4,66.67,8,7,11,3,27.27,4,0,27,14,51.85,5,22,1,4,0,1,0,5.81,6.45,5.26,3.88,7.0,5.73,0.526,2025-10-12T09:58:44.668851+00:00,42,Redwood_Borough_20251208101535_42,1,5.73
San Beda University,3706.194,1286.049,34.7,65.14,249,203,16,46,157,22,12,4,3,36,16,15,81.49,1,7,1,5,2,3,0,6,29,19,65.52,10,4,0,0,0.0,1,2,21,10,47.62,11,10,1,0,7,2,0,5.5,5.28,6.09,4.28,5.92,5.43,0.492,2025-09-08T19:50:38.668851+00:00,911,San_Beda_University_20251208101535_911,1,5.43
Harborview United,2700.25,215.75,7.99,49.98,131,111,3,20,89,12,8,4,4,2,13,9,84.5,1,2,1,7,3,4,1,8,15,8,53.33,9,9,9,1,11.11,1,1,24,15,62.5,0,24,2,3,6,1,0,5.72,5.8,5.08,4.4,6.91,5.55,0.506,2025-11-07T06:12:25.668851+00:00,423,Harborview_United_20251208101535_423,1,5.55
Eastview Rangers,2625.758,667.468,25.42,48.02,192,130,10,62,121,20,14,12,0,11,14,12,67.66,0,5,0,5,2,3,0,6,18,11,61.11,16,5,10,2,20.0,0,0,37,16,43.24,11,26,0,0,5,0,0,5.01,5.57,5.43,3.79,7.5,5.33,0.481,2024-12-08T00:52:38.668851+00:00,350,Eastview_Rangers_20251208101535_350,1,5.33
Crestfall Town,1993.325,602.383,30.22,35.9,147,117,14,30,102,17,7,1,6,6,9,19,79.34,0,0,1,5,2,3,0,4,7,4,57.14,15,7,20,6,30.0,2,3,34,15,44.12,6,28,0,0,11,2,0,5.88,7.01,5.28,4.57,5.8,5.89,0.543,2025-12-06T12:51:53.668851+00:00,45,Crestfall_Town_20251208101535_45,1,5.89
Riverside FC,1913.702,168.023,8.78,37.52,124,85,21,39,94,16,7,6,5,0,0,5,68.81,1,1,1,4,1,3,0,5,11,4,36.36,14,0,12,4,33.33,3,1,16,4,25.0,4,12,0,0,8,0,0,6.35,4.71,5.09,5.46,7.46,5.63,0.514,2025-09-23T08:54:56.668851+00:00,604,Riverside_FC_20251208101535_604,1,5.63
Brookside United,3380.58,266.39,7.88,59.32,220,146,24,74,188,15,20,4,6,0,0,20,66.58,0,4,0,9,3,6,1,10,7,4,57.14,8,5,12,4,33.33,1,2,29,12,41.38,6,23,3,3,2,0,0,5.55,4.9,5.75,5.07,6.94,5.48,0.498,2025-09-08T21:29:33.669851+00:00,887,Brookside_United_20251208101535_887,1,5.48
Northbridge FC,1919.302,512.07,26.68,39.24,124,84,17,40,69,7,8,6,6,13,14,11,68.11,1,4,1,5,2,3,0,5,8,4,50.0,17,12,21,5,23.81,1,2,13,8,61.54,4,9,0,0,2,1,0,5.7,6.39,5.32,3.6,7.05,5.66,0.518,2025-02-10T03:05:19.669851+00:00,792,Northbridge_FC_20251208101535_792,1,5.66
Goldenfield Rovers,2199.542,625.99,28.46,41.09,161,109,17,52,111,15,5,2,0,21,7,15,67.4,0,2,0,8,3,5,0,9,7,3,42.86,0,8,16,4,25.0,2,1,29,14,48.28,12,17,0,2,10,1,0,5.88,5.66,4.77,4.51,6.25,5.44,0.493,2025-09-02T20:24:18.669851+00:00,764,Goldenfield_Rovers_20251208101535_764,1,5.44
Dominion Athletic,2249.442,335.167,14.9,40.18,123,115,3,8,99,12,9,6,4,0,0,4,93.24,1,5,1,5,2,3,0,7,6,4,66.67,9,7,11,3,27.27,3,0,14,6,42.86,5,9,0,1,7,2,0,5.08,5.09,5.93,3.29,5.09,5.0,0.444,2025-01-14T06:07:23.669851+00:00,719,Dominion_Athletic_20251208101535_719,1,5.0
Crown City FC,3403.986,1186.97,34.87,63.01,258,224,14,34,199,24,10,13,4,3,5,15,86.91,1,1,1,7,3,4,0,12,17,9,52.94,9,8,6,2,33.33,1,3,10,6,60.0,2,8,1,3,4,0,0,6.01,5.92,5.69,4.06,6.94,5.74,0.527,2025-08-13T00:12:14.669851+00:00,983,Crown_City_FC_20251208101535_983,1,5.74
Twin Oak Rangers,3165.639,1093.095,34.53,56.04,217,189,8,28,141,21,21,6,3,17,7,22,87.29,1,6,1,9,3,6,0,8,17,10,58.82,6,7,16,5,31.25,2,0,26,14,53.85,4,22,0,3,4,0,0,4.77,6.6,5.88,4.06,7.65,5.69,0.521,2025-12-02T05:08:43.669851+00:00,393,Twin_Oak_Rangers_20251208101535_393,1,5.69
Blue Ridge FC,3736.198,772.646,20.68,66.06,254,200,24,54,184,16,21,13,9,6,5,14,78.86,1,5,1,10,4,6,0,11,11,5,45.45,8,6,3,1,33.33,1,2,23,9,39.13,6,17,0,0,2,0,0,6.45,5.86,5.94,4.29,7.83,6.02,0.558,2025-10-13T17:52:04.669851+00:00,349,Blue_Ridge_FC_20251208101535_349,1,6.02
Crestfall Town,3236.994,1241.387,38.35,66.1,213,139,22,74,132,0,18,1,4,16,42,24,65.46,1,3,1,9,4,5,1,9,0,0,36.77,6,7,7,1,14.29,2,1,7,3,42.86,2,5,2,4,0,0,0,5.35,4.97,5.84,4.16,7.82,5.42,0.491,2025-03-05T01:07:55.670851+00:00,912,Crestfall_Town_20251208101535_912,1,5.42
San Beda University,2375.36,808.335,34.03,47.81,135,111,10,24,92,19,5,6,4,4,5,10,82.1,0,4,0,7,2,5,0,9,5,4,80.0,12,3,5,1,20.0,1,0,7,3,42.86,3,4,0,1,9,2,0,5.94,5.01,5.64,4.31,5.78,5.38,0.487,2025-01-09T21:57:08.670851+00:00,745,San_Beda_University_20251208101535_745,1,5.38
Eastview Rangers,2205.2,745.137,33.79,45.21,139,95,19,44,108,10,13,6,5,0,0,10,68.34,1,1,1,5,1,4,0,5,1,1,100.0,18,7,13,4,30.77,3,0,4,2,50.0,0,4,0,2,5,0,0,5.82,5.98,4.35,4.88,7.71,5.63,0.514,2025-09-13T17:31:58.670851+00:00,813,Eastview_Rangers_20251208101535_813,1,5.63
Royal Haven FC,3487.395,1341.95,38.48,66.7,243,162,27,81,169,33,26,1,13,0,0,12,66.56,1,5,1,8,3,5,1,10,16,9,56.25,11,4,4,1,25.0,0,1,31,16,51.61,0,31,0,3,3,0,0,5.42,6.31,4.54,3.74,7.63,5.48,0.498,2024-12-12T19:09:53.670851+00:00,667,Royal_Haven_FC_20251208101535_667,1,5.48
Highland Wanderers,3098.732,815.896,26.33,63.63,212,180,10,32,179,28,10,10,0,0,0,21,84.99,0,3,0,9,4,5,0,9,18,12,66.67,6,3,14,2,14.29,1,0,35,21,60.0,12,23,2,0,6,2,0,6.96,5.64,5.62,4.19,5.23,5.76,0.529,2025-09-27T05:08:18.670851+00:00,788,Highland_Wanderers_20251208101535_788,1,5.76
Ironforge FC,2526.337,711.416,28.16,50.77,113,92,12,21,81,19,0,5,2,4,2,7,81.32,1,1,1,8,4,4,0,10,5,3,60.0,21,5,16,3,18.75,0,0,42,29,69.05,7,35,1,1,5,1,0,5.04,6.17,5.74,5.19,6.52,5.67,0.519,2025-10-16T09:40:19.670851+00:00,268,Ironforge_FC_20251208101535_268,1,5.67
Union Crest United,1150.578,395.799,34.4,23.45,62,47,8,15,46,3,3,4,3,1,1,2,75.94,0,2,0,3,1,2,0,3,3,2,66.67,14,8,18,4,22.22,0,1,14,5,35.71,4,10,0,0,9,0,0,3.66,6.5,4.92,4.53,7.82,5.25,0.472,2025-01-12T22:55:21.670851+00:00,516,Union_Crest_United_20251208101535_516,1,5.25
Pioneer Ville FC,2408.04,575.762,23.91,47.74,200,153,20,47,154,22,11,14,5,0,0,16,76.51,0,5,1,6,3,3,1,6,12,8,66.67,16,5,4,1,25.0,3,1,15,6,40.0,4,11,0,0,6,1,0,5.48,5.91,4.72,4.62,6.24,5.4,0.489,2025-05-05T16:55:29.670851+00:00,262,Pioneer_Ville_FC_20251208101535_262,1,5.4
Garden State FC,2487.281,599.435,24.1,47.0,157,117,13,40,117,7,19,9,4,1,0,10,74.21,1,3,1,8,4,4,1,7,1,1,100.0,4,2,13,2,15.38,3,2,11,8,72.73,3,8,1,0,10,1,0,5.59,4.9,5.63,4.93,6.78,5.43,0.492,2025-03-06T11:02:49.671851+00:00,940,Garden_State_FC_20251208101535_940,1,5.43
Hillcrest Athletic,3507.24,758.265,21.62,64.57,265,229,13,36,168,12,5,3,2,29,46,13,86.57,1,5,1,5,2,3,0,5,14,7,50.0,9,3,5,1,20.0,0,0,27,16,59.26,6,21,1,1,3,0,0,4.52,4.93,5.47,4.21,7.05,5.03,0.448,2025-03-13T14:40:13.671851+00:00,245,Hillcrest_Athletic_20251208101535_245,1,5.03
Dominion Athletic,3512.563,490.003,13.95,62.33,377,291,30,86,325,59,18,3,15,0,0,33,77.2,1,4,1,7,3,4,0,8,9,6,66.67,4,0,5,2,40.0,3,1,48,18,37.5,14,34,1,3,5,0,0,6.69,5.78,4.65,4.64,7.07,5.78,0.531,2025-10-11T09:41:21.671851+00:00,950,Dominion_Athletic_20251208101535_950,1,5.78
Valley Rovers,2416.006,556.648,23.04,45.93,152,114,17,38,121,20,9,3,8,0,0,13,75.06,0,2,0,5,2,3,1,5,3,2,66.67,3,12,15,4,26.67,4,0,7,3,42.86,3,4,0,1,14,2,0,5.88,5.58,4.93,4.75,5.6,5.42,0.491,2025-10-21T15:37:52.671851+00:00,515,Valley_Rovers_20251208101535_515,1,5.42
Oldtown United,2988.979,632.468,21.16,58.91,172,147,11,25,114,5,16,9,5,13,10,25,85.6,1,6,1,8,3,5,1,8,15,7,46.67,15,6,16,3,18.75,1,2,39,22,56.41,13,26,1,1,4,0,0,6.77,5.89,5.04,4.7,8.02,6.01,0.557,2025-01-09T13:01:53.671851+00:00,787,Oldtown_United_20251208101535_787,1,6.01
Crown City FC,3420.469,660.493,19.31,61.77,282,220,15,62,218,27,26,0,12,0,0,0,77.91,1,10,1,9,4,5,1,13,21,10,47.62,3,4,4,1,25.0,0,0,40,17,42.5,14,26,3,4,4,1,0,6.26,5.06,5.3,3.97,6.53,5.44,0.493,2025-01-28T13:07:24.671851+00:00,55,Crown_City_FC_20251208101535_55,1,5.44
Crestfall Town,3536.515,877.409,24.81,71.08,234,207,9,27,171,32,16,8,0,1,6,12,88.59,1,5,2,9,5,4,1,8,2,1,50.0,4,2,8,2,25.0,1,1,40,19,47.5,5,35,0,3,4,0,0,6.45,4.76,5.32,4.99,7.9,5.69,0.521,2025-05-24T13:34:07.671851+00:00,991,Crestfall_Town_20251208101535_991,1,5.69
Union Crest United,2872.371,758.88,26.42,54.18,153,153,0,0,123,13,4,3,5,2,4,13,100.0,1,3,1,6,3,3,0,9,20,11,55.0,13,7,7,3,42.86,1,1,27,13,48.15,10,17,0,3,6,1,0,5.18,6.02,5.38,4.97,6.49,5.56,0.507,2025-10-15T16:53:44.672851+00:00,895,Union_Crest_United_20251208101535_895,1,5.56
Goldenfield Rovers,2873.267,794.171,27.64,58.53,205,137,23,68,160,8,21,5,2,6,3,1,66.59,1,5,1,9,4,5,1,8,16,7,43.75,8,9,9,4,44.44,1,3,14,6,42.86,6,8,1,3,4,0,0,5.96,5.6,4.73,3.46,7.9,5.46,0.496,2025-03-13T01:56:15.672851+00:00,207,Goldenfield_Rovers_20251208101535_207,1,5.46
Highland Wanderers,3251.935,485.514,14.93,65.23,158,132,5,26,128,19,17,8,1,0,0,17,83.37,1,5,1,9,3,6,1,11,16,7,43.75,10,11,5,1,20.0,3,0,10,5,50.0,5,5,1,2,8,0,0,5.95,5.73,4.58,4.93,8.02,5.68,0.52,2025-05-06T16:24:22.672851+00:00,871,Highland_Wanderers_20251208101535_871,1,5.68
Prime City Athletic,2461.818,674.046,27.38,48.83,146,126,4,20,105,4,12,4,3,7,11,0,85.99,1,5,1,5,2,3,0,6,2,1,50.0,13,7,8,1,12.5,3,2,19,11,57.89,0,19,1,1,8,1,0,5.62,6.03,5.42,4.47,6.12,5.58,0.509,2025-11-04T14:00:45.672851+00:00,814,Prime_City_Athletic_20251208101535_814,1,5.58
Millennium Rovers,2165.563,666.127,30.76,44.32,90,65,9,25,68,11,2,5,0,2,2,8,72.5,2,3,2,9,3,6,1,7,15,6,40.0,0,2,5,1,20.0,1,1,24,12,50.0,7,17,1,2,4,2,0,5.13,4.62,4.09,4.3,5.95,4.75,0.417,2025-02-05T10:50:33.672851+00:00,228,Millennium_Rovers_20251208101535_228,1,4.75
Hillcrest Athletic,2387.051,552.602,23.15,47.15,189,169,8,20,117,10,3,1,6,22,30,7,89.52,1,4,1,6,3,3,0,6,1,0,0.0,9,7,20,4,20.0,2,2,24,10,41.67,4,20,0,1,8,0,0,4.96,4.77,6.88,4.17,7.8,5.46,0.496,2025-07-09T11:44:13.672851+00:00,584,Hillcrest_Athletic_20251208101535_584,1,5.46
Garden State FC,3169.505,423.446,13.36,56.21,236,196,17,40,161,28,19,4,10,9,5,30,82.85,1,6,1,10,4,6,0,10,12,6,50.0,8,6,6,2,33.33,2,1,35,17,48.57,12,23,0,2,0,0,0,6.68,5.17,6.09,4.92,7.21,5.95,0.55,2025-03-21T21:09:22.672851+00:00,181,Garden_State_FC_20251208101535_181,1,5.95
Union Crest United,1946.826,499.75,25.67,34.23,158,126,7,32,119,10,0,0,3,14,13,8,80.02,0,5,0,4,2,2,0,4,9,5,55.56,11,4,9,1,11.11,3,4,15,8,53.33,4,11,0,1,3,0,0,6.09,5.1,5.54,4.57,6.48,5.53,0.503,2024-12-16T12:47:50.673851+00:00,323,Union_Crest_United_20251208101535_323,1,5.53
Highland Wanderers,1625.951,579.326,35.63,33.16,120,79,22,41,83,15,5,10,1,3,4,7,66.23,1,3,1,7,3,4,1,9,8,3,37.5,7,11,17,4,23.53,1,0,24,13,54.17,7,17,1,4,2,0,0,5.63,6.03,5.94,5.85,7.67,6.04,0.56,2025-07-24T07:35:44.673851+00:00,776,Highland_Wanderers_20251208101535_776,1,6.04
Ironforge FC,2154.007,355.196,16.49,42.88,119,82,20,37,84,6,2,1,5,9,11,9,68.99,1,1,1,5,2,3,0,6,10,5,50.0,0,11,14,1,7.14,4,0,21,13,61.9,5,16,0,1,6,0,0,5.84,5.26,5.94,4.63,7.83,5.73,0.526,2025-04-07T16:25:37.673851+00:00,842,Ironforge_FC_20251208101535_842,1,5.73
Crestfall Town,2695.413,330.727,12.27,55.4,267,187,29,80,172,31,17,9,0,16,23,29,69.97,0,6,0,7,3,4,1,9,15,8,53.33,6,5,8,2,25.0,0,0,43,17,39.53,15,28,2,2,6,0,0,5.56,6.25,5.9,4.39,7.81,5.88,0.542,2025-03-22T00:50:45.673851+00:00,853,Crestfall_Town_20251208101535_853,1,5.88
Brookside United,1453.783,379.583,26.11,29.54,92,67,3,25,80,15,3,1,3,0,0,1,73.18,0,0,0,3,1,2,0,3,9,3,33.33,13,4,9,3,33.33,1,0,32,20,62.5,10,22,1,1,17,0,0,4.25,5.38,5.02,4.91,7.36,5.12,0.458,2025-02-17T11:34:11.673851+00:00,430,Brookside_United_20251208101535_430,1,5.12
Union Crest United,2656.577,764.829,28.79,50.24,192,147,17,45,139,11,17,6,4,10,5,21,76.42,1,2,1,8,3,5,1,7,14,10,71.43,10,4,11,3,27.27,1,1,26,12,46.15,7,19,2,1,5,0,0,5.37,5.77,5.53,5.42,7.16,5.7,0.522,2025-03-23T00:41:24.673851+00:00,532,Union_Crest_United_20251208101535_532,1,5.7
2 Worlds FC,2128.227,628.04,29.51,41.41,119,99,7,20,91,15,8,6,1,0,0,5,82.93,1,1,1,7,3,4,0,9,6,3,50.0,18,5,5,2,40.0,4,0,28,13,46.43,6,22,2,1,2,0,0,5.52,5.1,5.37,4.55,8.11,5.5,0.5,2025-05-24T08:35:18.673851+00:00,411,2_Worlds_FC_20251208101535_411,1,5.5
Valley Rovers,3899.94,726.949,18.64,72.34,271,219,22,52,163,42,25,12,4,5,19,25,80.76,1,6,1,11,3,8,0,12,30,13,43.33,6,0,3,1,33.33,1,1,13,4,30.77,6,7,0,3,3,0,0,5.39,4.44,5.58,4.37,7.28,5.21,0.468,2025-01-03T17:43:23.674851+00:00,615,Valley_Rovers_20251208101535_615,1,5.21
Southgate United,3099.819,617.174,19.91,55.32,205,159,15,46,160,22,4,12,6,1,0,23,77.42,1,5,1,7,3,4,1,6,12,6,50.0,9,6,10,3,30.0,1,1,28,18,64.29,9,19,0,4,5,0,0,5.91,5.93,5.68,4.93,7.3,5.87,0.541,2025-06-14T08:27:58.674851+00:00,104,Southgate_United_20251208101535_104,1,5.87
Pioneer Ville FC,3582.748,817.941,22.83,69.18,183,134,18,49,160,27,7,9,0,0,0,8,73.45,1,4,1,9,4,5,1,9,16,10,62.5,10,4,4,1,25.0,0,0,36,23,63.89,7,29,2,4,4,0,0,7.23,6.98,4.81,4.2,8.42,6.37,0.597,2025-09-06T20:04:25.674851+00:00,287,Pioneer_Ville_FC_20251208101535_287,1,6.37
Silverlake City,3546.35,1148.663,32.39,69.9,301,239,19,62,216,24,14,16,9,10,12,28,79.24,1,3,1,8,3,5,1,7,20,9,45.0,1,1,0,0,0.0,1,0,66,21,31.82,12,54,0,1,6,0,0,5.66,4.57,5.51,4.73,6.86,5.31,0.479,2025-06-29T17:26:26.674851+00:00,439,Silverlake_City_20251208101535_439,1,5.31
Lakeside Athletic,2111.417,590.141,27.95,41.33,221,169,21,52,182,24,15,10,0,0,0,7,76.33,1,3,1,7,3,4,0,9,11,7,63.64,19,9,6,2,33.33,2,0,16,6,37.5,3,13,1,4,3,0,0,6.43,6.02,5.27,3.37,6.88,5.7,0.522,2025-04-23T14:24:13.674851+00:00,972,Lakeside_Athletic_20251208101535_972,1,5.7
Hillcrest Athletic,2596.265,578.967,22.3,45.94,227,174,18,53,164,24,0,2,3,12,22,26,76.81,0,3,0,5,3,2,0,6,4,2,50.0,7,9,15,4,26.67,2,0,43,24,55.81,7,36,0,0,1,1,0,5.64,5.37,5.28,5.29,6.66,5.55,0.506,2025-06-30T16:14:04.674851+00:00,685,Hillcrest_Athletic_20251208101535_685,1,5.55
Crown City FC,3181.481,718.378,22.58,55.81,139,98,19,41,100,12,0,1,5,6,16,19,70.81,1,2,1,7,3,4,1,9,17,10,58.82,5,3,6,1,16.67,2,1,50,39,78.0,16,34,1,2,7,2,0,5.56,6.44,5.22,4.85,6.1,5.69,0.521,2025-11-15T00:19:11.674851+00:00,322,Crown_City_FC_20251208101535_322,1,5.69
Riverside FC,2918.979,836.579,28.66,57.86,266,211,12,55,200,28,14,5,3,7,10,40,79.5,1,4,1,10,3,7,2,12,27,20,74.07,3,0,0,0,0.0,1,2,8,3,37.5,0,8,1,3,2,0,0,6.65,5.15,5.59,4.08,7.41,5.73,0.526,2025-04-27T15:50:42.675851+00:00,292,Riverside_FC_20251208101535_292,1,5.73
Northbridge FC,2422.791,357.604,14.76,47.3,148,101,16,47,95,17,17,6,0,4,8,10,67.98,1,5,1,8,2,6,1,9,16,10,62.5,15,8,16,4,25.0,1,0,14,10,71.43,5,9,2,3,5,2,0,5.11,5.71,4.71,5.46,5.54,5.29,0.477,2025-07-22T17:14:16.675851+00:00,319,Northbridge_FC_20251208101535_319,1,5.29
Eastview Rangers,2717.192,275.795,10.15,53.5,225,167,27,58,146,26,14,7,10,8,13,18,74.38,1,5,1,8,3,5,0,10,5,3,60.0,21,5,9,3,33.33,2,2,26,18,69.23,5,21,0,1,13,2,0,5.63,5.88,6.18,5.04,6.19,5.78,0.531,2025-03-07T01:57:50.675851+00:00,198,Eastview_Rangers_20251208101535_198,1,5.78
Ironforge FC,2695.998,593.928,22.03,54.49,158,108,18,50,126,15,13,6,4,0,0,0,68.09,1,4,1,8,3,5,1,8,9,5,55.56,7,7,16,3,18.75,2,0,31,17,54.84,11,20,1,2,3,0,0,5.59,4.81,5.07,4.78,7.72,5.37,0.486,2025-11-15T03:34:32.675851+00:00,890,Ironforge_FC_20251208101535_890,1,5.37
Ironforge FC,1298.939,215.494,16.59,24.61,95,75,10,20,61,6,10,0,5,8,5,4,78.66,0,1,0,3,2,1,0,3,8,5,62.5,23,3,26,3,11.54,3,1,16,12,75.0,4,12,0,1,17,2,0,4.93,5.68,4.6,4.48,5.84,5.1,0.456,2024-12-19T14:08:45.675851+00:00,126,Ironforge_FC_20251208101535_126,1,5.1
Garden State FC,2456.771,866.749,35.28,49.38,261,169,27,92,166,40,17,3,0,6,30,18,64.85,1,7,1,6,3,3,0,6,9,4,44.44,15,6,8,2,25.0,0,2,12,8,66.67,2,10,1,2,6,0,0,6.39,5.77,4.8,4.17,7.98,5.75,0.528,2025-08-20T04:09:45.675851+00:00,12,Garden_State_FC_20251208101535_12,1,5.75
Twin Oak Rangers,2625.978,489.745,18.65,47.62,159,138,8,21,125,20,15,2,3,0,0,18,86.64,1,1,1,7,3,4,1,8,11,7,63.64,8,6,6,0,0.0,1,3,29,21,72.41,9,20,2,3,6,0,0,4.89,6.1,5.72,4.54,7.29,5.59,0.51,2025-05-10T16:26:30.675851+00:00,506,Twin_Oak_Rangers_20251208101535_506,1,5.59
Garden State FC,3222.87,513.403,15.93,63.68,187,130,9,57,140,18,2,4,0,9,15,9,69.4,1,4,1,7,3,4,0,10,17,6,35.29,0,5,15,2,13.33,1,2,36,17,47.22,9,27,1,3,9,1,0,6.71,5.39,5.05,5.21,6.25,5.75,0.528,2025-06-05T09:11:13.675851+00:00,64,Garden_State_FC_20251208101535_64,1,5.75
Eastview Rangers,2954.222,702.809,23.79,60.08,151,130,8,21,104,30,10,0,0,4,3,11,85.84,1,3,1,6,2,4,0,6,22,11,50.0,10,3,9,2,22.22,1,1,32,21,65.62,8,24,0,1,8,2,0,6.06,4.86,4.99,5.17,5.35,5.31,0.479,2025-11-01T12:58:48.676851+00:00,311,Eastview_Rangers_20251208101535_311,1,5.31
Riverstone FC,2924.575,597.783,20.44,57.44,169,107,24,62,123,19,3,5,5,10,4,5,63.12,1,2,1,8,3,5,0,9,18,12,66.67,5,4,6,1,16.67,2,0,9,4,44.44,1,8,1,0,4,0,0,6.52,5.83,4.58,3.09,6.89,5.5,0.5,2025-08-19T11:22:21.676851+00:00,133,Riverstone_FC_20251208101535_133,1,5.5
Riverstone FC,1561.544,376.02,24.08,32.04,91,65,6,26,73,6,2,2,0,4,3,8,71.06,1,1,1,5,2,3,1,6,7,3,42.86,11,3,6,1,16.67,2,0,10,5,50.0,7,3,1,0,15,0,0,5.6,6.0,4.65,4.64,7.52,5.58,0.509,2025-10-10T00:43:40.676851+00:00,718,Riverstone_FC_20251208101535_718,1,5.58
Highland Wanderers,3673.014,724.686,19.73,70.86,207,170,11,37,135,29,9,0,8,7,18,15,82.24,1,1,1,8,3,5,0,11,3,2,66.67,11,5,6,2,33.33,2,0,49,25,51.02,11,38,1,3,1,0,0,5.92,4.94,5.55,3.31,7.47,5.36,0.484,2025-10-31T04:22:58.676851+00:00,95,Highland_Wanderers_20251208101535_95,1,5.36
Valley Rovers,3426.18,716.414,20.91,62.18,201,184,5,17,145,28,14,11,0,2,2,16,91.72,1,4,1,12,4,8,0,8,14,8,57.14,1,5,7,3,42.86,0,0,44,25,56.82,10,34,1,2,3,1,0,6.31,5.46,6.03,4.83,6.57,5.83,0.537,2025-08-01T19:31:57.676851+00:00,126,Valley_Rovers_20251208101535_126,1,5.83
Crestfall Town,2545.053,548.459,21.55,44.8,116,89,9,27,60,15,5,3,0,7,25,1,77.06,0,4,0,4,2,2,0,5,8,4,50.0,11,11,16,4,25.0,0,0,40,19,47.5,11,29,0,3,8,0,1,5.66,5.93,5.3,5.61,5.51,5.64,0.516,2025-09-02T07:17:47.676851+00:00,926,Crestfall_Town_20251208101535_926,1,5.64
Silverlake City,2903.587,640.531,22.06,59.19,208,172,14,36,121,15,0,4,9,24,34,17,82.51,0,4,0,7,2,5,0,8,17,7,41.18,9,2,12,1,8.33,0,2,54,25,46.3,10,44,1,3,6,0,0,5.84,5.28,5.25,3.96,6.94,5.41,0.49,2025-06-09T13:11:09.677852+00:00,46,Silverlake_City_20251208101535_46,1,5.41
Stormhold FC,3124.972,884.992,28.32,58.87,157,100,21,57,98,13,21,2,0,12,11,23,63.57,0,4,0,5,2,3,0,6,5,3,60.0,5,5,9,2,22.22,3,1,10,4,40.0,2,8,0,1,0,0,0,5.72,5.33,5.37,4.61,7.53,5.57,0.508,2025-06-08T14:10:44.677852+00:00,174,Stormhold_FC_20251208101535_174,1,5.57
Silverlake City,2305.107,372.966,16.18,42.07,153,123,14,30,99,22,11,3,5,5,8,16,80.57,1,1,1,7,3,4,1,9,0,0,60.99,13,6,10,1,10.0,3,0,15,9,60.0,5,10,0,1,8,1,0,5.15,5.99,4.29,5.61,6.17,5.38,0.487,2025-06-25T17:33:27.677852+00:00,634,Silverlake_City_20251208101535_634,1,5.38
Redwood Borough,3141.934,556.122,17.7,56.49,196,149,9,47,149,17,13,7,0,6,3,10,75.79,1,5,1,9,3,6,0,8,2,1,50.0,12,3,2,0,0.0,2,2,51,23,45.1,18,33,3,0,4,0,0,6.16,5.36,5.93,5.14,7.79,5.91,0.546,2025-10-23T21:47:25.677852+00:00,498,Redwood_Borough_20251208101535_498,1,5.91
Frontier Rovers,2632.155,659.881,25.07,53.38,169,159,3,10,117,21,6,4,0,9,12,9,94.05,1,4,1,6,3,3,0,8,12,7,58.33,15,8,14,3,21.43,2,1,12,5,41.67,4,8,1,2,9,0,0,6.67,5.11,5.18,4.68,7.55,5.74,0.527,2025-01-29T07:51:30.677852+00:00,732,Frontier_Rovers_20251208101535_732,1,5.74
Prime City Athletic,2807.697,234.723,8.36,57.28,247,180,14,67,176,10,25,11,4,11,10,15,72.78,0,6,0,4,2,2,0,6,17,8,47.06,8,1,15,4,26.67,2,2,22,9,40.91,6,16,0,1,2,1,0,5.42,4.96,5.84,5.58,6.82,5.54,0.504,2025-03-25T06:13:29.677852+00:00,88,Prime_City_Athletic_20251208101535_88,1,5.54
Riverstone FC,4193.876,922.233,21.99,74.84,322,287,14,35,219,38,13,4,1,18,30,33,89.23,1,6,1,11,4,7,1,16,0,0,77.03,3,5,5,1,20.0,1,2,65,42,64.62,19,46,1,2,5,0,0,6.63,5.76,5.36,5.95,7.84,6.16,0.573,2025-07-14T13:46:49.677852+00:00,826,Riverstone_FC_20251208101535_826,1,6.16
Ironforge FC,2452.567,425.03,17.33,42.92,163,138,7,25,98,14,9,4,3,7,28,8,84.81,0,5,0,6,2,4,0,4,12,8,66.67,15,3,9,2,22.22,0,2,30,11,36.67,16,14,0,2,8,1,0,4.95,4.79,5.41,4.24,7.35,5.14,0.46,2025-05-20T10:20:46.678851+00:00,753,Ironforge_FC_20251208101535_753,1,5.14
Goldenfield Rovers,1561.222,431.21,27.62,31.32,104,73,8,31,74,21,8,7,6,0,0,8,69.78,1,2,1,4,1,3,0,6,6,4,66.67,17,6,12,3,25.0,4,0,23,12,52.17,0,23,1,0,15,0,0,5.4,4.6,4.11,4.8,8.06,5.1,0.456,2025-08-07T00:26:06.678851+00:00,306,Goldenfield_Rovers_20251208101535_306,1,5.1
Oldtown United,2908.43,723.036,24.86,53.45,201,124,29,77,143,9,11,8,0,11,20,20,61.75,1,2,1,6,2,4,0,8,5,3,60.0,3,8,7,2,28.57,2,2,2,1,50.0,1,1,0,0,7,0,0,6.35,4.95,5.29,5.45,7.42,5.73,0.526,2025-11-15T13:39:52.678851+00:00,44,Oldtown_United_20251208101535_44,1,5.73
Ironforge FC,2950.615,579.206,19.63,58.12,163,120,16,43,126,12,7,3,5,3,5,7,73.42,1,3,1,9,5,4,0,8,22,17,77.27,5,3,1,0,0.0,2,1,0,0,27.72,0,0,0,3,7,0,0,6.05,5.48,4.95,4.22,7.23,5.53,0.503,2025-11-12T00:47:54.678851+00:00,431,Ironforge_FC_20251208101535_431,1,5.53
Crown City FC,3290.543,805.196,24.47,61.47,202,126,38,76,116,19,4,6,4,30,22,23,62.3,1,4,1,9,3,6,0,14,2,1,50.0,19,2,2,0,0.0,2,1,33,15,45.45,12,21,1,2,6,0,0,5.52,5.27,4.68,4.45,7.02,5.28,0.476,2025-11-05T10:11:31.678851+00:00,399,Crown_City_FC_20251208101535_399,1,5.28
Crestfall Town,4031.263,932.834,23.14,82.43,269,159,45,110,198,34,23,15,8,0,0,42,59.2,1,9,1,15,7,8,2,18,15,8,53.33,9,2,1,0,0.0,0,2,14,3,21.43,4,10,2,3,2,0,0,6.44,6.23,4.95,4.63,7.85,5.97,0.552,2025-04-13T16:37:21.678851+00:00,901,Crestfall_Town_20251208101535_901,1,5.97
2 Worlds FC,3823.17,632.735,16.55,67.41,200,170,10,30,154,18,2,1,5,8,12,12,85.21,1,4,1,8,3,5,1,14,26,13,50.0,13,5,3,1,33.33,2,3,30,14,46.67,8,22,2,3,2,0,0,5.64,5.67,5.13,4.81,6.81,5.55,0.506,2025-08-03T08:16:30.678851+00:00,829,2_Worlds_FC_20251208101535_829,1,5.55
Stormhold FC,1824.208,399.866,21.92,34.72,162,132,12,30,118,10,6,11,2,9,5,18,81.49,0,4,0,3,1,2,0,5,11,7,63.64,6,9,9,2,22.22,2,0,24,11,45.83,10,14,3,1,6,0,0,5.82,5.19,4.73,3.64,6.82,5.22,0.469,2025-10-01T13:46:18.678851+00:00,413,Stormhold_FC_20251208101535_413,1,5.22
Crestfall Town,2319.855,374.193,16.13,41.43,131,123,4,8,79,13,14,0,4,16,5,10,93.55,1,3,1,8,3,5,0,10,9,7,77.78,4,5,4,1,25.0,0,1,26,18,69.23,14,12,1,0,13,0,0,5.84,5.07,6.05,4.38,7.73,5.65,0.517,2025-04-17T09:08:33.679851+00:00,576,Crestfall_Town_20251208101535_576,1,5.65
Silverlake City,3606.209,1101.336,30.54,66.29,206,151,16,55,144,21,13,5,4,8,11,20,73.29,1,7,1,8,3,5,0,9,8,5,62.5,9,4,9,2,22.22,0,1,45,27,60.0,9,36,0,2,6,1,1,5.15,4.97,5.85,4.69,4.77,5.14,0.46,2025-05-13T16:27:06.679851+00:00,393,Silverlake_City_20251208101535_393,1,5.14
Prime City Athletic,2258.643,343.765,15.22,43.99,161,141,5,20,113,16,15,0,0,3,13,29,87.75,0,7,0,2,1,1,0,2,10,6,60.0,7,9,11,2,18.18,1,0,9,8,88.89,3,6,0,0,3,0,0,5.26,5.08,5.55,4.81,7.02,5.38,0.487,2025-04-13T09:47:12.679851+00:00,35,Prime_City_Athletic_20251208101535_35,1,5.38
City United,3155.375,836.49,26.51,64.29,213,145,21,68,158,31,8,10,10,0,0,8,67.95,1,3,1,12,5,7,0,6,15,11,73.33,5,8,3,1,33.33,2,3,30,20,66.67,6,24,1,6,7,2,0,6.77,6.77,5.05,4.73,5.06,5.97,0.552,2025-11-30T13:13:19.679851+00:00,27,City_United_20251208101535_27,1,5.97
Goldenfield Rovers,1948.938,369.324,18.95,35.88,161,105,16,56,129,8,2,10,4,4,5,9,65.5,0,3,0,3,0,3,0,4,13,6,46.15,9,9,13,4,30.77,4,1,3,1,33.33,0,3,0,0,9,1,0,4.68,5.78,4.41,4.85,7.17,5.21,0.468,2025-01-02T02:48:48.679851+00:00,171,Goldenfield_Rovers_20251208101535_171,1,5.21
Garden State FC,3207.904,719.212,22.42,61.81,139,103,15,36,90,15,6,5,2,11,9,12,74.42,1,1,1,6,3,3,0,4,24,13,54.17,9,2,3,0,0.0,1,2,62,39,62.9,17,45,0,2,1,0,0,5.66,5.26,5.02,5.02,7.04,5.47,0.497,2025-02-06T10:50:03.679851+00:00,723,Garden_State_FC_20251208101535_723,1,5.47
Southgate United,2811.665,109.374,3.89,50.97,184,143,19,41,142,20,8,8,2,2,2,8,77.56,1,6,1,7,2,5,0,9,21,9,42.86,0,4,9,2,22.22,1,1,0,0,18.34,0,0,0,2,7,3,0,5.56,5.94,4.37,4.39,4.31,5.14,0.46,2025-06-15T07:32:42.679851+00:00,273,Southgate_United_20251208101535_273,1,5.14
Hillcrest Athletic,1712.524,474.712,27.72,32.39,135,105,15,30,88,6,10,1,6,10,14,7,77.85,1,2,1,5,2,3,0,7,14,9,64.29,9,15,11,3,27.27,2,0,15,6,40.0,10,5,0,2,7,1,0,6.63,5.77,4.4,3.21,7.13,5.51,0.501,2025-05-16T03:15:20.680851+00:00,471,Hillcrest_Athletic_20251208101535_471,1,5.51
Union Crest United,2119.86,270.918,12.78,43.56,141,105,14,36,93,13,0,2,3,10,20,3,74.13,0,4,0,7,2,5,0,6,9,6,66.67,21,8,19,5,26.32,3,0,10,5,50.0,3,7,1,1,6,2,0,4.53,6.78,5.55,4.74,5.65,5.51,0.501,2024-12-09T03:51:46.680851+00:00,557,Union_Crest_United_20251208101535_557,1,5.51
Redwood Borough,1766.313,374.282,21.19,31.49,93,80,6,13,69,12,0,1,4,4,3,7,86.05,0,2,0,5,2,3,1,3,15,9,60.0,10,10,18,7,38.89,1,2,28,15,53.57,7,21,1,1,8,0,0,6.04,4.91,5.74,4.6,7.4,5.6,0.511,2025-09-23T20:54:33.680851+00:00,143,Redwood_Borough_20251208101535_143,1,5.6
Metro FC,2382.865,639.323,26.83,45.64,121,100,7,21,85,15,5,3,3,3,6,2,82.94,0,2,0,7,3,4,0,9,6,4,66.67,7,6,13,3,23.08,2,0,27,15,55.56,1,26,2,2,7,2,0,5.36,5.08,4.76,4.93,5.05,5.07,0.452,2024-12-31T16:04:11.680851+00:00,538,Metro_FC_20251208101535_538,1,5.07
Goldenfield Rovers,3032.041,718.291,23.69,54.56,255,179,27,76,173,6,10,4,12,29,21,17,70.17,1,7,1,10,4,6,1,12,12,7,58.33,5,3,16,2,12.5,1,1,26,16,61.54,3,23,0,3,7,1,0,6.12,5.33,5.45,4.43,7.16,5.63,0.514,2025-07-09T19:00:37.680851+00:00,585,Goldenfield_Rovers_20251208101535_585,1,5.63
Dominion Athletic,1687.532,197.441,11.7,31.19,113,84,19,29,91,10,4,4,0,2,1,0,74.23,1,2,1,3,1,2,0,3,13,9,69.23,9,11,15,3,20.0,2,1,18,11,61.11,5,13,2,0,10,1,0,5.46,6.53,5.27,4.96,6.64,5.77,0.53,2025-01-05T09:19:49.680851+00:00,19,Dominion_Athletic_20251208101535_19,1,5.77
Brookside United,2755.029,582.689,21.15,52.7,167,137,7,30,104,30,4,0,2,13,15,3,82.0,1,5,1,9,4,5,1,11,8,4,50.0,10,4,20,4,20.0,3,3,39,25,64.1,5,34,2,5,9,0,0,6.44,5.11,4.89,5.0,7.84,5.7,0.522,2025-11-08T16:53:04.681852+00:00,655,Brookside_United_20251208101535_655,1,5.7
Redwood Borough,2638.516,580.21,21.99,53.01,139,113,11,26,115,14,10,9,2,0,0,18,81.17,0,3,0,6,2,4,1,6,14,12,85.71,5,8,5,1,20.0,2,0,36,24,66.67,10,26,0,3,6,1,0,5.56,6.27,5.78,3.93,5.98,5.62,0.513,2025-02-08T10:38:09.681852+00:00,730,Redwood_Borough_20251208101535_730,1,5.62
City United,2792.295,655.352,23.47,48.97,169,121,13,48,109,5,6,2,6,19,21,0,71.43,1,3,1,7,3,4,0,8,13,8,61.54,16,11,10,2,20.0,2,0,38,16,42.11,11,27,2,2,4,0,0,5.84,5.56,5.52,4.92,7.72,5.76,0.529,2025-05-20T20:28:52.681852+00:00,528,City_United_20251208101535_528,1,5.76
Metro FC,2566.449,734.774,28.63,50.2,151,121,9,30,110,15,8,1,5,5,8,12,80.44,0,4,0,3,1,2,0,3,14,9,64.29,14,5,5,1,20.0,2,0,20,13,65.0,10,10,0,2,7,1,0,5.21,6.72,5.23,4.89,6.75,5.75,0.528,2025-04-02T20:13:31.681852+00:00,786,Metro_FC_20251208101535_786,1,5.75
Summit Peak FC,1642.984,189.436,11.53,30.97,101,73,6,28,76,16,7,3,0,0,0,11,72.24,0,3,0,4,1,3,0,5,8,4,50.0,12,16,3,1,33.33,1,0,10,6,60.0,2,8,0,1,3,0,0,4.63,5.43,5.17,3.87,7.79,5.17,0.463,2025-06-18T13:19:34.681852+00:00,161,Summit_Peak_FC_20251208101535_161,1,5.17
Prime City Athletic,956.97,184.217,19.25,18.23,71,60,2,11,48,7,2,2,2,6,4,4,84.52,0,2,0,3,1,2,0,3,4,2,50.0,11,11,26,6,23.08,2,1,6,2,33.33,1,5,0,1,5,1,0,4.61,5.7,4.74,4.11,6.78,5.09,0.454,2025-11-03T05:56:15.681852+00:00,969,Prime_City_Athletic_20251208101535_969,1,5.09
City United,2261.58,459.101,20.3,39.53,163,112,24,51,123,15,11,7,1,3,3,17,68.61,1,2,1,8,3,5,0,6,5,3,60.0,10,16,5,1,20.0,1,1,37,9,24.32,27,10,1,0,9,2,0,5.96,6.14,4.7,4.08,5.32,5.43,0.492,2025-05-15T16:16:23.681852+00:00,271,City_United_20251208101535_271,1,5.43
2 Worlds FC,2666.285,313.288,11.75,47.87,193,168,9,25,158,22,8,6,4,0,0,20,86.98,1,5,1,6,2,4,0,3,11,6,54.55,3,8,15,3,20.0,1,0,14,10,71.43,6,8,2,2,4,0,0,5.4,4.78,4.68,3.75,8.01,5.11,0.457,2025-01-13T12:32:23.681852+00:00,505,2_Worlds_FC_20251208101535_505,1,5.11
Prime City Athletic,2929.102,871.115,29.74,54.19,198,138,21,60,107,26,0,6,7,13,39,35,69.81,1,8,1,10,5,5,0,12,17,12,70.59,2,3,7,1,14.29,2,2,26,11,42.31,4,22,2,2,5,3,0,5.57,5.92,5.81,4.48,5.13,5.52,0.502,2025-05-18T16:15:59.682851+00:00,707,Prime_City_Athletic_20251208101535_707,1,5.52
Millennium Rovers,2134.185,470.588,22.05,42.79,149,118,11,31,112,0,12,4,0,7,14,13,79.12,1,5,1,7,2,5,1,10,5,3,60.0,18,14,20,3,15.0,2,1,22,11,50.0,6,16,0,3,6,1,0,6.02,5.82,3.6,4.49,7.05,5.37,0.486,2025-06-19T19:01:16.682851+00:00,361,Millennium_Rovers_20251208101535_361,1,5.37
Metro FC,2602.886,942.245,36.2,45.55,90,63,8,27,69,10,3,1,3,1,2,8,70.42,1,3,1,6,3,3,0,9,13,7,53.85,10,5,13,2,15.38,1,0,40,17,42.5,19,21,0,3,7,1,0,6.49,5.18,4.69,5.38,7.04,5.66,0.518,2025-04-30T07:35:31.682851+00:00,846,Metro_FC_20251208101535_846,1,5.66
Millennium Rovers,2457.171,266.357,10.84,45.21,211,183,5,28,196,29,12,7,6,0,0,27,86.93,1,6,1,8,3,5,0,11,11,8,72.73,10,2,0,0,0.0,2,4,34,19,55.88,1,33,1,2,9,2,0,7.46,4.31,6.27,3.79,5.58,5.64,0.516,2025-09-10T22:40:59.682851+00:00,564,Millennium_Rovers_20251208101535_564,1,5.64
Royal Haven FC,1518.851,192.894,12.7,29.94,98,69,9,29,66,7,3,4,0,8,9,2,70.56,0,2,0,3,1,2,0,4,10,6,60.0,16,16,14,5,35.71,2,3,23,11,47.83,7,16,0,2,9,0,0,5.4,5.62,4.93,3.23,7.54,5.28,0.476,2025-09-27T05:37:03.682851+00:00,407,Royal_Haven_FC_20251208101535_407,1,5.28
Harborview United,2304.449,218.692,9.49,41.01,117,84,10,33,83,15,6,3,1,4,5,8,71.67,1,5,1,6,2,4,1,5,7,4,57.14,0,6,2,1,50.0,2,0,22,8,36.36,7,15,0,3,5,0,0,5.65,6.05,4.58,4.41,7.49,5.56,0.507,2025-10-08T00:30:38.682851+00:00,925,Harborview_United_20251208101535_925,1,5.56
2 Worlds FC,2633.211,904.508,34.35,53.94,211,186,8,25,150,8,15,4,11,10,13,10,88.23,0,6,0,4,2,2,0,5,16,10,62.5,6,7,13,3,23.08,1,1,22,9,40.91,8,14,0,1,4,0,0,5.45,6.12,4.97,4.0,7.74,5.57,0.508,2025-07-24T11:37:03.682851+00:00,198,2_Worlds_FC_20251208101535_198,1,5.57
Evergreen Sporting,3267.224,903.061,27.64,61.14,170,131,10,39,111,21,10,10,4,8,7,14,76.93,1,3,1,6,2,4,0,5,16,12,75.0,1,4,6,1,16.67,2,1,32,21,65.62,7,25,0,1,3,0,0,6.37,4.26,5.08,4.81,7.32,5.4,0.489,2025-10-03T05:37:59.683851+00:00,844,Evergreen_Sporting_20251208101535_844,1,5.4
Redwood Borough,2206.864,503.165,22.8,43.32,96,69,12,27,76,8,6,4,3,0,0,10,71.98,1,3,1,4,1,3,0,3,3,2,66.67,5,16,6,1,16.67,0,1,8,3,37.5,2,6,0,0,9,1,0,5.16,5.82,5.16,4.76,6.96,5.47,0.497,2025-09-26T17:34:01.683851+00:00,24,Redwood_Borough_20251208101535_24,1,5.47
Oldtown United,2185.451,494.568,22.63,43.7,187,187,0,0,139,10,20,7,6,2,3,3,100.0,1,4,1,5,2,3,0,5,6,4,66.67,8,6,12,2,16.67,2,1,11,5,45.45,4,7,0,0,11,1,0,6.47,5.14,5.53,5.52,6.57,5.79,0.532,2025-07-17T01:16:39.683851+00:00,705,Oldtown_United_20251208101535_705,1,5.79
Riverside FC,2515.736,424.405,16.87,49.66,119,99,9,20,73,15,2,5,2,10,13,3,83.54,0,4,0,6,2,4,0,7,11,6,54.55,10,9,10,1,10.0,2,2,31,12,38.71,10,21,0,1,7,3,0,5.52,5.87,5.49,4.87,4.64,5.43,0.492,2025-10-03T21:08:59.683851+00:00,32,Riverside_FC_20251208101535_32,1,5.43
Pioneer Ville FC,2400.151,616.599,25.69,45.72,165,155,5,10,134,37,13,3,0,0,0,10,93.69,1,5,1,5,2,3,1,6,3,1,33.33,9,4,11,3,27.27,2,0,0,0,60.12,0,0,0,1,4,0,0,5.0,5.17,5.58,3.56,7.92,5.25,0.472,2025-08-04T12:47:17.683851+00:00,489,Pioneer_Ville_FC_20251208101535_489,1,5.25
Eastview Rangers,2520.942,644.605,25.57,46.58,268,202,34,66,184,37,21,1,4,6,15,32,75.31,1,3,1,6,1,5,0,4,9,3,33.33,13,7,4,1,25.0,1,2,21,11,52.38,5,16,0,1,4,0,0,5.85,5.15,5.48,3.88,6.98,5.42,0.491,2025-09-28T19:39:32.683851+00:00,539,Eastview_Rangers_20251208101535_539,1,5.42
Westwood Athletic,2857.042,218.278,7.64,50.56,138,103,11,35,114,7,5,1,3,5,3,14,74.57,1,5,1,8,3,5,1,10,14,6,42.86,8,5,10,2,20.0,2,0,47,32,68.09,14,33,0,1,5,1,0,6.65,4.78,5.34,5.68,6.63,5.73,0.526,2025-01-18T21:24:22.683851+00:00,518,Westwood_Athletic_20251208101535_518,1,5.73
Evergreen Sporting,2118.018,476.978,22.52,42.4,197,145,16,52,152,16,19,5,8,0,0,15,73.73,1,3,1,7,3,4,0,7,7,4,57.14,13,15,16,7,43.75,1,1,23,11,47.83,3,20,2,4,7,0,0,6.02,5.69,4.67,4.56,7.47,5.6,0.511,2024-12-10T10:42:05.684851+00:00,712,Evergreen_Sporting_20251208101535_712,1,5.6
Dominion Athletic,2613.594,565.059,21.62,48.6,172,154,6,18,127,15,6,0,3,3,18,22,89.43,1,3,1,5,2,3,0,7,11,4,36.36,11,10,5,1,20.0,2,2,16,10,62.5,4,12,0,1,6,1,0,6.71,5.66,6.64,4.1,6.76,6.04,0.56,2025-06-05T22:23:36.684851+00:00,449,Dominion_Athletic_20251208101535_449,1,6.04
Union Crest United,2455.025,132.08,5.38,46.47,165,119,11,46,141,14,8,0,6,0,0,10,72.16,0,4,0,7,3,4,0,6,10,8,80.0,11,4,0,0,0.0,3,2,49,20,40.82,16,33,1,3,8,1,0,4.81,4.31,4.44,5.58,6.61,4.88,0.431,2025-01-08T19:55:11.684851+00:00,457,Union_Crest_United_20251208101535_457,1,4.88
Westwood Athletic,2599.367,901.201,34.67,52.14,176,140,11,36,134,16,10,0,3,10,4,11,79.64,0,1,0,6,3,3,0,7,8,6,75.0,6,6,0,0,0.0,1,1,46,18,39.13,14,32,0,1,4,0,0,5.74,6.1,4.96,3.5,7.15,5.51,0.501,2025-04-10T07:00:48.684851+00:00,400,Westwood_Athletic_20251208101535_400,1,5.51
Eastview Rangers,1942.789,316.286,16.28,36.07,118,89,10,29,82,18,14,3,6,0,0,6,75.34,0,3,0,4,2,2,0,3,12,7,58.33,5,6,20,5,25.0,2,1,16,8,50.0,8,8,0,1,2,0,0,4.34,6.06,5.16,4.25,7.31,5.27,0.474,2024-12-18T20:50:22.684851+00:00,711,Eastview_Rangers_20251208101535_711,1,5.27
Stormhold FC,2282.155,279.336,12.24,45.9,126,95,6,31,73,15,5,4,1,17,11,17,75.35,0,3,0,6,3,3,1,6,14,9,64.29,19,4,8,1,12.5,2,1,20,9,45.0,5,15,1,3,8,2,0,5.27,5.78,5.29,3.84,5.58,5.25,0.472,2024-12-23T08:27:56.684851+00:00,905,Stormhold_FC_20251208101535_905,1,5.25
Blue Ridge FC,3297.506,825.366,25.03,64.24,168,130,7,38,142,13,8,2,4,0,0,10,77.24,1,5,1,7,3,4,0,6,5,3,60.0,1,6,7,0,0.0,0,1,18,9,50.0,3,15,1,3,3,0,0,6.35,3.84,5.22,4.52,7.92,5.32,0.48,2024-12-18T18:35:22.684851+00:00,560,Blue_Ridge_FC_20251208101535_560,1,5.32
Southgate United,3325.92,949.55,28.55,67.07,218,183,17,35,175,27,24,3,4,0,0,25,83.89,1,4,1,13,5,8,1,14,16,8,50.0,6,7,9,1,11.11,1,2,50,27,54.0,14,36,0,6,7,0,0,6.48,6.29,5.62,4.84,7.91,6.17,0.574,2025-03-12T15:04:00.685851+00:00,515,Southgate_United_20251208101535_515,1,6.17
Brookside United,2222.16,534.874,24.07,40.36,125,95,12,30,85,9,8,5,0,6,13,14,76.31,1,3,1,4,1,3,0,4,4,2,50.0,11,12,15,4,26.67,2,0,37,27,72.97,15,22,0,0,7,0,0,5.1,5.17,5.56,3.72,7.62,5.27,0.474,2025-02-07T08:47:08.685851+00:00,537,Brookside_United_20251208101535_537,1,5.27
2 Worlds FC,3394.415,544.804,16.05,69.11,201,159,19,42,151,21,15,5,5,2,2,13,79.17,0,6,0,10,5,5,1,8,19,15,78.95,4,5,1,0,0.0,2,2,27,10,37.04,0,27,1,4,1,1,0,6.0,5.81,4.61,4.7,6.88,5.57,0.508,2025-12-07T15:07:57.685851+00:00,941,2_Worlds_FC_20251208101535_941,1,5.57
Pioneer Ville FC,1791.82,408.356,22.79,33.14,80,67,3,13,64,12,2,3,3,0,0,13,83.78,0,1,0,5,2,3,0,7,1,0,0.0,7,8,13,3,23.08,2,0,11,5,45.45,3,8,0,0,11,2,0,6.44,5.66,5.02,4.43,6.2,5.63,0.514,2024-12-10T03:38:05.685851+00:00,574,Pioneer_Ville_FC_20251208101535_574,1,5.63
Northbridge FC,2215.746,388.863,17.55,42.88,149,108,16,41,116,12,11,7,4,0,0,12,72.64,0,6,0,3,1,2,0,2,11,8,72.73,4,9,6,2,33.33,2,0,16,10,62.5,5,11,1,2,7,0,0,5.76,5.87,4.76,3.93,7.24,5.48,0.498,2025-04-20T09:23:05.685851+00:00,415,Northbridge_FC_20251208101535_415,1,5.48
Brookside United,2966.286,209.123,7.05,56.9,187,137,22,50,138,10,6,10,0,8,15,17,73.23,0,5,0,6,2,4,1,8,20,11,55.0,7,7,12,3,25.0,2,0,31,20,64.52,8,23,0,3,5,2,0,6.36,5.93,4.57,3.23,5.49,5.36,0.484,2025-03-08T19:53:26.685851+00:00,85,Brookside_United_20251208101535_85,1,5.36
Oldtown United,2897.407,861.689,29.74,53.3,142,112,11,30,107,11,10,5,0,4,5,6,78.53,1,3,1,10,3,7,0,9,11,7,63.64,14,7,4,1,25.0,1,2,47,19,40.43,9,38,1,2,9,1,0,4.96,5.84,5.31,4.4,6.79,5.38,0.487,2025-07-15T07:08:30.685851+00:00,345,Oldtown_United_20251208101535_345,1,5.38
Stormhold FC,3104.9,290.308,9.35,54.77,215,182,8,33,152,22,8,2,3,10,17,13,84.77,1,4,1,10,4,6,1,10,24,15,62.5,6,7,14,3,21.43,2,4,33,12,36.36,6,27,2,2,3,0,0,5.61,5.49,5.74,3.32,7.93,5.51,0.501,2024-12-26T02:03:30.686851+00:00,61,Stormhold_FC_20251208101535_61,1,5.51
Grand Harbor FC,1291.577,185.987,14.4,24.16,102,71,16,31,68,8,8,3,0,5,9,8,69.31,0,1,0,4,1,3,0,4,2,1,50.0,20,9,13,3,23.08,2,1,19,9,47.37,4,15,3,2,6,0,0,3.93,4.97,4.13,4.52,7.54,4.7,0.411,2025-02-16T20:33:10.686851+00:00,217,Grand_Harbor_FC_20251208101535_217,1,4.7
Valley Rovers,1889.849,490.416,25.95,35.7,120,91,10,29,97,1,4,4,0,7,6,4,75.73,1,3,1,5,2,3,0,5,11,7,63.64,6,16,10,3,30.0,1,1,13,8,61.54,5,8,0,0,12,3,0,6.53,6.81,4.82,3.92,4.19,5.67,0.519,2025-04-02T00:03:43.686851+00:00,757,Valley_Rovers_20251208101535_757,1,5.67
Stormhold FC,1499.428,212.019,14.14,28.08,74,46,13,28,49,5,4,3,4,4,5,5,62.0,1,1,1,5,3,2,0,5,8,5,62.5,14,9,8,1,12.5,3,2,14,6,42.86,6,8,0,0,5,0,0,5.95,5.3,3.35,5.03,6.7,5.19,0.466,2025-04-14T13:57:16.686851+00:00,39,Stormhold_FC_20251208101535_39,1,5.19
City United,2016.798,339.225,16.82,38.56,150,103,16,47,101,14,8,7,2,10,9,21,68.71,0,3,0,5,2,3,0,5,7,5,71.43,9,8,9,3,33.33,1,2,22,13,59.09,3,19,0,1,0,0,0,5.23,6.54,5.13,4.51,7.47,5.7,0.522,2025-01-20T21:04:44.686851+00:00,261,City_United_20251208101535_261,1,5.7
Northbridge FC,2971.855,894.826,30.11,56.33,166,122,16,44,115,11,8,10,0,9,13,7,73.21,1,2,1,8,4,4,0,8,8,5,62.5,12,7,12,3,25.0,2,1,17,10,58.82,6,11,0,1,5,1,0,6.59,6.78,4.18,4.03,6.26,5.77,0.53,2025-07-10T13:00:46.686851+00:00,888,Northbridge_FC_20251208101535_888,1,5.77
Northbridge FC,2238.521,428.005,19.12,41.55,141,118,7,23,85,15,0,4,5,7,24,6,83.75,1,2,1,4,2,2,0,4,1,1,100.0,13,7,18,6,33.33,2,0,22,10,45.45,8,14,1,0,5,0,0,5.01,6.51,6.54,4.2,7.31,5.85,0.539,2025-05-16T00:04:55.686851+00:00,1000,Northbridge_FC_20251208101535_1000,1,5.85
Union Crest United,2413.955,531.311,22.01,49.57,185,150,12,35,136,11,6,9,0,5,18,5,81.15,0,4,0,5,2,3,0,5,13,9,69.23,1,5,10,2,20.0,0,1,30,21,70.0,6,24,1,2,7,2,0,4.99,6.81,4.95,3.82,5.52,5.38,0.487,2025-09-24T21:59:39.686851+00:00,838,Union_Crest_United_20251208101535_838,1,5.38
Coastal Town,2868.237,86.047,3.0,57.52,216,174,24,42,129,6,12,3,6,26,34,24,80.6,1,2,1,9,4,5,0,7,13,7,53.85,3,4,8,2,25.0,3,0,33,20,60.61,9,24,0,2,1,0,0,6.08,6.17,5.58,4.36,7.66,5.92,0.547,2025-04-20T07:14:48.687851+00:00,654,Coastal_Town_20251208101535_654,1,5.92
Summit Peak FC,3210.655,1061.121,33.05,63.82,167,132,12,35,100,19,9,8,0,10,21,18,79.0,1,1,1,10,5,5,1,13,16,7,43.75,6,6,11,1,9.09,2,1,45,31,68.89,14,31,2,1,6,1,0,6.06,6.49,5.09,4.39,6.15,5.76,0.529,2025-07-09T16:26:42.687851+00:00,773,Summit_Peak_FC_20251208101535_773,1,5.76
Stormhold FC,2688.074,681.696,25.36,50.49,165,118,11,47,117,25,17,7,5,0,0,13,71.29,1,2,1,8,4,4,0,9,10,6,60.0,11,4,10,3,30.0,3,0,25,17,68.0,8,17,1,2,6,0,0,6.31,6.64,4.29,4.48,7.76,5.89,0.543,2025-08-09T06:15:19.687851+00:00,299,Stormhold_FC_20251208101535_299,1,5.89
Stormhold FC,2617.974,540.612,20.65,50.12,195,191,1,4,144,35,12,1,0,1,1,12,97.91,1,4,1,7,3,4,1,8,13,8,61.54,5,8,9,2,22.22,2,1,25,13,52.0,2,23,1,3,10,1,0,6.65,5.99,6.53,3.78,6.25,6.0,0.556,2025-06-06T09:12:35.687851+00:00,690,Stormhold_FC_20251208101535_690,1,6.0
Royal Haven FC,1682.771,247.872,14.73,34.59,104,93,6,11,67,13,7,0,3,8,6,9,89.34,1,4,1,5,2,3,0,7,10,3,30.0,14,4,16,4,25.0,1,2,16,9,56.25,6,10,1,0,7,2,0,5.74,5.4,5.45,4.8,5.52,5.43,0.492,2025-01-22T11:45:15.687851+00:00,76,Royal_Haven_FC_20251208101535_76,1,5.43
Pioneer Ville FC,1478.749,333.458,22.55,26.67,98,75,5,23,70,1,6,0,0,13,8,5,76.08,0,4,0,4,1,3,1,6,7,4,57.14,10,7,27,5,18.52,3,1,17,13,76.47,7,10,0,2,7,2,0,4.63,5.68,4.98,4.03,5.99,5.05,0.45,2025-07-02T22:42:03.687851+00:00,711,Pioneer_Ville_FC_20251208101535_711,1,5.05
Metro FC,1859.601,605.114,32.54,38.23,154,126,11,28,98,7,12,3,6,10,18,9,81.77,0,2,0,4,1,3,0,2,8,4,50.0,19,16,20,4,20.0,0,1,18,10,55.56,5,13,0,0,8,0,0,5.04,5.67,4.54,3.4,6.54,5.04,0.449,2025-07-13T07:31:29.687851+00:00,556,Metro_FC_20251208101535_556,1,5.04
Valley Rovers,2249.185,578.49,25.72,40.08,218,165,25,53,196,17,0,8,2,0,0,17,75.79,1,9,1,5,2,3,0,5,2,1,50.0,9,8,13,4,30.77,1,1,34,16,47.06,6,28,1,1,9,1,0,6.91,6.4,5.98,3.93,6.61,6.13,0.57,2025-06-25T03:24:11.688851+00:00,432,Valley_Rovers_20251208101535_432,1,6.13
Redwood Borough,3510.489,617.846,17.6,68.92,232,175,24,57,183,25,13,5,3,1,2,40,75.6,0,2,0,10,3,7,0,11,23,13,56.52,2,2,4,1,25.0,0,0,57,38,66.67,19,38,1,2,5,0,0,4.74,5.1,4.46,4.2,7.66,5.0,0.444,2025-07-25T02:08:40.688851+00:00,101,Redwood_Borough_20251208101535_101,1,5.0
Stormhold FC,2365.734,652.469,27.58,42.42,115,90,13,25,88,18,7,1,2,0,0,5,78.68,1,2,1,7,2,5,0,7,11,7,63.64,9,5,16,2,12.5,1,0,13,8,61.54,2,11,3,2,7,0,0,6.93,5.83,5.46,4.41,7.11,5.99,0.554,2025-03-25T08:27:11.688851+00:00,671,Stormhold_FC_20251208101535_671,1,5.99
Grand Harbor FC,3057.681,1155.803,37.8,56.8,212,125,15,87,131,27,16,8,3,20,7,13,59.1,0,3,0,4,1,3,0,2,3,2,66.67,6,3,9,2,22.22,3,1,14,5,35.71,3,11,0,1,6,0,0,5.43,5.01,5.12,4.34,8.11,5.37,0.486,2025-08-20T15:21:36.688851+00:00,970,Grand_Harbor_FC_20251208101535_970,1,5.37
Brookside United,2771.768,399.412,14.41,50.27,185,148,16,37,112,24,8,8,10,5,18,15,80.15,1,4,1,6,2,4,0,7,6,4,66.67,9,10,11,3,27.27,1,1,44,26,59.09,11,33,1,3,5,1,0,5.91,5.25,5.48,5.26,6.18,5.58,0.509,2025-12-06T13:20:11.688851+00:00,966,Brookside_United_20251208101535_966,1,5.58
Stormhold FC,2274.504,223.584,9.83,42.65,107,88,3,19,75,8,4,7,0,6,7,7,81.94,1,3,1,6,2,4,1,7,15,10,66.67,8,5,12,3,25.0,1,2,16,9,56.25,6,10,1,2,1,0,0,5.84,5.99,4.92,5.52,7.7,5.84,0.538,2025-09-12T09:02:40.688851+00:00,368,Stormhold_FC_20251208101535_368,1,5.84
Royal Haven FC,3109.893,467.417,15.03,56.15,190,163,12,27,110,31,13,6,0,15,14,29,85.69,1,4,1,14,5,9,0,14,17,12,70.59,7,8,7,2,28.57,2,0,32,14,43.75,11,21,1,5,11,1,0,5.87,5.58,4.67,4.69,6.13,5.41,0.49,2025-08-28T18:05:05.688851+00:00,496,Royal_Haven_FC_20251208101535_496,1,5.41
Summit Peak FC,1608.021,434.487,27.02,31.78,123,98,13,25,89,14,6,6,5,2,1,9,79.97,0,2,0,2,1,1,0,2,8,5,62.5,12,15,8,1,12.5,3,1,25,14,56.0,18,7,2,2,7,0,0,4.21,6.23,4.82,4.93,7.13,5.29,0.477,2025-04-15T07:42:21.689851+00:00,666,Summit_Peak_FC_20251208101535_666,1,5.29
Stormhold FC,2815.746,997.337,35.42,50.96,233,164,15,69,155,23,4,12,5,13,21,9,70.3,1,4,1,5,2,3,0,6,13,11,84.62,15,3,16,5,31.25,2,1,33,23,69.7,10,23,1,2,8,1,0,5.46,5.77,5.24,5.31,6.89,5.62,0.513,2025-09-29T08:24:31.689851+00:00,437,Stormhold_FC_20251208101535_437,1,5.62
San Beda University,3058.256,650.491,21.27,61.51,147,129,9,18,89,22,1,6,5,14,11,11,87.62,1,5,1,11,4,7,1,10,22,13,59.09,9,10,14,3,21.43,1,0,31,21,67.74,4,27,0,2,8,0,0,6.25,5.92,6.18,4.56,7.68,6.05,0.561,2025-02-01T19:10:18.689851+00:00,294,San_Beda_University_20251208101535_294,1,6.05
Union Crest United,2734.833,758.096,27.72,49.26,165,118,18,47,129,10,0,5,0,11,11,1,71.29,0,1,0,9,5,4,0,15,9,7,77.78,6,1,14,3,21.43,3,2,14,9,64.29,3,11,2,3,5,0,0,6.0,5.33,5.25,4.86,7.23,5.63,0.514,2025-01-19T14:38:28.689851+00:00,881,Union_Crest_United_20251208101535_881,1,5.63
Metro FC,2381.924,496.631,20.85,48.39,190,152,12,38,151,17,9,6,5,1,2,15,79.75,1,3,1,5,2,3,1,4,11,5,45.45,9,7,18,4,22.22,0,0,26,12,46.15,8,18,1,1,5,0,0,6.33,6.18,5.71,5.69,7.6,6.2,0.578,2025-09-08T10:18:26.689851+00:00,397,Metro_FC_20251208101535_397,1,6.2
Stormhold FC,2062.213,611.446,29.65,38.61,144,112,17,32,98,25,14,0,5,2,1,3,77.49,1,3,1,5,1,4,0,3,3,2,66.67,9,17,16,4,25.0,4,0,9,5,55.56,3,6,1,0,10,1,0,6.1,6.16,4.78,5.11,6.45,5.75,0.528,2025-09-07T01:06:38.689851+00:00,62,Stormhold_FC_20251208101535_62,1,5.75
Crestfall Town,3212.819,591.159,18.4,64.0,219,157,10,62,184,30,11,11,12,0,0,15,71.73,1,4,1,8,3,5,0,6,12,6,50.0,12,0,13,2,15.38,0,1,24,10,41.67,12,12,0,1,6,3,0,5.62,5.4,4.98,3.4,4.72,5.03,0.448,2025-04-08T01:22:46.689851+00:00,87,Crestfall_Town_20251208101535_87,1,5.03
Prime City Athletic,2722.095,484.261,17.79,50.08,162,131,12,31,93,12,9,2,3,19,25,17,80.98,0,4,0,6,2,4,1,8,6,3,50.0,5,10,12,2,16.67,1,1,29,14,48.28,3,26,0,2,9,2,0,5.11,5.62,6.22,3.48,6.08,5.34,0.482,2025-06-27T13:19:08.690851+00:00,407,Prime_City_Athletic_20251208101535_407,1,5.34
Valley Rovers,1777.358,192.666,10.84,33.94,100,87,8,13,71,4,6,1,4,7,7,7,87.09,1,4,1,4,2,2,0,4,16,11,68.75,22,8,11,2,18.18,3,1,28,16,57.14,2,26,1,0,9,1,0,5.3,6.57,4.81,4.39,6.59,5.56,0.507,2025-06-18T21:59:47.690851+00:00,27,Valley_Rovers_20251208101535_27,1,5.56
Prime City Athletic,2298.006,760.87,33.11,40.5,147,139,1,8,127,9,0,11,3,0,0,32,94.83,0,4,0,6,2,4,1,10,2,1,50.0,11,4,1,0,0.0,2,0,33,11,33.33,9,24,0,1,9,1,0,7.11,5.18,4.68,4.53,7.01,5.71,0.523,2024-12-24T23:06:37.690851+00:00,400,Prime_City_Athletic_20251208101535_400,1,5.71
Harborview United,3343.787,1247.901,37.32,62.17,191,154,5,37,142,26,16,7,7,0,0,10,80.5,1,7,1,9,3,6,0,10,17,10,58.82,9,8,7,2,28.57,2,1,50,24,48.0,17,33,0,2,3,0,0,5.76,5.67,5.39,4.62,7.24,5.65,0.517,2025-07-03T13:09:37.690851+00:00,554,Harborview_United_20251208101535_554,1,5.65
2 Worlds FC,2460.094,562.87,22.88,48.81,163,139,10,24,152,7,5,5,1,0,0,21,85.0,0,3,0,5,2,3,0,5,6,3,50.0,13,11,11,1,9.09,1,1,36,16,44.44,12,24,0,2,12,2,0,4.7,5.53,6.98,4.06,5.46,5.37,0.486,2025-04-30T18:30:19.690851+00:00,145,2_Worlds_FC_20251208101535_145,1,5.37
Dominion Athletic,3333.247,1020.307,30.61,58.88,211,182,7,29,157,30,17,2,7,0,0,22,86.43,1,6,1,10,3,7,1,7,18,7,38.89,10,3,12,4,33.33,2,1,16,5,31.25,9,7,1,4,2,1,0,6.6,5.29,5.02,5.34,5.99,5.68,0.52,2025-09-25T19:53:38.690851+00:00,260,Dominion_Athletic_20251208101535_260,1,5.68
Royal Haven FC,2562.526,491.492,19.18,48.73,135,117,6,18,110,10,2,4,6,2,1,1,87.0,1,3,1,5,2,3,0,6,16,8,50.0,1,8,15,2,13.33,0,2,20,14,70.0,5,15,0,0,6,0,0,6.29,5.55,6.26,4.27,7.41,5.91,0.546,2025-07-18T01:10:52.690851+00:00,736,Royal_Haven_FC_20251208101535_736,1,5.91
Ironforge FC,3954.724,1119.582,28.31,75.69,189,153,20,36,132,26,11,3,6,5,6,16,80.97,2,5,2,13,5,8,0,12,20,9,45.0,3,1,4,0,0.0,1,2,74,30,40.54,24,50,2,4,3,1,0,8.38,5.78,4.69,4.11,6.32,6.11,0.568,2025-02-06T16:44:40.690851+00:00,468,Ironforge_FC_20251208101535_468,1,6.11
City United,2936.538,721.214,24.56,52.56,199,183,2,16,134,22,13,11,0,7,11,13,91.73,1,6,1,7,2,5,1,8,21,10,47.62,10,7,15,5,33.33,0,2,23,7,30.43,7,16,1,3,2,2,0,6.23,5.99,5.53,4.28,5.97,5.72,0.524,2025-11-03T06:09:49.691851+00:00,86,City_United_20251208101535_86,1,5.72
Frontier Rovers,1985.505,802.938,40.44,35.25,147,98,24,49,134,20,1,5,5,0,0,19,66.46,1,6,1,5,1,4,0,7,7,4,57.14,11,8,12,3,25.0,1,1,23,12,52.17,12,11,0,1,9,0,0,5.92,4.96,5.13,4.41,6.79,5.37,0.486,2025-07-07T13:48:25.691851+00:00,967,Frontier_Rovers_20251208101535_967,1,5.37
Royal Haven FC,2777.938,453.082,16.31,50.13,149,99,23,50,97,7,5,6,1,9,25,12,66.67,0,3,0,4,2,2,0,4,27,15,55.56,3,10,6,1,16.67,0,0,37,21,56.76,15,22,0,2,8,0,0,5.26,6.5,5.17,5.58,6.83,5.79,0.532,2025-04-25T08:41:39.691851+00:00,848,Royal_Haven_FC_20251208101535_848,1,5.79
Goldenfield Rovers,2653.623,802.19,30.23,49.63,152,119,14,33,129,5,3,6,0,4,5,19,78.6,1,2,1,8,2,6,1,11,5,3,60.0,10,7,10,4,40.0,2,1,27,19,70.37,8,19,2,1,11,1,0,7.29,6.26,5.28,4.17,6.74,6.11,0.568,2025-06-02T21:03:30.691851+00:00,147,Goldenfield_Rovers_20251208101535_147,1,6.11
Millennium Rovers,2912.302,269.97,9.27,58.85,137,107,7,30,99,11,8,8,5,3,3,8,78.44,1,2,1,9,3,6,1,10,24,14,58.33,3,4,9,3,33.33,1,2,42,24,57.14,9,33,1,3,3,0,0,5.78,5.98,4.18,3.86,7.91,5.46,0.496,2025-03-09T14:37:02.691851+00:00,448,Millennium_Rovers_20251208101535_448,1,5.46
2 Worlds FC,3054.235,1049.13,34.35,59.24,196,154,17,42,125,18,9,0,2,18,24,4,78.71,1,4,1,4,2,2,0,6,13,9,69.23,6,7,10,2,20.0,2,1,32,16,50.0,6,26,0,0,8,1,0,6.14,5.86,5.16,4.36,6.66,5.67,0.519,2025-05-29T15:33:59.691851+00:00,93,2_Worlds_FC_20251208101535_93,1,5.67
Pioneer Ville FC,2331.992,607.484,26.05,41.2,135,94,10,41,117,7,12,10,2,0,0,14,69.73,1,2,1,9,3,6,1,6,15,11,73.33,7,6,14,4,28.57,2,1,9,4,44.44,6,3,1,3,13,1,0,5.13,5.31,4.96,5.25,6.84,5.33,0.481,2025-06-30T10:35:25.691851+00:00,193,Pioneer_Ville_FC_20251208101535_193,1,5.33
Silverlake City,2563.26,292.212,11.4,45.8,106,93,4,13,68,14,7,2,0,10,5,7,87.32,1,2,1,6,2,4,0,6,4,2,50.0,19,7,6,2,33.33,2,1,22,16,72.73,4,18,0,2,1,0,0,5.28,5.97,5.29,5.18,7.58,5.69,0.521,2025-09-06T16:36:43.692851+00:00,2,Silverlake_City_20251208101535_2,1,5.69
Crestfall Town,1826.624,229.789,12.58,35.19,124,92,15,32,79,10,8,8,3,9,7,9,74.54,1,3,1,5,2,3,0,7,7,5,71.43,11,8,10,3,30.0,2,0,15,7,46.67,8,7,0,1,6,2,0,6.01,5.77,4.33,4.84,5.78,5.42,0.491,2025-05-31T07:47:36.692851+00:00,25,Crestfall_Town_20251208101535_25,1,5.42
Riverstone FC,1348.233,180.798,13.41,26.73,87,73,3,14,55,11,5,1,0,5,11,7,84.06,0,2,0,4,2,2,0,4,8,4,50.0,17,17,11,3,27.27,3,0,17,10,58.82,2,15,1,2,11,1,0,4.51,6.48,5.39,3.97,6.71,5.38,0.487,2024-12-26T03:09:42.692851+00:00,439,Riverstone_FC_20251208101535_439,1,5.38
Lakeside Athletic,3189.03,686.598,21.53,62.23,236,180,23,56,160,19,29,5,4,12,7,21,76.27,1,7,1,7,3,4,1,4,11,5,45.45,9,9,7,2,28.57,1,3,30,18,60.0,3,27,1,2,9,0,0,6.62,5.07,4.85,4.57,7.56,5.64,0.516,2025-12-06T09:22:37.692851+00:00,674,Lakeside_Athletic_20251208101535_674,1,5.64
Crestfall Town,2740.672,330.525,12.06,52.34,172,137,8,35,99,20,6,2,3,12,30,6,79.48,2,4,2,8,3,5,1,11,5,3,60.0,12,5,11,2,18.18,1,1,9,5,55.56,4,5,2,2,4,1,0,6.34,4.71,5.36,4.32,6.81,5.45,0.494,2025-05-11T03:24:38.692851+00:00,252,Crestfall_Town_20251208101535_252,1,5.45
Grand Harbor FC,1508.057,405.969,26.92,28.37,97,82,4,15,67,1,8,3,2,8,8,0,84.1,1,3,1,4,1,3,0,4,8,4,50.0,7,8,14,3,21.43,2,0,12,6,50.0,1,11,0,2,9,1,0,5.83,6.34,5.31,5.18,6.61,5.86,0.54,2025-06-14T00:50:56.692851+00:00,472,Grand_Harbor_FC_20251208101535_472,1,5.86
Harborview United,1981.541,402.451,20.31,37.0,157,137,10,20,109,31,8,7,5,0,0,6,87.1,1,3,1,4,1,3,0,5,6,2,33.33,10,8,20,4,20.0,1,0,31,10,32.26,7,24,2,1,6,0,0,5.87,5.9,4.67,4.04,7.96,5.59,0.51,2025-03-13T15:03:15.692851+00:00,931,Harborview_United_20251208101535_931,1,5.59
Pioneer Ville FC,3268.261,905.308,27.7,63.98,224,200,15,24,155,26,10,3,1,12,16,11,89.23,1,5,1,10,3,7,0,12,12,7,58.33,9,6,8,2,25.0,3,2,14,8,57.14,6,8,1,6,5,0,0,6.05,5.13,6.34,4.03,7.88,5.75,0.528,2025-05-13T20:11:56.692851+00:00,24,Pioneer_Ville_FC_20251208101535_24,1,5.75
Highland Wanderers,1853.935,273.085,14.73,34.97,128,89,15,39,86,10,2,8,4,10,8,11,69.63,1,1,1,5,1,4,0,7,13,8,61.54,26,15,13,4,30.77,3,2,12,5,41.67,2,10,1,1,11,0,0,5.26,6.7,4.6,5.11,7.49,5.73,0.526,2025-05-07T03:27:42.693851+00:00,120,Highland_Wanderers_20251208101535_120,1,5.73
Frontier Rovers,3794.233,941.349,24.81,67.37,233,172,8,61,182,22,20,3,3,0,2,20,73.62,1,5,1,8,3,5,0,9,16,10,62.5,3,3,9,3,33.33,0,1,40,15,37.5,12,28,1,1,3,0,0,6.78,6.81,4.96,4.9,7.38,6.22,0.58,2025-11-11T06:45:41.693851+00:00,423,Frontier_Rovers_20251208101535_423,1,6.22
Prime City Athletic,2111.96,448.791,21.25,40.57,91,84,3,7,63,2,4,2,4,3,14,5,92.49,1,2,1,7,2,5,0,10,9,4,44.44,24,14,5,2,40.0,0,2,23,9,39.13,3,20,0,3,11,0,0,5.74,5.66,4.97,3.88,7.89,5.52,0.502,2025-09-09T04:52:57.693851+00:00,907,Prime_City_Athletic_20251208101535_907,1,5.52
Millennium Rovers,2610.085,566.127,21.69,46.24,181,137,19,44,125,15,5,10,1,13,13,13,75.64,1,4,1,5,2,3,0,5,10,6,60.0,7,10,1,0,0.0,1,1,36,16,44.44,5,31,2,1,8,2,0,6.06,5.33,6.53,4.28,4.94,5.59,0.51,2025-09-15T01:56:37.693851+00:00,431,Millennium_Rovers_20251208101535_431,1,5.59
Metro FC,3282.056,520.206,15.85,57.85,213,196,6,17,140,11,19,6,0,16,19,13,92.09,0,0,2,12,6,6,1,12,22,10,45.45,6,0,20,6,30.0,3,2,46,25,54.35,3,43,2,2,6,0,0,6.6,6.46,6.52,5.41,7.03,6.42,0.602,2025-01-05T07:32:54.693851+00:00,826,Metro_FC_20251208101535_826,1,6.42
2 Worlds FC,3173.052,501.025,15.79,59.03,258,216,18,42,183,33,22,14,8,0,0,25,83.57,1,4,1,7,3,4,1,8,21,16,76.19,7,2,9,3,33.33,2,0,32,22,68.75,6,26,2,3,4,1,0,5.99,6.05,5.64,5.22,6.15,5.85,0.539,2025-03-20T09:31:40.693851+00:00,33,2_Worlds_FC_20251208101535_33,1,5.85
Silverlake City,2601.389,507.011,19.49,47.35,128,102,1,26,90,17,0,5,1,5,9,10,79.54,1,3,1,8,3,5,0,8,5,3,60.0,15,9,14,4,28.57,2,0,24,5,20.83,9,15,1,2,8,0,0,6.88,4.88,4.92,3.34,7.29,5.47,0.497,2025-04-24T19:31:35.693851+00:00,874,Silverlake_City_20251208101535_874,1,5.47
Eastview Rangers,2822.804,409.307,14.5,55.56,153,104,18,49,110,14,10,8,2,3,6,11,68.28,0,2,0,5,1,4,0,5,12,6,50.0,3,3,5,1,20.0,1,0,14,7,50.0,3,11,2,1,2,0,0,5.9,5.11,6.01,4.48,7.7,5.68,0.52,2025-09-23T12:14:37.694851+00:00,955,Eastview_Rangers_20251208101535_955,1,5.68
2 Worlds FC,1313.348,402.935,30.68,26.53,65,49,5,16,53,12,0,3,3,0,0,8,75.89,0,1,0,4,2,2,0,4,3,1,33.33,16,5,13,3,23.08,3,1,8,4,50.0,2,6,1,0,10,0,0,4.85,4.51,5.43,3.89,7.76,5.03,0.448,2025-04-15T08:12:23.694851+00:00,104,2_Worlds_FC_20251208101535_104,1,5.03
San Beda University,1683.367,454.677,27.01,33.91,102,92,2,10,72,15,1,4,5,3,1,8,90.24,0,1,0,3,1,2,0,4,2,1,50.0,9,5,3,1,33.33,1,0,11,6,54.55,6,5,1,1,11,1,0,4.28,4.81,5.0,3.84,6.69,4.75,0.417,2025-10-19T22:57:20.694851+00:00,360,San_Beda_University_20251208101535_360,1,4.75
Crestfall Town,2470.945,415.119,16.8,44.63,221,190,9,31,149,27,20,6,12,3,5,8,85.99,0,5,0,5,2,3,0,8,5,2,40.0,0,9,8,1,12.5,1,2,29,17,58.62,7,22,2,2,9,0,0,5.04,5.92,5.49,4.49,7.22,5.52,0.502,2025-05-30T19:10:39.694851+00:00,258,Crestfall_Town_20251208101535_258,1,5.52
Oldtown United,2565.238,292.181,11.39,45.42,132,108,8,24,79,17,0,4,2,13,17,15,81.5,1,2,1,8,3,5,0,10,14,8,57.14,0,4,15,4,26.67,2,0,17,12,70.59,3,14,2,2,7,1,0,5.05,5.78,6.06,5.02,6.33,5.58,0.509,2024-12-14T03:29:40.694851+00:00,975,Oldtown_United_20251208101535_975,1,5.58
Valley Rovers,2524.533,280.476,11.11,45.03,158,124,14,34,125,14,14,0,4,1,0,17,78.46,1,2,1,6,2,4,0,5,12,8,66.67,18,4,7,2,28.57,2,2,13,8,61.54,5,8,0,4,3,0,0,6.23,6.34,5.64,3.61,7.32,5.89,0.543,2025-05-02T02:52:43.694851+00:00,319,Valley_Rovers_20251208101535_319,1,5.89
Coastal Town,2047.453,411.743,20.11,38.22,136,85,9,51,92,10,2,4,6,12,11,12,62.51,1,4,1,6,3,3,0,5,4,3,75.0,9,8,6,0,0.0,0,0,14,8,57.14,8,6,0,3,12,3,0,5.96,5.3,4.66,4.0,5.21,5.17,0.463,2025-06-20T12:45:49.694851+00:00,609,Coastal_Town_20251208101535_609,1,5.17
Brookside United,4410.326,1723.555,39.08,78.81,281,157,40,124,190,30,12,7,3,23,16,19,55.94,3,5,3,15,6,9,1,15,26,10,38.46,4,1,2,1,50.0,0,3,30,17,56.67,6,24,3,7,1,0,0,7.02,6.26,5.22,3.64,7.68,6.04,0.56,2025-10-31T01:28:27.695850+00:00,17,Brookside_United_20251208101535_17,1,6.04
Twin Oak Rangers,2797.529,793.379,28.36,52.18,183,149,13,34,133,13,11,4,3,5,13,25,81.55,1,4,1,7,2,5,1,7,5,4,80.0,14,9,17,3,17.65,1,0,8,5,62.5,1,7,0,0,5,0,0,5.47,5.37,5.83,4.41,7.32,5.55,0.506,2025-04-07T17:16:18.695850+00:00,827,Twin_Oak_Rangers_20251208101535_827,1,5.55
Northbridge FC,2161.508,410.038,18.97,44.46,150,117,8,33,105,14,7,0,2,11,10,13,77.99,0,6,0,4,1,3,0,4,10,6,60.0,13,8,15,1,6.67,3,0,16,9,56.25,1,15,0,0,4,0,0,4.79,6.5,4.8,3.49,7.73,5.38,0.487,2025-06-06T07:31:08.695850+00:00,856,Northbridge_FC_20251208101535_856,1,5.38
Frontier Rovers,2311.392,749.353,32.42,46.87,180,122,22,58,135,30,5,9,3,0,0,3,67.68,0,7,0,3,1,2,0,4,13,8,61.54,14,5,11,3,27.27,3,1,29,12,41.38,2,27,0,1,4,1,0,5.4,4.79,6.18,4.63,6.32,5.37,0.486,2025-08-25T17:07:39.695850+00:00,39,Frontier_Rovers_20251208101535_39,1,5.37
Stormhold FC,2201.78,481.089,21.85,41.64,174,129,17,45,131,23,5,0,5,5,4,13,74.38,1,2,1,7,3,4,0,9,0,0,47.79,11,5,1,0,0.0,3,0,16,11,68.75,3,13,0,1,8,2,0,6.47,6.01,4.91,4.44,5.93,5.69,0.521,2025-04-21T09:24:42.695850+00:00,15,Stormhold_FC_20251208101535_15,1,5.69
Oldtown United,2600.521,278.776,10.72,50.28,140,119,11,21,101,15,11,5,6,1,1,3,85.03,1,4,1,6,4,2,0,6,19,15,78.95,9,0,11,3,27.27,3,1,52,21,40.38,16,36,0,3,2,0,0,5.54,5.1,5.37,4.9,7.45,5.48,0.498,2025-11-22T22:08:39.695850+00:00,898,Oldtown_United_20251208101535_898,1,5.48
Ironforge FC,2492.055,779.764,31.29,49.65,185,152,8,33,133,15,1,7,0,16,13,9,82.38,1,3,1,6,1,5,0,5,13,5,38.46,2,8,13,6,46.15,2,0,26,8,30.77,4,22,0,3,9,1,0,5.41,5.74,4.83,4.87,6.34,5.4,0.489,2025-04-30T13:29:45.695850+00:00,519,Ironforge_FC_20251208101535_519,1,5.4
Dominion Athletic,2063.888,270.163,13.09,40.57,213,163,17,50,142,13,7,6,7,22,17,27,76.36,1,6,1,5,2,3,0,4,9,7,77.78,8,5,5,1,20.0,1,1,31,15,48.39,5,26,0,2,5,1,0,4.93,7.17,4.95,4.44,6.14,5.61,0.512,2025-03-17T20:17:36.695850+00:00,817,Dominion_Athletic_20251208101535_817,1,5.61
2 Worlds FC,2247.119,505.826,22.51,45.68,168,151,6,17,132,25,20,5,3,0,0,7,90.11,1,7,1,8,3,5,0,12,10,6,60.0,8,11,5,1,20.0,2,1,22,10,45.45,11,11,0,4,11,2,0,6.4,6.21,5.41,4.56,4.57,5.71,0.523,2025-02-19T16:29:05.696850+00:00,538,2_Worlds_FC_20251208101535_538,1,5.71
Riverstone FC,2876.398,359.262,12.49,51.92,239,194,27,45,126,15,20,10,5,21,42,21,81.22,1,3,1,6,3,3,0,5,12,8,66.67,9,7,7,2,28.57,1,1,36,24,66.67,18,18,0,2,9,0,0,6.15,6.19,6.01,4.66,7.34,6.04,0.56,2025-04-20T04:09:46.696850+00:00,982,Riverstone_FC_20251208101535_982,1,6.04
Grand Harbor FC,2899.065,608.224,20.98,54.31,186,140,20,46,139,38,13,7,0,0,0,11,75.28,1,5,1,8,3,5,1,12,11,7,63.64,3,1,6,2,33.33,1,3,24,16,66.67,11,13,2,2,5,0,0,6.25,5.51,6.09,3.85,7.96,5.85,0.539,2025-02-18T14:11:01.696850+00:00,92,Grand_Harbor_FC_20251208101535_92,1,5.85
San Beda University,2604.181,131.251,5.04,47.73,180,146,9,34,130,23,22,7,3,0,0,13,80.84,1,6,1,10,4,6,2,10,15,4,26.67,12,8,15,5,33.33,1,2,12,9,75.0,2,10,1,3,4,1,0,5.36,5.3,5.08,4.71,6.34,5.29,0.477,2025-05-26T02:03:27.696850+00:00,445,San_Beda_University_20251208101535_445,1,5.29
Blue Ridge FC,2654.017,442.955,16.69,46.7,157,116,9,41,103,17,7,10,4,7,10,19,73.9,1,5,1,9,4,5,0,11,11,8,72.73,10,7,0,0,0.0,3,0,23,10,43.48,8,15,0,3,7,2,0,6.72,6.1,5.34,5.6,6.32,6.07,0.563,2025-10-15T12:24:46.696850+00:00,979,Blue_Ridge_FC_20251208101535_979,1,6.07
Blue Ridge FC,2822.452,609.65,21.6,51.29,187,139,22,48,121,19,4,7,9,9,18,22,74.16,1,2,1,6,2,4,0,4,6,2,33.33,6,4,12,4,33.33,0,2,8,3,37.5,2,6,0,2,12,1,0,6.43,3.91,5.14,4.44,6.79,5.22,0.469,2024-12-28T21:54:15.696850+00:00,561,Blue_Ridge_FC_20251208101535_561,1,5.22
Redwood Borough,2091.487,460.964,22.04,39.6,127,97,13,30,97,23,5,0,3,0,0,7,76.32,1,3,1,6,2,4,0,7,13,9,69.23,12,5,10,3,30.0,3,1,25,9,36.0,5,20,0,2,6,0,0,5.74,6.29,5.33,4.22,7.34,5.76,0.529,2024-12-09T18:34:55.696850+00:00,292,Redwood_Borough_20251208101535_292,1,5.76
Crestfall Town,3762.575,974.131,25.89,72.06,237,213,10,24,189,27,15,11,0,0,0,23,89.9,2,3,2,13,4,9,1,15,22,14,63.64,5,3,6,3,50.0,0,0,28,11,39.29,6,22,0,3,6,0,0,6.54,6.58,5.64,3.86,7.73,6.12,0.569,2025-02-11T18:50:55.696850+00:00,453,Crestfall_Town_20251208101535_453,1,6.12
Brookside United,2720.318,648.796,23.85,47.87,202,164,9,38,132,10,16,16,0,9,18,22,81.39,1,4,1,7,3,4,0,9,3,1,33.33,16,8,4,1,25.0,1,1,18,9,50.0,5,13,1,1,5,0,0,5.76,5.36,5.33,4.16,7.3,5.49,0.499,2025-08-04T03:30:01.697851+00:00,445,Brookside_United_20251208101535_445,1,5.49
Union Crest United,1532.203,462.112,30.16,30.88,97,62,18,35,77,4,0,2,3,7,3,10,64.4,0,4,0,3,1,2,0,3,6,4,66.67,6,7,26,6,23.08,1,0,16,8,50.0,4,12,0,1,10,1,0,5.7,4.15,4.88,3.64,6.36,4.88,0.431,2025-07-04T21:34:37.697851+00:00,780,Union_Crest_United_20251208101535_780,1,4.88
Summit Peak FC,4220.195,126.606,3.0,75.44,221,163,11,58,169,6,10,1,5,12,16,22,73.69,1,3,1,11,3,8,0,12,24,14,58.33,3,2,3,1,33.33,0,1,27,10,37.04,12,15,2,4,3,0,0,5.22,5.4,5.71,4.09,7.18,5.41,0.49,2025-11-27T17:56:12.697851+00:00,26,Summit_Peak_FC_20251208101535_26,1,5.41
Grand Harbor FC,2554.961,441.242,17.27,44.98,154,115,20,39,117,8,3,1,6,9,10,12,74.44,1,3,1,8,3,5,1,10,7,3,42.86,8,6,17,4,23.53,2,2,45,21,46.67,13,32,0,2,5,0,0,5.91,5.62,5.63,4.6,7.62,5.76,0.529,2025-04-06T01:55:26.697851+00:00,531,Grand_Harbor_FC_20251208101535_531,1,5.76
Brookside United,3118.749,785.925,25.2,62.82,151,106,15,45,132,20,4,6,2,0,0,4,70.46,1,4,2,9,4,5,0,11,11,6,54.55,10,7,12,2,16.67,2,1,18,11,61.11,0,18,1,5,2,0,0,6.57,6.06,6.22,4.81,7.74,6.23,0.581,2025-05-17T03:32:22.697851+00:00,320,Brookside_United_20251208101535_320,1,6.23
Royal Haven FC,2765.041,377.705,13.66,52.53,203,170,13,33,173,14,0,8,2,3,3,16,83.59,0,0,1,8,3,5,1,11,11,6,54.55,10,11,4,0,0.0,2,0,15,6,40.0,4,11,1,3,0,0,0,7.0,6.43,6.09,3.93,7.92,6.32,0.591,2025-01-16T16:30:53.697851+00:00,540,Royal_Haven_FC_20251208101535_540,1,6.32
Royal Haven FC,3401.469,367.019,10.79,63.67,276,187,40,89,187,22,4,12,6,22,22,34,67.66,1,6,1,9,4,5,1,9,21,12,57.14,6,7,14,3,21.43,0,2,52,29,55.77,7,45,2,4,6,0,0,6.97,5.33,5.1,4.46,7.29,5.82,0.536,2025-11-08T14:00:39.697851+00:00,106,Royal_Haven_FC_20251208101535_106,1,5.82
Northbridge FC,3012.363,624.463,20.73,57.41,212,152,25,60,139,25,7,5,5,8,24,16,71.71,1,5,1,8,2,6,1,10,1,1,100.0,11,1,16,7,43.75,2,0,26,11,42.31,6,20,1,2,5,0,0,6.08,5.23,5.27,4.81,8.3,5.72,0.524,2025-11-18T13:48:14.698855+00:00,989,Northbridge_FC_20251208101535_989,1,5.72
Westwood Athletic,2489.676,500.425,20.1,47.67,172,139,19,33,124,19,14,3,0,5,8,6,80.73,1,4,1,7,2,5,0,9,5,2,40.0,4,3,15,2,13.33,1,0,18,7,38.89,5,13,2,3,4,0,0,5.13,4.59,5.6,4.71,6.65,5.17,0.463,2025-03-24T00:20:37.698855+00:00,776,Westwood_Athletic_20251208101535_776,1,5.17
Brookside United,2341.549,687.01,29.34,42.75,162,104,24,58,128,23,14,4,0,0,0,8,64.05,1,4,1,6,2,4,1,6,7,4,57.14,10,10,16,6,37.5,1,3,48,26,54.17,10,38,0,4,0,0,0,5.92,6.32,4.08,4.58,6.92,5.58,0.509,2025-02-09T23:38:15.698855+00:00,227,Brookside_United_20251208101535_227,1,5.58
San Beda University,3394.125,245.056,7.22,60.82,245,171,25,74,172,20,12,11,11,11,7,0,69.78,0,8,1,8,3,5,0,8,18,13,72.22,2,4,5,1,20.0,0,2,55,31,56.36,18,37,0,3,8,3,0,6.7,6.01,5.05,4.47,5.17,5.71,0.523,2025-01-18T04:51:16.698855+00:00,229,San_Beda_University_20251208101535_229,1,5.71
Royal Haven FC,3695.181,735.711,19.91,67.98,176,112,24,64,130,11,12,3,3,10,8,12,63.88,1,3,1,9,3,6,1,12,25,11,44.0,8,2,7,2,28.57,1,1,21,10,47.62,3,18,0,3,2,0,0,5.67,5.04,3.97,4.91,7.08,5.19,0.466,2025-06-06T00:41:22.698855+00:00,73,Royal_Haven_FC_20251208101535_73,1,5.19
Grand Harbor FC,2631.218,422.837,16.07,53.98,188,132,16,56,135,15,12,3,3,6,13,8,70.29,1,3,1,5,2,3,0,5,15,8,53.33,15,6,14,4,28.57,2,2,14,8,57.14,6,8,1,2,9,1,0,6.44,6.62,5.54,4.78,6.43,6.08,0.564,2025-11-26T12:23:26.698855+00:00,805,Grand_Harbor_FC_20251208101535_805,1,6.08
Goldenfield Rovers,3060.304,1239.423,40.5,56.12,232,184,9,48,196,23,8,11,4,0,0,24,79.38,1,4,1,10,4,6,0,12,7,4,57.14,5,5,7,1,14.29,0,2,30,12,40.0,11,19,4,2,1,0,0,5.58,5.24,4.86,4.09,7.77,5.35,0.483,2025-08-18T17:13:25.698855+00:00,302,Goldenfield_Rovers_20251208101535_302,1,5.35
Lakeside Athletic,2163.917,358.994,16.59,41.42,173,126,5,47,121,26,16,4,6,0,0,14,73.07,1,6,1,5,2,3,0,5,11,7,63.64,10,4,16,4,25.0,1,0,8,4,50.0,4,4,0,0,7,4,0,4.98,5.52,4.83,3.57,3.57,4.76,0.418,2025-01-22T23:52:20.699851+00:00,604,Lakeside_Athletic_20251208101535_604,1,4.76
Metro FC,2528.884,720.985,28.51,48.05,179,133,18,46,137,23,7,7,2,1,2,10,74.14,1,5,1,6,1,5,0,3,13,8,61.54,11,4,0,0,0.0,2,0,37,14,37.84,6,31,0,2,4,0,0,4.48,5.59,5.5,4.34,7.71,5.3,0.478,2025-01-23T02:24:50.699851+00:00,704,Metro_FC_20251208101535_704,1,5.3
Eastview Rangers,3448.218,1257.22,36.46,66.31,269,249,7,20,156,9,15,9,0,38,42,17,92.65,1,1,1,11,5,6,0,15,18,10,55.56,9,3,6,1,16.67,1,2,34,16,47.06,7,27,0,3,4,0,0,6.85,6.37,5.72,4.97,7.57,6.3,0.589,2025-05-20T23:26:55.699851+00:00,331,Eastview_Rangers_20251208101535_331,1,6.3
Summit Peak FC,2984.03,606.653,20.33,58.72,164,110,25,54,123,18,5,5,7,2,3,19,67.22,1,6,1,6,3,3,0,7,13,8,61.54,8,8,15,4,26.67,0,1,30,20,66.67,6,24,0,2,5,0,0,6.51,7.01,5.03,4.24,7.27,6.11,0.568,2024-12-20T00:32:34.699851+00:00,987,Summit_Peak_FC_20251208101535_987,1,6.11
Northbridge FC,2189.006,187.817,8.58,41.89,162,130,18,32,110,2,12,9,2,16,11,3,80.38,0,4,0,3,1,2,0,4,4,2,50.0,10,11,5,2,40.0,1,0,21,10,47.62,5,16,0,1,11,2,0,5.6,5.68,4.94,4.59,6.07,5.4,0.489,2025-09-28T02:32:35.699851+00:00,474,Northbridge_FC_20251208101535_474,1,5.4
Harborview United,3464.643,760.836,21.96,61.52,224,172,20,52,192,29,13,4,5,0,0,28,76.76,1,4,1,11,4,7,1,8,29,16,55.17,9,5,8,2,25.0,2,1,9,4,44.44,4,5,1,2,7,1,0,6.05,5.7,5.4,3.6,6.75,5.55,0.506,2025-03-23T23:55:47.699851+00:00,650,Harborview_United_20251208101535_650,1,5.55
Millennium Rovers,2173.398,733.739,33.76,42.22,162,91,20,71,120,12,2,0,3,16,8,14,56.18,1,2,1,5,2,3,0,8,11,6,54.55,11,5,7,3,42.86,3,0,6,3,50.0,2,4,1,2,7,0,0,5.75,4.68,4.63,4.08,8.25,5.24,0.471,2025-10-03T14:20:33.699851+00:00,815,Millennium_Rovers_20251208101535_815,1,5.24
2 Worlds FC,2079.123,682.16,32.81,42.32,176,137,18,39,126,13,0,2,7,14,14,13,78.03,1,4,1,4,1,3,0,4,15,8,53.33,14,10,18,4,22.22,1,0,0,0,46.91,0,0,1,2,4,0,0,5.64,5.49,4.78,3.33,7.7,5.31,0.479,2025-02-02T13:07:35.699851+00:00,705,2_Worlds_FC_20251208101535_705,1,5.31
Goldenfield Rovers,1723.648,266.131,15.44,35.02,121,104,4,17,85,9,9,0,4,7,7,4,85.88,0,4,0,3,1,2,0,2,12,9,75.0,16,5,16,2,12.5,0,0,16,6,37.5,4,12,0,1,4,0,0,5.5,6.29,4.89,5.51,6.96,5.75,0.528,2025-04-23T06:38:26.700851+00:00,213,Goldenfield_Rovers_20251208101535_213,1,5.75
Union Crest United,2208.807,338.61,15.33,41.6,145,111,5,34,84,9,7,4,0,34,8,13,76.56,1,5,1,8,4,4,0,10,9,6,66.67,4,8,11,2,18.18,1,3,5,3,60.0,1,4,0,1,11,2,0,6.01,5.98,4.95,5.23,5.72,5.65,0.517,2025-09-06T12:02:06.700851+00:00,827,Union_Crest_United_20251208101535_827,1,5.65
Riverside FC,1878.635,452.563,24.09,36.12,120,109,4,11,94,20,5,1,5,0,0,11,90.87,1,3,1,5,2,3,0,7,7,3,42.86,0,8,12,4,33.33,2,2,18,10,55.56,7,11,1,3,10,1,0,5.89,4.66,5.94,4.29,7.57,5.5,0.5,2025-03-01T20:30:18.700851+00:00,753,Riverside_FC_20251208101535_753,1,5.5
2 Worlds FC,2475.916,786.351,31.76,45.57,207,173,12,34,157,36,7,14,4,0,0,23,83.53,1,2,1,6,2,4,0,5,12,7,58.33,11,7,15,5,33.33,1,0,4,2,50.0,1,3,0,2,9,1,0,4.55,5.25,5.74,4.6,6.3,5.17,0.463,2025-06-04T17:52:51.700851+00:00,823,2_Worlds_FC_20251208101535_823,1,5.17
Dominion Athletic,2271.718,544.076,23.95,40.38,112,110,1,2,68,9,10,3,0,6,17,9,97.78,0,1,0,7,2,5,0,5,7,2,28.57,8,6,15,4,26.67,2,2,20,12,60.0,5,15,3,3,12,1,0,5.21,5.27,6.01,4.19,6.97,5.42,0.491,2025-08-26T11:49:47.700851+00:00,22,Dominion_Athletic_20251208101535_22,1,5.42
Oldtown United,2568.263,878.346,34.2,45.22,186,133,22,53,149,23,14,0,3,0,0,19,71.42,1,6,1,8,5,3,0,12,18,8,44.44,9,4,20,3,15.0,1,0,20,9,45.0,0,20,2,2,6,0,0,6.44,6.54,5.07,4.46,7.66,6.04,0.56,2025-10-05T06:52:58.700851+00:00,825,Oldtown_United_20251208101535_825,1,6.04
Coastal Town,1222.009,234.137,19.16,23.3,76,60,7,16,55,15,7,1,0,0,0,8,78.87,0,1,0,4,2,2,0,5,5,4,80.0,11,4,14,2,14.29,3,2,15,7,46.67,3,12,0,0,8,0,0,4.86,6.21,5.19,5.11,7.28,5.58,0.509,2025-02-19T10:57:19.700851+00:00,137,Coastal_Town_20251208101535_137,1,5.58
Pioneer Ville FC,1636.569,384.266,23.48,30.04,100,80,10,20,66,7,5,4,1,5,10,1,79.96,0,1,0,5,2,3,0,5,8,4,50.0,15,8,9,2,22.22,1,0,17,7,41.18,10,7,1,2,3,1,0,6.04,5.5,4.92,3.47,6.4,5.34,0.482,2025-03-24T23:39:26.701850+00:00,735,Pioneer_Ville_FC_20251208101535_735,1,5.34
Lakeside Athletic,2172.276,489.197,22.52,43.72,78,59,4,19,48,8,4,3,4,3,7,6,75.08,1,1,1,8,3,5,1,9,10,5,50.0,10,9,22,5,22.73,3,1,32,17,53.12,3,29,1,2,0,0,0,6.27,6.71,4.79,4.37,7.55,5.96,0.551,2025-03-08T16:23:29.701850+00:00,403,Lakeside_Athletic_20251208101535_403,1,5.96
Goldenfield Rovers,3289.916,758.655,23.06,62.17,287,199,25,88,225,40,13,2,15,0,0,13,69.4,1,6,1,10,4,6,1,13,8,5,62.5,9,4,9,2,22.22,1,1,1,1,100.0,0,1,0,4,5,0,0,6.58,6.11,5.15,3.91,7.36,5.87,0.541,2025-10-02T23:12:55.701850+00:00,248,Goldenfield_Rovers_20251208101535_248,1,5.87
Grand Harbor FC,3038.708,451.552,14.86,56.4,201,147,15,54,128,24,16,8,5,6,14,25,73.08,1,4,1,8,4,4,0,5,6,3,50.0,2,8,7,1,14.29,2,1,18,9,50.0,6,12,2,0,5,0,0,6.71,4.47,4.62,4.67,7.72,5.48,0.498,2025-10-04T23:48:46.701850+00:00,866,Grand_Harbor_FC_20251208101535_866,1,5.48
Union Crest United,3689.104,1218.142,33.02,67.9,255,217,11,38,175,36,11,3,0,18,12,32,85.11,0,2,0,9,3,6,0,11,23,11,47.83,7,2,2,0,0.0,1,0,21,12,57.14,6,15,1,3,8,0,0,6.29,5.1,5.42,4.31,7.75,5.65,0.517,2025-02-09T06:45:38.701850+00:00,550,Union_Crest_United_20251208101535_550,1,5.65
Garden State FC,1814.661,84.019,4.63,35.62,115,97,9,18,84,11,5,5,0,2,8,7,84.04,0,3,0,5,2,3,1,6,9,4,44.44,9,8,17,3,17.65,2,0,22,12,54.55,3,19,0,0,14,1,1,5.48,5.59,5.13,5.38,4.01,5.28,0.476,2025-02-28T15:38:18.701850+00:00,289,Garden_State_FC_20251208101535_289,1,5.28
San Beda University,2571.443,563.66,21.92,49.96,209,155,39,54,134,18,3,6,8,26,14,19,73.96,0,6,0,3,1,2,0,4,10,3,30.0,11,11,0,0,0.0,1,0,35,20,57.14,10,25,0,0,1,1,0,6.09,5.44,5.91,4.18,6.83,5.68,0.52,2025-09-19T13:55:18.701850+00:00,8,San_Beda_University_20251208101535_8,1,5.68
Silverlake City,1826.142,414.534,22.7,35.48,90,69,10,21,59,5,7,3,0,4,12,6,77.09,0,3,0,4,1,3,0,6,11,5,45.45,21,11,20,5,25.0,3,1,3,1,33.33,2,1,1,0,16,0,1,5.17,5.42,4.52,5.26,5.83,5.19,0.466,2025-02-04T08:10:51.702851+00:00,222,Silverlake_City_20251208101535_222,1,5.19
Crestfall Town,1945.77,515.434,26.49,36.02,137,86,20,51,80,16,1,4,2,12,23,18,62.52,1,3,1,5,3,2,0,5,6,5,83.33,11,11,17,2,11.76,2,2,12,4,33.33,5,7,2,0,5,0,0,6.65,6.47,4.95,4.53,8.02,6.1,0.567,2025-03-28T23:52:31.702851+00:00,67,Crestfall_Town_20251208101535_67,1,6.1
Crown City FC,2870.967,527.971,18.39,52.02,162,116,11,46,123,19,7,2,8,1,2,7,71.44,1,4,1,7,2,5,0,9,5,3,60.0,11,7,6,2,33.33,3,1,23,12,52.17,11,12,3,3,9,0,0,6.54,6.12,4.97,3.64,7.75,5.82,0.536,2025-06-06T17:02:13.702851+00:00,988,Crown_City_FC_20251208101535_988,1,5.82
Pioneer Ville FC,2918.122,803.651,27.54,55.33,208,161,8,47,190,15,18,4,3,0,0,15,77.52,0,4,0,5,2,3,0,5,6,3,50.0,1,5,11,2,18.18,1,2,29,9,31.03,5,24,0,1,7,0,0,5.22,4.44,5.14,4.42,7.26,5.08,0.453,2025-06-08T21:37:28.702851+00:00,920,Pioneer_Ville_FC_20251208101535_920,1,5.08
Highland Wanderers,3226.463,135.834,4.21,60.88,200,148,14,52,133,19,4,0,12,9,24,16,73.99,1,6,1,11,4,7,1,13,16,10,62.5,5,2,10,3,30.0,2,0,29,15,51.72,11,18,0,3,6,0,0,5.76,5.67,4.78,5.24,7.19,5.61,0.512,2025-11-04T15:14:01.702851+00:00,340,Highland_Wanderers_20251208101535_340,1,5.61
Coastal Town,2406.645,589.869,24.51,45.22,119,86,14,33,81,8,4,3,0,7,16,8,72.5,1,2,1,6,3,3,1,3,0,0,45.61,5,5,5,1,20.0,1,1,22,11,50.0,4,18,0,2,8,1,0,6.61,5.56,4.91,3.1,5.96,5.42,0.491,2025-07-04T16:47:06.702851+00:00,605,Coastal_Town_20251208101535_605,1,5.42
Twin Oak Rangers,3229.775,609.136,18.86,64.04,200,153,13,47,139,17,18,3,5,5,12,23,76.5,1,4,1,6,3,3,1,5,5,3,60.0,13,6,10,2,20.0,4,2,32,18,56.25,6,26,1,3,6,0,0,5.59,5.85,5.77,3.12,7.19,5.51,0.501,2025-02-22T06:50:05.702851+00:00,714,Twin_Oak_Rangers_20251208101535_714,1,5.51
Southgate United,2911.765,679.606,23.34,54.88,234,180,8,54,206,32,17,5,1,0,0,17,76.78,1,2,1,9,3,6,0,8,15,8,53.33,12,0,9,2,22.22,0,0,29,12,41.38,11,18,1,5,10,1,0,6.61,6.2,5.62,3.44,5.85,5.78,0.531,2025-10-02T15:09:27.702851+00:00,426,Southgate_United_20251208101535_426,1,5.78
Riverside FC,2750.84,601.334,21.86,50.89,163,118,20,45,115,21,7,8,9,3,0,18,72.61,0,2,0,7,2,5,1,7,13,7,53.85,10,7,5,2,40.0,3,2,23,9,39.13,12,11,0,2,3,0,0,5.39,5.39,5.96,3.69,7.56,5.48,0.498,2025-09-27T01:18:36.703850+00:00,46,Riverside_FC_20251208101535_46,1,5.48
Riverstone FC,2898.048,717.557,24.76,53.41,231,231,0,0,170,22,5,8,1,12,13,0,100.0,1,3,1,7,3,4,0,9,9,5,55.56,13,8,10,1,10.0,1,1,10,8,80.0,1,9,2,2,5,0,0,5.25,5.07,5.18,4.08,8.18,5.31,0.479,2025-02-14T13:51:04.703850+00:00,295,Riverstone_FC_20251208101535_295,1,5.31
City United,3349.264,434.4,12.97,63.41,274,213,21,61,223,7,25,8,5,2,3,22,77.73,1,6,1,8,3,5,1,8,3,2,66.67,5,6,3,1,33.33,1,0,43,17,39.53,17,26,2,1,5,0,0,6.26,5.9,5.93,4.49,7.31,5.95,0.55,2025-11-18T18:37:09.703850+00:00,45,City_United_20251208101535_45,1,5.95
Frontier Rovers,1977.345,682.579,34.52,35.41,147,132,1,15,112,6,3,5,2,7,12,21,89.61,1,4,1,6,3,3,0,7,0,0,50.87,12,2,17,3,17.65,3,1,25,15,60.0,7,18,1,3,10,1,0,5.16,4.54,5.34,4.36,6.57,5.05,0.45,2025-11-06T10:55:58.703850+00:00,481,Frontier_Rovers_20251208101535_481,1,5.05
Dominion Athletic,3103.643,1157.348,37.29,58.76,226,170,30,56,189,3,0,15,12,4,3,18,75.34,1,6,1,6,2,4,0,7,0,0,37.5,4,4,2,1,50.0,2,1,26,16,61.54,8,18,1,2,9,3,0,5.89,4.13,4.96,4.57,4.39,4.88,0.431,2025-08-28T18:37:43.703850+00:00,857,Dominion_Athletic_20251208101535_857,1,4.88
Eastview Rangers,2821.952,488.762,17.32,56.6,197,148,17,49,137,11,12,0,2,14,20,11,74.91,1,3,1,5,2,3,1,9,20,14,70.0,11,7,8,2,25.0,2,1,23,12,52.17,2,21,0,3,3,2,0,6.21,6.21,5.28,3.91,6.54,5.73,0.526,2025-09-04T12:46:09.703850+00:00,602,Eastview_Rangers_20251208101535_602,1,5.73
Northbridge FC,2963.443,434.144,14.65,54.44,132,106,14,26,82,10,8,9,2,8,12,8,80.52,1,3,1,7,3,4,1,7,16,6,37.5,11,5,8,1,12.5,1,0,22,16,72.73,2,20,2,2,8,1,0,5.4,5.24,5.04,5.08,6.97,5.4,0.489,2025-04-08T05:33:33.703850+00:00,258,Northbridge_FC_20251208101535_258,1,5.4
Redwood Borough,2717.135,582.282,21.43,49.4,150,113,10,37,110,17,6,0,5,4,8,12,75.09,1,4,1,6,1,5,1,8,17,10,58.82,8,4,6,2,33.33,3,1,26,13,50.0,10,16,2,2,3,0,0,5.06,5.01,4.53,4.4,7.36,5.08,0.453,2025-06-02T21:19:54.704851+00:00,187,Redwood_Borough_20251208101535_187,1,5.08
Silverlake City,1546.352,58.761,3.8,31.03,83,56,9,27,66,6,5,0,4,0,2,6,67.01,1,2,1,4,2,2,1,5,8,4,50.0,8,10,14,2,14.29,4,1,19,12,63.16,2,17,2,0,12,1,0,6.42,5.65,5.36,5.58,6.74,5.91,0.546,2024-12-26T19:17:11.704851+00:00,183,Silverlake_City_20251208101535_183,1,5.91
Union Crest United,2774.474,1092.865,39.39,51.17,196,155,10,41,130,23,9,8,4,7,16,25,78.91,0,2,0,5,2,3,0,6,15,5,33.33,14,6,15,3,20.0,1,0,23,8,34.78,9,14,1,1,4,0,0,4.82,6.01,5.32,5.02,7.81,5.58,0.509,2025-07-03T12:54:33.704851+00:00,254,Union_Crest_United_20251208101535_254,1,5.58
2 Worlds FC,2623.778,850.629,32.42,47.07,121,78,14,43,93,13,7,5,4,0,0,0,64.34,2,3,2,9,5,4,1,9,3,2,66.67,7,14,19,6,31.58,1,3,35,13,37.14,9,26,2,3,6,0,0,6.02,5.62,4.38,5.04,7.83,5.62,0.513,2025-11-27T13:37:23.704851+00:00,27,2_Worlds_FC_20251208101535_27,1,5.62
Brookside United,2334.128,653.322,27.99,45.86,188,161,8,27,138,16,13,4,5,5,7,18,85.58,1,5,1,7,2,5,1,8,13,6,46.15,6,5,18,7,38.89,1,2,26,19,73.08,10,16,1,3,6,1,0,6.0,5.0,4.07,4.26,7.18,5.21,0.468,2025-09-08T23:18:50.704851+00:00,124,Brookside_United_20251208101535_124,1,5.21
2 Worlds FC,1515.347,312.161,20.6,30.99,72,52,5,20,59,11,4,3,4,0,0,9,72.76,0,2,0,3,1,2,0,3,6,3,50.0,5,5,25,8,32.0,3,0,0,0,24.87,0,0,1,0,4,0,0,4.93,4.34,4.27,3.8,6.98,4.68,0.409,2025-07-25T11:06:24.704851+00:00,562,2_Worlds_FC_20251208101535_562,1,4.68
Westwood Athletic,1914.459,458.513,23.95,34.99,99,86,3,13,76,5,5,2,0,6,4,2,86.44,0,2,0,5,2,3,1,6,4,2,50.0,8,7,5,1,20.0,2,0,16,8,50.0,8,8,0,3,16,0,0,5.37,5.97,5.89,4.59,7.33,5.73,0.526,2025-10-19T21:19:04.704851+00:00,306,Westwood_Athletic_20251208101535_306,1,5.73
Millennium Rovers,3084.743,964.291,31.26,56.7,190,126,21,64,144,12,11,7,8,1,7,0,66.14,1,1,1,5,1,4,1,3,19,10,52.63,9,6,14,3,21.43,2,1,32,14,43.75,3,29,1,1,1,0,0,5.06,5.95,5.0,4.15,7.0,5.36,0.484,2025-06-14T08:39:23.704851+00:00,591,Millennium_Rovers_20251208101535_591,1,5.36
Grand Harbor FC,2259.937,365.658,16.18,41.34,152,106,12,46,110,11,12,5,3,5,5,10,69.67,1,1,1,8,3,5,1,9,5,3,60.0,10,4,14,4,28.57,0,0,25,11,44.0,4,21,1,1,11,0,0,5.37,5.27,5.55,4.75,7.61,5.52,0.502,2025-01-19T15:52:56.705851+00:00,401,Grand_Harbor_FC_20251208101535_401,1,5.52
Valley Rovers,3275.32,585.627,17.88,58.3,260,173,48,87,187,28,26,17,1,1,1,29,66.66,1,5,1,8,3,5,1,12,16,11,68.75,6,3,10,2,20.0,0,1,23,13,56.52,9,14,1,1,4,0,0,5.82,4.84,5.12,4.49,7.15,5.35,0.483,2025-05-19T17:04:32.705851+00:00,760,Valley_Rovers_20251208101535_760,1,5.35
Stormhold FC,2720.799,742.778,27.3,54.03,120,87,11,33,82,5,0,2,2,18,11,7,72.83,1,3,1,7,3,4,0,7,11,5,45.45,3,8,10,2,20.0,4,0,11,5,45.45,2,9,1,2,2,0,0,5.65,5.68,5.05,4.67,7.29,5.57,0.508,2025-07-24T12:26:34.705851+00:00,874,Stormhold_FC_20251208101535_874,1,5.57
Metro FC,2898.723,942.955,32.53,52.67,133,93,13,40,93,8,5,3,4,12,8,14,70.23,1,3,1,8,3,5,1,9,16,7,43.75,6,10,7,2,28.57,2,0,25,8,32.0,5,20,3,1,1,0,0,5.69,5.68,4.47,4.72,7.39,5.48,0.498,2025-11-17T03:50:37.705851+00:00,288,Metro_FC_20251208101535_288,1,5.48
Redwood Borough,2419.456,456.551,18.87,47.31,155,123,6,32,104,17,15,5,8,2,4,14,79.62,0,6,0,4,1,3,0,4,7,4,57.14,8,6,3,1,33.33,3,0,9,4,44.44,0,9,0,1,9,0,0,6.27,6.3,6.52,4.45,7.45,6.19,0.577,2025-05-03T16:20:56.705851+00:00,555,Redwood_Borough_20251208101535_555,1,6.19
Grand Harbor FC,3479.209,775.168,22.28,64.6,241,178,17,63,193,21,6,16,0,3,3,18,73.7,2,5,2,11,3,8,0,13,24,15,62.5,6,1,10,2,20.0,0,0,26,13,50.0,4,22,2,3,4,0,0,6.19,6.03,6.01,4.46,7.33,5.98,0.553,2025-08-15T03:35:09.705851+00:00,753,Grand_Harbor_FC_20251208101535_753,1,5.98
Royal Haven FC,1650.415,443.797,26.89,29.31,100,68,10,32,71,18,6,3,1,0,0,9,68.19,0,0,0,4,2,2,0,5,5,4,80.0,12,13,18,7,38.89,5,0,15,6,40.0,5,10,1,0,8,0,0,5.23,5.85,4.8,4.66,7.18,5.43,0.492,2025-03-14T05:25:19.705851+00:00,727,Royal_Haven_FC_20251208101535_727,1,5.43
City United,2910.246,847.755,29.13,53.48,132,120,1,12,85,15,3,5,7,8,9,14,91.16,1,3,1,8,2,6,0,8,17,16,94.12,11,6,9,3,33.33,3,2,35,19,54.29,16,19,0,3,4,0,0,6.02,5.76,5.15,3.72,7.07,5.56,0.507,2025-10-30T18:06:30.706855+00:00,841,City_United_20251208101535_841,1,5.56
Blue Ridge FC,3142.153,517.198,16.46,57.54,151,129,9,22,109,12,10,5,3,4,8,12,85.1,1,5,1,11,4,7,1,14,13,8,61.54,5,0,3,1,33.33,0,3,14,7,50.0,3,11,2,4,7,3,0,6.26,5.57,5.63,4.06,5.61,5.57,0.508,2025-10-03T14:54:04.706855+00:00,166,Blue_Ridge_FC_20251208101535_166,1,5.57
Southgate United,3192.878,287.359,9.0,58.94,192,174,6,18,108,12,6,8,5,31,22,15,90.73,1,2,1,10,3,7,1,5,9,6,66.67,8,8,6,1,16.67,0,0,33,17,51.52,13,20,2,2,8,0,0,6.73,5.84,5.5,4.43,6.96,5.94,0.549,2025-05-24T12:10:17.706855+00:00,429,Southgate_United_20251208101535_429,1,5.94
Southgate United,2272.911,480.948,21.16,43.33,127,101,14,26,86,19,12,0,4,2,4,16,79.29,0,2,0,5,2,3,1,6,7,4,57.14,14,11,3,1,33.33,2,1,35,14,40.0,8,27,1,0,6,1,0,4.86,5.7,5.07,4.23,6.21,5.18,0.464,2025-07-30T10:19:59.706855+00:00,855,Southgate_United_20251208101535_855,1,5.18
Eastview Rangers,2974.644,875.14,29.42,56.53,245,183,21,62,155,28,15,7,7,14,20,24,74.68,1,5,1,6,3,3,0,7,21,12,57.14,8,6,8,2,25.0,0,1,13,6,46.15,6,7,0,3,2,0,0,4.66,6.24,5.59,5.18,7.25,5.62,0.513,2025-04-14T13:31:30.706855+00:00,500,Eastview_Rangers_20251208101535_500,1,5.62
Eastview Rangers,2536.215,102.209,4.03,49.9,236,174,16,62,161,37,15,14,10,0,0,23,73.94,1,7,1,5,2,3,0,5,15,9,60.0,9,4,8,3,37.5,2,2,30,18,60.0,12,18,0,1,7,2,0,5.43,5.92,5.48,5.11,6.04,5.59,0.51,2025-10-25T18:04:19.706855+00:00,129,Eastview_Rangers_20251208101535_129,1,5.59
Lakeside Athletic,2752.597,597.314,21.7,49.41,160,142,5,18,98,20,11,11,5,11,4,3,88.72,1,5,1,9,4,5,1,11,9,6,66.67,15,3,19,4,21.05,2,1,35,15,42.86,12,23,1,3,2,0,0,5.13,5.56,5.05,4.69,8.1,5.47,0.497,2025-12-07T21:08:20.706855+00:00,801,Lakeside_Athletic_20251208101535_801,1,5.47
Oldtown United,3377.592,983.555,29.12,62.22,263,215,5,48,197,24,31,5,10,0,0,1,81.84,0,7,0,7,2,5,1,4,20,10,50.0,12,4,0,0,0.0,1,0,34,20,58.82,5,29,2,2,5,2,0,5.74,6.98,5.48,4.13,5.59,5.79,0.532,2025-01-30T05:09:27.706855+00:00,546,Oldtown_United_20251208101535_546,1,5.79
Riverside FC,2328.753,436.408,18.74,44.39,182,130,15,52,134,12,2,8,1,11,14,4,71.62,1,4,1,6,2,4,0,8,12,9,75.0,21,6,14,3,21.43,3,1,17,8,47.06,6,11,0,5,11,2,0,5.68,4.56,3.83,4.34,6.33,4.87,0.43,2025-11-23T10:02:12.707851+00:00,92,Riverside_FC_20251208101535_92,1,4.87
Hillcrest Athletic,3116.691,652.947,20.95,54.59,296,256,11,40,218,30,10,12,2,14,10,18,86.56,1,6,1,8,3,5,1,8,20,10,50.0,3,1,5,1,20.0,2,2,59,30,50.85,17,42,1,2,4,0,0,6.74,5.28,6.41,5.79,7.59,6.22,0.58,2025-06-02T13:21:47.707851+00:00,699,Hillcrest_Athletic_20251208101535_699,1,6.22
Crestfall Town,1757.882,201.981,11.49,36.01,112,86,12,26,83,10,6,3,2,2,5,16,76.6,0,3,0,4,1,3,0,4,7,5,71.43,13,9,18,3,16.67,3,0,29,21,72.41,7,22,0,1,9,0,0,5.99,6.59,4.71,4.69,7.86,5.91,0.546,2024-12-20T14:37:02.707851+00:00,556,Crestfall_Town_20251208101535_556,1,5.91
2 Worlds FC,2028.793,636.027,31.35,36.55,133,108,13,25,104,17,4,0,9,0,0,4,81.33,1,1,1,6,2,4,0,3,6,4,66.67,7,4,18,3,16.67,1,0,13,4,30.77,2,11,1,4,8,2,0,5.54,5.12,5.62,2.82,5.67,5.07,0.452,2025-03-12T08:42:00.707851+00:00,885,2_Worlds_FC_20251208101535_885,1,5.07
Harborview United,3308.388,717.589,21.69,66.37,356,254,28,102,215,34,13,9,9,15,63,34,71.37,1,9,1,8,3,5,0,11,14,7,50.0,4,7,3,1,33.33,1,0,36,19,52.78,16,20,0,1,5,0,0,6.14,5.48,5.41,4.98,7.48,5.78,0.531,2025-08-05T20:11:44.707851+00:00,712,Harborview_United_20251208101535_712,1,5.78
Riverside FC,1953.777,840.515,43.02,34.77,116,90,16,26,83,11,4,7,0,6,5,12,77.9,1,5,1,7,3,4,0,9,4,2,50.0,16,10,15,5,33.33,1,0,17,6,35.29,4,13,1,3,3,0,0,5.82,6.46,5.07,4.18,7.58,5.8,0.533,2025-07-03T15:30:19.707851+00:00,507,Riverside_FC_20251208101535_507,1,5.8
Redwood Borough,2685.503,925.693,34.47,49.94,130,101,2,29,104,19,7,3,0,0,0,17,77.74,1,4,1,7,3,4,0,9,17,10,58.82,5,5,17,4,23.53,1,1,34,17,50.0,1,33,2,2,5,1,0,5.76,5.69,5.33,4.51,6.01,5.5,0.5,2025-01-13T08:13:44.707851+00:00,162,Redwood_Borough_20251208101535_162,1,5.5
Hillcrest Athletic,2729.854,954.084,34.95,51.48,181,135,16,46,128,17,4,0,0,14,18,9,74.83,1,4,1,5,2,3,0,7,11,6,54.55,19,11,7,1,14.29,2,1,1,1,100.0,0,1,0,2,4,0,0,6.56,4.95,5.08,4.51,7.87,5.66,0.518,2025-08-03T11:26:04.708851+00:00,205,Hillcrest_Athletic_20251208101535_205,1,5.66
Hillcrest Athletic,2930.273,850.072,29.01,58.95,203,143,16,60,110,17,6,1,6,30,32,25,70.56,1,4,1,6,2,4,1,8,10,7,70.0,1,6,13,3,23.08,1,1,22,11,50.0,7,15,1,2,6,0,1,6.12,4.42,5.35,5.01,5.63,5.29,0.477,2025-04-13T10:52:42.708851+00:00,144,Hillcrest_Athletic_20251208101535_144,1,5.29
Prime City Athletic,3210.782,412.264,12.84,58.96,115,75,17,40,93,6,2,8,0,4,2,10,65.47,0,1,0,6,2,4,1,6,9,4,44.44,12,1,11,3,27.27,2,1,18,10,55.56,3,15,0,2,1,0,0,6.04,5.29,5.21,5.14,7.21,5.66,0.518,2025-07-16T16:05:17.708851+00:00,515,Prime_City_Athletic_20251208101535_515,1,5.66
Hillcrest Athletic,2087.193,215.398,10.32,38.59,152,144,2,8,124,24,12,0,8,0,0,22,94.58,1,1,1,7,3,4,1,9,9,6,66.67,22,2,7,2,28.57,3,0,22,14,63.64,4,18,0,2,16,3,0,4.82,5.96,5.04,4.15,3.94,5.0,0.444,2025-10-04T01:31:34.708851+00:00,49,Hillcrest_Athletic_20251208101535_49,1,5.0
Dominion Athletic,2878.867,430.391,14.95,50.96,157,115,23,42,134,12,10,4,5,0,0,5,73.1,0,2,0,2,1,1,0,1,6,3,50.0,7,10,10,2,20.0,3,0,52,25,48.08,4,48,0,1,7,1,0,3.59,5.44,4.89,4.49,6.87,4.82,0.424,2025-01-31T02:48:00.708851+00:00,62,Dominion_Athletic_20251208101535_62,1,4.82
Grand Harbor FC,2382.73,551.602,23.15,46.47,127,100,11,27,91,10,5,4,4,7,7,5,78.59,1,2,1,9,2,7,1,7,6,4,66.67,17,6,6,1,16.67,3,1,29,14,48.28,11,18,2,1,6,2,0,5.48,4.77,5.6,4.72,5.61,5.21,0.468,2025-11-06T16:55:21.708851+00:00,400,Grand_Harbor_FC_20251208101535_400,1,5.21
Garden State FC,1666.182,297.747,17.87,33.95,130,106,11,24,100,15,6,5,7,0,0,13,81.72,0,4,0,5,2,3,0,5,10,5,50.0,20,6,9,3,33.33,1,2,11,6,54.55,2,9,0,2,15,1,0,6.09,4.79,5.2,4.64,6.63,5.4,0.489,2025-07-21T07:36:28.708851+00:00,658,Garden_State_FC_20251208101535_658,1,5.4
San Beda University,2245.913,719.591,32.04,45.87,177,143,16,34,120,1,11,4,3,24,15,21,80.55,1,6,1,5,2,3,0,6,2,1,50.0,4,3,21,6,28.57,1,0,29,17,58.62,7,22,0,0,11,0,0,5.69,5.0,5.65,5.99,8.28,5.79,0.532,2025-11-25T09:02:58.708851+00:00,429,San_Beda_University_20251208101535_429,1,5.79
Southgate United,3270.389,531.111,16.24,61.42,254,207,12,47,184,27,9,10,4,6,14,32,81.57,1,7,1,7,2,5,1,4,15,11,73.33,5,6,16,4,25.0,2,1,51,31,60.78,21,30,1,3,8,1,0,7.28,6.37,5.31,5.01,6.98,6.28,0.587,2025-07-11T04:16:28.709851+00:00,34,Southgate_United_20251208101535_34,1,6.28
Union Crest United,2544.779,610.492,23.99,46.03,209,166,16,43,117,24,6,7,0,24,30,20,79.4,0,3,0,6,2,4,1,3,13,7,53.85,5,7,9,3,33.33,2,0,31,15,48.39,15,16,0,2,12,1,0,5.07,4.85,4.94,5.09,6.44,5.12,0.458,2025-04-12T12:56:27.709851+00:00,746,Union_Crest_United_20251208101535_746,1,5.12
Ironforge FC,3215.66,628.983,19.56,59.23,247,189,18,58,206,23,10,0,11,0,0,11,76.4,1,4,1,10,5,5,0,13,21,16,76.19,9,6,12,4,33.33,2,1,32,17,53.12,6,26,3,4,3,0,0,6.38,6.26,5.17,3.72,8.59,5.95,0.55,2025-05-19T09:54:36.709851+00:00,202,Ironforge_FC_20251208101535_202,1,5.95
Goldenfield Rovers,2896.102,151.177,5.22,51.59,249,195,28,54,194,20,8,10,10,2,5,16,78.3,2,5,2,10,3,7,1,9,14,8,57.14,0,2,9,2,22.22,2,0,41,26,63.41,14,27,1,1,7,1,0,6.13,4.76,5.26,3.6,7.29,5.33,0.481,2025-03-17T01:41:01.709851+00:00,551,Goldenfield_Rovers_20251208101535_551,1,5.33
Oldtown United,1953.244,335.958,17.2,40.09,134,121,6,13,96,5,6,5,0,11,11,21,90.24,0,3,0,3,1,2,0,4,6,3,50.0,15,9,13,3,23.08,1,1,13,5,38.46,6,7,0,2,8,3,0,5.47,5.92,5.66,5.22,5.27,5.58,0.509,2025-07-13T17:53:29.709851+00:00,444,Oldtown_United_20251208101535_444,1,5.58
Eastview Rangers,2708.752,458.321,16.92,54.05,219,190,6,29,154,12,9,12,4,17,10,2,86.69,0,4,0,5,2,3,0,5,8,6,75.0,14,12,23,8,34.78,2,2,42,20,47.62,13,29,0,1,1,0,0,5.25,6.33,5.54,4.8,7.3,5.75,0.528,2025-09-24T00:28:38.709851+00:00,511,Eastview_Rangers_20251208101535_511,1,5.75
Crestfall Town,3046.338,760.671,24.97,54.63,231,194,15,37,185,24,15,5,0,2,1,36,83.93,0,3,0,7,3,4,1,8,8,6,75.0,6,5,10,2,20.0,1,0,29,15,51.72,2,27,2,2,8,1,0,5.92,6.0,4.77,5.48,6.62,5.72,0.524,2025-06-16T17:21:20.709851+00:00,338,Crestfall_Town_20251208101535_338,1,5.72
Hillcrest Athletic,3084.938,938.747,30.43,59.31,227,181,10,46,189,28,7,7,10,0,0,12,79.61,1,8,1,7,3,4,1,4,19,10,52.63,5,0,4,2,50.0,2,2,9,4,44.44,2,7,0,0,0,0,0,6.6,5.33,5.49,4.27,7.61,5.8,0.533,2025-07-20T23:06:22.710851+00:00,865,Hillcrest_Athletic_20251208101535_865,1,5.8
Frontier Rovers,3067.559,787.442,25.67,57.28,163,139,10,24,110,11,1,6,8,15,11,12,85.04,1,2,1,7,3,4,0,8,15,9,60.0,11,6,8,2,25.0,0,0,48,30,62.5,16,32,0,3,4,0,0,6.57,5.06,5.07,4.39,7.72,5.66,0.518,2025-02-24T22:21:24.710851+00:00,727,Frontier_Rovers_20251208101535_727,1,5.66
San Beda University,2592.593,419.222,16.17,49.2,201,144,22,57,143,13,15,5,2,11,11,13,71.73,1,6,1,9,4,5,0,16,14,8,57.14,6,9,15,4,26.67,1,3,41,11,26.83,11,30,1,4,7,0,0,6.23,5.11,4.99,4.97,6.98,5.57,0.508,2025-07-30T21:50:41.710851+00:00,519,San_Beda_University_20251208101535_519,1,5.57
Royal Haven FC,2090.061,809.063,38.71,42.69,112,97,5,15,84,6,4,3,1,3,10,6,86.83,1,2,1,7,4,3,0,7,5,3,60.0,23,9,12,3,25.0,3,2,10,6,60.0,4,6,1,2,12,0,0,6.04,6.64,5.32,5.04,7.95,6.12,0.569,2025-04-05T10:06:43.710851+00:00,705,Royal_Haven_FC_20251208101535_705,1,6.12
Silverlake City,2870.605,180.848,6.3,50.43,184,132,25,52,115,21,10,2,9,12,15,9,71.55,1,5,1,7,4,3,0,7,0,0,24.28,1,0,6,1,16.67,2,2,25,21,84.0,13,12,1,3,10,0,0,5.63,4.62,4.76,4.68,7.2,5.2,0.467,2025-10-16T18:26:30.710851+00:00,621,Silverlake_City_20251208101535_621,1,5.2
Valley Rovers,2522.051,312.482,12.39,45.91,173,116,17,57,112,13,12,2,3,19,12,18,67.07,0,2,0,6,3,3,1,7,10,5,50.0,8,9,4,1,25.0,2,3,36,14,38.89,13,23,2,1,7,2,0,5.16,6.33,4.41,4.9,6.03,5.39,0.488,2025-08-03T15:36:34.710851+00:00,303,Valley_Rovers_20251208101535_303,1,5.39
Stormhold FC,2317.927,431.83,18.63,40.92,126,93,12,33,98,4,0,4,6,7,7,15,74.16,1,5,1,5,2,3,0,4,7,5,71.43,9,12,7,1,14.29,2,0,13,5,38.46,2,11,0,1,2,0,0,4.89,6.55,4.71,4.85,7.86,5.61,0.512,2024-12-14T11:49:23.710851+00:00,525,Stormhold_FC_20251208101535_525,1,5.61
Crestfall Town,2780.945,800.634,28.79,51.99,208,154,26,54,161,24,7,0,8,4,4,19,74.0,1,5,1,6,3,3,0,7,8,4,50.0,4,0,11,2,18.18,1,0,42,22,52.38,10,32,0,3,9,0,0,5.62,5.2,6.0,4.62,7.39,5.62,0.513,2025-10-18T11:38:00.711855+00:00,935,Crestfall_Town_20251208101535_935,1,5.62
Goldenfield Rovers,2072.927,655.874,31.64,39.25,82,66,7,16,71,12,6,2,4,0,0,7,80.79,1,2,1,6,2,4,0,9,14,11,78.57,14,11,16,6,37.5,1,0,28,16,57.14,6,22,0,1,7,0,0,5.62,6.02,4.44,4.67,7.16,5.52,0.502,2025-03-04T23:56:56.711855+00:00,24,Goldenfield_Rovers_20251208101535_24,1,5.52
Goldenfield Rovers,2719.696,457.453,16.82,53.94,214,165,15,49,167,13,21,1,7,2,4,15,76.93,1,8,1,5,2,3,0,5,3,2,66.67,9,12,9,3,33.33,2,0,15,7,46.67,9,6,1,1,6,0,0,5.77,5.79,6.15,5.35,6.82,5.9,0.544,2024-12-12T17:44:04.711855+00:00,140,Goldenfield_Rovers_20251208101535_140,1,5.9
Valley Rovers,1533.816,531.314,34.64,27.98,126,101,12,25,82,17,8,6,3,5,5,13,79.97,0,4,0,2,1,1,0,2,7,4,57.14,11,15,3,0,0.0,1,1,24,10,41.67,11,13,1,1,4,1,0,4.77,6.66,4.91,4.97,6.29,5.51,0.501,2024-12-25T03:22:09.711855+00:00,561,Valley_Rovers_20251208101535_561,1,5.51
Brookside United,3067.025,530.595,17.3,61.1,186,167,7,19,120,16,9,6,6,17,12,14,89.84,1,7,1,8,2,6,0,9,8,3,37.5,5,7,4,1,25.0,1,0,19,14,73.68,3,16,3,2,3,0,0,6.33,6.51,6.02,4.29,7.82,6.18,0.576,2024-12-31T08:20:59.711855+00:00,299,Brookside_United_20251208101535_299,1,6.18
Eastview Rangers,2394.741,348.435,14.55,46.78,169,129,12,40,118,23,7,3,6,5,6,16,76.24,0,5,0,4,1,3,0,3,4,2,50.0,16,9,11,1,9.09,3,0,24,12,50.0,7,17,0,2,10,0,0,5.48,6.19,5.04,5.12,7.17,5.71,0.523,2025-03-12T01:28:54.711855+00:00,709,Eastview_Rangers_20251208101535_709,1,5.71
Frontier Rovers,4224.63,1089.11,25.78,84.29,259,172,35,87,215,31,22,14,8,0,0,21,66.53,3,7,3,13,5,8,0,9,20,12,60.0,4,1,7,1,14.29,1,3,28,17,60.71,10,18,0,5,2,0,0,6.47,5.83,5.58,4.16,6.95,5.84,0.538,2025-06-13T13:48:30.711855+00:00,77,Frontier_Rovers_20251208101535_77,1,5.84
Eastview Rangers,3724.007,617.44,16.58,68.99,267,206,15,61,202,21,11,12,3,5,12,13,77.27,1,3,1,8,4,4,0,9,23,9,39.13,4,4,4,1,25.0,1,0,82,25,30.49,9,73,2,3,3,0,0,6.08,5.1,4.63,4.75,7.45,5.47,0.497,2025-04-14T12:26:53.711855+00:00,655,Eastview_Rangers_20251208101535_655,1,5.47
Dominion Athletic,3504.253,511.621,14.6,71.26,218,156,14,62,153,26,17,6,4,5,6,24,71.58,1,5,1,11,4,7,1,12,14,8,57.14,9,4,1,0,0.0,2,2,35,12,34.29,14,21,0,6,3,0,0,6.51,6.47,5.68,4.95,7.7,6.23,0.581,2025-09-09T13:06:42.712855+00:00,424,Dominion_Athletic_20251208101535_424,1,6.23
Goldenfield Rovers,1956.926,89.04,4.55,35.81,198,138,17,60,114,15,14,4,0,21,30,24,69.9,1,6,1,7,3,4,1,9,3,2,66.67,4,9,22,6,27.27,1,0,5,2,40.0,1,4,0,3,10,1,0,6.65,4.64,4.72,4.96,7.0,5.5,0.5,2025-04-09T10:30:40.712855+00:00,272,Goldenfield_Rovers_20251208101535_272,1,5.5
Hillcrest Athletic,2782.873,631.434,22.69,50.98,202,150,17,52,132,8,0,8,6,25,22,11,74.08,1,4,1,7,2,5,0,8,16,9,56.25,9,2,15,4,26.67,4,2,35,15,42.86,14,21,1,1,14,0,0,5.92,6.25,5.01,4.63,7.97,5.85,0.539,2025-07-11T06:59:25.712855+00:00,82,Hillcrest_Athletic_20251208101535_82,1,5.85
Evergreen Sporting,2745.556,804.997,29.32,51.5,168,138,10,30,125,10,10,5,4,6,9,16,82.31,1,4,1,8,3,5,0,10,6,4,66.67,0,6,9,3,33.33,1,0,24,14,58.33,6,18,1,2,4,0,0,5.77,6.17,5.04,3.75,8.08,5.68,0.52,2025-03-08T04:25:48.712855+00:00,192,Evergreen_Sporting_20251208101535_192,1,5.68
Pioneer Ville FC,2601.411,253.377,9.74,48.5,165,132,17,33,97,23,12,7,0,10,17,13,80.05,1,3,1,5,2,3,0,6,13,8,61.54,16,4,9,4,44.44,1,2,43,14,32.56,14,29,0,0,0,0,0,6.04,5.15,5.86,4.18,7.4,5.63,0.514,2025-10-26T01:25:19.712855+00:00,475,Pioneer_Ville_FC_20251208101535_475,1,5.63
Union Crest United,1801.522,350.936,19.48,34.19,112,88,12,24,81,18,9,2,0,2,1,13,78.99,0,3,0,4,2,2,0,5,11,8,72.73,13,8,10,1,10.0,2,0,16,6,37.5,6,10,0,2,3,1,0,6.74,6.09,5.66,5.13,7.24,6.17,0.574,2025-07-04T23:59:43.712855+00:00,754,Union_Crest_United_20251208101535_754,1,6.17
Blue Ridge FC,2223.249,251.894,11.33,39.67,185,140,15,45,137,6,19,10,0,5,8,15,75.88,1,5,1,7,4,3,0,7,6,3,50.0,10,9,15,4,26.67,2,1,18,9,50.0,4,14,0,2,7,1,0,7.01,5.62,4.77,3.81,6.9,5.71,0.523,2025-01-15T06:57:04.712855+00:00,301,Blue_Ridge_FC_20251208101535_301,1,5.71
Pioneer Ville FC,3360.512,1026.636,30.55,66.51,206,152,11,54,168,21,8,4,1,3,1,34,73.59,0,6,0,1,0,1,0,1,8,5,62.5,7,5,9,3,33.33,1,0,27,10,37.04,6,21,0,1,8,2,0,5.62,6.23,4.96,4.76,5.87,5.56,0.507,2025-07-29T12:12:20.712855+00:00,229,Pioneer_Ville_FC_20251208101535_229,1,5.56
Twin Oak Rangers,4446.978,497.617,11.19,79.1,282,207,19,75,223,39,20,3,0,0,0,14,73.58,1,8,1,8,3,5,1,10,19,9,47.37,3,4,6,1,16.67,0,1,57,35,61.4,16,41,1,2,2,1,0,6.41,4.4,4.97,4.61,6.58,5.32,0.48,2025-09-30T15:37:57.713856+00:00,555,Twin_Oak_Rangers_20251208101535_555,1,5.32
Evergreen Sporting,2333.554,370.102,15.86,42.93,199,162,16,37,118,7,2,6,15,13,37,17,81.51,1,4,1,5,2,3,0,6,8,3,37.5,11,12,11,4,36.36,2,1,26,15,57.69,9,17,1,1,1,0,0,4.72,6.04,5.42,4.44,7.71,5.49,0.499,2025-08-12T17:40:57.713856+00:00,547,Evergreen_Sporting_20251208101535_547,1,5.49
Northbridge FC,1345.503,377.414,28.05,25.02,88,62,6,26,73,10,6,2,2,0,0,3,70.36,0,3,0,3,1,2,0,3,0,0,31.81,15,18,8,2,25.0,0,0,20,12,60.0,7,13,0,1,11,2,0,5.35,5.48,4.03,3.48,5.64,4.89,0.432,2025-10-21T15:02:40.713856+00:00,45,Northbridge_FC_20251208101535_45,1,4.89
Valley Rovers,4001.124,1346.378,33.65,74.15,291,261,6,30,225,12,15,12,2,8,17,30,89.57,1,5,1,8,4,4,0,9,13,5,38.46,2,4,5,2,40.0,2,1,52,26,50.0,19,33,0,1,5,0,0,6.98,5.37,6.22,4.16,7.3,6.01,0.557,2025-07-10T10:40:08.713856+00:00,934,Valley_Rovers_20251208101535_934,1,6.01
Redwood Borough,3037.631,466.884,15.37,55.96,162,146,9,16,109,16,14,8,0,8,8,11,90.32,1,4,1,9,4,5,1,5,14,9,64.29,4,0,9,3,33.33,3,2,22,10,45.45,9,13,1,1,3,0,0,6.81,6.22,6.51,3.76,7.31,6.21,0.579,2025-02-15T21:16:04.713856+00:00,4,Redwood_Borough_20251208101535_4,1,6.21
Coastal Town,1495.185,460.068,30.77,30.46,126,113,5,13,98,14,13,3,0,0,0,18,89.43,1,4,1,5,2,3,0,8,3,2,66.67,7,9,0,0,0.0,1,0,10,4,40.0,3,7,0,0,1,0,0,6.49,6.37,5.6,3.05,7.92,5.94,0.549,2025-10-29T14:44:47.713856+00:00,437,Coastal_Town_20251208101535_437,1,5.94
Southgate United,3128.056,970.323,31.02,60.02,235,182,16,53,195,34,17,6,5,0,0,2,77.48,1,2,1,7,3,4,0,8,8,4,50.0,6,8,8,1,12.5,3,0,38,13,34.21,10,28,2,2,3,1,0,6.25,5.56,5.64,4.12,6.79,5.69,0.521,2025-07-17T04:29:13.713856+00:00,197,Southgate_United_20251208101535_197,1,5.69
Crown City FC,3553.683,1441.018,40.55,67.85,207,162,22,45,155,17,16,4,7,4,4,15,78.48,0,5,0,2,1,1,0,3,8,4,50.0,8,4,6,2,33.33,2,0,35,24,68.57,7,28,0,2,5,2,0,4.3,5.54,4.65,4.86,6.05,4.97,0.441,2025-06-16T01:43:12.714856+00:00,452,Crown_City_FC_20251208101535_452,1,4.97
Frontier Rovers,2755.311,694.889,25.22,53.19,176,135,24,41,104,15,5,5,4,14,29,23,76.86,0,4,0,2,1,1,0,2,7,3,42.86,8,13,1,0,0.0,0,0,16,7,43.75,5,11,0,0,4,0,0,5.1,5.25,5.91,4.07,7.39,5.39,0.488,2025-07-06T02:30:18.714856+00:00,618,Frontier_Rovers_20251208101535_618,1,5.39
Twin Oak Rangers,2956.978,884.728,29.92,56.77,252,179,32,73,200,17,23,10,10,0,0,13,71.01,0,2,0,4,2,2,0,4,7,5,71.43,4,0,5,1,20.0,3,0,22,13,59.09,5,17,0,2,3,0,0,5.53,5.56,5.76,5.65,7.55,5.8,0.533,2025-09-23T11:35:18.714856+00:00,543,Twin_Oak_Rangers_20251208101535_543,1,5.8
Stormhold FC,2705.35,452.605,16.73,50.2,207,153,22,54,129,12,11,1,10,30,14,20,73.72,1,4,1,7,3,4,0,9,10,3,30.0,4,5,17,4,23.53,3,1,7,3,42.86,3,4,2,2,2,0,0,5.95,5.71,4.41,5.17,7.06,5.58,0.509,2024-12-11T16:37:06.714856+00:00,890,Stormhold_FC_20251208101535_890,1,5.58
2 Worlds FC,1864.22,455.802,24.45,35.74,119,76,8,43,69,14,6,5,0,4,21,12,63.67,1,4,1,5,1,4,0,6,14,6,42.86,10,8,7,1,14.29,3,0,27,15,55.56,4,23,1,0,8,1,0,6.06,6.47,3.77,4.64,6.69,5.58,0.509,2025-09-23T05:08:44.714856+00:00,634,2_Worlds_FC_20251208101535_634,1,5.58
Highland Wanderers,2240.318,424.988,18.97,45.16,127,101,3,26,119,9,4,4,2,0,0,6,79.28,1,2,1,8,2,6,0,7,0,0,59.41,9,7,13,3,23.08,1,2,0,0,64.42,0,0,1,3,8,1,0,6.03,6.61,4.08,3.59,6.21,5.48,0.498,2025-04-30T18:01:09.714856+00:00,743,Highland_Wanderers_20251208101535_743,1,5.48
Northbridge FC,2432.115,562.548,23.13,49.49,165,120,4,45,95,16,12,6,0,9,25,29,72.75,0,0,1,8,4,4,1,6,7,3,42.86,9,4,12,3,25.0,1,2,28,17,60.71,8,20,0,2,10,1,0,6.7,6.05,5.02,5.65,6.33,6.0,0.556,2025-08-31T04:39:58.714856+00:00,112,Northbridge_FC_20251208101535_112,1,6.0
San Beda University,2780.634,621.75,22.36,55.19,179,158,9,21,131,30,4,7,3,1,3,13,88.09,1,7,1,9,3,6,1,13,9,6,66.67,14,7,6,2,33.33,0,1,37,12,32.43,1,36,1,0,8,1,0,7.79,6.76,6.12,4.66,5.45,6.5,0.611,2025-07-08T12:35:01.714856+00:00,159,San_Beda_University_20251208101535_159,1,6.5
Hillcrest Athletic,2620.826,665.952,25.41,51.57,138,118,5,20,99,12,11,0,4,8,5,17,85.53,1,6,1,6,3,3,0,7,9,5,55.56,7,7,7,1,14.29,2,1,23,8,34.78,11,12,1,2,1,0,0,6.65,4.98,4.84,4.7,8.1,5.69,0.521,2025-11-24T04:36:17.715856+00:00,886,Hillcrest_Athletic_20251208101535_886,1,5.69
Coastal Town,2382.276,702.771,29.5,46.33,150,124,10,26,101,27,12,13,7,0,0,15,82.86,1,6,1,5,2,3,0,4,0,0,53.5,1,7,3,1,33.33,4,1,24,10,41.67,5,19,0,2,9,0,0,5.21,4.43,4.51,3.97,7.1,4.87,0.43,2025-12-04T06:38:40.715856+00:00,871,Coastal_Town_20251208101535_871,1,4.87
Crestfall Town,3780.69,1197.723,31.68,73.16,240,204,19,36,165,28,17,9,4,11,7,28,84.96,1,1,1,6,2,4,1,8,11,7,63.64,1,5,6,1,16.67,2,2,45,15,33.33,5,40,1,3,5,0,1,6.29,5.51,6.08,4.52,5.22,5.67,0.519,2025-07-13T04:56:34.715856+00:00,898,Crestfall_Town_20251208101535_898,1,5.67
Garden State FC,3053.445,683.666,22.39,58.53,197,149,15,48,135,32,0,11,0,7,13,19,75.7,0,2,0,8,4,4,0,9,8,5,62.5,9,9,0,0,0.0,2,2,34,12,35.29,12,22,0,3,4,1,0,6.67,4.51,5.19,4.93,6.78,5.54,0.504,2024-12-11T05:22:04.715856+00:00,659,Garden_State_FC_20251208101535_659,1,5.54
Union Crest United,2123.154,384.291,18.1,41.4,177,103,9,74,121,13,2,4,0,17,20,19,58.16,0,2,0,6,2,4,0,4,13,11,84.62,10,11,9,3,33.33,2,1,20,8,40.0,3,17,1,3,9,0,0,5.15,5.9,5.06,3.5,7.42,5.34,0.482,2025-01-24T14:21:59.715856+00:00,744,Union_Crest_United_20251208101535_744,1,5.34
Twin Oak Rangers,2112.492,642.198,30.4,37.28,150,104,6,46,127,15,12,5,10,0,0,11,69.48,1,3,1,4,1,3,0,4,5,3,60.0,21,1,13,5,38.46,3,1,17,7,41.18,6,11,0,3,11,2,0,5.87,5.25,4.76,4.53,5.91,5.29,0.477,2025-07-10T13:45:27.715856+00:00,394,Twin_Oak_Rangers_20251208101535_394,1,5.29
Eastview Rangers,2375.72,670.666,28.23,44.32,166,121,14,45,131,12,6,5,1,7,4,9,73.04,0,3,0,4,1,3,0,6,10,5,50.0,3,9,4,1,25.0,2,0,1,0,0.0,1,0,1,1,10,2,0,4.86,5.24,4.5,3.98,5.54,4.84,0.427,2025-10-16T22:48:35.715856+00:00,128,Eastview_Rangers_20251208101535_128,1,4.84
Redwood Borough,2012.128,455.143,22.62,37.07,102,61,2,41,65,10,2,4,0,5,15,5,59.86,0,2,0,2,1,1,0,2,10,5,50.0,10,8,10,2,20.0,3,0,24,12,50.0,7,17,0,0,8,0,0,3.87,5.14,4.37,4.9,8.03,4.89,0.432,2025-10-06T14:14:24.715856+00:00,407,Redwood_Borough_20251208101535_407,1,4.89
Hillcrest Athletic,2844.623,895.487,31.48,57.62,181,139,12,42,140,33,14,0,4,0,0,17,77.04,1,6,1,5,1,4,0,5,10,7,70.0,4,0,4,1,25.0,2,2,8,5,62.5,1,7,1,0,5,0,0,5.9,5.53,4.27,5.25,7.98,5.59,0.51,2025-08-30T08:48:44.716855+00:00,888,Hillcrest_Athletic_20251208101535_888,1,5.59
Riverstone FC,2084.136,265.727,12.75,37.93,119,85,15,34,99,10,6,6,0,0,0,11,71.39,1,2,1,7,2,5,0,7,13,6,46.15,15,2,21,5,23.81,1,0,19,11,57.89,5,14,1,2,6,0,0,5.37,5.57,4.33,4.8,8.01,5.4,0.489,2025-05-24T08:26:11.716855+00:00,468,Riverstone_FC_20251208101535_468,1,5.4
San Beda University,3337.811,505.678,15.15,61.21,269,194,15,75,218,36,3,7,0,2,3,8,72.02,2,9,2,9,2,7,1,11,4,2,50.0,9,6,11,3,27.27,3,0,38,21,55.26,11,27,0,3,4,0,0,5.96,5.66,5.68,4.08,7.28,5.69,0.521,2025-09-12T15:40:41.716855+00:00,6,San_Beda_University_20251208101535_6,1,5.69
Coastal Town,1927.285,581.269,30.16,34.74,81,70,3,11,68,4,4,3,2,0,0,3,86.96,0,2,0,6,3,3,0,4,1,0,0.0,18,12,11,2,18.18,2,1,1,1,100.0,0,1,0,1,12,0,0,5.52,6.75,5.14,3.64,7.76,5.75,0.528,2025-08-30T23:47:55.716855+00:00,929,Coastal_Town_20251208101535_929,1,5.75
Valley Rovers,2545.32,516.7,20.3,50.56,148,107,13,41,101,22,14,0,0,6,6,9,72.36,1,4,1,5,2,3,0,3,18,10,55.56,11,7,8,2,25.0,0,0,28,17,60.71,6,22,0,1,8,1,0,5.19,5.52,5.52,4.05,6.15,5.28,0.476,2025-05-03T02:16:52.716855+00:00,240,Valley_Rovers_20251208101535_240,1,5.28
Union Crest United,3191.564,560.119,17.55,57.59,310,229,22,81,233,41,29,5,0,1,1,0,73.77,1,4,1,9,3,6,0,12,0,0,42.82,5,7,12,4,33.33,2,1,30,16,53.33,14,16,1,4,7,0,0,6.24,5.12,5.48,2.7,7.25,5.38,0.487,2025-04-12T05:49:04.716855+00:00,503,Union_Crest_United_20251208101535_503,1,5.38
Valley Rovers,2364.254,405.47,17.15,47.09,109,77,3,32,98,10,10,3,6,0,0,8,70.33,1,2,1,4,2,2,0,4,5,2,40.0,17,6,9,4,44.44,1,0,0,0,50.44,0,0,0,0,7,2,0,5.01,4.84,4.09,3.44,5.81,4.64,0.404,2025-10-26T06:39:25.716855+00:00,533,Valley_Rovers_20251208101535_533,1,4.64
Goldenfield Rovers,2230.346,375.813,16.85,39.19,146,133,5,13,95,8,13,3,4,9,14,13,91.36,0,6,0,5,1,4,0,7,10,4,40.0,16,6,16,2,12.5,1,0,20,12,60.0,6,14,0,2,9,1,0,5.47,6.12,5.73,4.81,6.92,5.76,0.529,2025-05-13T20:38:45.717855+00:00,895,Goldenfield_Rovers_20251208101535_895,1,5.76
Coastal Town,3386.78,474.827,14.02,67.03,280,248,11,32,223,20,16,18,5,0,0,31,88.58,1,3,1,10,2,8,0,10,20,9,45.0,6,4,8,2,25.0,0,1,48,30,62.5,17,31,0,2,3,1,0,6.2,5.11,6.06,4.97,7.16,5.79,0.532,2025-03-20T11:26:02.717855+00:00,826,Coastal_Town_20251208101535_826,1,5.79
Westwood Athletic,3413.02,510.929,14.97,61.15,169,130,17,39,128,13,11,4,4,3,4,7,77.05,1,4,1,8,3,5,0,9,10,6,60.0,11,2,7,1,14.29,2,2,36,22,61.11,6,30,1,1,0,0,0,6.66,6.2,5.53,4.01,8.16,6.08,0.564,2025-07-11T05:07:20.717855+00:00,701,Westwood_Athletic_20251208101535_701,1,6.08
Eastview Rangers,1968.344,500.747,25.44,40.25,155,119,8,36,102,22,13,10,0,4,4,0,76.89,1,5,1,4,1,3,0,5,6,4,66.67,4,3,17,4,23.53,2,0,25,15,60.0,10,15,0,2,6,0,0,4.83,4.14,5.8,4.77,7.97,5.14,0.46,2024-12-16T17:55:42.717855+00:00,101,Eastview_Rangers_20251208101535_101,1,5.14
Millennium Rovers,1768.483,53.054,3.0,35.61,151,117,19,34,132,13,4,1,6,0,0,12,77.61,0,5,0,2,1,1,0,2,7,3,42.86,15,12,23,2,8.7,5,0,26,8,30.77,7,19,0,2,6,2,0,4.25,6.81,4.9,5.12,5.22,5.32,0.48,2025-07-05T12:22:34.717855+00:00,99,Millennium_Rovers_20251208101535_99,1,5.32
Evergreen Sporting,2524.614,449.381,17.8,46.22,163,121,9,42,125,13,7,0,1,7,10,13,74.2,0,2,0,3,2,1,0,2,11,5,45.45,12,8,11,3,27.27,1,3,28,16,57.14,13,15,2,0,8,2,0,5.5,6.79,5.25,4.53,5.67,5.69,0.521,2025-07-17T22:47:02.717855+00:00,499,Evergreen_Sporting_20251208101535_499,1,5.69
Stormhold FC,2470.685,259.916,10.52,48.82,180,141,18,39,121,12,13,11,4,11,7,35,78.36,1,4,1,8,2,6,0,9,14,6,42.86,10,4,5,1,20.0,2,0,31,16,51.61,17,14,1,1,7,0,0,5.03,4.54,5.31,4.25,7.24,5.06,0.451,2025-05-17T15:15:15.717855+00:00,991,Stormhold_FC_20251208101535_991,1,5.06
Dominion Athletic,2512.972,494.804,19.69,47.26,153,119,13,34,115,12,0,13,10,1,2,20,78.01,1,5,1,7,2,5,1,6,11,6,54.55,11,6,10,3,30.0,1,0,10,3,30.0,4,6,1,3,3,0,0,5.7,6.46,5.69,3.59,7.81,5.83,0.537,2025-09-04T14:47:44.717855+00:00,810,Dominion_Athletic_20251208101535_810,1,5.83
Lakeside Athletic,3229.055,801.774,24.83,61.45,273,211,16,62,175,25,2,11,4,16,41,18,77.35,1,3,1,7,2,5,0,4,14,10,71.43,6,3,7,1,14.29,1,2,34,24,70.59,21,13,1,1,4,0,0,5.78,5.01,5.33,4.45,7.28,5.44,0.493,2025-02-13T23:17:44.718856+00:00,920,Lakeside_Athletic_20251208101535_920,1,5.44
2 Worlds FC,2792.787,447.963,16.04,55.13,210,163,17,47,168,24,18,4,5,0,0,25,77.44,0,4,0,10,5,5,0,6,19,11,57.89,8,3,5,1,20.0,1,0,36,24,66.67,9,27,3,5,6,0,0,5.65,5.83,5.99,4.15,7.56,5.75,0.528,2025-01-31T16:30:02.718856+00:00,410,2_Worlds_FC_20251208101535_410,1,5.75
Stormhold FC,2856.576,814.124,28.5,51.5,216,156,24,60,149,32,13,7,0,6,8,10,72.34,1,10,1,8,3,5,0,12,16,9,56.25,11,6,15,4,26.67,1,2,6,4,66.67,0,6,0,1,4,0,0,6.14,5.59,5.28,4.82,7.53,5.77,0.53,2025-01-09T12:37:15.718856+00:00,280,Stormhold_FC_20251208101535_280,1,5.77
San Beda University,3694.111,215.367,5.83,65.22,278,210,22,68,246,38,16,10,6,0,0,10,75.42,1,10,1,8,4,4,1,7,2,1,50.0,4,3,9,2,22.22,2,3,11,5,45.45,3,8,1,1,2,0,0,5.8,5.56,4.99,4.37,7.63,5.55,0.506,2025-03-01T07:22:43.718856+00:00,120,San_Beda_University_20251208101535_120,1,5.55
Hillcrest Athletic,1772.329,295.093,16.65,36.2,153,147,2,6,104,9,7,5,6,5,17,16,95.76,1,3,1,4,2,2,0,4,5,3,60.0,18,9,15,3,20.0,2,1,26,18,69.23,3,23,0,0,11,0,0,6.15,5.92,5.49,4.24,7.41,5.81,0.534,2025-10-30T15:57:57.718856+00:00,445,Hillcrest_Athletic_20251208101535_445,1,5.81
Brookside United,3136.042,901.612,28.75,61.05,179,124,18,55,135,26,13,11,5,0,0,11,69.25,1,4,1,8,5,3,1,11,7,5,71.43,6,8,8,2,25.0,1,0,63,39,61.9,17,46,2,2,5,0,0,6.41,4.62,5.29,5.09,7.15,5.57,0.508,2025-12-04T12:58:55.718856+00:00,49,Brookside_United_20251208101535_49,1,5.57
Crestfall Town,1703.026,178.137,10.46,32.93,114,75,12,39,94,6,6,2,1,3,2,3,65.84,1,4,1,5,2,3,0,7,4,2,50.0,6,10,17,3,17.65,3,1,14,9,64.29,3,11,0,2,13,0,0,6.35,6.52,5.65,5.05,7.61,6.2,0.578,2025-05-24T09:35:40.718856+00:00,279,Crestfall_Town_20251208101535_279,1,6.2
Dominion Athletic,1503.552,79.087,5.26,30.79,110,98,5,12,83,12,0,5,5,3,3,11,88.74,1,4,1,5,2,3,0,6,6,4,66.67,16,11,10,1,10.0,0,4,11,6,54.55,0,11,0,1,6,0,0,6.58,6.4,5.54,3.63,6.96,5.95,0.55,2025-05-08T22:36:47.718856+00:00,128,Dominion_Athletic_20251208101535_128,1,5.95
Grand Harbor FC,3247.979,519.027,15.98,62.25,152,94,19,58,136,12,9,5,1,0,0,5,62.0,1,6,1,7,3,4,1,5,12,9,75.0,13,4,12,3,25.0,2,2,26,18,69.23,6,20,1,4,9,0,0,7.16,6.48,4.63,5.17,8.13,6.28,0.587,2025-10-10T23:31:14.719855+00:00,988,Grand_Harbor_FC_20251208101535_988,1,6.28
Summit Peak FC,1120.382,346.87,30.96,21.5,61,43,8,18,46,6,3,3,0,1,2,6,70.88,0,3,0,2,1,1,0,1,3,2,66.67,11,4,20,6,30.0,1,1,8,6,75.0,2,6,0,1,8,0,0,5.0,6.59,4.47,4.3,7.37,5.48,0.498,2025-01-10T19:59:05.719855+00:00,438,Summit_Peak_FC_20251208101535_438,1,5.48
Coastal Town,2370.922,595.813,25.13,44.68,137,103,16,34,95,13,5,5,5,7,6,9,75.52,1,2,1,6,2,4,0,6,11,7,63.64,17,6,12,3,25.0,2,2,10,4,40.0,3,7,0,0,5,0,0,5.24,7.58,5.05,3.76,7.79,5.91,0.546,2025-08-30T05:53:11.719855+00:00,320,Coastal_Town_20251208101535_320,1,5.91
Crown City FC,2520.236,434.993,17.26,46.08,203,153,15,50,146,12,12,10,5,7,11,13,75.24,1,4,1,5,2,3,0,6,18,10,55.56,6,6,13,4,30.77,2,1,37,15,40.54,9,28,1,3,11,1,1,6.62,5.47,6.28,5.11,4.83,5.84,0.538,2025-01-09T20:24:05.719855+00:00,650,Crown_City_FC_20251208101535_650,1,5.84
Harborview United,3014.781,553.212,18.35,58.64,240,199,6,41,209,19,25,8,3,0,0,6,83.02,0,0,1,11,5,6,1,10,11,8,72.73,11,6,5,1,20.0,1,3,37,15,40.54,4,33,1,4,4,1,0,6.59,5.27,5.03,5.34,5.84,5.66,0.518,2025-05-25T14:16:11.719855+00:00,622,Harborview_United_20251208101535_622,1,5.66
City United,2454.765,629.402,25.64,43.73,182,124,18,58,103,9,8,6,8,27,21,10,67.91,1,4,1,8,2,6,1,8,12,7,58.33,2,5,14,3,21.43,2,1,21,15,71.43,9,12,2,2,7,0,0,5.92,6.25,5.4,3.88,7.94,5.82,0.536,2025-09-27T17:37:18.719855+00:00,979,City_United_20251208101535_979,1,5.82
Eastview Rangers,3000.084,930.626,31.02,53.77,165,139,11,26,118,21,12,3,8,1,1,13,84.19,1,3,1,11,5,6,1,11,15,6,40.0,15,0,0,0,0.0,2,1,40,17,42.5,18,22,0,3,7,1,0,6.93,5.55,5.51,4.03,6.6,5.82,0.536,2025-07-01T06:59:36.719855+00:00,171,Eastview_Rangers_20251208101535_171,1,5.82
Harborview United,2829.87,955.93,33.78,51.79,217,217,0,0,186,8,3,5,0,4,11,24,100.0,1,5,1,8,4,4,0,12,18,9,50.0,7,7,13,2,15.38,2,2,19,8,42.11,3,16,1,3,4,0,0,6.4,5.36,6.1,3.75,7.18,5.76,0.529,2025-04-17T21:19:17.720855+00:00,671,Harborview_United_20251208101535_671,1,5.76
Grand Harbor FC,2637.808,695.59,26.37,47.18,160,137,9,23,107,12,3,6,0,17,15,9,85.67,1,4,1,10,4,6,1,13,6,3,50.0,11,11,11,2,18.18,1,2,46,22,47.83,24,22,0,5,5,1,0,6.3,5.31,5.94,4.57,6.47,5.73,0.526,2025-05-31T23:50:03.720855+00:00,376,Grand_Harbor_FC_20251208101535_376,1,5.73
Crown City FC,2123.768,522.235,24.59,39.34,162,103,27,59,138,17,10,7,4,0,0,12,63.5,0,3,0,7,2,5,0,7,7,4,57.14,13,3,20,4,20.0,2,0,35,22,62.86,11,24,0,3,3,0,0,6.05,6.68,5.29,4.11,7.74,5.97,0.552,2025-09-30T03:18:17.720855+00:00,37,Crown_City_FC_20251208101535_37,1,5.97
Northbridge FC,2253.168,606.102,26.9,44.3,169,160,4,9,130,8,0,12,5,8,6,7,94.85,1,5,1,7,3,4,1,6,8,5,62.5,12,6,16,5,31.25,1,0,25,14,56.0,9,16,1,1,5,1,0,6.34,4.92,5.69,5.22,6.55,5.68,0.52,2025-06-16T18:04:43.720855+00:00,569,Northbridge_FC_20251208101535_569,1,5.68
Lakeside Athletic,2368.629,653.505,27.59,45.09,210,173,17,37,159,16,16,12,4,1,2,19,82.39,1,4,1,8,2,6,0,10,10,5,50.0,7,6,10,2,20.0,2,0,53,20,37.74,6,47,0,2,11,2,0,6.52,5.02,6.04,4.18,6.73,5.7,0.522,2024-12-23T17:30:26.720855+00:00,582,Lakeside_Athletic_20251208101535_582,1,5.7
Summit Peak FC,3066.726,795.509,25.94,56.48,147,88,33,59,115,16,6,6,4,0,0,13,59.55,1,5,1,5,2,3,0,6,7,4,57.14,12,4,12,1,8.33,0,1,19,11,57.89,6,13,1,2,4,0,0,6.71,5.5,5.03,5.14,7.72,5.92,0.547,2025-06-04T23:41:41.720855+00:00,399,Summit_Peak_FC_20251208101535_399,1,5.92
Westwood Athletic,1107.278,180.818,16.33,22.71,73,64,3,9,41,3,0,2,0,11,16,5,87.38,0,2,0,2,1,1,0,3,4,3,75.0,12,9,22,4,18.18,4,1,17,8,47.06,6,11,0,1,10,0,0,4.48,5.62,5.06,3.5,7.14,5.04,0.449,2025-01-25T12:58:11.720855+00:00,81,Westwood_Athletic_20251208101535_81,1,5.04
Valley Rovers,3962.746,1446.799,36.51,72.0,281,233,12,48,222,32,7,1,3,5,12,22,82.99,1,7,1,9,4,5,1,11,24,17,70.83,3,1,5,1,20.0,0,2,34,17,50.0,13,21,1,3,3,1,0,5.6,5.35,4.68,3.4,6.74,5.15,0.461,2025-01-08T21:58:29.720855+00:00,325,Valley_Rovers_20251208101535_325,1,5.15
Eastview Rangers,2140.037,643.081,30.05,38.59,136,85,27,51,96,20,10,5,4,0,0,2,62.67,1,3,1,7,2,5,0,7,3,2,66.67,10,5,14,4,28.57,1,0,30,17,56.67,7,23,0,1,8,2,0,4.82,5.42,4.68,4.2,5.92,4.98,0.442,2025-01-11T01:40:46.721855+00:00,464,Eastview_Rangers_20251208101535_464,1,4.98
Millennium Rovers,2053.286,472.05,22.99,39.05,128,121,2,7,97,14,5,2,3,4,4,13,94.28,1,3,1,6,3,3,0,6,10,5,50.0,13,8,9,2,22.22,2,1,11,7,63.64,5,6,0,3,7,1,0,4.36,5.23,4.35,3.67,6.41,4.71,0.412,2025-08-04T07:29:24.721855+00:00,782,Millennium_Rovers_20251208101535_782,1,4.71
Brookside United,3342.862,444.601,13.3,64.42,275,233,13,42,175,37,18,0,11,16,18,26,84.77,1,8,1,10,5,5,1,12,23,12,52.17,1,1,4,0,0.0,0,0,48,24,50.0,0,48,0,3,7,0,0,5.72,5.47,5.67,4.31,7.57,5.63,0.514,2025-08-29T10:56:03.721855+00:00,841,Brookside_United_20251208101535_841,1,5.63
Riverside FC,2474.219,657.153,26.56,48.65,150,118,11,32,118,11,6,6,4,3,2,16,78.72,1,2,1,7,3,4,0,7,12,5,41.67,8,10,12,3,25.0,2,2,17,10,58.82,4,13,0,2,11,1,0,5.39,4.55,5.3,4.61,6.81,5.17,0.463,2025-05-13T03:10:44.721855+00:00,332,Riverside_FC_20251208101535_332,1,5.17
San Beda University,3593.752,719.829,20.03,64.86,238,215,8,23,191,8,7,5,0,15,12,2,90.17,1,7,1,5,2,3,0,7,18,9,50.0,6,4,4,2,50.0,0,0,12,6,50.0,2,10,1,0,6,0,0,5.98,5.55,5.07,4.18,7.35,5.56,0.507,2025-10-26T09:52:03.721855+00:00,914,San_Beda_University_20251208101535_914,1,5.56
Frontier Rovers,2644.869,636.884,24.08,46.66,130,101,14,29,100,21,11,3,0,0,0,1,77.55,1,3,1,7,3,4,1,9,10,3,30.0,16,5,12,3,25.0,1,1,19,10,52.63,9,10,1,1,4,0,0,6.76,5.37,5.58,4.27,7.93,5.9,0.544,2025-09-24T03:05:14.721855+00:00,936,Frontier_Rovers_20251208101535_936,1,5.9
City United,2319.456,347.223,14.97,46.05,183,129,14,54,151,13,6,7,5,1,1,27,70.74,1,4,1,6,1,5,0,9,8,7,87.5,9,8,8,3,37.5,2,1,24,7,29.17,7,17,0,2,10,0,0,4.96,5.86,4.84,4.61,7.36,5.38,0.487,2025-11-26T20:20:50.721855+00:00,809,City_United_20251208101535_809,1,5.38
Blue Ridge FC,2427.534,805.699,33.19,43.43,108,84,9,24,74,9,2,3,6,7,6,7,77.73,1,2,1,6,2,4,1,7,9,5,55.56,18,6,6,1,16.67,2,0,0,0,83.45,0,0,0,4,10,1,0,6.29,6.2,4.67,3.44,5.85,5.5,0.5,2025-12-05T05:05:12.722855+00:00,67,Blue_Ridge_FC_20251208101535_67,1,5.5
Blue Ridge FC,2240.399,314.104,14.02,39.28,134,111,5,23,109,18,9,5,7,0,0,13,83.01,0,2,0,5,2,3,1,3,13,7,53.85,11,10,9,2,22.22,1,1,27,13,48.15,10,17,0,1,13,3,0,6.13,6.35,5.39,4.6,4.52,5.67,0.519,2025-03-30T15:26:08.722855+00:00,288,Blue_Ridge_FC_20251208101535_288,1,5.67
Riverside FC,3163.043,835.676,26.42,57.19,178,132,19,46,102,18,12,7,2,10,28,15,74.23,2,6,2,9,3,6,0,8,11,7,63.64,10,6,10,2,20.0,2,1,34,18,52.94,5,29,2,2,3,0,0,6.05,5.7,5.11,4.74,7.67,5.74,0.527,2025-08-05T22:00:17.722855+00:00,819,Riverside_FC_20251208101535_819,1,5.74
Oldtown United,3021.658,305.792,10.12,54.33,226,192,8,34,169,32,16,9,10,0,0,10,85.01,0,2,0,7,2,5,1,8,11,6,54.55,4,12,12,5,41.67,1,0,28,15,53.57,7,21,1,3,5,0,0,5.7,6.36,5.42,4.07,8.27,5.86,0.54,2025-10-21T23:18:17.722855+00:00,234,Oldtown_United_20251208101535_234,1,5.86
Redwood Borough,2516.566,720.241,28.62,48.49,134,105,13,29,91,23,4,3,0,4,9,12,78.17,1,4,1,7,2,5,0,8,9,5,55.56,15,9,12,4,33.33,1,0,25,16,64.0,6,19,1,1,6,1,0,4.67,6.27,4.91,3.0,7.04,5.17,0.463,2025-10-04T14:55:45.722855+00:00,22,Redwood_Borough_20251208101535_22,1,5.17
Crestfall Town,2330.949,548.472,23.53,43.88,161,101,26,60,124,13,10,5,1,4,4,19,62.59,1,2,1,5,3,2,0,7,21,14,66.67,17,4,8,3,37.5,1,0,33,16,48.48,6,27,0,2,9,1,0,5.97,6.51,4.0,4.88,6.46,5.62,0.513,2025-04-28T05:22:29.722855+00:00,787,Crestfall_Town_20251208101535_787,1,5.62
Coastal Town,2086.073,414.294,19.86,39.07,159,131,7,28,134,12,14,3,4,0,0,25,82.16,1,5,1,7,3,4,0,8,11,6,54.55,9,4,7,2,28.57,1,5,11,6,54.55,2,9,1,2,2,0,0,5.32,5.77,4.74,4.83,7.0,5.43,0.492,2025-09-03T19:21:30.722855+00:00,715,Coastal_Town_20251208101535_715,1,5.43
Eastview Rangers,3175.392,574.428,18.09,57.91,216,175,9,41,163,17,0,10,4,6,16,30,81.04,0,6,0,8,3,5,0,9,6,5,83.33,6,6,6,2,33.33,1,0,15,8,53.33,7,8,2,2,5,0,0,5.44,5.33,5.18,3.87,7.37,5.33,0.481,2025-11-14T01:15:24.722855+00:00,371,Eastview_Rangers_20251208101535_371,1,5.33
Pioneer Ville FC,2928.321,418.75,14.3,54.85,178,139,16,39,117,9,20,6,7,9,10,14,78.21,0,2,0,6,2,4,0,7,20,16,80.0,8,2,9,3,33.33,1,0,17,11,64.71,7,10,0,1,5,2,0,6.0,6.07,5.82,4.35,5.58,5.71,0.523,2025-04-24T16:57:54.723856+00:00,955,Pioneer_Ville_FC_20251208101535_955,1,5.71
Riverside FC,2185.233,372.801,17.06,38.66,115,99,3,16,94,8,5,3,1,2,3,11,86.14,0,2,0,5,2,3,0,5,6,4,66.67,2,7,5,1,20.0,3,0,23,12,52.17,4,19,0,2,3,0,0,4.91,4.28,6.26,3.28,7.35,5.02,0.447,2025-05-24T18:10:14.723856+00:00,467,Riverside_FC_20251208101535_467,1,5.02
Blue Ridge FC,1970.207,351.091,17.82,40.36,157,130,12,27,120,14,3,6,2,8,4,11,82.92,0,0,1,6,2,4,0,5,11,8,72.73,24,4,11,3,27.27,2,0,24,14,58.33,1,23,1,2,6,0,0,5.72,5.58,5.94,4.31,7.36,5.69,0.521,2025-05-18T10:24:04.723856+00:00,984,Blue_Ridge_FC_20251208101535_984,1,5.69
Evergreen Sporting,3285.315,725.726,22.09,59.15,328,228,42,100,174,36,15,15,4,50,34,23,69.43,1,7,1,10,3,7,1,13,6,3,50.0,2,8,5,1,20.0,0,0,42,19,45.24,6,36,2,2,4,0,0,6.36,6.04,5.06,4.85,7.89,5.95,0.55,2025-05-19T05:25:04.723856+00:00,291,Evergreen_Sporting_20251208101535_291,1,5.95
Riverside FC,3716.226,755.509,20.33,69.15,259,208,17,51,142,33,3,3,4,35,39,28,80.21,2,8,2,12,6,6,0,12,11,7,63.64,4,5,11,1,9.09,1,1,55,32,58.18,7,48,1,3,4,0,0,5.93,5.45,4.98,4.61,7.91,5.62,0.513,2025-12-06T02:22:33.723856+00:00,59,Riverside_FC_20251208101535_59,1,5.62
Northbridge FC,2489.661,277.348,11.14,45.33,167,128,18,39,114,8,0,2,4,10,30,14,76.92,1,3,1,7,2,5,1,6,15,11,73.33,9,12,9,3,33.33,1,0,18,13,72.22,1,17,1,1,7,1,0,5.31,5.7,4.91,4.03,6.69,5.3,0.478,2025-05-24T14:39:58.723856+00:00,913,Northbridge_FC_20251208101535_913,1,5.3
Highland Wanderers,2259.038,277.184,12.27,39.75,180,142,13,38,137,26,13,5,7,0,0,7,79.04,1,3,1,8,3,5,1,7,10,4,40.0,9,6,13,3,23.08,3,3,0,0,62.04,0,0,0,2,6,0,0,4.9,5.32,5.13,3.73,7.43,5.15,0.461,2025-09-10T09:55:35.723856+00:00,868,Highland_Wanderers_20251208101535_868,1,5.15
Riverstone FC,2212.073,313.23,14.16,40.46,75,52,8,23,57,6,4,3,2,1,1,3,69.51,1,2,1,5,2,3,0,6,3,2,66.67,16,5,7,3,42.86,2,0,4,2,50.0,2,2,0,2,2,0,1,5.51,5.11,4.67,4.27,5.91,5.1,0.456,2025-11-20T06:21:49.724855+00:00,703,Riverstone_FC_20251208101535_703,1,5.1
Riverstone FC,2463.958,431.439,17.51,47.43,183,156,4,27,168,18,7,7,0,0,0,9,85.51,1,7,1,7,4,3,0,9,14,11,78.57,7,7,11,3,27.27,2,1,7,5,71.43,2,5,2,2,10,1,0,5.6,5.84,6.07,5.27,6.71,5.83,0.537,2025-08-12T12:10:50.724855+00:00,379,Riverstone_FC_20251208101535_379,1,5.83
Riverside FC,3233.03,147.749,4.57,65.05,69,47,6,22,47,7,6,4,0,2,4,4,67.63,1,2,1,6,2,4,0,6,0,0,47.79,4,6,10,2,20.0,2,2,22,10,45.45,5,17,0,1,4,0,0,5.92,4.98,4.47,5.12,8.23,5.49,0.499,2025-09-23T18:45:40.724855+00:00,193,Riverside_FC_20251208101535_193,1,5.49
Goldenfield Rovers,2541.692,347.195,13.66,46.36,253,228,11,25,169,0,13,7,9,43,12,6,89.93,1,5,1,5,1,4,0,5,6,4,66.67,4,7,12,3,25.0,2,0,29,16,55.17,7,22,0,1,9,2,0,5.9,5.82,5.4,5.24,5.69,5.66,0.518,2025-12-07T14:41:34.724855+00:00,416,Goldenfield_Rovers_20251208101535_416,1,5.66
Garden State FC,2219.749,499.0,22.48,45.24,166,138,7,28,133,15,4,5,6,1,1,12,82.9,1,4,1,6,2,4,0,8,12,7,58.33,17,7,9,1,11.11,2,0,29,16,55.17,15,14,0,2,10,1,0,6.02,5.32,4.71,4.01,6.78,5.36,0.484,2025-09-30T07:20:59.724855+00:00,511,Garden_State_FC_20251208101535_511,1,5.36
Northbridge FC,3195.6,502.668,15.73,56.23,230,182,12,48,158,13,4,13,5,17,21,23,79.22,1,2,1,10,4,6,1,9,3,2,66.67,5,6,6,1,16.67,0,0,20,13,65.0,4,16,1,4,3,0,0,4.08,4.87,5.67,4.26,7.31,4.97,0.441,2025-09-18T20:09:44.724855+00:00,365,Northbridge_FC_20251208101535_365,1,4.97
Goldenfield Rovers,1835.612,246.523,13.43,32.63,103,82,5,21,68,12,0,3,3,3,13,16,79.53,1,3,1,4,1,3,0,5,10,5,50.0,15,9,12,3,25.0,3,0,2,1,50.0,0,2,0,1,8,4,0,6.45,5.33,4.58,5.75,4.46,5.47,0.497,2025-06-30T13:11:10.724855+00:00,325,Goldenfield_Rovers_20251208101535_325,1,5.47
San Beda University,2994.847,448.628,14.98,54.51,145,112,12,33,114,13,14,6,3,0,0,14,77.01,1,3,1,8,3,5,1,12,12,6,50.0,8,6,10,2,20.0,3,1,16,7,43.75,5,11,1,2,5,0,0,6.23,5.59,5.23,4.94,7.75,5.82,0.536,2025-03-09T03:39:25.724855+00:00,746,San_Beda_University_20251208101535_746,1,5.82
Harborview United,2089.614,492.94,23.59,39.07,105,81,5,24,80,9,8,4,1,2,1,3,76.88,1,2,1,5,2,3,0,3,10,5,50.0,14,10,13,3,23.08,3,1,27,15,55.56,6,21,0,0,11,3,0,4.86,5.52,4.0,4.26,4.87,4.79,0.421,2025-05-01T23:20:43.725855+00:00,829,Harborview_United_20251208101535_829,1,4.79
Twin Oak Rangers,1582.446,134.824,8.52,30.32,132,129,1,3,88,13,12,6,2,5,6,6,97.73,1,3,1,5,1,4,1,7,7,4,57.14,12,3,15,5,33.33,5,2,25,11,44.0,6,19,0,0,11,2,0,6.65,6.13,5.63,4.38,5.87,5.9,0.544,2025-07-20T05:56:29.725855+00:00,550,Twin_Oak_Rangers_20251208101535_550,1,5.9
Prime City Athletic,2229.806,602.271,27.01,38.96,175,159,7,16,146,20,19,7,0,0,0,25,90.62,1,4,1,8,2,6,0,7,8,4,50.0,16,8,4,1,25.0,4,1,25,12,48.0,2,23,1,2,11,1,0,5.63,6.27,5.93,4.22,5.92,5.7,0.522,2025-03-01T05:18:54.725855+00:00,506,Prime_City_Athletic_20251208101535_506,1,5.7
Westwood Athletic,2396.994,519.429,21.67,48.85,137,101,3,36,112,13,6,2,0,2,1,14,73.96,1,6,1,6,3,3,0,6,0,0,52.12,18,0,15,3,20.0,2,0,23,10,43.48,9,14,0,3,9,0,0,5.78,5.81,4.98,4.59,7.06,5.59,0.51,2025-04-05T17:13:30.725855+00:00,503,Westwood_Athletic_20251208101535_503,1,5.59
Hillcrest Athletic,3423.411,1081.798,31.6,61.2,193,166,9,27,114,18,10,9,7,16,19,14,86.22,1,7,1,10,4,6,1,7,6,4,66.67,6,3,8,1,12.5,1,1,56,28,50.0,22,34,3,0,1,1,0,6.74,4.97,5.0,3.93,6.93,5.52,0.502,2025-06-27T10:42:40.726359+00:00,429,Hillcrest_Athletic_20251208101535_429,1,5.52
Grand Harbor FC,2141.402,525.072,24.52,41.71,160,115,13,45,108,20,7,3,0,14,9,3,72.07,0,5,0,4,1,3,0,5,5,2,40.0,12,4,2,0,0.0,2,2,31,20,64.52,10,21,0,0,3,0,0,6.31,6.05,4.53,4.09,8.43,5.78,0.531,2025-04-25T15:50:03.726359+00:00,559,Grand_Harbor_FC_20251208101535_559,1,5.78
Crown City FC,2351.346,269.229,11.45,47.98,140,92,17,48,95,16,7,2,2,2,16,13,65.44,1,2,1,7,3,4,1,8,12,6,50.0,18,6,18,3,16.67,1,1,22,11,50.0,12,10,1,2,8,2,0,5.21,6.58,4.73,5.89,5.8,5.65,0.517,2025-10-29T06:51:00.726359+00:00,296,Crown_City_FC_20251208101535_296,1,5.65
Ironforge FC,2699.326,292.607,10.84,53.99,174,156,5,18,144,7,4,3,2,7,8,12,89.88,0,5,0,3,1,2,0,3,9,5,55.56,14,4,10,2,20.0,4,0,16,8,50.0,5,11,3,1,9,2,0,4.94,5.51,4.91,3.61,6.18,5.03,0.448,2025-08-16T02:08:55.726359+00:00,855,Ironforge_FC_20251208101535_855,1,5.03
Blue Ridge FC,2553.367,556.889,21.81,51.34,158,116,9,42,124,9,2,0,8,9,7,17,73.46,0,0,0,4,2,2,0,3,5,3,60.0,4,3,4,1,25.0,2,1,12,6,50.0,4,8,0,1,4,1,0,4.57,6.11,5.31,4.48,6.15,5.29,0.477,2025-11-17T17:25:32.726359+00:00,910,Blue_Ridge_FC_20251208101535_910,1,5.29
Hillcrest Athletic,2419.345,334.112,13.81,48.63,139,118,9,21,79,16,7,6,1,14,16,18,84.95,1,2,1,8,2,6,0,7,13,7,53.85,3,10,11,2,18.18,5,0,20,10,50.0,6,14,0,4,5,0,0,4.58,7.49,5.28,4.26,7.65,5.8,0.533,2025-02-09T10:21:20.726359+00:00,35,Hillcrest_Athletic_20251208101535_35,1,5.8
Brookside United,1200.339,341.737,28.47,21.7,64,48,2,16,44,3,3,0,1,3,10,7,75.55,0,1,0,2,1,1,0,2,7,4,57.14,8,17,22,4,18.18,4,0,16,7,43.75,4,12,0,1,2,1,0,5.42,5.41,5.0,4.54,7.02,5.37,0.486,2025-11-13T11:47:46.726359+00:00,342,Brookside_United_20251208101535_342,1,5.37
Harborview United,2416.62,584.58,24.19,44.25,135,114,8,21,89,15,3,4,0,9,15,18,84.72,1,3,1,7,3,4,0,7,4,2,50.0,19,7,10,1,10.0,0,2,28,20,71.43,4,24,0,2,9,1,0,6.72,5.3,5.28,4.89,6.73,5.78,0.531,2025-10-13T11:10:37.727363+00:00,107,Harborview_United_20251208101535_107,1,5.78
Lakeside Athletic,3023.129,1224.67,40.51,59.68,269,217,22,52,184,36,18,13,4,5,10,39,80.61,1,2,1,9,5,4,0,11,10,5,50.0,5,7,9,2,22.22,2,0,26,14,53.85,10,16,1,2,10,0,0,6.94,5.3,5.15,4.53,7.81,5.87,0.541,2025-11-27T19:57:26.727363+00:00,486,Lakeside_Athletic_20251208101535_486,1,5.87
Oldtown United,1685.009,479.217,28.44,30.45,92,64,5,28,78,13,4,4,1,0,0,10,69.59,1,1,1,5,3,2,0,6,8,5,62.5,13,0,11,5,45.45,2,2,26,11,42.31,4,22,2,2,11,2,0,5.54,5.84,5.43,4.68,5.83,5.51,0.501,2025-07-18T01:41:05.727363+00:00,629,Oldtown_United_20251208101535_629,1,5.51
Blue Ridge FC,677.607,127.864,18.87,12.29,28,22,3,6,19,3,2,2,1,2,1,2,78.87,0,1,0,2,1,1,0,1,6,3,50.0,20,11,13,2,15.38,0,1,5,2,40.0,0,5,0,1,10,2,0,4.61,5.72,4.06,5.93,5.04,5.04,0.449,2025-01-24T04:04:18.727363+00:00,272,Blue_Ridge_FC_20251208101535_272,1,5.04
Summit Peak FC,2984.5,842.226,28.22,60.45,186,135,19,51,130,11,0,6,5,17,17,29,72.6,2,5,2,12,4,8,0,13,12,8,66.67,7,2,7,2,28.57,1,2,25,12,48.0,15,10,1,3,5,1,0,5.41,5.19,5.24,4.56,6.35,5.29,0.477,2025-10-29T14:44:20.727363+00:00,373,Summit_Peak_FC_20251208101535_373,1,5.29
Highland Wanderers,1894.554,151.564,8.0,37.1,122,83,2,39,92,16,9,4,5,0,0,4,67.82,0,2,0,4,1,3,0,4,9,6,66.67,17,0,17,4,23.53,1,0,17,11,64.71,10,7,0,1,0,0,0,4.92,6.31,4.73,4.34,7.09,5.41,0.49,2025-07-02T02:26:17.727363+00:00,298,Highland_Wanderers_20251208101535_298,1,5.41
Summit Peak FC,3205.407,816.097,25.46,59.73,203,171,8,32,142,15,8,8,4,13,12,14,84.41,1,7,1,8,3,5,0,11,8,3,37.5,0,5,8,2,25.0,1,1,44,28,63.64,9,35,0,3,7,2,0,6.59,5.4,5.58,4.1,6.09,5.66,0.518,2025-07-14T14:18:35.727363+00:00,276,Summit_Peak_FC_20251208101535_276,1,5.66
Prime City Athletic,3147.798,691.256,21.96,61.68,271,176,28,95,204,47,6,5,0,7,3,22,64.94,1,2,1,10,3,7,1,11,6,3,50.0,7,8,8,2,25.0,2,2,33,14,42.42,13,20,2,2,2,0,0,6.15,4.96,5.72,3.16,6.97,5.39,0.488,2025-12-03T04:09:38.728363+00:00,169,Prime_City_Athletic_20251208101535_169,1,5.39
Hillcrest Athletic,4019.546,965.897,24.03,71.15,339,262,21,77,257,31,10,16,15,4,6,11,77.19,1,8,1,14,6,8,0,17,20,10,50.0,0,2,2,1,50.0,2,1,33,17,51.52,8,25,0,5,3,0,0,7.56,4.91,5.71,4.98,7.62,6.09,0.566,2025-06-24T05:59:51.728363+00:00,89,Hillcrest_Athletic_20251208101535_89,1,6.09
Brookside United,2708.608,869.192,32.09,48.94,203,157,19,46,154,40,15,0,1,0,0,15,77.22,1,6,1,7,2,5,1,8,7,4,57.14,11,3,16,4,25.0,1,2,12,5,41.67,2,10,1,2,1,2,0,5.9,5.27,4.67,4.28,5.59,5.22,0.469,2025-07-01T10:20:00.728363+00:00,87,Brookside_United_20251208101535_87,1,5.22
Eastview Rangers,3264.361,282.694,8.66,59.83,233,197,11,36,190,17,22,2,10,0,0,1,84.38,1,5,1,8,4,4,0,11,10,6,60.0,10,0,7,1,14.29,2,1,68,35,51.47,15,53,0,4,8,0,0,6.21,6.36,6.76,4.64,7.25,6.25,0.583,2025-11-09T20:35:33.728363+00:00,829,Eastview_Rangers_20251208101535_829,1,6.25
Valley Rovers,1908.318,620.013,32.49,37.01,192,157,14,35,158,15,0,3,1,6,8,27,81.61,1,6,1,5,2,3,0,5,10,6,60.0,14,9,20,4,20.0,5,0,15,8,53.33,5,10,0,2,6,0,0,6.31,6.41,5.69,4.42,8.39,6.16,0.573,2025-07-01T07:20:11.728363+00:00,66,Valley_Rovers_20251208101535_66,1,6.16
Evergreen Sporting,2166.866,331.747,15.31,40.02,111,94,7,17,76,15,10,3,0,5,2,4,84.35,0,3,0,3,1,2,0,3,12,7,58.33,10,12,10,2,20.0,3,0,32,21,65.62,12,20,0,3,9,1,0,4.23,5.45,4.77,4.97,7.48,5.11,0.457,2024-12-15T01:36:26.728363+00:00,623,Evergreen_Sporting_20251208101535_623,1,5.11
Metro FC,2728.5,390.994,14.33,52.88,193,136,22,57,130,18,10,9,6,12,8,22,70.3,1,4,1,10,5,5,1,11,14,6,42.86,9,4,14,2,14.29,1,2,33,14,42.42,9,24,0,6,1,0,0,6.87,4.57,5.42,3.91,7.77,5.61,0.512,2025-10-06T09:59:48.728363+00:00,458,Metro_FC_20251208101535_458,1,5.61
Prime City Athletic,3470.192,580.216,16.72,64.96,166,132,7,34,113,13,15,7,9,5,5,23,79.71,1,5,1,9,3,6,1,10,24,16,66.67,9,2,9,3,33.33,0,2,16,6,37.5,5,11,1,4,2,1,0,6.32,6.81,5.28,3.29,6.72,5.87,0.541,2025-04-24T19:17:06.728363+00:00,643,Prime_City_Athletic_20251208101535_643,1,5.87
Hillcrest Athletic,1956.196,360.723,18.44,39.6,137,84,12,53,106,21,6,7,2,0,0,10,61.61,1,5,1,8,3,5,1,9,8,4,50.0,19,6,20,6,30.0,3,1,12,7,58.33,5,7,0,3,0,0,0,5.01,4.99,4.87,3.95,7.61,5.09,0.454,2025-05-16T16:33:46.729363+00:00,509,Hillcrest_Athletic_20251208101535_509,1,5.09
Brookside United,2832.285,765.567,27.03,55.35,254,176,57,78,227,42,8,14,0,0,0,35,69.43,1,6,1,10,4,6,1,12,21,13,61.9,4,7,14,2,14.29,3,1,13,8,61.54,7,6,0,2,7,2,0,7.76,6.14,5.33,5.01,5.62,6.22,0.58,2025-08-26T05:37:47.729363+00:00,719,Brookside_United_20251208101535_719,1,6.22
Oldtown United,2705.469,501.323,18.53,53.85,175,144,17,31,138,18,8,0,0,5,5,11,82.34,1,2,1,9,4,5,1,10,14,9,64.29,6,6,9,1,11.11,2,0,19,11,57.89,5,14,0,3,9,1,0,6.62,5.42,5.99,4.04,6.66,5.8,0.533,2025-10-14T15:43:33.729363+00:00,101,Oldtown_United_20251208101535_101,1,5.8
Harborview United,3612.656,567.187,15.7,71.32,251,197,12,54,160,41,19,3,5,19,4,17,78.64,0,0,1,12,5,7,1,15,13,6,46.15,5,4,12,5,41.67,2,1,23,5,21.74,7,16,1,2,6,1,0,6.55,5.95,6.11,5.54,6.62,6.16,0.573,2025-01-09T07:25:18.729363+00:00,556,Harborview_United_20251208101535_556,1,6.16
Prime City Athletic,2846.594,464.564,16.32,51.98,208,151,24,57,149,9,1,12,0,25,12,11,72.42,1,6,1,4,2,2,0,5,10,5,50.0,9,1,0,0,0.0,2,0,35,17,48.57,21,14,0,2,14,3,0,7.04,5.8,4.89,4.43,5.08,5.7,0.522,2025-08-31T21:18:47.729363+00:00,589,Prime_City_Athletic_20251208101535_589,1,5.7
Lakeside Athletic,1968.893,304.982,15.49,36.45,141,94,15,47,107,15,10,4,3,1,1,13,66.68,0,6,0,4,2,2,0,4,7,4,57.14,12,3,13,1,7.69,2,2,24,18,75.0,12,12,0,0,11,1,0,6.26,6.18,5.07,3.46,6.21,5.6,0.511,2025-06-14T07:01:17.729363+00:00,831,Lakeside_Athletic_20251208101535_831,1,5.6
2 Worlds FC,2526.058,441.808,17.49,47.36,153,131,8,22,103,6,9,0,2,21,11,7,85.75,1,3,1,7,3,4,0,7,10,6,60.0,5,1,13,3,23.08,2,2,31,20,64.52,9,22,2,4,9,1,0,5.39,5.6,4.76,4.11,5.87,5.19,0.466,2025-11-05T07:29:05.729363+00:00,206,2_Worlds_FC_20251208101535_206,1,5.19
Grand Harbor FC,2703.346,426.588,15.78,48.65,101,72,11,29,68,9,6,6,1,3,8,9,71.45,1,3,1,4,1,3,0,3,11,5,45.45,6,10,13,4,30.77,0,0,20,10,50.0,6,14,1,1,4,0,0,6.02,5.47,5.21,5.06,7.7,5.74,0.527,2025-02-03T21:27:31.730366+00:00,35,Grand_Harbor_FC_20251208101535_35,1,5.74
Hillcrest Athletic,2469.955,793.35,32.12,47.71,156,126,7,30,121,13,7,5,5,3,1,10,80.5,1,4,1,7,2,5,1,6,5,3,60.0,15,6,12,1,8.33,2,1,25,12,48.0,4,21,0,3,6,1,0,7.04,6.28,6.13,4.82,7.47,6.38,0.598,2025-06-27T09:46:51.730366+00:00,271,Hillcrest_Athletic_20251208101535_271,1,6.38
Garden State FC,2309.18,398.795,17.27,42.67,155,119,13,36,126,17,4,9,3,0,0,18,76.53,0,5,0,4,2,2,0,6,11,6,54.55,11,11,20,7,35.0,2,3,0,0,83.5,1,-1,0,2,4,1,0,5.51,5.86,6.04,4.89,6.44,5.72,0.524,2025-12-07T07:00:36.730366+00:00,242,Garden_State_FC_20251208101535_242,1,5.72
Highland Wanderers,2972.318,949.061,31.93,59.65,206,170,10,36,130,27,9,8,5,22,5,13,82.53,1,4,1,6,2,4,0,6,10,8,80.0,10,10,5,1,20.0,0,0,51,30,58.82,17,34,0,0,4,0,0,6.17,5.86,5.33,5.45,7.25,5.92,0.547,2025-02-04T16:45:09.730366+00:00,672,Highland_Wanderers_20251208101535_672,1,5.92
Pioneer Ville FC,2090.414,748.786,35.82,38.99,128,98,12,30,97,9,8,4,5,3,3,12,76.61,0,2,0,6,2,4,0,6,3,2,66.67,15,6,21,5,23.81,2,2,29,15,51.72,15,14,2,2,6,0,0,4.2,5.98,6.1,5.17,8.14,5.61,0.512,2025-01-09T14:10:37.730366+00:00,227,Pioneer_Ville_FC_20251208101535_227,1,5.61
Hillcrest Athletic,2576.253,517.827,20.1,46.22,200,183,11,17,125,20,9,13,2,13,17,13,91.37,0,3,0,4,2,2,0,3,4,2,50.0,7,4,13,3,23.08,1,1,13,9,69.23,5,8,0,0,12,1,0,5.06,7.21,6.03,4.82,6.79,6.0,0.556,2025-10-20T18:31:30.730366+00:00,901,Hillcrest_Athletic_20251208101535_901,1,6.0
Redwood Borough,1872.445,468.111,25.0,37.45,138,123,5,15,102,13,15,3,1,1,2,14,88.81,1,1,1,5,2,3,0,7,6,3,50.0,18,6,0,0,0.0,2,1,23,14,60.87,5,18,0,0,6,0,0,5.51,6.49,5.41,4.34,7.53,5.8,0.533,2025-04-14T16:29:37.730366+00:00,669,Redwood_Borough_20251208101535_669,1,5.8
Frontier Rovers,1497.945,353.215,23.58,29.02,99,80,7,19,67,11,4,5,4,2,7,10,81.0,0,1,0,3,1,2,0,3,11,5,45.45,0,6,26,5,19.23,2,0,16,7,43.75,7,9,0,2,16,2,0,4.87,5.97,5.0,4.65,6.13,5.3,0.478,2025-05-13T20:36:14.730366+00:00,778,Frontier_Rovers_20251208101535_778,1,5.3
Garden State FC,2347.142,679.263,28.94,43.06,184,136,20,48,115,25,9,4,0,17,14,9,73.71,1,3,1,5,2,3,0,4,7,3,42.86,10,5,14,4,28.57,2,3,10,3,30.0,2,8,0,0,7,0,0,6.0,5.84,5.38,3.56,7.67,5.66,0.518,2024-12-14T13:52:02.731363+00:00,570,Garden_State_FC_20251208101535_570,1,5.66
Lakeside Athletic,2047.667,383.528,18.73,37.55,108,88,4,20,69,13,4,2,2,10,8,10,81.5,1,3,1,5,3,2,0,4,6,3,50.0,7,7,16,3,18.75,1,2,18,9,50.0,7,11,1,2,9,1,0,5.31,5.27,4.94,4.95,6.25,5.27,0.474,2024-12-16T03:54:55.731363+00:00,321,Lakeside_Athletic_20251208101535_321,1,5.27
Frontier Rovers,3452.034,1148.837,33.28,62.44,173,124,17,49,110,16,19,6,6,6,9,17,71.63,1,6,1,7,1,6,0,8,19,11,57.89,0,4,2,1,50.0,0,0,27,16,59.26,7,20,0,2,5,1,0,5.88,5.69,4.76,4.21,7.19,5.5,0.5,2025-04-17T12:26:02.731363+00:00,471,Frontier_Rovers_20251208101535_471,1,5.5
Metro FC,1660.417,308.838,18.6,32.51,143,113,9,30,93,20,15,9,3,1,1,12,79.37,0,2,0,4,1,3,0,4,7,3,42.86,5,3,11,1,9.09,3,1,27,20,74.07,11,16,1,2,11,2,0,6.51,4.41,5.59,5.38,5.34,5.46,0.496,2025-09-23T01:58:18.731363+00:00,271,Metro_FC_20251208101535_271,1,5.46
Southgate United,2805.39,767.555,27.36,56.34,256,171,19,85,179,28,15,14,4,7,10,21,66.75,1,6,1,6,2,4,0,8,16,9,56.25,9,0,14,4,28.57,1,1,5,2,40.0,2,3,0,2,4,0,0,5.42,5.71,6.39,4.16,7.46,5.72,0.524,2025-07-07T00:53:23.731363+00:00,507,Southgate_United_20251208101535_507,1,5.72
Garden State FC,3377.498,829.514,24.56,67.64,224,198,7,26,183,12,5,3,1,9,12,25,88.45,1,9,1,5,1,4,0,6,15,10,66.67,16,7,1,0,0.0,1,0,53,31,58.49,21,32,0,1,7,0,0,6.12,5.34,5.35,4.14,7.86,5.64,0.516,2025-02-13T15:22:14.731363+00:00,135,Garden_State_FC_20251208101535_135,1,5.64
Garden State FC,2455.742,547.63,22.3,44.7,139,107,3,32,101,18,12,4,0,2,2,15,76.87,1,2,1,6,2,4,0,6,8,6,75.0,8,8,6,1,16.67,2,1,37,25,67.57,12,25,0,2,11,1,0,6.04,6.14,5.48,5.08,5.88,5.81,0.534,2025-08-04T17:59:57.731363+00:00,927,Garden_State_FC_20251208101535_927,1,5.81
Northbridge FC,2995.326,877.631,29.3,60.78,165,129,15,36,117,8,11,3,6,7,14,15,78.06,1,1,1,9,3,6,0,12,5,4,80.0,10,9,7,1,14.29,1,0,18,9,50.0,8,10,0,5,5,1,0,6.74,5.65,5.35,4.47,6.93,5.86,0.54,2025-03-09T16:47:25.732363+00:00,56,Northbridge_FC_20251208101535_56,1,5.86
Valley Rovers,2483.712,702.145,28.27,45.56,183,130,30,53,128,17,13,2,4,9,11,15,71.26,1,2,1,9,3,6,1,12,11,5,45.45,15,4,19,4,21.05,3,0,23,14,60.87,3,20,1,5,5,0,0,5.26,6.21,5.06,5.19,7.96,5.75,0.528,2025-02-16T14:37:02.732363+00:00,799,Valley_Rovers_20251208101535_799,1,5.75
Grand Harbor FC,2103.502,502.106,23.87,37.46,150,129,8,21,117,9,10,3,4,4,4,13,85.75,1,4,1,7,3,4,0,9,0,0,11.26,13,5,12,3,25.0,1,2,24,15,62.5,12,12,1,3,6,0,0,5.86,4.9,5.39,4.55,7.25,5.45,0.494,2025-11-30T05:28:56.732363+00:00,216,Grand_Harbor_FC_20251208101535_216,1,5.45
Southgate United,3972.519,1522.667,38.33,72.33,238,180,4,58,198,27,8,4,0,1,1,33,75.48,1,6,1,9,3,6,1,7,30,17,56.67,6,1,6,2,33.33,0,0,24,10,41.67,7,17,1,4,6,2,0,5.64,5.5,5.79,4.37,5.56,5.45,0.494,2025-05-26T14:39:48.732363+00:00,657,Southgate_United_20251208101535_657,1,5.45
Redwood Borough,2335.821,298.752,12.79,44.6,121,101,7,20,100,16,6,1,3,0,0,14,83.52,1,4,1,5,2,3,0,6,17,11,64.71,16,7,9,1,11.11,2,2,4,2,50.0,2,2,0,1,4,0,0,5.97,5.58,5.55,5.14,7.73,5.84,0.538,2025-01-23T04:47:43.732363+00:00,266,Redwood_Borough_20251208101535_266,1,5.84
Southgate United,3090.811,669.47,21.66,54.22,206,184,6,22,166,8,23,7,0,1,1,14,89.44,1,2,1,9,3,6,1,6,6,5,83.33,9,3,7,2,28.57,0,1,30,14,46.67,3,27,1,2,5,0,0,5.92,6.3,5.29,5.15,6.9,5.89,0.543,2025-08-26T09:10:40.732363+00:00,487,Southgate_United_20251208101535_487,1,5.89
Union Crest United,1577.916,322.999,20.47,29.51,92,65,7,27,71,9,6,3,1,1,1,12,71.11,0,2,0,4,1,3,0,5,7,4,57.14,14,12,27,10,37.04,1,0,25,14,56.0,5,20,1,1,8,1,0,5.44,6.27,4.6,4.84,7.67,5.64,0.516,2025-03-07T04:33:24.732363+00:00,505,Union_Crest_United_20251208101535_505,1,5.64
Evergreen Sporting,3236.558,881.315,27.23,59.7,217,184,17,33,139,8,16,4,5,22,24,21,84.82,2,6,2,11,5,6,1,10,7,5,71.43,6,8,12,4,33.33,2,2,55,15,27.27,2,53,0,4,6,0,0,6.31,5.05,5.57,4.67,7.15,5.66,0.518,2025-02-20T00:42:26.733363+00:00,781,Evergreen_Sporting_20251208101535_781,1,5.66
City United,3513.99,636.384,18.11,63.76,228,187,6,41,153,20,11,18,12,9,6,15,81.98,2,3,2,10,3,7,0,15,11,5,45.45,8,5,1,0,0.0,2,0,26,11,42.31,8,18,2,1,2,0,0,7.3,5.07,5.6,4.43,7.7,5.97,0.552,2025-05-02T17:10:08.733363+00:00,383,City_United_20251208101535_383,1,5.97
Garden State FC,2874.609,390.947,13.6,56.75,191,134,24,57,135,26,8,8,5,6,4,16,69.95,1,4,1,8,3,5,0,5,12,5,41.67,4,3,9,3,33.33,1,2,20,12,60.0,5,15,0,4,9,0,0,6.29,5.95,4.9,4.23,7.44,5.74,0.527,2025-01-15T00:22:57.733363+00:00,153,Garden_State_FC_20251208101535_153,1,5.74
Frontier Rovers,3087.526,392.425,12.71,55.3,198,120,41,78,163,31,10,10,9,0,0,18,60.75,1,3,1,8,3,5,1,12,20,11,55.0,4,1,8,2,25.0,1,0,25,17,68.0,14,11,3,3,0,0,0,6.38,5.55,5.6,4.05,7.05,5.73,0.526,2025-10-16T03:43:22.733363+00:00,184,Frontier_Rovers_20251208101535_184,1,5.73
Silverlake City,1008.123,114.019,11.31,20.56,45,42,1,3,33,3,2,2,0,1,3,0,92.84,0,1,0,2,1,1,0,2,3,1,33.33,14,5,6,1,16.67,3,0,5,3,60.0,1,4,1,0,11,1,0,4.75,4.67,5.34,3.54,6.45,4.85,0.428,2025-09-01T22:53:53.733363+00:00,344,Silverlake_City_20251208101535_344,1,4.85
Union Crest United,2276.901,635.483,27.91,41.32,103,83,2,20,82,5,2,8,6,0,0,6,80.18,1,1,1,7,3,4,0,9,5,2,40.0,1,5,24,10,41.67,2,0,18,9,50.0,6,12,1,0,14,0,0,6.54,4.76,5.02,5.59,7.69,5.72,0.524,2025-06-19T22:17:00.733363+00:00,811,Union_Crest_United_20251208101535_811,1,5.72
Union Crest United,2293.954,603.539,26.31,43.24,198,170,15,28,149,10,6,4,6,8,15,25,85.81,1,6,1,7,3,4,1,8,15,6,40.0,13,11,15,6,40.0,2,1,44,24,54.55,12,32,0,3,4,2,0,6.15,5.39,5.66,4.03,5.26,5.45,0.494,2025-11-02T20:00:23.733363+00:00,216,Union_Crest_United_20251208101535_216,1,5.45
Northbridge FC,1886.715,421.492,22.34,36.16,169,115,16,54,113,13,9,2,3,10,18,17,67.76,0,4,0,6,2,4,1,4,1,0,0.0,11,0,9,2,22.22,1,0,19,10,52.63,5,14,0,0,12,1,0,5.8,5.53,4.79,4.46,7.48,5.5,0.5,2025-07-25T13:20:33.733363+00:00,977,Northbridge_FC_20251208101535_977,1,5.5
Valley Rovers,2665.849,854.671,32.06,48.45,189,135,15,54,128,36,3,7,11,2,2,11,71.26,1,1,1,9,4,5,1,10,12,8,66.67,11,6,5,1,20.0,3,0,32,22,68.75,5,27,0,4,6,0,0,6.01,6.63,5.03,5.5,6.53,5.97,0.552,2025-08-19T21:09:30.734363+00:00,500,Valley_Rovers_20251208101535_500,1,5.97
Stormhold FC,1902.522,596.06,31.33,39.03,166,136,14,30,111,9,18,9,0,6,12,16,82.02,0,3,0,4,2,2,0,5,14,9,64.29,8,6,13,5,38.46,2,0,32,19,59.38,10,22,0,0,4,0,0,6.41,5.67,5.79,4.51,7.45,5.92,0.547,2025-09-27T06:38:37.734363+00:00,944,Stormhold_FC_20251208101535_944,1,5.92
San Beda University,2869.828,327.447,11.41,56.19,175,129,21,46,131,24,5,2,3,6,5,23,73.58,1,5,1,7,2,5,1,9,16,10,62.5,4,13,11,2,18.18,2,0,19,6,31.58,2,17,2,5,8,1,0,5.63,5.91,4.42,4.0,7.02,5.38,0.487,2025-09-02T13:48:53.734363+00:00,35,San_Beda_University_20251208101535_35,1,5.38
Frontier Rovers,3396.245,376.983,11.1,68.87,233,176,15,57,187,27,18,8,5,0,0,27,75.34,1,5,1,9,4,5,1,8,15,11,73.33,2,7,10,2,20.0,0,2,42,23,54.76,21,21,1,0,4,0,0,6.52,4.26,5.31,4.77,7.79,5.53,0.503,2025-11-09T12:20:00.734363+00:00,683,Frontier_Rovers_20251208101535_683,1,5.53
Hillcrest Athletic,2411.212,721.435,29.92,47.14,138,108,8,30,96,12,6,10,4,5,6,10,78.21,0,2,0,9,4,5,0,10,14,6,42.86,2,6,9,1,11.11,1,2,17,7,41.18,3,14,2,4,10,2,0,5.27,5.53,4.72,3.41,5.97,5.04,0.449,2025-07-10T22:54:38.734363+00:00,758,Hillcrest_Athletic_20251208101535_758,1,5.04
Northbridge FC,2748.371,833.581,30.33,56.32,163,119,14,44,104,24,10,2,2,15,5,13,72.78,1,6,1,7,3,4,0,9,3,2,66.67,9,6,13,3,23.08,1,1,28,15,53.57,9,19,0,1,5,0,0,6.14,4.59,5.33,4.6,7.68,5.48,0.498,2025-08-27T11:15:36.734363+00:00,596,Northbridge_FC_20251208101535_596,1,5.48
Crestfall Town,3622.947,495.257,13.67,68.65,298,254,15,44,230,40,13,2,4,2,7,30,85.17,1,6,1,11,3,8,1,7,1,0,0.0,5,5,7,1,14.29,1,2,44,25,56.82,14,30,0,2,2,1,0,6.59,5.81,5.96,3.9,6.9,5.9,0.544,2025-04-16T22:51:18.734363+00:00,935,Crestfall_Town_20251208101535_935,1,5.9
2 Worlds FC,2501.228,606.048,24.23,45.65,184,140,11,44,134,16,18,3,2,4,6,2,75.99,1,1,1,6,3,3,1,6,8,5,62.5,9,7,14,4,28.57,1,2,36,23,63.89,19,17,0,3,2,1,0,6.5,6.24,5.69,4.61,6.91,6.04,0.56,2025-06-21T04:43:10.735363+00:00,325,2_Worlds_FC_20251208101535_325,1,6.04
Grand Harbor FC,2701.434,954.146,35.32,50.62,277,205,25,72,216,24,23,8,5,0,0,28,73.99,1,5,1,10,3,7,1,10,9,6,66.67,16,7,7,1,14.29,3,0,16,11,68.75,6,10,1,4,6,2,0,7.21,5.49,5.27,4.8,5.68,5.85,0.539,2025-11-04T07:40:11.735363+00:00,898,Grand_Harbor_FC_20251208101535_898,1,5.85
Blue Ridge FC,1629.489,537.405,32.98,31.02,116,104,5,12,72,10,8,2,2,7,15,7,89.34,1,4,1,5,2,3,0,5,4,2,50.0,17,11,15,3,20.0,1,0,20,10,50.0,11,9,1,2,5,0,0,5.74,5.66,5.85,4.14,7.4,5.68,0.52,2025-08-10T11:50:41.735363+00:00,709,Blue_Ridge_FC_20251208101535_709,1,5.68
Goldenfield Rovers,3272.509,808.31,24.7,60.36,157,117,18,40,90,8,10,5,10,12,22,6,74.56,1,3,1,9,4,5,0,4,13,8,61.54,0,6,10,1,10.0,0,0,42,19,45.24,20,22,0,2,4,0,0,5.92,4.38,5.66,4.95,7.45,5.45,0.494,2025-05-10T02:39:54.735363+00:00,567,Goldenfield_Rovers_20251208101535_567,1,5.45
Summit Peak FC,2770.367,948.574,34.24,55.98,147,117,11,30,112,20,7,2,2,3,1,8,79.55,0,0,1,9,4,5,0,9,16,7,43.75,9,0,15,6,40.0,3,0,29,17,58.62,7,22,2,3,3,1,0,5.27,6.62,5.18,5.49,6.88,5.82,0.536,2025-03-30T16:22:50.735363+00:00,303,Summit_Peak_FC_20251208101535_303,1,5.82
Riverstone FC,2143.729,551.796,25.74,42.87,111,92,6,19,71,21,5,5,3,2,4,7,82.46,0,3,0,6,2,4,0,9,18,11,61.11,7,8,12,4,33.33,3,1,11,7,63.64,3,8,2,1,9,0,0,6.24,6.21,5.77,3.22,7.29,5.82,0.536,2024-12-18T06:06:05.735363+00:00,144,Riverstone_FC_20251208101535_144,1,5.82
Redwood Borough,2419.708,401.672,16.6,43.58,144,102,21,42,110,19,2,4,2,4,3,17,71.14,1,4,1,7,2,5,0,6,12,8,66.67,12,7,6,2,33.33,1,0,15,9,60.0,4,11,2,2,13,2,0,5.86,6.19,5.15,3.92,5.64,5.52,0.502,2025-06-11T06:46:40.735363+00:00,727,Redwood_Borough_20251208101535_727,1,5.52
Eastview Rangers,3655.511,388.581,10.63,63.89,236,183,25,53,158,22,11,5,7,19,13,26,77.46,1,9,1,11,5,6,1,16,22,15,68.18,10,7,2,0,0.0,0,1,17,8,47.06,9,8,1,2,2,1,0,7.13,6.94,5.65,4.15,6.77,6.33,0.592,2025-05-26T16:34:26.735363+00:00,951,Eastview_Rangers_20251208101535_951,1,6.33
Dominion Athletic,1959.883,600.116,30.62,35.44,118,87,7,31,76,4,8,5,0,6,19,17,74.09,1,4,1,4,1,3,0,5,6,3,50.0,7,0,12,5,41.67,1,0,17,10,58.82,7,10,0,0,5,0,0,4.86,4.5,3.76,4.96,8.06,4.87,0.43,2025-03-24T17:15:33.736363+00:00,864,Dominion_Athletic_20251208101535_864,1,4.87
Metro FC,2163.851,506.774,23.42,43.64,168,121,14,47,112,19,4,4,8,4,17,7,71.85,1,4,1,7,2,5,0,6,9,6,66.67,12,10,9,2,22.22,2,2,12,4,33.33,4,8,0,1,1,0,0,5.75,5.29,5.12,4.12,7.24,5.42,0.491,2025-10-24T13:59:45.736363+00:00,731,Metro_FC_20251208101535_731,1,5.42
Frontier Rovers,3371.176,795.26,23.59,60.09,241,165,23,76,205,28,26,0,0,0,0,13,68.41,0,5,0,3,1,2,0,3,22,14,63.64,1,6,7,2,28.57,2,0,16,10,62.5,5,11,0,1,6,0,0,4.83,5.02,5.23,5.27,7.41,5.28,0.476,2025-04-03T19:45:16.736363+00:00,120,Frontier_Rovers_20251208101535_120,1,5.28
Lakeside Athletic,3537.053,136.177,3.85,64.54,336,229,26,107,229,25,47,14,9,4,6,25,68.23,1,9,1,9,3,6,0,11,33,19,57.58,8,4,15,1,6.67,1,0,0,0,58.15,0,0,2,1,4,0,0,6.62,6.26,6.39,3.92,7.37,6.17,0.574,2025-10-09T00:32:30.736363+00:00,551,Lakeside_Athletic_20251208101535_551,1,6.17
Twin Oak Rangers,2220.106,352.553,15.88,38.88,123,91,15,32,82,9,10,4,0,9,9,14,73.67,1,3,1,6,2,4,0,8,8,4,50.0,3,1,17,3,17.65,2,3,23,16,69.57,4,19,0,2,4,1,0,7.65,5.93,4.96,3.77,6.55,5.98,0.553,2025-03-10T02:59:21.736363+00:00,588,Twin_Oak_Rangers_20251208101535_588,1,5.98
Garden State FC,1383.014,248.804,17.99,26.03,66,54,5,12,49,4,7,3,1,1,1,6,81.91,0,2,0,3,1,2,0,4,3,2,66.67,12,9,10,1,10.0,1,0,13,7,53.85,3,10,2,2,11,0,0,4.2,4.45,5.39,4.13,7.97,4.88,0.431,2025-02-23T02:26:07.736363+00:00,755,Garden_State_FC_20251208101535_755,1,4.88
Pioneer Ville FC,3474.426,897.444,25.83,69.34,301,200,50,101,232,17,21,7,0,11,13,23,66.58,1,9,1,10,3,7,0,12,3,2,66.67,5,6,7,2,28.57,0,3,15,7,46.67,1,14,3,5,7,1,0,6.85,4.35,6.75,3.84,6.24,5.65,0.517,2025-09-23T18:30:28.736363+00:00,741,Pioneer_Ville_FC_20251208101535_741,1,5.65
Royal Haven FC,1947.606,201.772,10.36,39.46,118,116,1,2,79,12,8,4,5,2,9,12,98.1,0,2,0,4,2,2,0,4,12,7,58.33,10,6,8,2,25.0,2,1,30,14,46.67,7,23,0,3,6,1,0,6.5,5.05,4.9,3.3,6.18,5.29,0.477,2025-06-15T15:13:54.737364+00:00,230,Royal_Haven_FC_20251208101535_230,1,5.29
Dominion Athletic,2252.288,415.547,18.45,45.82,121,89,17,32,71,9,3,0,1,17,20,9,73.35,0,3,0,4,2,2,0,5,4,2,50.0,10,7,15,3,20.0,2,0,27,13,48.15,10,17,0,1,4,0,0,5.38,5.63,4.84,4.86,7.38,5.47,0.497,2025-11-09T12:18:20.737364+00:00,216,Dominion_Athletic_20251208101535_216,1,5.47
Riverside FC,2261.868,827.391,36.58,43.17,201,154,19,47,146,19,4,0,1,17,14,14,76.63,0,6,0,4,1,3,0,4,6,4,66.67,12,11,21,4,19.05,4,0,25,8,32.0,11,14,0,1,6,0,0,5.53,5.13,5.17,3.73,7.82,5.32,0.48,2025-11-27T23:17:12.737364+00:00,384,Riverside_FC_20251208101535_384,1,5.32
Southgate United,2199.574,396.803,18.04,40.19,137,128,3,9,122,22,6,5,7,0,0,18,93.49,1,4,1,5,2,3,0,4,16,12,75.0,19,3,0,0,0.0,1,3,14,7,50.0,6,8,0,1,5,1,0,5.63,5.95,5.31,4.07,6.56,5.53,0.503,2025-07-16T16:48:24.737364+00:00,787,Southgate_United_20251208101535_787,1,5.53
Crown City FC,3500.112,471.815,13.48,71.74,199,164,14,35,139,27,7,10,11,2,3,15,82.6,1,4,1,10,5,5,1,12,15,10,66.67,7,5,11,3,27.27,3,1,9,5,55.56,2,7,0,1,7,3,0,5.35,5.7,5.18,5.53,4.78,5.38,0.487,2025-07-26T06:46:27.737364+00:00,860,Crown_City_FC_20251208101535_860,1,5.38
Twin Oak Rangers,2339.6,673.103,28.77,45.86,148,124,8,24,122,10,4,2,4,3,2,9,84.09,1,3,1,4,1,3,0,5,11,6,54.55,4,0,6,2,33.33,1,0,21,8,38.1,11,10,0,2,3,1,0,5.63,4.53,4.68,3.84,7.17,5.04,0.449,2025-08-02T01:30:51.737364+00:00,103,Twin_Oak_Rangers_20251208101535_103,1,5.04
Garden State FC,2322.986,537.074,23.12,46.19,199,142,28,57,142,23,17,6,0,4,8,28,71.26,1,6,1,8,2,6,1,9,15,10,66.67,3,8,9,2,22.22,2,0,21,8,38.1,8,13,1,0,13,2,0,6.44,5.99,6.01,5.01,5.81,5.96,0.551,2025-03-24T02:02:17.737364+00:00,958,Garden_State_FC_20251208101535_958,1,5.96
Summit Peak FC,4004.493,901.812,22.52,72.27,240,170,25,70,167,21,23,9,4,3,13,26,70.73,2,6,2,15,6,9,0,18,25,10,40.0,6,2,11,4,36.36,3,5,21,13,61.9,0,21,3,10,5,0,0,7.13,4.73,5.83,4.52,7.6,5.88,0.542,2025-08-13T21:44:52.737364+00:00,19,Summit_Peak_FC_20251208101535_19,1,5.88
City United,2256.959,621.341,27.53,46.07,173,134,16,39,122,13,3,2,7,17,10,13,77.68,1,3,1,6,2,4,0,6,10,5,50.0,5,11,5,1,20.0,3,3,19,12,63.16,2,17,0,3,12,0,0,6.36,5.05,5.71,4.59,7.32,5.71,0.523,2025-06-13T20:50:09.738368+00:00,655,City_United_20251208101535_655,1,5.71
Lakeside Athletic,3325.058,691.945,20.81,61.33,251,206,21,45,161,38,12,4,4,18,14,19,82.09,1,5,1,7,2,5,0,6,0,0,61.96,9,6,7,3,42.86,2,1,30,15,50.0,7,23,1,2,5,0,0,7.25,5.05,5.69,5.24,6.8,6.0,0.556,2025-07-31T15:50:19.738368+00:00,856,Lakeside_Athletic_20251208101535_856,1,6.0
Crestfall Town,2786.906,430.02,15.43,49.14,188,144,9,44,134,31,22,0,4,0,0,0,76.33,1,3,1,6,2,4,0,6,18,8,44.44,1,5,1,0,0.0,2,1,35,16,45.71,13,22,0,2,3,0,0,4.94,5.8,4.51,3.8,8.45,5.29,0.477,2025-09-14T02:59:59.738368+00:00,758,Crestfall_Town_20251208101535_758,1,5.29
Blue Ridge FC,3300.077,729.977,22.12,59.78,172,115,17,57,134,20,7,8,3,0,0,19,66.79,1,3,1,8,4,4,1,9,13,6,46.15,3,4,1,0,0.0,0,2,21,11,52.38,7,14,2,3,0,1,0,6.28,5.3,4.79,5.16,5.95,5.52,0.502,2025-11-05T02:54:35.738368+00:00,229,Blue_Ridge_FC_20251208101535_229,1,5.52
Northbridge FC,2853.311,394.898,13.84,50.74,123,112,3,11,94,14,6,5,2,0,1,14,90.67,2,3,2,10,4,6,0,10,16,8,50.0,15,5,11,3,27.27,1,2,43,13,30.23,0,43,2,6,5,0,0,6.05,5.81,4.71,4.49,7.54,5.65,0.517,2025-04-23T00:08:04.738368+00:00,304,Northbridge_FC_20251208101535_304,1,5.65
Hillcrest Athletic,1209.845,203.496,16.82,23.04,102,87,2,15,66,0,0,5,2,14,15,11,85.47,0,3,0,2,1,1,0,3,6,4,66.67,15,13,8,2,25.0,3,0,11,4,36.36,4,7,0,1,10,0,0,5.6,5.95,4.64,3.94,7.0,5.41,0.49,2025-05-19T19:56:04.738368+00:00,674,Hillcrest_Athletic_20251208101535_674,1,5.41
Pioneer Ville FC,2443.528,634.34,25.96,46.94,138,90,20,48,110,23,1,1,3,0,0,12,65.12,1,4,1,10,3,7,0,9,5,3,60.0,11,4,3,1,33.33,2,1,11,6,54.55,2,9,2,4,3,0,0,5.47,6.07,5.12,4.56,7.14,5.61,0.512,2025-04-28T02:17:39.738368+00:00,234,Pioneer_Ville_FC_20251208101535_234,1,5.61
Eastview Rangers,2183.572,405.708,18.58,43.82,95,81,5,14,55,15,4,3,0,4,14,8,84.81,0,3,0,6,3,3,1,6,9,4,44.44,13,11,21,5,23.81,3,1,21,12,57.14,2,19,0,3,6,0,0,6.55,5.74,4.99,3.61,7.5,5.69,0.521,2025-01-01T11:25:16.739363+00:00,812,Eastview_Rangers_20251208101535_812,1,5.69
Stormhold FC,1742.658,478.36,27.45,35.39,95,75,7,20,71,8,3,4,4,2,2,5,78.85,0,1,0,4,2,2,0,5,8,4,50.0,2,19,19,5,26.32,1,0,2,1,50.0,0,2,1,0,16,1,0,5.97,6.53,4.23,3.91,6.51,5.54,0.504,2025-04-24T13:22:53.739363+00:00,885,Stormhold_FC_20251208101535_885,1,5.54
Highland Wanderers,2486.188,742.127,29.85,47.81,140,100,18,40,82,13,2,5,1,13,23,14,71.3,1,3,1,6,2,4,0,5,9,6,66.67,15,7,4,1,25.0,2,0,22,11,50.0,11,11,0,0,1,0,0,5.87,5.81,4.21,4.2,7.31,5.43,0.492,2025-03-19T03:55:06.739363+00:00,584,Highland_Wanderers_20251208101535_584,1,5.43
Stormhold FC,2371.359,332.939,14.04,46.63,165,154,1,11,147,17,6,4,5,0,0,9,93.47,1,2,1,8,3,5,1,8,12,8,66.67,19,6,10,3,30.0,2,1,15,10,66.67,4,11,1,2,5,0,0,6.12,5.56,5.44,4.68,7.09,5.72,0.524,2025-07-10T04:09:43.739363+00:00,425,Stormhold_FC_20251208101535_425,1,5.72
Garden State FC,2532.418,97.751,3.86,45.35,164,146,7,18,112,11,0,11,4,10,16,20,89.29,1,7,1,4,2,2,0,5,12,7,58.33,15,0,11,3,27.27,2,0,28,13,46.43,9,19,0,2,8,0,0,6.05,5.79,5.8,5.35,7.55,5.98,0.553,2025-08-02T18:36:03.739363+00:00,215,Garden_State_FC_20251208101535_215,1,5.98
Crestfall Town,2976.305,863.426,29.01,59.79,199,177,11,22,157,21,12,9,1,0,0,20,88.96,1,6,1,11,5,6,1,16,16,10,62.5,9,3,7,2,28.57,1,1,37,17,45.95,8,29,1,5,3,2,0,6.54,6.67,5.85,4.01,4.96,5.93,0.548,2025-09-21T08:05:52.739363+00:00,792,Crestfall_Town_20251208101535_792,1,5.93
Westwood Athletic,4136.438,859.965,20.79,73.38,322,216,42,106,233,33,22,4,6,6,18,23,67.0,0,6,0,2,0,2,0,3,14,8,57.14,4,3,8,1,12.5,1,1,0,0,73.03,2,-2,1,0,0,0,0,5.32,5.72,5.55,3.78,7.15,5.45,0.494,2025-04-04T11:45:47.739363+00:00,729,Westwood_Athletic_20251208101535_729,1,5.45
City United,3106.999,1029.349,33.13,56.47,210,147,27,63,119,20,5,12,4,27,22,22,70.04,1,5,1,8,3,5,0,9,16,8,50.0,12,7,9,2,22.22,3,0,40,30,75.0,7,33,1,2,7,1,0,6.17,7.13,5.5,4.81,6.4,6.14,0.571,2025-05-23T20:59:50.740363+00:00,345,City_United_20251208101535_345,1,6.14
Union Crest United,1644.912,433.434,26.35,32.83,106,76,12,30,87,5,5,3,3,2,1,14,71.59,0,4,0,2,1,1,0,2,10,5,50.0,16,9,17,4,23.53,3,0,21,10,47.62,1,20,0,1,9,1,0,5.49,6.05,4.91,4.69,5.73,5.44,0.493,2025-03-17T00:23:49.740363+00:00,385,Union_Crest_United_20251208101535_385,1,5.44
Valley Rovers,1874.652,467.163,24.92,36.8,108,65,23,43,70,11,13,8,3,2,2,6,59.82,0,1,0,3,1,2,0,5,6,3,50.0,10,8,15,4,26.67,2,2,20,11,55.0,5,15,0,0,13,1,0,5.33,5.25,4.9,4.51,6.57,5.23,0.47,2025-02-17T20:49:10.740363+00:00,877,Valley_Rovers_20251208101535_877,1,5.23
Valley Rovers,2939.992,593.584,20.19,56.09,177,148,14,29,115,10,14,5,7,15,10,7,83.76,1,1,1,9,5,4,0,15,17,10,58.82,7,5,9,3,33.33,1,1,18,13,72.22,6,12,1,2,2,0,0,6.46,6.64,4.98,3.71,7.59,5.94,0.549,2025-06-18T11:55:39.740363+00:00,630,Valley_Rovers_20251208101535_630,1,5.94
Garden State FC,2851.354,737.36,25.86,57.51,202,150,15,52,157,28,11,5,3,0,0,5,74.01,0,2,0,6,2,4,0,7,10,7,70.0,5,5,1,0,0.0,3,0,23,10,43.48,5,18,0,1,2,0,0,4.73,6.21,4.98,3.21,7.39,5.25,0.472,2025-12-07T19:51:23.740363+00:00,773,Garden_State_FC_20251208101535_773,1,5.25
City United,3278.153,189.149,5.77,59.16,160,155,2,5,110,14,12,4,2,5,13,9,96.74,1,3,1,9,3,6,0,10,16,10,62.5,11,6,17,4,23.53,0,1,22,12,54.55,6,16,2,3,4,1,0,5.49,5.45,5.67,4.65,6.9,5.54,0.504,2024-12-13T21:14:39.740363+00:00,150,City_United_20251208101535_150,1,5.54
Blue Ridge FC,1689.212,283.957,16.81,30.57,97,73,11,24,69,11,6,4,3,2,2,9,74.76,1,2,1,3,1,2,0,3,4,2,50.0,12,7,11,2,18.18,0,0,16,5,31.25,5,11,1,0,14,1,0,6.42,4.82,4.64,3.56,6.86,5.26,0.473,2025-03-31T03:59:59.740363+00:00,776,Blue_Ridge_FC_20251208101535_776,1,5.26
Metro FC,2472.122,232.627,9.41,50.51,116,87,5,29,82,11,6,5,4,2,4,13,74.81,1,3,1,9,2,7,1,8,8,4,50.0,8,8,12,4,33.33,1,1,18,11,61.11,10,8,0,4,1,0,0,6.34,6.21,5.39,4.21,7.47,5.93,0.548,2025-03-23T21:20:48.740363+00:00,316,Metro_FC_20251208101535_316,1,5.93
Westwood Athletic,3754.868,398.016,10.6,69.15,302,230,22,72,259,23,22,11,12,0,0,27,76.05,1,4,1,9,3,6,0,9,16,11,68.75,4,2,9,3,33.33,0,1,43,22,51.16,16,27,0,4,6,0,0,5.62,4.05,4.95,4.68,7.5,5.1,0.456,2025-02-09T04:15:50.741363+00:00,88,Westwood_Athletic_20251208101535_88,1,5.1
Southgate United,2813.413,642.302,22.83,57.01,240,225,3,15,173,9,11,4,1,13,28,29,93.88,1,7,1,7,3,4,1,6,11,9,81.82,4,6,7,2,28.57,2,0,46,28,60.87,11,35,1,2,9,2,0,6.35,5.94,6.55,4.96,5.78,6.02,0.558,2025-10-13T23:45:05.741363+00:00,665,Southgate_United_20251208101535_665,1,6.02
Northbridge FC,2266.73,357.01,15.75,45.39,183,123,22,60,131,24,18,6,1,1,1,27,67.41,1,2,1,6,3,3,0,7,4,2,50.0,5,7,10,1,10.0,0,2,17,9,52.94,3,14,0,3,5,1,0,5.22,4.13,4.93,5.11,6.65,4.98,0.442,2025-03-25T04:59:40.741363+00:00,710,Northbridge_FC_20251208101535_710,1,4.98
Oldtown United,2165.18,425.674,19.66,43.73,150,127,9,23,93,7,9,3,2,27,10,11,84.58,0,4,0,6,2,4,0,6,9,6,66.67,7,0,15,5,33.33,3,1,20,11,55.0,4,16,0,0,9,0,0,6.39,4.73,4.79,4.68,7.02,5.43,0.492,2025-05-07T22:43:15.741363+00:00,999,Oldtown_United_20251208101535_999,1,5.43
Riverside FC,2699.904,772.173,28.6,54.48,163,136,17,27,115,9,11,3,3,9,12,5,83.38,1,3,1,7,3,4,0,8,8,5,62.5,6,5,3,1,33.33,3,2,21,12,57.14,4,17,2,2,9,1,0,5.4,5.41,5.18,3.79,6.3,5.22,0.469,2025-07-13T08:30:41.741363+00:00,953,Riverside_FC_20251208101535_953,1,5.22
Riverstone FC,2110.199,438.921,20.8,43.12,190,130,17,60,151,27,10,3,6,0,0,22,68.29,1,7,1,5,2,3,0,4,6,4,66.67,15,5,12,4,33.33,3,2,22,10,45.45,2,20,0,1,3,0,0,5.52,6.09,4.76,3.65,7.73,5.49,0.499,2025-01-04T06:49:10.741363+00:00,871,Riverstone_FC_20251208101535_871,1,5.49
Prime City Athletic,3707.115,1138.455,30.71,65.71,242,203,18,39,174,9,25,5,5,9,14,20,83.99,1,3,1,9,3,6,0,10,21,13,61.9,10,7,1,0,0.0,1,0,51,28,54.9,12,39,1,4,3,0,0,7.73,5.83,5.65,4.76,7.07,6.3,0.589,2025-05-02T19:03:31.741363+00:00,566,Prime_City_Athletic_20251208101535_566,1,6.3
2 Worlds FC,3054.146,943.426,30.89,55.25,163,97,28,66,112,7,1,7,1,13,22,10,59.7,0,0,1,8,3,5,0,7,10,7,70.0,11,2,5,1,20.0,1,0,31,14,45.16,8,23,2,1,7,2,0,5.41,5.0,4.89,4.26,6.03,5.09,0.454,2025-08-14T13:57:50.741363+00:00,781,2_Worlds_FC_20251208101535_781,1,5.09
2 Worlds FC,1914.399,538.329,28.12,38.66,135,127,2,8,62,5,14,2,2,9,41,14,94.07,1,2,1,6,1,5,1,9,6,4,66.67,29,9,4,0,0.0,2,0,25,17,68.0,10,15,0,1,6,0,0,5.34,5.16,5.25,4.65,6.92,5.33,0.481,2025-07-09T16:04:23.742363+00:00,684,2_Worlds_FC_20251208101535_684,1,5.33
Coastal Town,3851.134,1477.295,38.36,69.48,289,210,21,79,221,41,17,16,5,0,0,14,72.68,1,1,2,12,5,7,0,14,17,12,70.59,7,6,2,1,50.0,0,1,45,22,48.89,14,31,0,0,3,1,0,6.34,6.97,6.01,4.88,6.56,6.27,0.586,2025-02-21T19:13:16.742363+00:00,547,Coastal_Town_20251208101535_547,1,6.27
Blue Ridge FC,2423.256,723.827,29.87,45.79,179,137,9,42,143,20,2,4,6,2,2,33,76.78,1,1,1,5,2,3,0,6,12,9,75.0,3,4,9,2,22.22,2,0,31,17,54.84,9,22,0,2,1,1,0,5.9,5.53,5.2,5.1,6.44,5.6,0.511,2025-05-17T14:49:07.742363+00:00,179,Blue_Ridge_FC_20251208101535_179,1,5.6
Riverstone FC,1832.909,447.413,24.41,36.53,130,100,12,30,90,14,0,2,6,11,7,6,76.55,1,3,1,5,2,3,1,6,7,3,42.86,19,1,9,3,33.33,4,1,8,5,62.5,0,8,0,3,6,1,0,5.35,5.53,4.9,4.88,6.81,5.39,0.488,2025-10-14T04:54:49.742363+00:00,634,Riverstone_FC_20251208101535_634,1,5.39
Ironforge FC,2555.433,876.514,34.3,48.23,196,139,21,57,127,28,19,6,3,5,8,12,70.98,1,9,1,6,2,4,1,6,11,6,54.55,8,7,13,3,23.08,3,0,42,30,71.43,7,35,0,2,0,0,0,6.47,6.61,5.38,4.78,7.5,6.16,0.573,2024-12-16T18:05:50.742363+00:00,42,Ironforge_FC_20251208101535_42,1,6.16
Crestfall Town,2473.366,247.089,9.99,43.27,169,111,29,58,130,12,17,3,0,2,4,19,65.94,1,8,1,6,2,4,0,11,10,8,80.0,4,1,6,2,33.33,2,1,12,8,66.67,2,10,0,1,8,1,0,6.21,4.63,4.53,3.47,6.07,5.03,0.448,2025-03-09T02:28:11.742363+00:00,16,Crestfall_Town_20251208101535_16,1,5.03
Metro FC,3228.397,737.689,22.85,60.9,179,139,8,40,139,10,20,10,5,0,0,17,77.66,0,0,1,7,3,4,0,8,9,6,66.67,9,4,12,3,25.0,3,0,0,0,39.72,0,0,2,3,2,2,0,5.6,5.98,5.08,5.0,5.58,5.52,0.502,2025-07-27T09:15:47.742363+00:00,618,Metro_FC_20251208101535_618,1,5.52
Grand Harbor FC,2326.971,813.276,34.95,41.11,118,88,10,30,82,13,7,0,0,7,9,6,74.96,1,4,1,7,4,3,1,10,12,7,58.33,11,4,12,3,25.0,2,2,36,21,58.33,8,28,1,4,5,1,0,6.14,6.99,4.34,4.49,6.18,5.79,0.532,2025-08-30T04:48:53.743363+00:00,443,Grand_Harbor_FC_20251208101535_443,1,5.79
Harborview United,3869.002,490.589,12.68,70.9,257,162,17,95,188,35,14,1,5,7,7,18,63.14,1,5,1,11,3,8,0,11,6,3,50.0,5,3,10,1,10.0,1,4,63,28,44.44,18,45,1,3,2,0,0,6.44,5.78,5.72,5.47,8.12,6.14,0.571,2025-05-09T04:21:39.743363+00:00,159,Harborview_United_20251208101535_159,1,6.14
Coastal Town,3196.278,876.419,27.42,60.06,232,145,26,87,196,35,10,6,8,0,0,27,62.36,1,5,1,8,3,5,0,12,5,3,60.0,8,5,7,1,14.29,1,0,37,24,64.86,7,30,1,4,4,0,0,7.29,4.8,4.81,5.38,7.58,5.86,0.54,2025-11-30T16:37:59.743363+00:00,17,Coastal_Town_20251208101535_17,1,5.86
Millennium Rovers,2298.243,553.187,24.07,43.71,148,112,16,36,117,10,4,7,6,1,3,10,75.89,1,2,1,5,2,3,0,7,3,2,66.67,11,5,8,2,25.0,3,0,29,18,62.07,14,15,0,0,9,0,1,5.5,5.84,5.12,3.92,6.34,5.38,0.487,2025-01-01T17:45:44.743363+00:00,632,Millennium_Rovers_20251208101535_632,1,5.38
Summit Peak FC,2542.684,801.2,31.51,49.46,161,115,7,46,99,16,3,3,0,27,12,14,71.29,1,5,1,6,3,3,0,7,10,4,40.0,11,7,14,3,21.43,3,0,50,27,54.0,25,25,0,4,13,0,0,5.85,5.23,5.18,3.19,6.93,5.28,0.476,2025-10-22T19:00:13.743363+00:00,549,Summit_Peak_FC_20251208101535_549,1,5.28
Royal Haven FC,4318.985,1432.175,33.16,76.8,219,161,15,58,171,25,18,11,0,0,0,24,73.59,1,4,1,10,5,5,0,11,30,10,33.33,6,3,4,1,25.0,4,1,55,28,50.91,23,32,2,2,2,0,0,7.26,6.05,5.18,3.99,7.67,6.09,0.566,2025-03-12T16:48:33.743363+00:00,710,Royal_Haven_FC_20251208101535_710,1,6.09
Brookside United,3350.046,542.037,16.18,65.0,193,158,12,35,149,22,18,11,1,0,0,15,82.12,0,2,0,9,4,5,0,8,18,10,55.56,11,4,9,1,11.11,0,0,2,1,50.0,0,2,1,4,6,0,0,5.42,5.65,4.7,4.97,8.1,5.55,0.506,2025-05-29T11:31:14.743363+00:00,198,Brookside_United_20251208101535_198,1,5.55
Oldtown United,1350.535,422.042,31.25,26.12,109,81,8,28,89,11,8,3,2,0,0,6,73.86,1,2,1,4,2,2,0,2,5,3,60.0,17,15,26,6,23.08,2,0,3,1,33.33,1,2,0,2,9,1,0,5.19,6.78,4.1,4.36,6.15,5.4,0.489,2025-09-15T02:52:15.744363+00:00,324,Oldtown_United_20251208101535_324,1,5.4
Union Crest United,3859.779,768.482,19.91,71.0,232,218,4,14,162,6,5,7,13,16,23,1,93.8,1,5,1,7,1,6,0,6,13,10,76.92,7,6,7,2,28.57,0,1,14,7,50.0,1,13,0,3,3,1,0,6.48,4.65,6.44,4.5,6.34,5.67,0.519,2025-05-14T10:04:54.744363+00:00,440,Union_Crest_United_20251208101535_440,1,5.67
Eastview Rangers,2060.99,740.308,35.92,37.55,180,142,13,38,98,0,17,10,6,31,19,16,78.85,1,3,1,5,2,3,0,8,14,8,57.14,10,8,11,3,27.27,3,0,13,7,53.85,1,12,0,2,1,0,0,6.07,6.15,4.87,4.02,6.95,5.65,0.517,2025-07-28T19:35:26.744363+00:00,229,Eastview_Rangers_20251208101535_229,1,5.65
Crown City FC,2769.113,443.612,16.02,49.38,194,146,25,48,138,19,5,10,7,7,8,11,75.35,1,3,1,5,2,3,1,2,2,1,50.0,8,7,10,2,20.0,1,0,38,23,60.53,9,29,0,0,8,0,0,5.83,5.51,5.69,4.3,6.97,5.61,0.512,2025-04-09T03:09:19.744363+00:00,990,Crown_City_FC_20251208101535_990,1,5.61
Millennium Rovers,2270.633,602.853,26.55,43.81,169,140,9,29,121,10,10,7,0,9,13,0,83.01,0,0,0,6,1,5,0,8,11,7,63.64,13,9,6,1,16.67,1,1,10,6,60.0,3,7,0,3,4,0,0,4.75,5.22,5.24,4.93,7.22,5.25,0.472,2025-05-28T13:39:00.744363+00:00,721,Millennium_Rovers_20251208101535_721,1,5.25
Millennium Rovers,2314.706,231.239,9.99,44.01,197,156,14,41,133,19,12,11,7,9,6,24,79.42,1,3,1,6,2,4,0,7,14,5,35.71,13,10,13,3,23.08,2,0,57,25,43.86,11,46,0,1,10,0,0,5.84,4.34,5.13,4.79,7.59,5.31,0.479,2024-12-13T17:37:21.744363+00:00,981,Millennium_Rovers_20251208101535_981,1,5.31
Redwood Borough,1710.895,384.951,22.5,32.92,140,86,23,54,100,21,12,2,4,1,0,6,61.08,1,2,1,6,3,3,0,6,6,5,83.33,12,18,12,4,33.33,3,2,16,7,43.75,8,8,0,1,8,2,0,5.74,5.98,4.94,3.16,6.46,5.36,0.484,2025-05-26T13:10:46.744363+00:00,323,Redwood_Borough_20251208101535_323,1,5.36
Westwood Athletic,3178.171,554.909,17.46,57.42,242,170,24,72,166,48,7,7,5,3,7,25,70.42,1,10,1,7,3,4,1,6,16,13,81.25,10,5,12,2,16.67,1,0,21,12,57.14,5,16,2,2,3,0,0,6.26,6.5,4.88,4.35,7.32,5.89,0.543,2025-07-20T03:48:02.744363+00:00,255,Westwood_Athletic_20251208101535_255,1,5.89
Dominion Athletic,3491.825,818.833,23.45,66.77,270,207,29,63,191,33,15,9,0,15,8,7,76.54,1,5,1,6,2,4,0,5,9,4,44.44,0,6,6,2,33.33,1,1,14,10,71.43,3,11,0,2,3,1,0,6.03,6.77,5.88,5.21,6.88,6.18,0.576,2024-12-16T04:35:50.745363+00:00,348,Dominion_Athletic_20251208101535_348,1,6.18
Riverside FC,2421.819,741.077,30.6,49.42,206,188,5,18,148,15,11,5,0,4,23,11,91.2,1,2,1,7,2,5,0,6,6,4,66.67,6,4,14,2,14.29,2,2,24,14,58.33,5,19,2,2,14,2,0,5.94,6.38,5.43,5.58,6.25,5.94,0.549,2025-11-10T21:09:18.745363+00:00,736,Riverside_FC_20251208101535_736,1,5.94
Crestfall Town,3042.784,664.848,21.85,58.68,151,111,10,40,107,24,4,4,0,4,8,14,73.84,1,2,1,10,5,5,1,11,2,1,50.0,10,6,9,2,22.22,3,3,44,33,75.0,9,35,1,3,5,1,0,6.02,6.16,5.24,5.16,7.02,5.88,0.542,2025-04-13T20:32:14.745363+00:00,205,Crestfall_Town_20251208101535_205,1,5.88
Lakeside Athletic,1260.386,291.401,23.12,25.22,73,55,6,18,58,3,4,3,0,2,3,5,75.19,1,3,1,4,1,3,0,5,3,2,66.67,0,0,5,1,20.0,3,0,17,10,58.82,4,13,0,1,11,1,0,6.22,5.22,4.87,4.48,6.89,5.49,0.499,2025-07-03T14:21:22.745363+00:00,309,Lakeside_Athletic_20251208101535_309,1,5.49
Royal Haven FC,2967.385,690.51,23.27,53.79,196,156,28,40,153,21,20,7,5,0,0,14,79.43,1,3,1,6,3,3,1,5,15,9,60.0,3,5,11,3,27.27,1,0,29,17,58.62,8,21,1,2,9,2,0,6.33,4.17,4.92,3.97,6.06,5.09,0.454,2025-10-12T18:21:41.745363+00:00,623,Royal_Haven_FC_20251208101535_623,1,5.09
Riverside FC,2954.429,1043.504,35.32,56.59,175,110,20,65,112,17,2,2,0,15,26,17,62.76,1,3,1,5,2,3,0,6,10,6,60.0,5,11,12,2,16.67,1,1,26,15,57.69,4,22,0,1,6,0,0,5.27,6.15,4.74,5.1,6.77,5.54,0.504,2025-01-04T23:32:09.745363+00:00,646,Riverside_FC_20251208101535_646,1,5.54
Twin Oak Rangers,1932.703,449.16,23.24,34.54,110,77,8,33,82,12,6,2,3,3,3,12,70.1,1,3,1,7,2,5,1,9,4,2,50.0,4,7,15,4,26.67,2,1,30,15,50.0,6,24,1,1,9,0,1,6.49,5.26,5.09,4.41,5.58,5.48,0.498,2025-01-08T02:26:48.745363+00:00,268,Twin_Oak_Rangers_20251208101535_268,1,5.48
Southgate United,2399.683,600.401,25.02,45.57,131,99,18,32,94,11,16,1,4,2,3,15,75.6,1,2,1,5,2,3,1,5,11,4,36.36,22,9,6,1,16.67,3,1,12,6,50.0,7,5,0,1,4,0,0,5.5,5.39,5.2,4.86,8.06,5.58,0.509,2025-04-30T08:19:51.746363+00:00,285,Southgate_United_20251208101535_285,1,5.58
Valley Rovers,3003.667,510.023,16.98,56.91,188,154,6,34,146,29,0,0,3,4,7,16,81.69,2,4,2,10,4,6,1,10,6,5,83.33,11,6,10,4,40.0,2,0,13,11,84.62,4,9,0,3,4,0,0,6.85,4.78,4.9,3.86,6.91,5.47,0.497,2024-12-17T07:21:21.746363+00:00,492,Valley_Rovers_20251208101535_492,1,5.47
Redwood Borough,2912.165,677.37,23.26,58.82,219,197,11,22,125,8,14,2,13,19,39,0,89.99,0,3,0,11,5,6,1,12,16,7,43.75,7,5,3,1,33.33,2,3,37,23,62.16,6,31,1,6,8,0,0,7.13,5.91,6.08,5.24,7.55,6.36,0.596,2025-02-11T13:57:35.746363+00:00,104,Redwood_Borough_20251208101535_104,1,6.36
Riverstone FC,3061.524,865.187,28.26,61.99,184,136,17,48,157,1,6,5,2,6,7,15,73.82,1,6,1,12,5,7,0,12,12,8,66.67,13,8,11,4,36.36,3,0,21,11,52.38,3,18,0,2,9,1,0,5.85,6.18,4.94,4.5,6.28,5.61,0.512,2025-11-04T11:28:51.746363+00:00,92,Riverstone_FC_20251208101535_92,1,5.61
Northbridge FC,2587.08,938.593,36.28,47.1,135,120,4,15,109,2,10,0,0,9,5,13,89.25,1,1,1,4,2,2,0,6,5,4,80.0,3,9,18,1,5.56,0,1,36,26,72.22,9,27,0,1,7,0,0,5.96,5.29,5.93,3.21,7.74,5.56,0.507,2025-02-13T10:41:06.746363+00:00,173,Northbridge_FC_20251208101535_173,1,5.56
San Beda University,3587.822,661.594,18.44,63.03,267,207,24,60,194,45,3,15,5,2,3,5,77.45,1,1,2,13,4,9,1,14,13,9,69.23,5,5,6,2,33.33,1,1,30,22,73.33,4,26,1,7,0,0,0,6.38,6.53,5.02,4.56,7.01,5.96,0.551,2024-12-10T04:06:57.746363+00:00,373,San_Beda_University_20251208101535_373,1,5.96
Crown City FC,2471.834,852.041,34.47,47.15,163,112,3,51,118,22,4,7,1,7,5,22,68.41,0,2,0,6,2,4,0,6,16,11,68.75,10,10,3,1,33.33,2,0,18,8,44.44,1,17,0,2,7,2,0,4.5,6.33,5.83,4.76,6.52,5.52,0.502,2025-10-15T23:16:22.746363+00:00,593,Crown_City_FC_20251208101535_593,1,5.52
Union Crest United,2057.386,416.621,20.25,42.02,134,95,12,39,86,21,7,3,0,8,9,16,71.12,0,1,0,4,2,2,0,5,7,5,71.43,11,15,14,4,28.57,0,0,37,24,64.86,11,26,0,1,5,0,0,4.91,5.12,5.01,5.53,6.81,5.27,0.474,2025-11-10T19:25:57.746363+00:00,802,Union_Crest_United_20251208101535_802,1,5.27
Oldtown United,2170.663,571.319,26.32,44.0,181,134,16,47,138,21,10,6,1,2,2,12,74.3,0,2,0,4,2,2,0,5,3,2,66.67,18,11,16,2,12.5,2,2,28,16,57.14,11,17,0,2,9,1,0,5.83,6.71,5.03,4.95,5.84,5.79,0.532,2024-12-13T20:02:23.747363+00:00,813,Oldtown_United_20251208101535_813,1,5.79
Goldenfield Rovers,3892.256,679.199,17.45,70.72,213,187,6,26,157,6,11,0,7,18,13,20,88.02,1,5,1,9,3,6,1,10,14,10,71.43,8,4,3,0,0.0,1,2,30,17,56.67,10,20,1,5,2,0,0,5.57,5.57,5.8,4.72,7.11,5.65,0.517,2025-08-31T15:24:51.747363+00:00,152,Goldenfield_Rovers_20251208101535_152,1,5.65
Redwood Borough,2260.2,538.832,23.84,42.27,161,131,12,30,95,21,12,0,7,9,17,6,81.08,1,3,1,5,1,4,0,4,11,8,72.73,6,6,14,4,28.57,2,2,16,5,31.25,2,14,0,0,10,2,0,6.0,6.7,6.05,4.07,5.9,5.93,0.548,2025-03-30T21:16:23.747363+00:00,870,Redwood_Borough_20251208101535_870,1,5.93
Dominion Athletic,2478.494,277.343,11.19,46.1,171,152,8,19,116,21,5,2,0,14,12,13,89.11,0,4,0,7,2,5,0,4,13,7,53.85,10,5,3,1,33.33,2,1,36,18,50.0,6,30,1,2,6,0,0,4.85,4.87,5.48,3.65,7.26,5.05,0.45,2025-01-25T13:51:03.747363+00:00,628,Dominion_Athletic_20251208101535_628,1,5.05
Westwood Athletic,3221.016,730.849,22.69,62.23,206,176,11,30,156,36,17,2,5,0,0,9,85.31,1,5,1,10,4,6,1,11,11,9,81.82,10,5,12,4,33.33,1,2,29,17,58.62,5,24,0,4,9,1,0,6.02,6.19,5.33,6.28,6.17,5.98,0.553,2025-10-18T04:59:02.747363+00:00,433,Westwood_Athletic_20251208101535_433,1,5.98
Coastal Town,2242.777,693.467,30.92,41.87,144,135,4,9,97,13,7,8,0,10,9,5,93.84,0,4,0,8,3,5,1,7,8,4,50.0,7,10,2,1,50.0,2,2,16,5,31.25,2,14,0,1,4,2,0,5.85,6.13,5.35,4.01,6.21,5.61,0.512,2025-09-07T20:26:48.747363+00:00,369,Coastal_Town_20251208101535_369,1,5.61
Valley Rovers,2571.878,440.306,17.12,48.65,155,109,20,46,123,16,4,7,4,1,1,20,70.45,1,1,1,9,4,5,1,11,8,5,62.5,12,5,6,1,16.67,1,0,43,18,41.86,14,29,1,3,8,1,0,5.99,6.31,6.12,4.23,6.7,5.93,0.548,2025-10-02T09:55:09.747363+00:00,122,Valley_Rovers_20251208101535_122,1,5.93
Riverstone FC,3183.307,681.546,21.41,59.59,238,215,7,23,174,30,13,7,4,5,5,23,90.34,1,7,1,9,3,6,0,11,3,2,66.67,4,6,7,2,28.57,2,1,12,3,25.0,2,10,3,2,6,0,0,5.81,4.28,6.23,3.37,8.23,5.37,0.486,2025-11-16T12:32:46.748363+00:00,736,Riverstone_FC_20251208101535_736,1,5.37
Metro FC,2838.764,105.034,3.7,50.62,150,118,5,32,99,19,7,2,4,14,5,20,78.56,1,3,1,7,2,5,0,8,12,7,58.33,9,7,17,2,11.76,0,2,19,9,47.37,4,15,1,3,1,1,0,5.53,4.41,5.36,3.95,7.01,5.11,0.457,2025-05-27T09:45:35.748363+00:00,493,Metro_FC_20251208101535_493,1,5.11
Goldenfield Rovers,2955.32,959.297,32.46,57.91,135,95,19,40,87,18,8,6,0,6,9,5,70.35,1,2,1,11,4,7,1,16,14,10,71.43,6,4,14,1,7.14,1,0,1,1,100.0,2,-1,1,4,6,1,0,6.23,5.09,4.2,4.44,6.58,5.29,0.477,2024-12-25T09:43:08.748363+00:00,56,Goldenfield_Rovers_20251208101535_56,1,5.29
Westwood Athletic,3045.173,305.735,10.04,61.33,114,99,7,15,92,7,9,0,3,2,1,2,87.06,0,2,0,6,2,4,0,10,18,7,38.89,5,0,2,1,50.0,2,3,30,19,63.33,6,24,0,2,4,0,0,5.65,5.09,5.26,4.4,8.19,5.49,0.499,2025-12-07T13:59:42.748363+00:00,680,Westwood_Athletic_20251208101535_680,1,5.49
Eastview Rangers,3086.862,1034.716,33.52,55.73,271,155,60,116,169,44,22,14,5,9,7,19,57.11,1,7,1,8,3,5,0,7,0,0,40.9,7,9,14,6,42.86,1,0,23,15,65.22,4,19,2,2,3,0,0,7.05,5.27,5.06,3.65,7.66,5.74,0.527,2025-08-31T17:45:40.748363+00:00,992,Eastview_Rangers_20251208101535_992,1,5.74
Valley Rovers,2368.757,354.603,14.97,45.68,145,81,32,64,106,14,18,1,6,0,0,15,55.54,0,4,0,5,1,4,1,5,8,4,50.0,12,9,12,3,25.0,1,1,40,20,50.0,13,27,3,0,3,0,0,5.44,6.19,3.96,3.95,7.15,5.32,0.48,2025-11-21T03:37:55.748363+00:00,672,Valley_Rovers_20251208101535_672,1,5.32
Stormhold FC,2206.907,328.608,14.89,41.13,153,144,2,9,85,17,6,6,1,16,22,5,94.35,0,3,0,7,2,5,0,7,5,3,60.0,18,5,4,0,0.0,2,0,21,11,52.38,7,14,1,4,6,1,0,5.41,5.37,5.64,3.85,6.38,5.32,0.48,2025-10-07T19:57:06.748363+00:00,646,Stormhold_FC_20251208101535_646,1,5.32
Silverlake City,3136.406,789.433,25.17,60.02,206,163,15,43,156,8,12,9,1,9,11,25,78.9,2,4,2,12,3,9,1,16,0,0,47.47,17,2,18,6,33.33,2,1,36,23,63.89,7,29,0,4,6,0,1,7.06,5.33,5.58,4.82,4.7,5.73,0.526,2025-02-26T03:58:35.749363+00:00,130,Silverlake_City_20251208101535_130,1,5.73
Blue Ridge FC,2895.854,666.915,23.03,58.66,249,190,20,59,165,11,6,9,13,4,40,17,76.35,1,7,1,10,4,6,1,10,7,5,71.43,10,5,5,2,40.0,1,2,14,8,57.14,0,14,0,2,7,1,0,7.24,6.86,6.24,3.29,7.02,6.36,0.596,2025-09-02T06:12:34.749363+00:00,462,Blue_Ridge_FC_20251208101535_462,1,6.36
Riverside FC,2096.997,288.127,13.74,40.06,121,112,4,9,83,13,4,4,0,7,10,18,92.69,1,4,1,5,2,3,0,4,17,10,58.82,6,2,14,3,21.43,2,0,33,14,42.42,14,19,0,1,7,0,0,5.68,5.75,6.18,4.96,7.69,5.9,0.544,2025-07-18T08:46:40.749363+00:00,787,Riverside_FC_20251208101535_787,1,5.9
Millennium Rovers,3077.457,697.967,22.68,58.0,140,123,7,17,104,18,0,5,5,3,5,6,88.19,1,5,1,9,3,6,0,11,18,12,66.67,6,5,10,2,20.0,1,0,16,5,31.25,3,13,1,0,3,1,0,7.49,7.6,5.59,3.97,6.52,6.55,0.617,2025-03-21T11:20:47.749363+00:00,636,Millennium_Rovers_20251208101535_636,1,6.55
Summit Peak FC,3433.231,605.622,17.64,70.0,234,182,6,52,177,12,8,6,7,14,11,17,77.72,1,5,1,11,2,9,1,8,7,3,42.86,12,3,7,1,14.29,1,0,34,22,64.71,11,23,1,4,4,0,0,6.34,4.74,5.05,4.93,7.84,5.59,0.51,2025-10-31T07:29:00.749363+00:00,450,Summit_Peak_FC_20251208101535_450,1,5.59
Evergreen Sporting,1635.85,444.624,27.18,28.58,117,90,13,27,94,8,5,3,1,2,4,7,77.27,1,2,1,5,1,4,0,5,8,7,87.5,10,5,11,3,27.27,3,0,10,7,70.0,4,6,1,1,7,0,0,5.06,5.53,5.75,4.14,7.19,5.41,0.49,2025-07-07T18:28:17.749363+00:00,256,Evergreen_Sporting_20251208101535_256,1,5.41
Eastview Rangers,3159.871,699.595,22.14,56.24,181,135,22,46,127,18,1,10,1,9,15,27,74.63,1,3,1,7,3,4,0,8,11,8,72.73,10,3,7,1,14.29,1,3,34,22,64.71,17,17,0,3,2,2,0,5.86,5.46,5.78,4.63,5.73,5.55,0.506,2025-09-11T22:38:40.749363+00:00,697,Eastview_Rangers_20251208101535_697,1,5.55
Westwood Athletic,1854.047,469.074,25.3,33.1,107,97,1,10,84,9,4,1,4,2,2,8,90.42,1,3,1,5,1,4,0,7,12,6,50.0,15,8,17,4,23.53,2,1,20,11,55.0,1,19,0,3,5,0,0,5.32,4.85,4.69,4.78,7.5,5.2,0.467,2024-12-18T18:18:47.749363+00:00,802,Westwood_Athletic_20251208101535_802,1,5.2
Millennium Rovers,3304.649,1028.737,31.13,61.51,220,183,19,37,192,31,5,0,11,0,0,11,83.4,1,4,1,9,5,4,0,10,16,6,37.5,11,10,6,1,16.67,2,0,15,6,40.0,3,12,1,0,4,0,0,5.78,6.63,5.21,3.99,8.22,5.9,0.544,2025-01-19T10:26:09.750363+00:00,417,Millennium_Rovers_20251208101535_417,1,5.9
Grand Harbor FC,2086.155,433.503,20.78,39.38,93,55,13,38,67,11,2,1,2,3,6,7,58.94,1,2,1,6,1,5,0,6,13,6,46.15,10,11,12,5,41.67,1,2,17,11,64.71,3,14,0,3,4,0,0,5.75,5.59,3.29,4.49,7.58,5.22,0.469,2025-11-30T00:53:36.750363+00:00,519,Grand_Harbor_FC_20251208101535_519,1,5.22
Garden State FC,3480.544,1109.249,31.87,62.72,333,263,16,70,251,32,15,18,0,12,5,31,78.95,1,10,2,12,4,8,1,9,14,11,78.57,7,3,16,3,18.75,1,2,21,6,28.57,8,13,2,1,2,2,0,5.74,4.82,4.97,2.95,5.56,4.92,0.436,2025-04-29T08:00:03.750363+00:00,273,Garden_State_FC_20251208101535_273,1,4.92
Lakeside Athletic,2580.459,617.504,23.93,48.53,160,107,22,53,115,18,7,8,9,2,1,15,67.05,1,4,1,6,3,3,0,7,9,5,55.56,5,4,16,2,12.5,2,1,25,10,40.0,9,16,2,0,4,0,0,5.85,4.91,5.16,4.21,7.48,5.38,0.487,2025-08-14T09:35:59.750363+00:00,755,Lakeside_Athletic_20251208101535_755,1,5.38
City United,4073.275,1551.918,38.1,74.77,308,209,24,99,175,23,8,13,10,52,27,19,67.79,1,7,1,14,5,9,2,13,16,11,68.75,3,3,5,1,20.0,1,2,25,16,64.0,10,15,1,3,3,1,0,7.08,6.16,5.64,4.22,6.73,6.1,0.567,2025-06-09T09:37:44.750363+00:00,311,City_United_20251208101535_311,1,6.1
Riverside FC,3225.806,838.064,25.98,62.35,246,218,11,28,145,28,15,14,6,19,19,27,88.8,1,7,1,7,4,3,1,5,8,6,75.0,9,5,5,1,20.0,1,1,27,17,62.96,9,18,1,1,7,0,0,4.8,5.17,4.94,4.97,6.47,5.12,0.458,2025-06-02T18:23:52.750363+00:00,567,Riverside_FC_20251208101535_567,1,5.12
Goldenfield Rovers,2787.206,194.826,6.99,56.32,163,126,17,37,120,24,14,3,2,0,0,13,77.45,0,3,0,12,6,6,2,11,16,12,75.0,17,7,6,2,33.33,1,3,0,0,45.77,1,-1,1,5,3,0,0,5.65,5.89,4.73,4.47,7.67,5.57,0.508,2025-09-01T10:30:21.750363+00:00,659,Goldenfield_Rovers_20251208101535_659,1,5.57
Crown City FC,2638.489,659.358,24.99,46.83,181,126,18,55,145,26,9,7,6,0,0,18,69.64,1,2,1,6,3,3,1,9,11,6,54.55,10,5,9,2,22.22,1,1,10,4,40.0,2,8,0,2,5,0,0,5.83,5.15,4.96,3.69,7.92,5.38,0.487,2025-11-28T04:22:18.751363+00:00,12,Crown_City_FC_20251208101535_12,1,5.38
2 Worlds FC,2722.771,702.203,25.79,49.37,144,128,4,16,97,11,3,5,4,11,13,21,88.81,1,2,1,9,3,6,1,12,10,7,70.0,8,6,4,1,25.0,1,0,10,5,50.0,3,7,2,3,8,1,0,6.62,4.8,5.3,3.68,6.93,5.47,0.497,2025-11-23T13:00:20.751363+00:00,880,2_Worlds_FC_20251208101535_880,1,5.47
Eastview Rangers,2513.182,504.396,20.07,50.41,206,153,25,53,115,38,14,0,9,10,19,7,74.39,1,2,1,7,2,5,0,8,8,4,50.0,13,4,11,2,18.18,1,0,26,14,53.85,10,16,2,0,9,1,0,4.74,5.97,4.9,5.44,6.82,5.42,0.491,2025-07-27T21:42:50.751363+00:00,703,Eastview_Rangers_20251208101535_703,1,5.42
Garden State FC,2421.658,927.737,38.31,45.71,160,111,23,49,134,11,5,9,6,0,0,19,69.19,1,2,1,7,3,4,0,5,10,6,60.0,12,9,11,2,18.18,0,2,21,11,52.38,9,12,0,2,5,1,0,5.29,6.36,4.6,4.33,6.86,5.47,0.497,2025-11-29T00:22:52.751363+00:00,60,Garden_State_FC_20251208101535_60,1,5.47
Union Crest United,2917.171,463.83,15.9,53.74,165,128,8,37,120,8,4,5,3,7,17,10,77.35,0,2,0,5,1,4,0,4,16,9,56.25,9,4,5,2,40.0,2,0,30,17,56.67,5,25,1,3,2,0,0,4.54,6.97,6.02,5.49,7.62,5.96,0.551,2025-07-13T01:58:57.751363+00:00,527,Union_Crest_United_20251208101535_527,1,5.96
Lakeside Athletic,2245.956,675.808,30.09,42.65,169,133,8,36,104,13,10,1,3,18,20,19,78.7,0,0,1,7,3,4,1,10,12,8,66.67,21,12,14,4,28.57,0,0,5,3,60.0,1,4,2,4,8,2,0,6.7,5.96,4.81,3.7,5.67,5.59,0.51,2025-05-18T02:00:01.751363+00:00,786,Lakeside_Athletic_20251208101535_786,1,5.59
Crestfall Town,3090.567,821.473,26.58,62.57,136,110,14,26,90,15,5,4,0,10,12,3,80.81,0,1,0,7,3,4,0,8,9,5,55.56,5,6,10,3,30.0,0,1,11,5,45.45,1,10,0,1,4,1,0,5.82,4.9,4.89,4.46,6.35,5.24,0.471,2025-09-04T17:56:16.751363+00:00,48,Crestfall_Town_20251208101535_48,1,5.24
Harborview United,1638.747,75.055,4.58,30.11,136,111,10,25,110,16,2,3,3,1,1,16,81.79,1,2,1,5,2,3,1,5,4,2,50.0,15,15,15,3,20.0,4,0,18,9,50.0,4,14,0,1,13,3,0,4.67,6.46,5.67,3.52,5.0,5.24,0.471,2025-07-27T16:01:09.751363+00:00,963,Harborview_United_20251208101535_963,1,5.24
Goldenfield Rovers,2724.419,451.164,16.56,55.39,258,202,14,56,175,13,5,4,3,34,24,36,78.37,1,2,1,8,3,5,0,8,4,2,50.0,13,5,8,1,12.5,1,0,17,8,47.06,2,15,1,0,10,1,0,4.64,3.95,5.56,3.53,7.19,4.73,0.414,2025-03-17T07:41:57.752363+00:00,39,Goldenfield_Rovers_20251208101535_39,1,4.73
San Beda University,2475.159,696.262,28.13,43.87,212,169,9,43,172,25,19,7,2,0,0,15,79.55,1,1,1,9,2,7,0,12,16,9,56.25,9,5,16,3,18.75,0,0,38,13,34.21,15,23,0,5,4,0,1,6.5,7.06,6.58,4.52,5.22,6.27,0.586,2025-08-16T17:46:31.752363+00:00,111,San_Beda_University_20251208101535_111,1,6.27
Coastal Town,2619.241,700.909,26.76,47.87,212,176,9,36,123,20,11,13,6,15,24,16,82.92,1,3,1,6,3,3,0,5,0,0,52.29,14,7,8,2,25.0,1,2,18,12,66.67,0,18,0,2,6,0,0,5.67,5.63,5.82,5.23,7.21,5.78,0.531,2025-08-09T03:18:53.752363+00:00,992,Coastal_Town_20251208101535_992,1,5.78
Millennium Rovers,2679.853,561.697,20.96,51.58,189,151,11,38,99,31,16,11,0,11,21,14,80.13,1,4,1,6,2,4,0,9,19,14,73.68,8,11,7,1,14.29,0,1,25,11,44.0,4,21,0,3,6,0,0,4.78,5.74,6.33,4.59,7.87,5.64,0.516,2025-09-06T04:03:54.752363+00:00,548,Millennium_Rovers_20251208101535_548,1,5.64
Goldenfield Rovers,2061.46,430.227,20.87,40.79,123,99,7,24,79,15,7,6,7,6,3,21,80.24,1,2,1,4,1,3,0,4,6,4,66.67,15,9,13,3,23.08,0,0,21,10,47.62,6,15,0,2,4,0,1,4.2,5.29,4.72,4.21,6.06,4.8,0.422,2025-09-07T14:35:29.752363+00:00,116,Goldenfield_Rovers_20251208101535_116,1,4.8
Lakeside Athletic,2298.688,763.394,33.21,45.31,155,111,20,44,101,8,7,3,5,10,21,6,71.46,0,4,0,7,3,4,0,9,5,4,80.0,11,9,6,2,33.33,3,3,37,30,81.08,5,32,0,0,5,0,0,5.72,6.59,5.54,4.4,7.59,5.93,0.548,2025-03-03T03:23:59.752363+00:00,818,Lakeside_Athletic_20251208101535_818,1,5.93
Eastview Rangers,2670.713,400.607,15.0,50.51,169,131,7,38,106,26,7,12,11,3,4,10,77.49,1,5,1,6,3,3,0,5,14,9,64.29,8,9,0,0,0.0,0,1,58,33,56.9,9,49,0,2,10,2,0,6.81,5.13,5.47,4.81,6.08,5.72,0.524,2025-05-04T14:18:16.752363+00:00,723,Eastview_Rangers_20251208101535_723,1,5.72
Evergreen Sporting,4035.688,749.831,18.58,72.39,151,121,14,30,117,7,10,4,2,3,8,11,80.14,1,3,1,11,6,5,1,13,28,19,67.86,5,2,3,1,33.33,0,2,38,17,44.74,17,21,1,2,2,0,0,6.82,5.81,5.21,3.92,7.6,5.89,0.543,2025-04-05T04:57:34.753363+00:00,484,Evergreen_Sporting_20251208101535_484,1,5.89
Dominion Athletic,1611.785,301.404,18.7,32.19,108,92,8,16,72,15,5,4,4,4,4,14,85.44,0,0,0,3,1,2,0,4,5,3,60.0,11,6,18,4,22.22,2,1,8,6,75.0,1,7,1,1,7,2,0,3.98,4.59,5.37,4.92,5.59,4.72,0.413,2025-07-09T11:05:14.753363+00:00,127,Dominion_Athletic_20251208101535_127,1,4.72
Crestfall Town,3920.727,216.816,5.53,73.33,268,193,35,75,182,14,12,13,7,17,23,22,72.15,1,5,1,6,3,3,0,6,26,19,73.08,5,6,2,0,0.0,3,0,55,42,76.36,11,44,0,1,3,0,0,6.66,5.59,4.73,5.41,7.59,5.89,0.543,2025-04-25T14:54:36.753363+00:00,888,Crestfall_Town_20251208101535_888,1,5.89
Twin Oak Rangers,2048.644,530.599,25.9,40.12,118,95,9,23,83,11,5,11,2,3,4,3,80.1,1,3,1,7,3,4,0,8,7,2,28.57,16,2,22,4,18.18,2,0,41,21,51.22,9,32,2,2,10,1,0,5.83,5.48,5.19,4.32,6.11,5.42,0.491,2025-06-22T19:34:31.753363+00:00,728,Twin_Oak_Rangers_20251208101535_728,1,5.42
Frontier Rovers,2884.265,487.729,16.91,55.5,163,110,14,53,122,25,16,4,5,0,0,4,67.68,1,4,1,9,2,7,1,9,14,6,42.86,6,7,5,1,20.0,1,0,39,22,56.41,13,26,2,4,3,1,0,4.81,5.42,4.12,5.31,6.41,5.07,0.452,2025-07-01T23:56:32.753363+00:00,293,Frontier_Rovers_20251208101535_293,1,5.07
Westwood Athletic,2896.012,875.175,30.22,53.84,283,256,12,27,216,27,9,0,6,7,20,28,90.6,1,7,1,8,4,4,0,8,10,4,40.0,13,4,12,3,25.0,1,2,14,3,21.43,1,13,2,2,4,0,0,7.04,5.48,5.96,4.21,7.33,6.02,0.558,2025-07-01T20:20:56.753363+00:00,434,Westwood_Athletic_20251208101535_434,1,6.02
Crestfall Town,2595.677,335.621,12.93,53.35,97,72,10,25,80,3,3,6,6,0,0,10,73.99,1,4,1,8,2,6,0,10,14,9,64.29,3,9,8,2,25.0,0,3,33,17,51.52,8,25,0,2,4,0,0,5.72,5.49,4.45,3.9,7.92,5.37,0.486,2025-04-30T19:17:13.753363+00:00,568,Crestfall_Town_20251208101535_568,1,5.37
Brookside United,2515.381,779.517,30.99,45.3,177,148,17,29,135,21,7,10,7,0,0,10,83.64,1,6,1,5,2,3,1,5,9,4,44.44,12,9,8,2,25.0,3,2,32,15,46.88,6,26,0,2,8,1,1,6.72,5.77,5.79,4.49,4.8,5.76,0.529,2025-05-20T19:03:03.753363+00:00,710,Brookside_United_20251208101535_710,1,5.76
Prime City Athletic,2058.261,712.158,34.6,37.98,136,110,13,26,99,11,2,3,1,11,9,8,81.1,1,3,1,5,2,3,0,5,0,0,32.44,13,4,18,4,22.22,2,3,20,9,45.0,3,17,1,0,0,1,0,6.4,6.1,4.96,5.02,7.48,5.94,0.549,2025-10-23T11:20:35.754363+00:00,10,Prime_City_Athletic_20251208101535_10,1,5.94
San Beda University,2897.033,239.874,8.28,54.61,206,182,8,24,128,6,20,6,0,19,27,8,88.27,1,6,1,11,5,6,1,9,4,2,50.0,2,7,7,2,28.57,2,1,50,16,32.0,11,39,1,3,8,0,0,5.31,4.61,4.56,4.03,7.61,5.01,0.446,2025-07-19T21:25:24.754363+00:00,298,San_Beda_University_20251208101535_298,1,5.01
Garden State FC,2839.361,729.432,25.69,53.5,150,101,20,49,98,13,8,7,5,10,8,14,67.57,1,1,2,7,3,4,0,8,10,5,50.0,8,2,7,1,14.29,2,1,41,26,63.41,14,27,0,3,15,0,0,6.5,5.81,4.8,4.9,7.25,5.82,0.536,2025-08-31T01:32:50.754363+00:00,656,Garden_State_FC_20251208101535_656,1,5.82
Stormhold FC,1524.89,404.553,26.53,30.44,105,93,4,12,74,13,9,4,0,2,2,11,88.78,0,1,0,2,1,1,0,2,4,3,75.0,20,5,21,5,23.81,2,2,16,7,43.75,3,13,0,1,8,2,0,5.52,5.88,5.22,5.11,5.44,5.5,0.5,2025-11-01T19:27:36.754363+00:00,982,Stormhold_FC_20251208101535_982,1,5.5
Valley Rovers,2152.909,652.547,30.31,38.42,110,83,7,27,82,18,6,6,4,0,0,1,75.67,0,3,0,6,2,4,1,5,21,9,42.86,9,10,11,4,36.36,2,2,10,6,60.0,1,9,0,2,4,0,0,6.77,5.82,5.23,4.94,7.7,6.03,0.559,2025-02-26T02:08:53.754363+00:00,963,Valley_Rovers_20251208101535_963,1,6.03
Dominion Athletic,2767.61,644.853,23.3,53.95,207,188,9,19,130,18,12,17,4,3,24,2,91.04,1,7,1,7,3,4,0,7,7,4,57.14,4,6,0,0,0.0,2,0,25,7,28.0,6,19,0,3,5,2,0,6.15,4.9,5.27,3.97,4.72,5.18,0.464,2025-01-21T01:00:43.754363+00:00,164,Dominion_Athletic_20251208101535_164,1,5.18
Eastview Rangers,2342.976,477.264,20.37,47.81,249,192,20,57,189,21,5,10,0,11,14,32,77.02,0,5,0,8,4,4,0,9,11,10,90.91,2,7,20,2,10.0,1,0,23,9,39.13,7,16,1,2,4,0,0,5.97,5.51,6.33,4.06,8.06,5.85,0.539,2025-03-13T11:22:21.754363+00:00,100,Eastview_Rangers_20251208101535_100,1,5.85
Dominion Athletic,3550.669,601.128,16.93,65.16,301,254,34,47,215,29,14,5,10,11,18,0,84.54,2,10,2,13,4,9,1,14,4,1,25.0,10,5,8,1,12.5,1,2,50,33,66.0,11,39,1,4,2,0,0,6.09,6.16,5.23,5.27,7.02,5.92,0.547,2025-05-22T15:18:26.755363+00:00,912,Dominion_Athletic_20251208101535_912,1,5.92
Grand Harbor FC,3801.225,823.345,21.66,70.66,267,191,13,76,187,35,17,4,5,5,14,2,71.5,1,7,1,14,5,9,1,15,28,18,64.29,3,4,6,2,33.33,1,0,56,26,46.43,3,53,2,3,6,0,0,6.71,5.72,5.5,5.66,7.12,6.08,0.564,2025-10-12T11:01:02.755363+00:00,827,Grand_Harbor_FC_20251208101535_827,1,6.08
Southgate United,2299.288,681.279,29.63,44.48,172,150,6,22,150,14,7,8,2,0,0,8,87.36,1,7,1,6,3,3,1,9,8,4,50.0,13,9,16,4,25.0,0,1,37,16,43.24,10,27,0,1,12,0,0,6.0,5.75,6.25,3.25,8.14,5.81,0.534,2025-10-19T06:31:25.755363+00:00,284,Southgate_United_20251208101535_284,1,5.81
Oldtown United,2324.847,274.099,11.79,45.08,205,129,33,76,121,18,11,5,6,10,35,0,62.96,0,4,0,5,2,3,0,9,13,9,69.23,7,2,17,6,35.29,3,1,24,17,70.83,8,16,0,1,6,1,0,6.33,4.56,4.5,4.77,7.18,5.33,0.481,2025-03-05T13:37:54.755363+00:00,138,Oldtown_United_20251208101535_138,1,5.33
Millennium Rovers,2409.824,430.636,17.87,44.48,240,175,23,65,178,7,13,1,5,16,19,12,72.82,1,4,1,8,2,6,0,7,5,3,60.0,6,6,7,2,28.57,2,0,4,3,75.0,1,3,2,4,5,0,0,5.51,5.71,5.65,4.32,7.27,5.6,0.511,2025-02-23T13:29:11.755363+00:00,289,Millennium_Rovers_20251208101535_289,1,5.6
Metro FC,2403.911,688.48,28.64,42.22,168,102,31,66,112,14,7,6,3,6,20,15,60.56,1,3,1,6,2,4,0,6,17,9,52.94,17,6,11,3,27.27,2,2,33,17,51.52,11,22,0,2,5,1,0,6.33,6.54,4.88,5.02,7.05,5.99,0.554,2025-09-20T08:52:27.755363+00:00,787,Metro_FC_20251208101535_787,1,5.99
Oldtown United,3293.177,629.985,19.13,58.26,229,156,44,73,146,28,18,5,6,12,14,24,68.22,1,2,1,6,2,4,1,5,26,10,38.46,9,6,6,1,16.67,1,1,28,15,53.57,0,28,0,0,2,2,0,5.06,5.63,4.73,3.77,5.77,5.04,0.449,2025-02-24T16:30:12.755363+00:00,429,Oldtown_United_20251208101535_429,1,5.04
Riverstone FC,2527.318,569.657,22.54,45.55,135,103,10,32,94,10,4,4,5,7,11,11,76.1,1,1,1,6,2,4,1,3,10,8,80.0,11,6,9,2,22.22,1,0,14,8,57.14,1,13,0,2,9,2,0,5.59,5.66,5.29,5.0,5.66,5.47,0.497,2025-08-24T12:48:45.755363+00:00,939,Riverstone_FC_20251208101535_939,1,5.47
Lakeside Athletic,3513.631,1206.581,34.34,64.98,285,208,31,77,220,27,23,8,8,0,0,29,72.96,0,10,0,9,4,5,1,10,40,21,52.5,8,6,8,2,25.0,3,4,32,18,56.25,11,21,1,0,4,0,0,3.7,6.39,5.51,4.51,7.24,5.28,0.476,2025-02-09T20:02:15.756363+00:00,56,Lakeside_Athletic_20251208101535_56,1,5.28
Blue Ridge FC,2441.793,488.359,20.0,47.46,168,109,19,59,90,20,13,0,3,17,24,21,64.95,1,2,1,7,2,5,0,4,12,5,41.67,6,10,18,3,16.67,1,0,16,5,31.25,4,12,1,2,11,3,0,6.1,6.68,4.76,4.21,5.09,5.63,0.514,2025-06-25T21:26:53.756363+00:00,557,Blue_Ridge_FC_20251208101535_557,1,5.63
Westwood Athletic,2434.47,627.119,25.76,48.36,197,171,13,26,143,18,15,1,2,11,6,25,86.56,1,2,1,6,3,3,1,5,11,8,72.73,14,7,12,2,16.67,3,1,19,11,57.89,4,15,0,3,13,0,0,6.08,6.21,5.31,4.89,7.09,5.9,0.544,2025-10-08T04:18:35.756363+00:00,188,Westwood_Athletic_20251208101535_188,1,5.9
Southgate United,2496.508,518.525,20.77,44.23,159,146,4,13,100,16,14,6,3,4,16,7,91.51,1,5,1,5,2,3,0,8,11,5,45.45,14,7,4,1,25.0,2,1,37,19,51.35,5,32,0,0,6,0,0,6.17,5.48,5.22,4.96,7.65,5.77,0.53,2025-02-18T11:19:29.756363+00:00,387,Southgate_United_20251208101535_387,1,5.77
Ironforge FC,2583.412,555.692,21.51,47.52,150,108,13,42,119,15,11,0,2,2,1,5,72.08,1,6,1,7,3,4,0,8,17,11,64.71,23,9,6,1,16.67,3,1,17,11,64.71,9,8,0,3,6,1,0,5.77,5.87,5.68,4.68,6.73,5.72,0.524,2025-06-05T23:41:05.756363+00:00,115,Ironforge_FC_20251208101535_115,1,5.72
Hillcrest Athletic,1788.102,504.245,28.2,31.3,125,112,5,13,75,10,5,1,2,15,16,5,89.4,0,3,0,5,2,3,0,4,5,4,80.0,12,2,26,1,3.85,0,0,8,3,37.5,3,5,0,1,5,0,0,5.43,5.73,5.74,4.3,7.44,5.62,0.513,2025-08-30T10:01:12.756363+00:00,968,Hillcrest_Athletic_20251208101535_968,1,5.62
City United,2731.507,479.653,17.56,54.64,210,140,23,70,159,29,7,7,7,0,0,19,66.82,1,7,1,8,3,5,0,6,14,11,78.57,8,4,7,2,28.57,1,2,14,7,50.0,6,8,1,2,6,0,0,6.93,4.96,5.59,4.5,7.34,5.81,0.534,2025-04-12T14:55:04.756363+00:00,750,City_United_20251208101535_750,1,5.81
Westwood Athletic,2223.852,416.305,18.72,43.93,157,104,8,53,124,18,17,5,4,0,0,14,66.54,0,3,0,7,2,5,1,8,8,5,62.5,4,8,15,2,13.33,1,0,0,0,74.38,0,0,1,3,9,0,0,5.18,5.67,5.38,5.09,7.67,5.59,0.51,2025-02-16T07:20:53.757363+00:00,435,Westwood_Athletic_20251208101535_435,1,5.59
Riverside FC,2095.206,326.014,15.56,40.78,188,150,20,38,131,17,6,0,8,5,21,27,79.92,1,5,1,7,3,4,0,8,10,3,30.0,17,9,4,1,25.0,2,0,21,8,38.1,7,14,0,4,0,0,0,6.44,6.06,5.61,4.47,7.13,5.96,0.551,2025-10-07T16:14:39.757363+00:00,623,Riverside_FC_20251208101535_623,1,5.96
Hillcrest Athletic,3134.042,913.887,29.16,60.11,227,180,22,47,211,16,10,8,4,0,0,25,79.23,1,3,1,10,5,5,0,12,3,2,66.67,6,4,12,3,25.0,0,1,20,11,55.0,5,15,0,1,0,0,0,6.36,4.74,5.17,5.13,7.32,5.59,0.51,2025-11-01T06:36:22.757363+00:00,770,Hillcrest_Athletic_20251208101535_770,1,5.59
Union Crest United,2210.499,648.56,29.34,41.97,201,168,4,33,134,27,21,1,8,5,6,30,83.57,1,5,1,8,3,5,1,9,6,4,66.67,0,6,19,5,26.32,3,2,21,14,66.67,2,19,1,2,11,0,0,5.63,5.23,5.45,4.1,7.9,5.49,0.499,2025-03-15T06:38:20.757363+00:00,381,Union_Crest_United_20251208101535_381,1,5.49
Harborview United,3102.492,709.54,22.87,54.81,243,214,9,29,207,29,19,4,7,0,0,17,88.08,1,9,1,8,3,5,1,8,9,7,77.78,12,8,5,1,20.0,0,0,26,12,46.15,4,22,2,3,4,1,0,6.89,5.89,5.9,4.45,7.65,6.15,0.572,2024-12-28T11:28:54.757363+00:00,307,Harborview_United_20251208101535_307,1,6.15
Pioneer Ville FC,1583.299,425.591,26.88,29.72,73,61,5,12,49,4,4,1,2,5,7,11,83.22,0,1,0,4,1,3,0,5,11,6,54.55,34,11,13,5,38.46,2,1,5,2,40.0,2,3,2,0,11,0,0,5.58,6.2,4.57,3.67,7.0,5.43,0.492,2025-11-24T18:10:11.757363+00:00,514,Pioneer_Ville_FC_20251208101535_514,1,5.43
San Beda University,3025.947,535.593,17.7,53.81,190,132,17,58,144,32,8,9,6,0,0,29,69.71,1,3,1,8,4,4,1,9,16,10,62.5,10,9,0,0,0.0,2,0,24,14,58.33,12,12,2,4,4,0,0,5.12,6.27,5.49,4.17,7.59,5.63,0.514,2025-04-10T06:39:08.757363+00:00,270,San_Beda_University_20251208101535_270,1,5.63
Hillcrest Athletic,2328.46,107.109,4.6,47.82,176,111,28,65,133,15,0,4,4,9,11,12,63.32,1,7,1,7,3,4,1,9,7,3,42.86,9,3,10,2,20.0,2,0,3,2,66.67,1,2,3,2,3,0,0,5.06,4.94,4.83,3.65,7.31,5.01,0.446,2025-01-05T02:35:39.757363+00:00,990,Hillcrest_Athletic_20251208101535_990,1,5.01
Valley Rovers,2392.976,827.97,34.6,46.38,224,156,16,68,161,26,4,10,6,9,9,15,69.65,1,5,1,7,4,3,0,8,9,6,66.67,0,9,2,1,50.0,0,1,17,9,52.94,3,14,2,3,5,0,0,6.48,4.09,4.67,4.87,8.14,5.39,0.488,2025-05-08T00:34:25.758363+00:00,648,Valley_Rovers_20251208101535_648,1,5.39
Metro FC,2401.169,491.279,20.46,42.39,170,131,11,39,149,22,1,4,6,0,0,16,77.28,0,4,0,6,2,4,1,6,13,10,76.92,15,8,8,2,25.0,4,1,40,13,32.5,19,21,0,2,13,3,0,4.89,5.7,4.97,4.52,4.73,5.07,0.452,2025-05-14T06:58:47.758363+00:00,803,Metro_FC_20251208101535_803,1,5.07
Redwood Borough,4279.967,450.253,10.52,76.91,276,261,3,15,205,42,22,3,4,0,0,29,94.39,1,8,1,11,4,7,1,10,21,10,47.62,5,0,6,1,16.67,1,2,34,23,67.65,13,21,0,2,1,0,0,6.52,5.74,5.44,4.33,7.5,5.88,0.542,2025-10-29T04:22:08.758363+00:00,318,Redwood_Borough_20251208101535_318,1,5.88
Crestfall Town,1458.124,247.444,16.97,27.86,99,71,8,28,62,16,9,1,4,4,3,18,71.91,0,1,0,3,1,2,1,3,11,7,63.64,5,9,4,1,25.0,2,0,11,6,54.55,3,8,0,1,7,0,0,3.7,5.5,4.72,5.04,7.13,4.94,0.438,2025-08-24T18:44:08.758363+00:00,623,Crestfall_Town_20251208101535_623,1,4.94
Prime City Athletic,2112.909,362.153,17.14,41.42,137,99,15,38,110,21,5,1,7,0,0,20,72.04,1,3,1,6,3,3,0,7,7,4,57.14,12,12,11,3,27.27,1,2,8,4,50.0,3,5,2,2,8,2,0,5.96,5.32,6.28,5.23,5.46,5.69,0.521,2025-07-22T17:10:09.758363+00:00,493,Prime_City_Athletic_20251208101535_493,1,5.69
Valley Rovers,3556.107,876.58,24.65,62.32,302,240,15,62,194,27,8,7,6,38,20,11,79.48,0,3,0,4,2,2,1,3,12,6,50.0,4,3,0,0,0.0,0,0,14,7,50.0,8,6,0,0,7,2,0,5.73,5.14,5.0,4.28,5.89,5.23,0.47,2025-05-05T12:20:36.758363+00:00,170,Valley_Rovers_20251208101535_170,1,5.23
Crown City FC,2808.284,349.631,12.45,50.64,224,165,19,59,166,23,24,11,2,0,0,22,73.72,1,8,1,9,4,5,1,10,26,16,61.54,9,5,12,2,16.67,3,2,19,11,57.89,4,15,0,2,5,1,0,6.79,6.47,6.16,4.22,6.8,6.22,0.58,2025-03-16T16:14:29.758363+00:00,553,Crown_City_FC_20251208101535_553,1,6.22
Highland Wanderers,1385.527,253.551,18.3,27.68,104,71,16,33,76,17,5,2,0,2,3,14,68.41,1,2,1,4,2,2,0,6,10,5,50.0,1,16,11,2,18.18,0,0,10,7,70.0,5,5,0,1,12,1,0,5.34,5.65,4.75,4.9,6.65,5.38,0.487,2025-11-16T02:21:53.759363+00:00,678,Highland_Wanderers_20251208101535_678,1,5.38
Eastview Rangers,3339.011,490.501,14.69,66.92,176,134,15,42,127,24,9,6,9,0,1,12,76.15,1,1,1,10,3,7,1,10,5,3,60.0,7,4,0,0,0.0,2,0,45,23,51.11,8,37,0,5,8,1,0,6.13,4.86,4.55,4.35,6.53,5.25,0.472,2025-11-24T12:11:28.759363+00:00,140,Eastview_Rangers_20251208101535_140,1,5.25
Eastview Rangers,2745.121,839.733,30.59,51.59,178,119,11,59,122,22,8,2,3,12,9,16,66.76,1,5,1,4,1,3,0,5,7,4,57.14,7,3,7,1,14.29,3,0,26,14,53.85,12,14,0,1,11,0,0,6.7,4.99,5.68,4.71,7.02,5.77,0.53,2025-05-28T18:03:53.759363+00:00,626,Eastview_Rangers_20251208101535_626,1,5.77
Brookside United,3325.06,654.372,19.68,63.42,244,182,25,62,169,21,10,0,2,20,21,13,74.58,1,8,1,6,2,4,0,7,21,11,52.38,4,5,9,2,22.22,2,1,19,7,36.84,6,13,0,3,4,2,0,4.1,4.94,4.85,5.4,5.88,4.85,0.428,2025-03-07T19:55:11.759363+00:00,860,Brookside_United_20251208101535_860,1,4.85
Royal Haven FC,2512.316,344.941,13.73,49.66,164,117,19,47,108,12,6,13,1,12,12,6,71.44,0,4,0,5,1,4,1,4,12,7,58.33,16,7,4,1,25.0,2,0,43,23,53.49,26,17,0,1,5,0,0,5.25,5.76,4.79,4.25,7.45,5.38,0.487,2025-08-06T09:47:02.759363+00:00,713,Royal_Haven_FC_20251208101535_713,1,5.38
Grand Harbor FC,2328.997,549.643,23.6,45.32,130,115,3,15,79,25,1,5,3,5,12,9,88.79,1,1,1,7,3,4,1,8,0,0,23.92,15,11,14,1,7.14,1,1,22,11,50.0,6,16,0,2,8,1,1,4.88,4.53,5.22,4.27,4.13,4.69,0.41,2025-10-28T02:56:02.759363+00:00,857,Grand_Harbor_FC_20251208101535_857,1,4.69
Summit Peak FC,1451.989,498.177,34.31,27.62,133,127,2,6,97,7,5,3,1,9,11,3,95.26,0,4,0,4,1,3,0,3,8,7,87.5,15,11,12,4,33.33,2,0,11,6,54.55,5,6,0,1,10,1,0,5.38,5.74,6.46,3.5,6.17,5.51,0.501,2025-07-06T13:44:53.759363+00:00,635,Summit_Peak_FC_20251208101535_635,1,5.51
Prime City Athletic,4218.912,1058.525,25.09,77.94,223,223,0,0,140,3,15,3,10,17,35,19,100.0,1,4,1,13,5,8,1,13,21,13,61.9,2,5,5,1,20.0,2,1,13,6,46.15,5,8,1,5,3,1,0,6.75,5.31,5.56,4.02,6.3,5.68,0.52,2025-07-28T15:31:27.759363+00:00,693,Prime_City_Athletic_20251208101535_693,1,5.68
Redwood Borough,3869.356,1337.249,34.56,73.17,211,145,27,66,140,7,5,7,4,29,19,16,68.62,2,5,2,14,5,9,1,13,17,11,64.71,4,2,7,2,28.57,2,5,46,26,56.52,5,41,1,5,3,0,0,7.04,6.41,5.55,5.02,7.38,6.32,0.591,2025-06-18T14:58:17.760363+00:00,86,Redwood_Borough_20251208101535_86,1,6.32
Oldtown United,2866.846,1262.846,44.05,57.54,269,206,28,63,203,24,11,9,11,7,5,27,76.64,0,10,0,6,3,3,0,7,18,12,66.67,7,7,9,3,33.33,2,1,45,30,66.67,0,45,1,1,4,0,0,5.54,5.19,5.31,5.0,7.52,5.52,0.502,2025-05-21T14:03:37.760363+00:00,140,Oldtown_United_20251208101535_140,1,5.52
Prime City Athletic,2376.243,371.407,15.63,43.19,223,183,7,40,181,3,19,6,0,8,7,26,82.1,1,6,1,10,3,7,0,14,4,3,75.0,8,5,4,1,25.0,2,3,13,7,53.85,1,12,0,5,7,1,0,6.7,5.82,5.23,4.59,6.05,5.8,0.533,2025-09-12T08:46:23.760363+00:00,299,Prime_City_Athletic_20251208101535_299,1,5.8
Metro FC,2987.745,986.255,33.01,56.35,183,166,8,17,145,28,8,4,0,0,0,20,90.58,1,3,1,7,2,5,1,7,6,5,83.33,4,6,3,1,33.33,1,1,21,11,52.38,4,17,1,3,8,0,0,6.02,6.53,5.59,5.04,7.94,6.13,0.57,2025-09-07T01:17:55.760363+00:00,112,Metro_FC_20251208101535_112,1,6.13
Evergreen Sporting,1490.887,429.226,28.79,29.08,81,58,7,23,59,10,0,0,2,5,4,7,71.31,0,1,0,4,2,2,0,5,6,3,50.0,7,17,17,4,23.53,1,1,19,12,63.16,7,12,0,0,9,2,0,5.32,5.48,4.79,5.03,6.1,5.3,0.478,2025-04-27T15:00:51.760363+00:00,557,Evergreen_Sporting_20251208101535_557,1,5.3
Pioneer Ville FC,2814.799,638.396,22.68,52.61,184,174,4,10,152,22,11,9,1,0,0,19,94.31,1,5,1,8,3,5,1,8,17,10,58.82,14,6,7,2,28.57,2,1,28,15,53.57,12,16,1,2,11,2,0,5.44,5.53,5.85,4.16,5.38,5.36,0.484,2025-11-15T22:00:11.760363+00:00,817,Pioneer_Ville_FC_20251208101535_817,1,5.36
Riverstone FC,3224.809,686.884,21.3,58.47,158,117,12,41,149,21,7,4,2,0,0,10,73.96,1,3,1,6,2,4,0,6,26,12,46.15,8,5,3,1,33.33,2,0,0,0,43.39,1,-1,0,2,7,2,0,5.9,6.94,4.16,4.73,5.43,5.63,0.514,2025-10-06T01:19:34.760363+00:00,606,Riverstone_FC_20251208101535_606,1,5.63
Westwood Athletic,2375.851,632.452,26.62,42.84,166,123,11,43,115,13,8,2,2,19,7,14,74.28,1,2,1,10,3,7,1,10,4,3,75.0,14,9,8,3,37.5,1,0,15,5,33.33,5,10,0,2,2,1,0,6.29,5.07,5.16,5.28,6.42,5.59,0.51,2025-01-26T14:55:39.761363+00:00,255,Westwood_Athletic_20251208101535_255,1,5.59
Southgate United,2710.856,841.721,31.05,54.35,158,124,11,34,109,0,10,0,3,16,19,11,78.33,1,1,1,7,3,4,1,5,6,2,33.33,13,2,12,2,16.67,1,1,20,11,55.0,4,16,1,1,8,3,0,6.21,4.27,5.52,3.63,4.79,5.03,0.448,2025-09-09T20:21:07.761363+00:00,974,Southgate_United_20251208101535_974,1,5.03
Coastal Town,2911.031,201.152,6.91,58.05,243,240,1,3,191,22,10,14,0,3,4,26,98.95,1,6,1,8,3,5,0,8,10,6,60.0,14,7,15,5,33.33,2,1,30,17,56.67,10,20,2,2,9,1,0,6.01,5.46,5.44,4.41,6.16,5.53,0.503,2025-09-12T20:36:14.761363+00:00,806,Coastal_Town_20251208101535_806,1,5.53
Crown City FC,3359.197,966.105,28.76,60.76,222,200,7,22,164,8,10,9,8,12,11,15,90.08,1,10,1,7,3,4,1,11,18,10,55.56,8,6,5,1,20.0,0,0,37,16,43.24,5,32,0,1,4,0,0,6.22,4.79,5.87,4.71,7.85,5.7,0.522,2025-11-19T22:49:20.761363+00:00,93,Crown_City_FC_20251208101535_93,1,5.7
Redwood Borough,1944.823,659.295,33.9,38.35,88,77,2,11,61,15,6,3,0,1,2,8,87.1,1,2,1,5,2,3,0,5,1,1,100.0,13,10,19,3,15.79,4,0,14,10,71.43,5,9,0,0,6,0,0,6.02,6.29,5.51,4.84,8.01,6.03,0.559,2025-10-24T19:07:59.761363+00:00,597,Redwood_Borough_20251208101535_597,1,6.03
Union Crest United,1311.921,346.085,26.38,26.83,86,72,7,14,69,10,2,1,4,0,0,3,83.9,1,1,1,4,1,3,0,5,3,2,66.67,10,19,12,3,25.0,2,0,6,4,66.67,2,4,0,1,15,0,0,5.4,5.05,4.77,3.92,7.19,5.15,0.461,2025-10-31T14:36:13.761363+00:00,815,Union_Crest_United_20251208101535_815,1,5.15
Silverlake City,1396.655,282.264,20.21,25.25,100,98,1,2,78,13,8,7,2,0,0,5,97.67,0,2,0,3,1,2,0,4,8,3,37.5,18,12,17,4,23.53,3,1,25,14,56.0,5,20,0,1,6,1,0,4.8,5.18,5.47,5.86,6.09,5.32,0.48,2025-09-02T00:35:57.761363+00:00,605,Silverlake_City_20251208101535_605,1,5.32
Riverside FC,2615.21,417.388,15.96,51.7,131,98,10,33,101,24,5,2,0,0,0,3,75.13,0,3,0,5,2,3,0,4,8,5,62.5,11,3,16,5,31.25,2,1,13,5,38.46,5,8,1,1,13,0,0,5.47,5.59,6.11,4.56,7.45,5.7,0.522,2025-04-14T07:08:47.761363+00:00,669,Riverside_FC_20251208101535_669,1,5.7
Metro FC,2488.475,483.262,19.42,43.89,183,141,15,42,127,14,4,6,7,10,16,8,77.02,1,5,1,9,4,5,0,12,13,5,38.46,19,7,11,3,27.27,2,1,12,6,50.0,3,9,1,3,0,0,1,6.14,6.42,4.77,3.85,5.59,5.57,0.508,2025-09-04T19:18:54.762363+00:00,916,Metro_FC_20251208101535_916,1,5.57
Riverside FC,3402.847,687.715,20.21,62.34,225,214,4,11,142,32,10,8,3,21,8,5,95.02,1,7,1,12,4,8,0,15,12,6,50.0,6,6,7,1,14.29,0,2,40,15,37.5,11,29,2,6,6,1,0,5.84,5.2,6.32,5.31,5.89,5.69,0.521,2025-09-11T18:04:19.762363+00:00,298,Riverside_FC_20251208101535_298,1,5.69
Southgate United,2458.048,922.014,37.51,49.1,108,83,10,25,75,3,4,7,3,8,8,3,76.49,0,0,1,6,3,3,1,6,24,13,54.17,12,8,14,3,21.43,1,2,35,26,74.29,13,22,0,2,10,0,0,5.58,6.28,4.85,5.35,7.83,5.82,0.536,2025-10-20T06:11:19.762363+00:00,370,Southgate_United_20251208101535_370,1,5.82
San Beda University,3395.509,1138.854,33.54,61.98,148,121,4,27,112,17,11,9,5,0,0,8,81.77,1,3,1,6,2,4,0,7,10,6,60.0,7,5,6,2,33.33,0,0,50,30,60.0,12,38,0,2,4,0,0,5.3,6.65,5.28,4.47,7.98,5.83,0.537,2025-08-03T23:17:57.762363+00:00,605,San_Beda_University_20251208101535_605,1,5.83
Stormhold FC,2118.257,525.751,24.82,38.91,130,111,6,19,89,14,9,5,2,8,4,8,85.69,1,4,1,7,3,4,0,9,12,6,50.0,8,9,8,2,25.0,2,3,32,14,43.75,0,32,2,2,6,1,0,6.2,6.46,5.3,5.27,5.81,5.92,0.547,2025-11-15T06:18:06.762363+00:00,678,Stormhold_FC_20251208101535_678,1,5.92
Evergreen Sporting,2466.887,470.189,19.06,45.69,196,127,25,69,126,28,6,6,6,21,3,6,64.9,1,5,1,9,4,5,1,12,7,3,42.86,14,7,8,1,12.5,3,0,26,8,30.77,8,18,2,2,7,2,0,5.4,5.04,5.3,4.58,5.64,5.19,0.466,2025-10-16T07:16:20.762363+00:00,490,Evergreen_Sporting_20251208101535_490,1,5.19
Crown City FC,714.29,184.644,25.85,13.75,41,31,4,10,28,2,3,2,2,1,2,5,76.37,0,1,0,2,1,1,0,2,2,1,50.0,24,12,41,5,12.2,7,0,8,4,50.0,2,6,0,1,6,0,0,5.87,6.11,4.77,4.1,7.83,5.67,0.519,2025-08-26T01:03:35.762363+00:00,27,Crown_City_FC_20251208101535_27,1,5.67
Frontier Rovers,2896.338,705.838,24.37,58.05,156,128,10,28,113,21,11,5,3,1,2,18,82.13,1,4,1,8,3,5,0,6,12,5,41.67,3,7,5,2,40.0,2,1,48,23,47.92,25,23,3,3,5,1,0,4.39,6.05,4.96,4.93,7.72,5.38,0.487,2024-12-22T13:46:11.763363+00:00,636,Frontier_Rovers_20251208101535_636,1,5.38
Riverside FC,1649.125,374.186,22.69,30.77,99,94,2,5,73,8,4,4,2,2,6,0,95.38,0,2,0,4,2,2,0,4,2,1,50.0,8,0,5,1,20.0,0,2,26,18,69.23,0,26,1,2,9,0,0,5.2,5.19,5.65,5.31,6.95,5.48,0.498,2025-07-24T01:32:43.763363+00:00,606,Riverside_FC_20251208101535_606,1,5.48
Goldenfield Rovers,2945.159,295.105,10.02,51.47,230,175,19,55,155,24,4,2,7,16,23,5,75.99,1,3,1,7,3,4,1,7,18,10,55.56,3,6,7,2,28.57,2,1,12,7,58.33,6,6,1,2,5,0,0,5.86,6.35,5.08,4.29,6.89,5.72,0.524,2025-08-25T10:54:02.763363+00:00,39,Goldenfield_Rovers_20251208101535_39,1,5.72
Grand Harbor FC,2838.084,1012.061,35.66,54.25,221,197,6,24,210,26,14,4,6,0,0,0,89.09,1,2,1,8,2,6,1,10,13,9,69.23,5,10,9,3,33.33,0,1,18,12,66.67,5,13,3,3,5,0,0,5.48,5.3,5.78,4.86,7.04,5.56,0.507,2025-07-15T09:26:14.763363+00:00,858,Grand_Harbor_FC_20251208101535_858,1,5.56
Union Crest United,2105.653,539.047,25.6,38.52,147,99,13,48,81,4,0,7,3,29,23,11,67.48,1,4,1,7,2,5,1,9,12,9,75.0,4,8,6,1,16.67,3,1,29,14,48.28,11,18,1,3,10,2,0,5.92,5.79,4.25,4.74,6.02,5.39,0.488,2025-07-07T01:54:33.763363+00:00,508,Union_Crest_United_20251208101535_508,1,5.39
Summit Peak FC,2587.636,233.405,9.02,45.97,135,120,7,15,106,15,6,3,0,1,4,5,88.55,0,5,0,6,2,4,1,4,13,7,53.85,7,3,10,1,10.0,2,2,37,19,51.35,11,26,0,3,5,0,0,5.37,5.72,5.57,4.44,7.63,5.6,0.511,2025-05-14T05:08:34.763363+00:00,923,Summit_Peak_FC_20251208101535_923,1,5.6
Blue Ridge FC,2826.799,664.298,23.5,50.9,223,180,14,43,179,20,19,0,0,1,4,10,80.79,0,8,0,6,3,3,0,6,7,4,57.14,12,4,11,2,18.18,1,0,32,8,25.0,18,14,1,1,3,0,0,5.74,5.66,5.69,4.64,7.64,5.74,0.527,2025-10-22T21:11:52.763363+00:00,779,Blue_Ridge_FC_20251208101535_779,1,5.74
City United,3074.515,182.319,5.93,54.86,205,196,3,9,147,25,20,5,3,2,2,14,95.79,1,2,1,10,4,6,0,8,17,6,35.29,14,6,15,3,20.0,1,1,22,11,50.0,3,19,0,4,5,0,0,6.09,5.78,5.98,4.23,7.69,5.88,0.542,2025-07-06T00:42:57.764363+00:00,159,City_United_20251208101535_159,1,5.88
Royal Haven FC,2912.839,673.157,23.11,55.9,264,238,9,26,196,10,26,0,19,2,10,13,90.01,0,9,0,6,2,4,0,6,10,7,70.0,10,3,9,2,22.22,1,0,14,5,35.71,5,9,0,2,6,1,0,4.41,4.89,5.52,3.83,7.22,4.97,0.441,2025-01-15T18:28:18.764363+00:00,547,Royal_Haven_FC_20251208101535_547,1,4.97
Lakeside Athletic,2086.229,558.692,26.78,42.16,140,110,7,30,85,14,11,1,4,13,12,17,78.5,0,2,0,4,1,3,0,4,12,8,66.67,15,5,16,4,25.0,1,0,29,20,68.97,8,21,0,0,1,0,0,4.49,5.72,3.68,3.87,7.97,4.93,0.437,2025-11-23T12:54:30.764363+00:00,200,Lakeside_Athletic_20251208101535_200,1,4.93
Hillcrest Athletic,3411.686,1007.13,29.52,63.24,244,190,17,54,177,37,22,12,0,0,0,31,77.7,2,6,2,12,6,6,1,14,11,4,36.36,11,2,10,1,10.0,2,2,69,37,53.62,29,40,2,5,4,0,0,6.5,5.01,6.06,4.46,7.6,5.82,0.536,2025-07-15T15:03:56.764363+00:00,611,Hillcrest_Athletic_20251208101535_611,1,5.82
Riverstone FC,3531.811,1138.303,32.23,67.31,254,228,7,26,219,24,24,13,7,0,0,22,89.87,1,9,1,11,4,7,0,8,11,8,72.73,5,7,6,2,33.33,0,0,27,8,29.63,5,22,1,2,3,0,0,5.43,5.77,4.84,6.01,7.63,5.71,0.523,2025-06-05T05:16:29.764363+00:00,360,Riverstone_FC_20251208101535_360,1,5.71
Brookside United,2653.157,755.884,28.49,52.1,218,166,10,52,150,25,7,8,15,5,7,20,76.22,0,4,0,6,3,3,1,9,19,13,68.42,9,6,9,1,11.11,1,1,28,14,50.0,6,22,0,2,8,2,0,5.6,4.47,5.73,4.53,5.52,5.15,0.461,2025-10-02T06:32:20.764363+00:00,429,Brookside_United_20251208101535_429,1,5.15
Dominion Athletic,1894.046,217.058,11.46,34.41,131,105,9,26,83,10,0,5,1,11,20,11,79.84,1,3,1,7,2,5,0,5,10,6,60.0,9,4,6,2,33.33,2,2,14,6,42.86,3,11,2,3,10,3,0,6.17,6.19,5.26,5.13,5.14,5.75,0.528,2025-10-02T03:16:31.764363+00:00,945,Dominion_Athletic_20251208101535_945,1,5.75
Union Crest United,2460.113,463.731,18.85,49.92,184,156,7,28,149,17,14,3,5,0,0,22,84.92,1,7,1,7,2,5,0,6,16,11,68.75,18,6,5,1,20.0,2,0,25,14,56.0,9,16,2,3,10,1,0,6.06,6.07,6.24,4.51,5.94,5.87,0.541,2025-02-14T13:58:08.764363+00:00,946,Union_Crest_United_20251208101535_946,1,5.87
Dominion Athletic,2854.837,864.73,30.29,51.96,233,181,16,52,184,27,24,12,0,0,0,43,77.52,1,10,1,11,5,6,1,11,13,8,61.54,10,4,13,3,23.08,1,1,45,18,40.0,1,44,2,2,4,0,0,5.49,5.34,4.44,4.4,7.68,5.3,0.478,2025-06-28T03:00:21.765363+00:00,931,Dominion_Athletic_20251208101535_931,1,5.3
Prime City Athletic,2487.317,565.865,22.75,45.91,133,102,7,31,102,8,10,4,5,1,2,22,76.7,0,2,1,5,2,3,0,9,10,4,40.0,5,9,5,1,20.0,1,1,19,8,42.11,5,14,0,2,0,0,0,6.73,5.24,5.23,5.05,6.92,5.8,0.533,2025-08-16T08:16:11.765363+00:00,487,Prime_City_Athletic_20251208101535_487,1,5.8
Union Crest United,3118.483,1079.307,34.61,55.15,214,170,24,44,163,14,22,1,6,2,7,13,79.37,0,7,0,7,2,5,0,7,5,2,40.0,8,12,11,3,27.27,2,3,54,32,59.26,12,42,2,0,1,0,0,5.8,5.65,5.49,5.24,7.45,5.78,0.531,2025-02-27T08:19:39.765363+00:00,840,Union_Crest_United_20251208101535_840,1,5.78
Metro FC,3337.606,533.016,15.97,58.91,252,203,3,49,179,33,4,12,4,13,7,37,80.57,1,9,1,11,4,7,1,9,16,11,68.75,5,5,7,1,14.29,2,2,34,21,61.76,6,28,0,2,2,1,0,6.47,5.88,5.36,5.08,7.43,5.98,0.553,2025-11-17T12:20:27.765363+00:00,555,Metro_FC_20251208101535_555,1,5.98
Grand Harbor FC,3991.785,1609.887,40.33,70.95,267,198,27,69,204,27,29,10,4,0,0,33,74.02,2,8,2,12,5,7,1,11,23,11,47.83,1,3,3,1,33.33,2,0,50,24,48.0,7,43,2,2,5,0,0,5.43,6.59,5.82,4.1,7.39,5.84,0.538,2025-05-12T18:07:04.765363+00:00,428,Grand_Harbor_FC_20251208101535_428,1,5.84
Valley Rovers,2769.394,868.205,31.35,48.84,153,125,14,28,92,17,6,6,6,3,25,10,81.85,1,3,1,10,4,6,0,11,13,6,46.15,4,4,12,3,25.0,3,0,18,8,44.44,5,13,0,2,6,0,0,6.04,4.29,5.81,3.5,7.41,5.29,0.477,2025-11-06T12:55:10.765363+00:00,727,Valley_Rovers_20251208101535_727,1,5.29
Westwood Athletic,3374.787,787.675,23.34,66.09,171,114,24,57,147,22,13,4,6,0,0,11,66.85,1,6,1,9,4,5,0,11,17,12,70.59,5,2,9,3,33.33,1,2,67,15,22.39,23,44,2,3,6,0,0,6.71,5.79,4.59,5.08,8.11,5.94,0.549,2025-01-23T05:41:14.765363+00:00,171,Westwood_Athletic_20251208101535_171,1,5.94
Evergreen Sporting,2818.316,596.919,21.18,54.64,168,143,12,25,120,16,8,0,3,7,14,13,84.97,1,4,1,5,1,4,0,7,13,7,53.85,4,9,8,2,25.0,1,0,19,8,42.11,6,13,0,0,3,0,0,6.62,5.73,5.46,4.33,8.22,5.98,0.553,2025-03-02T20:05:41.766363+00:00,845,Evergreen_Sporting_20251208101535_845,1,5.98
Crown City FC,3346.993,700.86,20.94,59.94,352,296,23,56,212,41,27,15,10,17,30,39,84.22,1,5,1,7,2,5,0,6,15,9,60.0,5,3,5,1,20.0,1,0,22,14,63.64,4,18,2,2,4,0,0,5.94,5.76,6.14,3.94,7.36,5.79,0.532,2025-01-03T12:58:31.766363+00:00,552,Crown_City_FC_20251208101535_552,1,5.79
Harborview United,2756.016,1196.938,43.43,50.23,183,144,14,39,148,16,12,1,1,3,2,24,78.84,0,3,0,6,3,3,0,6,17,7,41.18,13,14,10,3,30.0,2,0,42,25,59.52,13,29,0,1,3,0,0,5.74,5.42,5.0,5.28,7.09,5.57,0.508,2025-10-07T04:13:08.766363+00:00,122,Harborview_United_20251208101535_122,1,5.57
Westwood Athletic,2674.352,483.523,18.08,51.19,201,113,30,88,123,17,14,12,2,17,15,6,55.99,1,4,1,7,3,4,1,8,10,6,60.0,10,5,15,3,20.0,3,2,18,9,50.0,7,11,2,2,3,0,0,5.47,5.4,4.04,3.83,7.72,5.16,0.462,2025-10-12T00:16:27.766363+00:00,195,Westwood_Athletic_20251208101535_195,1,5.16
Southgate United,2432.954,432.579,17.78,46.62,152,125,11,27,97,21,13,7,1,6,7,11,82.46,1,4,1,7,3,4,0,7,14,9,64.29,9,9,10,3,30.0,2,0,24,10,41.67,8,16,1,0,3,0,1,6.88,6.66,5.8,4.02,5.02,6.02,0.558,2025-03-18T01:43:19.766363+00:00,487,Southgate_United_20251208101535_487,1,6.02
Eastview Rangers,2982.125,1049.112,35.18,53.39,124,110,5,14,87,13,0,2,3,11,8,15,88.4,1,2,1,8,3,5,1,5,5,4,80.0,7,7,3,1,33.33,3,0,27,16,59.26,8,19,2,3,7,1,0,5.94,6.86,5.15,4.4,6.79,5.91,0.546,2025-10-07T08:26:32.766363+00:00,641,Eastview_Rangers_20251208101535_641,1,5.91
Dominion Athletic,2870.518,982.865,34.24,52.54,232,158,28,74,177,21,0,4,7,6,18,26,68.01,1,8,1,8,4,4,1,11,23,11,47.83,7,2,12,2,16.67,1,2,20,10,50.0,4,16,2,1,5,0,0,6.61,6.02,4.87,5.04,7.81,6.0,0.556,2025-01-18T06:35:39.766363+00:00,687,Dominion_Athletic_20251208101535_687,1,6.0
Hillcrest Athletic,1644.222,324.405,19.73,33.82,77,61,6,16,53,6,4,3,0,3,6,9,78.85,1,1,1,4,2,2,0,6,3,1,33.33,17,8,17,6,35.29,2,1,19,5,26.32,3,16,1,0,13,0,0,4.63,5.44,5.08,4.2,7.52,5.18,0.464,2025-09-08T15:19:16.766363+00:00,943,Hillcrest_Athletic_20251208101535_943,1,5.18
Coastal Town,1834.307,426.293,23.24,34.44,109,81,7,28,74,3,7,3,3,15,4,10,74.69,0,0,0,4,2,2,0,6,5,2,40.0,14,10,6,2,33.33,2,0,24,16,66.67,11,13,0,3,10,1,0,4.69,4.99,5.63,5.15,7.3,5.29,0.477,2025-11-13T22:34:03.767363+00:00,968,Coastal_Town_20251208101535_968,1,5.29
Redwood Borough,2951.805,225.518,7.64,53.84,148,119,6,29,99,17,14,2,3,9,5,19,80.1,1,6,1,8,4,4,1,5,17,8,47.06,1,0,15,5,33.33,1,0,40,26,65.0,25,15,0,3,7,0,0,6.51,5.99,4.92,4.78,8.44,6.0,0.556,2025-04-12T00:47:40.767363+00:00,425,Redwood_Borough_20251208101535_425,1,6.0
Stormhold FC,2193.165,366.259,16.7,41.76,175,128,22,47,150,25,15,4,1,0,0,7,73.12,1,3,1,7,2,5,1,10,16,8,50.0,6,7,22,5,22.73,3,0,25,12,48.0,0,25,2,2,7,0,0,5.53,6.56,5.3,4.82,7.2,5.84,0.538,2025-08-30T13:55:23.767363+00:00,14,Stormhold_FC_20251208101535_14,1,5.84
Crestfall Town,841.158,118.687,14.11,16.58,72,53,3,19,57,9,5,2,1,0,0,6,73.92,0,2,0,3,1,2,0,2,3,2,66.67,9,18,16,3,18.75,3,1,2,1,50.0,1,1,0,3,9,1,0,4.74,4.88,3.74,3.92,6.17,4.61,0.401,2025-10-03T01:46:17.767363+00:00,257,Crestfall_Town_20251208101535_257,1,4.61
Westwood Athletic,2282.022,553.619,24.26,46.12,140,110,5,30,104,17,4,7,3,3,2,4,78.92,0,7,0,4,1,3,0,4,16,6,37.5,11,8,21,8,38.1,2,0,28,11,39.29,2,26,0,0,5,0,1,6.18,5.58,5.63,4.24,5.83,5.6,0.511,2025-07-20T19:34:25.767363+00:00,335,Westwood_Athletic_20251208101535_335,1,5.6
Crestfall Town,3362.519,284.133,8.45,63.93,271,205,41,66,176,35,12,15,15,10,8,7,75.73,1,5,1,8,1,7,0,10,9,5,55.56,4,3,8,1,12.5,1,0,48,29,60.42,15,33,4,2,5,0,0,7.01,5.23,6.2,3.87,6.81,5.89,0.543,2025-04-18T13:09:30.767363+00:00,137,Crestfall_Town_20251208101535_137,1,5.89
Garden State FC,2681.795,242.166,9.03,54.22,169,121,38,48,122,18,14,6,1,3,5,21,71.42,1,2,1,8,3,5,1,10,14,8,57.14,3,5,11,1,9.09,2,2,0,0,21.74,0,0,1,3,8,0,0,6.62,6.48,5.1,4.41,7.88,6.09,0.566,2025-03-23T07:33:52.767363+00:00,222,Garden_State_FC_20251208101535_222,1,6.09
City United,3224.49,645.543,20.02,57.44,242,195,17,47,158,24,18,15,10,2,14,31,80.74,1,5,1,6,2,4,0,7,15,11,73.33,12,0,10,3,30.0,1,1,40,22,55.0,17,23,0,3,3,0,0,6.88,5.83,5.7,4.85,7.59,6.14,0.571,2025-08-09T16:43:12.768363+00:00,996,City_United_20251208101535_996,1,6.14
Southgate United,2791.031,202.35,7.25,56.04,281,230,13,51,183,61,35,14,10,0,0,53,81.91,1,9,1,9,4,5,1,12,15,6,40.0,10,6,14,4,28.57,2,0,48,23,47.92,9,39,2,2,8,1,0,6.45,5.34,5.18,4.27,6.52,5.59,0.51,2025-06-17T04:01:10.768363+00:00,749,Southgate_United_20251208101535_749,1,5.59
Southgate United,2275.437,254.394,11.18,45.92,129,100,5,29,78,23,1,6,3,10,8,11,77.67,1,3,1,7,3,4,0,8,9,6,66.67,8,14,15,3,20.0,5,0,21,13,61.9,6,15,0,2,12,1,0,6.09,5.54,5.17,5.45,5.89,5.64,0.516,2025-04-25T22:29:54.768363+00:00,497,Southgate_United_20251208101535_497,1,5.64
Northbridge FC,2421.434,561.046,23.17,43.08,178,124,16,54,148,17,11,7,5,0,0,12,69.63,0,1,0,5,2,3,0,4,3,2,66.67,7,2,10,1,10.0,2,0,26,17,65.38,3,23,0,2,10,2,0,5.18,5.37,4.66,4.0,5.81,5.03,0.448,2025-08-17T10:47:21.768363+00:00,67,Northbridge_FC_20251208101535_67,1,5.03
Riverside FC,3702.598,459.492,12.41,66.24,206,161,23,45,155,29,9,0,1,4,8,22,78.22,1,4,1,10,5,5,0,15,12,8,66.67,8,3,8,1,12.5,2,0,34,19,55.88,15,19,3,4,4,1,0,6.49,5.53,4.82,4.84,6.61,5.67,0.519,2024-12-08T23:53:00.768363+00:00,429,Riverside_FC_20251208101535_429,1,5.67
Silverlake City,2345.611,559.428,23.85,47.79,134,128,2,6,89,15,8,4,1,13,4,9,95.44,0,2,0,3,1,2,0,4,13,7,53.85,13,9,18,1,5.56,0,0,23,17,73.91,7,16,0,2,4,0,0,5.49,6.04,6.56,4.34,7.25,5.87,0.541,2025-08-02T01:13:02.768363+00:00,161,Silverlake_City_20251208101535_161,1,5.87
Highland Wanderers,2411.989,540.286,22.4,43.64,211,165,11,46,159,25,11,3,4,1,7,23,78.32,0,6,0,5,2,3,0,4,18,10,55.56,17,8,15,4,26.67,2,1,14,9,64.29,1,13,0,2,5,0,0,5.12,6.48,5.5,5.07,7.7,5.83,0.537,2025-04-12T02:46:35.768363+00:00,585,Highland_Wanderers_20251208101535_585,1,5.83
Grand Harbor FC,3376.636,995.77,29.49,66.01,242,185,30,57,136,21,8,11,12,38,16,13,76.61,1,2,1,8,3,5,1,8,13,9,69.23,6,4,7,2,28.57,1,0,42,20,47.62,10,32,1,1,5,1,0,7.07,5.89,5.48,5.49,6.74,6.17,0.574,2025-08-17T20:11:01.769363+00:00,749,Grand_Harbor_FC_20251208101535_749,1,6.17
Southgate United,1455.142,510.464,35.08,29.58,99,90,4,9,69,10,9,2,2,3,5,9,90.95,1,1,1,3,1,2,0,3,3,2,66.67,9,7,12,3,25.0,3,1,12,5,41.67,5,7,0,2,15,0,0,6.58,6.49,5.85,5.01,6.96,6.23,0.581,2025-11-26T16:59:41.769363+00:00,575,Southgate_United_20251208101535_575,1,6.23
Eastview Rangers,2575.302,463.297,17.99,51.68,165,155,4,10,120,20,15,5,0,3,1,8,93.64,1,5,1,9,5,4,1,7,15,6,40.0,19,2,0,0,0.0,2,0,26,16,61.54,5,21,0,3,8,1,0,5.31,5.67,5.89,4.34,7.0,5.56,0.507,2025-02-12T04:34:09.769363+00:00,250,Eastview_Rangers_20251208101535_250,1,5.56
Silverlake City,2935.108,504.839,17.2,57.34,220,170,10,50,187,13,17,7,11,0,0,17,77.19,0,3,0,6,1,5,0,3,6,4,66.67,13,6,7,2,28.57,1,1,38,19,50.0,11,27,1,2,8,1,0,5.24,6.34,5.58,3.92,6.63,5.57,0.508,2025-12-01T18:01:18.769363+00:00,227,Silverlake_City_20251208101535_227,1,5.57
Grand Harbor FC,2653.44,106.138,4.0,46.43,144,94,21,50,93,18,9,5,5,6,9,25,64.96,1,4,1,7,2,5,0,6,6,5,83.33,17,8,10,2,20.0,3,0,35,13,37.14,10,25,1,0,1,2,0,6.07,5.57,4.46,5.7,6.19,5.57,0.508,2025-01-01T05:44:05.769363+00:00,367,Grand_Harbor_FC_20251208101535_367,1,5.57
Lakeside Athletic,2462.327,365.409,14.84,43.21,158,116,14,42,123,10,2,3,1,10,9,2,73.58,1,2,1,8,3,5,0,9,17,14,82.35,0,3,19,4,21.05,0,2,16,10,62.5,6,10,2,2,9,0,0,5.78,5.66,5.53,4.61,7.63,5.72,0.524,2025-02-14T09:22:16.769363+00:00,356,Lakeside_Athletic_20251208101535_356,1,5.72
Twin Oak Rangers,2684.387,618.483,23.04,47.26,194,141,25,53,161,7,12,14,1,0,0,16,72.72,0,4,0,6,3,3,0,4,11,7,63.64,5,7,12,5,41.67,2,0,6,3,50.0,3,3,1,2,3,0,0,5.82,5.94,5.29,4.71,6.8,5.69,0.521,2025-07-06T18:18:54.769363+00:00,506,Twin_Oak_Rangers_20251208101535_506,1,5.69
Grand Harbor FC,2900.391,629.095,21.69,55.08,155,109,19,46,112,24,7,7,2,1,1,14,70.1,0,2,0,5,2,3,0,6,6,5,83.33,8,6,6,1,16.67,2,1,21,12,57.14,5,16,0,2,5,0,0,6.45,3.89,5.01,4.18,7.25,5.21,0.468,2025-10-18T05:52:34.769363+00:00,26,Grand_Harbor_FC_20251208101535_26,1,5.21
Grand Harbor FC,2769.281,695.92,25.13,52.0,183,138,15,45,131,14,13,10,2,8,6,9,75.57,1,6,1,7,2,5,1,8,7,3,42.86,6,8,7,2,28.57,2,2,11,4,36.36,2,9,1,3,10,1,0,5.63,5.9,4.74,4.56,6.43,5.46,0.496,2025-02-01T01:48:53.770363+00:00,201,Grand_Harbor_FC_20251208101535_201,1,5.46
Westwood Athletic,1825.753,561.602,30.76,36.83,121,106,4,15,88,7,10,6,5,2,3,4,87.94,1,2,1,4,1,3,0,3,2,1,50.0,7,12,17,2,11.76,0,0,2,1,50.0,1,1,2,0,9,2,0,4.79,5.92,5.23,3.48,6.6,5.19,0.466,2025-03-17T09:23:35.770363+00:00,336,Westwood_Athletic_20251208101535_336,1,5.19
Valley Rovers,2567.324,632.332,24.63,49.9,169,142,7,27,152,10,1,7,3,0,0,14,84.06,1,2,1,7,3,4,1,7,7,5,71.43,16,6,5,2,40.0,1,0,26,13,50.0,6,20,0,1,8,2,0,5.92,5.91,4.7,4.69,6.05,5.51,0.501,2025-10-19T06:49:54.770363+00:00,53,Valley_Rovers_20251208101535_53,1,5.51
Union Crest United,3367.226,616.876,18.32,65.49,216,171,12,45,139,30,11,9,6,11,10,0,79.18,1,7,1,10,4,6,2,15,16,10,62.5,10,8,10,3,30.0,2,3,26,11,42.31,3,23,0,1,8,1,0,6.43,5.96,6.92,4.38,6.48,6.11,0.568,2025-08-04T22:36:04.770363+00:00,726,Union_Crest_United_20251208101535_726,1,6.11
Goldenfield Rovers,1904.333,419.144,22.01,35.49,145,136,3,9,81,17,9,3,0,15,20,0,93.48,0,4,0,3,1,2,0,3,8,5,62.5,13,8,12,3,25.0,3,0,24,9,37.5,7,17,0,2,0,0,0,4.78,5.93,5.15,4.83,7.2,5.42,0.491,2025-09-18T01:43:55.770363+00:00,448,Goldenfield_Rovers_20251208101535_448,1,5.42
Dominion Athletic,2769.109,701.415,25.33,51.56,183,136,18,47,116,5,14,4,9,20,15,18,74.56,1,4,1,4,1,3,0,3,10,5,50.0,13,9,11,4,36.36,1,0,13,8,61.54,5,8,0,2,6,0,0,5.46,5.29,4.94,4.15,7.67,5.35,0.483,2025-09-03T05:23:44.770363+00:00,223,Dominion_Athletic_20251208101535_223,1,5.35
Oldtown United,4005.098,759.367,18.96,81.84,264,212,14,52,190,20,26,2,0,10,16,35,80.28,1,3,2,11,4,7,1,13,10,6,60.0,3,3,5,1,20.0,1,1,68,47,69.12,25,43,0,5,3,0,0,7.51,4.99,4.52,4.53,7.58,5.8,0.533,2025-06-17T10:56:31.770363+00:00,370,Oldtown_United_20251208101535_370,1,5.8
Westwood Athletic,2009.397,542.336,26.99,36.83,82,56,8,26,62,13,3,2,0,1,1,6,67.94,0,2,0,4,1,3,0,2,0,0,33.88,8,11,12,2,16.67,0,1,29,16,55.17,14,15,0,2,12,2,0,4.72,4.77,5.4,4.22,5.25,4.85,0.428,2025-12-04T20:38:04.771363+00:00,562,Westwood_Athletic_20251208101535_562,1,4.85
Ironforge FC,2680.973,581.235,21.68,53.32,251,196,28,55,203,16,29,3,7,0,0,22,78.02,0,3,0,5,2,3,0,6,13,7,53.85,17,10,8,2,25.0,3,4,4,2,50.0,0,4,0,2,4,0,0,5.43,5.51,5.91,4.35,7.21,5.58,0.509,2025-10-19T11:31:48.771363+00:00,666,Ironforge_FC_20251208101535_666,1,5.58
Dominion Athletic,1944.36,567.559,29.19,37.88,98,83,6,15,93,14,7,0,4,0,0,14,84.57,0,2,0,5,2,3,0,5,7,2,28.57,6,6,22,6,27.27,2,0,11,7,63.64,5,6,2,3,8,1,0,5.67,5.34,6.19,6.08,6.85,5.86,0.54,2025-06-13T04:50:05.771363+00:00,725,Dominion_Athletic_20251208101535_725,1,5.86
City United,2043.658,217.65,10.65,38.15,109,92,6,17,84,11,1,5,5,2,2,10,84.56,1,2,1,7,3,4,0,5,8,4,50.0,14,8,14,4,28.57,3,1,7,2,28.57,2,5,2,3,1,1,0,4.8,6.59,5.34,5.3,7.16,5.72,0.524,2025-03-11T23:47:58.771363+00:00,12,City_United_20251208101535_12,1,5.72
Crestfall Town,1719.324,517.173,30.08,33.52,119,108,5,11,62,9,11,6,1,23,6,15,90.81,0,2,0,4,2,2,0,4,19,11,57.89,24,6,5,2,40.0,1,1,18,8,44.44,7,11,0,0,1,0,0,4.75,5.76,5.81,5.7,8.26,5.73,0.526,2025-04-03T05:36:10.771363+00:00,997,Crestfall_Town_20251208101535_997,1,5.73
Oldtown United,2098.594,496.108,23.64,38.51,138,108,3,30,131,7,8,4,4,0,0,13,77.97,1,4,1,4,2,2,0,4,11,8,72.73,19,7,16,1,6.25,2,2,0,0,19.08,1,-1,1,0,8,2,0,5.92,5.39,4.76,3.94,5.58,5.23,0.47,2025-10-14T02:17:21.771363+00:00,64,Oldtown_United_20251208101535_64,1,5.23
Crown City FC,2070.515,206.844,9.99,39.13,121,86,10,35,96,4,4,4,5,3,4,10,70.97,0,2,0,4,2,2,0,4,4,2,50.0,20,7,13,4,30.77,3,0,15,7,46.67,3,12,1,1,11,0,0,5.39,5.88,4.85,4.72,7.76,5.56,0.507,2024-12-10T12:46:30.771363+00:00,938,Crown_City_FC_20251208101535_938,1,5.56
Summit Peak FC,2421.326,803.396,33.18,48.25,138,114,3,24,94,20,2,2,3,5,12,18,82.88,1,3,1,6,2,4,0,4,21,5,23.81,14,6,11,3,27.27,3,0,17,8,47.06,4,13,0,3,5,1,0,5.36,6.69,5.53,3.52,5.89,5.56,0.507,2025-10-25T15:45:17.771363+00:00,958,Summit_Peak_FC_20251208101535_958,1,5.56
Goldenfield Rovers,3137.955,844.11,26.9,56.27,247,166,31,81,162,45,0,12,10,9,9,15,67.01,1,8,1,5,2,3,1,6,24,15,62.5,6,4,7,1,14.29,1,1,10,5,50.0,2,8,0,2,7,3,0,5.68,5.85,5.71,4.22,5.26,5.49,0.499,2025-11-09T19:06:49.772363+00:00,106,Goldenfield_Rovers_20251208101535_106,1,5.49
Royal Haven FC,2259.212,509.904,22.57,41.22,100,82,7,18,68,11,7,0,1,5,8,6,82.16,0,1,0,4,2,2,0,5,7,4,57.14,11,1,12,3,25.0,0,0,23,14,60.87,6,17,0,2,7,3,0,5.04,6.58,4.17,4.21,4.39,5.12,0.458,2025-12-03T00:06:21.772363+00:00,542,Royal_Haven_FC_20251208101535_542,1,5.12
Crown City FC,3197.19,1514.509,47.37,57.24,270,149,33,121,195,15,16,4,0,24,16,10,55.31,1,7,1,8,3,5,0,8,22,12,54.55,13,5,9,2,22.22,1,0,25,14,56.0,10,15,0,1,9,1,0,7.16,5.97,4.66,4.38,7.06,5.93,0.548,2025-01-18T11:30:07.772363+00:00,168,Crown_City_FC_20251208101535_168,1,5.93
Crown City FC,2085.378,426.043,20.43,40.22,101,79,10,22,73,12,6,3,3,2,2,9,77.88,1,2,1,8,3,5,0,9,0,0,26.04,4,7,18,4,22.22,1,0,12,8,66.67,3,9,0,1,4,0,0,6.85,4.25,5.03,5.26,7.88,5.64,0.516,2025-10-18T11:58:25.772363+00:00,185,Crown_City_FC_20251208101535_185,1,5.64
Silverlake City,2358.692,200.489,8.5,45.33,168,128,15,40,95,15,8,8,2,22,19,0,76.21,0,5,0,3,1,2,0,5,4,2,50.0,11,11,10,3,30.0,2,2,29,17,58.62,9,20,0,1,12,1,0,5.54,5.75,4.76,5.52,7.4,5.63,0.514,2025-07-07T20:35:01.772363+00:00,829,Silverlake_City_20251208101535_829,1,5.63
Riverside FC,3186.063,643.266,20.19,64.72,163,108,14,55,101,11,3,3,0,17,27,14,66.39,2,3,2,10,3,7,1,8,8,4,50.0,6,2,17,1,5.88,1,2,47,29,61.7,11,36,1,2,2,2,0,6.32,6.04,4.71,5.05,5.77,5.69,0.521,2025-07-09T01:50:04.772363+00:00,134,Riverside_FC_20251208101535_134,1,5.69
Hillcrest Athletic,2397.646,313.852,13.09,47.44,141,119,7,22,91,18,4,4,6,9,9,9,84.18,1,2,1,7,2,5,0,8,6,4,66.67,14,8,4,0,0.0,0,1,18,9,50.0,4,14,2,1,11,0,0,5.44,5.45,4.58,4.45,7.37,5.33,0.481,2025-01-05T18:14:08.772363+00:00,752,Hillcrest_Athletic_20251208101535_752,1,5.33
Westwood Athletic,3246.707,730.509,22.5,61.83,231,159,15,72,183,18,6,9,2,6,7,19,69.01,1,3,1,8,2,6,0,6,8,4,50.0,10,4,9,2,22.22,4,0,30,20,66.67,7,23,1,3,6,0,0,6.09,5.85,4.68,4.89,8.03,5.77,0.53,2025-03-18T15:02:29.773364+00:00,144,Westwood_Athletic_20251208101535_144,1,5.77
Riverside FC,2410.185,414.552,17.2,43.14,153,126,9,27,104,28,6,3,6,3,3,27,82.58,1,4,1,5,1,4,0,3,15,10,66.67,5,9,16,1,6.25,3,0,39,23,58.97,12,27,0,0,10,0,0,6.47,4.66,6.02,5.3,7.51,5.81,0.534,2025-10-27T14:20:24.773364+00:00,826,Riverside_FC_20251208101535_826,1,5.81
Dominion Athletic,3322.593,500.715,15.07,58.27,338,202,47,136,217,29,21,15,13,11,33,21,59.66,1,3,1,7,2,5,1,6,13,8,61.54,3,5,3,0,0.0,2,0,42,18,42.86,12,30,1,4,9,3,0,6.23,5.39,5.06,4.21,4.56,5.31,0.479,2025-08-28T04:58:31.773364+00:00,97,Dominion_Athletic_20251208101535_97,1,5.31
Northbridge FC,3467.159,846.334,24.41,69.28,177,143,9,34,161,18,17,8,0,0,0,23,80.88,1,3,1,9,3,6,0,9,23,5,21.74,9,4,3,0,0.0,1,1,30,16,53.33,14,16,0,2,4,0,0,7.37,5.92,5.48,5.45,7.56,6.34,0.593,2025-11-20T06:30:51.773364+00:00,532,Northbridge_FC_20251208101535_532,1,6.34
Goldenfield Rovers,1463.855,453.795,31.0,25.64,64,50,8,14,48,4,1,0,1,5,5,8,78.8,1,2,1,5,2,3,0,5,7,3,42.86,15,10,0,0,0.0,4,1,21,10,47.62,11,10,0,1,14,2,0,6.28,5.5,5.32,4.38,5.93,5.57,0.508,2024-12-30T08:21:36.773364+00:00,440,Goldenfield_Rovers_20251208101535_440,1,5.57
Lakeside Athletic,2190.899,409.26,18.68,42.26,144,116,13,28,112,7,9,7,10,0,0,15,80.47,0,0,1,7,3,4,0,9,6,4,66.67,8,4,17,4,23.53,1,2,28,14,50.0,11,17,1,1,6,1,0,6.16,5.28,4.74,5.44,5.98,5.51,0.501,2025-01-24T11:23:56.773364+00:00,988,Lakeside_Athletic_20251208101535_988,1,5.51
Royal Haven FC,3118.839,329.038,10.55,57.71,175,163,4,12,121,24,5,10,3,6,6,22,93.13,0,3,0,6,3,3,1,5,18,14,77.78,9,7,10,0,0.0,1,1,32,16,50.0,7,25,1,4,8,0,0,4.67,5.29,5.6,4.2,7.19,5.22,0.469,2024-12-22T16:39:14.773364+00:00,459,Royal_Haven_FC_20251208101535_459,1,5.22
Prime City Athletic,2763.247,305.891,11.07,55.02,178,144,5,34,135,7,13,2,10,3,8,9,80.9,0,0,1,5,2,3,0,6,20,12,60.0,8,2,7,2,28.57,2,0,18,13,72.22,5,13,0,1,4,1,0,5.61,6.07,5.95,4.66,6.02,5.71,0.523,2025-11-27T11:56:49.774363+00:00,675,Prime_City_Athletic_20251208101535_675,1,5.71
Crown City FC,2816.116,804.564,28.57,53.14,174,150,11,24,128,28,11,13,0,0,0,22,86.26,1,5,1,10,3,7,1,11,9,5,55.56,13,3,1,0,0.0,2,0,31,21,67.74,11,20,1,2,11,2,0,6.7,6.52,5.7,4.62,6.25,6.11,0.568,2025-08-08T05:20:30.774363+00:00,339,Crown_City_FC_20251208101535_339,1,6.11
Highland Wanderers,3183.316,443.754,13.94,65.33,247,172,40,75,162,2,12,13,3,20,35,7,69.67,1,7,1,11,5,6,0,10,1,1,100.0,4,5,11,4,36.36,1,3,16,9,56.25,2,14,1,3,6,0,0,6.09,5.1,5.03,3.82,7.85,5.46,0.496,2025-04-05T22:23:03.774363+00:00,504,Highland_Wanderers_20251208101535_504,1,5.46
2 Worlds FC,2731.737,752.594,27.55,55.99,187,119,26,68,120,29,3,8,6,14,7,14,63.88,1,3,1,10,2,8,0,15,8,5,62.5,7,6,17,5,29.41,2,1,29,13,44.83,14,15,3,0,1,0,0,6.44,6.17,5.44,4.57,7.43,6.0,0.556,2025-04-01T22:14:03.774363+00:00,432,2_Worlds_FC_20251208101535_432,1,6.0
Lakeside Athletic,2551.705,550.658,21.58,50.82,203,141,31,62,133,0,1,3,0,35,31,23,69.37,0,4,0,5,2,3,1,4,11,6,54.55,10,6,14,4,28.57,2,0,30,16,53.33,12,18,0,2,7,0,0,5.58,6.62,5.24,4.88,7.68,5.92,0.547,2025-12-08T03:20:47.774363+00:00,868,Lakeside_Athletic_20251208101535_868,1,5.92
2 Worlds FC,2947.098,652.782,22.15,59.28,183,138,11,45,146,17,8,9,4,0,0,16,75.44,1,4,1,7,3,4,0,8,2,1,50.0,13,5,12,3,25.0,1,2,0,0,73.19,0,0,1,2,0,0,0,6.07,5.09,4.98,3.84,7.58,5.42,0.491,2025-04-26T20:12:55.774363+00:00,771,2_Worlds_FC_20251208101535_771,1,5.42
Pioneer Ville FC,2564.078,307.177,11.98,51.94,180,145,15,35,131,19,14,5,0,8,4,20,80.8,1,2,1,7,3,4,1,5,5,4,80.0,13,13,20,7,35.0,1,3,47,31,65.96,14,33,0,1,8,0,0,5.82,5.27,5.45,3.96,7.64,5.51,0.501,2025-11-12T08:28:53.774363+00:00,999,Pioneer_Ville_FC_20251208101535_999,1,5.51
Goldenfield Rovers,2742.743,573.782,20.92,55.54,236,190,13,46,155,41,20,2,12,3,3,40,80.57,1,3,1,9,2,7,0,10,4,3,75.0,5,5,18,3,16.67,1,2,29,12,41.38,7,22,1,2,7,0,0,6.5,5.1,6.52,5.15,7.98,6.07,0.563,2025-05-01T03:34:26.774363+00:00,658,Goldenfield_Rovers_20251208101535_658,1,6.07
Oldtown United,2499.557,626.889,25.08,45.99,150,136,4,14,111,11,3,0,5,9,11,10,90.75,1,3,1,10,3,7,0,14,10,6,60.0,10,9,19,5,26.32,1,1,22,11,50.0,3,19,3,3,5,0,0,4.85,6.64,5.43,4.9,8.07,5.8,0.533,2025-10-14T09:19:05.775363+00:00,342,Oldtown_United_20251208101535_342,1,5.8
Oldtown United,2017.232,703.005,34.85,39.43,149,138,4,11,101,9,13,1,5,6,13,7,92.57,0,3,0,3,1,2,0,4,15,8,53.33,13,10,15,3,20.0,0,0,34,20,58.82,17,17,1,2,14,0,0,5.24,6.16,5.4,5.19,7.69,5.77,0.53,2025-04-24T15:25:54.775363+00:00,966,Oldtown_United_20251208101535_966,1,5.77
Northbridge FC,2880.792,310.837,10.79,55.28,198,159,10,39,130,24,7,14,1,13,11,5,80.11,0,5,0,7,2,5,0,11,9,5,55.56,6,0,4,1,25.0,2,0,29,7,24.14,11,18,2,3,7,0,0,5.3,5.33,5.83,4.48,8.12,5.58,0.509,2025-08-16T19:44:06.775363+00:00,217,Northbridge_FC_20251208101535_217,1,5.58
Crestfall Town,2357.43,473.608,20.09,44.67,198,124,16,74,138,29,8,12,2,2,7,17,62.81,0,1,0,6,2,4,0,5,13,8,61.54,9,10,17,6,35.29,2,1,27,10,37.04,3,24,2,3,6,0,0,4.17,6.54,4.77,4.66,7.61,5.37,0.486,2025-03-13T20:20:31.775363+00:00,49,Crestfall_Town_20251208101535_49,1,5.37
Dominion Athletic,2996.198,628.303,20.97,61.0,241,187,16,54,163,30,25,7,3,5,8,25,77.67,1,3,1,7,3,4,1,12,4,3,75.0,6,4,11,2,18.18,2,0,17,9,52.94,4,13,1,1,6,1,0,5.27,4.56,5.68,3.93,6.69,5.11,0.457,2025-10-29T06:25:41.775363+00:00,130,Dominion_Athletic_20251208101535_130,1,5.11
Millennium Rovers,1458.044,373.697,25.63,29.81,108,81,7,27,77,13,6,2,2,4,4,10,74.71,0,6,0,5,2,3,1,6,7,4,57.14,4,9,1,0,0.0,4,0,8,5,62.5,0,8,1,0,11,0,0,5.12,4.89,4.63,4.09,7.56,5.06,0.451,2025-06-25T20:34:56.775363+00:00,61,Millennium_Rovers_20251208101535_61,1,5.06
Frontier Rovers,3959.156,888.435,22.44,69.9,313,227,4,86,190,46,5,2,10,16,43,4,72.47,0,8,0,9,3,6,1,10,18,14,77.78,5,4,5,1,20.0,0,0,37,19,51.35,6,31,0,6,0,0,0,5.18,5.98,5.25,4.08,7.02,5.45,0.494,2025-10-24T09:36:03.775363+00:00,397,Frontier_Rovers_20251208101535_397,1,5.45
Ironforge FC,2318.692,542.11,23.38,42.22,166,119,18,47,111,23,8,10,3,5,7,15,71.76,0,4,0,7,3,4,1,8,7,5,71.43,9,7,6,2,33.33,2,1,30,15,50.0,10,20,0,2,6,0,0,6.19,6.68,5.16,5.48,7.18,6.12,0.569,2025-06-29T14:33:49.775363+00:00,41,Ironforge_FC_20251208101535_41,1,6.12
Eastview Rangers,2604.616,879.318,33.76,50.51,161,115,14,46,117,27,13,5,6,0,0,6,71.53,1,5,1,10,3,7,1,13,3,1,33.33,9,5,11,2,18.18,2,0,30,18,60.0,5,25,3,4,6,2,0,6.27,5.49,4.94,4.73,5.95,5.54,0.504,2025-03-13T12:21:07.776363+00:00,737,Eastview_Rangers_20251208101535_737,1,5.54
Highland Wanderers,3057.456,198.123,6.48,56.07,138,110,13,28,89,24,6,3,7,2,7,4,79.58,1,3,1,12,4,8,0,11,11,8,72.73,5,8,15,5,33.33,3,0,34,21,61.76,5,29,1,2,5,0,0,5.63,5.63,5.14,5.35,7.7,5.7,0.522,2025-01-19T14:46:16.776363+00:00,120,Highland_Wanderers_20251208101535_120,1,5.7
Garden State FC,3408.721,858.316,25.18,65.92,186,147,20,39,117,19,8,0,0,16,27,10,78.98,1,6,1,9,4,5,0,9,11,7,63.64,5,7,4,1,25.0,0,1,5,3,60.0,1,4,2,1,3,0,0,6.13,5.96,4.25,4.19,8.07,5.63,0.514,2025-07-08T10:39:46.776363+00:00,156,Garden_State_FC_20251208101535_156,1,5.63
Metro FC,2966.367,637.176,21.48,58.89,187,155,17,32,143,9,19,9,4,1,2,13,82.75,1,5,1,6,3,3,0,8,5,3,60.0,8,4,9,3,33.33,1,1,0,0,42.59,0,0,1,1,2,1,0,6.67,4.43,5.17,3.86,6.3,5.31,0.479,2025-07-27T19:26:26.776363+00:00,264,Metro_FC_20251208101535_264,1,5.31
Dominion Athletic,2569.892,348.477,13.56,50.54,149,104,18,45,110,14,7,0,3,6,9,24,69.91,0,3,0,4,1,3,0,4,8,7,87.5,13,4,8,1,12.5,1,0,15,8,53.33,5,10,0,2,9,2,0,5.09,5.46,3.95,4.09,6.12,4.93,0.437,2025-03-07T20:21:29.776363+00:00,195,Dominion_Athletic_20251208101535_195,1,4.93
Royal Haven FC,2472.282,591.617,23.93,47.92,165,152,5,13,110,14,7,7,9,5,13,24,92.29,1,6,1,6,3,3,0,5,9,6,66.67,5,2,11,4,36.36,0,1,32,12,37.5,8,24,1,1,10,1,0,6.21,6.23,6.07,4.68,6.09,5.96,0.551,2025-10-13T00:34:50.776363+00:00,812,Royal_Haven_FC_20251208101535_812,1,5.96
Ironforge FC,2742.228,451.097,16.45,51.22,176,161,3,15,119,26,19,12,7,0,0,14,91.23,1,4,1,5,1,4,0,4,7,5,71.43,4,7,11,3,27.27,0,1,33,12,36.36,8,25,1,0,3,0,0,5.83,5.63,5.6,4.18,7.81,5.7,0.522,2025-04-18T15:40:22.776363+00:00,863,Ironforge_FC_20251208101535_863,1,5.7
Northbridge FC,1347.319,312.713,23.21,24.02,98,71,16,27,75,10,4,3,5,0,0,13,72.67,0,0,0,3,1,2,0,3,7,5,71.43,0,2,18,3,16.67,0,0,16,7,43.75,1,15,0,0,13,1,0,4.86,3.55,4.45,5.39,6.88,4.69,0.41,2025-05-16T22:30:53.777364+00:00,332,Northbridge_FC_20251208101535_332,1,4.69
Harborview United,3429.634,534.68,15.59,62.11,333,208,68,125,269,59,19,4,13,0,0,16,62.56,1,5,1,11,3,8,1,9,11,8,72.73,13,5,6,2,33.33,2,1,40,14,35.0,12,28,0,3,1,0,0,6.44,4.78,5.24,3.99,7.44,5.49,0.499,2025-07-03T10:54:45.777364+00:00,551,Harborview_United_20251208101535_551,1,5.49
Summit Peak FC,2496.738,878.103,35.17,51.21,179,147,4,32,131,17,3,3,6,5,15,16,82.09,0,2,0,2,1,1,0,2,8,5,62.5,4,4,7,2,28.57,2,1,23,14,60.87,0,23,1,2,8,1,0,5.0,6.07,5.3,4.3,6.78,5.44,0.493,2024-12-08T08:38:39.777364+00:00,497,Summit_Peak_FC_20251208101535_497,1,5.44
Highland Wanderers,3217.817,649.999,20.2,62.95,122,83,16,39,87,10,1,2,1,11,10,1,67.65,1,2,1,9,3,6,0,12,9,4,44.44,4,6,13,1,7.69,2,1,21,12,57.14,5,16,2,1,6,1,0,6.46,5.22,3.49,5.54,6.34,5.38,0.487,2025-02-17T17:12:21.777364+00:00,999,Highland_Wanderers_20251208101535_999,1,5.38
Evergreen Sporting,2629.574,404.428,15.38,47.2,209,152,19,57,177,22,16,7,5,0,0,15,72.82,1,3,1,7,2,5,1,8,22,13,59.09,3,5,12,2,16.67,3,0,15,6,40.0,2,13,1,2,9,1,0,6.42,5.83,4.92,4.67,6.55,5.72,0.524,2025-02-20T06:30:32.777364+00:00,325,Evergreen_Sporting_20251208101535_325,1,5.72
Dominion Athletic,2305.047,673.535,29.22,41.41,143,135,1,8,93,6,7,7,0,11,18,8,94.11,0,2,0,6,2,4,0,6,18,12,66.67,15,10,18,2,11.11,2,0,10,5,50.0,3,7,0,3,8,1,0,4.95,4.88,5.9,4.73,6.52,5.25,0.472,2025-05-12T03:08:45.777364+00:00,903,Dominion_Athletic_20251208101535_903,1,5.25
Stormhold FC,3076.562,781.139,25.39,55.42,213,185,7,28,198,9,23,0,8,0,0,27,86.84,1,3,1,9,2,7,0,8,24,15,62.5,7,4,12,3,25.0,1,0,29,15,51.72,13,16,4,2,5,0,0,5.97,6.25,5.74,4.57,8.18,6.03,0.559,2025-10-13T23:46:06.777364+00:00,635,Stormhold_FC_20251208101535_635,1,6.03
Highland Wanderers,2858.319,528.503,18.49,57.78,133,105,15,28,90,19,10,9,6,0,0,10,78.69,1,6,1,8,3,5,1,10,12,8,66.67,8,6,12,1,8.33,2,2,18,13,72.22,7,11,1,1,8,0,0,6.23,5.51,6.15,4.75,7.51,5.93,0.548,2025-10-19T20:32:53.777364+00:00,653,Highland_Wanderers_20251208101535_653,1,5.93
Riverside FC,2589.459,927.285,35.81,52.75,189,131,30,58,152,8,5,7,6,5,6,15,69.29,1,3,1,6,2,4,1,5,9,5,55.56,8,9,0,0,0.0,3,1,30,11,36.67,12,18,1,3,7,1,0,5.42,4.89,4.61,3.73,6.7,5.0,0.444,2025-03-28T15:22:22.778363+00:00,516,Riverside_FC_20251208101535_516,1,5.0
Riverstone FC,2153.956,336.233,15.61,41.4,156,111,13,45,94,19,7,0,3,18,16,16,71.17,1,6,1,9,4,5,0,11,13,11,84.62,14,8,0,0,0.0,2,2,23,11,47.83,4,19,1,4,5,0,0,6.12,6.71,5.97,4.86,7.31,6.2,0.578,2025-02-19T07:12:31.778363+00:00,978,Riverstone_FC_20251208101535_978,1,6.2
Westwood Athletic,3225.396,332.861,10.32,65.88,255,202,20,53,197,33,12,4,7,1,1,17,79.27,1,4,1,7,3,4,0,9,12,7,58.33,5,8,9,3,33.33,1,1,18,5,27.78,6,12,1,3,1,1,0,6.84,6.06,6.08,4.42,6.24,6.07,0.563,2025-10-26T07:05:22.778363+00:00,111,Westwood_Athletic_20251208101535_111,1,6.07
Union Crest United,3547.492,462.948,13.05,62.64,260,207,15,53,180,32,23,12,7,3,2,19,79.58,0,10,0,14,4,10,0,14,11,7,63.64,3,6,2,1,50.0,0,2,44,29,65.91,19,25,2,3,2,0,0,6.62,5.83,5.41,4.14,7.28,5.88,0.542,2025-05-16T07:51:54.778363+00:00,770,Union_Crest_United_20251208101535_770,1,5.88
Pioneer Ville FC,3659.673,855.632,23.38,64.63,191,170,8,21,123,12,6,5,2,10,33,6,89.17,1,1,2,10,4,6,1,12,15,8,53.33,12,1,5,1,20.0,0,1,52,35,67.31,14,38,1,6,5,0,0,6.03,5.13,5.21,4.75,7.7,5.6,0.511,2025-10-02T13:11:02.778363+00:00,707,Pioneer_Ville_FC_20251208101535_707,1,5.6
Hillcrest Athletic,4201.082,670.493,15.96,75.32,263,245,8,18,152,41,0,12,7,22,29,0,93.03,1,2,1,12,4,8,1,11,21,8,38.1,4,3,2,1,50.0,0,0,38,16,42.11,16,22,0,1,3,0,0,6.62,4.15,5.43,5.13,6.49,5.47,0.497,2025-10-13T21:46:09.778363+00:00,527,Hillcrest_Athletic_20251208101535_527,1,5.47
Stormhold FC,3128.071,640.003,20.46,60.94,309,235,26,74,155,35,13,18,19,44,25,20,76.14,1,4,1,10,4,6,0,17,6,3,50.0,8,1,17,1,5.88,1,1,38,18,47.37,13,25,2,4,8,0,0,6.2,4.96,6.01,4.02,8.08,5.7,0.522,2025-05-21T03:38:02.778363+00:00,177,Stormhold_FC_20251208101535_177,1,5.7
Prime City Athletic,3047.102,635.321,20.85,57.26,206,161,11,45,151,23,10,13,3,5,1,10,77.94,1,4,1,9,4,5,0,10,6,4,66.67,11,10,9,2,22.22,1,0,13,7,53.85,6,7,1,4,3,0,0,7.16,6.91,5.3,4.43,7.7,6.39,0.599,2025-06-08T04:26:05.778363+00:00,943,Prime_City_Athletic_20251208101535_943,1,6.39
Ironforge FC,3700.368,507.32,13.71,66.0,187,161,9,26,128,0,4,4,1,28,22,17,86.35,1,5,1,12,4,8,1,15,7,5,71.43,7,2,7,2,28.57,0,2,38,16,42.11,6,32,1,1,4,0,0,6.74,5.4,4.97,3.52,7.79,5.67,0.519,2025-06-07T03:15:36.779363+00:00,327,Ironforge_FC_20251208101535_327,1,5.67
Evergreen Sporting,3065.347,538.581,17.57,56.85,228,176,29,52,184,11,8,7,1,6,11,6,77.17,1,6,1,12,5,7,1,14,9,6,66.67,3,5,13,4,30.77,0,3,26,13,50.0,5,21,1,2,7,2,0,7.9,6.16,5.74,5.06,5.93,6.39,0.599,2024-12-21T10:25:26.779363+00:00,844,Evergreen_Sporting_20251208101535_844,1,6.39
Hillcrest Athletic,2825.024,805.414,28.51,52.27,222,162,23,60,181,26,13,13,3,0,0,14,73.15,0,3,0,5,2,3,0,2,14,8,57.14,8,5,10,1,10.0,2,0,27,16,59.26,9,18,0,0,4,0,0,4.52,5.09,5.47,4.4,7.62,5.16,0.462,2025-07-28T10:56:30.779363+00:00,259,Hillcrest_Athletic_20251208101535_259,1,5.16
Crown City FC,2592.53,702.576,27.1,49.96,163,152,1,11,113,22,9,5,0,5,8,25,93.44,1,1,1,6,2,4,1,4,11,6,54.55,10,13,10,2,20.0,0,1,41,29,70.73,7,34,0,2,4,1,0,5.44,5.38,5.16,5.36,6.61,5.47,0.497,2025-03-25T20:23:10.779363+00:00,418,Crown_City_FC_20251208101535_418,1,5.47
Frontier Rovers,3321.386,705.13,21.23,64.79,222,159,12,63,163,15,7,4,6,11,16,8,71.41,1,5,1,7,2,5,1,10,19,8,42.11,1,7,13,2,15.38,3,0,32,20,62.5,4,28,2,1,6,0,0,7.18,5.39,5.16,4.2,7.23,5.86,0.54,2025-01-31T01:51:42.779363+00:00,327,Frontier_Rovers_20251208101535_327,1,5.86
Ironforge FC,2114.338,481.858,22.79,37.99,137,121,3,16,85,14,8,1,3,10,17,18,88.26,1,4,1,6,3,3,0,7,9,6,66.67,11,7,10,3,30.0,3,0,11,6,54.55,6,5,0,2,6,0,0,5.07,4.94,5.0,5.7,6.82,5.28,0.476,2025-04-20T03:40:28.779363+00:00,131,Ironforge_FC_20251208101535_131,1,5.28
Crown City FC,3419.937,1002.042,29.3,64.51,253,198,22,55,193,27,6,3,7,9,9,19,78.12,1,5,1,9,3,6,0,10,5,2,40.0,11,5,9,2,22.22,2,3,40,18,45.0,15,25,1,0,3,1,0,6.45,4.4,5.35,4.37,6.66,5.39,0.488,2025-05-11T01:48:30.779363+00:00,918,Crown_City_FC_20251208101535_918,1,5.39
Harborview United,1981.766,644.272,32.51,34.98,134,104,12,30,92,16,4,3,0,9,9,7,77.7,0,5,0,4,2,2,1,3,8,4,50.0,6,8,10,2,20.0,2,1,12,7,58.33,0,12,0,0,11,1,0,5.97,6.59,6.06,3.87,6.67,5.94,0.549,2025-05-19T15:04:30.779363+00:00,41,Harborview_United_20251208101535_41,1,5.94
Prime City Athletic,2138.055,539.645,25.24,39.96,124,103,5,21,102,13,7,3,0,0,0,5,83.37,0,3,0,8,1,7,1,7,12,4,33.33,17,3,5,1,20.0,0,0,15,11,73.33,2,13,0,2,5,0,0,5.74,5.97,5.55,4.61,7.46,5.78,0.531,2025-07-28T19:03:46.780363+00:00,994,Prime_City_Athletic_20251208101535_994,1,5.78
Blue Ridge FC,3976.278,1225.091,30.81,71.1,239,197,17,42,186,23,14,12,2,1,2,18,82.45,1,5,1,6,2,4,0,6,19,10,52.63,1,5,3,1,33.33,0,0,38,13,34.21,1,37,0,2,3,0,0,6.02,3.91,6.27,4.67,7.34,5.42,0.491,2025-03-12T14:01:25.780363+00:00,648,Blue_Ridge_FC_20251208101535_648,1,5.42
2 Worlds FC,2882.959,560.447,19.44,53.49,241,161,40,80,173,20,20,17,9,1,1,14,66.95,1,7,1,7,3,4,0,7,2,1,50.0,8,6,9,1,11.11,0,0,8,5,62.5,3,5,1,2,9,2,0,5.36,5.73,5.23,4.97,6.19,5.47,0.497,2025-01-12T04:37:36.780363+00:00,448,2_Worlds_FC_20251208101535_448,1,5.47
Southgate United,2028.594,611.418,30.14,38.96,153,106,17,47,114,12,9,3,3,8,5,20,69.2,1,6,1,6,2,4,1,4,9,5,55.56,8,8,12,3,25.0,1,1,18,8,44.44,2,16,0,4,6,1,0,6.9,6.19,4.11,4.26,6.97,5.78,0.531,2025-11-04T16:20:50.780363+00:00,213,Southgate_United_20251208101535_213,1,5.78
Northbridge FC,2434.8,681.014,27.97,44.25,155,120,15,35,128,20,7,1,6,0,0,14,77.63,1,3,1,9,4,5,1,10,9,5,55.56,9,6,8,2,25.0,3,2,20,11,55.0,7,13,0,5,8,1,0,6.28,5.2,5.29,5.77,6.12,5.69,0.521,2025-07-06T22:55:33.780363+00:00,496,Northbridge_FC_20251208101535_496,1,5.69
Silverlake City,2109.413,575.237,27.27,42.69,126,91,15,35,91,14,11,3,4,2,1,4,72.13,1,2,1,5,2,3,0,6,11,8,72.73,0,7,22,5,22.73,3,1,49,26,53.06,14,35,1,1,12,1,0,5.44,6.2,4.78,4.64,6.56,5.52,0.502,2025-05-29T23:11:49.780363+00:00,872,Silverlake_City_20251208101535_872,1,5.52
Crestfall Town,4352.654,1435.941,32.99,76.34,412,354,4,58,258,51,7,16,0,23,57,41,85.92,0,2,0,7,2,5,0,8,25,18,72.0,6,1,1,0,0.0,2,1,32,13,40.62,9,23,1,1,2,0,0,5.53,6.49,5.8,4.75,7.62,5.95,0.55,2025-05-31T16:24:39.780363+00:00,138,Crestfall_Town_20251208101535_138,1,5.95
Ironforge FC,2135.988,231.968,10.86,41.95,131,99,17,32,95,13,6,2,6,4,5,9,75.83,1,3,1,5,2,3,0,4,5,2,40.0,10,8,9,1,11.11,2,0,26,15,57.69,9,17,1,3,13,2,0,4.54,5.41,5.88,3.78,5.93,5.08,0.453,2025-01-27T13:20:33.781364+00:00,489,Ironforge_FC_20251208101535_489,1,5.08
Lakeside Athletic,2444.819,602.159,24.63,47.98,177,136,12,41,111,23,1,9,6,13,14,7,76.63,0,1,0,5,2,3,1,6,8,4,50.0,17,9,14,3,21.43,3,1,27,16,59.26,6,21,0,1,9,1,0,6.64,5.79,5.82,4.29,7.37,5.98,0.553,2025-04-08T00:29:54.781364+00:00,140,Lakeside_Athletic_20251208101535_140,1,5.98
Ironforge FC,3564.635,964.59,27.06,62.66,181,145,16,36,116,21,4,0,9,4,28,13,80.15,1,3,1,11,4,7,1,11,2,1,50.0,6,6,2,0,0.0,0,3,34,20,58.82,7,27,2,3,3,1,0,6.35,6.45,5.89,4.54,6.43,6.04,0.56,2025-05-11T09:41:00.781364+00:00,267,Ironforge_FC_20251208101535_267,1,6.04
San Beda University,1676.935,370.77,22.11,32.12,106,86,5,20,85,16,0,0,1,1,3,6,80.98,1,2,1,6,2,4,1,7,2,1,50.0,12,10,17,3,17.65,1,0,11,4,36.36,3,8,1,0,11,0,0,6.46,4.44,4.83,4.59,7.37,5.4,0.489,2025-05-20T02:13:56.781364+00:00,652,San_Beda_University_20251208101535_652,1,5.4
Evergreen Sporting,2590.677,844.302,32.59,49.91,255,221,11,34,188,40,7,8,14,0,0,23,86.8,0,3,0,4,1,3,0,4,15,9,60.0,15,9,10,2,20.0,3,0,23,12,52.17,0,23,1,3,2,0,0,4.63,5.73,4.97,4.14,7.59,5.23,0.47,2025-01-27T04:02:48.781364+00:00,170,Evergreen_Sporting_20251208101535_170,1,5.23
Royal Haven FC,2526.493,564.924,22.36,46.57,180,165,6,15,149,21,9,8,3,0,0,6,91.64,0,3,0,4,2,2,0,4,12,8,66.67,19,8,16,3,18.75,1,3,48,21,43.75,3,45,1,0,3,0,0,5.35,6.32,5.01,3.81,7.01,5.5,0.5,2025-11-20T22:36:03.781364+00:00,234,Royal_Haven_FC_20251208101535_234,1,5.5
Crestfall Town,1338.658,455.947,34.06,24.15,73,62,4,11,49,12,5,4,4,0,0,7,84.67,0,0,0,3,1,2,0,3,7,5,71.43,16,12,14,3,21.43,2,1,12,6,50.0,5,7,0,1,13,3,0,4.24,6.36,4.35,6.06,5.18,5.2,0.467,2025-12-05T11:47:54.781364+00:00,457,Crestfall_Town_20251208101535_457,1,5.2
Pioneer Ville FC,2911.212,374.091,12.85,57.84,174,108,19,66,113,16,13,6,1,12,13,13,62.07,1,6,1,9,2,7,0,10,8,4,50.0,7,7,13,3,23.08,2,0,32,21,65.62,9,23,1,4,5,1,0,6.29,6.37,5.37,5.27,6.12,5.97,0.552,2025-01-25T02:10:38.782363+00:00,117,Pioneer_Ville_FC_20251208101535_117,1,5.97
Eastview Rangers,2804.034,643.806,22.96,50.67,176,143,13,33,146,15,14,3,0,0,0,14,81.45,0,3,0,8,3,5,0,9,19,11,57.89,11,5,13,4,30.77,2,3,20,4,20.0,2,18,3,1,5,0,0,5.91,5.48,6.07,4.76,8.01,5.87,0.541,2025-03-23T18:48:45.782363+00:00,884,Eastview_Rangers_20251208101535_884,1,5.87
Grand Harbor FC,2855.044,891.345,31.22,56.38,189,126,32,63,173,19,9,1,5,0,0,9,66.51,1,3,1,9,4,5,1,10,4,2,50.0,9,3,15,3,20.0,2,2,46,24,52.17,0,46,0,4,0,0,0,5.38,5.35,5.4,4.47,6.7,5.38,0.487,2025-05-20T13:17:36.782363+00:00,720,Grand_Harbor_FC_20251208101535_720,1,5.38
Blue Ridge FC,2395.477,684.867,28.59,47.45,154,121,7,33,107,20,8,0,7,11,2,23,78.45,1,4,1,8,1,7,0,12,5,3,60.0,0,12,8,2,25.0,3,1,24,11,45.83,6,18,4,3,13,1,0,6.05,5.1,5.17,3.11,6.45,5.24,0.471,2025-05-12T21:59:50.782363+00:00,792,Blue_Ridge_FC_20251208101535_792,1,5.24
Coastal Town,3021.806,830.09,27.47,59.3,251,188,18,63,166,21,12,7,6,16,23,27,75.01,1,6,1,9,2,7,1,11,14,8,57.14,8,5,12,3,25.0,2,1,6,3,50.0,3,3,1,5,7,0,0,6.39,6.1,5.94,4.58,7.7,6.1,0.567,2024-12-11T00:19:46.782363+00:00,343,Coastal_Town_20251208101535_343,1,6.1
Brookside United,1507.109,447.31,29.68,30.16,80,68,5,12,53,2,8,1,0,9,6,8,84.59,0,1,0,4,3,1,0,4,8,4,50.0,16,11,23,8,34.78,1,0,25,11,44.0,4,21,1,0,14,2,0,4.83,6.04,5.43,4.45,5.89,5.34,0.482,2025-06-20T03:44:41.782363+00:00,327,Brookside_United_20251208101535_327,1,5.34
Highland Wanderers,3324.936,1066.639,32.08,59.7,240,195,11,45,207,17,5,5,2,1,2,8,81.42,1,6,1,9,1,8,0,10,20,10,50.0,12,5,8,2,25.0,1,0,14,8,57.14,3,11,0,3,4,0,0,5.38,6.05,5.62,4.52,7.76,5.73,0.526,2025-05-13T23:20:44.782363+00:00,622,Highland_Wanderers_20251208101535_622,1,5.73
Silverlake City,3047.58,1078.539,35.39,59.29,194,152,14,42,130,8,24,6,6,6,13,23,78.26,1,3,1,7,3,4,1,9,24,15,62.5,4,5,17,5,29.41,1,3,42,22,52.38,19,23,2,1,4,0,0,6.26,6.33,6.23,4.01,7.82,6.11,0.568,2025-04-11T07:17:17.782363+00:00,710,Silverlake_City_20251208101535_710,1,6.11
Pioneer Ville FC,2824.273,612.585,21.69,53.91,212,180,7,32,161,20,16,2,3,3,7,0,85.07,1,8,1,7,3,4,1,8,17,11,64.71,9,10,12,1,8.33,2,0,54,30,55.56,10,44,0,2,6,0,0,5.36,6.48,5.47,3.73,7.58,5.69,0.521,2025-09-21T07:09:56.783363+00:00,707,Pioneer_Ville_FC_20251208101535_707,1,5.69
Northbridge FC,2740.889,704.408,25.7,55.81,200,128,18,72,149,19,10,0,0,9,13,12,63.95,1,7,1,8,3,5,0,8,5,2,40.0,8,10,8,2,25.0,0,2,25,15,60.0,7,18,2,1,4,0,0,6.45,5.0,5.09,4.26,7.73,5.59,0.51,2025-06-12T22:41:00.783363+00:00,551,Northbridge_FC_20251208101535_551,1,5.59
Northbridge FC,3357.593,862.566,25.69,68.82,273,221,10,52,190,54,15,13,9,0,0,35,80.81,0,0,1,8,2,6,1,11,13,7,53.85,8,8,10,3,30.0,4,0,46,26,56.52,0,46,4,1,7,0,0,5.72,4.57,5.77,4.78,6.86,5.39,0.488,2025-05-13T03:46:19.783363+00:00,159,Northbridge_FC_20251208101535_159,1,5.39
San Beda University,3941.197,756.71,19.2,72.04,297,217,41,80,254,10,15,10,5,1,2,14,73.16,1,1,3,14,6,8,2,13,19,13,68.42,4,5,8,2,25.0,1,0,7,4,57.14,2,5,1,5,3,3,0,7.9,6.37,5.64,4.75,4.52,6.24,0.582,2025-07-21T13:50:09.783363+00:00,436,San_Beda_University_20251208101535_436,1,6.24
Royal Haven FC,2704.823,784.669,29.01,52.79,149,123,5,26,108,9,0,8,0,15,10,9,82.29,1,2,1,8,3,5,1,9,11,7,63.64,10,10,6,1,16.67,1,0,26,8,30.77,7,19,2,1,6,0,0,5.56,5.57,5.17,4.01,7.93,5.5,0.5,2025-08-30T01:31:29.783363+00:00,254,Royal_Haven_FC_20251208101535_254,1,5.5
Southgate United,2718.856,1039.691,38.24,55.27,137,119,10,18,77,24,4,4,0,19,9,11,86.87,1,4,1,8,3,5,1,7,7,4,57.14,3,13,21,4,19.05,3,0,17,8,47.06,9,8,0,2,3,0,0,5.91,6.37,5.59,4.22,7.31,5.88,0.542,2025-04-10T17:35:48.783363+00:00,93,Southgate_United_20251208101535_93,1,5.88
Lakeside Athletic,2790.799,559.555,20.05,49.04,86,78,4,8,65,2,8,4,2,2,3,9,90.49,1,2,1,6,2,4,0,7,16,9,56.25,7,3,12,2,16.67,0,0,21,8,38.1,7,14,0,4,8,2,0,5.37,6.2,4.73,6.57,5.22,5.63,0.514,2025-01-29T11:23:50.783363+00:00,60,Lakeside_Athletic_20251208101535_60,1,5.63
Lakeside Athletic,2138.741,332.788,15.56,39.29,195,172,8,23,89,26,21,6,7,5,42,17,88.36,1,6,1,7,3,4,0,6,6,4,66.67,16,9,10,3,30.0,4,2,8,6,75.0,2,6,0,2,9,1,0,5.97,5.79,6.33,4.4,6.42,5.82,0.536,2025-11-28T09:01:05.783363+00:00,695,Lakeside_Athletic_20251208101535_695,1,5.82
Evergreen Sporting,3466.401,1002.83,28.93,66.64,286,239,23,47,170,24,18,10,5,17,41,27,83.4,1,11,1,11,3,8,1,11,14,6,42.86,10,4,7,2,28.57,2,2,37,20,54.05,8,29,2,4,3,0,0,6.15,5.86,5.44,4.2,6.89,5.73,0.526,2025-11-14T05:42:43.784363+00:00,135,Evergreen_Sporting_20251208101535_135,1,5.73
Millennium Rovers,1480.663,502.833,33.96,29.51,70,61,4,9,53,7,3,5,0,1,1,3,86.59,0,2,0,4,2,2,0,5,7,5,71.43,19,12,14,3,21.43,0,1,14,7,50.0,1,13,0,0,9,0,0,4.91,5.12,4.44,4.33,7.51,5.05,0.45,2025-04-25T12:09:54.784363+00:00,394,Millennium_Rovers_20251208101535_394,1,5.05
Northbridge FC,3598.585,1097.209,30.49,73.27,181,146,13,35,143,18,11,7,0,1,1,11,80.53,0,3,0,8,2,6,1,7,19,12,63.16,5,6,11,3,27.27,0,0,37,21,56.76,4,33,3,1,5,0,0,6.88,5.97,5.44,4.2,8.06,6.08,0.564,2025-01-07T23:34:38.784363+00:00,554,Northbridge_FC_20251208101535_554,1,6.08
Westwood Athletic,3184.638,592.661,18.61,58.2,195,132,12,63,157,23,18,5,5,0,0,27,67.8,0,4,0,7,2,5,0,7,8,4,50.0,8,9,9,3,33.33,0,2,32,14,43.75,12,20,2,2,6,1,0,5.39,5.36,5.02,5.34,6.86,5.45,0.494,2025-10-20T18:04:49.784363+00:00,145,Westwood_Athletic_20251208101535_145,1,5.45
Summit Peak FC,2234.048,561.193,25.12,43.5,177,140,14,37,120,15,9,4,6,11,13,14,78.85,0,3,0,1,1,0,0,1,11,7,63.64,9,9,11,3,27.27,1,0,43,18,41.86,14,29,1,0,7,2,0,4.35,5.45,5.83,4.33,5.92,5.11,0.457,2025-12-04T01:24:07.784363+00:00,377,Summit_Peak_FC_20251208101535_377,1,5.11
Crown City FC,2158.184,244.954,11.35,44.25,160,131,15,29,119,16,10,6,5,2,2,13,82.01,1,5,1,5,3,2,0,7,7,4,57.14,0,5,20,5,25.0,0,0,32,12,37.5,5,27,0,2,9,1,0,5.74,4.93,5.28,4.32,5.9,5.24,0.471,2025-02-28T19:58:27.784363+00:00,709,Crown_City_FC_20251208101535_709,1,5.24
San Beda University,1267.385,303.032,23.91,23.81,89,61,7,28,59,8,0,3,4,6,9,9,68.78,0,2,0,3,1,2,0,3,6,3,50.0,13,3,21,2,9.52,3,0,10,5,50.0,3,7,0,2,6,0,0,3.55,5.5,5.22,5.06,7.47,5.03,0.448,2025-11-25T00:11:03.784363+00:00,413,San_Beda_University_20251208101535_413,1,5.03
Crestfall Town,1922.636,596.017,31.0,34.16,127,86,15,41,121,7,11,2,1,0,0,14,67.79,0,1,0,4,2,2,0,3,11,7,63.64,22,3,11,2,18.18,0,0,17,11,64.71,4,13,0,1,6,0,0,5.46,5.35,5.81,3.84,7.54,5.48,0.498,2025-05-21T02:44:15.785363+00:00,322,Crestfall_Town_20251208101535_322,1,5.48
Blue Ridge FC,1964.792,357.592,18.2,37.92,103,40,21,63,72,16,8,0,3,2,2,6,38.62,0,2,0,6,2,4,0,7,12,4,33.33,6,5,22,8,36.36,2,1,10,4,40.0,0,10,1,1,7,1,1,5.8,5.19,4.44,4.66,4.69,5.09,0.454,2025-03-27T23:35:41.785363+00:00,152,Blue_Ridge_FC_20251208101535_152,1,5.09
Blue Ridge FC,2434.803,614.301,25.23,44.2,171,119,21,52,117,17,12,1,0,14,10,11,69.64,0,0,0,5,2,3,0,6,9,8,88.89,10,6,5,2,40.0,2,2,20,8,40.0,7,13,0,1,5,1,0,4.9,5.83,4.04,3.62,5.87,4.91,0.434,2025-07-04T06:27:10.785363+00:00,998,Blue_Ridge_FC_20251208101535_998,1,4.91
Millennium Rovers,2566.985,185.08,7.21,46.76,206,151,10,55,168,8,11,10,10,0,0,14,73.27,1,5,1,8,4,4,0,10,13,5,38.46,16,10,0,0,0.0,2,0,40,13,32.5,10,30,3,1,4,1,0,6.31,5.17,6.47,4.33,6.78,5.79,0.532,2025-02-16T01:37:49.785363+00:00,514,Millennium_Rovers_20251208101535_514,1,5.79
Coastal Town,2351.393,374.812,15.94,43.12,204,159,8,45,144,13,12,3,5,16,12,14,77.95,1,3,1,6,2,4,0,8,9,4,44.44,2,12,1,0,0.0,2,0,18,11,61.11,2,16,0,1,5,0,0,5.33,5.96,4.68,4.05,7.78,5.44,0.493,2025-01-01T13:07:03.785363+00:00,894,Coastal_Town_20251208101535_894,1,5.44
Stormhold FC,2581.464,740.88,28.7,45.86,187,168,5,19,121,17,11,5,0,19,14,33,89.64,1,6,1,6,2,4,0,6,16,4,25.0,6,2,5,1,20.0,2,0,8,3,37.5,1,7,0,3,15,2,0,6.02,5.05,5.79,5.24,5.93,5.58,0.509,2025-07-18T07:50:55.785363+00:00,840,Stormhold_FC_20251208101535_840,1,5.58
Valley Rovers,2797.523,794.776,28.41,56.99,135,91,6,44,73,11,6,1,0,22,22,15,67.44,1,2,1,7,2,5,1,7,0,0,56.94,8,4,6,2,33.33,1,1,25,13,52.0,4,21,2,2,6,0,0,5.67,5.62,4.74,5.34,7.3,5.59,0.51,2025-05-11T02:07:35.785363+00:00,519,Valley_Rovers_20251208101535_519,1,5.59
Summit Peak FC,2224.486,583.705,26.24,41.13,152,119,12,33,91,16,10,0,4,12,19,14,78.29,1,3,1,8,3,5,1,7,9,7,77.78,14,10,18,6,33.33,2,0,10,6,60.0,4,6,2,1,5,1,0,5.67,5.61,5.35,3.57,6.0,5.33,0.481,2025-03-18T11:27:19.785363+00:00,358,Summit_Peak_FC_20251208101535_358,1,5.33
Summit Peak FC,2619.098,262.696,10.03,48.34,181,129,12,52,126,21,8,4,0,14,7,14,71.12,0,6,0,7,2,5,0,9,7,4,57.14,14,11,11,3,27.27,1,2,9,7,77.78,3,6,1,1,3,0,0,6.79,6.34,5.28,4.14,7.56,6.07,0.563,2025-11-24T06:43:05.786363+00:00,492,Summit_Peak_FC_20251208101535_492,1,6.07
Oldtown United,2251.575,283.023,12.57,41.11,142,112,16,30,112,12,7,9,4,0,0,16,78.62,1,1,1,6,2,4,1,5,23,13,56.52,10,2,9,2,22.22,1,1,27,12,44.44,14,13,0,1,7,0,1,5.78,5.11,5.98,4.53,5.3,5.41,0.49,2025-03-05T16:01:29.786363+00:00,89,Oldtown_United_20251208101535_89,1,5.41
Redwood Borough,2185.335,374.129,17.12,40.89,123,88,10,35,101,13,7,4,1,0,0,8,71.18,1,2,1,6,3,3,0,7,14,9,64.29,14,7,10,2,20.0,2,0,11,8,72.73,4,7,0,2,11,0,0,6.22,6.18,4.33,3.74,7.45,5.61,0.512,2025-03-15T08:39:29.786363+00:00,199,Redwood_Borough_20251208101535_199,1,5.61
Millennium Rovers,2553.936,536.071,20.99,45.74,196,153,16,43,134,29,16,12,6,0,0,3,77.95,0,5,0,8,3,5,1,9,9,4,44.44,6,3,19,6,31.58,2,0,38,21,55.26,17,21,0,3,7,1,0,5.69,5.67,5.61,5.31,7.04,5.75,0.528,2025-04-27T07:10:12.786363+00:00,589,Millennium_Rovers_20251208101535_589,1,5.75
2 Worlds FC,2770.116,609.98,22.02,56.61,202,160,19,42,150,28,17,5,6,0,0,9,79.21,0,4,0,6,3,3,0,7,24,18,75.0,8,7,10,1,10.0,1,0,25,11,44.0,4,21,0,2,7,2,0,4.96,6.04,5.22,4.07,5.58,5.25,0.472,2025-02-25T16:14:52.786363+00:00,670,2_Worlds_FC_20251208101535_670,1,5.25
Highland Wanderers,2326.607,521.393,22.41,43.67,142,111,11,31,86,22,14,4,3,8,6,7,78.31,1,3,1,8,3,5,1,13,22,14,63.64,13,5,8,2,25.0,1,2,7,3,42.86,2,5,2,2,5,0,0,7.6,6.47,6.6,4.14,7.57,6.6,0.622,2025-02-13T10:04:17.786363+00:00,117,Highland_Wanderers_20251208101535_117,1,6.6
Brookside United,2856.461,737.538,25.82,53.46,242,163,11,79,157,30,25,9,0,4,16,7,67.22,1,3,1,6,2,4,1,5,12,7,58.33,7,9,6,2,33.33,1,0,31,17,54.84,10,21,2,3,8,0,0,5.63,6.59,5.42,4.22,6.76,5.77,0.53,2025-07-17T10:47:54.786363+00:00,43,Brookside_United_20251208101535_43,1,5.77
Goldenfield Rovers,3482.094,1075.619,30.89,69.66,184,151,10,33,112,2,14,0,3,24,28,4,82.3,1,8,1,12,5,7,1,10,8,5,62.5,8,6,7,2,28.57,0,2,45,16,35.56,17,28,2,2,9,3,0,5.94,6.17,5.02,5.28,4.74,5.61,0.512,2025-02-06T00:02:10.786363+00:00,337,Goldenfield_Rovers_20251208101535_337,1,5.61
Grand Harbor FC,3515.293,621.152,17.67,64.27,274,191,18,83,215,26,16,8,10,0,0,33,69.61,1,10,1,11,4,7,1,11,10,6,60.0,4,4,7,1,14.29,3,0,41,18,43.9,2,39,0,3,1,0,0,5.54,6.11,5.69,4.44,6.84,5.71,0.523,2025-07-12T13:50:21.787363+00:00,412,Grand_Harbor_FC_20251208101535_412,1,5.71
2 Worlds FC,2340.76,740.616,31.64,42.89,159,116,16,43,110,12,9,8,7,6,7,8,72.76,1,6,1,6,3,3,0,6,13,6,46.15,16,3,3,0,0.0,1,1,8,2,25.0,2,6,0,1,9,0,0,5.8,5.65,4.89,4.73,6.95,5.54,0.504,2025-02-26T21:15:03.787363+00:00,834,2_Worlds_FC_20251208101535_834,1,5.54
Brookside United,2511.992,831.972,33.12,46.19,209,161,17,48,142,21,17,7,9,6,8,16,77.27,1,5,1,9,4,5,1,9,10,7,70.0,13,12,6,1,16.67,3,2,48,27,56.25,5,43,1,2,10,1,0,5.81,4.76,5.63,4.98,6.18,5.4,0.489,2025-09-24T01:09:22.787363+00:00,124,Brookside_United_20251208101535_124,1,5.4
2 Worlds FC,2806.116,367.601,13.1,54.03,209,143,21,66,150,24,9,8,7,6,5,34,68.5,1,8,1,7,2,5,0,7,18,11,61.11,5,7,12,2,16.67,0,0,0,0,64.28,0,0,1,1,3,0,0,5.7,6.15,5.23,4.66,7.3,5.75,0.528,2025-10-28T20:06:09.787363+00:00,107,2_Worlds_FC_20251208101535_107,1,5.75
Eastview Rangers,3988.938,959.34,24.05,74.6,292,233,25,59,242,15,16,9,4,3,2,7,79.68,0,5,0,4,1,3,0,5,10,6,60.0,4,2,11,3,27.27,0,0,37,16,43.24,16,21,0,0,5,0,0,6.01,5.5,5.49,4.15,7.5,5.65,0.517,2025-03-27T21:42:14.787363+00:00,329,Eastview_Rangers_20251208101535_329,1,5.65
Crestfall Town,2819.428,808.894,28.69,53.52,134,97,8,37,101,16,7,4,2,3,2,10,72.22,0,5,0,7,2,5,0,8,7,2,28.57,14,5,13,3,23.08,0,1,46,27,58.7,16,30,0,2,5,0,0,6.0,6.14,4.5,5.36,7.31,5.78,0.531,2025-02-03T20:25:28.787363+00:00,937,Crestfall_Town_20251208101535_937,1,5.78
Hillcrest Athletic,2563.105,513.39,20.03,49.81,143,111,14,32,104,14,6,7,5,2,5,7,77.3,1,3,1,5,2,3,1,6,11,8,72.73,4,15,9,2,22.22,3,1,32,12,37.5,15,17,0,1,8,0,0,5.78,4.91,5.7,3.32,7.53,5.35,0.483,2024-12-07T19:41:18.787363+00:00,307,Hillcrest_Athletic_20251208101535_307,1,5.35
Pioneer Ville FC,2992.24,717.539,23.98,56.64,190,136,12,54,126,21,14,9,4,10,6,8,71.32,0,4,0,10,4,6,1,14,9,5,55.56,3,3,13,3,23.08,2,2,39,21,53.85,11,28,1,3,4,1,0,5.46,4.52,5.04,4.19,6.87,5.08,0.453,2025-01-05T14:22:25.788363+00:00,162,Pioneer_Ville_FC_20251208101535_162,1,5.08
Millennium Rovers,2143.989,357.403,16.67,38.0,135,105,3,30,91,14,0,7,0,10,13,10,77.95,1,8,1,7,3,4,0,10,8,4,50.0,12,6,3,1,33.33,3,2,23,12,52.17,10,13,1,3,12,1,0,6.16,6.3,5.36,4.69,7.05,5.92,0.547,2025-06-01T16:50:17.788363+00:00,325,Millennium_Rovers_20251208101535_325,1,5.92
Metro FC,1943.612,613.21,31.55,36.11,113,80,17,33,74,10,3,1,2,10,14,7,70.37,0,3,0,5,2,3,0,5,8,2,25.0,12,4,13,3,23.08,3,1,35,15,42.86,9,26,0,0,6,0,0,4.39,5.09,4.94,5.32,7.78,5.17,0.463,2025-12-03T00:16:23.788363+00:00,106,Metro_FC_20251208101535_106,1,5.17
Pioneer Ville FC,3616.659,805.068,22.26,66.44,214,201,1,13,147,14,0,5,9,13,26,16,94.01,0,5,0,8,3,5,0,9,19,13,68.42,6,1,7,2,28.57,0,3,54,31,57.41,7,47,2,1,2,0,0,6.81,6.36,5.58,4.89,7.05,6.19,0.577,2025-10-02T05:37:37.788363+00:00,674,Pioneer_Ville_FC_20251208101535_674,1,6.19
2 Worlds FC,1917.479,385.605,20.11,37.81,143,102,16,41,94,13,7,3,1,15,10,27,71.37,0,1,0,5,2,3,1,5,7,4,57.14,16,9,0,0,0.0,2,0,43,16,37.21,16,27,0,2,5,0,0,6.14,6.28,4.54,4.37,7.89,5.79,0.532,2024-12-17T08:32:59.788363+00:00,418,2_Worlds_FC_20251208101535_418,1,5.79
Coastal Town,2805.637,84.169,3.0,51.41,192,129,28,63,156,15,12,0,6,2,1,9,67.44,1,5,1,11,4,7,1,8,10,6,60.0,14,7,12,3,25.0,1,1,20,9,45.0,8,12,0,3,5,0,0,6.51,6.06,5.36,4.81,6.92,5.96,0.551,2024-12-31T17:15:23.788363+00:00,329,Coastal_Town_20251208101535_329,1,5.96
Metro FC,3184.999,906.451,28.46,60.42,200,145,22,55,150,19,1,7,1,11,10,7,72.35,2,4,2,11,6,5,1,10,25,13,52.0,13,9,3,0,0.0,2,1,50,31,62.0,19,31,1,2,8,0,0,5.84,6.47,6.52,3.75,8.07,6.08,0.564,2025-05-11T00:11:38.788363+00:00,406,Metro_FC_20251208101535_406,1,6.08
Union Crest United,3635.478,867.062,23.85,64.6,172,163,3,9,131,16,8,0,3,1,12,16,94.96,1,6,1,6,3,3,0,6,18,12,66.67,5,3,13,3,23.08,1,1,53,31,58.49,16,37,0,4,1,1,0,6.59,5.39,6.12,4.71,6.06,5.84,0.538,2025-01-22T16:31:48.789363+00:00,589,Union_Crest_United_20251208101535_589,1,5.84
Eastview Rangers,2258.448,562.579,24.91,42.23,159,130,14,29,137,8,17,5,6,0,0,15,82.01,1,3,1,6,3,3,1,5,2,1,50.0,5,5,11,2,18.18,1,0,0,0,16.5,0,0,0,3,6,0,0,6.39,6.7,4.38,4.72,7.8,5.98,0.553,2025-09-12T18:30:30.789363+00:00,954,Eastview_Rangers_20251208101535_954,1,5.98
Highland Wanderers,3791.846,1013.94,26.74,71.06,221,172,19,49,184,16,19,10,13,0,0,24,77.65,2,3,2,11,5,6,1,11,21,12,57.14,6,4,3,0,0.0,0,6,6,3,50.0,0,6,1,5,4,0,0,7.26,5.25,5.67,3.7,7.59,5.91,0.546,2025-02-25T22:17:12.789363+00:00,469,Highland_Wanderers_20251208101535_469,1,5.91
Summit Peak FC,2787.421,1064.795,38.2,55.07,160,119,7,41,94,22,9,6,0,6,24,5,74.32,1,4,1,8,3,5,1,9,9,6,66.67,17,13,7,2,28.57,0,1,8,5,62.5,2,6,1,2,9,2,0,5.91,6.22,4.83,3.21,5.37,5.35,0.483,2025-11-26T04:01:38.789363+00:00,121,Summit_Peak_FC_20251208101535_121,1,5.35
Highland Wanderers,3622.55,1217.539,33.61,66.22,189,158,7,31,117,12,7,4,5,19,25,0,83.49,1,4,1,9,3,6,0,7,29,21,72.41,7,4,7,2,28.57,1,1,43,28,65.12,17,26,2,4,3,2,0,5.67,5.96,5.02,4.86,5.58,5.5,0.5,2025-03-25T13:07:24.789363+00:00,9,Highland_Wanderers_20251208101535_9,1,5.5
Southgate United,1554.042,593.955,38.22,28.0,106,77,14,29,79,14,7,5,1,0,0,13,72.9,1,3,1,4,1,3,0,4,8,4,50.0,5,0,13,2,15.38,3,0,13,6,46.15,7,6,0,1,18,0,0,5.5,4.46,5.02,4.48,7.27,5.15,0.461,2025-11-25T11:52:14.789363+00:00,436,Southgate_United_20251208101535_436,1,5.15
2 Worlds FC,2453.237,450.66,18.37,49.54,215,196,8,19,158,33,15,1,0,4,5,8,91.01,0,1,0,8,3,5,1,7,12,8,66.67,10,8,14,3,21.43,2,2,24,5,20.83,8,16,2,3,0,0,0,4.71,6.06,6.02,4.36,7.2,5.55,0.506,2025-02-17T09:55:14.789363+00:00,15,2_Worlds_FC_20251208101535_15,1,5.55
Hillcrest Athletic,1332.97,345.239,25.9,24.33,80,75,1,5,50,14,5,2,1,3,6,4,93.28,0,2,0,3,1,2,0,2,5,4,80.0,9,4,0,0,0.0,1,0,9,5,55.56,3,6,0,3,9,0,0,4.96,5.37,4.79,3.89,7.53,5.15,0.461,2025-05-22T05:11:55.789363+00:00,229,Hillcrest_Athletic_20251208101535_229,1,5.15
Oldtown United,2916.707,698.843,23.96,52.23,237,213,2,24,156,21,20,14,3,15,8,17,89.86,1,5,1,5,2,3,0,7,21,10,47.62,4,0,2,1,50.0,0,0,32,12,37.5,7,25,1,1,3,0,0,6.71,5.47,6.08,4.72,7.73,6.06,0.562,2025-02-01T22:03:30.790363+00:00,567,Oldtown_United_20251208101535_567,1,6.06
Crown City FC,2916.008,620.818,21.29,57.82,194,146,23,48,137,13,4,6,1,16,17,17,75.14,0,5,0,4,1,3,0,6,16,10,62.5,11,9,8,2,25.0,0,0,43,12,27.91,6,37,1,1,2,1,0,5.78,6.35,5.31,4.48,6.48,5.73,0.526,2025-07-05T10:58:57.790363+00:00,67,Crown_City_FC_20251208101535_67,1,5.73
Union Crest United,3175.107,1190.665,37.5,56.05,279,218,12,61,146,31,13,3,5,56,24,34,78.08,1,9,1,12,5,7,1,14,15,4,26.67,5,8,10,3,30.0,2,4,27,16,59.26,13,14,1,3,5,0,0,6.69,5.34,6.11,5.06,8.01,6.1,0.567,2025-04-10T11:42:27.790363+00:00,961,Union_Crest_United_20251208101535_961,1,6.1
Blue Ridge FC,3069.703,766.198,24.96,60.24,214,166,19,48,182,19,4,10,2,0,0,29,77.38,1,5,1,6,2,4,0,5,6,4,66.67,4,10,5,0,0.0,1,1,15,9,60.0,10,5,0,2,4,1,0,5.98,5.54,5.31,3.91,7.35,5.57,0.508,2025-05-28T15:35:13.790363+00:00,571,Blue_Ridge_FC_20251208101535_571,1,5.57
Union Crest United,2779.262,501.657,18.05,50.47,152,127,8,25,101,22,11,6,6,2,4,12,83.67,1,2,1,10,4,6,1,15,12,7,58.33,10,2,8,3,37.5,3,0,47,25,53.19,21,26,0,5,7,2,0,6.57,5.97,5.24,4.63,6.23,5.83,0.537,2025-02-26T06:33:30.790363+00:00,978,Union_Crest_United_20251208101535_978,1,5.83
Valley Rovers,3072.643,822.854,26.78,58.13,310,220,4,90,231,40,14,13,11,0,1,21,70.93,1,7,1,8,3,5,1,9,19,9,47.37,7,3,7,2,28.57,1,2,15,6,40.0,2,13,1,2,3,0,0,5.13,4.97,6.06,4.77,7.59,5.47,0.497,2025-01-17T12:06:48.790363+00:00,146,Valley_Rovers_20251208101535_146,1,5.47
City United,2668.099,283.619,10.63,50.35,144,108,24,36,116,3,10,5,5,3,3,14,74.8,1,4,1,7,3,4,0,8,6,3,50.0,6,9,10,3,30.0,2,2,40,26,65.0,17,23,2,3,11,1,0,5.19,5.79,4.88,4.68,6.81,5.39,0.488,2025-05-15T14:51:30.790363+00:00,254,City_United_20251208101535_254,1,5.39
Silverlake City,1819.848,606.191,33.31,34.57,147,114,12,33,105,14,3,7,5,4,8,9,77.56,1,6,1,6,2,4,0,8,2,1,50.0,16,13,24,5,20.83,1,1,16,5,31.25,4,12,0,2,8,0,0,6.59,6.85,4.77,5.21,8.21,6.27,0.586,2025-09-12T12:10:58.791363+00:00,146,Silverlake_City_20251208101535_146,1,6.27
Crestfall Town,2842.878,292.816,10.3,57.05,242,186,15,56,169,22,0,9,3,21,17,28,76.83,1,5,1,7,2,5,1,8,17,14,82.35,12,7,6,1,16.67,3,1,24,15,62.5,6,18,0,1,5,0,0,5.7,6.97,5.11,4.12,7.38,5.88,0.542,2025-05-04T04:34:03.791363+00:00,310,Crestfall_Town_20251208101535_310,1,5.88
Brookside United,1524.639,242.723,15.92,27.63,126,92,11,34,85,13,2,4,0,7,14,17,73.32,0,5,0,4,2,2,0,5,0,0,12.88,22,11,1,0,0.0,4,1,22,12,54.55,5,17,1,1,15,0,0,5.55,6.06,5.66,4.94,7.2,5.79,0.532,2025-01-02T02:35:57.791363+00:00,881,Brookside_United_20251208101535_881,1,5.79
Lakeside Athletic,1899.838,508.587,26.77,37.49,90,63,5,27,52,6,3,0,3,9,17,7,69.71,1,2,1,4,1,3,0,6,9,6,66.67,3,4,10,3,30.0,3,0,11,6,54.55,2,9,0,2,2,0,0,5.02,4.51,5.38,4.45,7.09,5.08,0.453,2025-03-25T10:17:48.791363+00:00,534,Lakeside_Athletic_20251208101535_534,1,5.08
Oldtown United,3140.699,742.775,23.65,64.32,155,104,16,51,86,25,10,12,7,8,7,23,67.1,1,3,1,7,2,5,1,9,16,6,37.5,8,3,7,1,14.29,2,1,20,8,40.0,2,18,1,3,3,0,0,6.26,4.7,4.55,5.1,7.35,5.43,0.492,2025-06-10T00:06:47.791363+00:00,562,Oldtown_United_20251208101535_562,1,5.43
Metro FC,2255.458,354.107,15.7,44.13,168,118,10,50,129,13,12,4,10,0,0,13,70.12,1,1,1,5,1,4,0,5,13,7,53.85,15,10,17,5,29.41,3,0,15,7,46.67,5,10,1,1,3,0,0,5.82,5.82,5.28,4.73,7.4,5.72,0.524,2025-03-13T03:09:15.791363+00:00,648,Metro_FC_20251208101535_648,1,5.72
Silverlake City,2249.05,531.226,23.62,45.14,169,144,9,25,131,21,12,9,2,0,0,16,85.28,1,3,1,7,3,4,0,5,10,7,70.0,6,5,8,2,25.0,1,1,25,12,48.0,1,24,1,1,6,0,0,6.42,4.81,6.11,4.56,8.17,5.82,0.536,2025-01-11T20:22:47.791363+00:00,716,Silverlake_City_20251208101535_716,1,5.82
Garden State FC,3439.063,895.188,26.03,66.42,240,190,21,50,183,5,15,11,2,3,21,27,79.11,0,0,1,8,3,5,0,10,7,4,57.14,5,3,3,1,33.33,0,0,36,21,58.33,7,29,1,1,4,1,0,5.66,5.55,5.87,3.31,6.4,5.42,0.491,2024-12-24T23:25:46.791363+00:00,258,Garden_State_FC_20251208101535_258,1,5.42
Valley Rovers,2153.612,492.1,22.85,44.03,152,114,13,38,113,18,13,6,3,0,0,14,74.8,1,5,1,5,2,3,0,6,10,4,40.0,14,0,16,3,18.75,1,1,21,13,61.9,0,21,0,1,7,0,0,5.65,4.84,5.46,5.25,7.47,5.51,0.501,2024-12-21T11:48:53.792363+00:00,628,Valley_Rovers_20251208101535_628,1,5.51
Lakeside Athletic,3154.555,639.428,20.27,62.71,240,175,3,65,186,38,24,13,9,0,0,20,72.89,1,3,1,8,3,5,1,10,17,10,58.82,8,7,9,1,11.11,0,2,24,13,54.17,11,13,2,2,5,0,0,5.65,5.5,6.08,4.39,7.94,5.75,0.528,2025-01-26T13:55:18.792363+00:00,702,Lakeside_Athletic_20251208101535_702,1,5.75
Lakeside Athletic,2974.166,641.528,21.57,56.79,199,189,5,10,123,31,9,17,3,7,9,11,94.79,2,8,2,9,4,5,0,4,19,14,73.68,9,11,9,2,22.22,2,1,54,33,61.11,9,45,1,4,8,2,0,5.56,6.33,6.14,3.99,5.65,5.68,0.52,2025-08-29T08:05:36.792363+00:00,420,Lakeside_Athletic_20251208101535_420,1,5.68
Valley Rovers,2086.064,462.48,22.17,42.52,101,70,13,31,81,15,2,3,2,0,0,8,69.39,0,3,0,4,1,3,0,5,11,6,54.55,7,5,3,1,33.33,2,0,21,11,52.38,9,12,1,1,4,0,0,3.6,5.13,4.27,3.38,8.46,4.62,0.402,2025-03-18T10:35:37.792363+00:00,456,Valley_Rovers_20251208101535_456,1,4.62
Pioneer Ville FC,3644.321,1006.561,27.62,65.88,170,129,19,41,133,22,7,12,7,0,0,15,76.06,1,4,1,12,4,8,1,11,15,7,46.67,5,6,6,2,33.33,2,2,38,9,23.68,12,26,0,0,6,1,0,6.08,5.15,4.76,4.17,6.88,5.37,0.486,2025-05-24T06:10:06.792363+00:00,199,Pioneer_Ville_FC_20251208101535_199,1,5.37
Southgate United,1289.205,288.911,22.41,24.12,77,54,3,23,54,10,5,2,2,2,3,7,70.6,1,1,1,5,2,3,0,6,5,4,80.0,15,7,4,1,25.0,4,2,8,4,50.0,2,6,1,1,2,1,0,5.57,5.7,4.65,3.81,7.19,5.34,0.482,2025-09-26T13:10:10.792363+00:00,990,Southgate_United_20251208101535_990,1,5.34
Evergreen Sporting,1452.632,286.604,19.73,26.89,93,65,11,28,70,2,6,6,0,4,5,9,70.05,1,1,1,4,2,2,0,5,8,4,50.0,13,6,3,0,0.0,3,0,13,6,46.15,4,9,0,2,13,2,0,5.36,5.29,4.79,3.71,5.78,5.04,0.449,2025-07-14T15:49:27.792363+00:00,842,Evergreen_Sporting_20251208101535_842,1,5.04
Frontier Rovers,2550.009,423.301,16.6,47.06,131,85,14,46,92,10,12,3,3,7,3,10,64.77,1,3,1,6,2,4,0,7,4,2,50.0,3,11,14,4,28.57,2,0,20,9,45.0,6,14,0,0,6,0,0,5.34,6.35,3.97,5.17,7.22,5.51,0.501,2025-07-10T09:46:59.793363+00:00,922,Frontier_Rovers_20251208101535_922,1,5.51
Brookside United,2260.144,620.41,27.45,45.86,98,81,3,17,75,11,3,1,0,2,6,13,82.84,0,2,0,5,2,3,0,7,10,7,70.0,0,7,14,2,14.29,2,1,24,9,37.5,9,15,1,1,5,0,0,5.66,6.58,4.32,3.94,7.38,5.58,0.509,2025-06-01T12:14:20.793363+00:00,64,Brookside_United_20251208101535_64,1,5.58
Dominion Athletic,1933.762,472.031,24.41,37.77,99,61,10,38,77,5,7,3,3,1,3,2,61.47,1,3,1,4,1,3,0,5,10,5,50.0,13,8,19,6,31.58,1,1,14,10,71.43,2,12,0,0,15,1,0,5.66,5.76,3.54,5.16,6.63,5.29,0.477,2025-02-28T19:20:23.793363+00:00,325,Dominion_Athletic_20251208101535_325,1,5.29
Evergreen Sporting,3554.314,469.169,13.2,66.17,181,145,10,36,134,17,15,9,0,4,1,1,80.06,1,3,2,10,4,6,1,11,24,13,54.17,7,4,3,1,33.33,0,0,33,11,33.33,5,28,2,2,7,1,0,6.23,5.17,4.84,4.71,6.52,5.47,0.497,2025-11-19T01:54:39.793363+00:00,306,Evergreen_Sporting_20251208101535_306,1,5.47
Southgate United,2628.697,211.084,8.03,53.24,176,162,6,14,121,16,8,11,1,15,4,13,92.29,1,5,1,6,2,4,0,8,9,6,66.67,3,2,9,2,22.22,1,0,2,1,50.0,2,0,0,4,6,1,0,5.71,6.0,5.41,3.09,6.62,5.46,0.496,2025-01-04T13:39:47.793363+00:00,420,Southgate_United_20251208101535_420,1,5.46
Southgate United,2582.893,532.593,20.62,50.16,211,124,30,87,130,33,6,11,3,12,17,10,58.58,1,2,1,7,3,4,1,7,9,3,33.33,1,11,3,1,33.33,3,0,3,2,66.67,0,3,0,2,5,1,0,6.01,4.88,4.02,4.33,6.66,5.13,0.459,2025-07-31T06:06:25.793363+00:00,106,Southgate_United_20251208101535_106,1,5.13
Metro FC,2569.441,528.02,20.55,51.79,167,132,21,35,115,6,12,3,2,14,16,12,79.04,1,1,1,6,1,5,1,8,8,5,62.5,0,7,14,4,28.57,0,0,12,7,58.33,3,9,0,2,5,0,0,5.38,5.33,4.47,4.22,6.35,5.12,0.458,2025-06-01T05:38:46.793363+00:00,189,Metro_FC_20251208101535_189,1,5.12
Hillcrest Athletic,2623.199,502.605,19.16,49.91,109,97,4,12,65,8,10,4,2,13,7,12,89.44,1,1,1,10,5,5,1,11,14,5,35.71,13,3,6,1,16.67,0,1,10,6,60.0,1,9,0,7,7,0,0,5.86,6.49,4.23,4.2,8.18,5.71,0.523,2025-03-29T12:46:13.793363+00:00,426,Hillcrest_Athletic_20251208101535_426,1,5.71
Oldtown United,2419.746,391.757,16.19,45.24,165,147,7,18,121,21,11,6,4,0,1,6,89.14,0,2,0,6,2,4,0,6,2,1,50.0,15,6,8,1,12.5,1,1,27,14,51.85,9,18,0,0,10,2,0,5.11,5.6,5.18,5.11,5.73,5.32,0.48,2025-02-25T00:46:41.794363+00:00,278,Oldtown_United_20251208101535_278,1,5.32
Harborview United,2895.644,548.435,18.94,57.93,205,177,3,28,126,31,5,4,10,14,14,7,86.35,0,3,1,6,3,3,1,6,18,8,44.44,11,7,12,3,25.0,0,0,26,16,61.54,5,21,0,1,1,0,0,5.24,5.37,5.76,3.85,7.75,5.44,0.493,2025-01-17T01:35:14.794363+00:00,498,Harborview_United_20251208101535_498,1,5.44
Grand Harbor FC,1405.798,413.586,29.42,24.67,96,79,5,17,75,5,1,0,2,6,7,6,82.55,0,2,0,3,1,2,0,4,0,0,46.7,16,10,12,4,33.33,3,1,20,12,60.0,7,13,0,0,12,2,0,6.06,6.25,5.17,5.46,5.06,5.75,0.528,2025-05-25T08:31:59.794363+00:00,54,Grand_Harbor_FC_20251208101535_54,1,5.75
Riverstone FC,3538.923,730.08,20.63,69.1,146,114,6,32,118,23,1,5,2,0,0,9,77.98,0,3,0,9,4,5,0,12,11,6,54.55,3,2,0,0,0.0,0,2,42,18,42.86,17,25,2,3,3,0,0,7.54,5.81,5.67,4.31,7.73,6.25,0.583,2025-11-05T18:55:31.794363+00:00,154,Riverstone_FC_20251208101535_154,1,6.25
Westwood Athletic,2790.339,482.171,17.28,53.2,164,136,5,28,131,24,1,0,0,3,5,17,83.08,1,1,1,10,5,5,0,10,7,5,71.43,10,6,6,1,16.67,3,1,35,16,45.71,11,24,1,3,7,1,0,5.24,5.79,5.81,5.33,6.97,5.69,0.521,2025-09-11T22:27:37.794363+00:00,370,Westwood_Athletic_20251208101535_370,1,5.69
City United,2246.182,541.554,24.11,40.51,143,108,11,35,109,17,6,4,10,0,0,22,75.85,1,2,1,4,1,3,0,5,1,1,100.0,19,10,10,1,10.0,2,0,31,13,41.94,14,17,2,0,7,1,0,5.89,5.72,5.35,4.14,7.13,5.61,0.512,2025-01-24T18:27:02.794363+00:00,303,City_United_20251208101535_303,1,5.61
Coastal Town,3521.312,838.072,23.8,66.65,247,183,17,64,184,33,14,6,0,4,6,10,74.04,1,8,1,6,2,4,0,9,10,5,50.0,7,5,9,2,22.22,2,0,22,9,40.91,12,10,0,2,4,0,0,6.07,5.33,5.5,4.01,7.5,5.6,0.511,2025-06-25T10:08:45.794363+00:00,675,Coastal_Town_20251208101535_675,1,5.6
Oldtown United,2517.559,852.194,33.85,50.28,101,82,4,19,76,8,7,3,0,4,2,10,81.11,1,2,1,6,2,4,1,6,2,1,50.0,11,6,13,2,15.38,1,0,12,7,58.33,4,8,1,2,4,0,0,5.72,4.75,4.87,4.38,8.18,5.34,0.482,2025-01-13T04:26:44.795363+00:00,720,Oldtown_United_20251208101535_720,1,5.34
Dominion Athletic,1527.37,205.584,13.46,27.25,103,88,6,15,92,11,1,5,0,0,0,10,85.78,0,3,0,4,1,3,0,3,8,4,50.0,14,6,15,2,13.33,3,0,7,4,57.14,1,6,1,0,6,1,0,5.59,5.95,4.12,4.52,6.62,5.35,0.483,2025-09-30T06:58:02.795363+00:00,228,Dominion_Athletic_20251208101535_228,1,5.35
Coastal Town,2829.445,647.377,22.88,51.14,123,81,13,42,95,12,4,0,2,5,5,11,65.98,1,3,1,10,4,6,0,11,21,8,38.1,3,7,17,1,5.88,2,1,0,0,29.38,0,0,1,4,7,2,0,6.54,5.38,5.57,5.09,5.79,5.74,0.527,2025-07-21T21:19:27.795363+00:00,613,Coastal_Town_20251208101535_613,1,5.74
Crown City FC,2562.95,193.503,7.55,50.16,225,173,23,52,143,20,0,10,0,15,38,18,76.97,1,3,1,7,3,4,0,6,14,10,71.43,0,8,9,2,22.22,1,0,18,12,66.67,1,17,0,3,5,0,0,6.26,6.11,4.5,3.48,6.8,5.53,0.503,2024-12-25T13:13:00.795363+00:00,308,Crown_City_FC_20251208101535_308,1,5.53
Harborview United,2779.414,712.92,25.65,56.94,132,112,7,20,98,8,9,4,1,8,5,16,84.96,0,4,0,5,2,3,0,7,8,3,37.5,11,3,7,1,14.29,2,0,30,19,63.33,9,21,1,2,2,3,0,6.15,5.7,5.5,4.25,4.76,5.49,0.499,2025-03-15T22:07:25.795363+00:00,978,Harborview_United_20251208101535_978,1,5.49
Prime City Athletic,2155.354,182.774,8.48,40.08,78,59,7,19,66,7,6,0,2,0,0,5,75.74,0,2,0,3,1,2,0,4,11,6,54.55,8,10,19,6,31.58,2,2,1,0,0.0,0,1,0,1,4,1,0,4.28,5.95,4.79,3.78,6.54,5.01,0.446,2025-02-23T05:58:56.795363+00:00,825,Prime_City_Athletic_20251208101535_825,1,5.01
Stormhold FC,2266.532,797.819,35.2,46.39,161,147,5,14,146,14,9,5,0,0,0,20,91.01,0,4,0,5,2,3,0,6,11,5,45.45,0,1,10,3,30.0,3,1,24,8,33.33,10,14,0,2,7,0,0,5.83,6.21,4.76,3.92,7.47,5.62,0.513,2025-08-25T09:01:01.795363+00:00,477,Stormhold_FC_20251208101535_477,1,5.62
Coastal Town,2305.552,629.646,27.31,46.96,179,152,8,27,157,11,14,6,0,0,0,0,84.75,0,5,0,4,1,3,0,4,14,9,64.29,7,3,19,3,15.79,1,1,29,19,65.52,13,16,0,1,0,0,0,4.62,7.36,5.18,4.68,8.14,5.86,0.54,2025-09-10T13:07:34.795363+00:00,415,Coastal_Town_20251208101535_415,1,5.86
Lakeside Athletic,2929.173,378.449,12.92,58.25,162,151,3,11,120,15,4,8,3,6,7,8,93.39,1,4,1,8,3,5,1,10,11,8,72.73,8,3,8,1,12.5,0,1,39,19,48.72,12,27,2,2,6,0,0,6.07,6.52,5.16,4.48,7.06,5.89,0.543,2025-10-13T08:20:51.796363+00:00,720,Lakeside_Athletic_20251208101535_720,1,5.89
Oldtown United,3121.407,734.779,23.54,63.86,237,180,21,57,171,29,8,10,8,6,4,15,75.84,1,6,1,6,2,4,0,7,10,5,50.0,5,4,12,2,16.67,1,0,39,24,61.54,15,24,1,3,7,0,1,6.02,5.57,5.98,3.76,5.37,5.5,0.5,2025-08-22T09:45:12.796363+00:00,133,Oldtown_United_20251208101535_133,1,5.5
Valley Rovers,3412.852,875.397,25.65,66.99,186,139,18,47,128,23,15,1,5,9,5,32,74.81,0,3,0,5,1,4,0,5,18,8,44.44,2,6,12,2,16.67,0,0,9,6,66.67,3,6,0,1,3,0,0,5.08,5.07,4.97,4.56,7.46,5.22,0.469,2025-03-06T05:19:16.796363+00:00,12,Valley_Rovers_20251208101535_12,1,5.22
Garden State FC,2520.875,698.282,27.7,45.26,113,102,8,11,77,10,10,2,6,5,3,12,90.47,1,1,1,7,3,4,0,10,19,15,78.95,9,3,14,3,21.43,1,1,21,9,42.86,7,14,2,0,5,0,0,6.14,5.93,5.33,3.97,7.53,5.75,0.528,2025-10-22T03:56:58.796363+00:00,516,Garden_State_FC_20251208101535_516,1,5.75
Harborview United,2823.918,641.877,22.73,50.73,191,169,7,22,151,29,0,7,0,1,3,5,88.46,1,3,1,7,3,4,0,4,4,3,75.0,4,12,6,1,16.67,1,0,0,0,64.17,0,0,2,1,6,0,0,5.94,5.4,4.66,4.46,7.47,5.48,0.498,2025-04-01T14:11:28.796363+00:00,230,Harborview_United_20251208101535_230,1,5.48
2 Worlds FC,1820.681,437.692,24.04,36.38,164,103,21,61,112,17,9,5,6,7,7,10,62.63,0,2,0,5,2,3,0,5,3,2,66.67,12,12,14,4,28.57,3,2,0,0,26.4,0,0,0,1,8,0,0,5.29,5.57,4.94,4.04,7.69,5.36,0.484,2025-02-09T00:20:35.796363+00:00,12,2_Worlds_FC_20251208101535_12,1,5.36
Lakeside Athletic,2592.744,486.917,18.78,46.44,163,119,26,44,112,37,5,3,6,0,0,15,72.94,1,3,1,6,3,3,1,5,8,6,75.0,19,10,0,0,0.0,0,0,24,16,66.67,10,14,0,3,8,1,0,5.63,4.55,4.63,3.67,6.9,4.98,0.442,2024-12-07T17:25:13.796363+00:00,701,Lakeside_Athletic_20251208101535_701,1,4.98
Summit Peak FC,2891.404,323.259,11.18,53.14,127,96,13,31,99,11,2,7,0,4,4,7,75.49,1,1,2,10,4,6,1,10,18,13,72.22,3,2,11,2,18.18,0,0,0,0,64.07,0,0,0,5,7,2,0,6.42,5.05,5.49,4.25,5.41,5.45,0.494,2025-05-07T04:33:33.797364+00:00,100,Summit_Peak_FC_20251208101535_100,1,5.45
Hillcrest Athletic,2118.589,333.466,15.74,39.71,154,144,4,10,113,21,9,5,2,2,2,20,93.27,0,3,0,3,1,2,0,3,15,9,60.0,0,4,19,5,26.32,2,1,28,19,67.86,12,16,0,0,7,1,0,4.91,5.84,5.48,4.47,6.06,5.34,0.482,2025-10-18T06:34:06.797364+00:00,233,Hillcrest_Athletic_20251208101535_233,1,5.34
Redwood Borough,2537.528,563.077,22.19,45.06,164,135,10,29,123,8,8,4,4,9,7,21,82.53,1,5,1,6,2,4,0,7,4,2,50.0,5,8,13,5,38.46,2,1,11,4,36.36,0,11,0,2,12,2,0,5.96,5.85,5.96,4.37,5.94,5.7,0.522,2025-06-21T11:42:54.797364+00:00,132,Redwood_Borough_20251208101535_132,1,5.7
Southgate United,3450.445,1260.103,36.52,60.75,224,166,25,58,138,52,11,2,7,5,9,18,73.99,1,1,1,8,3,5,0,13,17,9,52.94,10,5,7,2,28.57,0,0,64,33,51.56,8,56,0,0,2,0,0,6.8,6.15,5.78,5.67,7.37,6.31,0.59,2025-10-28T00:28:09.797364+00:00,62,Southgate_United_20251208101535_62,1,6.31
Blue Ridge FC,3332.932,478.276,14.35,59.52,240,162,23,78,192,17,5,7,10,5,5,32,67.56,2,4,2,8,3,5,0,11,17,11,64.71,10,8,11,3,27.27,1,2,48,12,25.0,20,28,2,2,4,0,0,7.66,6.02,5.3,5.45,7.27,6.38,0.598,2025-11-08T22:14:22.797364+00:00,343,Blue_Ridge_FC_20251208101535_343,1,6.38
Brookside United,2452.577,163.096,6.65,48.11,147,125,7,22,114,20,6,1,0,1,5,17,85.2,1,4,1,10,6,4,1,13,17,10,58.82,10,7,0,0,0.0,4,1,26,11,42.31,8,18,0,4,5,0,0,5.6,6.23,6.1,4.45,7.34,5.89,0.543,2024-12-20T22:57:05.797364+00:00,459,Brookside_United_20251208101535_459,1,5.89
San Beda University,2629.221,959.666,36.5,51.08,221,174,9,47,130,3,14,8,6,38,22,28,78.86,1,3,1,8,3,5,1,8,9,6,66.67,7,2,12,4,33.33,0,0,11,6,54.55,3,8,2,2,4,0,0,4.86,5.17,5.59,3.97,8.11,5.29,0.477,2025-08-31T16:32:18.797364+00:00,727,San_Beda_University_20251208101535_727,1,5.29
Silverlake City,2520.958,344.111,13.65,44.05,164,119,20,45,115,10,8,6,4,8,12,13,72.66,1,5,1,8,3,5,1,8,4,2,50.0,19,6,16,3,18.75,3,1,4,3,75.0,1,3,2,2,6,0,0,5.46,6.14,5.64,4.73,8.04,5.84,0.538,2025-08-12T00:14:53.798363+00:00,195,Silverlake_City_20251208101535_195,1,5.84
Highland Wanderers,3890.785,1166.846,29.99,72.96,193,176,9,17,138,25,9,5,6,4,5,20,91.39,0,2,0,12,6,6,1,12,23,17,73.91,3,4,6,1,16.67,0,4,33,21,63.64,5,28,2,2,2,0,0,6.97,5.6,5.79,4.53,7.57,6.07,0.563,2025-07-16T20:57:29.798363+00:00,717,Highland_Wanderers_20251208101535_717,1,6.07
Riverside FC,2354.042,529.424,22.49,47.52,214,159,25,55,164,11,1,4,7,13,14,25,74.41,0,5,0,5,3,2,0,3,8,4,50.0,16,1,7,1,14.29,1,2,22,10,45.45,6,16,0,1,6,0,0,5.3,3.74,6.01,4.26,6.98,5.03,0.448,2025-08-19T10:06:41.798363+00:00,450,Riverside_FC_20251208101535_450,1,5.03
Garden State FC,1978.186,594.445,30.05,40.67,110,84,3,26,86,15,1,2,0,4,2,16,76.44,1,2,1,6,1,5,0,7,8,6,75.0,13,6,12,2,16.67,1,0,25,11,44.0,4,21,0,3,8,1,0,5.65,4.59,4.8,4.46,6.7,5.12,0.458,2025-02-10T07:07:20.798363+00:00,948,Garden_State_FC_20251208101535_948,1,5.12
Hillcrest Athletic,2720.71,500.611,18.4,51.5,203,175,12,28,129,14,0,8,2,36,14,19,86.18,1,5,1,7,2,5,0,11,14,6,42.86,0,6,8,2,25.0,2,0,40,18,45.0,14,26,2,1,11,0,0,6.07,5.31,5.29,4.78,6.84,5.6,0.511,2025-02-02T05:55:32.798363+00:00,321,Hillcrest_Athletic_20251208101535_321,1,5.6
Silverlake City,2801.285,342.877,12.24,55.03,118,110,3,8,76,15,3,7,0,7,10,6,93.54,1,4,1,8,3,5,0,5,10,5,50.0,15,5,16,3,18.75,0,1,27,14,51.85,4,23,0,1,7,0,0,6.52,5.32,5.1,5.15,7.77,5.83,0.537,2025-02-08T05:38:44.798363+00:00,539,Silverlake_City_20251208101535_539,1,5.83
Twin Oak Rangers,2442.243,345.089,14.13,45.49,137,100,13,37,96,7,5,3,2,11,13,5,73.23,0,2,0,7,4,3,0,5,8,5,62.5,2,4,7,2,28.57,2,0,27,19,70.37,11,16,2,2,14,2,0,5.96,6.0,5.17,4.2,5.93,5.56,0.507,2025-05-24T18:56:47.798363+00:00,845,Twin_Oak_Rangers_20251208101535_845,1,5.56
Coastal Town,3283.747,613.076,18.67,58.43,211,167,4,44,151,10,10,3,0,17,20,8,79.26,1,5,1,10,4,6,1,10,13,6,46.15,3,3,8,2,25.0,1,0,11,5,45.45,6,5,0,3,5,2,0,6.6,4.82,4.83,4.01,5.35,5.26,0.473,2025-02-05T18:40:07.798363+00:00,190,Coastal_Town_20251208101535_190,1,5.26
San Beda University,3221.542,554.427,17.21,58.17,199,149,17,50,139,15,11,10,0,13,10,12,74.95,1,6,1,9,3,6,0,9,5,2,40.0,4,4,8,1,12.5,2,1,39,20,51.28,8,31,0,3,2,0,0,7.01,5.22,5.39,5.48,7.26,6.0,0.556,2025-09-27T23:24:27.799363+00:00,834,San_Beda_University_20251208101535_834,1,6.0
Oldtown United,2898.319,648.934,22.39,57.45,135,101,17,34,93,17,2,4,1,12,7,13,74.48,1,2,1,6,2,4,0,5,9,6,66.67,7,9,14,4,28.57,0,0,14,9,64.29,3,11,0,2,5,1,0,6.46,6.25,4.84,4.79,6.83,5.88,0.542,2025-11-22T19:05:45.799363+00:00,209,Oldtown_United_20251208101535_209,1,5.88
Frontier Rovers,2963.604,865.076,29.19,54.14,161,129,11,32,127,10,9,6,3,5,1,8,80.13,0,4,0,6,3,3,0,7,16,10,62.5,11,4,15,3,20.0,2,1,35,18,51.43,15,20,0,4,6,1,0,5.36,6.13,6.5,5.37,5.72,5.84,0.538,2025-12-05T11:31:10.799363+00:00,346,Frontier_Rovers_20251208101535_346,1,5.84
Summit Peak FC,3545.444,700.58,19.76,63.51,202,124,30,78,125,26,16,8,0,9,18,15,61.43,2,7,2,10,4,6,1,16,17,7,41.18,7,9,9,2,22.22,1,1,2,1,50.0,1,1,0,4,5,0,0,5.22,4.72,5.01,4.35,7.59,5.15,0.461,2025-05-09T12:54:15.799363+00:00,522,Summit_Peak_FC_20251208101535_522,1,5.15
Royal Haven FC,3077.821,552.469,17.95,54.4,186,132,20,54,129,12,6,2,6,8,22,10,71.11,1,4,1,10,5,5,0,11,15,7,46.67,4,6,7,2,28.57,2,3,41,16,39.02,0,41,1,2,1,0,0,7.41,5.42,5.16,4.36,7.92,6.03,0.559,2025-08-10T09:27:46.799363+00:00,661,Royal_Haven_FC_20251208101535_661,1,6.03
Frontier Rovers,3084.753,262.821,8.52,54.42,162,133,15,29,131,28,16,6,3,0,0,12,82.31,1,4,1,4,1,3,0,5,10,5,50.0,8,4,9,2,22.22,2,3,25,11,44.0,10,15,0,3,1,1,0,6.09,5.51,5.22,4.96,7.78,5.76,0.529,2025-03-12T00:38:22.799363+00:00,576,Frontier_Rovers_20251208101535_576,1,5.76
Summit Peak FC,1777.457,428.189,24.09,31.1,108,63,9,45,90,9,7,4,1,0,0,6,58.24,0,3,0,3,1,2,0,2,8,4,50.0,4,15,10,2,20.0,3,0,26,12,46.15,11,15,0,0,14,1,0,5.43,5.84,3.77,3.99,6.35,5.1,0.456,2025-07-19T21:08:23.799363+00:00,383,Summit_Peak_FC_20251208101535_383,1,5.1
San Beda University,1816.75,457.458,25.18,35.13,145,114,12,31,99,12,9,2,6,11,6,21,78.54,0,3,0,5,1,4,0,7,11,7,63.64,26,8,12,1,8.33,1,0,13,6,46.15,7,6,0,0,10,1,0,4.63,7.16,4.56,3.72,7.16,5.45,0.494,2024-12-13T04:55:31.800363+00:00,907,San_Beda_University_20251208101535_907,1,5.45
Blue Ridge FC,2912.471,464.83,15.96,54.66,175,136,16,39,133,16,6,8,0,4,8,9,77.56,1,5,1,7,3,4,0,6,9,4,44.44,5,0,19,3,15.79,1,0,12,6,50.0,4,8,2,4,3,0,0,5.7,5.33,5.44,4.38,7.88,5.58,0.509,2025-02-06T17:25:30.800363+00:00,144,Blue_Ridge_FC_20251208101535_144,1,5.58
Frontier Rovers,2629.361,764.092,29.06,48.01,235,151,25,84,136,28,14,11,11,20,16,30,64.38,1,9,1,6,2,4,0,8,11,6,54.55,13,5,8,2,25.0,1,1,43,19,44.19,7,36,0,1,13,0,0,6.28,5.52,4.89,4.84,7.57,5.72,0.524,2025-03-20T10:28:17.800363+00:00,764,Frontier_Rovers_20251208101535_764,1,5.72
Twin Oak Rangers,2515.065,600.849,23.89,51.03,140,104,15,36,87,15,9,4,5,7,13,10,74.11,1,3,1,6,2,4,0,6,13,7,53.85,11,6,8,2,25.0,2,1,25,6,24.0,5,20,0,3,0,0,0,5.77,5.74,5.24,4.13,7.74,5.62,0.513,2025-09-21T23:19:52.800363+00:00,386,Twin_Oak_Rangers_20251208101535_386,1,5.62
Riverside FC,3525.893,1556.329,44.14,65.1,166,111,22,55,128,22,4,5,8,0,0,20,66.69,1,5,1,11,3,8,0,9,3,2,66.67,8,3,9,1,11.11,1,1,72,37,51.39,18,54,2,3,6,0,0,6.3,4.06,5.37,4.62,8.04,5.43,0.492,2025-06-10T20:19:51.800363+00:00,414,Riverside_FC_20251208101535_414,1,5.43
Goldenfield Rovers,3230.949,915.005,28.32,56.48,189,137,10,52,130,4,6,8,10,3,27,15,72.49,1,6,1,8,3,5,1,11,14,8,57.14,0,3,14,4,28.57,1,1,29,15,51.72,10,19,2,1,4,0,0,6.39,5.63,5.34,5.04,7.83,5.92,0.547,2025-03-01T20:15:27.800363+00:00,475,Goldenfield_Rovers_20251208101535_475,1,5.92
Eastview Rangers,1906.808,728.973,38.23,33.99,114,93,8,21,83,12,4,3,0,6,6,8,81.21,0,1,0,3,1,2,0,3,10,4,40.0,12,7,19,2,10.53,1,1,0,0,33.46,0,0,0,0,4,0,0,4.21,6.58,5.52,4.18,7.83,5.49,0.499,2025-12-01T03:23:57.800363+00:00,116,Eastview_Rangers_20251208101535_116,1,5.49
Coastal Town,2956.857,222.947,7.54,56.02,176,160,5,16,113,27,3,4,1,9,17,24,91.15,1,2,1,5,2,3,0,4,18,9,50.0,4,1,13,2,15.38,1,0,36,30,83.33,13,23,0,0,5,0,0,5.22,5.22,5.15,4.07,7.26,5.25,0.472,2025-01-25T02:49:31.800363+00:00,442,Coastal_Town_20251208101535_442,1,5.25
Eastview Rangers,3168.627,749.38,23.65,56.56,176,128,26,48,112,12,19,8,7,11,6,20,72.64,1,5,1,8,3,5,0,8,14,7,50.0,4,6,0,0,0.0,0,0,35,21,60.0,4,31,1,1,7,0,0,6.27,5.63,4.77,3.91,6.86,5.52,0.502,2025-08-06T02:22:51.801363+00:00,150,Eastview_Rangers_20251208101535_150,1,5.52
City United,3149.165,930.578,29.55,64.01,218,159,20,59,185,25,3,5,3,0,0,22,72.88,1,4,1,10,4,6,0,13,10,7,70.0,9,7,7,2,28.57,1,1,46,21,45.65,18,28,0,4,6,0,0,6.61,5.13,5.93,3.79,8.16,5.82,0.536,2025-11-02T05:01:07.801363+00:00,527,City_United_20251208101535_527,1,5.82
Prime City Athletic,2879.632,594.932,20.66,50.62,255,177,24,78,173,31,7,11,10,9,13,14,69.3,1,8,1,6,3,3,1,7,17,8,47.06,4,7,9,1,11.11,0,0,33,23,69.7,12,21,1,1,8,0,0,6.45,6.55,5.0,4.7,7.13,6.01,0.557,2025-01-29T07:55:44.801363+00:00,141,Prime_City_Athletic_20251208101535_141,1,6.01
Hillcrest Athletic,1780.703,433.601,24.35,32.26,136,107,4,29,89,2,8,4,4,15,15,9,78.36,0,3,0,3,1,2,0,3,14,12,85.71,12,15,12,3,25.0,1,1,27,20,74.07,9,18,0,1,20,2,0,5.14,6.58,5.46,3.92,5.58,5.48,0.498,2025-07-19T08:03:58.801363+00:00,71,Hillcrest_Athletic_20251208101535_71,1,5.48
Riverstone FC,3751.573,1121.72,29.9,74.57,159,129,13,30,103,21,9,6,0,12,8,15,81.24,1,7,1,12,6,6,1,11,6,4,66.67,7,5,1,0,0.0,1,3,0,0,45.46,0,0,0,3,5,0,0,6.28,4.86,5.34,3.64,7.7,5.47,0.497,2025-05-25T08:16:59.801363+00:00,104,Riverstone_FC_20251208101535_104,1,5.47
Dominion Athletic,3183.053,781.758,24.56,64.05,228,209,2,19,147,10,19,6,7,14,26,25,91.85,1,4,1,9,4,5,1,14,20,15,75.0,18,3,14,2,14.29,1,4,47,26,55.32,6,41,2,2,7,1,0,5.91,5.66,6.17,4.19,6.63,5.72,0.524,2025-05-30T09:16:46.801363+00:00,527,Dominion_Athletic_20251208101535_527,1,5.72
Oldtown United,2151.365,261.176,12.14,41.71,146,118,9,28,107,14,7,5,4,3,6,13,80.82,1,3,1,5,2,3,0,5,7,4,57.14,13,10,0,0,0.0,2,0,22,13,59.09,7,15,0,0,4,0,0,4.81,4.56,6.58,4.79,8.2,5.43,0.492,2025-05-09T07:39:27.801363+00:00,199,Oldtown_United_20251208101535_199,1,5.43
Crown City FC,1173.13,231.693,19.75,22.1,62,50,6,12,47,4,2,2,3,2,2,8,81.13,0,2,0,3,1,2,0,4,4,2,50.0,8,6,23,4,17.39,1,3,1,1,100.0,1,0,0,1,17,2,0,5.7,5.82,4.74,3.08,6.18,5.22,0.469,2025-04-08T01:53:46.802363+00:00,680,Crown_City_FC_20251208101535_680,1,5.22
Redwood Borough,2825.891,315.369,11.16,53.79,161,123,9,38,86,25,3,6,8,22,10,4,76.42,0,6,0,5,2,3,0,7,4,2,50.0,11,5,13,3,23.08,0,3,26,15,57.69,7,19,1,2,6,0,0,4.76,4.47,5.05,5.66,6.73,5.06,0.451,2024-12-07T19:01:44.802363+00:00,502,Redwood_Borough_20251208101535_502,1,5.06
Eastview Rangers,3450.323,1116.179,32.35,68.11,223,195,13,28,141,22,14,11,1,12,23,24,87.49,1,4,1,12,4,8,1,11,17,10,58.82,6,0,8,3,37.5,2,2,27,18,66.67,4,23,1,5,4,1,0,6.68,5.14,4.85,5.18,6.39,5.64,0.516,2025-07-05T08:33:35.802363+00:00,899,Eastview_Rangers_20251208101535_899,1,5.64
Westwood Athletic,1643.077,389.081,23.68,29.6,121,76,14,45,93,6,3,4,2,5,9,2,62.67,0,2,0,6,2,4,1,7,0,0,77.04,14,6,33,10,30.3,3,1,11,6,54.55,3,8,0,2,7,1,0,5.72,6.57,4.98,5.67,6.96,5.93,0.548,2024-12-09T13:20:45.802363+00:00,233,Westwood_Athletic_20251208101535_233,1,5.93
Goldenfield Rovers,2538.15,304.832,12.01,47.58,203,167,10,36,120,21,4,1,1,27,30,21,82.09,0,5,0,7,3,4,0,8,14,9,64.29,12,9,16,3,18.75,1,2,35,20,57.14,11,24,0,3,5,2,0,5.82,6.14,5.07,5.38,5.53,5.67,0.519,2025-08-28T03:22:31.802363+00:00,720,Goldenfield_Rovers_20251208101535_720,1,5.67
Millennium Rovers,4268.185,1826.783,42.8,78.73,235,190,13,45,136,9,4,5,3,32,46,0,80.75,1,6,1,9,5,4,1,11,12,5,41.67,5,1,2,0,0.0,2,2,46,17,36.96,17,29,0,2,5,1,0,6.45,3.65,5.19,4.49,6.45,5.14,0.46,2025-10-28T20:19:10.802363+00:00,959,Millennium_Rovers_20251208101535_959,1,5.14
Northbridge FC,3233.718,421.677,13.04,57.05,200,159,12,41,151,10,7,5,5,10,12,13,79.26,1,6,1,5,1,4,0,7,17,10,58.82,7,2,6,1,16.67,2,0,26,14,53.85,12,14,1,1,3,0,0,5.58,5.02,5.11,4.89,7.71,5.45,0.494,2025-11-29T12:41:35.802363+00:00,680,Northbridge_FC_20251208101535_680,1,5.45
Stormhold FC,1973.82,507.864,25.73,39.64,69,60,3,9,46,8,5,2,1,6,1,6,86.6,0,1,0,2,1,1,0,3,0,0,48.05,0,12,12,2,16.67,2,0,17,7,41.18,3,14,0,0,9,0,0,5.32,4.24,5.63,4.91,7.49,5.24,0.471,2025-11-22T19:46:02.802363+00:00,654,Stormhold_FC_20251208101535_654,1,5.24
Ironforge FC,3044.093,1053.256,34.6,54.08,305,235,36,70,206,29,9,12,10,7,31,28,76.96,1,6,1,6,3,3,0,6,10,5,50.0,5,0,4,1,25.0,1,2,41,21,51.22,13,28,0,1,5,1,0,7.07,4.87,5.64,4.21,6.75,5.74,0.527,2025-04-18T04:23:26.803363+00:00,735,Ironforge_FC_20251208101535_735,1,5.74
Crestfall Town,3035.17,703.856,23.19,54.56,256,204,18,52,171,18,0,5,11,10,41,13,79.86,1,11,1,5,2,3,0,5,10,6,60.0,10,0,15,3,20.0,1,0,44,22,50.0,15,29,0,1,4,0,0,5.76,4.59,6.68,3.61,6.99,5.44,0.493,2025-02-13T10:53:14.803363+00:00,154,Crestfall_Town_20251208101535_154,1,5.44
City United,3056.703,795.354,26.02,59.89,219,143,31,76,174,15,13,5,7,3,1,18,65.52,1,4,1,10,3,7,1,14,11,6,54.55,11,5,6,1,16.67,2,1,39,24,61.54,16,23,0,2,3,1,0,6.47,6.84,4.92,4.4,6.46,5.97,0.552,2025-02-28T18:00:26.803363+00:00,364,City_United_20251208101535_364,1,5.97
Blue Ridge FC,1949.708,66.68,3.42,35.22,122,81,10,41,78,6,6,0,3,7,22,19,66.51,0,2,0,3,1,2,0,3,3,2,66.67,5,8,9,3,33.33,2,1,25,7,28.0,14,11,0,2,2,0,0,4.62,5.14,4.42,4.65,7.52,5.02,0.447,2025-03-18T20:51:51.803363+00:00,750,Blue_Ridge_FC_20251208101535_750,1,5.02
Redwood Borough,2189.512,523.512,23.91,44.48,135,101,18,34,96,22,12,8,3,0,0,10,74.86,1,1,1,6,2,4,0,5,6,4,66.67,9,7,11,3,27.27,1,2,9,6,66.67,1,8,0,0,10,1,0,5.75,6.46,4.88,4.67,6.97,5.75,0.528,2025-11-14T10:18:35.803363+00:00,335,Redwood_Borough_20251208101535_335,1,5.75
Crown City FC,2119.055,689.964,32.56,37.38,154,93,17,61,112,12,5,5,0,9,11,17,60.38,1,4,1,8,4,4,0,13,22,15,68.18,4,5,19,5,26.32,2,3,34,16,47.06,1,33,0,4,5,0,0,5.63,7.04,4.47,5.36,7.54,5.95,0.55,2024-12-10T21:11:53.803363+00:00,882,Crown_City_FC_20251208101535_882,1,5.95
Highland Wanderers,2856.305,375.89,13.16,57.09,163,118,10,45,120,12,10,11,8,1,1,10,72.21,1,6,1,6,3,3,1,6,23,11,47.83,8,5,9,2,22.22,1,0,3,1,33.33,1,2,0,2,5,0,0,6.54,5.74,4.52,3.9,6.7,5.56,0.507,2025-11-13T21:34:56.803363+00:00,954,Highland_Wanderers_20251208101535_954,1,5.56
Stormhold FC,2423.84,727.637,30.02,46.63,184,141,2,43,132,17,5,12,4,5,9,7,76.7,0,3,0,3,1,2,0,2,11,7,63.64,5,6,9,2,22.22,1,0,34,25,73.53,8,26,0,0,6,0,0,4.04,6.2,5.17,4.49,7.34,5.26,0.473,2025-10-02T05:51:13.804363+00:00,757,Stormhold_FC_20251208101535_757,1,5.26
Highland Wanderers,2124.512,413.43,19.46,38.35,122,92,13,30,86,12,11,4,3,3,2,14,75.6,1,2,1,6,2,4,0,7,6,2,33.33,10,8,0,0,0.0,2,0,10,4,40.0,3,7,1,3,11,3,0,6.75,5.69,5.1,5.2,4.61,5.69,0.521,2025-03-04T17:31:41.804363+00:00,21,Highland_Wanderers_20251208101535_21,1,5.69
Dominion Athletic,3395.576,555.177,16.35,61.27,277,231,17,46,204,12,22,14,5,11,8,14,83.39,1,9,1,12,4,8,0,13,12,7,58.33,5,3,8,2,25.0,1,2,36,19,52.78,13,23,1,4,5,0,0,6.77,6.17,5.46,5.11,7.34,6.16,0.573,2025-03-19T13:30:51.804363+00:00,950,Dominion_Athletic_20251208101535_950,1,6.16
Oldtown United,1833.078,396.861,21.65,36.26,141,111,5,30,81,18,7,6,1,18,11,4,78.5,0,3,0,6,2,4,0,7,10,7,70.0,0,6,17,4,23.53,2,3,16,10,62.5,0,16,0,3,2,0,0,5.77,5.91,4.15,5.07,8.34,5.64,0.516,2025-02-12T03:55:55.804363+00:00,958,Oldtown_United_20251208101535_958,1,5.64
Union Crest United,2278.522,541.149,23.75,45.38,125,88,15,37,97,8,4,0,1,8,7,12,70.76,1,2,1,5,2,3,0,7,1,0,0.0,8,1,12,2,16.67,4,3,5,1,20.0,1,4,0,2,4,0,0,5.27,5.28,5.3,4.29,7.94,5.41,0.49,2025-01-16T03:12:56.804363+00:00,726,Union_Crest_United_20251208101535_726,1,5.41
Riverside FC,2655.548,917.226,34.54,52.75,277,208,27,69,195,37,22,4,11,3,5,19,74.99,1,6,1,8,3,5,1,10,7,4,57.14,10,4,16,4,25.0,0,1,29,12,41.38,9,20,3,2,4,1,0,6.51,6.4,5.04,4.72,7.04,5.99,0.554,2025-05-12T01:12:43.804363+00:00,232,Riverside_FC_20251208101535_232,1,5.99
Southgate United,1813.685,572.036,31.54,33.72,105,88,7,17,63,14,3,2,4,6,15,11,84.19,0,3,0,4,1,3,0,5,12,8,66.67,15,12,12,3,25.0,2,2,0,0,73.63,0,0,1,1,3,0,0,5.63,5.41,5.61,2.84,7.39,5.35,0.483,2025-05-08T11:03:33.804363+00:00,265,Southgate_United_20251208101535_265,1,5.35
Twin Oak Rangers,2171.872,460.22,21.19,39.48,196,174,9,22,149,14,17,2,6,4,4,19,88.95,1,6,1,7,4,3,0,6,9,5,55.56,7,6,14,6,42.86,3,1,16,7,43.75,3,13,2,0,4,0,0,5.73,5.63,5.29,4.26,6.99,5.53,0.503,2025-10-05T07:57:56.804363+00:00,869,Twin_Oak_Rangers_20251208101535_869,1,5.53
Southgate United,2201.463,483.221,21.95,45.08,136,95,15,41,82,17,17,5,1,8,6,11,69.91,1,2,1,5,2,3,0,6,7,2,28.57,14,12,12,2,16.67,4,0,16,9,56.25,3,13,0,0,2,1,0,4.71,4.89,5.22,4.83,6.38,5.05,0.45,2025-01-01T07:38:12.805363+00:00,863,Southgate_United_20251208101535_863,1,5.05
Grand Harbor FC,2006.838,685.536,34.16,35.37,82,68,5,14,57,11,5,1,1,3,3,2,82.42,1,2,1,7,2,5,0,8,8,6,75.0,0,2,13,3,23.08,3,1,13,9,69.23,8,5,1,1,17,1,0,5.93,5.03,5.04,6.04,5.84,5.51,0.501,2025-06-12T03:25:34.805363+00:00,815,Grand_Harbor_FC_20251208101535_815,1,5.51
Summit Peak FC,3007.599,581.369,19.33,55.36,215,178,19,37,117,15,4,8,2,17,52,3,82.58,1,3,1,5,2,3,0,5,23,11,47.83,6,4,12,3,25.0,0,0,0,0,51.78,1,-1,0,0,2,1,0,4.65,5.64,4.57,3.95,6.98,5.05,0.45,2025-03-20T08:27:54.805363+00:00,812,Summit_Peak_FC_20251208101535_812,1,5.05
Grand Harbor FC,2093.791,539.989,25.79,41.14,114,92,11,22,83,15,0,5,3,2,5,18,80.5,1,2,1,6,3,3,0,5,11,8,72.73,3,11,10,2,20.0,2,0,18,9,50.0,6,12,1,3,7,1,0,5.2,6.49,4.98,4.52,6.25,5.53,0.503,2025-03-29T14:54:22.805363+00:00,446,Grand_Harbor_FC_20251208101535_446,1,5.53
Pioneer Ville FC,2843.523,475.437,16.72,50.14,183,146,8,37,118,19,14,2,4,13,15,23,79.75,1,4,1,12,4,8,1,11,8,4,50.0,13,1,9,4,44.44,1,0,38,10,26.32,6,32,2,0,6,0,0,6.97,5.6,6.2,4.85,7.26,6.16,0.573,2025-09-28T21:49:28.805363+00:00,204,Pioneer_Ville_FC_20251208101535_204,1,6.16
Garden State FC,2286.521,358.069,15.66,40.44,142,86,20,56,105,4,7,0,6,9,10,13,60.6,1,2,1,7,2,5,1,9,3,2,66.67,19,2,12,5,41.67,4,2,28,16,57.14,7,21,1,4,1,1,0,5.9,6.22,4.24,3.81,5.88,5.36,0.484,2025-09-16T08:39:37.805363+00:00,945,Garden_State_FC_20251208101535_945,1,5.36
Brookside United,2759.574,479.89,17.39,54.7,191,146,10,45,126,20,1,7,3,15,19,4,76.18,0,6,0,7,2,5,1,6,7,4,57.14,14,6,7,2,28.57,2,0,37,22,59.46,6,31,1,3,10,0,1,6.21,6.52,5.56,4.46,5.67,5.87,0.541,2025-02-10T18:10:25.805363+00:00,40,Brookside_United_20251208101535_40,1,5.87
Coastal Town,3385.234,566.011,16.72,59.55,244,194,21,50,125,27,21,12,6,20,32,30,79.33,1,8,1,7,3,4,1,8,20,12,60.0,5,3,3,1,33.33,1,0,20,7,35.0,7,13,0,1,2,1,0,5.23,4.96,5.82,4.16,6.17,5.22,0.469,2025-10-04T21:53:18.806363+00:00,944,Coastal_Town_20251208101535_944,1,5.22
Frontier Rovers,2394.215,694.801,29.02,45.98,221,199,9,22,205,24,9,1,6,0,0,11,90.04,1,4,1,7,3,4,0,7,5,2,40.0,11,3,8,1,12.5,2,0,23,8,34.78,6,17,2,1,9,0,0,5.75,5.36,5.86,3.45,7.56,5.52,0.502,2025-08-21T07:21:56.806363+00:00,588,Frontier_Rovers_20251208101535_588,1,5.52
Riverstone FC,3406.204,333.808,9.8,61.08,294,219,24,75,256,30,27,8,6,0,0,26,74.48,1,8,1,10,3,7,1,13,4,2,50.0,5,4,8,1,12.5,2,2,10,4,40.0,1,9,1,3,6,0,0,5.26,6.23,5.86,4.04,7.26,5.68,0.52,2025-11-10T11:21:44.806363+00:00,855,Riverstone_FC_20251208101535_855,1,5.68
Silverlake City,4424.078,1735.123,39.22,78.92,363,252,39,111,275,17,16,22,4,4,25,6,69.54,1,6,1,8,3,5,0,7,18,8,44.44,1,3,7,2,28.57,0,0,46,20,43.48,12,34,1,0,0,0,0,4.81,5.82,5.75,4.33,7.58,5.49,0.499,2025-08-30T11:07:14.806363+00:00,482,Silverlake_City_20251208101535_482,1,5.49
San Beda University,2216.482,614.852,27.74,44.99,144,107,9,37,107,14,7,0,0,8,8,13,74.15,0,0,0,6,2,4,1,7,4,2,50.0,2,4,12,2,16.67,2,1,15,7,46.67,3,12,0,2,11,0,0,5.55,5.37,4.8,3.15,8.23,5.28,0.476,2025-10-08T08:05:04.806363+00:00,546,San_Beda_University_20251208101535_546,1,5.28
Lakeside Athletic,4208.286,440.187,10.46,73.95,279,238,22,41,210,44,32,14,2,0,0,31,85.34,1,2,1,9,3,6,0,7,27,16,59.26,6,3,7,2,28.57,0,3,31,17,54.84,4,27,0,1,3,0,0,7.49,5.4,4.95,3.64,7.77,5.89,0.543,2025-07-26T21:17:29.806363+00:00,49,Lakeside_Athletic_20251208101535_49,1,5.89
Crestfall Town,2717.809,491.652,18.09,53.59,153,114,6,39,119,7,6,5,0,5,11,14,74.69,1,1,1,7,4,3,0,9,8,4,50.0,15,5,5,1,20.0,2,3,18,10,55.56,10,8,2,2,3,1,0,5.13,4.45,5.09,4.25,7.09,5.0,0.444,2025-11-08T05:02:36.806363+00:00,719,Crestfall_Town_20251208101535_719,1,5.0
Crown City FC,2002.493,675.04,33.71,40.38,145,117,5,28,97,16,6,2,2,10,12,14,80.49,1,3,1,4,2,2,0,3,6,3,50.0,8,3,24,3,12.5,3,1,31,19,61.29,7,24,0,0,8,2,0,5.59,5.28,4.47,4.67,6.4,5.23,0.47,2024-12-17T16:08:09.806363+00:00,514,Crown_City_FC_20251208101535_514,1,5.23
Crown City FC,2392.693,567.068,23.7,44.48,136,101,7,35,112,14,7,4,1,0,0,13,74.29,0,2,0,3,1,2,0,3,10,6,60.0,21,12,5,1,20.0,2,0,28,12,42.86,12,16,0,2,13,1,0,5.2,6.37,5.01,5.94,6.31,5.7,0.522,2025-03-17T14:55:41.807363+00:00,863,Crown_City_FC_20251208101535_863,1,5.7
Highland Wanderers,2584.767,433.724,16.78,47.04,277,221,32,56,199,17,11,2,0,21,28,16,79.88,0,6,0,3,1,2,0,3,16,7,43.75,9,8,14,4,28.57,0,0,39,29,74.36,14,25,0,1,3,0,0,5.41,6.38,5.36,3.74,7.02,5.6,0.511,2025-11-10T19:33:20.807363+00:00,556,Highland_Wanderers_20251208101535_556,1,5.6
Brookside United,3177.217,622.417,19.59,60.55,221,187,16,34,171,30,14,7,14,0,0,4,84.65,1,2,1,8,4,4,1,9,3,1,33.33,9,7,0,0,0.0,2,2,37,12,32.43,8,29,2,1,4,0,0,5.4,4.27,5.65,5.5,7.56,5.36,0.484,2025-05-20T06:25:34.807363+00:00,957,Brookside_United_20251208101535_957,1,5.36
Northbridge FC,3369.894,850.898,25.25,61.67,275,237,20,38,153,34,13,9,3,24,39,10,86.07,1,7,1,8,3,5,0,5,10,6,60.0,9,4,12,4,33.33,3,1,20,10,50.0,3,17,2,2,4,0,0,5.71,5.68,6.12,5.17,7.04,5.84,0.538,2025-06-06T04:14:29.807363+00:00,782,Northbridge_FC_20251208101535_782,1,5.84
Blue Ridge FC,2204.409,442.425,20.07,43.14,137,104,15,33,105,12,12,6,3,0,0,12,75.66,1,6,1,4,2,2,0,5,3,1,33.33,7,2,11,2,18.18,1,0,21,9,42.86,9,12,1,2,6,0,0,5.53,5.13,5.95,4.58,8.15,5.63,0.514,2025-11-23T18:23:20.807363+00:00,378,Blue_Ridge_FC_20251208101535_378,1,5.63
Grand Harbor FC,2287.226,135.861,5.94,45.68,129,97,8,32,79,20,5,0,2,7,15,10,74.81,0,4,0,7,3,4,0,9,0,0,47.76,16,8,16,3,18.75,1,4,10,6,60.0,5,5,1,3,1,0,0,6.15,5.08,4.6,3.93,7.43,5.36,0.484,2025-05-28T15:49:19.807363+00:00,241,Grand_Harbor_FC_20251208101535_241,1,5.36
Twin Oak Rangers,2591.162,399.298,15.41,46.99,185,143,11,42,126,20,8,0,10,6,15,19,77.06,1,3,1,5,2,3,0,2,13,7,53.85,9,5,4,1,25.0,1,0,17,9,52.94,6,11,1,2,10,0,0,6.69,4.95,4.44,4.61,8.06,5.6,0.511,2025-06-15T05:59:55.807363+00:00,388,Twin_Oak_Rangers_20251208101535_388,1,5.6
Summit Peak FC,2332.728,599.278,25.69,41.28,83,65,6,18,44,10,1,4,5,13,7,9,77.87,0,3,0,8,2,6,1,9,7,3,42.86,4,8,7,1,14.29,2,0,34,20,58.82,7,27,1,0,0,0,0,6.06,5.99,4.41,5.04,6.74,5.64,0.516,2025-10-15T13:48:51.808363+00:00,677,Summit_Peak_FC_20251208101535_677,1,5.64
Garden State FC,3934.865,869.605,22.1,73.33,348,245,17,103,234,32,19,19,0,15,30,23,70.43,1,2,1,11,5,6,0,10,3,1,33.33,3,1,7,1,14.29,0,0,32,10,31.25,6,26,0,5,1,2,0,5.99,4.07,5.71,4.48,6.15,5.2,0.467,2024-12-24T17:16:37.808363+00:00,593,Garden_State_FC_20251208101535_593,1,5.2
Prime City Athletic,1913.812,597.683,31.23,39.03,129,116,2,13,71,15,12,6,5,9,11,7,90.25,0,3,0,6,2,4,0,9,0,0,49.83,17,13,16,3,18.75,3,1,9,6,66.67,3,6,0,3,10,1,0,7.25,5.95,6.34,4.18,6.35,6.18,0.576,2025-06-14T17:10:13.808363+00:00,34,Prime_City_Athletic_20251208101535_34,1,6.18
Riverside FC,2584.163,585.055,22.64,51.84,214,180,8,34,145,21,19,0,1,11,17,13,83.92,1,6,1,6,2,4,0,6,10,5,50.0,6,6,6,1,16.67,0,0,32,16,50.0,13,19,1,2,4,0,0,5.75,5.78,6.28,4.45,7.28,5.84,0.538,2025-05-12T21:50:04.808363+00:00,417,Riverside_FC_20251208101535_417,1,5.84
Royal Haven FC,2513.961,690.836,27.48,48.04,139,126,8,13,90,8,10,6,5,15,5,2,90.9,1,5,1,8,3,5,0,9,8,3,37.5,20,13,11,3,27.27,0,0,33,14,42.42,5,28,0,1,6,1,0,6.63,6.97,5.03,4.68,6.76,6.15,0.572,2025-05-12T13:14:58.808363+00:00,259,Royal_Haven_FC_20251208101535_259,1,6.15
Redwood Borough,1746.911,392.88,22.49,32.28,116,92,2,24,89,13,10,0,2,1,1,5,79.71,0,3,0,4,2,2,0,4,10,2,20.0,17,4,13,1,7.69,3,0,11,5,45.45,2,9,0,1,9,0,0,6.03,6.21,4.09,5.25,8.03,5.78,0.531,2025-09-17T07:01:23.808363+00:00,230,Redwood_Borough_20251208101535_230,1,5.78
Millennium Rovers,972.989,160.349,16.48,17.58,47,33,6,14,26,4,3,0,0,7,7,4,70.01,0,1,0,3,2,1,0,3,4,3,75.0,23,16,14,3,21.43,4,1,8,4,50.0,4,4,0,1,11,2,0,5.7,6.27,4.62,4.06,5.86,5.43,0.492,2025-01-28T11:18:43.808363+00:00,258,Millennium_Rovers_20251208101535_258,1,5.43
Oldtown United,2579.487,625.526,24.25,48.75,120,84,13,36,103,12,7,4,3,0,0,9,69.78,0,4,0,7,3,4,0,6,8,3,37.5,2,8,8,2,25.0,2,1,31,15,48.39,1,30,2,2,6,1,0,5.78,5.48,4.59,5.11,6.83,5.47,0.497,2025-11-30T16:26:02.808363+00:00,731,Oldtown_United_20251208101535_731,1,5.47
Valley Rovers,1934.053,307.901,15.92,35.62,144,103,20,41,89,4,0,7,4,13,27,11,71.41,0,4,0,3,1,2,0,4,3,2,66.67,1,10,9,2,22.22,2,0,17,12,70.59,4,13,0,0,8,2,0,6.07,5.82,5.45,4.94,6.05,5.72,0.524,2025-01-03T15:18:19.809363+00:00,953,Valley_Rovers_20251208101535_953,1,5.72
Frontier Rovers,2870.513,803.744,28.0,53.74,206,172,16,34,168,0,6,0,3,17,11,22,83.36,1,5,1,7,3,4,0,8,18,9,50.0,9,0,0,0,0.0,1,2,38,16,42.11,14,24,2,0,11,3,0,7.33,5.3,5.68,4.35,4.0,5.68,0.52,2025-03-07T08:14:46.809363+00:00,602,Frontier_Rovers_20251208101535_602,1,5.68
Royal Haven FC,3046.978,457.656,15.02,62.53,155,113,14,42,115,12,6,2,0,8,12,11,72.86,1,4,1,7,2,5,0,5,3,2,66.67,2,4,11,4,36.36,2,0,22,14,63.64,5,17,1,3,3,1,0,6.36,5.55,5.71,5.11,6.64,5.86,0.54,2025-05-11T01:26:50.809363+00:00,866,Royal_Haven_FC_20251208101535_866,1,5.86
Highland Wanderers,2415.195,600.417,24.86,46.12,152,123,10,29,124,25,6,1,1,0,0,18,80.88,1,2,1,9,4,5,0,10,1,0,0.0,6,9,8,1,12.5,2,0,21,15,71.43,3,18,0,4,12,0,0,5.52,4.73,4.72,3.13,7.93,5.05,0.45,2025-04-11T04:12:16.809363+00:00,134,Highland_Wanderers_20251208101535_134,1,5.05
Frontier Rovers,3360.824,820.041,24.4,68.08,223,190,11,33,170,24,10,13,10,0,0,2,85.21,2,4,2,9,2,7,0,8,9,7,77.78,9,3,6,1,16.67,0,1,26,12,46.15,10,16,1,4,7,2,0,6.17,4.82,6.55,4.66,6.0,5.64,0.516,2025-02-26T02:32:05.809363+00:00,828,Frontier_Rovers_20251208101535_828,1,5.64
Eastview Rangers,3959.983,1187.203,29.98,76.33,282,251,10,31,223,27,22,17,7,0,0,10,88.91,0,7,0,3,1,2,0,3,11,6,54.55,6,2,9,2,22.22,2,0,32,23,71.88,18,14,0,1,4,0,0,4.17,4.78,6.16,5.49,7.16,5.22,0.469,2025-06-05T03:57:47.809363+00:00,756,Eastview_Rangers_20251208101535_756,1,5.22
Ironforge FC,3704.117,951.217,25.68,67.26,296,245,8,51,281,59,20,0,1,0,0,15,82.67,1,4,1,9,3,6,0,13,6,4,66.67,7,4,8,2,25.0,1,1,30,13,43.33,10,20,2,5,2,3,0,6.11,6.09,5.99,5.45,4.6,5.84,0.538,2025-06-11T10:46:17.809363+00:00,656,Ironforge_FC_20251208101535_656,1,5.84
Riverstone FC,1744.502,398.968,22.87,32.54,120,101,10,19,91,17,5,6,0,1,1,7,83.77,0,2,0,3,1,2,0,3,6,4,66.67,2,5,16,2,12.5,1,0,8,4,50.0,2,6,1,0,16,0,0,5.48,4.79,5.07,5.33,6.79,5.31,0.479,2025-03-11T21:00:29.810367+00:00,419,Riverstone_FC_20251208101535_419,1,5.31
Evergreen Sporting,2602.351,698.991,26.86,51.16,194,146,23,48,147,30,7,4,5,1,0,16,75.12,1,5,1,9,4,5,1,10,8,5,62.5,11,5,1,0,0.0,4,1,19,11,57.89,3,16,2,1,11,2,0,6.0,6.15,5.01,4.68,6.02,5.66,0.518,2025-10-27T22:40:16.810367+00:00,51,Evergreen_Sporting_20251208101535_51,1,5.66
Ironforge FC,2551.142,736.26,28.86,48.36,183,142,9,41,163,19,6,4,5,0,0,10,77.56,0,4,0,6,3,3,0,8,11,5,45.45,7,7,21,4,19.05,2,0,11,6,54.55,3,8,0,2,5,0,0,4.88,6.07,6.39,5.64,7.79,5.91,0.546,2025-02-05T20:18:53.810367+00:00,766,Ironforge_FC_20251208101535_766,1,5.91
Westwood Athletic,2984.407,658.36,22.06,57.18,184,140,19,44,96,29,7,12,7,20,13,9,76.01,1,5,1,8,3,5,1,7,20,18,90.0,9,7,10,3,30.0,2,2,6,3,50.0,2,4,0,1,7,0,0,7.09,5.57,4.97,4.64,8.34,6.02,0.558,2025-09-06T22:33:17.810367+00:00,846,Westwood_Athletic_20251208101535_846,1,6.02
2 Worlds FC,3671.101,1263.96,34.43,64.57,206,173,15,33,144,11,5,1,4,16,26,9,83.8,2,2,2,9,3,6,1,9,11,6,54.55,4,6,1,0,0.0,1,3,38,23,60.53,4,34,3,5,4,0,0,6.6,5.55,5.67,3.62,8.01,5.84,0.538,2025-05-28T08:03:52.810367+00:00,230,2_Worlds_FC_20251208101535_230,1,5.84
Redwood Borough,3578.152,968.964,27.08,69.86,177,146,7,31,117,8,11,7,7,6,21,15,82.24,1,5,1,10,5,5,0,12,15,7,46.67,7,5,12,3,25.0,2,3,30,18,60.0,12,18,1,2,5,1,0,6.35,5.9,6.0,3.02,6.51,5.7,0.522,2025-09-18T05:43:53.810367+00:00,739,Redwood_Borough_20251208101535_739,1,5.7
Metro FC,3212.91,767.243,23.88,57.07,189,171,6,18,126,5,8,11,0,23,16,6,90.6,2,3,2,10,3,7,1,8,15,5,33.33,5,1,0,0,0.0,2,2,13,7,53.85,6,7,2,3,0,0,0,5.47,4.95,4.63,2.98,8.57,5.12,0.458,2025-02-11T16:00:57.810367+00:00,358,Metro_FC_20251208101535_358,1,5.12
Crestfall Town,2582.386,366.957,14.21,45.7,246,200,14,46,160,38,19,13,0,6,10,18,81.34,1,11,1,6,2,4,1,7,15,10,66.67,10,11,17,6,35.29,1,0,26,18,69.23,9,17,0,1,5,1,0,6.02,6.19,4.5,4.12,6.63,5.56,0.507,2025-04-21T18:05:36.811373+00:00,838,Crestfall_Town_20251208101535_838,1,5.56
Westwood Athletic,1861.015,481.631,25.88,35.97,117,85,9,32,82,11,8,4,1,7,3,1,73.07,0,0,1,5,2,3,1,5,0,0,13.42,11,0,9,1,11.11,4,1,23,10,43.48,6,17,1,2,6,2,0,5.4,5.78,4.35,4.13,5.55,5.13,0.459,2025-12-04T16:04:02.811373+00:00,19,Westwood_Athletic_20251208101535_19,1,5.13
City United,2296.453,156.159,6.8,46.68,128,104,6,24,86,20,6,2,0,7,7,8,81.61,1,4,1,8,1,7,1,10,18,12,66.67,4,7,14,5,35.71,1,0,16,7,43.75,4,12,2,3,8,0,0,5.12,5.54,5.17,4.69,7.19,5.39,0.488,2025-09-29T00:20:41.811373+00:00,495,City_United_20251208101535_495,1,5.39
Ironforge FC,2827.755,615.602,21.77,55.53,231,142,33,89,165,31,7,7,2,3,16,23,61.36,1,5,1,7,2,5,0,8,18,11,61.11,1,4,15,2,13.33,1,2,61,18,29.51,27,34,1,0,8,1,0,6.52,6.28,5.26,3.97,6.46,5.84,0.538,2025-05-30T06:26:12.811373+00:00,301,Ironforge_FC_20251208101535_301,1,5.84
Oldtown United,2165.672,380.292,17.56,37.91,119,97,8,22,75,14,1,8,4,4,12,13,81.64,0,1,0,4,1,3,0,4,7,4,57.14,14,1,21,5,23.81,0,1,17,9,52.94,2,15,2,2,11,0,0,4.94,6.25,4.78,5.63,7.27,5.6,0.511,2025-01-03T02:36:53.811373+00:00,929,Oldtown_United_20251208101535_929,1,5.6
Pioneer Ville FC,2545.397,665.876,26.16,45.73,171,124,19,47,102,6,17,5,5,12,25,9,72.59,2,3,2,7,3,4,1,8,18,11,61.11,10,4,4,2,50.0,2,2,27,11,40.74,6,21,1,2,8,0,0,7.1,6.04,4.75,5.11,7.41,6.09,0.566,2025-08-23T15:19:21.811373+00:00,322,Pioneer_Ville_FC_20251208101535_322,1,6.09
Lakeside Athletic,2888.868,1134.17,39.26,58.0,172,137,14,35,118,10,11,4,1,6,22,10,79.41,0,3,0,7,4,3,0,6,5,3,60.0,17,10,0,0,0.0,0,2,55,22,40.0,12,43,0,3,8,2,0,5.39,5.72,4.67,5.03,4.85,5.23,0.47,2025-06-09T03:17:50.811373+00:00,699,Lakeside_Athletic_20251208101535_699,1,5.23
Crestfall Town,1840.176,55.205,3.0,37.8,106,83,10,23,73,9,4,3,1,5,11,9,78.29,0,2,0,4,2,2,1,5,10,7,70.0,11,7,30,7,23.33,2,0,12,6,50.0,2,10,0,3,12,2,0,4.8,6.32,5.21,4.62,5.66,5.37,0.486,2025-08-03T22:30:46.812371+00:00,427,Crestfall_Town_20251208101535_427,1,5.37
Coastal Town,3284.885,779.503,23.73,64.05,309,251,19,58,260,30,21,8,6,0,0,37,81.37,1,10,1,8,3,5,0,11,3,2,66.67,4,4,12,2,16.67,2,1,46,29,63.04,0,46,2,2,5,0,0,6.62,5.27,6.29,5.31,7.49,6.08,0.564,2025-03-02T04:49:02.812371+00:00,385,Coastal_Town_20251208101535_385,1,6.08
Goldenfield Rovers,1127.5,253.8,22.51,21.71,61,44,8,17,44,6,5,1,1,2,3,8,71.33,0,1,0,2,1,1,0,2,6,4,66.67,17,8,28,4,14.29,3,1,8,3,37.5,2,6,0,1,8,1,0,4.66,5.57,4.97,3.85,6.62,5.06,0.451,2025-06-27T03:24:43.812371+00:00,58,Goldenfield_Rovers_20251208101535_58,1,5.06
Garden State FC,2289.779,195.089,8.52,45.2,200,153,14,47,145,21,0,7,6,11,10,12,76.66,1,4,1,6,2,4,0,5,6,3,50.0,1,5,3,1,33.33,1,0,8,4,50.0,2,6,1,2,7,2,0,6.69,6.21,4.47,4.41,5.67,5.69,0.521,2025-10-03T23:02:14.812371+00:00,220,Garden_State_FC_20251208101535_220,1,5.69
Silverlake City,3148.913,869.1,27.6,55.31,223,169,18,54,176,15,13,12,5,1,1,17,75.95,1,2,1,8,3,5,1,11,17,7,41.18,2,7,3,0,0.0,0,2,31,12,38.71,15,16,0,2,4,0,0,6.49,5.78,5.41,4.2,7.96,5.9,0.544,2025-06-16T04:13:24.812371+00:00,580,Silverlake_City_20251208101535_580,1,5.9
Brookside United,2350.337,367.358,15.63,46.49,137,111,12,26,110,4,8,5,6,2,1,16,80.79,0,0,1,5,2,3,1,7,9,6,66.67,8,8,15,2,13.33,1,2,19,10,52.63,1,18,0,2,10,1,0,5.54,6.04,5.4,4.78,7.2,5.71,0.523,2025-09-30T04:08:33.812371+00:00,186,Brookside_United_20251208101535_186,1,5.71
Lakeside Athletic,1966.2,625.645,31.82,35.62,135,118,3,17,111,10,10,3,4,0,0,12,87.6,0,2,0,4,1,3,0,4,11,8,72.73,4,7,20,6,30.0,0,3,19,7,36.84,8,11,1,0,9,3,0,5.21,6.18,5.27,6.28,4.33,5.56,0.507,2024-12-19T08:56:49.812371+00:00,267,Lakeside_Athletic_20251208101535_267,1,5.56
Redwood Borough,1678.437,494.3,29.45,33.84,112,98,6,14,91,13,6,5,2,0,0,11,87.76,0,2,0,4,1,3,0,4,3,1,33.33,16,9,22,5,22.73,1,1,20,9,45.0,3,17,1,1,3,0,0,4.93,6.59,4.94,4.85,7.71,5.66,0.518,2025-08-07T04:37:27.812371+00:00,379,Redwood_Borough_20251208101535_379,1,5.66
Harborview United,2881.249,1024.572,35.56,51.3,195,193,1,2,137,20,8,13,0,7,10,13,99.16,1,8,1,10,4,6,0,10,10,5,50.0,9,9,16,6,37.5,1,2,30,16,53.33,11,19,1,3,1,0,0,5.38,5.86,6.31,4.57,7.75,5.82,0.536,2024-12-28T19:48:17.813371+00:00,7,Harborview_United_20251208101535_7,1,5.82
Ironforge FC,2975.08,559.018,18.79,59.24,220,167,16,53,147,34,20,5,12,1,2,8,75.73,1,3,1,5,2,3,0,6,6,3,50.0,12,3,12,2,16.67,3,0,32,22,68.75,5,27,1,0,6,0,0,5.43,6.73,5.79,4.34,7.5,5.92,0.547,2025-04-04T01:57:42.813371+00:00,177,Ironforge_FC_20251208101535_177,1,5.92
Riverstone FC,2383.53,844.961,35.45,43.37,167,110,22,57,116,10,9,0,4,14,13,0,65.69,1,5,1,9,4,5,0,15,11,7,63.64,12,1,8,2,25.0,2,0,24,16,66.67,12,12,1,2,8,1,0,6.41,5.25,5.04,3.6,7.11,5.49,0.499,2025-05-05T09:38:40.813371+00:00,565,Riverstone_FC_20251208101535_565,1,5.49
Grand Harbor FC,1481.659,434.867,29.35,26.96,80,48,12,32,58,6,2,2,3,4,5,8,59.86,1,2,1,5,2,3,0,5,6,3,50.0,25,11,24,9,37.5,2,0,2,1,50.0,1,1,0,1,21,0,0,6.3,5.51,4.34,4.95,6.87,5.55,0.506,2025-05-04T19:26:19.813371+00:00,586,Grand_Harbor_FC_20251208101535_586,1,5.55
Westwood Athletic,2106.045,485.865,23.07,43.25,169,125,19,44,103,10,14,1,3,12,25,18,74.23,1,4,1,7,3,4,0,7,13,9,69.23,11,5,9,1,11.11,1,0,39,20,51.28,14,25,1,2,9,1,0,6.48,5.22,4.97,4.95,6.59,5.62,0.513,2025-06-06T14:06:55.813371+00:00,529,Westwood_Athletic_20251208101535_529,1,5.62
Metro FC,2918.206,213.613,7.32,59.29,152,111,10,41,93,15,1,5,3,9,26,22,73.19,1,1,2,8,3,5,0,11,20,10,50.0,7,5,8,2,25.0,3,0,29,21,72.41,10,19,0,1,4,0,0,5.35,5.53,5.62,4.91,6.81,5.54,0.504,2025-06-29T08:25:27.813371+00:00,807,Metro_FC_20251208101535_807,1,5.54
Lakeside Athletic,3173.814,660.471,20.81,56.31,239,185,22,54,187,9,12,8,7,8,8,26,77.25,2,13,2,9,3,6,1,13,14,11,78.57,7,4,12,1,8.33,0,0,33,7,21.21,6,27,0,5,7,2,0,6.35,5.52,5.53,4.72,5.89,5.68,0.52,2025-05-05T14:30:00.813371+00:00,34,Lakeside_Athletic_20251208101535_34,1,5.68
Grand Harbor FC,3479.859,549.122,15.78,64.23,282,222,28,60,197,20,10,16,6,12,20,6,78.78,1,8,1,12,5,7,1,14,7,5,71.43,11,7,6,2,33.33,1,3,39,15,38.46,15,24,3,2,5,0,0,7.08,5.44,6.04,5.6,7.77,6.27,0.586,2025-10-12T00:02:20.814371+00:00,825,Grand_Harbor_FC_20251208101535_825,1,6.27
Millennium Rovers,2748.108,625.195,22.75,52.84,175,117,32,58,117,20,8,0,0,19,11,18,66.99,0,4,0,5,2,3,1,5,9,5,55.56,11,5,7,0,0.0,3,0,8,5,62.5,3,5,0,0,6,1,0,5.37,5.01,4.58,4.56,7.02,5.16,0.462,2025-05-09T02:47:53.814371+00:00,833,Millennium_Rovers_20251208101535_833,1,5.16
Summit Peak FC,3087.719,636.379,20.61,61.74,219,141,17,78,141,31,21,5,3,9,9,26,64.32,1,8,1,9,4,5,0,8,25,16,64.0,12,2,17,4,23.53,0,3,20,8,40.0,3,17,1,5,5,0,0,5.76,5.89,6.24,4.06,7.0,5.78,0.531,2025-03-10T14:24:59.814371+00:00,335,Summit_Peak_FC_20251208101535_335,1,5.78
Prime City Athletic,2554.64,757.962,29.67,51.88,134,127,2,7,104,11,6,6,1,4,3,12,94.88,0,4,0,6,2,4,0,9,10,8,80.0,12,8,11,4,36.36,1,0,48,19,39.58,21,27,0,1,6,0,0,6.01,5.88,5.71,4.88,7.06,5.86,0.54,2025-07-30T01:21:57.814371+00:00,430,Prime_City_Athletic_20251208101535_430,1,5.86
Crown City FC,1692.79,185.022,10.93,29.94,105,85,6,20,84,10,2,2,3,1,2,5,81.19,0,0,0,3,1,2,0,4,10,8,80.0,9,2,12,3,25.0,2,0,11,4,36.36,3,8,0,1,4,0,0,4.8,6.43,5.04,3.69,7.42,5.41,0.49,2024-12-08T21:03:46.814371+00:00,769,Crown_City_FC_20251208101535_769,1,5.41
Union Crest United,2952.953,186.627,6.32,53.92,165,108,19,57,104,14,9,0,8,14,15,15,65.75,0,4,0,5,1,4,0,6,20,13,65.0,3,1,0,0,0.0,0,0,44,26,59.09,9,35,0,2,4,2,0,5.21,5.2,4.98,3.85,5.61,5.01,0.446,2025-11-19T22:34:44.814371+00:00,904,Union_Crest_United_20251208101535_904,1,5.01
Garden State FC,3705.588,828.569,22.36,67.84,213,163,21,50,148,20,11,4,9,10,11,24,76.49,1,8,1,10,3,7,1,19,14,6,42.86,8,8,5,1,20.0,2,1,57,45,78.95,11,46,1,2,3,0,1,6.33,3.95,5.72,4.31,5.68,5.19,0.466,2025-01-31T11:59:37.814371+00:00,228,Garden_State_FC_20251208101535_228,1,5.19
Harborview United,3153.855,866.995,27.49,58.61,322,263,8,59,252,39,13,5,6,3,3,18,81.62,1,12,1,10,4,6,1,17,8,6,75.0,5,4,8,1,12.5,2,2,48,28,58.33,12,36,1,3,7,1,0,5.61,6.05,6.86,4.23,6.53,5.88,0.542,2025-01-15T07:40:48.814371+00:00,110,Harborview_United_20251208101535_110,1,5.88
Valley Rovers,2945.401,619.712,21.04,51.55,154,127,12,27,106,24,1,4,1,6,11,7,82.31,0,5,0,3,1,2,0,2,16,6,37.5,8,2,5,1,20.0,0,0,18,7,38.89,8,10,0,2,6,0,0,4.38,5.02,5.34,4.41,7.52,5.07,0.452,2025-04-26T21:41:25.815371+00:00,125,Valley_Rovers_20251208101535_125,1,5.07
Garden State FC,2530.628,559.016,22.09,45.05,225,157,9,68,129,28,23,9,1,22,13,5,69.8,0,4,0,7,3,4,1,7,9,4,44.44,5,7,0,0,0.0,1,0,25,16,64.0,5,20,2,1,10,1,0,4.82,5.16,5.36,4.77,6.22,5.16,0.462,2025-06-25T09:08:03.815371+00:00,900,Garden_State_FC_20251208101535_900,1,5.16
Coastal Town,3165.577,365.624,11.55,58.07,179,120,8,59,117,26,9,12,0,10,5,11,67.27,1,6,1,10,3,7,1,13,11,7,63.64,9,8,10,2,20.0,3,2,24,15,62.5,2,22,1,0,1,0,0,6.74,5.97,4.95,4.47,7.38,5.91,0.546,2025-02-24T05:55:19.815371+00:00,690,Coastal_Town_20251208101535_690,1,5.91
Redwood Borough,1516.919,279.72,18.44,27.32,77,49,9,28,53,6,3,1,2,6,8,4,64.08,0,2,0,4,1,3,0,6,8,5,62.5,15,3,17,4,23.53,2,0,20,11,55.0,5,15,0,1,0,1,0,5.83,5.65,4.16,4.44,6.29,5.3,0.478,2025-04-06T17:01:19.815371+00:00,955,Redwood_Borough_20251208101535_955,1,5.3
Westwood Athletic,1992.167,308.587,15.49,35.98,138,118,6,20,103,21,2,9,2,1,1,15,85.42,1,2,1,7,3,4,0,6,12,5,41.67,19,6,10,2,20.0,1,0,23,12,52.17,10,13,2,1,13,0,0,5.76,6.33,5.28,3.96,7.26,5.72,0.524,2025-05-30T22:52:31.815371+00:00,904,Westwood_Athletic_20251208101535_904,1,5.72
Redwood Borough,2552.049,699.006,27.39,46.1,174,135,17,39,108,18,8,5,2,19,13,22,77.38,0,1,0,4,2,2,0,4,6,3,50.0,6,3,8,2,25.0,1,2,19,9,47.37,5,14,1,1,5,1,0,5.02,4.57,5.26,5.07,6.34,5.08,0.453,2025-10-20T07:38:44.815371+00:00,175,Redwood_Borough_20251208101535_175,1,5.08
Garden State FC,2774.468,459.452,16.56,53.38,194,174,12,20,132,19,1,8,2,7,25,25,89.49,0,0,1,5,2,3,1,5,19,10,52.63,8,6,9,2,22.22,1,1,15,9,60.0,7,8,0,2,1,0,0,6.35,5.52,6.38,2.73,8.01,5.78,0.531,2025-08-30T18:18:32.815371+00:00,123,Garden_State_FC_20251208101535_123,1,5.78
Frontier Rovers,1337.443,315.637,23.6,25.12,111,77,8,34,80,9,10,2,2,3,5,12,69.15,0,2,0,4,1,3,0,5,5,3,60.0,12,6,13,2,15.38,3,1,12,6,50.0,5,7,0,0,9,1,0,4.87,4.46,5.03,4.42,6.46,4.88,0.431,2025-07-13T19:21:41.816371+00:00,886,Frontier_Rovers_20251208101535_886,1,4.88
Silverlake City,4029.397,1108.084,27.5,72.31,156,118,12,38,113,19,4,4,0,8,7,7,75.47,1,2,1,8,3,5,0,7,23,17,73.91,9,2,3,1,33.33,1,2,20,8,40.0,5,15,1,2,7,0,0,6.31,5.4,4.81,4.81,7.94,5.71,0.523,2025-10-07T10:57:49.816371+00:00,361,Silverlake_City_20251208101535_361,1,5.71
Twin Oak Rangers,2433.185,308.771,12.69,45.56,165,122,16,43,104,14,8,0,0,17,22,13,74.15,0,6,0,5,1,4,0,6,16,8,50.0,9,9,9,2,22.22,2,1,20,7,35.0,5,15,0,0,7,2,0,5.22,5.74,4.72,3.27,5.81,5.05,0.45,2025-07-20T05:44:11.816371+00:00,661,Twin_Oak_Rangers_20251208101535_661,1,5.05
Millennium Rovers,2346.234,285.302,12.16,47.75,159,111,14,48,92,23,7,5,0,18,14,16,69.56,1,3,1,7,3,4,0,6,14,7,50.0,19,7,6,1,16.67,2,0,10,5,50.0,3,7,1,3,8,2,0,5.93,5.93,4.28,4.44,6.06,5.4,0.489,2025-08-24T11:25:58.816371+00:00,17,Millennium_Rovers_20251208101535_17,1,5.4
Frontier Rovers,2824.986,582.795,20.63,50.84,146,93,26,53,88,26,6,0,2,8,17,19,63.89,1,4,1,10,5,5,1,9,5,2,40.0,10,4,4,1,25.0,2,3,16,8,50.0,6,10,3,5,1,1,0,6.87,4.67,4.22,4.07,7.22,5.37,0.486,2025-10-21T00:59:48.816371+00:00,305,Frontier_Rovers_20251208101535_305,1,5.37
Riverstone FC,2616.076,603.529,23.07,45.94,140,103,14,37,97,16,4,4,0,9,9,12,73.58,1,2,1,7,3,4,0,6,8,3,37.5,4,7,14,4,28.57,2,2,35,19,54.29,15,20,2,3,1,1,0,5.54,6.44,4.61,4.16,7.29,5.59,0.51,2025-02-02T12:25:38.816371+00:00,294,Riverstone_FC_20251208101535_294,1,5.59
Dominion Athletic,2850.772,192.712,6.76,50.49,150,114,13,36,115,0,13,3,3,4,13,11,75.7,1,1,1,8,4,4,0,8,11,8,72.73,7,0,6,1,16.67,1,2,15,5,33.33,2,13,0,2,4,0,0,5.45,5.41,5.02,4.71,7.43,5.45,0.494,2025-04-07T02:32:59.816371+00:00,982,Dominion_Athletic_20251208101535_982,1,5.45
Summit Peak FC,2118.811,781.629,36.89,40.33,183,152,10,31,119,17,7,8,1,12,19,16,83.33,0,3,0,6,2,4,0,8,13,6,46.15,6,13,24,4,16.67,2,0,29,18,62.07,2,27,0,3,8,0,0,6.08,6.09,4.58,4.83,7.53,5.75,0.528,2025-01-26T04:14:28.816371+00:00,12,Summit_Peak_FC_20251208101535_12,1,5.75
Metro FC,3134.387,699.282,22.31,59.36,240,159,29,81,175,22,12,7,0,19,6,20,66.12,0,7,0,6,2,4,1,6,11,6,54.55,9,4,16,2,12.5,0,1,58,28,48.28,14,44,0,2,6,0,0,5.19,5.6,5.19,5.79,7.54,5.62,0.513,2024-12-15T10:46:55.817371+00:00,677,Metro_FC_20251208101535_677,1,5.62
Frontier Rovers,2240.328,265.927,11.87,44.46,149,138,3,11,99,15,16,2,0,7,11,12,92.37,1,4,1,5,2,3,1,5,1,1,100.0,23,7,2,1,50.0,1,0,14,6,42.86,4,10,0,2,3,0,0,6.66,5.75,5.23,3.12,7.44,5.7,0.522,2025-04-21T12:12:10.817371+00:00,751,Frontier_Rovers_20251208101535_751,1,5.7
Crestfall Town,3714.405,275.609,7.42,65.25,204,176,14,28,135,13,11,5,7,14,19,15,86.39,0,2,1,10,3,7,1,12,8,5,62.5,9,5,5,2,40.0,1,0,34,16,47.06,9,25,2,1,4,0,0,5.13,5.96,5.29,5.14,6.92,5.57,0.508,2025-11-30T21:11:23.817371+00:00,480,Crestfall_Town_20251208101535_480,1,5.57
Highland Wanderers,2317.329,896.806,38.7,45.27,168,135,5,33,118,22,8,8,5,4,4,13,80.42,0,0,0,9,4,5,0,8,11,5,45.45,13,11,8,1,12.5,1,0,40,18,45.0,5,35,2,1,6,1,0,5.05,5.83,5.96,3.98,6.89,5.48,0.498,2025-11-26T03:57:54.817371+00:00,532,Highland_Wanderers_20251208101535_532,1,5.48
Goldenfield Rovers,1909.935,492.954,25.81,38.95,128,73,22,55,85,13,3,7,2,9,8,10,57.28,1,3,1,7,3,4,0,7,13,6,46.15,17,8,5,2,40.0,1,1,7,4,57.14,2,5,0,1,13,1,0,6.22,6.63,4.44,3.85,7.22,5.75,0.528,2025-01-15T11:14:59.817371+00:00,289,Goldenfield_Rovers_20251208101535_289,1,5.75
2 Worlds FC,1946.682,392.84,20.18,36.81,126,105,6,21,99,17,8,10,4,0,0,12,83.6,0,4,0,5,2,3,0,6,9,5,55.56,8,9,12,4,33.33,1,2,14,7,50.0,3,11,1,1,10,1,0,3.99,5.55,4.24,5.31,6.44,4.91,0.434,2025-08-24T17:18:23.817371+00:00,706,2_Worlds_FC_20251208101535_706,1,4.91
Summit Peak FC,2897.063,236.111,8.15,58.31,202,142,29,60,145,11,3,13,5,13,12,22,70.31,1,6,1,7,2,5,0,10,0,0,59.65,7,9,10,3,30.0,0,0,20,12,60.0,7,13,2,2,2,0,0,6.33,5.48,5.05,3.68,6.87,5.52,0.502,2025-07-25T04:58:26.817371+00:00,4,Summit_Peak_FC_20251208101535_4,1,5.52
Oldtown United,1931.009,619.275,32.07,37.91,120,108,6,12,94,13,9,3,3,0,0,9,89.87,0,5,0,3,1,2,0,3,5,3,60.0,19,14,21,7,33.33,2,0,19,9,47.37,6,13,0,1,9,2,0,4.99,5.11,6.06,4.06,5.36,5.14,0.46,2025-06-05T01:47:09.818371+00:00,632,Oldtown_United_20251208101535_632,1,5.14
Eastview Rangers,2585.12,520.643,20.14,49.1,219,177,9,42,147,28,15,14,5,5,6,20,80.9,1,3,1,7,2,5,0,7,10,5,50.0,8,2,14,2,14.29,2,1,27,8,29.63,11,16,0,1,8,2,0,5.35,6.18,6.18,4.72,5.52,5.68,0.52,2025-06-23T22:01:25.818371+00:00,33,Eastview_Rangers_20251208101535_33,1,5.68
Riverstone FC,2853.14,659.931,23.13,53.76,183,175,1,8,133,29,21,3,6,0,0,27,95.45,1,6,1,9,3,6,1,12,7,6,85.71,9,9,22,5,22.73,1,0,32,15,46.88,8,24,3,2,2,0,0,6.45,5.79,5.22,4.05,8.03,5.84,0.538,2025-05-09T10:02:59.818371+00:00,202,Riverstone_FC_20251208101535_202,1,5.84
Riverstone FC,1229.002,305.284,24.84,24.78,71,55,6,16,59,7,3,5,3,0,0,8,77.4,0,2,0,2,1,1,0,3,7,3,42.86,10,8,35,6,17.14,2,0,10,7,70.0,2,8,1,1,11,1,0,4.79,5.23,4.0,5.16,7.35,5.06,0.451,2025-11-29T22:06:25.818371+00:00,517,Riverstone_FC_20251208101535_517,1,5.06
Brookside United,2917.243,481.345,16.5,59.03,154,136,6,18,104,12,11,3,6,9,9,11,88.51,1,2,1,5,2,3,0,4,21,15,71.43,13,8,11,2,18.18,0,2,21,12,57.14,0,21,0,3,5,2,0,5.8,6.64,5.46,5.58,5.58,5.91,0.546,2025-05-26T09:02:16.818371+00:00,517,Brookside_United_20251208101535_517,1,5.91
Royal Haven FC,2536.842,319.642,12.6,47.66,196,172,8,24,126,18,11,0,2,23,16,13,88.01,1,2,1,6,2,4,0,7,10,6,60.0,7,4,5,1,20.0,0,0,18,11,61.11,6,12,1,2,8,2,0,6.22,5.44,5.48,3.95,5.42,5.46,0.496,2025-08-15T08:30:28.818371+00:00,842,Royal_Haven_FC_20251208101535_842,1,5.46
Evergreen Sporting,2464.571,554.282,22.49,46.5,189,137,16,52,138,22,5,10,0,5,10,12,72.59,0,2,0,4,2,2,0,5,17,11,64.71,13,10,15,3,20.0,2,2,17,10,58.82,5,12,1,1,9,1,0,5.04,5.92,5.07,4.42,6.88,5.39,0.488,2025-03-27T01:35:52.818371+00:00,412,Evergreen_Sporting_20251208101535_412,1,5.39
Eastview Rangers,3379.859,866.258,25.63,64.21,251,220,14,31,172,22,1,11,8,11,26,16,87.7,1,5,1,7,2,5,0,6,15,7,46.67,2,5,9,2,22.22,2,3,35,18,51.43,13,22,1,3,4,0,0,5.41,6.47,5.33,4.85,7.47,5.82,0.536,2025-02-20T13:22:17.818371+00:00,526,Eastview_Rangers_20251208101535_526,1,5.82
Royal Haven FC,2506.035,323.78,12.92,44.64,166,129,6,37,126,11,7,5,6,6,5,7,77.66,2,3,2,9,4,5,1,12,9,4,44.44,13,8,3,1,33.33,3,2,15,8,53.33,5,10,1,3,1,1,0,7.67,6.93,5.29,4.2,6.5,6.38,0.598,2025-03-08T17:17:28.819371+00:00,935,Royal_Haven_FC_20251208101535_935,1,6.38
Crestfall Town,2868.364,433.983,15.13,54.0,157,102,13,55,99,19,11,4,0,12,11,13,65.25,1,3,1,8,4,4,1,7,10,6,60.0,6,9,5,1,20.0,1,1,12,7,58.33,1,11,2,1,6,0,0,6.17,5.36,4.18,4.04,7.68,5.4,0.489,2025-11-21T05:31:16.819371+00:00,369,Crestfall_Town_20251208101535_369,1,5.4
Summit Peak FC,3901.998,830.735,21.29,78.27,358,328,10,30,280,21,12,3,22,12,7,53,91.73,2,13,2,9,3,6,0,11,20,7,35.0,9,4,5,1,20.0,0,1,61,30,49.18,3,58,1,4,3,0,1,6.05,4.98,6.31,4.26,5.95,5.54,0.504,2025-11-02T12:02:24.819371+00:00,32,Summit_Peak_FC_20251208101535_32,1,5.54
Coastal Town,1716.94,406.4,23.67,34.42,172,112,25,60,126,19,4,5,0,5,12,27,65.37,0,5,0,3,1,2,0,3,10,7,70.0,6,14,3,1,33.33,2,2,13,8,61.54,5,8,0,1,11,2,0,5.74,5.69,5.1,4.38,5.73,5.41,0.49,2024-12-12T21:52:02.819371+00:00,647,Coastal_Town_20251208101535_647,1,5.41
2 Worlds FC,1938.45,476.859,24.6,34.97,124,82,15,42,69,17,8,0,6,9,14,11,66.52,1,4,1,5,2,3,0,5,7,4,57.14,16,9,11,3,27.27,1,1,26,15,57.69,6,20,0,2,8,1,0,5.66,7.0,4.77,4.94,6.68,5.86,0.54,2025-11-06T01:22:32.819371+00:00,623,2_Worlds_FC_20251208101535_623,1,5.86
Summit Peak FC,2303.395,528.168,22.93,40.26,170,117,20,53,106,12,9,7,3,11,22,2,68.85,1,3,1,6,3,3,0,8,2,1,50.0,5,9,10,1,10.0,2,1,15,7,46.67,7,8,0,1,13,1,0,5.75,5.3,3.71,4.73,6.85,5.18,0.464,2025-02-19T12:50:59.819371+00:00,567,Summit_Peak_FC_20251208101535_567,1,5.18
Dominion Athletic,1827.814,419.849,22.97,35.98,141,104,2,37,108,5,12,4,0,6,8,4,73.79,0,5,0,6,2,4,0,6,9,5,55.56,9,5,22,8,36.36,2,1,14,8,57.14,2,12,1,3,5,2,0,5.17,4.05,5.47,4.22,5.71,4.84,0.427,2025-12-04T19:02:52.819371+00:00,86,Dominion_Athletic_20251208101535_86,1,4.84
Blue Ridge FC,2703.039,829.292,30.68,53.3,182,133,13,49,141,17,9,8,3,2,3,10,72.86,1,4,1,7,2,5,0,9,7,4,57.14,6,3,11,5,45.45,2,1,5,2,40.0,0,5,1,1,6,2,0,5.55,4.61,5.36,4.92,5.2,5.13,0.459,2025-10-17T02:48:38.820371+00:00,854,Blue_Ridge_FC_20251208101535_854,1,5.13
Riverside FC,3521.231,969.043,27.52,64.42,239,233,3,6,153,24,17,16,0,16,12,10,97.38,1,2,1,10,3,7,1,13,7,5,71.43,7,4,6,1,16.67,1,0,36,23,63.89,5,31,0,3,3,0,0,6.15,5.06,5.53,4.34,7.16,5.57,0.508,2025-10-30T00:20:22.820371+00:00,139,Riverside_FC_20251208101535_139,1,5.57
Highland Wanderers,2789.245,991.856,35.56,54.71,156,113,20,43,121,27,17,3,11,0,0,27,72.42,1,3,1,6,2,4,0,5,7,4,57.14,4,6,9,2,22.22,2,2,9,5,55.56,1,8,0,1,6,0,0,5.02,5.76,4.96,3.85,6.61,5.21,0.468,2025-02-11T01:55:40.820371+00:00,948,Highland_Wanderers_20251208101535_948,1,5.21
City United,2144.338,695.838,32.45,42.93,137,103,16,34,87,2,8,1,1,34,4,16,75.46,1,1,1,5,2,3,0,4,11,6,54.55,5,8,18,3,16.67,1,1,23,8,34.78,6,17,0,0,4,0,0,6.25,4.73,5.57,4.13,6.78,5.44,0.493,2025-10-28T14:01:14.820371+00:00,548,City_United_20251208101535_548,1,5.44
Redwood Borough,2177.828,599.556,27.53,43.63,182,146,14,36,132,20,9,11,7,3,1,10,80.17,0,4,0,5,2,3,0,5,6,3,50.0,10,11,2,0,0.0,2,0,21,7,33.33,8,13,0,1,13,0,0,5.1,5.08,5.8,5.2,7.29,5.47,0.497,2025-12-02T13:49:04.820371+00:00,174,Redwood_Borough_20251208101535_174,1,5.47
Goldenfield Rovers,3671.821,333.034,9.07,65.85,276,202,16,74,203,11,18,2,3,11,28,29,73.2,2,5,2,11,4,7,1,13,11,5,45.45,6,5,4,0,0.0,0,0,42,19,45.24,3,39,2,1,5,0,0,5.3,6.35,6.49,5.07,7.05,5.97,0.552,2025-01-26T06:21:35.820371+00:00,510,Goldenfield_Rovers_20251208101535_510,1,5.97
Westwood Athletic,2709.025,436.695,16.12,52.22,229,222,3,7,173,13,31,4,13,0,0,32,97.06,0,6,0,8,2,6,1,10,23,12,52.17,8,3,4,1,25.0,1,1,33,19,57.58,13,20,2,3,4,0,0,5.0,5.69,6.11,5.35,7.6,5.72,0.524,2025-05-16T16:09:27.820371+00:00,77,Westwood_Athletic_20251208101535_77,1,5.72
Stormhold FC,1932.902,290.708,15.04,37.21,90,68,7,22,71,6,2,3,0,2,6,5,75.7,1,2,1,6,2,4,0,4,2,1,50.0,4,0,19,4,21.05,3,0,0,0,29.11,0,0,1,2,4,1,0,6.34,6.01,6.08,4.36,6.25,5.91,0.546,2025-05-08T08:35:37.820371+00:00,766,Stormhold_FC_20251208101535_766,1,5.91
Hillcrest Athletic,2419.384,584.765,24.17,46.35,133,114,9,19,97,11,2,4,6,3,9,15,85.42,1,5,1,9,5,4,0,7,13,8,61.54,21,9,17,4,23.53,2,2,39,25,64.1,4,35,1,2,4,1,0,5.51,5.93,5.74,3.93,6.42,5.54,0.504,2025-09-20T21:40:34.821371+00:00,143,Hillcrest_Athletic_20251208101535_143,1,5.54
Silverlake City,2928.898,540.967,18.47,56.29,205,166,15,39,128,34,14,7,5,10,6,13,80.82,1,2,1,9,4,5,0,13,14,7,50.0,11,5,5,1,20.0,2,2,33,14,42.42,9,24,0,3,9,2,0,7.11,6.07,5.46,3.62,5.65,5.85,0.539,2025-11-26T20:45:38.821371+00:00,699,Silverlake_City_20251208101535_699,1,5.85
Grand Harbor FC,2410.935,884.09,36.67,42.41,135,123,6,12,100,18,6,7,0,1,2,14,90.93,1,3,1,7,3,4,0,6,13,8,61.54,10,8,0,0,0.0,2,1,7,3,42.86,3,4,1,3,6,0,0,4.91,5.49,5.52,3.78,7.4,5.29,0.477,2025-04-05T02:36:00.821371+00:00,480,Grand_Harbor_FC_20251208101535_480,1,5.29
Goldenfield Rovers,2619.597,594.387,22.69,50.97,137,100,11,37,107,20,5,5,3,0,0,5,72.97,1,2,1,5,2,3,1,8,13,5,38.46,15,12,14,5,35.71,1,0,21,6,28.57,7,14,0,0,7,0,0,6.12,7.49,4.78,5.07,7.21,6.2,0.578,2025-03-26T06:52:41.821371+00:00,573,Goldenfield_Rovers_20251208101535_573,1,6.2
Crown City FC,2872.558,580.831,20.22,52.43,257,198,35,59,181,14,17,12,7,15,11,16,77.17,1,9,1,4,1,3,0,7,6,3,50.0,11,4,18,5,27.78,1,2,41,20,48.78,18,23,0,2,5,0,0,6.07,5.37,5.92,4.71,7.72,5.82,0.536,2025-02-08T04:29:57.821371+00:00,706,Crown_City_FC_20251208101535_706,1,5.82
San Beda University,2818.98,577.891,20.5,55.04,195,156,12,39,139,20,7,10,5,8,5,8,79.79,1,3,1,6,2,4,0,7,12,7,58.33,15,3,12,3,25.0,0,0,50,41,82.0,18,32,0,2,3,1,0,5.64,5.04,5.87,4.98,7.15,5.58,0.509,2025-03-28T03:42:25.821371+00:00,737,San_Beda_University_20251208101535_737,1,5.58
Oldtown United,3056.159,445.588,14.58,58.0,199,154,11,45,162,14,6,5,0,3,8,13,77.23,2,2,2,10,3,7,1,11,19,9,47.37,6,4,10,3,30.0,0,1,35,14,40.0,9,26,1,4,5,2,0,5.68,7.02,5.17,5.14,5.99,5.91,0.546,2024-12-27T10:34:24.821371+00:00,601,Oldtown_United_20251208101535_601,1,5.91
Dominion Athletic,2176.297,319.698,14.69,43.49,97,64,16,33,79,6,3,5,3,1,1,5,65.93,1,2,1,3,1,2,0,3,6,5,83.33,0,5,11,2,18.18,3,0,30,19,63.33,7,23,1,2,4,1,0,4.9,5.38,4.92,5.17,6.5,5.24,0.471,2025-02-20T15:00:02.821371+00:00,539,Dominion_Athletic_20251208101535_539,1,5.24
Valley Rovers,2508.695,473.391,18.87,47.1,128,93,6,35,94,16,2,1,4,5,6,6,72.92,1,2,1,6,3,3,0,9,8,5,62.5,12,13,22,5,22.73,3,1,23,14,60.87,5,18,1,3,6,0,0,6.2,5.26,5.07,4.55,7.12,5.57,0.508,2025-01-29T23:12:28.822371+00:00,147,Valley_Rovers_20251208101535_147,1,5.57
Goldenfield Rovers,2020.257,236.976,11.73,38.48,181,129,13,52,128,20,4,9,4,9,7,11,71.02,1,6,1,6,2,4,0,5,9,5,55.56,11,6,19,6,31.58,1,0,30,14,46.67,12,18,1,2,9,0,0,6.51,5.9,5.55,5.82,7.71,6.17,0.574,2025-08-03T06:16:54.822371+00:00,771,Goldenfield_Rovers_20251208101535_771,1,6.17
Stormhold FC,2875.964,845.246,29.39,52.79,198,132,23,66,155,28,8,4,0,2,2,15,66.44,0,5,0,8,2,6,0,9,2,1,50.0,10,1,0,0,0.0,1,0,36,14,38.89,4,32,1,1,8,2,0,7.07,5.84,4.67,3.94,6.34,5.73,0.526,2025-05-15T15:38:13.822371+00:00,138,Stormhold_FC_20251208101535_138,1,5.73
Lakeside Athletic,971.895,209.152,21.52,17.5,74,65,4,9,55,2,6,0,1,2,7,4,87.67,1,3,1,3,1,2,0,2,1,1,100.0,7,11,10,2,20.0,5,0,2,1,50.0,1,1,0,2,0,0,0,5.16,6.08,5.49,4.87,7.52,5.68,0.52,2024-12-10T22:58:25.822371+00:00,829,Lakeside_Athletic_20251208101535_829,1,5.68
Southgate United,2885.903,770.825,26.71,56.33,167,114,18,53,135,12,3,9,7,1,0,0,68.27,1,3,1,8,4,4,1,7,23,12,52.17,9,10,7,1,14.29,2,0,22,13,59.09,8,14,3,4,6,0,0,6.71,6.81,4.99,3.27,7.59,6.0,0.556,2025-01-23T02:16:56.822371+00:00,17,Southgate_United_20251208101535_17,1,6.0
2 Worlds FC,1935.172,268.021,13.85,39.76,94,60,19,34,68,6,11,2,2,2,3,5,63.72,0,1,0,4,2,2,1,5,10,8,80.0,13,5,16,4,25.0,2,1,20,7,35.0,11,9,1,0,13,1,0,4.19,6.32,3.39,3.31,6.75,4.76,0.418,2025-05-29T07:14:15.822371+00:00,335,2_Worlds_FC_20251208101535_335,1,4.76
Northbridge FC,3237.057,271.589,8.39,59.76,147,109,16,38,101,17,0,0,8,12,8,15,74.27,1,5,1,10,4,6,0,9,20,14,70.0,9,0,13,4,30.77,1,0,23,6,26.09,5,18,1,5,6,0,0,6.79,5.71,4.86,5.45,8.37,6.07,0.563,2025-03-31T08:55:30.822371+00:00,244,Northbridge_FC_20251208101535_244,1,6.07
Hillcrest Athletic,3543.343,920.206,25.97,63.92,307,250,25,57,222,24,33,11,7,3,7,15,81.52,1,7,1,10,3,7,1,5,7,4,57.14,13,5,4,1,25.0,2,1,20,15,75.0,6,14,0,3,4,2,0,5.36,4.49,6.11,4.34,5.3,5.12,0.458,2025-08-25T06:25:28.823371+00:00,563,Hillcrest_Athletic_20251208101535_563,1,5.12
Goldenfield Rovers,2398.986,936.804,39.05,48.14,214,185,11,29,169,13,2,16,0,8,6,29,86.35,0,0,1,7,2,5,0,8,7,3,42.86,12,13,13,5,38.46,3,1,35,24,68.57,13,22,2,0,12,2,0,6.1,6.09,5.99,5.13,5.89,5.92,0.547,2025-01-16T10:03:01.823371+00:00,191,Goldenfield_Rovers_20251208101535_191,1,5.92
Twin Oak Rangers,3403.364,970.299,28.51,67.93,292,252,8,40,184,2,9,4,6,28,59,38,86.4,1,2,1,8,4,4,1,10,8,5,62.5,13,4,6,1,16.67,0,1,29,15,51.72,11,18,2,2,2,0,0,6.7,4.8,6.46,3.95,7.95,5.86,0.54,2025-05-20T09:03:18.823371+00:00,909,Twin_Oak_Rangers_20251208101535_909,1,5.86
Blue Ridge FC,1710.667,505.16,29.53,32.27,112,86,4,26,88,13,11,0,3,0,0,6,76.4,0,0,1,6,2,4,0,6,13,9,69.23,10,15,11,1,9.09,3,0,5,3,60.0,0,5,0,2,10,3,0,5.27,4.67,4.71,4.71,4.89,4.87,0.43,2025-04-03T14:57:41.823371+00:00,800,Blue_Ridge_FC_20251208101535_800,1,4.87
Frontier Rovers,3707.733,759.714,20.49,69.84,301,206,13,95,249,36,12,12,8,0,0,23,68.58,1,5,1,11,4,7,1,12,29,21,72.41,3,6,1,0,0.0,0,2,42,11,26.19,15,27,0,3,2,1,0,6.46,6.08,5.36,3.36,6.25,5.68,0.52,2025-08-20T02:27:50.823371+00:00,684,Frontier_Rovers_20251208101535_684,1,5.68
Dominion Athletic,1354.661,158.902,11.73,26.18,72,50,10,22,43,8,3,1,3,10,4,6,70.1,0,3,0,3,1,2,0,4,5,3,60.0,15,7,28,6,21.43,2,1,18,10,55.56,4,14,1,0,15,2,0,5.99,4.99,5.2,4.66,5.9,5.36,0.484,2025-07-25T17:59:49.823371+00:00,342,Dominion_Athletic_20251208101535_342,1,5.36
Millennium Rovers,1737.561,558.973,32.17,35.31,134,109,11,25,97,29,7,2,5,0,0,11,81.09,1,3,1,4,2,2,0,5,11,3,27.27,21,5,22,4,18.18,2,0,27,16,59.26,5,22,1,1,3,0,0,5.3,5.59,4.63,4.22,7.52,5.32,0.48,2025-08-22T21:23:12.823371+00:00,227,Millennium_Rovers_20251208101535_227,1,5.32
Riverside FC,3267.448,736.483,22.54,59.66,201,130,25,71,118,19,6,13,0,35,9,14,64.59,1,6,1,6,2,4,0,7,16,9,56.25,7,3,9,2,22.22,1,2,32,16,50.0,12,20,0,3,0,1,0,7.19,5.45,6.15,4.9,7.24,6.18,0.576,2025-09-13T07:36:44.823371+00:00,180,Riverside_FC_20251208101535_180,1,6.18
Goldenfield Rovers,1700.239,519.763,30.57,32.51,109,90,4,19,76,4,3,4,5,8,8,17,82.38,0,2,0,2,1,1,0,3,9,5,55.56,18,16,21,3,14.29,2,0,21,14,66.67,10,11,0,1,18,1,0,5.31,6.54,5.05,5.44,6.94,5.78,0.531,2025-11-01T18:16:31.824372+00:00,699,Goldenfield_Rovers_20251208101535_699,1,5.78
Stormhold FC,3661.432,734.849,20.07,73.3,195,142,18,53,143,23,13,11,9,0,0,12,72.71,1,3,1,10,4,6,1,9,13,5,38.46,7,5,4,1,25.0,1,2,15,5,33.33,6,9,0,3,5,0,0,6.09,5.56,4.9,3.58,7.98,5.54,0.504,2025-10-03T23:46:33.824372+00:00,493,Stormhold_FC_20251208101535_493,1,5.54
San Beda University,1888.939,564.037,29.86,37.6,116,75,16,41,81,18,10,1,3,1,2,8,64.64,1,1,1,5,1,4,1,8,5,2,40.0,6,4,12,2,16.67,2,0,28,14,50.0,4,24,0,1,7,1,0,5.33,4.2,5.78,4.93,5.86,5.1,0.456,2025-05-26T10:28:53.824372+00:00,779,San_Beda_University_20251208101535_779,1,5.1
Metro FC,3108.158,758.701,24.41,61.7,205,144,12,61,137,33,17,9,0,3,5,0,70.19,1,4,1,10,3,7,1,12,12,8,66.67,6,6,9,2,22.22,0,2,12,7,58.33,1,11,1,2,0,0,0,6.0,6.11,5.48,4.87,7.65,5.93,0.548,2025-06-03T11:10:55.824372+00:00,109,Metro_FC_20251208101535_109,1,5.93
Eastview Rangers,2169.28,279.186,12.87,41.13,155,111,24,44,124,24,21,5,5,0,0,12,71.56,1,6,1,5,1,4,0,5,16,7,43.75,9,14,20,4,20.0,3,0,9,5,55.56,3,6,1,1,11,3,0,7.12,6.56,5.16,4.32,4.84,5.95,0.55,2025-08-12T14:03:58.824372+00:00,471,Eastview_Rangers_20251208101535_471,1,5.95
Blue Ridge FC,1810.233,373.27,20.62,31.77,126,117,2,9,73,18,2,6,2,13,12,8,92.57,0,2,0,5,2,3,0,7,0,0,40.05,15,9,18,3,16.67,1,2,10,7,70.0,3,7,0,0,14,1,0,5.1,6.26,5.31,4.19,6.29,5.46,0.496,2025-01-01T01:34:29.824372+00:00,921,Blue_Ridge_FC_20251208101535_921,1,5.46
Blue Ridge FC,2382.222,553.867,23.25,41.78,140,125,7,15,100,8,16,7,4,4,2,3,89.45,1,4,1,4,1,3,0,3,20,9,45.0,20,9,17,4,23.53,2,0,55,36,65.45,16,39,0,0,10,0,0,6.27,6.36,5.53,4.71,8.09,6.11,0.568,2025-11-05T15:12:05.824372+00:00,301,Blue_Ridge_FC_20251208101535_301,1,6.11
Garden State FC,2836.538,425.764,15.01,56.82,146,114,12,32,120,9,3,7,0,2,6,20,78.12,1,3,1,7,2,5,0,11,1,1,100.0,8,10,9,3,33.33,2,0,26,12,46.15,15,11,0,2,9,0,0,5.87,4.56,5.34,4.51,8.03,5.42,0.491,2025-01-18T19:03:01.824372+00:00,212,Garden_State_FC_20251208101535_212,1,5.42
Metro FC,1659.686,191.362,11.53,31.41,85,57,3,28,62,5,7,2,1,4,4,4,67.52,0,0,0,4,1,3,0,3,5,2,40.0,10,8,1,0,0.0,3,1,17,13,76.47,3,14,0,0,14,1,0,5.53,6.35,4.53,4.64,6.51,5.53,0.503,2025-07-30T10:08:33.824372+00:00,529,Metro_FC_20251208101535_529,1,5.53
Valley Rovers,1639.532,312.331,19.05,31.23,172,127,22,45,128,16,16,4,1,5,3,5,73.8,1,4,1,6,1,5,1,7,2,1,50.0,14,6,11,2,18.18,1,3,3,1,33.33,3,0,0,1,11,1,0,5.46,6.21,5.4,4.94,6.71,5.71,0.523,2025-03-03T18:15:36.824372+00:00,932,Valley_Rovers_20251208101535_932,1,5.71
Westwood Athletic,1698.13,521.326,30.7,34.36,116,81,16,35,66,14,3,7,2,16,9,14,70.04,0,3,0,5,1,4,0,5,6,3,50.0,14,12,23,4,17.39,0,0,17,12,70.59,6,11,0,0,9,2,0,4.57,7.13,4.37,5.43,5.84,5.49,0.499,2025-03-21T19:10:26.824372+00:00,884,Westwood_Athletic_20251208101535_884,1,5.49
Eastview Rangers,2273.144,759.23,33.4,42.39,162,119,15,43,105,16,5,10,0,14,11,2,73.37,1,6,1,7,2,5,0,8,8,6,75.0,5,8,12,3,25.0,1,1,15,8,53.33,4,11,0,3,15,1,0,6.29,5.26,4.15,4.19,6.49,5.3,0.478,2025-01-29T14:53:10.824372+00:00,562,Eastview_Rangers_20251208101535_562,1,5.3
Redwood Borough,4407.87,1194.092,27.09,77.2,386,312,23,74,298,52,22,17,18,0,0,29,80.72,1,8,1,15,8,7,1,19,33,20,60.61,4,0,2,1,50.0,0,2,52,26,50.0,21,31,0,5,2,2,0,6.47,5.6,6.55,4.26,5.39,5.83,0.537,2025-03-08T02:14:50.825875+00:00,126,Redwood_Borough_20251208101535_126,1,5.83
Stormhold FC,2622.504,582.196,22.2,46.16,169,155,8,14,126,20,0,7,3,9,4,11,91.79,1,3,1,7,3,4,1,4,11,6,54.55,9,8,6,2,33.33,0,1,23,7,30.43,4,19,0,3,5,0,0,5.91,5.84,4.77,5.78,6.69,5.72,0.524,2025-03-05T12:33:04.825875+00:00,882,Stormhold_FC_20251208101535_882,1,5.72
Goldenfield Rovers,2344.172,576.901,24.61,44.2,116,88,8,28,78,11,0,3,4,13,7,14,76.16,1,2,1,7,3,4,0,7,15,9,60.0,16,8,20,4,20.0,2,1,48,24,50.0,17,31,0,1,9,2,0,6.01,5.64,5.46,5.04,5.35,5.59,0.51,2025-02-22T20:45:59.825875+00:00,413,Goldenfield_Rovers_20251208101535_413,1,5.59
Twin Oak Rangers,3656.315,1083.732,29.64,64.72,232,151,26,81,209,28,6,5,11,0,0,11,64.96,1,5,1,8,4,4,1,9,13,9,69.23,5,5,10,3,30.0,0,0,34,23,67.65,6,28,0,2,7,0,0,5.36,5.52,5.74,3.82,7.86,5.52,0.502,2025-10-23T13:34:43.825875+00:00,607,Twin_Oak_Rangers_20251208101535_607,1,5.52
Prime City Athletic,2962.753,665.138,22.45,60.21,210,177,11,33,141,16,17,3,0,10,23,7,84.08,1,7,1,5,1,4,1,5,16,10,62.5,8,3,4,0,0.0,1,0,32,14,43.75,10,22,1,1,6,2,0,7.31,5.22,6.15,4.25,5.17,5.85,0.539,2025-03-26T02:52:36.825875+00:00,223,Prime_City_Athletic_20251208101535_223,1,5.85
Stormhold FC,2631.803,519.518,19.74,46.65,191,157,6,34,144,27,17,0,4,0,0,6,81.97,0,2,0,6,3,3,0,4,8,6,75.0,10,7,2,1,50.0,1,0,29,15,51.72,8,21,0,1,3,0,0,5.11,6.06,5.83,4.42,7.86,5.7,0.522,2025-04-15T18:55:33.825875+00:00,556,Stormhold_FC_20251208101535_556,1,5.7
Lakeside Athletic,574.142,163.171,28.42,10.34,37,24,3,13,29,3,2,1,1,0,0,4,64.68,0,1,0,1,0,1,0,1,2,1,50.0,17,10,16,4,25.0,0,0,4,1,25.0,2,2,0,0,9,1,0,4.85,5.28,4.16,4.17,6.64,4.92,0.436,2025-07-16T02:42:15.825875+00:00,361,Lakeside_Athletic_20251208101535_361,1,4.92
Metro FC,3409.605,521.329,15.29,66.91,208,155,24,53,133,15,4,11,1,33,11,14,74.62,1,4,1,6,3,3,1,7,13,8,61.54,8,7,6,1,16.67,1,0,30,12,40.0,11,19,0,2,6,2,0,5.36,5.83,5.04,4.83,5.99,5.42,0.491,2025-01-02T01:44:20.826880+00:00,264,Metro_FC_20251208101535_264,1,5.42
Twin Oak Rangers,3126.016,341.048,10.91,59.8,165,106,9,59,108,17,1,0,2,11,25,13,64.24,1,3,1,9,4,5,0,4,25,12,48.0,9,0,15,1,6.67,1,0,27,16,59.26,7,20,0,3,3,1,0,6.36,5.96,5.45,3.94,6.84,5.78,0.531,2025-09-02T16:45:18.826880+00:00,340,Twin_Oak_Rangers_20251208101535_340,1,5.78
Crestfall Town,3197.276,461.047,14.42,60.03,261,204,23,57,166,19,8,9,8,19,32,26,78.22,1,8,1,9,5,4,1,16,20,16,80.0,11,3,10,1,10.0,1,2,53,31,58.49,18,35,2,2,3,0,0,6.83,5.45,5.45,4.51,8.03,5.96,0.551,2025-10-23T18:53:46.826880+00:00,424,Crestfall_Town_20251208101535_424,1,5.96
Valley Rovers,2752.071,815.439,29.63,51.67,228,213,7,15,169,39,9,10,1,0,0,14,93.45,2,6,2,9,3,6,1,11,12,8,66.67,12,6,11,4,36.36,2,2,19,13,68.42,3,16,2,3,8,1,0,5.79,5.96,5.67,5.1,6.13,5.75,0.528,2025-01-15T07:38:20.826880+00:00,158,Valley_Rovers_20251208101535_158,1,5.75
Ironforge FC,3766.4,1128.037,29.95,68.45,210,150,20,60,158,29,8,5,8,0,1,14,71.62,1,6,1,9,4,5,0,12,18,8,44.44,6,3,1,0,0.0,0,0,29,16,55.17,5,24,1,3,5,0,0,6.28,5.91,4.65,3.06,7.28,5.5,0.5,2025-04-28T01:19:49.826880+00:00,176,Ironforge_FC_20251208101535_176,1,5.5
Blue Ridge FC,3075.765,314.958,10.24,61.77,194,145,22,49,121,2,0,1,0,16,53,20,74.71,1,4,1,5,1,4,0,6,24,11,45.83,6,3,15,5,33.33,1,0,40,21,52.5,18,22,0,2,0,1,0,5.76,6.03,5.12,3.83,6.35,5.5,0.5,2025-05-20T03:28:19.826880+00:00,897,Blue_Ridge_FC_20251208101535_897,1,5.5
Summit Peak FC,4015.006,835.523,20.81,71.36,266,167,24,99,178,35,14,12,7,12,8,41,62.6,1,3,1,9,4,5,1,12,11,5,45.45,8,4,12,2,16.67,0,1,52,28,53.85,20,32,1,6,3,0,0,6.69,5.06,4.96,4.15,7.68,5.63,0.514,2025-04-14T15:58:27.826880+00:00,763,Summit_Peak_FC_20251208101535_763,1,5.63
2 Worlds FC,2280.161,480.658,21.08,44.87,171,127,17,44,123,18,8,3,5,4,10,8,74.53,1,2,1,6,2,4,0,6,5,3,60.0,15,6,8,2,25.0,3,1,0,0,24.87,0,0,0,4,6,0,0,5.68,5.88,4.11,3.26,6.85,5.2,0.467,2025-10-04T08:24:58.826880+00:00,872,2_Worlds_FC_20251208101535_872,1,5.2
Northbridge FC,2006.129,454.188,22.64,35.32,115,78,19,37,73,14,2,1,8,4,14,10,67.47,0,3,0,5,2,3,0,6,7,3,42.86,6,4,9,2,22.22,1,1,23,10,43.48,10,13,0,1,3,1,0,5.58,6.1,4.69,4.19,6.69,5.46,0.496,2025-08-08T20:54:19.827880+00:00,546,Northbridge_FC_20251208101535_546,1,5.46
Blue Ridge FC,2214.022,309.52,13.98,39.4,108,105,1,3,86,11,4,3,0,1,3,15,96.76,1,1,1,7,3,4,1,7,12,8,66.67,9,4,8,1,12.5,2,2,31,19,61.29,0,31,3,2,10,0,0,6.06,5.29,6.43,4.5,7.85,5.88,0.542,2025-09-16T06:34:16.827880+00:00,646,Blue_Ridge_FC_20251208101535_646,1,5.88
Crown City FC,2504.284,378.898,15.13,45.57,145,103,13,42,87,14,12,4,3,8,16,13,70.89,1,2,1,5,2,3,0,5,16,9,56.25,6,7,4,1,25.0,1,0,10,3,30.0,3,7,1,0,4,0,0,5.62,5.57,4.07,4.8,8.02,5.42,0.491,2025-03-21T11:30:15.827880+00:00,572,Crown_City_FC_20251208101535_572,1,5.42
Grand Harbor FC,2854.039,928.704,32.54,53.07,234,214,5,20,164,10,6,6,4,19,25,23,91.41,0,3,0,3,1,2,0,4,19,13,68.42,4,6,3,1,33.33,2,1,22,15,68.18,7,15,0,2,4,0,0,5.43,5.11,5.92,4.37,7.78,5.53,0.503,2025-10-25T05:29:21.827880+00:00,466,Grand_Harbor_FC_20251208101535_466,1,5.53
Brookside United,2935.191,842.693,28.71,55.18,197,168,13,29,143,11,0,6,8,19,11,19,85.29,0,5,0,4,1,3,0,5,7,4,57.14,8,3,11,2,18.18,3,0,27,15,55.56,10,17,0,1,4,0,0,5.14,6.91,5.41,4.21,7.25,5.77,0.53,2025-07-31T15:09:28.827880+00:00,528,Brookside_United_20251208101535_528,1,5.77
City United,2828.586,935.131,33.06,55.6,200,121,43,79,155,21,11,6,0,4,2,4,60.5,0,6,0,6,2,4,0,8,13,7,53.85,8,6,5,1,20.0,0,1,50,24,48.0,9,41,0,2,10,2,0,5.79,6.27,4.54,3.56,5.4,5.32,0.48,2025-04-12T08:45:27.827880+00:00,442,City_United_20251208101535_442,1,5.32
Silverlake City,1896.214,331.458,17.48,37.02,134,93,23,41,94,21,7,1,3,2,6,19,69.54,1,3,1,5,2,3,0,5,13,5,38.46,10,8,13,3,23.08,2,1,24,17,70.83,12,12,0,1,11,2,0,6.32,6.12,5.49,4.97,5.91,5.87,0.541,2025-02-28T03:23:51.827880+00:00,736,Silverlake_City_20251208101535_736,1,5.87
Millennium Rovers,3038.487,526.874,17.34,54.1,200,149,22,51,168,16,21,10,0,0,0,23,74.53,1,5,1,11,5,6,1,10,7,4,57.14,5,1,7,2,28.57,0,0,43,24,55.81,7,36,1,5,2,0,0,5.95,5.12,5.67,3.94,7.66,5.55,0.506,2025-12-06T04:53:24.827880+00:00,501,Millennium_Rovers_20251208101535_501,1,5.55
Royal Haven FC,3232.591,598.029,18.5,62.37,154,135,10,19,82,19,8,5,1,14,25,15,87.66,1,5,1,9,3,6,1,8,10,5,50.0,11,7,0,0,0.0,0,1,39,10,25.64,7,32,2,2,2,0,0,6.27,5.9,5.17,4.6,7.78,5.86,0.54,2025-04-01T03:31:56.828880+00:00,556,Royal_Haven_FC_20251208101535_556,1,5.86
Harborview United,2815.88,487.71,17.32,56.05,229,199,10,30,163,29,10,11,5,5,7,15,86.71,1,3,1,11,5,6,0,15,20,14,70.0,7,3,4,0,0.0,1,0,37,23,62.16,10,27,2,6,2,0,0,6.12,5.75,5.28,5.4,7.48,5.88,0.542,2025-02-17T19:05:41.828880+00:00,983,Harborview_United_20251208101535_983,1,5.88
Ironforge FC,3445.878,735.695,21.35,65.28,244,224,6,20,163,23,27,7,2,12,10,3,91.74,1,9,1,6,2,4,0,6,6,4,66.67,7,3,8,2,25.0,0,0,40,24,60.0,7,33,0,4,9,2,0,6.3,5.7,5.34,4.05,5.85,5.58,0.509,2025-04-12T20:04:23.828880+00:00,340,Ironforge_FC_20251208101535_340,1,5.58
2 Worlds FC,2311.341,361.494,15.64,47.04,209,185,12,24,158,9,6,11,3,11,11,18,88.75,1,4,1,8,2,6,0,7,4,2,50.0,8,7,13,5,38.46,4,1,14,7,50.0,4,10,0,1,4,0,0,6.58,5.83,5.23,4.99,8.02,6.02,0.558,2025-05-04T17:30:56.828880+00:00,444,2_Worlds_FC_20251208101535_444,1,6.02
Pioneer Ville FC,3300.826,987.607,29.92,64.92,232,202,15,30,178,21,27,14,10,0,0,23,87.04,1,2,1,9,5,4,0,9,21,15,71.43,9,4,9,2,22.22,0,3,49,34,69.39,9,40,0,2,8,0,0,5.88,6.79,5.85,4.2,7.58,6.06,0.562,2025-09-07T04:48:50.828880+00:00,804,Pioneer_Ville_FC_20251208101535_804,1,6.06
Westwood Athletic,3242.473,519.12,16.01,57.48,230,180,10,50,153,38,4,5,1,19,10,19,78.31,1,6,1,9,2,7,0,10,8,4,50.0,1,2,14,4,28.57,0,1,46,27,58.7,21,25,1,4,5,1,0,5.82,4.88,5.6,4.98,6.79,5.49,0.499,2025-03-07T13:41:59.828880+00:00,885,Westwood_Athletic_20251208101535_885,1,5.49
City United,2047.595,530.737,25.92,41.8,107,84,6,23,79,8,11,5,3,0,0,11,78.81,1,4,1,7,2,5,1,8,10,6,60.0,7,10,23,4,17.39,2,0,5,3,60.0,3,2,1,2,4,0,0,6.23,5.04,5.41,4.85,7.14,5.63,0.514,2025-03-25T05:59:36.828880+00:00,521,City_United_20251208101535_521,1,5.63
Union Crest United,1994.855,597.659,29.96,35.93,158,139,7,19,107,10,5,4,4,15,13,6,88.13,1,5,1,5,2,3,0,5,6,3,50.0,9,10,7,1,14.29,2,2,33,24,72.73,11,22,0,1,7,1,0,6.4,6.31,5.11,3.88,6.8,5.8,0.533,2025-06-24T02:54:48.829879+00:00,989,Union_Crest_United_20251208101535_989,1,5.8
Pioneer Ville FC,2790.506,905.798,32.46,50.51,224,171,21,53,190,47,5,1,0,0,0,6,76.26,0,7,0,4,1,3,0,4,10,4,40.0,11,5,0,0,0.0,0,0,40,23,57.5,7,33,0,3,8,0,0,6.32,5.2,5.96,4.11,7.72,5.77,0.53,2024-12-25T05:21:51.829879+00:00,121,Pioneer_Ville_FC_20251208101535_121,1,5.77
Royal Haven FC,2107.675,359.569,17.06,40.47,119,92,13,27,96,12,6,4,0,0,0,12,77.16,0,3,0,4,1,3,0,5,10,5,50.0,0,4,2,1,50.0,3,0,37,23,62.16,19,18,0,1,10,1,0,5.89,5.29,5.54,3.78,5.68,5.34,0.482,2025-04-02T18:25:36.829879+00:00,733,Royal_Haven_FC_20251208101535_733,1,5.34
Dominion Athletic,3169.715,284.006,8.96,55.41,140,122,5,18,92,8,3,5,5,17,10,22,87.13,1,3,1,12,6,6,1,13,9,4,44.44,3,7,5,1,20.0,1,2,51,34,66.67,24,27,2,3,7,1,0,6.14,5.46,5.45,4.33,6.89,5.63,0.514,2025-11-25T01:15:59.829879+00:00,539,Dominion_Athletic_20251208101535_539,1,5.63
Riverstone FC,2613.437,185.293,7.09,51.9,144,100,16,44,99,24,9,4,3,2,3,7,69.13,1,2,1,10,3,7,0,14,9,7,77.78,11,5,0,0,0.0,1,1,30,16,53.33,2,28,1,4,4,0,0,6.54,5.77,5.06,3.56,7.49,5.71,0.523,2025-07-10T11:54:10.829879+00:00,95,Riverstone_FC_20251208101535_95,1,5.71
2 Worlds FC,2941.162,540.291,18.37,57.23,267,196,12,71,197,17,16,1,13,8,15,17,73.44,0,3,0,5,3,2,0,5,0,0,17.89,13,5,14,3,21.43,1,1,41,17,41.46,19,22,0,3,4,0,1,4.69,5.2,4.79,4.47,5.88,4.94,0.438,2025-10-01T04:33:03.829879+00:00,655,2_Worlds_FC_20251208101535_655,1,4.94
Stormhold FC,1456.702,334.313,22.95,28.29,71,55,7,16,51,9,4,1,3,1,1,5,77.07,1,2,1,4,2,2,0,5,4,3,75.0,6,4,12,4,33.33,2,0,17,12,70.59,5,12,0,1,4,0,0,6.12,6.94,4.8,4.65,7.61,6.03,0.559,2025-11-09T11:40:29.829879+00:00,644,Stormhold_FC_20251208101535_644,1,6.03
Dominion Athletic,2503.343,201.269,8.04,45.77,193,160,13,33,144,17,8,1,6,4,15,14,82.98,1,7,1,8,3,5,0,9,5,3,60.0,10,8,7,1,14.29,1,1,24,5,20.83,9,15,0,2,6,0,0,7.17,7.08,4.77,5.18,7.82,6.45,0.606,2025-06-12T08:48:29.829879+00:00,100,Dominion_Athletic_20251208101535_100,1,6.45
Grand Harbor FC,1686.373,234.912,13.93,32.16,128,110,3,18,96,15,6,10,5,0,0,3,85.97,1,5,1,4,2,2,0,5,7,5,71.43,18,15,13,2,15.38,1,0,24,8,33.33,0,24,0,2,6,0,0,6.17,6.77,5.92,5.9,7.64,6.4,0.6,2025-04-20T16:30:41.830880+00:00,318,Grand_Harbor_FC_20251208101535_318,1,6.4
Eastview Rangers,2699.656,504.026,18.67,51.59,134,120,4,14,94,11,6,7,1,7,9,0,89.72,0,3,0,7,1,6,0,6,15,8,53.33,6,10,20,4,20.0,1,0,33,22,66.67,14,19,0,2,10,2,0,5.9,5.95,5.23,3.31,5.61,5.39,0.488,2025-08-28T13:18:19.830880+00:00,416,Eastview_Rangers_20251208101535_416,1,5.39
2 Worlds FC,3133.067,496.591,15.85,56.85,193,157,19,36,137,24,9,4,11,3,4,31,81.42,1,4,1,8,2,6,1,11,17,9,52.94,3,9,2,1,50.0,2,0,19,7,36.84,2,17,2,3,7,1,0,5.08,4.32,4.93,3.66,5.93,4.72,0.413,2025-06-30T23:11:50.830880+00:00,11,2_Worlds_FC_20251208101535_11,1,4.72
Southgate United,2149.076,491.064,22.85,41.65,212,185,8,27,147,5,26,7,0,6,20,21,87.31,1,1,1,7,3,4,1,4,2,1,50.0,10,8,4,1,25.0,1,0,20,9,45.0,5,15,2,0,8,2,0,5.47,5.63,4.95,4.46,4.76,5.2,0.467,2025-05-23T22:31:01.830880+00:00,720,Southgate_United_20251208101535_720,1,5.2
Prime City Athletic,2112.397,620.622,29.38,39.62,184,134,22,50,125,26,9,15,0,3,5,5,72.62,0,3,0,4,1,3,0,5,7,4,57.14,12,7,9,2,22.22,1,1,23,11,47.83,4,19,0,3,3,3,0,4.9,5.48,5.12,5.24,3.82,5.05,0.45,2025-06-17T14:14:24.830880+00:00,398,Prime_City_Athletic_20251208101535_398,1,5.05
Southgate United,1662.45,193.343,11.63,31.67,114,86,9,28,86,12,12,1,0,0,2,9,75.65,0,2,0,4,1,3,1,4,5,3,60.0,2,6,20,7,35.0,1,0,23,13,56.52,0,23,0,1,7,1,0,4.52,6.33,4.68,4.65,6.14,5.24,0.471,2025-07-08T09:13:03.830880+00:00,52,Southgate_United_20251208101535_52,1,5.24
Redwood Borough,1759.752,505.929,28.75,32.33,99,77,9,22,67,10,3,3,2,5,9,4,77.62,1,3,1,5,2,3,0,5,6,4,66.67,6,6,16,3,18.75,1,2,8,6,75.0,4,4,1,1,10,1,1,5.66,5.3,4.64,4.27,4.62,5.06,0.451,2025-08-12T06:51:03.830880+00:00,113,Redwood_Borough_20251208101535_113,1,5.06
Hillcrest Athletic,2501.225,475.733,19.02,44.78,170,129,19,41,109,15,10,2,7,14,13,23,76.17,1,6,1,7,2,5,1,7,16,11,68.75,8,11,24,7,29.17,2,2,0,0,62.1,1,-1,1,1,4,0,0,6.49,5.88,5.69,5.23,7.77,6.11,0.568,2025-05-03T14:52:19.830880+00:00,234,Hillcrest_Athletic_20251208101535_234,1,6.11
Eastview Rangers,3105.474,1254.611,40.4,55.02,169,110,20,59,116,31,10,0,2,2,9,3,65.24,1,6,1,10,4,6,0,10,5,2,40.0,10,7,4,1,25.0,1,1,26,14,53.85,13,13,0,3,6,0,0,6.27,6.63,5.84,3.18,8.07,6.03,0.559,2025-02-08T22:57:48.831880+00:00,704,Eastview_Rangers_20251208101535_704,1,6.03
Blue Ridge FC,3103.71,788.342,25.4,58.61,242,185,24,57,170,29,19,1,9,6,8,9,76.52,0,2,0,7,2,5,0,8,0,0,44.17,7,4,7,1,14.29,2,0,0,0,28.64,2,-2,1,2,3,0,0,5.45,4.75,5.8,4.18,7.31,5.33,0.481,2025-08-08T16:17:38.831880+00:00,269,Blue_Ridge_FC_20251208101535_269,1,5.33
Millennium Rovers,3323.257,619.123,18.63,60.33,161,108,17,53,95,9,7,8,6,5,30,17,67.2,1,4,1,7,3,4,1,5,18,8,44.44,0,1,13,2,15.38,0,1,27,16,59.26,11,16,2,2,6,0,0,6.11,5.99,5.01,4.55,7.42,5.77,0.53,2025-01-04T12:39:44.831880+00:00,341,Millennium_Rovers_20251208101535_341,1,5.77
Goldenfield Rovers,2994.742,790.013,26.38,56.45,157,122,12,35,118,12,3,5,6,6,7,12,77.77,1,4,1,9,5,4,1,8,13,8,61.54,5,2,19,4,21.05,1,2,9,5,55.56,2,7,1,1,7,2,0,7.19,6.03,5.03,3.4,5.2,5.7,0.522,2025-08-04T07:48:15.831880+00:00,972,Goldenfield_Rovers_20251208101535_972,1,5.7
Blue Ridge FC,2785.726,720.667,25.87,50.86,167,121,11,46,126,22,13,6,3,0,0,14,72.42,1,1,1,6,2,4,1,6,9,4,44.44,5,8,8,2,25.0,4,1,18,10,55.56,2,16,0,2,10,1,0,5.47,3.79,5.37,3.62,5.84,4.76,0.418,2025-04-08T22:29:45.831880+00:00,822,Blue_Ridge_FC_20251208101535_822,1,4.76
Goldenfield Rovers,2477.853,1001.3,40.41,43.73,140,92,11,48,99,10,4,3,3,8,14,15,65.43,1,3,1,6,1,5,0,7,15,8,53.33,10,0,11,3,27.27,0,0,24,10,41.67,12,12,0,2,7,0,0,5.97,4.45,4.64,5.21,6.68,5.24,0.471,2025-01-27T05:50:50.831880+00:00,706,Goldenfield_Rovers_20251208101535_706,1,5.24
Harborview United,2155.49,537.579,24.94,42.29,128,110,5,18,95,10,12,0,4,4,4,14,86.29,1,3,1,5,2,3,1,8,15,8,53.33,14,8,8,2,25.0,2,2,23,9,39.13,3,20,0,1,7,0,0,5.69,7.05,5.79,4.55,7.3,6.09,0.566,2025-04-25T14:04:05.831880+00:00,681,Harborview_United_20251208101535_681,1,6.09
Twin Oak Rangers,2953.485,719.469,24.36,55.34,196,184,3,12,131,13,6,11,1,24,10,19,93.68,1,6,1,6,3,3,0,6,16,9,56.25,7,4,12,4,33.33,2,1,31,14,45.16,18,13,0,4,2,0,0,5.54,5.3,6.51,4.89,7.95,5.82,0.536,2025-06-23T12:45:04.831880+00:00,260,Twin_Oak_Rangers_20251208101535_260,1,5.82
Stormhold FC,2169.126,411.917,18.99,40.31,110,94,6,16,98,9,1,5,4,0,0,7,85.15,1,1,1,7,3,4,0,6,7,3,42.86,11,5,1,0,0.0,3,1,27,18,66.67,7,20,2,3,3,3,0,5.8,5.71,5.1,4.26,5.27,5.37,0.486,2024-12-18T03:24:32.832880+00:00,104,Stormhold_FC_20251208101535_104,1,5.37
Valley Rovers,2518.424,495.122,19.66,51.6,135,102,9,33,99,10,8,5,2,5,6,10,75.19,1,4,1,7,3,4,0,8,8,7,87.5,17,6,5,1,20.0,0,3,14,6,42.86,3,11,2,3,8,2,0,5.82,5.12,5.49,3.83,5.84,5.28,0.476,2025-06-09T12:26:07.832880+00:00,647,Valley_Rovers_20251208101535_647,1,5.28
Coastal Town,2642.376,635.491,24.05,53.55,207,173,12,34,126,20,6,0,1,21,33,23,83.38,0,0,0,7,3,4,0,9,16,11,68.75,15,6,14,5,35.71,1,2,34,17,50.0,10,24,2,2,6,0,0,5.42,5.36,5.03,3.65,7.45,5.28,0.476,2025-12-02T04:21:55.832880+00:00,357,Coastal_Town_20251208101535_357,1,5.28
Summit Peak FC,1955.125,201.769,10.32,37.38,145,111,20,34,115,20,11,7,4,0,0,15,76.88,1,5,1,5,2,3,0,8,10,4,40.0,6,6,14,3,21.43,2,1,15,8,53.33,7,8,0,1,13,1,0,5.77,5.58,4.86,4.37,7.11,5.47,0.497,2024-12-17T10:55:36.832880+00:00,646,Summit_Peak_FC_20251208101535_646,1,5.47
Westwood Athletic,2891.341,698.548,24.16,53.83,168,130,13,38,109,14,4,3,8,11,19,6,77.29,1,2,1,6,2,4,0,7,6,4,66.67,10,5,9,0,0.0,3,0,19,10,52.63,2,17,0,4,7,2,0,5.53,4.9,5.82,2.78,5.68,5.04,0.449,2025-02-24T23:27:33.832880+00:00,702,Westwood_Athletic_20251208101535_702,1,5.04
Pioneer Ville FC,3308.719,669.354,20.23,60.55,131,94,16,37,95,9,14,0,0,6,7,16,71.45,0,0,1,7,3,4,0,8,17,7,41.18,11,2,7,2,28.57,0,2,31,11,35.48,15,16,1,5,1,2,0,6.21,5.15,5.08,4.63,5.93,5.44,0.493,2025-06-06T13:01:41.832880+00:00,680,Pioneer_Ville_FC_20251208101535_680,1,5.44
Goldenfield Rovers,3590.284,1004.92,27.99,65.24,246,163,28,83,175,27,22,9,2,3,8,10,66.45,1,6,1,12,6,6,1,16,16,6,37.5,6,5,4,1,25.0,1,3,53,11,20.75,13,40,0,2,4,0,0,6.96,6.03,5.45,4.26,7.82,6.11,0.568,2025-06-12T16:20:59.832880+00:00,508,Goldenfield_Rovers_20251208101535_508,1,6.11
Pioneer Ville FC,2021.288,158.065,7.82,41.54,136,117,5,19,112,8,6,2,4,1,3,16,86.21,1,2,1,5,2,3,1,7,6,2,33.33,10,9,15,3,20.0,1,0,35,22,62.86,13,22,0,1,8,1,0,5.45,4.43,6.17,4.82,6.38,5.31,0.479,2025-04-10T19:40:07.833880+00:00,160,Pioneer_Ville_FC_20251208101535_160,1,5.31
City United,2833.34,760.185,26.83,50.36,201,159,7,42,148,16,13,1,8,6,9,4,79.27,1,5,1,6,3,3,0,9,13,9,69.23,9,9,17,4,23.53,2,2,31,11,35.48,6,25,0,1,4,2,0,6.72,5.09,5.25,4.5,5.92,5.58,0.509,2025-07-31T00:48:38.833880+00:00,749,City_United_20251208101535_749,1,5.58
Eastview Rangers,2175.792,390.555,17.95,43.83,139,104,2,35,116,8,0,7,5,1,2,3,75.09,0,5,0,3,2,1,0,4,9,4,44.44,21,3,8,1,12.5,2,0,25,11,44.0,2,23,0,1,5,0,0,5.63,5.61,3.94,4.61,8.33,5.41,0.49,2025-02-27T16:07:13.833880+00:00,222,Eastview_Rangers_20251208101535_222,1,5.41
City United,3336.465,622.918,18.67,62.9,231,196,7,35,164,43,16,6,7,0,0,25,84.88,1,6,1,8,4,4,1,5,12,8,66.67,6,4,6,0,0.0,2,1,3,1,33.33,2,1,2,2,2,1,0,5.55,4.85,4.96,3.96,6.4,5.1,0.456,2025-05-17T15:44:18.833880+00:00,368,City_United_20251208101535_368,1,5.1
Silverlake City,3248.02,518.709,15.97,58.59,245,243,1,2,177,44,9,8,8,0,0,35,99.27,1,4,1,6,2,4,0,8,26,14,53.85,6,6,7,2,28.57,2,0,28,19,67.86,10,18,0,1,5,0,0,6.22,6.85,5.42,3.61,7.35,5.98,0.553,2025-05-12T12:51:50.833880+00:00,421,Silverlake_City_20251208101535_421,1,5.98
Valley Rovers,3015.597,770.485,25.55,59.31,172,130,22,42,125,25,11,6,1,2,1,16,75.46,1,3,1,9,3,6,0,9,24,20,83.33,10,9,6,1,16.67,1,1,36,23,63.89,7,29,3,5,9,0,0,5.63,5.9,5.43,5.05,7.8,5.8,0.533,2025-06-21T13:12:40.833880+00:00,559,Valley_Rovers_20251208101535_559,1,5.8
Coastal Town,2178.964,235.328,10.8,39.56,129,90,13,39,101,11,11,4,4,0,0,3,70.03,0,2,0,7,3,4,0,8,1,1,100.0,0,5,15,3,20.0,2,1,0,0,47.33,0,0,0,2,8,1,0,6.93,4.75,4.9,3.01,6.4,5.31,0.479,2025-04-26T14:06:30.833880+00:00,767,Coastal_Town_20251208101535_767,1,5.31
Westwood Athletic,2522.12,883.499,35.03,46.58,180,117,15,63,121,29,10,9,2,4,6,20,64.88,1,6,1,9,3,6,0,12,12,8,66.67,6,6,5,1,20.0,0,1,27,15,55.56,6,21,1,2,3,1,0,6.03,5.95,5.83,4.96,7.09,5.92,0.547,2025-10-28T18:54:38.833880+00:00,892,Westwood_Athletic_20251208101535_892,1,5.92
Crestfall Town,2292.436,433.041,18.89,45.34,189,162,11,27,155,37,14,0,5,0,0,22,85.69,0,5,0,5,2,3,1,7,5,2,40.0,12,4,19,5,26.32,3,0,20,12,60.0,6,14,1,1,9,3,0,5.81,5.11,5.14,5.37,4.86,5.32,0.48,2025-03-25T00:53:54.834880+00:00,365,Crestfall_Town_20251208101535_365,1,5.32
Evergreen Sporting,2117.327,448.45,21.18,42.18,151,112,19,39,116,0,13,7,2,5,8,15,74.36,0,4,0,2,1,1,0,1,12,7,58.33,16,8,8,2,25.0,3,0,18,12,66.67,0,18,0,2,3,0,0,5.42,6.42,5.14,4.51,7.11,5.69,0.521,2025-03-14T19:49:29.834880+00:00,198,Evergreen_Sporting_20251208101535_198,1,5.69
Grand Harbor FC,2082.783,438.218,21.04,42.1,108,68,16,40,79,13,10,3,1,2,1,6,63.18,0,2,0,8,3,5,1,8,9,6,66.67,13,6,22,5,22.73,2,0,21,9,42.86,9,12,1,2,4,0,1,5.51,5.63,4.31,5.31,5.32,5.26,0.473,2025-03-15T09:33:30.834880+00:00,245,Grand_Harbor_FC_20251208101535_245,1,5.26
Crown City FC,2689.162,710.208,26.41,55.19,174,116,22,58,142,17,16,7,6,0,0,10,66.68,1,2,1,8,3,5,1,10,12,9,75.0,6,6,15,3,20.0,2,0,24,15,62.5,7,17,2,1,4,0,0,6.72,4.6,4.65,4.2,7.67,5.45,0.494,2024-12-18T00:58:04.834880+00:00,678,Crown_City_FC_20251208101535_678,1,5.45
Millennium Rovers,2543.742,453.804,17.84,45.92,146,119,6,27,109,17,14,5,0,1,1,6,81.82,1,4,1,8,4,4,0,11,13,5,38.46,21,5,13,1,7.69,2,4,39,14,35.9,9,30,1,1,6,1,0,5.26,6.05,5.89,5.06,6.25,5.68,0.52,2025-07-31T08:57:32.834880+00:00,580,Millennium_Rovers_20251208101535_580,1,5.68
Millennium Rovers,2863.743,595.945,20.81,56.24,221,155,33,66,165,32,25,7,3,0,0,20,70.31,0,3,0,5,2,3,1,6,7,4,57.14,14,7,15,4,26.67,1,1,19,11,57.89,6,13,0,2,11,1,0,5.81,5.53,4.54,3.9,6.62,5.29,0.477,2024-12-23T22:43:41.834880+00:00,663,Millennium_Rovers_20251208101535_663,1,5.29
Riverside FC,4019.701,889.158,22.12,72.78,301,234,29,67,248,30,13,0,8,1,1,16,77.73,1,10,1,10,5,5,0,8,13,5,38.46,8,4,8,0,0.0,2,3,51,28,54.9,10,41,0,5,2,2,0,5.43,5.53,5.38,4.56,5.53,5.34,0.482,2025-01-17T13:56:08.834880+00:00,858,Riverside_FC_20251208101535_858,1,5.34
Frontier Rovers,3273.324,481.179,14.7,61.38,173,132,16,41,131,29,6,2,4,0,0,10,76.23,1,4,1,9,3,6,1,11,7,4,57.14,5,4,9,2,22.22,1,3,12,4,33.33,6,6,0,4,5,0,0,6.79,6.17,5.51,4.39,7.71,6.12,0.569,2025-06-16T12:02:41.834880+00:00,284,Frontier_Rovers_20251208101535_284,1,6.12
Pioneer Ville FC,3536.883,741.684,20.97,65.47,341,269,22,72,242,28,5,16,11,14,25,46,78.86,1,10,1,11,4,7,1,13,6,4,66.67,4,2,9,2,22.22,3,0,40,14,35.0,11,29,1,5,2,0,0,5.82,5.13,5.65,4.41,7.78,5.59,0.51,2025-01-15T13:50:06.835880+00:00,460,Pioneer_Ville_FC_20251208101535_460,1,5.59
Lakeside Athletic,3137.473,987.677,31.48,59.97,192,137,26,55,130,26,17,0,4,7,9,23,71.3,1,4,1,8,3,5,0,7,18,12,66.67,8,1,9,2,22.22,2,1,31,13,41.94,1,30,1,3,10,2,0,5.78,4.32,6.09,5.04,5.43,5.29,0.477,2025-03-16T09:41:50.835880+00:00,194,Lakeside_Athletic_20251208101535_194,1,5.29
Hillcrest Athletic,2306.789,566.317,24.55,43.69,127,105,7,22,87,18,8,7,1,2,3,12,82.51,1,1,1,5,2,3,0,5,2,1,50.0,1,9,9,2,22.22,3,0,26,15,57.69,2,24,1,2,6,0,0,5.31,5.36,5.21,4.68,7.11,5.4,0.489,2025-01-01T10:37:12.835880+00:00,942,Hillcrest_Athletic_20251208101535_942,1,5.4
Stormhold FC,3125.754,726.113,23.23,56.91,218,174,19,44,174,24,7,5,0,2,6,5,79.87,1,7,1,10,3,7,1,8,5,3,60.0,5,3,8,1,12.5,0,1,17,13,76.47,9,8,2,0,3,1,0,7.36,4.41,5.63,4.35,6.57,5.69,0.521,2025-02-02T10:14:14.835880+00:00,947,Stormhold_FC_20251208101535_947,1,5.69
Twin Oak Rangers,3528.279,654.143,18.54,65.55,238,173,21,65,145,26,16,13,13,8,16,23,72.79,1,4,1,8,3,5,1,9,21,10,47.62,6,4,8,2,25.0,1,0,28,17,60.71,11,17,3,2,6,0,1,5.87,5.55,5.76,3.97,5.69,5.47,0.497,2025-01-27T10:26:51.835880+00:00,898,Twin_Oak_Rangers_20251208101535_898,1,5.47
Harborview United,2331.132,816.129,35.01,41.39,123,91,14,32,96,4,7,3,2,5,7,8,74.34,1,4,1,5,2,3,0,5,11,7,63.64,12,6,6,1,16.67,1,2,26,14,53.85,0,26,1,1,8,0,0,6.66,6.37,5.07,4.46,7.94,6.08,0.564,2025-03-03T03:59:21.835880+00:00,979,Harborview_United_20251208101535_979,1,6.08
Crown City FC,3268.248,484.681,14.83,63.11,231,172,29,59,143,17,10,2,0,30,28,7,74.46,1,8,1,8,3,5,0,10,2,2,100.0,5,6,0,0,0.0,0,1,28,15,53.57,11,17,1,2,6,0,0,6.75,4.02,5.02,4.16,7.14,5.32,0.48,2025-01-10T14:57:43.835880+00:00,794,Crown_City_FC_20251208101535_794,1,5.32
Goldenfield Rovers,1410.519,340.217,24.12,28.16,91,62,12,29,50,8,2,1,1,14,16,10,67.83,0,2,0,3,1,2,0,3,4,2,50.0,16,3,8,2,25.0,2,0,18,10,55.56,2,16,0,1,0,3,0,5.02,5.54,4.83,3.31,4.07,4.79,0.421,2025-04-07T18:14:09.836880+00:00,867,Goldenfield_Rovers_20251208101535_867,1,4.79
Northbridge FC,3277.305,1035.956,31.61,60.6,232,175,21,57,184,28,0,0,5,8,7,28,75.48,1,5,1,8,2,6,1,10,8,6,75.0,7,4,4,1,25.0,1,2,34,23,67.65,13,21,0,3,7,1,0,6.41,5.05,5.75,4.79,6.37,5.67,0.519,2025-06-04T02:56:37.836880+00:00,989,Northbridge_FC_20251208101535_989,1,5.67
Twin Oak Rangers,3053.89,386.622,12.66,62.37,246,194,35,52,204,32,6,9,7,0,0,19,78.68,0,5,0,9,3,6,1,10,21,10,47.62,4,9,7,2,28.57,1,0,19,7,36.84,8,11,1,3,3,1,0,5.14,5.28,6.57,4.67,6.85,5.57,0.508,2025-07-21T05:26:05.836880+00:00,541,Twin_Oak_Rangers_20251208101535_541,1,5.57
2 Worlds FC,2712.926,383.065,14.12,52.56,187,162,11,25,135,26,10,11,4,0,1,21,86.78,1,6,1,6,3,3,0,8,11,6,54.55,8,3,17,4,23.53,2,2,15,10,66.67,3,12,0,0,4,0,0,6.54,6.1,4.84,5.06,7.57,5.97,0.552,2025-07-04T03:40:17.836880+00:00,476,2_Worlds_FC_20251208101535_476,1,5.97
Hillcrest Athletic,4160.222,877.807,21.1,76.16,266,233,17,33,173,18,17,0,8,24,26,20,87.7,1,5,1,10,3,7,0,9,27,13,48.15,1,5,7,2,28.57,0,2,28,21,75.0,5,23,1,2,4,1,0,6.12,5.48,5.71,4.4,6.55,5.66,0.518,2024-12-23T01:06:02.836880+00:00,655,Hillcrest_Athletic_20251208101535_655,1,5.66
Evergreen Sporting,579.569,110.002,18.98,10.97,44,31,4,13,25,4,1,1,1,8,5,4,69.75,0,1,0,2,1,1,0,3,1,1,100.0,9,8,14,3,21.43,2,0,4,2,50.0,1,3,0,1,5,0,0,5.34,6.79,3.96,5.13,7.58,5.66,0.518,2025-09-27T04:19:49.836880+00:00,932,Evergreen_Sporting_20251208101535_932,1,5.66
Oldtown United,3160.078,531.209,16.81,58.37,323,243,32,80,200,10,26,6,10,27,45,48,75.33,1,9,1,11,4,7,0,9,16,12,75.0,8,1,2,0,0.0,1,1,15,5,33.33,2,13,1,2,9,2,0,6.61,5.97,5.92,3.17,5.73,5.72,0.524,2025-02-24T15:54:04.836880+00:00,963,Oldtown_United_20251208101535_963,1,5.72
Twin Oak Rangers,1516.569,309.228,20.39,28.29,104,90,7,14,93,9,10,4,5,0,0,13,86.91,0,2,0,5,2,3,0,5,1,1,100.0,10,12,10,2,20.0,2,0,12,6,50.0,1,11,0,1,4,1,0,5.15,5.15,4.99,6.13,6.83,5.42,0.491,2025-04-03T11:01:51.836880+00:00,519,Twin_Oak_Rangers_20251208101535_519,1,5.42
Garden State FC,3789.171,474.783,12.53,68.3,299,189,39,110,185,37,11,2,7,16,41,21,63.34,1,8,1,13,4,9,1,18,6,3,50.0,11,4,7,2,28.57,0,0,32,17,53.12,4,28,1,3,3,0,0,5.99,6.04,4.94,5.87,7.63,5.94,0.549,2025-01-01T10:25:21.837879+00:00,593,Garden_State_FC_20251208101535_593,1,5.94
Lakeside Athletic,3273.783,616.453,18.83,58.91,296,199,39,97,216,34,2,10,3,7,23,32,67.16,1,14,1,7,2,5,0,7,24,14,58.33,9,7,13,3,23.08,1,2,34,16,47.06,11,23,1,2,9,0,0,5.92,6.18,4.92,4.31,7.5,5.73,0.526,2025-08-11T22:20:35.837879+00:00,947,Lakeside_Athletic_20251208101535_947,1,5.73
Crown City FC,1681.687,348.277,20.71,34.26,102,79,3,23,64,7,3,1,0,15,11,9,77.23,0,3,0,4,2,2,0,6,11,7,63.64,2,10,21,5,23.81,2,3,22,14,63.64,1,21,0,1,12,2,0,4.89,5.54,5.2,5.06,5.24,5.19,0.466,2025-01-11T17:10:13.837879+00:00,991,Crown_City_FC_20251208101535_991,1,5.19
City United,3778.584,895.147,23.69,76.21,253,205,15,48,174,13,1,10,0,26,29,16,81.1,1,3,1,9,3,6,0,13,13,7,53.85,7,3,7,0,0.0,0,1,52,26,50.0,28,24,3,3,3,0,0,6.6,5.11,4.94,5.27,7.51,5.76,0.529,2025-07-17T04:59:59.837879+00:00,754,City_United_20251208101535_754,1,5.76
Hillcrest Athletic,3007.16,836.291,27.81,55.08,200,164,12,36,165,32,18,9,0,0,0,32,82.24,1,3,1,7,3,4,0,6,10,5,50.0,8,5,7,1,14.29,3,0,43,21,48.84,4,39,1,1,5,0,1,6.53,5.3,5.93,4.54,5.16,5.65,0.517,2025-06-07T17:17:08.837879+00:00,356,Hillcrest_Athletic_20251208101535_356,1,5.65
Garden State FC,2348.091,269.561,11.48,48.24,169,150,2,19,118,25,14,5,4,1,1,12,88.63,0,3,0,5,1,4,0,6,6,3,50.0,13,12,7,2,28.57,2,0,13,7,53.85,1,12,1,0,2,1,0,6.41,6.71,6.15,3.7,7.04,6.13,0.57,2025-10-15T00:09:31.837879+00:00,864,Garden_State_FC_20251208101535_864,1,6.13
Harborview United,3165.772,736.042,23.25,60.45,201,183,5,18,163,6,0,8,7,10,6,13,91.26,0,3,0,6,2,4,0,8,12,6,50.0,1,4,13,4,30.77,2,2,20,11,55.0,4,16,0,3,4,0,0,5.26,6.2,6.18,5.0,7.55,5.9,0.544,2025-02-28T08:31:44.837879+00:00,682,Harborview_United_20251208101535_682,1,5.9
Prime City Athletic,1170.561,304.814,26.04,22.93,70,66,2,4,49,8,4,2,3,3,2,9,93.74,1,2,1,4,2,2,0,4,3,1,33.33,20,6,0,0,0.0,0,2,11,4,36.36,7,4,1,1,8,2,0,5.13,5.32,5.63,4.21,5.98,5.24,0.471,2025-05-01T02:27:57.838881+00:00,616,Prime_City_Athletic_20251208101535_616,1,5.24
Frontier Rovers,2162.754,519.277,24.01,40.56,117,86,6,31,80,12,4,5,3,6,8,11,73.71,1,5,1,5,1,4,0,6,5,4,80.0,20,5,15,6,40.0,3,0,10,5,50.0,3,7,0,1,7,1,0,6.65,6.45,4.24,5.57,6.73,5.97,0.552,2025-12-06T03:25:24.838881+00:00,627,Frontier_Rovers_20251208101535_627,1,5.97
Millennium Rovers,2755.143,992.678,36.03,52.28,179,108,26,71,110,10,15,4,7,8,24,10,60.17,1,3,1,7,3,4,0,9,12,7,58.33,15,3,3,0,0.0,0,2,23,10,43.48,7,16,1,1,6,0,0,6.66,4.99,5.24,5.01,7.14,5.73,0.526,2025-10-02T21:45:20.838881+00:00,300,Millennium_Rovers_20251208101535_300,1,5.73
Eastview Rangers,3524.001,851.046,24.15,62.24,262,208,12,54,205,13,11,4,7,13,10,17,79.43,1,5,1,13,5,8,1,17,0,0,50.53,7,3,8,2,25.0,0,1,37,16,43.24,18,19,3,1,8,0,0,5.66,6.52,6.43,4.08,7.46,6.01,0.557,2025-01-15T12:31:12.838881+00:00,501,Eastview_Rangers_20251208101535_501,1,6.01
Harborview United,2803.178,580.818,20.72,53.74,208,175,13,33,160,25,11,10,0,1,1,22,83.97,1,7,1,5,2,3,0,6,5,4,80.0,9,5,12,4,33.33,3,1,21,7,33.33,7,14,0,2,6,0,0,6.56,5.08,5.5,4.4,8.19,5.79,0.532,2025-03-30T18:07:55.838881+00:00,404,Harborview_United_20251208101535_404,1,5.79
Brookside United,2183.555,444.79,20.37,38.67,209,143,29,66,141,33,8,10,7,4,5,9,68.48,0,4,0,4,2,2,0,4,15,8,53.33,6,11,12,4,33.33,2,1,14,5,35.71,5,9,0,1,9,0,0,5.44,6.05,6.09,3.92,7.78,5.76,0.529,2025-11-17T17:29:49.838881+00:00,312,Brookside_United_20251208101535_312,1,5.76
Hillcrest Athletic,2610.198,509.25,19.51,45.95,161,122,11,39,139,18,8,0,7,0,0,12,76.07,0,4,0,8,3,5,1,8,12,7,58.33,10,10,9,2,22.22,1,2,20,7,35.0,5,15,1,1,5,0,0,5.81,6.17,5.48,4.56,7.64,5.85,0.539,2025-07-02T20:17:23.838881+00:00,578,Hillcrest_Athletic_20251208101535_578,1,5.85
Twin Oak Rangers,2889.336,871.135,30.15,50.6,228,161,4,67,158,31,14,2,2,17,4,16,70.74,1,4,1,9,4,5,0,8,16,9,56.25,2,6,8,2,25.0,1,0,41,26,63.41,21,20,2,2,9,0,0,6.07,4.55,5.98,3.92,7.35,5.45,0.494,2025-05-09T17:20:26.839880+00:00,705,Twin_Oak_Rangers_20251208101535_705,1,5.45
Goldenfield Rovers,2753.47,998.133,36.25,49.81,200,159,15,41,128,23,13,9,0,8,19,5,79.59,1,3,1,8,3,5,0,12,15,9,60.0,5,3,12,3,25.0,3,0,17,10,58.82,4,13,0,1,6,1,0,6.62,5.85,5.39,3.38,6.91,5.73,0.526,2025-07-07T15:29:14.839880+00:00,908,Goldenfield_Rovers_20251208101535_908,1,5.73
San Beda University,2186.069,475.907,21.77,41.29,157,114,16,43,116,19,3,7,0,4,7,20,72.74,1,4,1,5,2,3,0,7,11,7,63.64,14,13,7,2,28.57,2,2,29,15,51.72,14,15,1,1,11,2,0,5.82,6.51,4.98,4.0,5.83,5.59,0.51,2025-08-09T21:26:40.839880+00:00,494,San_Beda_University_20251208101535_494,1,5.59
Southgate United,3376.288,836.982,24.79,67.45,339,252,7,87,322,33,26,13,10,0,0,5,74.26,1,5,1,9,3,6,0,11,18,10,55.56,9,3,9,1,11.11,1,1,30,16,53.33,8,22,3,2,6,1,0,5.73,6.47,6.24,5.21,6.78,6.07,0.563,2025-03-31T07:14:43.839880+00:00,450,Southgate_United_20251208101535_450,1,6.07
Lakeside Athletic,2822.36,463.996,16.44,51.29,132,98,9,34,96,20,13,2,2,0,0,5,74.32,1,2,1,9,3,6,1,9,16,11,68.75,9,5,12,3,25.0,3,1,47,33,70.21,16,31,1,6,6,2,0,5.95,5.97,5.15,4.53,5.07,5.51,0.501,2025-03-30T18:30:22.839880+00:00,120,Lakeside_Athletic_20251208101535_120,1,5.51
Garden State FC,2082.03,213.824,10.27,41.82,116,99,6,17,94,6,7,5,4,0,0,8,85.71,0,4,0,5,2,3,0,5,9,5,55.56,9,6,18,3,16.67,2,0,25,12,48.0,9,16,0,1,7,2,0,4.91,6.15,5.42,5.17,6.11,5.52,0.502,2025-10-15T13:53:18.839880+00:00,213,Garden_State_FC_20251208101535_213,1,5.52
Pioneer Ville FC,2376.469,502.623,21.15,42.68,113,87,14,26,92,17,10,1,3,0,0,15,76.97,1,1,1,5,1,4,1,5,8,7,87.5,11,4,14,3,21.43,1,0,32,17,53.12,12,20,0,0,7,0,0,6.16,5.33,4.84,4.56,7.32,5.56,0.507,2025-06-28T12:51:09.839880+00:00,24,Pioneer_Ville_FC_20251208101535_24,1,5.56
Prime City Athletic,2406.684,1030.542,42.82,47.58,176,110,27,66,149,23,0,5,3,0,0,4,62.5,0,5,0,3,1,2,0,4,8,5,62.5,10,0,17,6,35.29,1,0,28,10,35.71,1,27,0,2,14,1,0,5.36,4.93,5.14,4.44,7.0,5.23,0.47,2025-11-17T16:51:38.839880+00:00,749,Prime_City_Athletic_20251208101535_749,1,5.23
Valley Rovers,2114.599,263.479,12.46,40.32,101,83,9,18,69,7,4,1,7,6,7,6,82.24,0,3,0,4,2,2,0,6,5,3,60.0,12,12,9,2,22.22,2,1,13,6,46.15,5,8,0,2,2,0,0,6.17,5.89,5.59,4.37,7.06,5.81,0.534,2024-12-18T11:00:16.840879+00:00,651,Valley_Rovers_20251208101535_651,1,5.81
San Beda University,1850.512,638.427,34.5,37.59,134,82,16,52,95,20,9,3,7,0,0,11,61.49,1,3,1,4,2,2,0,4,11,8,72.73,19,5,21,4,19.05,1,0,15,8,53.33,4,11,0,2,11,2,0,6.06,6.77,4.94,4.22,5.35,5.71,0.523,2025-05-19T19:57:02.840879+00:00,553,San_Beda_University_20251208101535_553,1,5.71
Silverlake City,2446.796,759.241,31.03,50.33,175,135,8,40,147,8,12,4,0,1,2,17,76.99,1,3,1,9,4,5,1,10,12,8,66.67,2,8,9,2,22.22,0,1,20,11,55.0,12,8,0,2,3,0,0,6.06,5.58,5.04,4.94,7.6,5.72,0.524,2025-06-22T13:51:32.840879+00:00,233,Silverlake_City_20251208101535_233,1,5.72
Summit Peak FC,2899.203,901.362,31.09,53.65,172,131,21,41,133,21,9,7,1,1,1,10,76.05,1,4,1,10,3,7,0,5,12,8,66.67,14,1,13,3,23.08,2,0,24,12,50.0,6,18,0,1,11,0,0,5.57,5.83,5.77,4.12,7.42,5.66,0.518,2025-06-01T12:54:20.840879+00:00,367,Summit_Peak_FC_20251208101535_367,1,5.66
Evergreen Sporting,3413.146,741.677,21.73,67.23,188,142,19,46,119,17,5,5,0,20,23,25,75.66,0,7,0,13,5,8,0,18,22,15,68.18,12,3,11,3,27.27,2,2,39,20,51.28,15,24,3,6,4,0,0,6.99,6.86,4.68,3.99,7.45,6.12,0.569,2025-04-07T04:41:45.840879+00:00,697,Evergreen_Sporting_20251208101535_697,1,6.12
Southgate United,2845.028,909.84,31.98,54.69,200,164,14,36,138,16,19,10,8,7,2,14,82.05,1,6,1,9,4,5,1,10,4,2,50.0,2,7,13,4,30.77,1,0,23,5,21.74,6,17,2,4,5,1,0,6.16,5.02,4.5,3.1,6.74,5.14,0.46,2025-06-09T05:14:34.840879+00:00,306,Southgate_United_20251208101535_306,1,5.14
Ironforge FC,2572.614,703.095,27.33,48.56,190,150,12,40,109,21,6,8,6,25,16,10,78.79,0,4,0,6,2,4,0,7,8,5,62.5,12,1,11,2,18.18,1,0,13,9,69.23,3,10,0,2,2,1,0,6.31,4.91,5.54,4.53,7.33,5.62,0.513,2025-10-24T07:33:51.840879+00:00,367,Ironforge_FC_20251208101535_367,1,5.62
Southgate United,2860.563,647.345,22.63,56.08,210,168,11,42,145,11,19,13,0,9,13,21,79.85,0,0,1,8,2,6,1,8,2,1,50.0,4,9,0,0,0.0,1,1,36,18,50.0,11,25,0,2,6,0,0,6.37,5.71,6.23,5.08,7.43,6.08,0.564,2024-12-16T15:09:15.841879+00:00,985,Southgate_United_20251208101535_985,1,6.08
Northbridge FC,2848.676,813.297,28.55,56.74,277,210,16,67,197,27,12,14,3,7,17,9,75.81,1,7,1,7,2,5,1,8,21,12,57.14,4,8,1,0,0.0,3,0,39,22,56.41,14,25,2,2,3,0,0,6.47,5.28,4.57,4.43,7.27,5.55,0.506,2025-01-24T08:49:46.841879+00:00,910,Northbridge_FC_20251208101535_910,1,5.55
Prime City Athletic,2734.484,481.816,17.62,52.18,182,158,7,24,141,12,7,11,1,6,4,17,86.98,1,2,1,7,2,5,0,11,6,4,66.67,6,5,16,2,12.5,1,2,14,6,42.86,0,14,0,3,4,0,0,5.46,6.11,6.29,4.76,7.74,5.94,0.549,2025-10-07T16:58:04.841879+00:00,352,Prime_City_Athletic_20251208101535_352,1,5.94
Metro FC,3270.47,756.133,23.12,60.45,189,138,19,51,139,29,7,0,6,4,3,26,73.08,0,0,2,14,6,8,1,22,9,6,66.67,7,5,2,0,0.0,3,2,6,5,83.33,0,6,2,1,5,0,0,6.89,5.01,5.49,4.53,7.04,5.77,0.53,2025-10-16T16:15:46.841879+00:00,92,Metro_FC_20251208101535_92,1,5.77
Prime City Athletic,2339.364,396.054,16.93,46.41,107,77,11,30,87,7,3,0,3,2,4,11,71.94,0,0,1,6,2,4,1,5,8,4,50.0,10,10,8,1,12.5,0,0,17,7,41.18,8,9,0,2,8,0,0,6.94,5.76,4.53,3.59,6.96,5.66,0.518,2025-11-24T00:04:16.841879+00:00,324,Prime_City_Athletic_20251208101535_324,1,5.66
Evergreen Sporting,2522.205,299.638,11.88,51.42,167,137,10,30,124,8,4,9,0,6,16,7,82.16,1,5,1,7,3,4,0,11,8,5,62.5,2,1,10,1,10.0,1,0,31,23,74.19,5,26,1,4,4,0,0,5.46,5.03,4.85,4.85,7.33,5.32,0.48,2025-06-25T15:21:45.841879+00:00,825,Evergreen_Sporting_20251208101535_825,1,5.32
Westwood Athletic,2416.531,484.273,20.04,48.71,146,131,5,15,93,15,15,4,0,6,13,11,89.89,0,2,0,4,2,2,0,4,13,8,61.54,9,3,10,2,20.0,3,0,14,7,50.0,4,10,2,1,7,0,0,5.83,5.77,5.4,4.6,7.16,5.69,0.521,2025-07-04T01:25:22.841879+00:00,74,Westwood_Athletic_20251208101535_74,1,5.69
Harborview United,2260.995,859.63,38.02,40.4,185,144,11,41,163,28,13,9,5,0,0,33,77.77,1,5,1,8,4,4,1,5,6,3,50.0,13,5,15,3,20.0,3,1,3,2,66.67,3,0,0,2,5,1,0,6.06,3.71,5.17,5.15,6.14,5.1,0.456,2025-06-30T05:36:28.842880+00:00,690,Harborview_United_20251208101535_690,1,5.1
Frontier Rovers,2220.842,575.642,25.92,41.58,151,100,7,51,106,9,4,5,3,10,14,9,66.51,1,5,1,7,2,5,0,6,5,3,60.0,14,8,10,1,10.0,2,0,27,15,55.56,8,19,2,3,3,0,0,4.89,5.64,4.86,5.11,7.19,5.35,0.483,2025-05-10T11:52:53.842880+00:00,165,Frontier_Rovers_20251208101535_165,1,5.35
Garden State FC,2153.002,499.281,23.19,40.65,155,134,11,21,121,8,6,8,6,3,4,8,86.65,1,6,1,6,2,4,0,11,9,6,66.67,16,12,13,2,15.38,2,0,13,7,53.85,1,12,0,0,6,0,0,5.63,6.21,5.12,4.18,8.05,5.73,0.526,2025-01-07T04:30:52.842880+00:00,5,Garden_State_FC_20251208101535_5,1,5.73
Riverside FC,2586.144,783.86,30.31,49.48,157,157,0,0,113,28,10,4,6,0,0,6,100.0,1,3,1,6,1,5,0,7,21,16,76.19,8,8,14,3,21.43,1,1,20,11,55.0,5,15,0,1,10,0,0,6.43,5.6,6.19,4.18,7.49,5.94,0.549,2025-02-27T19:11:08.842880+00:00,389,Riverside_FC_20251208101535_389,1,5.94
Dominion Athletic,2883.905,733.665,25.44,55.88,156,136,8,20,115,13,10,3,4,4,6,18,87.26,1,5,1,8,4,4,0,9,8,4,50.0,4,8,9,1,11.11,2,2,0,0,66.55,0,0,2,3,2,0,0,6.2,5.5,6.12,4.72,7.52,5.91,0.546,2025-09-15T15:25:14.842880+00:00,60,Dominion_Athletic_20251208101535_60,1,5.91
Grand Harbor FC,2737.273,647.365,23.65,53.19,255,170,42,85,182,18,5,13,0,16,20,37,66.56,1,9,1,8,3,5,0,8,10,6,60.0,9,9,12,3,25.0,2,1,16,10,62.5,4,12,2,2,4,0,0,7.55,6.78,4.97,4.89,7.27,6.42,0.602,2025-03-06T22:39:52.842880+00:00,585,Grand_Harbor_FC_20251208101535_585,1,6.42
Lakeside Athletic,3883.51,452.429,11.65,75.36,259,222,17,37,192,24,14,8,11,5,5,19,85.73,1,11,1,11,5,6,1,13,27,16,59.26,5,1,1,0,0.0,2,1,8,4,50.0,3,5,1,3,4,1,0,7.17,5.67,5.54,4.42,6.68,5.99,0.554,2025-03-27T01:17:28.842880+00:00,277,Lakeside_Athletic_20251208101535_277,1,5.99
Harborview United,2368.224,511.063,21.58,42.28,180,140,22,40,109,22,10,0,4,12,23,22,77.82,1,7,1,4,1,3,0,6,9,5,55.56,17,9,15,1,6.67,1,1,6,4,66.67,4,2,0,1,7,0,0,7.55,5.72,5.61,5.11,7.53,6.31,0.59,2025-03-15T23:51:02.842880+00:00,991,Harborview_United_20251208101535_991,1,6.31
Lakeside Athletic,2333.585,243.393,10.43,42.4,187,143,22,44,136,33,12,0,0,3,2,14,76.26,0,7,0,7,3,4,0,5,7,3,42.86,13,8,20,4,20.0,2,2,27,20,74.07,3,24,1,0,10,1,0,4.75,5.25,5.26,3.97,6.98,5.11,0.457,2025-05-20T03:30:41.843880+00:00,565,Lakeside_Athletic_20251208101535_565,1,5.11
Hillcrest Athletic,2435.04,469.719,19.29,47.82,173,144,14,29,119,17,5,6,2,16,9,8,83.11,0,4,0,5,2,3,0,5,8,3,37.5,4,5,8,2,25.0,0,0,16,8,50.0,5,11,0,2,8,1,0,4.57,4.59,5.75,4.34,7.1,5.03,0.448,2025-09-12T21:27:59.843880+00:00,731,Hillcrest_Athletic_20251208101535_731,1,5.03
Valley Rovers,2873.124,781.202,27.19,52.52,156,153,1,3,110,19,13,14,2,0,0,5,97.85,1,2,1,9,3,6,1,8,17,9,52.94,10,9,4,1,25.0,2,0,24,13,54.17,7,17,1,1,8,2,0,5.86,6.51,6.48,4.72,5.17,5.94,0.549,2025-04-13T20:51:56.843880+00:00,656,Valley_Rovers_20251208101535_656,1,5.94
Dominion Athletic,986.52,318.547,32.29,17.96,38,32,2,6,27,5,0,1,2,1,2,3,83.97,0,1,0,3,1,2,0,4,5,3,60.0,34,9,9,1,11.11,4,1,0,0,64.4,0,0,0,1,9,0,0,4.9,4.48,3.89,4.2,7.72,4.76,0.418,2025-01-19T08:57:16.843880+00:00,151,Dominion_Athletic_20251208101535_151,1,4.76
Union Crest United,2742.852,402.376,14.67,54.55,180,128,23,52,131,16,2,4,5,10,12,0,71.08,2,5,2,10,3,7,0,16,19,10,52.63,18,6,14,5,35.71,1,0,39,22,56.41,11,28,3,2,5,0,0,6.69,5.81,5.26,4.22,7.39,5.88,0.542,2025-10-11T15:30:50.843880+00:00,795,Union_Crest_United_20251208101535_795,1,5.88
Highland Wanderers,3353.81,979.983,29.22,62.39,238,187,13,51,196,21,21,2,3,0,0,20,78.59,0,7,0,10,4,6,0,14,14,6,42.86,8,7,10,1,10.0,1,2,33,18,54.55,10,23,1,4,6,1,0,6.62,5.78,6.16,3.3,6.63,5.83,0.537,2024-12-26T08:41:54.843880+00:00,418,Highland_Wanderers_20251208101535_418,1,5.83
City United,2115.29,182.761,8.64,37.41,130,115,8,15,110,8,2,8,0,1,1,11,88.32,1,3,1,5,2,3,0,7,14,8,57.14,2,8,25,4,16.0,2,0,7,3,42.86,0,7,1,3,10,1,0,6.47,5.31,5.76,4.18,6.52,5.69,0.521,2025-11-21T18:49:22.843880+00:00,354,City_United_20251208101535_354,1,5.69
Southgate United,3672.494,1094.036,29.79,70.73,268,179,44,89,184,22,3,15,11,22,11,14,66.72,0,0,0,14,6,8,0,18,13,9,69.23,3,4,7,1,14.29,2,4,59,29,49.15,22,37,1,2,5,0,0,6.17,5.31,5.0,5.41,7.8,5.75,0.528,2025-03-28T22:31:39.843880+00:00,418,Southgate_United_20251208101535_418,1,5.75
Valley Rovers,3123.952,886.265,28.37,57.04,203,127,31,76,160,23,16,8,0,0,0,19,62.56,1,8,1,9,3,6,0,11,16,11,68.75,10,5,9,3,33.33,3,2,28,12,42.86,7,21,1,5,1,2,0,6.75,5.75,4.81,4.83,5.51,5.69,0.521,2025-02-23T18:17:04.844879+00:00,268,Valley_Rovers_20251208101535_268,1,5.69
Evergreen Sporting,2753.985,510.589,18.54,50.86,164,133,7,31,117,14,3,0,3,12,15,20,80.82,1,5,1,7,3,4,1,8,9,5,55.56,13,7,12,4,33.33,3,1,12,8,66.67,2,10,1,1,4,0,0,5.91,6.03,4.54,4.83,6.77,5.6,0.511,2024-12-20T15:50:36.844879+00:00,434,Evergreen_Sporting_20251208101535_434,1,5.6
Pioneer Ville FC,1771.368,359.588,20.3,32.29,94,78,9,16,72,8,3,0,2,4,5,8,82.69,0,3,0,4,1,3,0,5,5,2,40.0,8,9,3,1,33.33,3,0,18,10,55.56,1,17,0,3,13,0,0,4.84,4.96,4.88,4.03,7.85,5.07,0.452,2025-04-19T04:34:15.844879+00:00,60,Pioneer_Ville_FC_20251208101535_60,1,5.07
City United,2515.443,579.81,23.05,45.12,143,124,10,19,99,14,7,6,4,6,6,10,86.72,0,4,0,6,2,4,1,7,2,1,50.0,5,5,5,1,20.0,1,2,31,14,45.16,2,29,0,2,2,1,0,5.61,5.43,5.95,3.63,6.96,5.49,0.499,2025-06-30T03:03:48.844879+00:00,22,City_United_20251208101535_22,1,5.49
Prime City Athletic,3160.538,585.332,18.52,56.05,198,172,7,26,122,14,13,7,6,17,18,7,86.65,0,4,0,6,3,3,0,9,11,6,54.55,12,7,12,2,16.67,1,1,37,23,62.16,14,23,1,2,9,1,0,6.82,5.49,5.93,6.4,7.1,6.24,0.582,2025-07-13T10:45:11.844879+00:00,490,Prime_City_Athletic_20251208101535_490,1,6.24
Twin Oak Rangers,1428.071,393.005,27.52,25.86,91,64,19,27,81,9,0,5,3,0,0,6,70.2,1,1,1,4,2,2,0,4,4,3,75.0,15,15,21,4,19.05,2,0,10,5,50.0,3,7,0,3,6,0,0,4.97,5.95,4.07,4.17,7.42,5.2,0.467,2025-03-03T14:12:26.845882+00:00,555,Twin_Oak_Rangers_20251208101535_555,1,5.2
Crestfall Town,2219.887,711.918,32.07,43.06,159,121,9,38,138,19,13,6,4,0,0,19,76.41,1,4,1,4,2,2,0,5,13,8,61.54,14,5,5,2,40.0,2,0,8,4,50.0,3,5,0,2,8,0,0,6.5,5.69,4.92,4.34,7.88,5.79,0.532,2025-05-28T01:07:35.845882+00:00,810,Crestfall_Town_20251208101535_810,1,5.79
