player_name,position,minutes_played,dpr,dpr_breakdown__defensive_impact,dpr_breakdown__build_up_quality,dpr_breakdown__positioning_score,dpr_breakdown__physical_play,status,team,number,key_stats_p90__shots_p90,key_stats_p90__shots_on_target_p90,key_stats_p90__goals_p90,key_stats_p90__passes_p90,key_stats_p90__successful_passes_p90,key_stats_p90__unsuccessful_passes_p90,key_stats_p90__key_passes_p90,key_stats_p90__assists_p90,key_stats_p90__avg_pass_distance_p90,key_stats_p90__progressive_passes_p90,key_stats_p90__duels_p90,key_stats_p90__duels_won_p90,key_stats_p90__tackles_p90,key_stats_p90__successful_tackles_p90,key_stats_p90__tackle_success_rate_pct_p90,key_stats_p90__interceptions_p90,key_stats_p90__clearances_p90,key_stats_p90__recoveries_p90,key_stats_p90__blocked_shots_p90,key_stats_p90__dribbles_p90,key_stats_p90__successful_dribbles_p90,key_stats_p90__dribble_success_rate_pct_p90,key_stats_p90__shot_accuracy_pct_p90,key_stats_p90__goal_conversion_pct_p90,key_stats_p90__passing_accuracy_pct_p90,key_stats_p90__key_pass_rate_pct_p90,key_stats_p90__duel_success_rate_pct_p90,raw_stats__possession__your_possession_time_seconds,raw_stats__possession__possession_pct,raw_stats__distribution__passes,raw_stats__distribution__successful_passes,raw_stats__distribution__unsuccessful_passes,raw_stats__distribution__passing_accuracy_pct,raw_stats__distribution__key_passes,raw_stats__distribution__key_pass_rate_pct,raw_stats__distribution__assists,raw_stats__distribution__avg_pass_distance,raw_stats__distribution__progressive_passes,raw_stats__attack__shots,raw_stats__attack__shots_on_target,raw_stats__attack__goals,raw_stats__attack__shot_accuracy_pct,raw_stats__attack__goal_conversion_pct,raw_stats__dribbles__dribbles,raw_stats__dribbles__successful_dribbles,raw_stats__dribbles__dribble_success_rate_pct,raw_stats__defense__duels,raw_stats__defense__duels_won,raw_stats__defense__duel_success_rate_pct,raw_stats__defense__tackles,raw_stats__defense__successful_tackles,raw_stats__defense__tackle_success_rate_pct,raw_stats__defense__interceptions,raw_stats__defense__clearances,raw_stats__defense__recoveries,raw_stats__defense__blocked_shots,raw_stats__discipline__fouls_conceded,raw_stats__discipline__yellow_cards,raw_stats__discipline__red_cards,shots_p90,shots_on_target_p90,goals_p90,passes_p90,successful_passes_p90,unsuccessful_passes_p90,key_passes_p90,assists_p90,avg_pass_distance_p90,progressive_passes_p90,duels_p90,duels_won_p90,tackles_p90,successful_tackles_p90,tackle_success_rate_pct_p90,interceptions_p90,clearances_p90,recoveries_p90,blocked_shots_p90,dribbles_p90,successful_dribbles_p90,dribble_success_rate_pct_p90,shot_accuracy_pct_p90,goal_conversion_pct_p90,passing_accuracy_pct_p90,key_pass_rate_pct_p90,duel_success_rate_pct_p90,dpr_breakdown__game_control,dpr_breakdown__transition_play,dpr_breakdown__defensive_contribution,dpr_breakdown__creativity,dpr_breakdown__work_rate,dpr_breakdown__finishing_quality,dpr_breakdown__offensive_contribution,dpr_breakdown__link_up_play,dpr_breakdown__movement_threat,dpr_breakdown__shot_stopping,dpr_breakdown__distribution_quality,dpr_breakdown__command_area,dpr_breakdown__ball_playing,dpr_breakdown__consistency,raw_stats__goalkeeper__shots_faced,raw_stats__goalkeeper__saves,raw_stats__goalkeeper__goals_conceded,raw_stats__goalkeeper__save_pct,raw_stats__goalkeeper__shots_on_target_against,raw_stats__goalkeeper__goals_against,saves_p90,goals_conceded_p90,shots_faced_p90,shots_on_target_against_p90,goals_against_p90,save_pct_p90,saves_per90,goals_against_per90,shots_on_target_against_per90,save_pct,match_number,match_id,added_at,position_history,position_changed,shots_raw,shots_on_target_raw,goals_raw,passes_raw,successful_passes_raw,unsuccessful_passes_raw,passing_accuracy_pct_raw,key_passes_raw,assists_raw,avg_pass_distance_raw,progressive_passes_raw,duels_raw,duels_won_raw,tackles_raw,successful_tackles_raw,interceptions_raw,clearances_raw,recoveries_raw,blocked_shots_raw,dribbles_raw,successful_dribbles_raw,dribble_success_rate_pct_raw,note
"Barro, Harvy",ST,872.17,69.61,25.22,45.32,21.79,33.12,substitute,Westwood Athletic,95,0.0,0.0,0.0,0.0,59.9,64.49,0.0,0.0,0.0,0.0,0.0,0.0,0.0,63.04,43.29,0.0,0.0,0.0,0.0,0.0,52.94,67.01,37.12,37.89,42.56,45.67,68.17,6180,11.81,459,391,68,85.19,15,3.27,3,19.7,24,4,0,0,0.0,0.0,8,7,87.5,6,1,16.67,12,6,50.0,4,18,8,2,3,1,0,0.413,0.0,0.0,47.365,40.35,7.02,1.548,0.31,2.033,2.477,0.619,0.103,1.238,0.62,5.16,0.413,1.857,0.826,0.206,0.826,0.72,9.03,53.52,44.14,8.79,0.34,1.72,50.32,21.59,31.93,58.99,52.7,33.23,55.36,68.57,20.39,68.35,61.89,40.42,29.33,77.43,0,0,0,0,0,0,0.0,0.0,0.0,0.0,0.0,76.59,7,3,3,88.23,11,Match_204,2025-08-26T01:10:02.514070+00:00,[],0,4,0,0,459,391,68,54.51,15,3,1.69,1,6,1,12,6,4,18,8,2,8,7,24.83,
"Perez, Marco",RW,695.62,38.5,75.52,61.29,33.18,39.46,starter,Lakeside Athletic,49,0.0,0.0,0.0,0.0,74.55,50.49,0.0,0.0,0.0,0.0,0.0,0.0,0.0,52.26,34.26,0.0,0.0,0.0,0.0,0.0,46.37,56.48,79.02,48.74,59.93,51.72,68.08,11198,26.83,129,129,0,100.0,1,0.78,0,19.17,3,1,0,0,0.0,0.0,11,11,100.0,8,1,12.5,6,5,83.33,5,7,11,2,1,1,1,0.129,0.0,0.0,16.69,16.69,53.56,0.129,0.0,2.48,0.388,1.035,0.129,0.776,0.65,10.78,0.647,0.906,1.423,0.259,1.423,1.42,12.94,49.72,73.82,12.94,0.1,1.62,66.1,23.36,69.31,68.3,44.07,23.97,74.79,54.03,63.07,32.76,49.95,73.08,58.57,28.57,0,0,0,0,0,0,0.0,0.0,0.0,0.0,0.0,55.99,4,3,4,30.75,3,Match_101,2025-03-01T14:42:35.515069+00:00,[],0,1,0,0,129,129,0,39.96,1,0,4.58,2,8,1,6,5,5,7,11,2,11,11,23.0,
"Pedimonte, Nhiboy",CF,1041.25,68.53,37.91,58.34,56.54,29.17,starter,Brookside United,14,0.0,0.0,0.0,0.0,71.9,30.71,0.0,0.0,0.0,0.0,0.0,0.0,0.0,42.23,37.56,0.0,0.0,0.0,0.0,0.0,45.72,77.31,34.88,41.93,73.12,54.66,67.91,6594,10.55,612,612,0,100.0,15,2.45,2,16.36,17,17,7,1,41.18,5.88,13,4,30.77,7,4,57.14,8,4,50.0,4,24,5,1,2,1,0,1.469,0.605,0.086,52.898,52.9,49.79,1.297,0.173,1.414,1.469,0.605,0.346,0.691,0.35,4.32,0.346,2.074,0.432,0.086,1.124,0.35,2.66,3.56,0.51,8.64,0.21,4.94,65.75,52.36,66.72,51.82,20.03,39.45,21.17,75.75,72.72,69.9,38.45,23.48,72.68,76.82,0,0,0,0,0,0,0.0,0.0,0.0,0.0,0.0,75.96,2,1,1,81.63,18,Match_368,2025-08-31T15:23:28.516079+00:00,[],0,17,7,1,612,612,0,87.22,15,2,0.95,3,7,4,8,4,4,24,5,1,13,4,89.52,
"Fernandez, Marco",CAM,927.99,71.78,54.26,48.36,67.08,68.45,starter,Far Eastern University,93,0.0,0.0,0.0,0.0,66.73,35.41,0.0,0.0,0.0,0.0,0.0,0.0,0.0,77.86,53.49,0.0,0.0,0.0,0.0,0.0,52.77,78.56,70.15,55.04,60.88,33.14,71.59,19470,34.97,1011,790,221,78.14,17,1.68,3,28.0,6,33,23,0,69.7,0.0,37,21,56.76,29,23,79.31,21,17,80.95,4,16,3,0,3,1,0,3.2,2.231,0.0,98.051,76.62,21.43,1.649,0.291,2.716,0.582,2.813,2.231,2.037,1.65,7.85,0.388,1.552,0.291,0.0,3.588,2.04,5.5,6.76,35.14,7.58,0.16,7.69,31.42,25.82,45.86,45.41,48.02,63.74,60.4,79.05,25.91,44.16,40.36,71.7,34.92,31.41,0,0,0,0,0,0,0.0,0.0,0.0,0.0,0.0,51.15,2,5,2,25.17,18,Match_135,2025-09-16T15:08:25.516079+00:00,[],0,33,23,0,1011,790,221,28.28,17,3,1.45,5,29,23,21,17,4,16,3,0,37,21,71.43,
"Mapula, Paul Vincent",GK,898.91,32.87,77.65,24.81,31.15,55.7,starter,Valley Rovers,68,0.0,0.0,0.0,0.0,48.18,63.93,0.0,0.0,0.0,0.0,0.0,0.0,0.0,75.92,46.14,0.0,0.0,0.0,0.0,0.0,30.77,76.9,50.66,57.19,45.79,46.47,42.36,6465,11.99,175,170,5,97.14,3,1.71,0,23.55,10,17,17,2,100.0,11.76,8,8,100.0,33,8,24.24,16,3,18.75,0,1,4,1,2,1,0,1.702,1.702,0.2,17.521,17.02,0.5,0.3,0.0,2.358,1.001,3.304,0.801,1.602,0.3,1.88,0.0,0.1,0.4,0.1,0.801,0.8,10.01,10.01,1.18,9.73,0.17,2.43,60.51,34.11,27.19,73.42,34.77,55.67,57.16,45.15,55.02,51.37,76.08,32.26,62.97,34.32,9,6,3,66.67,9,3,0.601,0.3,0.901,0.901,0.3,6.68,3,2,5,62.05,2,Match_92,2025-04-25T05:44:39.517077+00:00,[],0,17,17,2,175,170,5,25.66,3,0,0.05,2,33,8,16,3,0,1,4,1,8,8,50.13,
"Valdez, Alysa",RWB,1239.61,29.61,45.41,36.6,20.21,66.27,substitute,Hillcrest Athletic,7,0.0,0.0,0.0,0.0,34.97,44.99,0.0,0.0,0.0,0.0,0.0,0.0,0.0,30.96,44.95,0.0,0.0,0.0,0.0,0.0,61.03,52.8,36.19,62.18,67.61,73.11,41.23,7691,10.34,430,430,0,100.0,0,0.0,0,9.46,17,19,1,3,5.26,15.79,5,3,60.0,55,24,43.64,10,4,40.0,8,5,9,3,4,3,0,1.379,0.073,0.218,31.219,31.22,59.48,0.0,0.0,0.687,1.234,3.993,1.742,0.726,0.29,2.9,0.581,0.363,0.653,0.218,0.363,0.22,4.36,0.38,1.15,7.26,34.72,3.17,58.23,35.72,64.47,53.1,45.66,20.58,24.51,72.99,74.24,52.74,70.08,54.95,28.89,27.65,0,0,0,0,0,0,0.0,0.0,0.0,0.0,0.0,75.13,3,4,4,29.57,3,Match_386,2025-10-19T05:27:04.517077+00:00,[],0,19,1,3,430,430,0,83.42,0,0,2.73,7,55,24,10,4,8,5,9,3,5,3,70.08,
"Digal, Pius",RWB,1117.1,44.92,36.72,24.17,66.4,41.07,starter,Westwood Athletic,25,0.0,0.0,0.0,0.0,74.84,36.26,0.0,0.0,0.0,0.0,0.0,0.0,0.0,60.65,64.47,0.0,0.0,0.0,0.0,0.0,61.37,63.64,59.18,40.21,63.88,63.72,58.44,14599,21.78,0,0,0,69.91,0,0.22,0,15.34,0,23,4,0,17.39,0.0,11,11,100.0,27,4,14.81,31,4,12.9,4,10,16,0,2,1,0,1.853,0.322,0.0,0.0,73.46,71.63,0.0,0.0,1.236,0.0,2.175,0.322,2.498,0.32,1.04,0.322,0.806,1.289,0.0,0.886,0.89,8.06,1.4,49.99,5.22,0.02,1.19,50.56,60.77,70.62,39.87,21.66,72.62,35.67,54.84,79.01,22.3,55.79,40.74,67.19,46.18,0,0,0,0,0,0,0.0,0.0,0.0,0.0,0.0,44.4,3,4,1,68.48,15,Match_360,2025-06-10T16:03:28.518076+00:00,[],0,23,4,0,0,0,0,56.87,0,0,3.94,7,27,4,31,4,4,10,16,0,11,11,51.06,
"Aningalan, Jul",RWB,1185.82,55.33,39.33,46.51,60.54,50.67,starter,Riverside FC,75,0.0,0.0,0.0,0.0,41.21,38.01,0.0,0.0,0.0,0.0,0.0,0.0,0.0,79.59,37.04,0.0,0.0,0.0,0.0,0.0,59.95,31.88,38.05,62.74,31.23,56.76,36.16,12526,17.61,1246,949,297,76.16,9,0.72,2,22.68,26,8,5,3,62.5,37.5,3,1,33.33,56,31,55.36,8,1,12.5,6,22,3,1,1,2,0,0.607,0.379,0.228,94.567,72.03,22.54,0.683,0.152,1.721,1.973,4.25,2.353,0.607,0.08,0.95,0.455,1.67,0.228,0.076,0.228,0.08,2.53,4.74,2.85,5.78,0.05,4.2,67.62,77.59,64.16,59.53,37.03,59.83,57.16,25.6,77.12,34.09,38.63,68.39,28.84,22.77,0,0,0,0,0,0,0.0,0.0,0.0,0.0,0.0,60.32,4,3,2,78.67,20,Match_119,2025-08-08T00:04:59.518076+00:00,[],0,8,5,3,1246,949,297,37.81,9,2,0.64,1,56,31,8,1,6,22,3,1,3,1,66.41,
"Barro, Kirvy",CAM,761.21,62.59,70.39,36.64,66.66,49.08,substitute,Lakeside Athletic,34,0.0,0.0,0.0,0.0,63.86,44.32,0.0,0.0,0.0,0.0,0.0,0.0,0.0,48.39,68.08,0.0,0.0,0.0,0.0,0.0,38.37,31.56,58.87,32.03,58.02,50.05,65.25,10291,22.53,506,506,0,100.0,2,0.4,0,28.6,32,19,3,2,15.79,10.53,13,9,69.23,20,6,30.0,0,0,73.62,3,5,6,0,0,2,0,2.246,0.355,0.236,59.826,59.83,36.75,0.236,0.0,3.381,3.783,2.365,0.709,0.0,43.32,8.7,0.355,0.591,0.709,0.0,1.537,1.06,8.19,1.87,1.24,11.82,0.05,3.55,34.35,46.39,62.81,34.07,40.15,73.58,24.83,29.05,42.98,29.17,32.84,44.89,39.85,47.96,0,0,0,0,0,0,0.0,0.0,0.0,0.0,0.0,35.78,6,2,5,50.75,10,Match_15,2025-09-15T10:17:03.519077+00:00,[],0,19,3,2,506,506,0,36.08,2,0,4.83,0,20,6,0,0,3,5,6,0,13,9,65.21,
"Fernandez, Laurence",LW,862.66,34.09,35.61,39.64,47.28,40.25,starter,Hillcrest Athletic,60,0.0,0.0,0.0,0.0,31.12,37.61,0.0,0.0,0.0,0.0,0.0,0.0,0.0,51.96,34.6,0.0,0.0,0.0,0.0,0.0,52.49,51.81,30.33,66.89,37.42,65.19,63.64,15153,29.28,334,197,137,58.98,4,1.2,0,16.31,26,45,12,2,26.67,4.44,31,17,54.84,11,8,72.73,21,14,66.67,2,17,6,1,2,0,0,4.695,1.252,0.209,34.846,20.55,14.29,0.417,0.0,1.702,2.713,1.148,0.835,2.191,1.46,6.96,0.209,1.774,0.626,0.104,3.234,1.77,5.72,2.78,0.46,6.15,0.13,7.59,72.78,36.7,77.07,45.29,70.09,48.22,64.94,23.13,77.12,33.45,24.12,77.44,22.42,21.86,0,0,0,0,0,0,0.0,0.0,0.0,0.0,0.0,55.22,4,6,3,88.18,15,Match_156,2025-08-21T02:47:25.519077+00:00,[],0,45,12,2,334,197,137,58.87,4,0,1.26,4,11,8,21,14,2,17,6,1,31,17,38.5,
"Digal, Diegocarl",RB,539.78,25.63,45.2,49.41,46.01,41.73,starter,Eastview Rangers,44,0.0,0.0,0.0,0.0,45.38,75.34,0.0,0.0,0.0,0.0,0.0,0.0,0.0,52.84,57.25,0.0,0.0,0.0,0.0,0.0,71.63,41.5,53.34,53.41,47.54,30.06,41.19,5294,16.35,270,170,100,62.96,1,0.37,0,18.82,14,5,1,0,20.0,0.0,5,5,100.0,33,8,24.24,8,6,75.0,1,7,1,0,1,1,0,0.834,0.167,0.0,45.018,28.34,16.67,0.167,0.0,3.138,2.334,5.502,1.334,1.334,1.0,12.51,0.167,1.167,0.167,0.0,0.834,0.83,16.67,3.33,50.68,10.5,0.06,4.04,73.49,47.58,29.18,30.57,51.3,59.03,56.95,75.18,66.48,47.89,69.54,55.55,39.34,34.73,0,0,0,0,0,0,0.0,0.0,0.0,0.0,0.0,30.72,4,5,3,67.38,1,Match_285,2025-05-08T12:33:54.520076+00:00,[],0,5,1,0,270,170,100,66.67,1,0,2.51,3,33,8,8,6,1,7,1,0,5,5,63.18,
"Abellana, Marco",RW,914.92,42.19,79.8,53.02,41.11,47.22,starter,Highland Wanderers,68,0.0,0.0,0.0,0.0,79.97,66.92,0.0,0.0,0.0,0.0,0.0,0.0,0.0,70.85,66.4,0.0,0.0,0.0,0.0,0.0,50.56,56.62,69.02,56.78,39.02,77.24,69.44,12446,22.67,428,203,225,47.43,11,2.57,1,5.18,12,37,21,2,56.76,5.41,13,8,61.54,9,6,66.67,13,6,46.15,6,18,2,1,1,2,0,3.64,2.066,0.197,42.102,19.97,22.13,1.082,0.098,0.51,1.18,0.885,0.59,1.279,0.59,4.54,0.59,1.771,0.197,0.098,1.279,0.79,6.05,5.58,0.53,4.67,0.25,6.56,38.4,33.83,63.28,38.93,64.57,77.05,61.41,31.49,64.32,36.59,55.38,65.61,55.81,78.83,0,0,0,0,0,0,0.0,0.0,0.0,0.0,0.0,42.94,1,4,1,82.73,12,Match_228,2025-04-08T17:42:41.520076+00:00,[],0,37,21,2,428,203,225,51.34,11,1,3.67,1,9,6,13,6,6,18,2,1,13,8,35.47,
"Mapula, Paul Joshua",CDM,642.62,53.43,23.61,77.61,25.95,65.76,substitute,Riverside FC,40,0.0,0.0,0.0,0.0,63.66,61.12,0.0,0.0,0.0,0.0,0.0,0.0,0.0,53.15,39.25,0.0,0.0,0.0,0.0,0.0,38.08,40.5,35.16,43.62,31.82,49.11,47.51,8627,22.37,456,456,0,100.0,10,2.19,0,9.14,23,10,4,1,40.0,10.0,6,3,50.0,5,1,20.0,13,5,38.46,0,3,4,1,1,2,0,1.401,0.56,0.14,63.864,63.86,52.45,1.401,0.0,1.28,3.221,0.7,0.14,1.821,0.7,5.39,0.0,0.42,0.56,0.14,0.84,0.42,7.0,5.6,1.4,14.01,0.31,2.8,57.53,35.88,24.87,34.39,53.12,29.39,44.51,61.36,48.19,21.96,37.29,36.96,71.58,24.27,0,0,0,0,0,0,0.0,0.0,0.0,0.0,0.0,36.74,2,1,5,69.99,13,Match_291,2025-10-07T08:51:52.521077+00:00,[],0,10,4,1,456,456,0,62.81,10,0,2.52,2,5,1,13,5,0,3,4,1,6,3,51.56,
"Apostol, Carlo",LW,1042.13,50.95,46.53,36.69,79.82,46.15,substitute,University of Santo Tomas,61,0.0,0.0,0.0,0.0,64.05,75.13,0.0,0.0,0.0,0.0,0.0,0.0,0.0,58.09,58.51,0.0,0.0,0.0,0.0,0.0,60.26,33.24,32.15,34.83,65.91,49.61,47.77,15241,24.37,139,127,12,91.37,3,2.16,0,25.45,1,16,7,1,43.75,6.25,24,20,83.33,31,21,67.74,18,2,11.11,4,17,5,1,2,1,0,1.382,0.605,0.086,12.004,10.97,1.04,0.259,0.0,2.198,0.086,2.677,1.814,1.555,0.17,0.96,0.345,1.468,0.432,0.086,2.073,1.73,7.2,3.78,0.54,7.89,0.19,5.85,68.85,78.14,48.2,44.5,39.26,26.28,29.65,44.7,49.73,59.76,44.03,65.63,22.2,25.28,0,0,0,0,0,0,0.0,0.0,0.0,0.0,0.0,46.01,4,4,4,21.29,19,Match_280,2025-10-22T05:44:14.521077+00:00,[],0,16,7,1,139,127,12,78.73,3,0,1.34,1,31,21,18,2,4,17,5,1,24,20,22.27,
"Alonzo, Kaye",RWB,700.49,47.84,28.68,31.44,55.96,64.78,substitute,Coastal Town,32,0.0,0.0,0.0,0.0,68.15,50.14,0.0,0.0,0.0,0.0,0.0,0.0,0.0,41.8,59.27,0.0,0.0,0.0,0.0,0.0,63.84,43.8,33.45,69.65,66.67,62.65,42.51,13340,31.74,410,286,124,69.76,7,1.71,0,26.61,22,8,2,0,25.0,0.0,8,2,25.0,0,0,33.99,9,5,55.56,3,16,5,3,2,1,0,1.028,0.257,0.0,52.677,36.75,15.93,0.899,0.0,3.419,2.827,0.0,0.0,1.156,0.64,7.14,0.385,2.056,0.642,0.385,1.028,0.26,3.21,3.21,53.5,8.96,0.22,4.37,28.19,24.19,66.36,71.26,40.39,67.26,36.03,20.15,63.56,70.25,54.8,59.6,71.92,46.79,0,0,0,0,0,0,0.0,0.0,0.0,0.0,0.0,58.16,3,4,2,31.8,18,Match_223,2025-09-13T10:38:36.522070+00:00,[],0,8,2,0,410,286,124,56.06,7,0,0.47,3,0,0,9,5,3,16,5,3,8,2,31.09,
"Santos, Miguel",CF,876.54,59.64,58.99,71.11,71.14,71.56,DNP,2 Worlds FC,80,0.0,0.0,0.0,0.0,74.8,42.52,0.0,0.0,0.0,0.0,0.0,0.0,0.0,33.54,79.44,0.0,0.0,0.0,0.0,0.0,59.49,40.88,44.27,71.61,64.67,40.39,57.42,16248,30.89,471,187,284,39.7,1,0.21,0,13.75,11,35,1,1,2.86,2.86,8,2,25.0,19,19,100.0,19,14,73.68,8,14,12,1,2,1,0,3.594,0.103,0.103,48.361,19.2,29.16,0.103,0.0,1.412,1.129,1.951,1.951,1.951,1.44,7.57,0.821,1.437,1.232,0.103,0.821,0.21,2.57,0.29,0.29,4.08,0.02,10.27,42.8,39.0,63.12,65.56,72.34,22.15,24.11,57.87,75.26,79.85,64.81,46.04,25.91,58.02,0,0,0,0,0,0,0.0,0.0,0.0,0.0,0.0,56.0,3,2,2,41.59,10,Match_196,2025-08-24T12:31:39.523071+00:00,[],0,35,1,1,471,187,284,37.97,1,0,1.21,4,19,19,19,14,8,14,12,1,8,2,76.54,
"Nemenzo, Sirach Ethan",CM,1092.03,39.76,78.68,59.49,36.47,53.96,starter,Lyceum,90,0.0,0.0,0.0,0.0,45.91,54.66,0.0,0.0,0.0,0.0,0.0,0.0,0.0,36.8,32.49,0.0,0.0,0.0,0.0,0.0,37.06,60.24,45.47,56.06,44.67,73.55,69.93,5009,7.64,874,67,807,7.67,3,0.34,0,20.8,5,10,1,0,10.0,0.0,12,7,58.33,14,12,85.71,27,26,96.3,2,15,18,0,2,2,0,0.824,0.082,0.0,72.031,5.52,66.51,0.247,0.0,1.714,0.412,1.154,0.989,2.225,2.14,7.94,0.165,1.236,1.483,0.0,0.989,0.58,4.81,0.82,64.83,0.63,0.03,7.06,61.15,64.68,22.94,56.38,49.8,74.25,37.17,67.93,56.42,41.14,58.2,57.25,60.67,63.26,0,0,0,0,0,0,0.0,0.0,0.0,0.0,0.0,45.25,5,4,4,47.09,7,Match_244,2025-04-05T20:32:33.523071+00:00,[],0,10,1,0,874,67,807,73.34,3,0,4.66,4,14,12,27,26,2,15,18,0,12,7,44.6,
"Perez, Bel",CF,1004.95,25.7,52.19,47.29,60.37,60.34,starter,De La Salle University,51,0.0,0.0,0.0,0.0,54.47,74.88,0.0,0.0,0.0,0.0,0.0,0.0,0.0,46.37,70.43,0.0,0.0,0.0,0.0,0.0,30.25,67.47,38.25,72.65,54.46,39.94,55.81,10857,18.01,285,285,0,100.0,4,1.4,0,16.81,21,46,23,0,50.0,0.0,2,2,100.0,29,23,79.31,5,3,60.0,8,10,13,2,1,1,0,4.12,2.06,0.0,25.524,25.52,50.77,0.358,0.0,1.505,1.881,2.597,2.06,0.448,0.27,5.37,0.716,0.896,1.164,0.179,0.179,0.18,8.96,4.48,48.55,8.96,0.13,7.1,55.07,69.35,76.42,26.5,34.03,21.5,73.05,53.68,74.92,33.28,23.79,69.43,74.56,38.13,0,0,0,0,0,0,0.0,0.0,0.0,0.0,0.0,62.63,4,2,3,66.89,17,Match_291,2025-07-20T20:15:51.524072+00:00,[],0,46,23,0,285,285,0,34.05,4,0,3.58,3,29,23,5,3,8,10,13,2,2,2,26.95,
"Pormento, Edzon",LW,857.43,64.35,32.31,69.79,53.25,55.18,substitute,National University,17,0.0,0.0,0.0,0.0,37.92,72.11,0.0,0.0,0.0,0.0,0.0,0.0,0.0,63.05,50.9,0.0,0.0,0.0,0.0,0.0,51.4,72.87,77.1,30.04,37.23,58.87,47.04,3686,7.16,305,65,240,21.31,7,2.3,1,7.3,9,27,12,2,44.44,7.41,11,2,18.18,7,2,28.57,10,10,100.0,4,17,4,2,3,1,0,2.834,1.26,0.21,32.014,6.82,25.19,0.735,0.105,0.766,0.945,0.735,0.21,1.05,1.05,10.5,0.42,1.784,0.42,0.21,1.155,0.21,1.91,4.66,0.78,2.24,0.24,3.0,68.78,33.98,66.46,67.32,55.76,36.64,79.04,79.25,52.41,67.91,26.6,71.99,27.91,41.49,0,0,0,0,0,0,0.0,0.0,0.0,0.0,0.0,49.45,4,2,4,27.54,4,Match_278,2025-07-17T23:40:52.524072+00:00,[],0,27,12,2,305,65,240,57.24,7,1,3.55,1,7,2,10,10,4,17,4,2,11,2,25.15,
"Santos, Aris",CAM,842.33,50.28,45.81,67.59,26.86,59.28,starter,Lyceum,59,0.0,0.0,0.0,0.0,74.23,52.06,0.0,0.0,0.0,0.0,0.0,0.0,0.0,64.55,60.6,0.0,0.0,0.0,0.0,0.0,73.08,60.49,48.03,57.06,68.59,72.15,72.15,8673,17.16,241,174,67,72.2,6,2.49,2,23.36,8,12,9,0,75.0,0.0,12,6,50.0,26,13,50.0,12,9,75.0,5,18,9,2,3,1,0,1.282,0.962,0.0,25.75,18.59,7.16,0.641,0.214,2.496,0.855,2.778,1.389,1.282,0.96,8.01,0.534,1.923,0.962,0.214,1.282,0.64,5.34,8.01,48.14,7.71,0.27,5.34,72.66,53.08,71.93,45.8,73.29,44.83,69.65,43.92,63.78,38.75,38.75,35.29,77.22,61.21,0,0,0,0,0,0,0.0,0.0,0.0,0.0,0.0,68.67,4,3,6,69.46,2,Match_273,2025-08-11T17:13:59.525071+00:00,[],0,12,9,0,241,174,67,30.47,6,2,0.37,0,26,13,12,9,5,18,9,2,12,6,21.24,
"Garces, Josh",RW,1033.49,55.45,59.47,61.61,21.74,36.4,substitute,Highland Wanderers,4,0.0,0.0,0.0,0.0,54.13,79.34,0.0,0.0,0.0,0.0,0.0,0.0,0.0,52.01,66.72,0.0,0.0,0.0,0.0,0.0,49.28,79.09,33.38,38.95,47.49,37.62,41.26,7783,12.55,321,321,0,100.0,4,1.25,0,26.97,20,51,18,2,35.29,3.92,12,7,58.33,35,20,57.14,11,2,18.18,4,21,20,2,2,3,0,4.441,1.568,0.174,27.954,27.95,75.01,0.348,0.0,2.349,1.742,3.048,1.742,0.958,0.17,1.58,0.348,1.829,1.742,0.174,1.045,0.61,5.08,3.07,0.34,8.71,0.11,4.98,65.74,75.29,41.06,30.88,28.6,59.44,24.18,64.46,78.31,25.51,51.83,42.57,47.22,29.44,0,0,0,0,0,0,0.0,0.0,0.0,0.0,0.0,37.94,6,5,4,29.27,10,Match_220,2025-03-15T09:16:05.526070+00:00,[],0,51,18,2,321,321,0,32.79,4,0,3.85,4,35,20,11,2,4,21,20,2,12,7,39.21,
"Valdez, Alysa",ST,756.2,51.63,33.81,53.52,60.08,41.25,starter,Far Eastern University,49,0.0,0.0,0.0,0.0,39.73,36.15,0.0,0.0,0.0,0.0,0.0,0.0,0.0,41.4,49.25,0.0,0.0,0.0,0.0,0.0,42.03,40.47,52.25,70.72,60.09,64.92,33.33,10763,23.72,53,24,29,45.28,2,3.77,0,6.75,1,26,18,1,69.23,3.85,16,4,25.0,7,7,100.0,2,2,100.0,2,15,8,1,2,1,0,3.094,2.142,0.119,6.308,2.86,3.45,0.238,0.0,0.803,0.119,0.833,0.833,0.238,0.24,11.9,0.238,1.785,0.952,0.119,1.904,0.48,2.98,8.24,0.46,5.39,0.45,11.9,43.82,64.52,46.17,47.59,24.67,38.78,45.76,44.27,58.41,37.37,44.3,77.97,30.31,76.86,0,0,0,0,0,0,0.0,0.0,0.0,0.0,0.0,61.2,1,4,4,85.28,15,Match_219,2025-07-24T03:59:19.526070+00:00,[],0,26,18,1,53,24,29,87.38,2,0,0.47,4,7,7,2,2,2,15,8,1,16,4,51.75,
"Ladines, Marvin",CF,801.2,57.15,79.19,39.39,78.26,38.97,starter,Westwood Athletic,73,0.0,0.0,0.0,0.0,45.97,33.61,0.0,0.0,0.0,0.0,0.0,0.0,0.0,75.24,68.4,0.0,0.0,0.0,0.0,0.0,78.67,59.98,76.86,71.96,36.86,52.14,66.42,10294,21.41,167,0,167,0.0,1,0.6,0,23.21,15,29,6,0,20.69,0.0,0,0,79.3,27,27,100.0,15,10,66.67,2,8,9,1,1,1,0,3.258,0.674,0.0,18.759,38.1,18.76,0.112,0.0,2.607,1.685,3.033,3.033,1.685,1.12,7.49,0.225,0.899,1.011,0.112,0.0,57.03,8.91,2.32,50.16,76.13,0.07,11.23,46.39,48.14,57.88,67.78,55.49,41.12,24.45,47.7,22.26,42.12,37.22,58.68,78.64,25.42,0,0,0,0,0,0,0.0,0.0,0.0,0.0,0.0,45.62,3,4,1,84.64,6,Match_122,2024-12-07T20:18:18.527070+00:00,[],0,29,6,0,167,0,167,34.71,1,0,4.16,2,27,27,15,10,2,8,9,1,0,0,24.03,
"Unabia, Mark",ST,734.63,68.66,40.0,54.96,28.49,40.99,substitute,Brookside United,78,0.0,0.0,0.0,0.0,43.26,37.58,0.0,0.0,0.0,0.0,0.0,0.0,0.0,40.33,59.8,0.0,0.0,0.0,0.0,0.0,42.99,70.6,71.75,79.48,61.99,42.72,38.86,7784,17.66,181,80,101,44.2,4,2.21,0,8.69,9,48,12,4,25.0,8.33,17,10,58.82,0,0,36.62,12,5,41.67,2,14,9,0,0,1,0,5.881,1.47,0.49,22.174,9.8,12.37,0.49,0.0,1.065,1.103,0.0,0.0,1.47,0.61,5.11,0.245,1.715,1.103,0.0,2.083,1.23,7.21,3.06,1.02,5.41,0.27,4.49,78.06,61.91,43.52,55.7,76.28,38.57,42.6,67.5,68.79,60.21,69.74,64.33,61.12,51.58,0,0,0,0,0,0,0.0,0.0,0.0,0.0,0.0,38.52,3,3,1,44.02,18,Match_305,2025-01-04T16:13:15.527070+00:00,[],0,48,12,4,181,80,101,57.93,4,0,4.71,1,0,0,12,5,2,14,9,0,17,10,53.73,
"Andrada, Vince",CF,606.82,70.2,31.64,60.7,54.23,46.44,starter,Summit Peak FC,61,0.0,0.0,0.0,0.0,68.5,56.07,0.0,0.0,0.0,0.0,0.0,0.0,0.0,36.08,36.22,0.0,0.0,0.0,0.0,0.0,68.12,51.21,61.32,64.0,59.6,58.06,59.62,3683,10.12,281,241,40,85.77,7,2.49,2,17.35,12,13,3,1,23.08,7.69,7,5,71.43,13,13,100.0,14,9,64.29,4,12,0,0,1,0,0,1.928,0.445,0.148,41.676,35.74,5.93,1.038,0.297,2.573,1.78,1.928,1.928,2.076,1.33,9.54,0.593,1.78,0.0,0.0,1.038,0.74,10.59,3.42,1.14,12.72,0.37,14.83,66.17,66.69,50.17,45.12,29.72,31.98,56.28,72.38,23.13,48.84,42.27,76.06,62.68,50.95,0,0,0,0,0,0,0.0,0.0,0.0,0.0,0.0,31.27,5,3,2,20.33,8,Match_74,2025-12-01T20:40:07.528082+00:00,[],0,13,3,1,281,241,40,45.43,7,2,2.86,1,13,13,14,9,4,12,0,0,7,5,84.67,
"Amador, Roniel",RW,966.65,36.88,27.31,34.31,58.34,57.37,starter,University of the Philippines,37,0.0,0.0,0.0,0.0,55.04,57.58,0.0,0.0,0.0,0.0,0.0,0.0,0.0,41.77,51.61,0.0,0.0,0.0,0.0,0.0,70.34,76.69,68.59,39.79,34.52,56.59,36.29,19800,34.14,47,3,44,6.38,1,2.13,0,17.2,4,31,14,2,45.16,6.45,17,10,58.82,34,30,88.24,14,5,35.71,6,5,2,1,2,1,0,2.886,1.303,0.186,4.376,0.28,4.1,0.093,0.0,1.601,0.372,3.166,2.793,1.303,0.47,3.32,0.559,0.466,0.186,0.093,1.583,0.93,5.48,4.2,0.6,0.59,0.2,8.22,23.77,70.2,49.99,52.16,57.92,54.5,63.11,37.48,20.09,41.17,54.24,31.24,60.09,51.41,0,0,0,0,0,0,0.0,0.0,0.0,0.0,0.0,59.48,3,2,0,71.11,10,Match_28,2025-03-22T14:35:59.528082+00:00,[],0,31,14,2,47,3,44,76.81,1,0,2.11,3,34,30,14,5,6,5,2,1,17,10,85.1,
"Bacaycay, Kurt",GK,1033.03,44.91,68.92,48.4,22.2,58.81,starter,Lyceum,66,0.0,0.0,0.0,0.0,73.74,42.79,0.0,0.0,0.0,0.0,0.0,0.0,0.0,73.42,30.16,0.0,0.0,0.0,0.0,0.0,44.28,78.66,64.9,42.7,66.99,40.34,74.33,2496,4.03,0,0,0,63.78,0,2.15,0,29.87,0,15,7,2,46.67,13.33,7,5,71.43,14,6,42.86,12,2,16.67,2,6,2,2,3,0,0,1.307,0.61,0.174,0.0,61.47,48.62,0.0,0.0,2.602,0.0,1.22,0.523,1.045,0.17,1.45,0.174,0.523,0.174,0.174,0.61,0.44,6.22,4.07,1.16,6.15,0.19,3.73,37.17,71.73,22.87,59.34,36.39,67.96,46.22,44.0,46.38,77.39,40.34,31.21,61.52,42.04,46,11,35,23.91,46,35,0.958,3.049,4.008,4.008,3.049,2.08,5,4,1,35.42,16,Match_19,2025-07-26T13:36:40.529070+00:00,[],0,15,7,2,0,0,0,21.02,0,0,1.41,3,14,6,12,2,2,6,2,2,7,5,79.39,
"Salingay, Sam",CB,931.63,55.25,60.74,76.93,42.32,65.79,starter,Northbridge FC,5,0.0,0.0,0.0,0.0,53.32,58.3,0.0,0.0,0.0,0.0,0.0,0.0,0.0,68.64,37.97,0.0,0.0,0.0,0.0,0.0,68.19,33.81,71.86,49.97,65.23,40.16,49.39,16501,29.52,749,749,0,100.0,9,1.2,1,26.17,4,19,9,1,47.37,5.26,8,1,12.5,56,31,55.36,9,2,22.22,5,18,11,2,3,1,0,1.835,0.869,0.097,72.357,72.36,65.06,0.869,0.097,2.528,0.386,5.41,2.995,0.869,0.19,2.15,0.483,1.739,1.063,0.193,0.773,0.1,1.21,4.58,0.51,9.66,0.12,5.35,54.44,51.77,43.88,58.97,34.98,26.81,64.14,49.94,43.22,53.7,35.71,35.62,46.78,79.78,0,0,0,0,0,0,0.0,0.0,0.0,0.0,0.0,67.74,3,3,3,24.36,10,Match_142,2025-06-23T05:45:09.530070+00:00,[],0,19,9,1,749,749,0,25.4,9,1,4.01,4,56,31,9,2,5,18,11,2,8,1,27.18,
"Garces, Josh",CB,1130.74,45.54,44.57,54.49,27.52,39.02,substitute,Coastal Town,68,0.0,0.0,0.0,0.0,72.9,42.97,0.0,0.0,0.0,0.0,0.0,0.0,0.0,64.2,56.36,0.0,0.0,0.0,0.0,0.0,53.45,44.03,32.46,62.73,45.59,65.18,39.81,14250,21.0,622,622,0,100.0,13,2.09,5,17.49,24,17,14,2,82.35,11.76,7,2,28.57,19,7,36.84,3,1,33.33,6,14,17,1,3,2,0,1.353,1.114,0.159,49.507,49.51,73.13,1.035,0.398,1.392,1.91,1.512,0.557,0.239,0.08,2.65,0.478,1.114,1.353,0.08,0.557,0.16,2.27,6.55,0.94,7.96,0.17,2.93,24.45,47.95,51.04,27.7,69.74,53.08,55.27,66.07,27.74,50.17,72.09,69.88,51.09,38.25,0,0,0,0,0,0,0.0,0.0,0.0,0.0,0.0,44.15,1,3,5,27.41,4,Match_47,2025-05-16T13:03:51.530070+00:00,[],0,17,14,2,622,622,0,89.87,13,5,4.15,6,19,7,3,1,6,14,17,1,7,2,25.07,
"Tabay, Albin",CM,858.1,45.3,47.21,61.32,29.48,44.94,starter,Summit Peak FC,88,0.0,0.0,0.0,0.0,35.25,48.9,0.0,0.0,0.0,0.0,0.0,0.0,0.0,35.66,61.99,0.0,0.0,0.0,0.0,0.0,58.87,47.86,47.58,66.49,39.28,67.26,78.5,8396,16.31,573,573,0,100.0,6,1.05,0,25.15,39,18,4,2,22.22,11.11,7,3,42.86,25,8,32.0,14,6,42.86,3,22,10,1,2,2,0,1.888,0.42,0.21,60.098,60.1,52.7,0.629,0.0,2.638,4.09,2.622,0.839,1.468,0.63,4.5,0.315,2.307,1.049,0.105,0.734,0.31,4.5,2.33,1.17,10.49,0.11,3.36,47.87,40.41,28.62,71.69,39.16,79.28,40.72,43.92,65.64,50.9,26.37,34.5,27.35,46.98,0,0,0,0,0,0,0.0,0.0,0.0,0.0,0.0,55.74,6,1,3,62.62,8,Match_328,2024-12-08T19:06:13.531072+00:00,[],0,18,4,2,573,573,0,42.56,6,0,0.1,2,25,8,14,6,3,22,10,1,7,3,23.83,
"Encaya, Pius",RW,1046.11,39.43,43.18,47.02,52.99,69.52,starter,City United,71,0.0,0.0,0.0,0.0,46.21,69.95,0.0,0.0,0.0,0.0,0.0,0.0,0.0,41.69,34.34,0.0,0.0,0.0,0.0,0.0,70.77,63.22,43.5,77.36,52.06,79.13,54.66,12741,20.3,486,486,0,100.0,17,3.5,4,12.28,38,12,6,0,50.0,0.0,7,1,14.29,22,10,45.45,14,5,35.71,5,30,3,1,1,1,0,1.032,0.516,0.0,41.812,41.81,54.56,1.463,0.344,1.056,3.269,1.893,0.86,1.204,0.43,3.07,0.43,2.581,0.258,0.086,0.602,0.09,1.23,4.3,35.44,8.6,0.3,3.91,57.39,56.66,27.72,25.8,42.39,79.21,53.47,41.94,28.66,56.15,44.08,22.42,22.33,62.82,0,0,0,0,0,0,0.0,0.0,0.0,0.0,0.0,59.38,2,5,1,65.27,18,Match_109,2025-10-29T03:06:56.531072+00:00,[],0,12,6,0,486,486,0,81.99,17,4,3.39,2,22,10,14,5,5,30,3,1,7,1,47.51,
"Nemenzo, Sirach Ethan",LB,980.37,53.63,62.03,31.45,46.46,45.13,substitute,National University,5,0.0,0.0,0.0,0.0,63.83,57.68,0.0,0.0,0.0,0.0,0.0,0.0,0.0,53.82,73.46,0.0,0.0,0.0,0.0,0.0,72.05,48.13,41.42,55.0,35.3,46.04,34.38,16771,28.51,202,31,171,15.35,3,1.49,0,26.56,5,1,0,0,0.0,0.0,11,4,36.36,88,54,61.36,11,1,9.09,4,0,4,1,3,1,0,0.092,0.0,0.0,18.544,2.85,15.7,0.275,0.0,2.438,0.459,8.079,4.957,1.01,0.09,0.83,0.367,0.0,0.367,0.092,1.01,0.37,3.34,61.64,55.65,1.41,0.14,5.63,44.78,32.23,50.11,56.69,48.3,70.9,63.64,62.35,51.12,53.65,79.89,48.7,42.61,77.4,0,0,0,0,0,0,0.0,0.0,0.0,0.0,0.0,57.69,2,2,3,54.84,19,Match_119,2025-08-08T03:10:21.532085+00:00,[],0,1,0,0,202,31,171,36.49,3,0,1.73,4,88,54,11,1,4,0,4,1,11,4,66.12,
"Digal, Diegocarl",RWB,997.47,62.37,32.84,69.68,36.27,53.72,DNP,Eastview Rangers,33,0.0,0.0,0.0,0.0,50.61,39.05,0.0,0.0,0.0,0.0,0.0,0.0,0.0,32.17,30.81,0.0,0.0,0.0,0.0,0.0,42.04,75.16,48.49,35.49,53.65,45.45,59.48,20132,33.64,561,405,156,72.19,4,0.71,0,16.37,2,6,1,3,16.67,50.0,11,3,27.27,37,20,54.05,19,11,57.89,5,14,12,1,1,1,0,0.541,0.09,0.271,50.618,36.54,14.08,0.361,0.0,1.477,0.18,3.338,1.805,1.714,0.99,5.22,0.451,1.263,1.083,0.09,0.993,0.27,2.46,1.5,4.51,6.51,0.06,4.88,36.3,26.55,64.45,34.36,23.05,74.31,33.54,33.97,26.01,39.82,48.34,60.87,28.25,77.87,0,0,0,0,0,0,0.0,0.0,0.0,0.0,0.0,35.72,2,4,0,60.12,6,Match_254,2025-05-06T11:54:50.532085+00:00,[],0,6,1,3,561,405,156,52.89,4,0,3.34,2,37,20,19,11,5,14,12,1,11,3,83.82,
"Darapan, Jermi",LW,618.96,48.4,31.57,26.76,29.75,47.53,DNP,Hillcrest Athletic,65,0.0,0.0,0.0,0.0,59.78,61.52,0.0,0.0,0.0,0.0,0.0,0.0,0.0,56.41,66.85,0.0,0.0,0.0,0.0,0.0,71.96,54.93,52.44,72.83,34.11,48.43,58.55,10278,27.68,194,194,0,100.0,3,1.55,0,10.12,11,18,1,4,5.56,22.22,13,6,46.15,16,4,25.0,12,4,33.33,2,11,7,0,1,1,0,2.617,0.145,0.582,28.209,28.21,77.33,0.436,0.0,1.472,1.599,2.326,0.582,1.745,0.58,4.85,0.291,1.599,1.018,0.0,1.89,0.87,6.71,0.81,3.23,14.54,0.23,3.64,35.44,31.17,64.2,67.45,54.07,65.44,30.53,71.37,73.82,69.62,50.92,25.2,60.16,31.09,0,0,0,0,0,0,0.0,0.0,0.0,0.0,0.0,35.03,8,4,0,86.08,8,Match_201,2025-11-29T02:55:40.533087+00:00,[],0,18,1,4,194,194,0,76.14,3,0,2.92,3,16,4,12,4,2,11,7,0,13,6,25.59,
"Berciles, Earl",ST,631.33,63.09,60.82,55.75,67.24,51.53,starter,Westwood Athletic,28,0.0,0.0,0.0,0.0,59.86,77.13,0.0,0.0,0.0,0.0,0.0,0.0,0.0,62.75,79.33,0.0,0.0,0.0,0.0,0.0,44.57,68.48,67.5,45.9,48.37,40.38,52.76,12278,32.41,195,97,98,49.74,5,2.56,1,14.8,3,13,2,1,15.38,7.69,18,15,83.33,16,2,12.5,19,19,100.0,3,8,7,2,2,1,0,1.853,0.285,0.143,27.798,13.83,13.97,0.713,0.143,2.11,0.428,2.281,0.285,2.709,2.71,14.26,0.428,1.14,0.998,0.285,2.566,2.14,11.88,2.19,1.1,7.09,0.36,1.78,51.69,41.71,75.03,26.73,69.73,74.17,32.13,52.2,29.87,71.27,46.51,60.82,63.02,49.33,0,0,0,0,0,0,0.0,0.0,0.0,0.0,0.0,46.08,3,5,2,74.19,19,Match_48,2025-01-04T19:17:28.533087+00:00,[],0,13,2,1,195,97,98,39.26,5,1,0.28,1,16,2,19,19,3,8,7,2,18,15,34.47,
"Nemenzo, Sirach Ethan",CDM,261.41,31.65,71.62,27.12,79.57,43.58,starter,Westwood Athletic,70,0.0,0.0,0.0,0.0,59.31,65.24,0.0,0.0,0.0,0.0,0.0,0.0,0.0,73.16,68.21,0.0,0.0,0.0,0.0,0.0,69.03,33.85,68.96,38.61,50.56,64.89,66.28,5006,31.92,159,67,92,42.14,1,0.63,0,28.34,8,2,2,0,100.0,0.0,3,1,33.33,16,1,6.25,3,1,33.33,2,4,3,0,0,1,0,0.689,0.689,0.0,54.742,23.07,31.67,0.344,0.0,9.757,2.754,5.509,0.344,1.033,0.34,11.48,0.689,1.377,1.033,0.0,1.033,0.34,11.48,34.43,79.01,14.51,0.22,2.15,27.64,78.72,70.09,65.37,78.71,47.78,63.15,45.45,42.76,33.78,47.64,29.31,31.31,72.51,0,0,0,0,0,0,0.0,0.0,0.0,0.0,0.0,54.41,3,1,4,32.09,17,Match_374,2025-01-25T07:44:07.534077+00:00,[],0,2,2,0,159,67,92,65.58,1,0,4.83,2,16,1,3,1,2,4,3,0,3,1,38.58,
"Barro, Jaro",CDM,442.85,72.43,72.78,74.69,57.56,45.63,starter,Ateneo de Manila University,72,0.0,0.0,0.0,0.0,37.9,50.78,0.0,0.0,0.0,0.0,0.0,0.0,0.0,48.82,77.41,0.0,0.0,0.0,0.0,0.0,30.26,73.57,55.0,40.01,69.34,30.05,72.27,6097,22.95,377,0,377,0.0,3,0.8,0,18.49,19,7,4,1,57.14,14.29,3,3,100.0,2,2,100.0,13,2,15.38,1,8,4,0,3,1,0,1.423,0.813,0.203,76.617,47.5,76.62,0.61,0.0,3.758,3.861,0.406,0.406,2.642,0.41,3.13,0.203,1.626,0.813,0.0,0.61,0.61,20.32,11.61,2.9,51.92,0.16,20.32,49.74,78.34,76.5,60.28,67.15,39.12,44.98,28.95,42.59,65.26,48.41,70.96,38.04,62.45,0,0,0,0,0,0,0.0,0.0,0.0,0.0,0.0,45.72,4,2,2,22.34,4,Match_213,2025-07-18T18:46:57.535069+00:00,[],0,7,4,1,377,0,377,71.37,3,0,4.53,5,2,2,13,2,1,8,4,0,3,3,40.12,
"Unabia, Charles",CAM,899.23,48.31,58.92,38.51,41.58,72.97,starter,Lyceum,49,0.0,0.0,0.0,0.0,61.8,47.21,0.0,0.0,0.0,0.0,0.0,0.0,0.0,30.35,32.53,0.0,0.0,0.0,0.0,0.0,31.08,77.13,59.71,78.82,52.8,40.19,50.28,2829,5.24,485,401,84,82.68,15,3.09,2,28.53,32,6,0,0,0.0,0.0,2,1,50.0,22,8,36.36,30,15,50.0,3,14,6,1,2,2,0,0.601,0.0,0.0,48.542,40.13,8.41,1.501,0.2,2.855,3.203,2.202,0.801,3.003,1.5,5.0,0.3,1.401,0.601,0.1,0.2,0.1,5.0,79.93,67.84,8.28,0.31,3.64,47.96,68.17,63.34,65.7,39.21,32.19,38.78,22.74,71.85,64.48,20.97,53.2,55.04,63.2,0,0,0,0,0,0,0.0,0.0,0.0,0.0,0.0,37.57,5,4,2,44.08,6,Match_319,2025-01-24T02:01:04.535069+00:00,[],0,6,0,0,485,401,84,72.44,15,2,3.42,1,22,8,30,15,3,14,6,1,2,1,32.79,
"Bacnis, Hugo",CAM,905.45,56.89,76.03,74.77,59.56,20.94,starter,Ateneo de Manila University,80,0.0,0.0,0.0,0.0,59.76,54.45,0.0,0.0,0.0,0.0,0.0,0.0,0.0,73.1,34.36,0.0,0.0,0.0,0.0,0.0,30.08,40.16,79.21,74.81,72.24,39.36,32.52,5749,10.58,377,105,272,27.85,12,3.18,3,15.93,25,11,3,4,27.27,36.36,33,16,48.48,10,1,10.0,16,7,43.75,6,5,2,3,4,1,0,1.093,0.298,0.398,37.473,10.44,27.04,1.193,0.298,1.583,2.485,0.994,0.099,1.59,0.7,4.35,0.596,0.497,0.199,0.298,3.28,1.59,4.82,2.71,3.61,2.77,0.32,0.99,51.93,44.68,21.0,63.33,52.14,37.2,50.13,61.87,45.83,76.38,30.76,75.08,51.46,34.46,0,0,0,0,0,0,0.0,0.0,0.0,0.0,0.0,47.14,4,3,5,22.66,11,Match_44,2025-09-10T20:15:28.536076+00:00,[],0,11,3,4,377,105,272,48.78,12,3,2.44,1,10,1,16,7,6,5,2,3,33,16,30.26,
"Reyes, Miguel",RWB,994.1,53.18,21.97,75.73,38.87,77.69,DNP,Riverstone FC,70,0.0,0.0,0.0,0.0,44.03,74.09,0.0,0.0,0.0,0.0,0.0,0.0,0.0,63.74,59.38,0.0,0.0,0.0,0.0,0.0,45.77,39.8,69.05,65.01,36.31,30.09,69.64,8023,13.45,633,162,471,25.59,13,2.05,2,15.36,32,7,1,0,14.29,0.0,6,3,50.0,41,20,48.78,10,7,70.0,6,19,1,2,2,1,0,0.634,0.091,0.0,57.308,14.67,42.64,1.177,0.181,1.391,2.897,3.712,1.811,0.905,0.63,6.34,0.543,1.72,0.091,0.181,0.543,0.27,4.53,1.29,60.95,2.32,0.19,4.42,55.22,65.14,62.76,43.9,24.62,29.75,34.43,70.08,43.35,73.79,39.9,65.34,28.4,79.31,0,0,0,0,0,0,0.0,0.0,0.0,0.0,0.0,50.08,0,1,3,73.07,8,Match_46,2025-03-02T01:06:38.536076+00:00,[],0,7,1,0,633,162,471,59.06,13,2,4.9,1,41,20,10,7,6,19,1,2,6,3,62.97,
"Aningalan, Jul",RWB,555.81,30.11,25.24,45.86,53.42,50.75,starter,Harborview United,35,0.0,0.0,0.0,0.0,64.99,67.12,0.0,0.0,0.0,0.0,0.0,0.0,0.0,64.73,74.93,0.0,0.0,0.0,0.0,0.0,64.8,55.94,59.4,38.72,66.68,65.13,62.97,7966,23.89,289,188,101,65.05,7,2.42,1,11.18,15,5,0,1,0.0,20.0,4,1,25.0,30,1,3.33,11,2,18.18,2,14,3,0,1,2,0,0.81,0.0,0.162,46.797,30.44,16.35,1.133,0.162,1.81,2.429,4.858,0.162,1.781,0.32,2.94,0.324,2.267,0.486,0.0,0.648,0.16,4.05,64.94,3.24,10.53,0.39,0.54,26.2,25.38,53.25,55.82,67.07,71.82,20.74,44.83,66.75,63.49,53.57,79.56,34.56,51.27,0,0,0,0,0,0,0.0,0.0,0.0,0.0,0.0,30.97,1,3,4,76.51,2,Match_151,2025-05-13T05:56:37.537090+00:00,[],0,5,0,1,289,188,101,24.19,7,1,3.79,4,30,1,11,2,2,14,3,0,4,1,41.37,
"Dela Cruz, Laurence",CDM,816.94,34.99,79.84,30.8,66.06,21.61,starter,Brookside United,73,0.0,0.0,0.0,0.0,36.77,59.58,0.0,0.0,0.0,0.0,0.0,0.0,0.0,43.84,79.24,0.0,0.0,0.0,0.0,0.0,69.41,76.73,78.18,55.05,76.4,33.08,43.67,12463,25.43,955,912,43,95.5,7,0.73,1,14.88,18,24,6,0,25.0,0.0,2,2,100.0,46,8,17.39,8,1,12.5,2,16,9,1,0,1,0,2.644,0.661,0.0,105.21,100.0,4.74,0.771,0.11,1.639,1.983,5.068,0.881,0.881,0.11,1.38,0.22,1.763,0.992,0.11,0.22,0.22,11.02,2.75,57.04,10.52,0.08,1.92,63.63,76.58,32.58,67.86,69.88,24.15,70.87,67.7,60.38,28.35,38.17,35.16,29.25,45.39,0,0,0,0,0,0,0.0,0.0,0.0,0.0,0.0,54.7,2,1,3,24.54,6,Match_98,2025-06-11T23:20:33.538094+00:00,[],0,24,6,0,955,912,43,29.66,7,1,4.19,2,46,8,8,1,2,16,9,1,2,2,20.64,
"Tabelin, Kirvy",RB,1138.02,39.77,75.23,25.15,69.88,63.81,DNP,Coastal Town,14,0.0,0.0,0.0,0.0,63.52,38.14,0.0,0.0,0.0,0.0,0.0,0.0,0.0,45.61,42.47,0.0,0.0,0.0,0.0,0.0,32.39,65.36,61.29,48.18,72.35,64.39,57.89,13078,19.15,951,537,414,56.47,6,0.63,1,16.01,47,4,2,0,50.0,0.0,14,5,35.71,44,23,52.27,24,1,4.17,1,9,4,1,2,3,0,0.316,0.158,0.0,75.21,42.47,32.74,0.475,0.079,1.266,3.717,3.48,1.819,1.898,0.08,0.33,0.079,0.712,0.316,0.079,1.107,0.4,2.82,3.95,78.22,4.47,0.05,4.13,40.9,40.58,67.06,51.27,40.9,25.86,63.32,47.15,24.03,22.68,62.65,21.36,40.58,26.56,0,0,0,0,0,0,0.0,0.0,0.0,0.0,0.0,69.02,5,2,5,88.48,16,Match_88,2025-01-23T03:34:51.538094+00:00,[],0,4,2,0,951,537,414,84.09,6,1,2.55,3,44,23,24,1,1,9,4,1,14,5,27.73,
"Fernandez, Bel",RW,803.88,33.63,60.42,68.04,75.12,55.41,starter,Lakeside Athletic,80,0.0,0.0,0.0,0.0,56.45,60.71,0.0,0.0,0.0,0.0,0.0,0.0,0.0,61.67,43.68,0.0,0.0,0.0,0.0,0.0,52.71,47.47,48.39,30.3,45.85,45.37,34.3,13743,28.49,357,340,17,95.24,5,1.4,2,25.89,3,6,2,0,33.33,0.0,24,6,25.0,7,3,42.86,5,5,100.0,3,8,8,1,1,3,0,0.672,0.224,0.0,39.969,38.07,1.9,0.56,0.224,2.899,0.336,0.784,0.336,0.56,0.56,11.2,0.336,0.896,0.896,0.112,2.687,0.67,2.8,3.73,39.53,10.66,0.16,4.8,60.33,38.79,34.31,27.02,42.4,28.48,43.31,55.79,54.49,45.38,49.2,52.24,75.15,75.84,0,0,0,0,0,0,0.0,0.0,0.0,0.0,0.0,53.54,1,3,4,74.65,8,Match_136,2025-10-15T04:34:42.539095+00:00,[],0,6,2,0,357,340,17,81.32,5,2,4.84,3,7,3,5,5,3,8,8,1,24,6,22.17,
"Pedimonte, Nhiboy",CB,722.82,66.13,22.5,63.14,52.78,79.39,starter,City United,70,0.0,0.0,0.0,0.0,77.22,45.09,0.0,0.0,0.0,0.0,0.0,0.0,0.0,61.98,36.04,0.0,0.0,0.0,0.0,0.0,49.64,32.93,46.97,45.98,41.73,41.11,53.03,12199,28.13,263,263,0,100.0,4,1.52,0,7.62,8,10,6,1,60.0,10.0,10,9,90.0,26,26,100.0,0,0,74.64,5,14,0,1,1,1,0,1.245,0.747,0.125,32.747,32.75,73.2,0.498,0.0,0.949,0.996,3.237,3.237,0.0,54.69,9.29,0.623,1.743,0.0,0.125,1.245,1.12,11.21,7.47,1.25,12.45,0.19,12.45,26.14,69.8,65.08,37.86,79.96,46.98,40.91,69.0,46.34,79.64,66.54,34.22,68.64,55.28,0,0,0,0,0,0,0.0,0.0,0.0,0.0,0.0,66.42,2,3,1,55.09,8,Match_389,2025-03-27T11:15:48.539095+00:00,[],0,10,6,1,263,263,0,73.74,4,0,2.86,3,26,26,0,0,5,14,0,1,10,9,70.18,
"Valdez, Alysa",LB,1294.13,45.71,47.12,58.02,72.81,25.59,starter,Mapúa University,81,0.0,0.0,0.0,0.0,36.85,41.8,0.0,0.0,0.0,0.0,0.0,0.0,0.0,41.99,30.75,0.0,0.0,0.0,0.0,0.0,51.52,53.96,71.72,69.92,78.34,75.87,57.99,19102,24.6,484,226,258,46.69,10,2.07,1,12.78,38,6,1,0,16.67,0.0,9,9,100.0,81,36,44.44,26,26,100.0,5,24,18,2,3,3,0,0.417,0.07,0.0,33.66,15.72,17.94,0.695,0.07,0.889,2.643,5.633,2.504,1.808,1.81,6.95,0.348,1.669,1.252,0.139,0.626,0.63,6.95,1.16,38.37,3.25,0.14,3.09,50.94,36.69,76.18,42.14,77.02,39.64,20.15,66.45,63.96,63.86,47.51,59.85,41.49,23.8,0,0,0,0,0,0,0.0,0.0,0.0,0.0,0.0,45.92,2,3,2,52.49,2,Match_276,2025-10-26T06:39:27.540091+00:00,[],0,6,1,0,484,226,258,41.31,10,1,2.37,3,81,36,26,26,5,24,18,2,9,9,79.86,
"Legara, Ezralph",LW,1350.0,44.82,38.33,61.97,34.05,59.33,substitute,University of Santo Tomas,7,0.0,0.0,0.0,0.0,35.47,62.52,0.0,0.0,0.0,0.0,0.0,0.0,0.0,47.42,38.35,0.0,0.0,0.0,0.0,0.0,31.55,63.2,42.8,71.48,39.33,66.95,67.49,4682,5.78,497,193,304,38.83,18,3.62,3,23.58,34,82,57,13,69.51,15.85,28,13,46.43,21,3,14.29,29,14,48.28,9,31,6,0,2,3,0,5.467,3.8,0.867,33.133,12.87,20.27,1.2,0.2,1.572,2.267,1.4,0.2,1.933,0.93,3.22,0.6,2.067,0.4,0.0,1.867,0.87,3.1,4.63,1.06,2.59,0.24,0.95,62.22,20.07,48.61,27.96,33.57,60.8,20.56,61.74,69.03,79.29,45.34,27.93,24.25,42.98,0,0,0,0,0,0,0.0,0.0,0.0,0.0,0.0,57.8,3,9,3,51.69,7,Match_147,2025-07-06T09:14:44.541090+00:00,[],0,82,57,13,497,193,304,34.39,18,3,3.75,6,21,3,29,14,9,31,6,0,28,13,27.9,
"Moleje, Josh",ST,561.16,68.79,32.33,56.42,31.32,43.51,substitute,Hillcrest Athletic,85,0.0,0.0,0.0,0.0,63.3,56.72,0.0,0.0,0.0,0.0,0.0,0.0,0.0,58.28,58.49,0.0,0.0,0.0,0.0,0.0,57.47,35.08,45.51,40.91,53.3,55.6,38.67,7526,22.35,86,75,11,87.21,3,3.49,0,29.67,5,26,12,4,46.15,15.38,4,3,75.0,9,2,22.22,10,2,20.0,2,10,8,0,2,2,0,4.17,1.925,0.642,13.793,12.03,1.76,0.481,0.0,4.759,0.802,1.443,0.321,1.604,0.32,3.21,0.321,1.604,1.283,0.0,0.642,0.48,12.03,7.4,2.47,13.99,0.56,3.56,58.77,67.03,67.63,34.36,43.15,34.46,58.28,24.26,73.32,20.72,41.67,38.99,43.21,70.34,0,0,0,0,0,0,0.0,0.0,0.0,0.0,0.0,67.8,2,5,3,29.21,17,Match_231,2025-01-18T21:22:56.541090+00:00,[],0,26,12,4,86,75,11,83.07,3,0,2.09,2,9,2,10,2,2,10,8,0,4,3,27.57,
"Perez, Marco",RWB,876.65,27.9,25.17,46.07,47.2,56.53,substitute,Redwood Borough,31,0.0,0.0,0.0,0.0,40.04,45.51,0.0,0.0,0.0,0.0,0.0,0.0,0.0,40.07,48.73,0.0,0.0,0.0,0.0,0.0,41.02,37.62,66.41,31.03,36.85,35.34,57.47,14434,27.44,455,391,64,85.93,7,1.54,1,5.66,11,9,3,1,33.33,11.11,5,5,100.0,50,14,28.0,11,8,72.73,3,6,8,2,4,2,0,0.924,0.308,0.103,46.712,40.14,6.57,0.719,0.103,0.581,1.129,5.133,1.437,1.129,0.82,7.47,0.308,0.616,0.821,0.205,0.513,0.51,10.27,3.42,1.14,8.82,0.16,2.87,38.56,64.5,64.44,27.17,62.47,62.09,29.83,77.18,51.38,66.98,63.25,30.02,27.62,66.87,0,0,0,0,0,0,0.0,0.0,0.0,0.0,0.0,65.23,3,1,2,34.47,18,Match_371,2025-01-28T00:31:00.542090+00:00,[],0,9,3,1,455,391,64,48.94,7,1,3.65,2,50,14,11,8,3,6,8,2,5,5,86.21,
"Labrador, Sean",LWB,652.43,38.56,24.67,42.37,50.12,74.12,starter,Redwood Borough,41,0.0,0.0,0.0,0.0,31.76,32.95,0.0,0.0,0.0,0.0,0.0,0.0,0.0,40.83,46.38,0.0,0.0,0.0,0.0,0.0,40.96,31.48,65.98,37.84,57.73,71.82,71.01,2376,6.07,219,68,151,31.05,3,1.37,0,24.09,13,17,3,2,17.65,11.76,5,5,100.0,1,0,0.0,10,0,0.0,5,14,5,2,4,2,0,2.345,0.414,0.276,30.21,9.38,20.83,0.414,0.0,3.323,1.793,0.138,0.0,1.379,65.41,57.35,0.69,1.931,0.69,0.276,0.69,0.69,13.79,2.43,1.62,4.28,0.19,55.96,30.76,68.26,78.88,77.24,24.14,47.91,36.94,70.69,39.64,53.19,20.48,32.04,53.83,38.23,0,0,0,0,0,0,0.0,0.0,0.0,0.0,0.0,33.56,5,4,2,58.74,19,Match_8,2025-05-01T00:48:33.542090+00:00,[],0,17,3,2,219,68,151,54.8,3,0,1.17,6,1,0,10,0,5,14,5,2,5,5,75.57,
"Barro, Kirvy",ST,1119.4,50.27,58.23,43.66,55.51,23.74,substitute,Northbridge FC,13,0.0,0.0,0.0,0.0,55.19,36.03,0.0,0.0,0.0,0.0,0.0,0.0,0.0,60.7,38.73,0.0,0.0,0.0,0.0,0.0,57.58,42.83,73.43,70.69,39.74,47.82,37.95,4274,6.36,267,267,0,100.0,4,1.5,0,13.32,14,33,1,1,3.03,3.03,17,9,52.94,45,45,100.0,26,20,76.92,5,19,6,3,1,1,0,2.653,0.08,0.08,21.467,21.47,59.08,0.322,0.0,1.071,1.126,3.618,3.618,2.09,1.61,6.18,0.402,1.528,0.482,0.241,1.367,0.72,4.26,0.24,0.24,8.04,0.12,8.04,59.75,27.84,37.5,71.05,75.56,43.58,69.91,39.58,47.17,34.02,76.61,28.17,66.21,26.54,0,0,0,0,0,0,0.0,0.0,0.0,0.0,0.0,75.94,3,2,3,36.53,15,Match_397,2025-10-13T23:43:53.543090+00:00,[],0,33,1,1,267,267,0,88.1,4,0,1.95,2,45,45,26,20,5,19,6,3,17,9,54.97,
"Santos, John",GK,791.18,34.91,44.03,61.18,76.25,25.04,substitute,National University,17,0.0,0.0,0.0,0.0,52.73,76.08,0.0,0.0,0.0,0.0,0.0,0.0,0.0,43.6,77.41,0.0,0.0,0.0,0.0,0.0,32.49,51.87,30.97,45.04,49.03,37.6,50.88,6814,14.35,37,13,24,35.14,1,2.7,0,15.09,1,6,1,0,16.67,0.0,4,3,75.0,9,6,66.67,4,3,75.0,2,20,6,2,1,1,0,0.683,0.114,0.0,4.209,1.48,2.73,0.114,0.0,1.717,0.114,1.024,0.683,0.455,0.34,8.53,0.228,2.275,0.683,0.228,0.455,0.34,8.53,1.9,72.81,4.0,0.31,7.58,55.17,75.05,24.5,79.83,31.87,58.76,68.56,25.52,70.84,68.53,27.35,76.54,23.04,75.45,10,5,5,50.0,10,5,0.569,0.569,1.138,1.138,0.569,5.69,2,2,3,87.96,3,Match_34,2025-07-27T01:08:10.544090+00:00,[],0,6,1,0,37,13,24,73.51,1,0,2.9,5,9,6,4,3,2,20,6,2,4,3,74.67,
"Barro, Harvy",RB,850.03,65.43,48.3,41.45,55.04,33.97,substitute,Mapúa University,8,0.0,0.0,0.0,0.0,79.21,44.55,0.0,0.0,0.0,0.0,0.0,0.0,0.0,61.97,72.32,0.0,0.0,0.0,0.0,0.0,30.48,56.35,45.84,58.64,44.99,31.09,69.09,13391,26.26,471,471,0,100.0,8,1.7,1,18.76,10,18,12,0,66.67,0.0,12,6,50.0,39,31,79.49,21,8,38.1,5,15,4,2,4,1,0,1.906,1.271,0.0,49.869,49.87,55.31,0.847,0.106,1.986,1.059,4.129,3.282,2.223,0.85,4.03,0.529,1.588,0.424,0.212,1.271,0.64,5.29,7.06,77.61,10.59,0.18,8.42,29.58,34.87,34.47,52.02,67.47,64.22,65.84,76.87,54.54,78.96,43.31,76.11,79.49,30.42,0,0,0,0,0,0,0.0,0.0,0.0,0.0,0.0,40.36,3,4,2,41.02,13,Match_366,2025-08-18T20:43:04.544090+00:00,[],0,18,12,0,471,471,0,30.11,8,1,0.2,4,39,31,21,8,5,15,4,2,12,6,21.41,
"Omitade, Edvard",CAM,835.47,60.23,59.73,55.16,40.19,39.36,substitute,De La Salle University,48,0.0,0.0,0.0,0.0,51.12,66.27,0.0,0.0,0.0,0.0,0.0,0.0,0.0,54.97,34.45,0.0,0.0,0.0,0.0,0.0,59.55,44.97,70.73,41.76,53.67,53.52,47.17,13421,26.77,478,325,153,67.99,9,1.88,1,26.12,6,11,2,1,18.18,9.09,5,2,40.0,9,6,66.67,16,14,87.5,6,10,4,1,2,1,0,1.185,0.215,0.108,51.492,35.01,16.48,0.97,0.108,2.814,0.646,0.97,0.646,1.724,1.51,9.43,0.646,1.077,0.431,0.108,0.539,0.22,4.31,1.96,0.98,7.32,0.2,7.18,78.55,63.94,46.21,58.36,49.23,39.04,62.43,53.72,73.38,56.82,41.41,59.93,68.87,42.7,0,0,0,0,0,0,0.0,0.0,0.0,0.0,0.0,65.1,0,1,2,26.96,6,Match_36,2025-06-10T21:01:26.545097+00:00,[],0,11,2,1,478,325,153,88.71,9,1,4.34,2,9,6,16,14,6,10,4,1,5,2,36.92,
"Diola, Ezekiel",ST,682.4,49.65,42.72,52.76,26.09,48.77,starter,University of Santo Tomas,53,0.0,0.0,0.0,0.0,41.79,76.07,0.0,0.0,0.0,0.0,0.0,0.0,0.0,75.61,46.29,0.0,0.0,0.0,0.0,0.0,60.2,50.34,50.74,58.05,59.06,35.25,41.25,2335,5.7,310,81,229,26.13,3,0.97,0,16.55,27,24,18,2,75.0,8.33,15,6,40.0,2,1,50.0,12,2,16.67,4,14,3,1,1,2,0,3.165,2.374,0.264,40.885,10.68,30.2,0.396,0.0,2.183,3.561,0.264,0.132,1.583,0.26,2.2,0.528,1.846,0.396,0.132,1.978,0.79,5.28,9.89,1.1,3.45,0.13,6.59,71.84,59.06,61.23,29.76,24.42,70.75,37.69,39.12,77.1,24.45,30.21,42.53,63.92,52.82,0,0,0,0,0,0,0.0,0.0,0.0,0.0,0.0,51.13,2,3,5,79.59,8,Match_103,2025-09-22T14:20:16.545097+00:00,[],0,24,18,2,310,81,229,46.28,3,0,1.82,4,2,1,12,2,4,14,3,1,15,6,83.64,
"Lopez, Bel",CM,924.64,29.56,52.65,31.09,73.13,42.16,starter,Westwood Athletic,34,0.0,0.0,0.0,0.0,41.28,67.53,0.0,0.0,0.0,0.0,0.0,0.0,0.0,34.26,35.48,0.0,0.0,0.0,0.0,0.0,55.13,35.47,33.5,64.16,78.63,39.37,61.46,18401,33.17,860,219,641,25.47,20,2.33,3,26.92,18,9,5,0,55.56,0.0,0,0,67.1,14,6,42.86,9,7,77.78,4,10,2,2,2,1,0,0.876,0.487,0.0,83.708,21.32,62.39,1.947,0.292,2.62,1.752,1.363,0.584,0.876,0.68,7.57,0.389,0.973,0.195,0.195,0.0,65.19,6.53,5.41,65.0,2.48,0.23,4.17,46.75,35.8,47.9,33.57,36.11,23.7,65.13,60.05,25.14,40.63,52.49,78.24,55.38,53.22,0,0,0,0,0,0,0.0,0.0,0.0,0.0,0.0,64.1,4,2,3,82.14,2,Match_161,2025-05-01T01:07:45.546090+00:00,[],0,9,5,0,860,219,641,45.41,20,3,2.74,3,14,6,9,7,4,10,2,2,0,0,23.64,
"Nemenzo, Sirach Ethan",CAM,733.26,50.98,75.03,20.74,62.02,55.25,starter,2 Worlds FC,36,0.0,0.0,0.0,0.0,31.73,77.44,0.0,0.0,0.0,0.0,0.0,0.0,0.0,45.87,57.84,0.0,0.0,0.0,0.0,0.0,30.39,67.93,32.4,74.46,36.71,73.04,59.42,2616,5.95,262,114,148,43.51,5,1.91,0,14.44,14,1,0,0,0.0,0.0,13,6,46.15,10,7,70.0,6,0,0.0,4,10,4,3,1,0,0,0.123,0.0,0.0,32.158,13.99,18.17,0.614,0.0,1.772,1.718,1.227,0.859,0.736,44.24,78.71,0.491,1.227,0.491,0.368,1.596,0.74,5.66,75.85,71.06,5.34,0.23,8.59,66.9,26.75,28.98,54.0,54.96,77.89,26.01,26.34,66.77,67.14,72.05,72.81,72.67,35.85,0,0,0,0,0,0,0.0,0.0,0.0,0.0,0.0,66.61,5,4,1,75.62,2,Match_300,2025-07-16T04:38:38.547090+00:00,[],0,1,0,0,262,114,148,76.52,5,0,3.88,4,10,7,6,0,4,10,4,3,13,6,32.92,
"Berciles, Earl",ST,600.04,64.57,23.94,62.57,44.2,66.83,starter,Ateneo de Manila University,66,0.0,0.0,0.0,0.0,68.31,72.18,0.0,0.0,0.0,0.0,0.0,0.0,0.0,38.42,49.12,0.0,0.0,0.0,0.0,0.0,67.72,40.63,59.51,65.26,64.17,78.65,41.55,3138,8.72,243,107,136,44.03,2,0.82,0,28.97,10,5,1,1,20.0,20.0,24,15,62.5,24,14,58.33,6,4,66.67,2,16,0,0,1,1,0,0.75,0.15,0.15,36.448,16.05,20.4,0.3,0.0,4.345,1.5,3.6,2.1,0.9,0.6,10.0,0.3,2.4,0.0,0.0,3.6,2.25,9.37,3.0,3.0,6.6,0.12,8.75,51.46,54.12,30.42,72.51,32.04,23.46,21.98,23.03,41.62,31.95,42.1,47.85,43.82,75.38,0,0,0,0,0,0,0.0,0.0,0.0,0.0,0.0,36.92,5,4,5,84.17,18,Match_27,2025-01-13T00:53:56.547090+00:00,[],0,5,1,1,243,107,136,24.93,2,0,0.7,4,24,14,6,4,2,16,0,0,24,15,34.27,
"Dela Cruz, Sam",RW,641.91,73.35,58.56,45.43,42.59,40.92,substitute,Lyceum,92,0.0,0.0,0.0,0.0,38.85,54.16,0.0,0.0,0.0,0.0,0.0,0.0,0.0,61.63,63.17,0.0,0.0,0.0,0.0,0.0,33.21,36.3,33.08,63.23,51.86,46.67,36.52,12677,32.91,613,148,465,24.14,2,0.33,0,10.79,18,4,4,0,100.0,0.0,16,3,18.75,4,0,0.0,10,6,60.0,3,8,2,2,2,1,0,0.561,0.561,0.0,85.947,20.75,65.2,0.28,0.0,1.513,2.524,0.561,0.0,1.402,0.84,8.41,0.421,1.122,0.28,0.28,2.243,0.42,2.63,14.02,37.98,3.38,0.05,57.86,35.12,48.0,60.63,69.46,43.83,26.14,50.69,59.74,70.6,42.45,58.84,56.54,37.91,26.49,0,0,0,0,0,0,0.0,0.0,0.0,0.0,0.0,32.41,4,0,3,50.22,14,Match_32,2025-05-17T03:45:55.548089+00:00,[],0,4,4,0,613,148,465,37.63,2,0,0.69,0,4,0,10,6,3,8,2,2,16,3,21.59,
"Pedimonte, Nhiboy",RWB,1204.57,68.82,30.87,25.86,27.68,35.52,substitute,Goldenfield Rovers,85,0.0,0.0,0.0,0.0,72.68,46.29,0.0,0.0,0.0,0.0,0.0,0.0,0.0,35.15,77.84,0.0,0.0,0.0,0.0,0.0,42.53,79.72,35.29,73.89,54.69,42.9,46.32,20402,28.23,66,45,21,68.18,2,3.03,0,26.55,2,9,6,1,66.67,11.11,13,7,53.85,72,19,26.39,32,7,21.88,4,13,10,1,2,4,0,0.672,0.448,0.075,4.931,3.36,1.57,0.149,0.0,1.984,0.149,5.38,1.42,2.391,0.52,1.63,0.299,0.971,0.747,0.075,0.971,0.52,4.02,4.98,0.83,5.09,0.23,1.97,68.5,65.78,30.98,60.78,40.14,25.36,41.32,64.65,38.43,67.29,39.88,35.63,37.64,71.07,0,0,0,0,0,0,0.0,0.0,0.0,0.0,0.0,59.4,1,1,1,56.98,19,Match_390,2025-03-17T16:14:05.548089+00:00,[],0,9,6,1,66,45,21,29.21,2,0,4.09,4,72,19,32,7,4,13,10,1,13,7,22.53,
"Apostol, Carlo",CF,1193.69,73.27,43.0,22.26,31.96,42.39,substitute,Metro FC,55,0.0,0.0,0.0,0.0,44.35,50.71,0.0,0.0,0.0,0.0,0.0,0.0,0.0,30.06,35.39,0.0,0.0,0.0,0.0,0.0,45.08,49.79,52.73,48.05,56.39,71.57,36.8,18451,25.76,635,635,0,100.0,10,1.57,1,12.91,0,26,19,0,73.08,0.0,12,12,100.0,17,3,17.65,29,29,100.0,5,30,27,2,1,1,0,1.96,1.433,0.0,47.877,47.88,47.19,0.754,0.075,0.973,0.0,1.282,0.226,2.186,2.19,7.54,0.377,2.262,2.036,0.151,0.905,0.9,7.54,5.51,61.69,7.54,0.12,1.33,20.84,39.33,69.99,31.43,60.6,57.6,34.93,61.61,40.66,27.74,43.01,55.32,30.02,69.43,0,0,0,0,0,0,0.0,0.0,0.0,0.0,0.0,67.96,1,4,2,30.64,11,Match_290,2025-01-28T04:58:22.549090+00:00,[],0,26,19,0,635,635,0,39.54,10,1,1.99,2,17,3,29,29,5,30,27,2,12,12,22.58,
"Nemenzo, Sirach Ethan",CB,628.87,56.52,38.07,59.7,59.75,36.2,starter,Crown City FC,88,0.0,0.0,0.0,0.0,43.35,62.1,0.0,0.0,0.0,0.0,0.0,0.0,0.0,60.68,68.7,0.0,0.0,0.0,0.0,0.0,31.07,30.57,62.29,50.19,52.97,37.02,78.42,5026,13.32,231,190,41,82.25,2,0.87,0,28.26,9,8,1,0,12.5,0.0,7,3,42.86,30,8,26.67,12,8,66.67,8,7,8,2,1,2,0,1.145,0.143,0.0,33.059,27.19,5.87,0.286,0.0,4.044,1.288,4.293,1.145,1.717,1.14,9.54,1.145,1.002,1.145,0.286,1.002,0.43,6.13,1.79,43.73,11.77,0.12,3.82,56.34,28.23,69.84,26.29,63.13,27.06,26.84,26.38,31.92,31.98,35.78,51.39,32.1,62.21,0,0,0,0,0,0,0.0,0.0,0.0,0.0,0.0,45.13,3,2,2,24.94,7,Match_24,2025-11-06T19:48:06.550089+00:00,[],0,8,1,0,231,190,41,27.88,2,0,0.86,5,30,8,12,8,8,7,8,2,7,3,60.55,
"Libarnes, Jaro",CF,950.82,58.17,30.23,41.45,46.26,57.31,substitute,San Beda University,18,0.0,0.0,0.0,0.0,73.73,78.2,0.0,0.0,0.0,0.0,0.0,0.0,0.0,63.39,75.76,0.0,0.0,0.0,0.0,0.0,57.84,76.1,32.14,79.47,69.27,65.15,39.15,8221,14.41,804,804,0,100.0,21,2.61,0,8.71,15,17,11,2,64.71,11.76,1,1,100.0,21,15,71.43,11,4,36.36,1,0,3,0,3,2,0,1.609,1.041,0.189,76.103,76.1,37.74,1.988,0.0,0.824,1.42,1.988,1.42,1.041,0.38,3.44,0.095,0.0,0.284,0.0,0.095,0.09,9.47,6.13,1.11,9.47,0.25,6.76,72.71,25.58,68.9,30.97,44.05,77.74,36.31,43.14,71.04,67.99,58.93,67.81,26.78,61.77,0,0,0,0,0,0,0.0,0.0,0.0,0.0,0.0,71.35,4,3,6,68.96,15,Match_105,2025-03-15T05:44:08.550089+00:00,[],0,17,11,2,804,804,0,38.21,21,0,3.97,4,21,15,11,4,1,0,3,0,1,1,48.09,
"Nemenzo, Sirach Ethan",LB,1107.35,27.73,58.6,29.42,70.93,71.11,substitute,Highland Wanderers,79,0.0,0.0,0.0,0.0,62.37,57.36,0.0,0.0,0.0,0.0,0.0,0.0,0.0,51.68,69.84,0.0,0.0,0.0,0.0,0.0,70.28,78.82,31.55,30.69,40.11,53.05,63.62,8395,12.64,490,71,419,14.49,9,1.84,2,18.49,27,16,2,1,12.5,6.25,15,15,100.0,66,40,60.61,19,10,52.63,2,10,5,1,1,1,0,1.3,0.163,0.081,39.825,5.77,34.05,0.731,0.163,1.503,2.194,5.364,3.251,1.544,0.81,4.28,0.163,0.813,0.406,0.081,1.219,1.22,8.13,1.02,0.51,1.18,0.15,4.93,72.16,24.49,49.5,34.45,78.21,23.02,33.36,58.6,44.2,34.1,47.55,68.08,46.89,71.4,0,0,0,0,0,0,0.0,0.0,0.0,0.0,0.0,67.32,3,3,3,26.18,12,Match_255,2025-11-22T07:17:12.551090+00:00,[],0,16,2,1,490,71,419,32.69,9,2,2.68,3,66,40,19,10,2,10,5,1,15,15,31.13,
"Alcantara, Paolo",CB,1295.13,32.02,63.01,63.29,26.42,56.65,starter,University of Santo Tomas,64,0.0,0.0,0.0,0.0,75.32,73.8,0.0,0.0,0.0,0.0,0.0,0.0,0.0,59.8,79.97,0.0,0.0,0.0,0.0,0.0,34.12,74.85,35.3,78.52,38.77,73.56,62.4,20282,26.1,749,172,577,22.96,13,1.74,4,25.81,42,6,3,0,50.0,0.0,2,2,100.0,72,7,9.72,9,9,100.0,4,20,6,4,1,1,0,0.417,0.208,0.0,52.049,11.95,40.1,0.903,0.278,1.794,2.919,5.003,0.486,0.625,0.63,6.95,0.278,1.39,0.417,0.278,0.139,0.14,6.95,3.47,67.51,1.6,0.12,0.68,31.25,75.81,43.57,47.42,66.89,63.01,26.47,44.87,75.6,70.25,55.33,66.33,47.03,59.51,0,0,0,0,0,0,0.0,0.0,0.0,0.0,0.0,33.87,3,4,4,44.73,15,Match_227,2025-05-10T12:22:54.551606+00:00,[],0,6,3,0,749,172,577,26.21,13,4,1.97,4,72,7,9,9,4,20,6,4,2,2,71.51,
"Tabay, Albin",ST,939.05,61.84,53.21,33.04,32.58,62.86,starter,2 Worlds FC,92,0.0,0.0,0.0,0.0,77.12,47.09,0.0,0.0,0.0,0.0,0.0,0.0,0.0,41.57,38.38,0.0,0.0,0.0,0.0,0.0,76.23,67.7,38.25,65.54,52.62,34.97,45.28,14574,25.87,166,0,166,0.0,2,1.2,0,14.98,9,27,9,2,33.33,7.41,26,5,19.23,14,12,85.71,17,7,41.18,6,5,4,0,2,0,0,2.588,0.863,0.192,15.91,44.13,15.91,0.192,0.0,1.436,0.863,1.342,1.15,1.629,0.67,3.95,0.575,0.479,0.383,0.0,2.492,0.48,1.84,3.19,0.71,79.29,0.12,8.21,61.2,75.27,27.96,62.62,78.51,30.67,52.55,58.21,62.62,65.65,53.74,54.97,76.56,62.61,0,0,0,0,0,0,0.0,0.0,0.0,0.0,0.0,49.61,1,1,3,28.72,9,Match_327,2025-05-12T13:03:43.552622+00:00,[],0,27,9,2,166,0,166,59.53,2,0,0.17,2,14,12,17,7,6,5,4,0,26,5,70.1,
"Nemenzo, Sirach Ethan",CDM,1092.2,40.63,53.13,20.78,35.08,57.23,starter,Summit Peak FC,88,0.0,0.0,0.0,0.0,60.07,50.4,0.0,0.0,0.0,0.0,0.0,0.0,0.0,79.9,33.05,0.0,0.0,0.0,0.0,0.0,55.07,60.29,65.64,66.77,64.55,37.24,62.61,9143,13.95,741,261,480,35.22,12,1.62,1,19.18,30,19,3,2,15.79,10.53,20,5,25.0,20,6,30.0,6,3,50.0,5,17,11,1,3,2,0,1.566,0.247,0.165,61.06,21.51,39.55,0.989,0.082,1.58,2.472,1.648,0.494,0.494,0.25,4.12,0.412,1.401,0.906,0.082,1.648,0.41,2.06,1.3,0.87,2.9,0.13,2.47,66.86,72.21,69.8,74.69,62.28,58.86,65.31,52.8,56.2,66.57,77.86,37.65,30.65,60.96,0,0,0,0,0,0,0.0,0.0,0.0,0.0,0.0,38.44,1,0,5,43.58,4,Match_273,2025-06-19T06:02:24.552622+00:00,[],0,19,3,2,741,261,480,79.01,12,1,2.97,3,20,6,6,3,5,17,11,1,20,5,29.33,
"Bacnis, Hugo",CF,691.07,25.44,60.14,46.74,74.27,56.82,starter,Harborview United,84,0.0,0.0,0.0,0.0,77.12,69.45,0.0,0.0,0.0,0.0,0.0,0.0,0.0,52.61,41.95,0.0,0.0,0.0,0.0,0.0,39.44,40.06,32.78,50.32,68.79,64.09,63.91,4359,10.51,152,152,0,100.0,4,2.63,0,28.65,10,32,14,4,43.75,12.5,8,1,12.5,20,0,0.0,2,1,50.0,2,5,7,1,1,1,0,4.167,1.823,0.521,19.795,19.8,38.73,0.521,0.0,3.731,1.302,2.605,0.0,0.26,0.13,6.51,0.26,0.651,0.912,0.13,1.042,0.13,1.63,5.7,1.63,13.02,0.34,79.03,57.27,77.53,60.95,39.26,74.96,76.7,43.15,52.41,36.97,74.68,69.33,42.5,68.17,46.73,0,0,0,0,0,0,0.0,0.0,0.0,0.0,0.0,31.29,2,1,7,85.83,6,Match_305,2025-06-29T07:22:28.553628+00:00,[],0,32,14,4,152,152,0,89.0,4,0,3.45,3,20,0,2,1,2,5,7,1,8,1,34.93,
"Nemenzo, Sirach Ethan",CM,592.75,25.84,60.4,52.09,58.49,57.1,substitute,Riverside FC,41,0.0,0.0,0.0,0.0,66.08,78.88,0.0,0.0,0.0,0.0,0.0,0.0,0.0,52.08,55.26,0.0,0.0,0.0,0.0,0.0,71.89,51.44,39.87,59.36,70.61,31.71,36.24,3195,8.98,252,43,209,17.06,8,3.17,1,21.61,18,3,0,0,0.0,0.0,4,2,50.0,5,3,60.0,8,1,12.5,3,6,5,0,1,3,0,0.456,0.0,0.0,38.262,6.53,31.73,1.215,0.152,3.281,2.733,0.759,0.456,1.215,0.15,1.9,0.456,0.911,0.759,0.0,0.607,0.3,7.59,31.56,68.17,2.59,0.48,9.11,65.36,55.14,62.05,24.36,75.68,26.37,67.21,38.08,25.19,65.92,46.26,43.71,59.64,48.44,0,0,0,0,0,0,0.0,0.0,0.0,0.0,0.0,33.69,4,4,5,83.68,14,Match_77,2024-12-12T11:00:28.553628+00:00,[],0,3,0,0,252,43,209,35.57,8,1,3.8,3,5,3,8,1,3,6,5,0,4,2,53.62,
"Garcia, Hugo",LW,702.82,61.28,49.23,39.85,27.69,59.33,starter,University of the Philippines,26,0.0,0.0,0.0,0.0,75.78,49.66,0.0,0.0,0.0,0.0,0.0,0.0,0.0,49.62,55.95,0.0,0.0,0.0,0.0,0.0,61.81,54.19,44.73,53.49,60.2,67.69,67.6,15163,35.96,230,230,0,100.0,1,0.43,0,23.06,13,11,4,0,36.36,0.0,12,1,8.33,17,4,23.53,10,5,50.0,3,12,5,1,1,2,0,1.409,0.512,0.0,29.453,29.45,54.83,0.128,0.0,2.953,1.665,2.177,0.512,1.281,0.64,6.4,0.384,1.537,0.64,0.128,1.537,0.13,1.07,4.66,38.31,12.81,0.06,3.01,26.0,57.17,74.01,39.07,47.04,56.98,38.34,55.05,53.93,41.87,38.98,45.7,20.29,34.77,0,0,0,0,0,0,0.0,0.0,0.0,0.0,0.0,74.07,1,5,3,65.86,1,Match_382,2025-03-12T13:12:47.554621+00:00,[],0,11,4,0,230,230,0,58.42,1,0,4.71,5,17,4,10,5,3,12,5,1,12,1,26.38,
"Tabelin, Kirvy",RB,724.18,54.48,71.43,28.03,50.07,25.43,starter,Riverstone FC,99,0.0,0.0,0.0,0.0,63.48,40.27,0.0,0.0,0.0,0.0,0.0,0.0,0.0,30.65,72.38,0.0,0.0,0.0,0.0,0.0,57.65,54.79,37.98,73.82,49.22,44.14,47.75,7123,16.39,499,366,133,73.35,5,1.0,1,21.38,28,1,0,0,0.0,0.0,11,11,100.0,54,15,27.78,11,2,18.18,2,5,9,1,1,1,0,0.124,0.0,0.0,62.015,45.49,16.53,0.621,0.124,2.657,3.48,6.711,1.864,1.367,0.25,2.26,0.249,0.621,1.119,0.124,1.367,1.37,12.43,71.66,59.01,9.12,0.12,3.45,41.83,20.64,34.33,77.84,78.91,61.05,65.43,28.42,29.55,53.98,53.95,72.33,28.77,63.92,0,0,0,0,0,0,0.0,0.0,0.0,0.0,0.0,33.21,3,1,3,64.89,17,Match_162,2025-09-27T13:12:49.555621+00:00,[],0,1,0,0,499,366,133,54.24,5,1,3.42,2,54,15,11,2,2,5,9,1,11,11,64.88,
"Fernandez, Miguel",CF,1350.0,50.09,28.34,29.94,24.63,58.61,starter,Southgate United,1,0.0,0.0,0.0,0.0,44.11,65.59,0.0,0.0,0.0,0.0,0.0,0.0,0.0,60.46,31.6,0.0,0.0,0.0,0.0,0.0,54.83,65.3,77.75,41.0,78.23,78.14,48.2,14551,17.96,868,868,0,100.0,27,3.11,5,5.45,41,37,22,2,59.46,5.41,11,1,9.09,26,0,0.0,31,31,100.0,1,8,13,0,2,4,0,2.467,1.467,0.133,57.867,57.87,37.92,1.8,0.333,0.363,2.733,1.733,0.0,2.067,2.07,6.67,0.067,0.533,0.867,0.0,0.733,0.07,0.61,3.96,0.36,6.67,0.21,40.62,32.69,31.21,41.73,63.04,27.1,33.82,68.67,63.22,48.89,48.73,32.64,29.67,70.0,21.35,0,0,0,0,0,0,0.0,0.0,0.0,0.0,0.0,37.61,2,5,3,35.7,16,Match_97,2025-02-10T08:36:17.555621+00:00,[],0,37,22,2,868,868,0,70.96,27,5,2.05,3,26,0,31,31,1,8,13,0,11,1,73.37,
"Asignar, Josh Rupert",CDM,809.86,59.22,69.59,56.33,30.65,74.1,starter,Hillcrest Athletic,65,0.0,0.0,0.0,0.0,76.31,59.27,0.0,0.0,0.0,0.0,0.0,0.0,0.0,30.32,67.32,0.0,0.0,0.0,0.0,0.0,57.28,77.23,66.45,63.01,75.85,50.94,66.78,8290,17.06,570,179,391,31.4,16,2.81,2,23.99,10,18,3,1,16.67,5.56,6,6,100.0,28,6,21.43,12,7,58.33,3,4,5,1,1,1,0,2.0,0.333,0.111,63.344,19.89,43.45,1.778,0.222,2.666,1.111,3.112,0.667,1.334,0.78,6.48,0.333,0.445,0.556,0.111,0.667,0.67,11.11,1.85,0.62,3.49,0.31,2.38,55.99,72.67,51.89,65.14,25.59,59.56,74.12,52.36,20.07,76.26,60.71,45.89,45.24,72.49,0,0,0,0,0,0,0.0,0.0,0.0,0.0,0.0,64.31,5,1,3,89.81,17,Match_272,2025-10-10T17:42:27.556621+00:00,[],0,18,3,1,570,179,391,36.25,16,2,3.46,3,28,6,12,7,3,4,5,1,6,6,63.05,
"Unabia, Mark",CAM,658.43,38.78,60.84,65.3,44.79,67.03,starter,City United,79,0.0,0.0,0.0,0.0,30.37,48.81,0.0,0.0,0.0,0.0,0.0,0.0,0.0,65.79,43.35,0.0,0.0,0.0,0.0,0.0,50.5,66.02,51.72,60.92,77.11,59.75,78.58,4205,10.64,444,219,225,49.32,13,2.93,1,8.18,3,8,3,2,37.5,25.0,10,7,70.0,15,0,0.0,21,7,33.33,0,2,3,1,1,1,0,1.094,0.41,0.273,60.69,29.93,30.75,1.777,0.137,1.118,0.41,2.05,0.0,2.87,0.96,4.56,0.0,0.273,0.41,0.137,1.367,0.96,9.57,5.13,3.42,6.74,0.4,79.61,48.95,42.21,53.29,35.23,38.4,40.66,62.33,64.15,71.3,59.56,64.87,46.8,61.96,29.71,0,0,0,0,0,0,0.0,0.0,0.0,0.0,0.0,68.11,6,2,2,22.52,13,Match_312,2025-10-01T14:09:49.557621+00:00,[],0,8,3,2,444,219,225,85.45,13,1,2.16,3,15,0,21,7,0,2,3,1,10,7,43.7,
"Digal, Diegocarl",RB,900.4,42.66,43.71,55.16,51.06,64.22,starter,Mapúa University,52,0.0,0.0,0.0,0.0,63.2,68.94,0.0,0.0,0.0,0.0,0.0,0.0,0.0,56.0,37.01,0.0,0.0,0.0,0.0,0.0,30.04,57.6,77.33,41.46,73.27,43.19,70.51,10829,20.04,547,457,90,83.55,6,1.1,3,24.88,46,8,1,0,12.5,0.0,1,0,0.0,57,8,14.04,17,10,58.82,7,18,13,1,2,2,0,0.8,0.1,0.0,54.676,45.68,9.0,0.6,0.3,2.487,4.598,5.697,0.8,1.699,1.0,5.88,0.7,1.799,1.299,0.1,0.1,75.42,59.55,1.25,79.18,8.35,0.11,1.4,24.12,25.41,37.07,69.79,74.9,40.89,77.8,36.59,56.38,31.67,75.78,54.49,35.67,44.43,0,0,0,0,0,0,0.0,0.0,0.0,0.0,0.0,53.09,2,1,3,64.03,19,Match_342,2025-11-14T21:39:43.557621+00:00,[],0,8,1,0,547,457,90,44.61,6,3,2.87,3,57,8,17,10,7,18,13,1,1,0,25.1,
"Unabia, Mark",LWB,841.44,52.73,30.71,38.83,33.11,54.42,substitute,2 Worlds FC,10,0.0,0.0,0.0,0.0,77.28,52.76,0.0,0.0,0.0,0.0,0.0,0.0,0.0,48.87,36.53,0.0,0.0,0.0,0.0,0.0,35.45,70.94,71.89,73.08,78.13,38.97,40.25,7836,15.52,778,778,0,100.0,13,1.67,2,26.28,63,7,3,1,42.86,14.29,9,2,22.22,9,7,77.78,19,10,52.63,4,14,11,1,3,1,0,0.749,0.321,0.107,83.214,83.21,37.5,1.39,0.214,2.811,6.738,0.963,0.749,2.032,1.07,5.63,0.428,1.497,1.177,0.107,0.963,0.21,2.38,4.58,1.53,10.7,0.18,8.32,30.97,64.77,75.82,31.41,64.23,34.09,34.52,35.92,33.75,70.1,70.18,41.36,66.74,27.19,0,0,0,0,0,0,0.0,0.0,0.0,0.0,0.0,50.49,3,1,5,26.8,18,Match_96,2025-04-13T17:33:16.558621+00:00,[],0,7,3,1,778,778,0,59.66,13,2,1.82,6,9,7,19,10,4,14,11,1,9,2,54.23,
"Legara, Ezralph",RW,929.78,38.14,36.16,77.51,40.59,31.03,substitute,University of Santo Tomas,71,0.0,0.0,0.0,0.0,67.86,67.1,0.0,0.0,0.0,0.0,0.0,0.0,0.0,59.88,65.78,0.0,0.0,0.0,0.0,0.0,68.08,64.01,34.05,35.74,66.76,54.17,44.42,12822,22.98,469,368,101,78.46,3,0.64,0,4.25,14,30,6,1,20.0,3.33,11,7,63.64,16,11,68.75,15,11,73.33,3,14,4,0,3,1,0,2.904,0.581,0.097,45.398,35.62,9.78,0.29,0.0,0.411,1.355,1.549,1.065,1.452,1.06,7.1,0.29,1.355,0.387,0.0,1.065,0.68,6.16,1.94,0.32,7.59,0.06,6.65,45.44,45.15,65.13,41.9,44.04,47.04,54.28,78.76,61.16,68.85,63.25,68.25,53.32,71.38,0,0,0,0,0,0,0.0,0.0,0.0,0.0,0.0,68.14,4,5,2,49.79,13,Match_26,2025-02-20T08:16:53.558621+00:00,[],0,30,6,1,469,368,101,55.96,3,0,3.61,2,16,11,15,11,3,14,4,0,11,7,62.04,
"Pormento, Edzon",LW,223.69,50.52,66.48,46.82,24.7,56.82,starter,2 Worlds FC,87,0.0,0.0,0.0,0.0,56.67,56.02,0.0,0.0,0.0,0.0,0.0,0.0,0.0,33.46,50.13,0.0,0.0,0.0,0.0,0.0,44.67,64.78,47.44,41.76,70.96,54.48,73.24,776,5.78,54,24,30,44.44,2,3.7,0,28.41,1,6,0,0,0.0,0.0,5,3,60.0,8,2,25.0,2,2,100.0,1,6,3,0,0,1,0,2.414,0.0,0.0,21.726,9.66,12.07,0.805,0.0,11.431,0.402,3.219,0.805,0.805,0.8,40.23,0.402,2.414,1.207,0.0,2.012,1.21,24.14,71.59,71.55,17.88,1.49,10.06,47.83,77.4,72.1,58.43,75.71,45.31,56.74,44.29,74.42,24.75,40.62,38.81,59.18,62.63,0,0,0,0,0,0,0.0,0.0,0.0,0.0,0.0,61.16,5,3,5,20.45,2,Match_337,2025-08-21T23:16:16.559621+00:00,[],0,6,0,0,54,24,30,37.72,2,0,0.32,3,8,2,2,2,1,6,3,0,5,3,50.87,
"Aningalan, Edvard",LWB,903.34,66.93,21.71,59.81,71.62,39.51,substitute,Far Eastern University,68,0.0,0.0,0.0,0.0,57.28,76.29,0.0,0.0,0.0,0.0,0.0,0.0,0.0,41.16,43.17,0.0,0.0,0.0,0.0,0.0,65.46,39.27,78.21,69.65,59.21,69.84,48.52,14810,27.32,786,786,0,100.0,1,0.13,0,15.49,23,8,3,0,37.5,0.0,10,2,20.0,55,44,80.0,22,17,77.27,4,13,10,2,2,1,0,0.797,0.299,0.0,78.309,78.31,33.02,0.1,0.0,1.543,2.291,5.48,4.384,2.192,1.69,7.7,0.399,1.295,0.996,0.199,0.996,0.2,1.99,3.74,47.89,9.96,0.01,7.97,48.57,78.5,52.44,36.34,46.69,78.17,61.86,30.62,55.86,57.86,58.15,53.84,51.41,58.37,0,0,0,0,0,0,0.0,0.0,0.0,0.0,0.0,39.61,1,2,5,89.26,8,Match_201,2025-06-22T15:16:22.560621+00:00,[],0,8,3,0,786,786,0,59.08,1,0,1.08,4,55,44,22,17,4,13,10,2,10,2,36.85,
"Nemenzo, Sirach Ethan",LWB,878.67,65.38,61.08,37.08,64.58,68.53,starter,Harborview United,79,0.0,0.0,0.0,0.0,59.4,34.98,0.0,0.0,0.0,0.0,0.0,0.0,0.0,69.49,42.84,0.0,0.0,0.0,0.0,0.0,70.15,59.9,71.47,73.3,63.1,46.99,32.02,2165,4.11,830,830,0,100.0,14,1.69,1,7.92,16,11,6,1,54.55,9.09,8,7,87.5,1,0,0.0,8,8,100.0,1,15,5,1,1,1,0,1.127,0.615,0.102,85.015,85.01,31.85,1.434,0.102,0.811,1.639,0.102,0.0,0.819,0.82,10.24,0.102,1.536,0.512,0.102,0.819,0.72,8.96,5.59,0.93,10.24,0.17,38.74,44.77,71.21,30.94,37.38,58.21,57.06,36.33,57.37,31.27,21.16,22.98,52.1,31.16,26.14,0,0,0,0,0,0,0.0,0.0,0.0,0.0,0.0,38.29,3,1,5,27.7,2,Match_356,2025-09-11T15:49:22.560621+00:00,[],0,11,6,1,830,830,0,41.89,14,1,2.97,3,1,0,8,8,1,15,5,1,8,7,80.9,
"Libarnes, Jaro",CAM,631.96,44.46,77.67,76.17,29.52,63.69,substitute,Adamson University,61,0.0,0.0,0.0,0.0,56.4,66.72,0.0,0.0,0.0,0.0,0.0,0.0,0.0,36.14,46.59,0.0,0.0,0.0,0.0,0.0,73.6,48.14,63.25,35.08,70.49,73.35,56.68,1632,4.3,256,256,0,100.0,4,1.56,0,21.96,9,6,1,0,16.67,0.0,13,11,84.62,13,5,38.46,11,5,45.45,2,9,1,1,1,2,0,0.854,0.142,0.0,36.458,36.46,74.88,0.57,0.0,3.127,1.282,1.851,0.712,1.567,0.71,6.47,0.285,1.282,0.142,0.142,1.851,1.57,12.05,2.37,42.73,14.24,0.22,5.48,64.68,52.97,27.33,48.87,37.93,41.63,23.13,60.0,78.4,34.16,46.05,20.9,67.66,55.08,0,0,0,0,0,0,0.0,0.0,0.0,0.0,0.0,48.47,2,1,5,73.63,17,Match_299,2025-08-25T16:24:04.561621+00:00,[],0,6,1,0,256,256,0,40.66,4,0,3.01,5,13,5,11,5,2,9,1,1,13,11,40.63,
"Lagaya, Rick Matthew",RWB,620.24,41.18,48.1,72.06,55.92,71.63,starter,Highland Wanderers,45,0.0,0.0,0.0,0.0,51.77,53.31,0.0,0.0,0.0,0.0,0.0,0.0,0.0,53.52,57.46,0.0,0.0,0.0,0.0,0.0,31.72,58.68,77.73,30.82,40.61,75.41,50.07,1277,3.43,309,309,0,100.0,7,2.27,0,23.91,15,10,3,2,30.0,20.0,11,7,63.64,28,18,64.29,16,5,31.25,3,4,2,0,2,1,0,1.451,0.435,0.29,44.837,44.84,49.27,1.016,0.0,3.469,2.177,4.063,2.612,2.322,0.73,4.53,0.435,0.58,0.29,0.0,1.596,1.02,9.23,4.35,2.9,14.51,0.33,9.33,29.62,51.87,46.96,69.17,52.5,47.24,66.56,50.36,64.02,72.98,57.18,41.84,57.21,39.24,0,0,0,0,0,0,0.0,0.0,0.0,0.0,0.0,40.28,4,7,4,34.28,14,Match_124,2025-01-24T11:36:32.562621+00:00,[],0,10,3,2,309,309,0,32.96,7,0,3.57,3,28,18,16,5,3,4,2,0,11,7,64.94,
"Perez, Miguel",CB,550.33,66.1,67.65,23.5,57.02,51.74,starter,Redwood Borough,54,0.0,0.0,0.0,0.0,58.36,33.04,0.0,0.0,0.0,0.0,0.0,0.0,0.0,60.83,41.42,0.0,0.0,0.0,0.0,0.0,71.03,39.82,59.04,54.96,36.53,40.81,61.41,6986,21.16,287,13,274,4.53,1,0.35,0,22.27,7,5,2,0,40.0,0.0,1,0,0.0,19,7,36.84,16,3,18.75,3,10,2,0,1,2,0,0.818,0.327,0.0,46.935,2.13,44.81,0.164,0.0,3.642,1.145,3.107,1.145,2.617,0.49,3.07,0.491,1.635,0.327,0.0,0.164,71.97,42.27,6.54,55.2,0.74,0.06,6.02,64.06,70.07,24.68,32.95,51.17,26.07,33.86,43.12,31.59,59.41,54.2,76.85,53.51,53.49,0,0,0,0,0,0,0.0,0.0,0.0,0.0,0.0,44.64,2,4,4,24.21,4,Match_182,2025-11-12T01:31:06.562621+00:00,[],0,5,2,0,287,13,274,82.22,1,0,0.9,3,19,7,16,3,3,10,2,0,1,0,69.06,
"Legara, Ezralph",CM,662.07,25.82,28.11,73.42,20.39,79.06,substitute,Lyceum,77,0.0,0.0,0.0,0.0,52.19,57.71,0.0,0.0,0.0,0.0,0.0,0.0,0.0,56.32,47.35,0.0,0.0,0.0,0.0,0.0,41.78,33.65,46.33,46.26,59.08,79.98,56.43,8066,20.31,468,468,0,100.0,6,1.28,2,18.8,20,10,5,0,50.0,0.0,5,1,20.0,11,3,27.27,12,1,8.33,6,2,6,0,2,0,0,1.359,0.68,0.0,63.619,63.62,56.93,0.816,0.272,2.556,2.719,1.495,0.408,1.631,0.14,1.13,0.816,0.272,0.816,0.0,0.68,0.14,2.72,6.8,75.61,13.59,0.17,3.71,32.89,38.89,66.29,76.6,69.34,75.15,50.68,54.24,54.3,25.66,47.62,29.37,35.9,73.38,0,0,0,0,0,0,0.0,0.0,0.0,0.0,0.0,37.09,5,2,3,42.9,17,Match_112,2025-08-15T15:40:19.563621+00:00,[],0,10,5,0,468,468,0,68.08,6,2,3.49,6,11,3,12,1,6,2,6,0,5,1,65.06,
"Ladines, Marvin",LB,720.47,74.87,78.26,65.17,54.52,25.4,starter,Westwood Athletic,94,0.0,0.0,0.0,0.0,63.59,64.5,0.0,0.0,0.0,0.0,0.0,0.0,0.0,64.44,78.42,0.0,0.0,0.0,0.0,0.0,35.08,55.14,46.08,51.39,76.11,56.74,66.41,10156,23.49,758,717,41,94.59,4,0.53,0,10.3,28,14,1,2,7.14,14.29,5,2,40.0,48,15,31.25,4,4,100.0,1,2,5,0,2,2,0,1.749,0.125,0.25,94.688,89.57,5.12,0.5,0.0,1.287,3.498,5.996,1.874,0.5,0.5,12.49,0.125,0.25,0.625,0.0,0.625,0.25,5.0,0.89,1.79,11.82,0.07,3.9,45.92,67.18,28.88,40.17,48.55,64.72,52.89,35.75,43.91,46.07,61.87,65.72,48.86,31.89,0,0,0,0,0,0,0.0,0.0,0.0,0.0,0.0,75.86,4,4,1,51.98,9,Match_48,2025-03-19T08:18:25.563621+00:00,[],0,14,1,2,758,717,41,62.6,4,0,2.87,1,48,15,4,4,1,2,5,0,5,2,59.71,
"Lood, Trevor",GK,650.27,41.59,64.4,32.71,52.79,65.02,starter,Coastal Town,3,0.0,0.0,0.0,0.0,52.36,66.28,0.0,0.0,0.0,0.0,0.0,0.0,0.0,66.85,75.64,0.0,0.0,0.0,0.0,0.0,74.82,73.47,74.51,51.27,50.97,38.56,43.75,1969,5.05,285,197,88,69.12,3,1.05,0,27.73,3,7,1,1,14.29,14.29,4,1,25.0,19,3,15.79,7,7,100.0,2,16,5,1,1,1,0,0.969,0.138,0.138,39.445,27.27,12.18,0.415,0.0,3.838,0.415,2.63,0.415,0.969,0.97,13.84,0.277,2.214,0.692,0.138,0.554,0.14,3.46,1.98,1.98,9.57,0.15,2.19,52.93,57.38,79.54,61.7,60.1,42.6,74.36,51.61,35.33,23.61,32.04,61.79,36.28,47.9,20,20,0,100.0,20,0,2.768,0.0,2.768,2.768,0.0,13.84,5,5,3,29.12,1,Match_82,2025-01-11T12:23:58.564623+00:00,[],0,7,1,1,285,197,88,86.55,3,0,1.48,4,19,3,7,7,2,16,5,1,4,1,76.88,
"Garcia, Sam",LWB,1208.78,44.11,77.64,56.75,57.53,33.65,substitute,De La Salle University,94,0.0,0.0,0.0,0.0,67.01,60.81,0.0,0.0,0.0,0.0,0.0,0.0,0.0,58.07,50.6,0.0,0.0,0.0,0.0,0.0,52.57,47.25,64.57,35.55,74.41,42.39,62.06,10774,14.86,1418,1418,0,100.0,34,2.4,4,28.26,81,11,1,1,9.09,9.09,1,1,100.0,70,10,14.29,15,14,93.33,6,19,2,1,3,2,0,0.819,0.074,0.074,105.578,100.0,30.26,2.531,0.298,2.104,6.031,5.212,0.745,1.117,1.04,6.95,0.447,1.415,0.149,0.074,0.074,0.07,7.45,0.68,0.68,7.45,0.18,1.06,34.42,29.16,78.23,74.58,39.76,52.53,32.41,28.31,52.48,68.01,71.76,38.54,62.31,51.43,0,0,0,0,0,0,0.0,0.0,0.0,0.0,0.0,56.7,5,5,3,25.92,6,Match_370,2025-08-23T02:52:34.565621+00:00,[],0,11,1,1,1418,1418,0,68.87,34,4,1.08,4,70,10,15,14,6,19,2,1,1,1,21.86,
"Soria, Stephen",LB,1080.42,60.6,42.44,71.13,49.49,28.25,starter,Southgate United,61,0.0,0.0,0.0,0.0,41.98,52.5,0.0,0.0,0.0,0.0,0.0,0.0,0.0,41.43,40.78,0.0,0.0,0.0,0.0,0.0,76.74,59.11,34.33,55.92,31.53,60.96,37.39,8460,13.05,469,370,99,78.89,12,2.56,3,13.89,23,9,4,0,44.44,0.0,0,0,60.83,1,1,100.0,24,9,37.5,4,5,2,1,3,2,0,0.75,0.333,0.0,39.068,30.82,8.25,1.0,0.25,1.157,1.916,0.083,0.083,1.999,0.75,3.12,0.333,0.417,0.167,0.083,0.0,43.37,5.07,3.7,55.6,6.57,0.21,8.33,31.6,21.93,65.87,20.9,36.19,44.78,64.54,79.29,65.47,23.97,75.63,79.14,72.03,49.4,0,0,0,0,0,0,0.0,0.0,0.0,0.0,0.0,79.73,4,3,3,56.35,1,Match_238,2025-10-09T11:51:20.565621+00:00,[],0,9,4,0,469,370,99,24.39,12,3,2.53,2,1,1,24,9,4,5,2,1,0,0,84.47,
"Digal, Jul",CDM,745.58,48.18,58.77,25.43,50.04,30.79,substitute,Riverstone FC,19,0.0,0.0,0.0,0.0,79.42,69.66,0.0,0.0,0.0,0.0,0.0,0.0,0.0,44.83,30.25,0.0,0.0,0.0,0.0,0.0,77.38,68.25,61.69,42.9,41.91,68.87,41.53,1522,3.4,977,977,0,100.0,31,3.17,6,20.49,68,13,0,2,0.0,15.38,8,2,25.0,59,23,38.98,17,17,100.0,3,9,1,3,1,1,0,1.569,0.0,0.241,117.935,100.0,62.86,3.742,0.724,2.473,8.208,7.122,2.776,2.052,2.05,12.07,0.362,1.086,0.121,0.362,0.966,0.24,3.02,67.2,1.86,12.07,0.38,4.71,55.13,73.66,52.78,43.58,39.41,21.49,47.22,73.8,73.75,72.95,25.41,39.44,58.91,62.69,0,0,0,0,0,0,0.0,0.0,0.0,0.0,0.0,78.75,3,0,2,27.3,4,Match_133,2024-12-16T11:03:05.566627+00:00,[],0,13,0,2,977,977,0,66.61,31,6,2.02,3,59,23,17,17,3,9,1,3,8,2,69.74,
"Valdez, Alysa",CAM,1020.84,57.97,47.22,46.51,56.07,20.39,starter,Adamson University,76,0.0,0.0,0.0,0.0,36.93,46.05,0.0,0.0,0.0,0.0,0.0,0.0,0.0,63.05,31.07,0.0,0.0,0.0,0.0,0.0,72.23,71.55,69.55,69.35,56.86,52.12,41.56,13386,21.85,181,181,0,100.0,4,2.21,0,21.18,10,9,0,0,0.0,0.0,18,11,61.11,10,3,30.0,16,8,50.0,5,27,14,1,3,1,0,0.793,0.0,0.0,15.957,15.96,53.75,0.353,0.0,1.867,0.882,0.882,0.264,1.411,0.71,4.41,0.441,2.38,1.234,0.088,1.587,0.97,5.39,55.38,47.0,8.82,0.19,2.64,72.93,36.69,57.72,69.21,32.46,31.09,23.3,40.94,28.72,21.95,54.69,56.2,39.87,25.26,0,0,0,0,0,0,0.0,0.0,0.0,0.0,0.0,37.23,3,3,3,31.59,16,Match_353,2025-01-29T10:37:35.567621+00:00,[],0,9,0,0,181,181,0,59.21,4,0,3.93,4,10,3,16,8,5,27,14,1,18,11,82.02,
"Barro, Marco",CM,1065.8,39.36,56.53,38.99,51.52,79.7,substitute,Southgate United,91,0.0,0.0,0.0,0.0,49.21,58.51,0.0,0.0,0.0,0.0,0.0,0.0,0.0,58.83,79.88,0.0,0.0,0.0,0.0,0.0,44.79,68.31,52.55,31.52,33.75,37.53,31.72,20743,32.44,1003,995,8,99.2,18,1.79,1,20.58,64,18,4,2,22.22,11.11,15,8,53.33,17,5,29.41,4,2,50.0,3,23,4,0,1,1,0,1.52,0.338,0.169,84.697,84.02,0.68,1.52,0.084,1.738,5.404,1.436,0.422,0.338,0.17,4.22,0.253,1.942,0.338,0.0,1.267,0.68,4.5,1.88,0.94,8.38,0.15,2.48,41.23,27.78,53.76,51.18,57.91,49.55,30.79,56.56,62.52,78.76,20.09,21.44,57.53,27.08,0,0,0,0,0,0,0.0,0.0,0.0,0.0,0.0,59.11,2,2,0,62.97,11,Match_330,2025-03-10T06:56:30.567621+00:00,[],0,18,4,2,1003,995,8,68.47,18,1,0.01,5,17,5,4,2,3,23,4,0,15,8,52.96,
"Ebrada, Zraim Uichi",CM,954.78,39.97,63.5,38.93,52.15,32.5,substitute,Goldenfield Rovers,67,0.0,0.0,0.0,0.0,62.35,61.95,0.0,0.0,0.0,0.0,0.0,0.0,0.0,33.82,36.81,0.0,0.0,0.0,0.0,0.0,33.0,53.51,67.8,48.25,50.18,66.1,41.25,15210,26.55,255,26,229,10.2,5,1.96,1,14.76,6,11,2,2,18.18,18.18,14,12,85.71,5,2,40.0,14,6,42.86,1,24,2,2,1,2,0,1.037,0.189,0.189,24.037,2.45,21.59,0.471,0.094,1.391,0.566,0.471,0.189,1.32,0.57,4.04,0.094,2.262,0.189,0.189,1.32,1.13,8.08,1.71,1.71,0.96,0.18,3.77,61.13,67.97,73.28,41.22,78.18,36.83,21.87,79.02,57.59,70.54,54.26,43.37,55.71,71.88,0,0,0,0,0,0,0.0,0.0,0.0,0.0,0.0,45.14,3,1,0,34.56,2,Match_15,2025-08-24T02:54:25.568622+00:00,[],0,11,2,2,255,26,229,28.34,5,1,4.85,1,5,2,14,6,1,24,2,2,14,12,64.22,
"Aningalan, Jul",RWB,1197.31,68.59,40.0,73.35,26.19,65.97,DNP,Westwood Athletic,77,0.0,0.0,0.0,0.0,31.2,39.95,0.0,0.0,0.0,0.0,0.0,0.0,0.0,38.49,78.95,0.0,0.0,0.0,0.0,0.0,51.3,41.44,51.38,33.46,52.71,35.31,78.2,4017,5.59,547,128,419,23.4,8,1.46,1,24.9,51,10,2,1,20.0,10.0,10,10,100.0,73,56,76.71,23,0,0.0,4,8,7,2,3,4,0,0.752,0.15,0.075,41.117,9.62,31.5,0.601,0.075,1.872,3.834,5.487,4.209,1.729,38.47,47.43,0.301,0.601,0.526,0.15,0.752,0.75,7.52,1.5,0.75,1.76,0.11,5.77,64.73,21.35,65.51,58.33,32.59,32.03,37.19,51.94,66.37,60.27,36.36,29.45,26.87,77.5,0,0,0,0,0,0,0.0,0.0,0.0,0.0,0.0,69.88,1,3,3,54.69,10,Match_82,2025-02-07T08:10:11.568622+00:00,[],0,10,2,1,547,128,419,76.44,8,1,4.13,3,73,56,23,0,4,8,7,2,10,10,72.42,
"Digal, Harvy",CB,1116.0,59.22,62.61,47.92,33.9,33.43,starter,Lakeside Athletic,40,0.0,0.0,0.0,0.0,48.27,45.87,0.0,0.0,0.0,0.0,0.0,0.0,0.0,30.96,48.27,0.0,0.0,0.0,0.0,0.0,76.92,49.26,63.5,77.33,61.74,75.47,46.2,12762,19.06,0,0,0,79.43,0,4.09,0,24.72,0,11,5,1,45.45,9.09,13,2,15.38,28,19,67.86,5,1,20.0,5,6,10,2,4,3,0,0.887,0.403,0.081,0.0,64.97,57.45,0.0,0.0,1.994,0.0,2.258,1.532,0.403,0.08,1.61,0.403,0.484,0.806,0.161,1.048,0.16,1.24,3.67,0.73,5.05,0.33,5.47,71.67,57.02,74.77,43.52,61.98,59.91,67.33,72.94,47.2,21.82,48.52,41.09,47.67,30.25,0,0,0,0,0,0,0.0,0.0,0.0,0.0,0.0,75.65,5,4,6,58.11,10,Match_266,2025-08-18T16:34:29.569621+00:00,[],0,11,5,1,0,0,0,72.73,0,0,2.89,5,28,19,5,1,5,6,10,2,13,2,52.12,
"Darapan, Jermi",RB,463.05,54.91,61.13,55.78,69.19,39.64,starter,Metro FC,9,0.0,0.0,0.0,0.0,45.77,34.85,0.0,0.0,0.0,0.0,0.0,0.0,0.0,78.57,50.69,0.0,0.0,0.0,0.0,0.0,57.92,78.65,75.08,57.07,37.17,68.07,39.02,4823,17.36,182,93,89,51.1,4,2.2,0,27.88,1,11,7,0,63.64,0.0,1,0,0.0,0,0,47.27,15,10,66.67,2,1,4,0,1,0,0,2.138,1.361,0.0,35.374,18.08,17.3,0.777,0.0,5.419,0.194,0.0,0.0,2.915,1.94,12.96,0.389,0.194,0.777,0.0,0.194,57.57,47.43,12.37,32.46,9.93,0.43,9.19,58.7,23.69,33.06,28.34,54.85,65.3,68.59,65.42,59.65,47.18,37.49,56.93,46.83,32.34,0,0,0,0,0,0,0.0,0.0,0.0,0.0,0.0,75.77,7,6,5,42.85,14,Match_189,2025-02-08T18:18:54.570621+00:00,[],0,11,7,0,182,93,89,67.41,4,0,3.93,1,0,0,15,10,2,1,4,0,1,0,53.05,
"Acebedo, James",CM,712.02,67.17,41.62,45.03,37.31,72.36,starter,Highland Wanderers,50,0.0,0.0,0.0,0.0,46.2,42.32,0.0,0.0,0.0,0.0,0.0,0.0,0.0,51.93,43.37,0.0,0.0,0.0,0.0,0.0,68.26,35.61,69.94,39.68,59.95,31.99,78.5,10709,25.07,242,15,227,6.2,6,2.48,1,4.19,1,9,2,1,22.22,11.11,7,5,71.43,17,7,41.18,4,1,25.0,3,18,2,1,1,2,0,1.138,0.253,0.126,30.589,1.9,28.69,0.758,0.126,0.53,0.126,2.149,0.885,0.506,0.13,3.16,0.379,2.275,0.253,0.126,0.885,0.63,9.03,2.81,1.4,0.78,0.31,5.21,27.53,20.7,58.9,28.64,73.09,59.48,78.5,28.15,28.23,68.36,71.61,73.61,61.72,75.82,0,0,0,0,0,0,0.0,0.0,0.0,0.0,0.0,75.64,0,1,1,48.96,17,Match_312,2025-05-18T03:19:40.570621+00:00,[],0,9,2,1,242,15,227,71.4,6,1,2.27,6,17,7,4,1,3,18,2,1,7,5,27.69,
"Mapula, Paul Vincent",CF,597.73,48.44,50.76,48.15,64.03,45.26,substitute,Highland Wanderers,2,0.0,0.0,0.0,0.0,45.17,71.34,0.0,0.0,0.0,0.0,0.0,0.0,0.0,66.1,56.26,0.0,0.0,0.0,0.0,0.0,67.09,33.51,51.57,49.6,57.61,63.4,79.34,6286,17.53,144,67,77,46.53,5,3.47,2,26.14,6,22,12,2,54.55,9.09,7,7,100.0,18,5,27.78,7,4,57.14,1,10,6,0,1,0,0,3.313,1.807,0.301,21.682,10.09,11.59,0.753,0.301,3.936,0.903,2.71,0.753,1.054,0.6,8.6,0.151,1.506,0.903,0.0,1.054,1.05,15.06,8.21,1.37,7.01,0.52,4.18,77.63,67.89,37.35,22.12,75.37,64.97,63.62,53.82,23.69,48.39,30.14,23.1,79.42,68.53,0,0,0,0,0,0,0.0,0.0,0.0,0.0,0.0,50.6,0,5,3,24.88,20,Match_317,2025-08-05T09:40:12.571621+00:00,[],0,22,12,2,144,67,77,70.81,5,2,0.57,4,18,5,7,4,1,10,6,0,7,7,80.21,
"Bacnis, Hugo",RW,920.22,57.11,65.33,26.96,30.06,43.92,substitute,City United,7,0.0,0.0,0.0,0.0,44.9,72.63,0.0,0.0,0.0,0.0,0.0,0.0,0.0,70.45,65.76,0.0,0.0,0.0,0.0,0.0,68.17,61.85,34.69,73.38,78.58,37.12,33.44,6818,12.35,327,327,0,100.0,4,1.22,0,28.86,0,39,14,6,35.9,15.38,5,3,60.0,2,1,50.0,8,8,100.0,7,7,1,1,2,2,0,3.814,1.369,0.587,31.981,31.98,77.36,0.391,0.0,2.823,0.0,0.196,0.098,0.782,0.78,9.78,0.685,0.685,0.098,0.098,0.489,0.29,5.87,3.51,1.5,9.78,0.12,4.89,38.08,64.77,65.15,51.95,42.79,62.34,48.48,28.71,72.22,20.71,75.63,46.93,60.71,77.71,0,0,0,0,0,0,0.0,0.0,0.0,0.0,0.0,64.85,6,1,3,25.42,6,Match_321,2025-08-07T13:34:49.572621+00:00,[],0,39,14,6,327,327,0,28.68,4,0,4.8,5,2,1,8,8,7,7,1,1,5,3,55.91,
"Barro, Harvy",RW,1065.04,69.7,33.01,55.96,27.31,77.47,starter,Southgate United,85,0.0,0.0,0.0,0.0,63.95,64.84,0.0,0.0,0.0,0.0,0.0,0.0,0.0,71.0,52.58,0.0,0.0,0.0,0.0,0.0,62.43,63.81,60.75,42.39,59.67,74.96,55.99,2313,3.62,446,149,297,33.41,1,0.22,0,10.69,20,17,7,1,41.18,5.88,24,24,100.0,35,27,77.14,13,3,23.08,3,13,7,1,4,3,0,1.437,0.592,0.085,37.689,12.59,25.1,0.085,0.0,0.903,1.69,2.958,2.282,1.099,0.25,1.95,0.254,1.099,0.592,0.085,2.028,2.03,8.45,3.48,0.5,2.82,0.02,6.52,25.18,56.28,42.56,65.83,58.87,68.19,31.09,26.65,31.06,37.67,59.63,24.54,47.21,79.71,0,0,0,0,0,0,0.0,0.0,0.0,0.0,0.0,40.07,4,5,2,66.14,9,Match_135,2025-05-31T01:19:18.572621+00:00,[],0,17,7,1,446,149,297,33.23,1,0,4.87,4,35,27,13,3,3,13,7,1,24,24,88.27,
"Pormento, Edzon",LW,969.43,41.49,43.48,20.22,62.46,66.26,starter,Far Eastern University,90,0.0,0.0,0.0,0.0,74.58,65.98,0.0,0.0,0.0,0.0,0.0,0.0,0.0,51.62,56.32,0.0,0.0,0.0,0.0,0.0,74.44,59.73,40.36,77.72,39.04,65.71,60.89,14095,24.23,368,368,0,100.0,5,1.36,0,12.84,23,6,3,0,50.0,0.0,10,3,30.0,15,6,40.0,6,2,33.33,4,17,23,2,2,2,0,0.557,0.279,0.0,34.164,34.16,75.19,0.464,0.0,1.192,2.135,1.393,0.557,0.557,0.19,3.09,0.371,1.578,2.135,0.186,0.928,0.28,2.79,4.64,31.6,9.28,0.13,3.71,48.69,44.23,63.67,68.74,24.21,33.55,43.07,61.36,66.79,27.27,52.12,79.5,40.01,38.17,0,0,0,0,0,0,0.0,0.0,0.0,0.0,0.0,71.35,2,6,2,39.16,19,Match_344,2025-10-21T22:21:33.573621+00:00,[],0,6,3,0,368,368,0,30.82,5,0,4.53,5,15,6,6,2,4,17,23,2,10,3,69.17,
"Diola, Ezekiel",GK,982.63,30.91,68.43,60.04,47.5,60.68,substitute,Ateneo de Manila University,52,0.0,0.0,0.0,0.0,65.92,53.47,0.0,0.0,0.0,0.0,0.0,0.0,0.0,53.62,64.96,0.0,0.0,0.0,0.0,0.0,53.79,79.17,57.41,54.14,51.55,40.26,30.61,19779,33.55,246,246,0,100.0,3,1.22,0,19.37,11,13,1,0,7.69,0.0,15,3,20.0,47,17,36.17,23,9,39.13,1,13,10,2,3,1,0,1.191,0.092,0.0,22.531,22.53,41.12,0.275,0.0,1.774,1.008,4.305,1.557,2.107,0.82,3.58,0.092,1.191,0.916,0.183,1.374,0.27,1.83,0.7,65.73,9.16,0.11,3.31,72.46,28.94,54.76,75.49,22.21,28.5,59.23,48.27,75.08,22.75,62.08,27.83,30.33,23.0,11,7,4,63.64,11,4,0.641,0.366,1.008,1.008,0.366,5.83,4,1,4,28.79,4,Match_221,2025-09-06T00:46:21.573621+00:00,[],0,13,1,0,246,246,0,63.48,3,0,2.42,2,47,17,23,9,1,13,10,2,15,3,48.61,
"Escodo, Bel",CF,1181.75,71.31,62.4,55.62,37.02,61.61,starter,San Beda University,23,0.0,0.0,0.0,0.0,37.09,68.41,0.0,0.0,0.0,0.0,0.0,0.0,0.0,55.24,54.51,0.0,0.0,0.0,0.0,0.0,75.8,67.41,55.87,70.94,51.04,46.83,30.6,3355,4.73,874,874,0,100.0,11,1.26,1,29.65,61,29,4,2,13.79,6.9,11,8,72.73,40,7,17.5,18,10,55.56,4,23,9,2,3,1,0,2.209,0.305,0.152,66.562,66.56,73.84,0.838,0.076,2.258,4.646,3.046,0.533,1.371,0.76,4.23,0.305,1.752,0.685,0.152,0.838,0.61,5.54,1.05,0.53,7.62,0.1,1.33,67.53,48.56,27.61,28.59,36.26,47.03,34.36,30.47,61.5,55.78,63.03,56.72,25.28,69.59,0,0,0,0,0,0,0.0,0.0,0.0,0.0,0.0,62.49,1,1,6,59.25,7,Match_241,2025-07-06T01:58:39.574621+00:00,[],0,29,4,2,874,874,0,56.1,11,1,3.13,1,40,7,18,10,4,23,9,2,11,8,40.4,
"Tagara, Pedro",CF,1195.71,47.24,54.79,45.14,64.83,73.9,starter,National University,93,0.0,0.0,0.0,0.0,60.59,74.71,0.0,0.0,0.0,0.0,0.0,0.0,0.0,51.36,73.76,0.0,0.0,0.0,0.0,0.0,63.13,53.51,58.23,38.88,35.57,53.66,51.72,12288,17.13,509,492,17,96.66,11,2.16,2,11.01,19,37,7,4,18.92,10.81,2,1,50.0,35,35,100.0,39,7,17.95,3,19,16,1,1,2,0,2.785,0.527,0.301,38.312,37.03,1.28,0.828,0.151,0.829,1.43,2.634,2.634,2.935,0.53,1.35,0.226,1.43,1.204,0.075,0.151,0.08,3.76,1.42,0.81,7.28,0.16,7.53,33.8,26.61,33.67,34.23,44.76,32.0,73.48,24.41,55.11,23.26,46.15,32.97,56.57,30.68,0,0,0,0,0,0,0.0,0.0,0.0,0.0,0.0,63.05,5,5,1,71.07,2,Match_210,2025-05-15T06:38:29.575615+00:00,[],0,37,7,4,509,492,17,31.67,11,2,0.91,3,35,35,39,7,3,19,16,1,2,1,41.67,
"Dela Cruz, Laurence",CDM,437.11,69.91,45.07,22.65,79.48,64.01,starter,Far Eastern University,74,0.0,0.0,0.0,0.0,70.6,73.18,0.0,0.0,0.0,0.0,0.0,0.0,0.0,56.65,72.35,0.0,0.0,0.0,0.0,0.0,64.48,31.14,67.42,52.06,46.73,76.32,50.06,2580,9.84,116,85,31,73.28,2,1.72,0,15.94,4,2,2,0,100.0,0.0,5,4,80.0,34,5,14.71,12,3,25.0,3,4,3,0,1,0,0,0.412,0.412,0.0,23.884,17.5,6.38,0.412,0.0,3.282,0.824,7.001,1.029,2.471,0.62,5.15,0.618,0.824,0.618,0.0,1.029,0.82,16.47,20.59,44.19,15.09,0.35,3.03,50.25,45.54,43.66,68.58,61.8,25.88,49.72,24.99,65.18,61.59,44.4,33.08,41.5,34.34,0,0,0,0,0,0,0.0,0.0,0.0,0.0,0.0,33.91,6,1,2,81.51,17,Match_311,2025-07-22T05:58:31.575615+00:00,[],0,2,2,0,116,85,31,41.42,2,0,0.87,3,34,5,12,3,3,4,3,0,5,4,45.95,
"Garces, Josh",RB,892.5,69.4,26.66,41.94,57.15,41.93,DNP,Westwood Athletic,47,0.0,0.0,0.0,0.0,39.5,52.28,0.0,0.0,0.0,0.0,0.0,0.0,0.0,56.98,30.47,0.0,0.0,0.0,0.0,0.0,61.27,42.95,39.86,45.77,74.42,41.34,72.25,17069,31.87,437,437,0,100.0,7,1.6,3,11.21,25,13,3,2,23.08,15.38,5,2,40.0,63,0,0.0,15,12,80.0,2,26,11,1,2,3,0,1.311,0.303,0.202,44.067,44.07,72.43,0.706,0.303,1.13,2.521,6.353,0.0,1.513,1.21,8.07,0.202,2.622,1.109,0.101,0.504,0.2,4.03,2.33,1.55,10.08,0.16,67.19,30.52,53.53,24.02,62.56,32.28,78.88,34.32,26.81,48.71,76.35,54.81,77.55,32.59,64.7,0,0,0,0,0,0,0.0,0.0,0.0,0.0,0.0,70.59,2,4,2,24.89,7,Match_288,2025-11-10T03:11:20.576621+00:00,[],0,13,3,2,437,437,0,25.12,7,3,0.57,4,63,0,15,12,2,26,11,1,5,2,72.24,
"Merino, Josh",GK,722.97,42.34,46.63,58.68,37.49,23.78,starter,Far Eastern University,61,0.0,0.0,0.0,0.0,48.74,76.53,0.0,0.0,0.0,0.0,0.0,0.0,0.0,65.7,51.97,0.0,0.0,0.0,0.0,0.0,44.24,41.45,40.47,67.63,70.96,58.87,66.39,6640,15.31,418,205,213,49.04,8,1.91,2,29.24,17,7,3,3,42.86,42.86,5,4,80.0,12,1,8.33,14,13,92.86,3,14,8,2,2,2,0,0.871,0.373,0.373,52.035,25.52,26.52,0.996,0.249,3.64,2.116,1.494,0.124,1.743,1.62,11.56,0.373,1.743,0.996,0.249,0.622,0.5,9.96,5.34,5.34,6.1,0.24,1.04,72.31,33.94,76.85,58.68,44.7,40.57,58.76,39.58,55.6,61.81,70.51,46.72,38.24,27.92,26,14,12,53.85,26,12,1.743,1.494,3.237,3.237,1.494,6.7,3,3,4,41.35,9,Match_294,2025-05-05T05:29:04.577621+00:00,[],0,7,3,3,418,205,213,55.42,8,2,2.67,4,12,1,14,13,3,14,8,2,5,4,39.04,
"Barro, Harvy",CDM,1288.19,32.8,78.21,52.77,50.44,58.83,DNP,Brookside United,41,0.0,0.0,0.0,0.0,35.92,42.75,0.0,0.0,0.0,0.0,0.0,0.0,0.0,35.0,74.76,0.0,0.0,0.0,0.0,0.0,51.17,32.25,55.9,78.3,48.45,51.56,78.76,13684,17.7,468,370,98,79.06,6,1.28,1,13.29,12,25,13,1,52.0,4.0,15,0,0.0,26,7,26.92,11,10,90.91,2,29,5,1,3,2,0,1.747,0.908,0.07,32.697,25.85,6.85,0.419,0.07,0.929,0.838,1.817,0.489,0.769,0.7,6.35,0.14,2.026,0.349,0.07,1.048,63.25,55.09,3.63,0.28,5.52,0.09,1.88,37.73,73.76,78.18,65.25,79.64,60.01,67.97,63.71,75.34,40.32,26.74,48.74,22.4,60.68,0,0,0,0,0,0,0.0,0.0,0.0,0.0,0.0,30.01,3,4,4,54.87,15,Match_46,2025-10-30T11:02:01.577621+00:00,[],0,25,13,1,468,370,98,21.17,6,1,3.14,5,26,7,11,10,2,29,5,1,15,0,43.54,
"Bacnis, Hugo",ST,1213.22,33.19,63.68,73.86,63.72,44.85,starter,Lakeside Athletic,37,0.0,0.0,0.0,0.0,59.41,38.1,0.0,0.0,0.0,0.0,0.0,0.0,0.0,41.1,48.05,0.0,0.0,0.0,0.0,0.0,74.86,52.8,71.47,47.86,47.86,56.46,77.83,13726,18.86,191,144,47,75.39,4,2.09,0,25.64,7,29,13,0,44.83,0.0,16,16,100.0,30,9,30.0,7,7,100.0,5,24,17,1,1,3,0,2.151,0.964,0.0,14.169,10.68,3.49,0.297,0.0,1.902,0.519,2.225,0.668,0.519,0.52,7.42,0.371,1.78,1.261,0.074,1.187,1.19,7.42,3.33,65.74,5.59,0.16,2.23,70.13,55.88,28.62,38.19,79.3,51.52,40.13,75.99,55.44,42.55,20.4,58.33,36.4,30.49,0,0,0,0,0,0,0.0,0.0,0.0,0.0,0.0,52.13,4,4,1,31.93,19,Match_252,2025-06-06T11:47:14.578624+00:00,[],0,29,13,0,191,144,47,21.01,4,0,3.12,2,30,9,7,7,5,24,17,1,16,16,69.81,
"Unabia, Mark",LW,837.98,43.66,63.98,21.05,35.57,54.9,substitute,Crown City FC,16,0.0,0.0,0.0,0.0,42.58,33.09,0.0,0.0,0.0,0.0,0.0,0.0,0.0,49.91,50.8,0.0,0.0,0.0,0.0,0.0,44.24,42.62,50.34,44.76,54.12,43.29,36.17,1797,3.57,340,270,70,79.41,9,2.65,0,11.06,28,19,2,1,10.53,5.26,21,21,100.0,5,5,100.0,19,2,10.53,2,26,5,1,0,1,0,2.041,0.215,0.107,36.516,29.0,7.52,0.967,0.0,1.188,3.007,0.537,0.537,2.041,0.21,1.13,0.215,2.792,0.537,0.107,2.255,2.26,10.74,1.13,0.56,8.53,0.28,10.74,28.77,47.66,61.6,41.44,23.17,41.67,58.17,77.31,22.92,37.5,58.34,24.61,31.63,57.68,0,0,0,0,0,0,0.0,0.0,0.0,0.0,0.0,56.91,5,5,1,67.02,16,Match_262,2025-07-17T20:33:13.578624+00:00,[],0,19,2,1,340,270,70,26.09,9,0,0.98,1,5,5,19,2,2,26,5,1,21,21,78.65,
"Alcantara, Paolo",RB,1073.4,73.51,30.33,38.28,64.67,27.12,DNP,Valley Rovers,98,0.0,0.0,0.0,0.0,46.04,61.62,0.0,0.0,0.0,0.0,0.0,0.0,0.0,39.86,69.91,0.0,0.0,0.0,0.0,0.0,33.88,42.31,59.35,71.35,42.81,48.03,30.94,21575,33.5,937,240,697,25.61,1,0.11,0,11.84,46,13,8,1,61.54,7.69,8,6,75.0,74,58,78.38,6,5,83.33,1,13,9,2,1,1,0,1.09,0.671,0.084,78.563,20.12,58.44,0.084,0.0,0.993,3.857,6.205,4.863,0.503,0.42,6.99,0.084,1.09,0.755,0.168,0.671,0.5,6.29,5.16,0.64,2.15,0.01,6.57,27.72,61.65,61.28,38.45,32.59,78.87,45.49,65.78,26.7,21.13,49.06,45.87,31.78,21.97,0,0,0,0,0,0,0.0,0.0,0.0,0.0,0.0,33.11,2,2,4,23.95,7,Match_325,2025-07-08T01:07:41.579621+00:00,[],0,13,8,1,937,240,697,59.14,1,0,0.82,3,74,58,6,5,1,13,9,2,8,6,36.02,
"Reyes, Miguel",RB,876.72,58.68,26.44,70.08,78.88,45.45,substitute,University of Santo Tomas,57,0.0,0.0,0.0,0.0,33.08,47.65,0.0,0.0,0.0,0.0,0.0,0.0,0.0,68.95,44.46,0.0,0.0,0.0,0.0,0.0,54.42,76.49,40.07,77.3,56.15,51.02,54.46,5620,10.68,488,372,116,76.23,6,1.23,1,26.28,36,4,1,0,25.0,0.0,7,2,28.57,6,4,66.67,18,0,0.0,5,10,5,2,3,3,0,0.411,0.103,0.0,50.096,38.19,11.91,0.616,0.103,2.698,3.696,0.616,0.411,1.848,53.37,58.88,0.513,1.027,0.513,0.205,0.719,0.21,2.93,2.57,42.56,7.83,0.13,6.84,50.86,44.45,65.68,38.86,47.95,51.18,49.75,41.68,37.3,63.33,24.93,49.62,43.09,47.42,0,0,0,0,0,0,0.0,0.0,0.0,0.0,0.0,37.28,1,3,1,72.25,5,Match_357,2025-03-01T16:13:25.580621+00:00,[],0,4,1,0,488,372,116,73.75,6,1,3.25,4,6,4,18,0,5,10,5,2,7,2,78.8,
"Valdez, Alysa",RWB,939.61,72.16,41.37,60.0,77.01,79.25,starter,Harborview United,83,0.0,0.0,0.0,0.0,31.46,71.04,0.0,0.0,0.0,0.0,0.0,0.0,0.0,55.64,34.27,0.0,0.0,0.0,0.0,0.0,61.38,73.62,71.1,38.33,44.66,55.19,70.24,9704,17.21,38,37,1,97.37,0,0.0,0,17.52,1,4,1,0,25.0,0.0,3,3,100.0,14,11,78.57,30,23,76.67,6,19,4,2,2,0,0,0.383,0.096,0.0,3.64,3.54,0.1,0.0,0.0,1.678,0.096,1.341,1.054,2.874,2.2,7.34,0.575,1.82,0.383,0.192,0.287,0.29,9.58,2.39,65.53,9.33,34.59,7.53,50.68,28.84,47.28,27.33,49.36,33.85,76.54,21.78,64.27,69.82,49.89,21.6,30.75,56.28,0,0,0,0,0,0,0.0,0.0,0.0,0.0,0.0,66.5,4,1,3,43.78,9,Match_255,2025-02-11T07:39:28.580621+00:00,[],0,4,1,0,38,37,1,38.46,0,0,4.61,4,14,11,30,23,6,19,4,2,3,3,81.1,
"Nemenzo, Sirach Ethan",CM,533.88,49.53,53.23,52.36,48.19,53.74,substitute,Northbridge FC,87,0.0,0.0,0.0,0.0,78.51,50.4,0.0,0.0,0.0,0.0,0.0,0.0,0.0,40.18,55.92,0.0,0.0,0.0,0.0,0.0,61.21,71.97,70.35,38.65,62.63,65.69,65.85,4369,13.64,344,126,218,36.63,8,2.33,2,5.47,14,6,2,0,33.33,0.0,2,1,50.0,13,6,46.15,5,1,20.0,2,13,4,0,2,1,0,1.011,0.337,0.0,57.991,21.24,36.75,1.349,0.337,0.922,2.36,2.192,1.011,0.843,0.17,3.37,0.337,2.192,0.674,0.0,0.337,0.17,8.43,5.62,49.54,6.17,0.39,7.78,29.38,23.34,35.8,55.46,42.67,60.59,65.99,37.07,23.69,55.43,27.69,41.98,68.57,55.04,0,0,0,0,0,0,0.0,0.0,0.0,0.0,0.0,37.17,6,5,2,29.74,20,Match_335,2025-09-13T20:45:44.581621+00:00,[],0,6,2,0,344,126,218,85.83,8,2,0.2,1,13,6,5,1,2,13,4,0,2,1,26.66,
"Valdez, Alysa",CB,838.36,58.37,30.0,37.97,78.17,32.11,starter,Summit Peak FC,98,0.0,0.0,0.0,0.0,30.07,59.46,0.0,0.0,0.0,0.0,0.0,0.0,0.0,36.55,55.96,0.0,0.0,0.0,0.0,0.0,54.97,58.26,79.07,61.12,54.0,37.93,37.11,2503,4.98,246,246,0,100.0,2,0.81,0,13.03,9,19,4,1,21.05,5.26,4,2,50.0,6,0,0.0,9,4,44.44,1,13,11,1,0,3,0,2.04,0.429,0.107,26.409,26.41,38.09,0.215,0.0,1.399,0.966,0.644,0.0,0.966,0.43,4.77,0.107,1.396,1.181,0.107,0.429,0.21,5.37,2.26,0.56,10.74,0.09,34.57,58.13,78.45,24.52,71.02,32.84,35.91,37.84,54.41,68.28,57.47,77.48,63.06,54.69,55.51,0,0,0,0,0,0,0.0,0.0,0.0,0.0,0.0,78.69,0,5,2,67.73,17,Match_323,2025-06-07T13:46:08.582621+00:00,[],0,19,4,1,246,246,0,64.79,2,0,4.77,1,6,0,9,4,1,13,11,1,4,2,50.97,
"Darapan, Jermi",LB,577.38,63.28,70.65,44.62,71.61,74.67,starter,Redwood Borough,88,0.0,0.0,0.0,0.0,57.57,51.96,0.0,0.0,0.0,0.0,0.0,0.0,0.0,30.58,47.96,0.0,0.0,0.0,0.0,0.0,64.83,68.38,65.59,57.58,79.99,50.2,62.2,2418,6.98,88,72,16,81.82,2,2.27,0,18.32,2,6,2,0,33.33,0.0,11,6,54.55,33,33,100.0,15,10,66.67,1,14,1,0,1,2,0,0.935,0.312,0.0,13.717,11.22,2.49,0.312,0.0,2.856,0.312,5.144,5.144,2.338,1.56,10.39,0.156,2.182,0.156,0.0,1.715,0.94,8.5,5.2,42.39,12.75,0.35,15.59,58.04,70.76,36.02,37.22,29.64,61.21,34.17,34.31,29.0,21.66,67.82,38.63,49.12,79.48,0,0,0,0,0,0,0.0,0.0,0.0,0.0,0.0,78.7,1,2,4,26.83,5,Match_341,2025-02-15T06:40:31.582621+00:00,[],0,6,2,0,88,72,16,40.66,2,0,0.46,5,33,33,15,10,1,14,1,0,11,6,89.91,
"Santos, Aris",CF,1073.09,31.11,68.4,39.76,55.06,43.4,substitute,National University,77,0.0,0.0,0.0,0.0,32.02,52.92,0.0,0.0,0.0,0.0,0.0,0.0,0.0,38.2,38.73,0.0,0.0,0.0,0.0,0.0,73.81,44.28,46.92,66.86,77.92,59.89,46.55,6402,9.94,337,0,337,0.0,12,3.56,1,4.55,0,5,0,0,0.0,0.0,10,3,30.0,18,10,55.56,18,16,88.89,1,1,16,1,4,3,0,0.419,0.0,0.0,28.264,42.43,28.26,1.006,0.084,0.382,0.0,1.51,0.839,1.51,1.34,7.46,0.084,0.084,1.342,0.084,0.839,0.25,2.52,50.91,43.64,67.19,0.3,4.66,64.9,34.16,45.37,28.66,30.51,78.2,46.37,35.26,55.37,49.42,42.48,76.92,38.99,45.43,0,0,0,0,0,0,0.0,0.0,0.0,0.0,0.0,41.43,4,4,3,83.18,8,Match_384,2024-12-31T18:40:21.583621+00:00,[],0,5,0,0,337,0,337,26.93,12,1,1.1,3,18,10,18,16,1,1,16,1,10,3,78.99,
"Digal, Laurence",CF,926.8,66.16,76.43,48.27,44.78,70.47,starter,Hillcrest Athletic,11,0.0,0.0,0.0,0.0,78.17,75.84,0.0,0.0,0.0,0.0,0.0,0.0,0.0,39.81,42.91,0.0,0.0,0.0,0.0,0.0,69.18,77.68,32.51,77.25,47.43,73.64,57.11,17896,32.18,155,29,126,18.71,4,2.58,0,20.34,9,24,11,4,45.83,16.67,6,0,0.0,21,1,4.76,16,16,100.0,6,2,8,2,3,3,0,2.331,1.068,0.388,15.052,2.82,12.24,0.388,0.0,1.975,0.874,2.039,0.097,1.554,1.55,9.71,0.583,0.194,0.777,0.194,0.583,73.32,61.78,4.45,1.62,1.82,0.25,0.46,63.04,72.61,69.21,69.46,61.91,50.38,41.11,56.13,68.81,64.27,47.2,21.64,23.13,58.5,0,0,0,0,0,0,0.0,0.0,0.0,0.0,0.0,66.5,4,3,3,81.25,20,Match_30,2025-03-17T09:22:20.583621+00:00,[],0,24,11,4,155,29,126,30.67,4,0,0.61,2,21,1,16,16,6,2,8,2,6,0,50.17,
"Barro, Harvy",CAM,688.61,38.09,71.11,22.99,57.08,56.02,substitute,Lakeside Athletic,26,0.0,0.0,0.0,0.0,68.7,74.03,0.0,0.0,0.0,0.0,0.0,0.0,0.0,39.29,68.16,0.0,0.0,0.0,0.0,0.0,33.87,77.23,31.41,45.22,79.21,57.16,46.87,7660,18.54,158,158,0,100.0,2,1.27,0,9.37,8,10,4,0,40.0,0.0,20,20,100.0,18,14,77.78,10,6,60.0,2,0,7,1,1,1,0,1.307,0.523,0.0,20.65,20.65,71.52,0.261,0.0,1.225,1.046,2.353,1.83,1.307,0.78,7.84,0.261,0.0,0.915,0.131,2.614,2.61,13.07,5.23,37.02,13.07,0.17,10.17,28.96,77.48,30.21,54.03,20.85,51.55,66.4,75.7,69.64,49.65,33.47,32.19,76.76,68.8,0,0,0,0,0,0,0.0,0.0,0.0,0.0,0.0,43.94,5,3,6,49.86,17,Match_104,2025-07-09T08:32:56.584631+00:00,[],0,10,4,0,158,158,0,61.74,2,0,1.68,2,18,14,10,6,2,0,7,1,20,20,44.25,
"Moleje, Josh",LW,871.33,62.41,22.73,35.22,57.18,38.15,DNP,Southgate United,91,0.0,0.0,0.0,0.0,76.41,74.82,0.0,0.0,0.0,0.0,0.0,0.0,0.0,35.94,72.88,0.0,0.0,0.0,0.0,0.0,41.49,39.06,77.65,68.02,73.32,56.45,38.1,7719,14.76,423,423,0,100.0,2,0.47,0,23.44,24,19,3,1,15.79,5.26,12,9,75.0,28,9,32.14,2,1,50.0,3,15,7,3,0,2,0,1.963,0.31,0.103,43.692,43.69,64.06,0.207,0.0,2.421,2.479,2.892,0.93,0.207,0.1,5.16,0.31,1.549,0.723,0.31,1.239,0.93,7.75,1.63,0.54,10.33,0.05,3.32,43.68,42.25,78.08,53.57,54.83,35.62,50.22,75.82,72.67,27.92,39.04,51.83,28.51,27.01,0,0,0,0,0,0,0.0,0.0,0.0,0.0,0.0,39.18,4,7,3,41.47,18,Match_244,2025-07-12T06:09:51.585615+00:00,[],0,19,3,1,423,423,0,37.53,2,0,0.79,5,28,9,2,1,3,15,7,3,12,9,76.63,
"Valdez, Alysa",CM,417.02,29.68,72.09,30.84,30.1,50.52,substitute,University of the Philippines,45,0.0,0.0,0.0,0.0,78.45,37.95,0.0,0.0,0.0,0.0,0.0,0.0,0.0,60.0,61.64,0.0,0.0,0.0,0.0,0.0,49.01,60.71,78.29,70.6,60.99,65.26,38.32,4044,16.16,262,91,171,34.73,0,0.0,0,8.0,3,10,3,0,30.0,0.0,5,5,100.0,8,1,12.5,1,1,100.0,2,7,2,0,1,2,0,2.158,0.647,0.0,56.544,19.64,36.9,0.0,0.0,1.727,0.647,1.727,0.216,0.216,0.22,21.58,0.432,1.511,0.432,0.0,1.079,1.08,21.58,6.47,59.28,7.5,68.53,2.7,36.37,73.45,55.14,55.01,78.3,51.56,54.25,44.99,24.61,66.1,60.61,73.24,21.56,60.88,0,0,0,0,0,0,0.0,0.0,0.0,0.0,0.0,78.49,4,4,4,79.07,20,Match_216,2025-08-26T22:33:28.585615+00:00,[],0,10,3,0,262,91,171,24.26,0,0,2.13,2,8,1,1,1,2,7,2,0,5,5,50.85,
"Taberos, Earl",CB,1069.42,57.36,77.27,29.25,37.91,68.07,starter,Metro FC,37,0.0,0.0,0.0,0.0,33.3,35.26,0.0,0.0,0.0,0.0,0.0,0.0,0.0,35.84,64.3,0.0,0.0,0.0,0.0,0.0,47.64,70.57,32.44,74.39,46.57,55.07,74.11,17177,26.77,504,441,63,87.5,8,1.59,1,17.35,36,11,1,0,9.09,0.0,14,14,100.0,63,58,92.06,13,6,46.15,6,6,6,2,1,1,0,0.926,0.084,0.0,42.416,37.11,5.3,0.673,0.084,1.46,3.03,5.302,4.881,1.094,0.5,3.88,0.505,0.505,0.505,0.168,1.178,1.18,8.42,0.76,38.46,7.36,0.13,7.75,64.15,75.3,74.22,56.21,41.54,25.77,42.05,31.99,46.73,43.29,36.11,56.02,25.41,45.35,0,0,0,0,0,0,0.0,0.0,0.0,0.0,0.0,50.15,4,1,2,20.02,3,Match_231,2025-05-05T06:23:07.586621+00:00,[],0,11,1,0,504,441,63,46.08,8,1,0.56,5,63,58,13,6,6,6,6,2,14,14,64.55,
"Fernandez, Sam",RW,882.74,30.7,59.69,30.77,30.93,43.58,starter,Valley Rovers,3,0.0,0.0,0.0,0.0,44.66,36.53,0.0,0.0,0.0,0.0,0.0,0.0,0.0,31.16,48.6,0.0,0.0,0.0,0.0,0.0,47.82,38.88,32.43,60.35,40.66,41.93,55.05,4926,9.3,395,260,135,65.82,7,1.77,1,16.41,20,15,3,0,20.0,0.0,19,13,68.42,14,5,35.71,16,10,62.5,10,15,9,0,1,0,0,1.529,0.306,0.0,40.272,26.51,13.76,0.714,0.102,1.673,2.039,1.427,0.51,1.631,1.02,6.37,1.02,1.529,0.918,0.0,1.937,1.33,6.98,2.04,77.14,6.71,0.18,3.64,25.0,72.61,37.86,55.23,47.3,60.22,57.43,35.9,78.0,72.28,31.23,31.11,64.82,56.24,0,0,0,0,0,0,0.0,0.0,0.0,0.0,0.0,74.29,2,3,5,32.42,19,Match_359,2025-05-26T03:04:20.586621+00:00,[],0,15,3,0,395,260,135,56.62,7,1,4.83,2,14,5,16,10,10,15,9,0,19,13,56.04,
"Darapan, Jermi",LB,848.19,60.13,77.83,48.29,71.59,55.11,starter,Far Eastern University,95,0.0,0.0,0.0,0.0,32.69,49.65,0.0,0.0,0.0,0.0,0.0,0.0,0.0,37.36,53.24,0.0,0.0,0.0,0.0,0.0,36.19,34.78,59.14,48.58,71.72,65.32,55.74,16794,33.0,519,354,165,68.21,3,0.58,0,25.23,10,1,0,0,0.0,0.0,6,4,66.67,49,7,14.29,14,7,50.0,3,12,6,2,2,2,0,0.106,0.0,0.0,55.07,37.56,17.51,0.318,0.0,2.677,1.061,5.199,0.743,1.486,0.74,5.31,0.318,1.273,0.637,0.212,0.637,0.42,7.07,62.17,47.8,7.24,0.06,1.52,32.08,54.17,70.03,23.06,20.47,57.82,62.79,78.77,70.92,64.22,55.75,53.26,37.45,49.25,0,0,0,0,0,0,0.0,0.0,0.0,0.0,0.0,62.07,3,3,4,82.81,4,Match_303,2025-09-14T15:30:03.587621+00:00,[],0,1,0,0,519,354,165,29.34,3,0,1.01,4,49,7,14,7,3,12,6,2,6,4,41.21,
"Moleje, Josh",ST,826.84,72.99,69.98,60.39,64.08,67.76,starter,Crown City FC,50,0.0,0.0,0.0,0.0,62.76,72.0,0.0,0.0,0.0,0.0,0.0,0.0,0.0,35.48,51.79,0.0,0.0,0.0,0.0,0.0,53.11,30.59,78.18,33.0,43.56,46.16,42.76,15746,31.74,238,179,59,75.21,6,2.52,1,4.83,3,30,13,3,43.33,10.0,15,12,80.0,12,12,100.0,2,1,50.0,1,19,10,1,0,1,0,3.265,1.415,0.327,25.906,19.48,6.42,0.653,0.109,0.526,0.327,1.306,1.306,0.218,0.11,5.44,0.109,2.068,1.088,0.109,1.633,1.31,8.71,4.72,1.09,8.19,0.27,10.88,67.99,70.67,57.31,36.95,64.96,60.02,27.75,31.97,56.34,26.05,44.96,79.63,38.22,32.57,0,0,0,0,0,0,0.0,0.0,0.0,0.0,0.0,54.54,4,4,1,75.38,2,Match_289,2025-09-10T15:26:41.588625+00:00,[],0,30,13,3,238,179,59,71.76,6,1,1.61,6,12,12,2,1,1,19,10,1,15,12,71.87,
"Reyes, Edvard",ST,930.76,61.63,25.96,58.83,40.08,28.27,starter,Valley Rovers,64,0.0,0.0,0.0,0.0,61.2,63.87,0.0,0.0,0.0,0.0,0.0,0.0,0.0,59.95,60.69,0.0,0.0,0.0,0.0,0.0,52.11,66.33,43.22,49.77,57.93,34.85,64.54,1821,3.26,358,267,91,74.58,12,3.35,1,26.16,16,13,4,1,30.77,7.69,23,5,21.74,46,27,58.7,15,2,13.33,1,5,5,1,3,0,0,1.257,0.387,0.097,34.617,25.82,8.8,1.16,0.097,2.53,1.547,4.448,2.611,1.45,0.19,1.29,0.097,0.483,0.483,0.097,2.224,0.48,2.1,2.98,0.74,7.21,0.32,5.68,70.92,46.35,44.94,66.14,34.72,68.55,40.48,50.3,25.11,42.35,65.29,41.64,59.9,29.1,0,0,0,0,0,0,0.0,0.0,0.0,0.0,0.0,37.41,4,3,2,84.77,15,Match_340,2025-09-05T05:39:10.588625+00:00,[],0,13,4,1,358,267,91,58.17,12,1,4.74,3,46,27,15,2,1,5,5,1,23,5,25.3,
"Mapula, Paul Joshua",RW,829.61,47.31,32.31,52.67,67.3,59.12,DNP,Crown City FC,52,0.0,0.0,0.0,0.0,31.73,76.53,0.0,0.0,0.0,0.0,0.0,0.0,0.0,71.89,59.67,0.0,0.0,0.0,0.0,0.0,79.49,36.39,32.03,45.13,49.42,59.46,73.71,11276,22.65,116,82,34,70.69,1,0.86,0,4.73,6,7,4,0,57.14,0.0,3,1,33.33,11,9,81.82,16,10,62.5,1,24,6,2,1,2,0,0.759,0.434,0.0,12.584,8.9,3.69,0.108,0.0,0.513,0.651,1.193,0.976,1.736,1.08,6.78,0.108,2.604,0.651,0.217,0.325,0.11,3.62,6.2,37.1,7.67,0.09,8.88,61.85,73.26,66.89,44.27,31.84,38.09,22.22,40.07,63.51,64.4,27.56,79.52,37.04,25.57,0,0,0,0,0,0,0.0,0.0,0.0,0.0,0.0,48.36,3,3,4,79.37,15,Match_142,2025-03-04T19:25:06.589621+00:00,[],0,7,4,0,116,82,34,68.35,1,0,0.01,3,11,9,16,10,1,24,6,2,3,1,58.28,
"Lood, Trevor",LW,683.44,58.62,62.86,51.18,34.86,39.67,substitute,Crown City FC,74,0.0,0.0,0.0,0.0,38.85,78.88,0.0,0.0,0.0,0.0,0.0,0.0,0.0,58.14,30.51,0.0,0.0,0.0,0.0,0.0,38.59,33.65,71.85,35.24,55.41,59.26,76.26,11937,29.11,118,79,39,66.95,3,2.54,0,15.01,1,38,12,3,31.58,7.89,10,1,10.0,22,3,13.64,8,5,62.5,3,9,7,2,2,1,0,5.004,1.58,0.395,15.539,10.4,5.14,0.395,0.0,1.977,0.132,2.897,0.395,1.053,0.66,8.23,0.395,1.185,0.922,0.263,1.317,0.13,1.32,4.16,1.04,8.82,0.33,1.8,54.94,69.37,41.68,25.88,62.7,69.71,24.92,23.73,73.31,48.58,46.77,42.16,51.58,55.29,0,0,0,0,0,0,0.0,0.0,0.0,0.0,0.0,36.52,6,1,3,89.23,17,Match_108,2025-01-26T17:10:25.590621+00:00,[],0,38,12,3,118,79,39,31.04,3,0,1.43,3,22,3,8,5,3,9,7,2,10,1,36.6,
"Santos, Aris",CDM,1350.0,65.96,49.33,27.34,40.92,72.23,substitute,Adamson University,24,0.0,0.0,0.0,0.0,43.4,33.03,0.0,0.0,0.0,0.0,0.0,0.0,0.0,37.37,58.74,0.0,0.0,0.0,0.0,0.0,39.91,67.12,57.24,30.61,54.65,44.27,44.12,7235,8.93,1094,1094,0,100.0,14,1.28,1,10.05,20,23,8,0,34.78,0.0,9,5,55.56,9,4,44.44,13,3,23.08,3,34,14,1,3,2,0,1.533,0.533,0.0,72.933,72.93,59.91,0.933,0.067,0.67,1.333,0.6,0.267,0.867,0.2,1.54,0.2,2.267,0.933,0.067,0.6,0.33,3.7,2.32,57.28,6.67,0.09,2.96,45.05,54.38,53.95,74.02,66.88,48.51,63.2,56.34,65.72,50.29,47.66,47.0,46.94,71.98,0,0,0,0,0,0,0.0,0.0,0.0,0.0,0.0,34.37,4,3,2,66.99,8,Match_48,2025-02-14T16:10:02.590621+00:00,[],0,23,8,0,1094,1094,0,75.99,14,1,3.78,4,9,4,13,3,3,34,14,1,9,5,44.04,
"Bacnis, Hugo",LWB,823.6,47.21,68.42,56.41,44.11,22.7,substitute,Goldenfield Rovers,75,0.0,0.0,0.0,0.0,37.56,51.76,0.0,0.0,0.0,0.0,0.0,0.0,0.0,38.88,59.2,0.0,0.0,0.0,0.0,0.0,32.94,48.83,59.57,46.99,77.66,42.65,37.18,5499,11.13,356,167,189,46.91,4,1.12,0,4.71,21,12,5,2,41.67,16.67,8,5,62.5,62,15,24.19,12,6,50.0,3,5,8,1,2,0,0,1.311,0.546,0.219,38.902,18.25,20.65,0.437,0.0,0.515,2.295,6.775,1.639,1.311,0.66,5.46,0.328,0.546,0.874,0.109,0.874,0.55,6.83,4.55,1.82,5.13,0.12,2.64,71.72,21.4,46.22,44.9,71.58,39.04,35.43,26.88,25.96,30.09,28.64,35.33,25.38,38.41,0,0,0,0,0,0,0.0,0.0,0.0,0.0,0.0,56.14,1,3,4,55.04,14,Match_295,2025-08-14T23:01:18.591621+00:00,[],0,12,5,2,356,167,189,46.31,4,0,1.27,3,62,15,12,6,3,5,8,1,8,5,47.89,
"Salingay, Sam",RWB,652.9,64.14,28.54,52.43,30.09,34.71,substitute,Valley Rovers,27,0.0,0.0,0.0,0.0,63.54,52.96,0.0,0.0,0.0,0.0,0.0,0.0,0.0,55.07,65.32,0.0,0.0,0.0,0.0,0.0,47.39,60.63,30.83,55.59,42.14,36.61,74.07,1299,3.32,295,245,50,83.05,6,2.03,3,11.31,16,13,4,0,30.77,0.0,11,7,63.64,42,0,0.0,0,0,78.36,3,18,4,2,1,2,1,1.792,0.551,0.0,40.665,33.77,6.89,0.827,0.414,1.559,2.206,5.79,0.0,0.0,43.91,10.8,0.414,2.481,0.551,0.276,1.516,0.96,8.77,4.24,40.87,11.45,0.28,41.18,77.16,77.68,53.31,22.51,68.76,77.67,57.24,59.18,30.04,23.61,75.31,36.4,35.05,60.8,0,0,0,0,0,0,0.0,0.0,0.0,0.0,0.0,60.39,5,4,5,69.48,13,Match_276,2025-08-29T00:15:58.591621+00:00,[],0,13,4,0,295,245,50,28.47,6,3,3.61,5,42,0,0,0,3,18,4,2,11,7,87.8,
"Lagaya, Rick Matthew",ST,739.27,51.91,67.24,58.95,24.65,21.86,substitute,Harborview United,51,0.0,0.0,0.0,0.0,54.05,71.05,0.0,0.0,0.0,0.0,0.0,0.0,0.0,49.01,58.42,0.0,0.0,0.0,0.0,0.0,65.77,43.71,39.25,69.97,76.37,32.79,67.76,4668,10.52,286,159,127,55.59,11,3.85,1,19.95,13,15,6,0,40.0,0.0,20,7,35.0,20,2,10.0,18,6,33.33,1,8,1,1,1,2,0,1.826,0.73,0.0,34.818,19.36,15.46,1.339,0.122,2.429,1.583,2.435,0.243,2.191,0.73,4.06,0.122,0.974,0.122,0.122,2.435,0.85,4.26,4.87,64.02,6.77,0.47,1.22,69.93,60.3,60.33,41.18,68.77,69.65,41.48,30.63,66.08,61.82,20.51,47.76,76.17,46.67,0,0,0,0,0,0,0.0,0.0,0.0,0.0,0.0,49.84,4,4,1,69.1,15,Match_343,2025-10-17T02:55:16.592621+00:00,[],0,15,6,0,286,159,127,30.57,11,1,1.54,4,20,2,18,6,1,8,1,1,20,7,41.46,
"Ybanez, Moimoi",LWB,977.04,58.89,56.87,60.84,72.99,20.12,substitute,San Beda University,89,0.0,0.0,0.0,0.0,73.37,75.12,0.0,0.0,0.0,0.0,0.0,0.0,0.0,77.25,50.53,0.0,0.0,0.0,0.0,0.0,53.86,59.0,79.0,49.66,65.33,48.62,42.01,3169,5.41,932,496,436,53.22,26,2.79,1,25.0,73,17,2,0,11.76,0.0,11,5,45.45,46,19,41.3,13,10,76.92,0,15,13,3,1,2,0,1.566,0.184,0.0,85.851,45.69,40.16,2.395,0.092,2.303,6.724,4.237,1.75,1.197,0.92,7.09,0.0,1.382,1.197,0.276,1.013,0.46,4.19,1.08,37.68,4.9,0.26,3.8,45.63,60.39,59.0,71.23,39.38,70.66,44.41,27.3,51.1,49.73,51.04,22.61,63.27,22.82,0,0,0,0,0,0,0.0,0.0,0.0,0.0,0.0,72.18,2,3,4,65.45,1,Match_202,2025-09-09T10:53:48.593621+00:00,[],0,17,2,0,932,496,436,24.97,26,1,1.24,4,46,19,13,10,0,15,13,3,11,5,25.58,
"Diola, Ezekiel",CF,627.4,31.24,78.47,75.0,42.64,73.41,starter,Lakeside Athletic,75,0.0,0.0,0.0,0.0,77.29,55.16,0.0,0.0,0.0,0.0,0.0,0.0,0.0,31.6,49.27,0.0,0.0,0.0,0.0,0.0,77.75,40.11,69.46,79.31,45.78,35.75,68.29,8391,22.29,390,142,248,36.41,4,1.03,0,16.07,5,24,13,1,54.17,4.17,1,1,100.0,14,2,14.29,15,7,46.67,4,6,7,1,1,1,0,3.443,1.865,0.143,55.945,20.37,35.58,0.574,0.0,2.305,0.717,2.008,0.287,2.152,1.0,6.69,0.574,0.861,1.004,0.143,0.143,0.14,14.34,7.77,0.6,5.22,0.15,2.05,61.6,66.96,23.72,68.14,23.29,56.64,45.91,26.11,23.35,23.13,71.0,44.1,57.04,44.67,0,0,0,0,0,0,0.0,0.0,0.0,0.0,0.0,71.24,4,4,5,68.06,9,Match_151,2025-11-03T10:10:46.593621+00:00,[],0,24,13,1,390,142,248,51.2,4,0,3.3,3,14,2,15,7,4,6,7,1,1,1,30.98,
"Pormento, Edzon",CF,957.13,63.77,28.84,38.52,40.57,42.13,starter,Northbridge FC,70,0.0,0.0,0.0,0.0,51.59,34.02,0.0,0.0,0.0,0.0,0.0,0.0,0.0,69.86,50.2,0.0,0.0,0.0,0.0,0.0,59.15,70.68,35.49,61.63,30.44,43.21,34.36,7230,12.59,171,58,113,33.92,2,1.17,0,19.04,12,22,7,0,31.82,0.0,10,7,70.0,26,14,53.85,25,25,100.0,6,12,8,1,2,1,0,2.069,0.658,0.0,16.079,5.45,10.63,0.188,0.0,1.79,1.128,2.445,1.316,2.351,2.35,9.4,0.564,1.128,0.752,0.094,0.94,0.66,6.58,2.99,66.87,3.19,0.11,5.06,20.48,55.19,60.7,23.44,50.43,70.11,71.52,45.32,31.72,32.02,74.51,67.12,40.49,60.07,0,0,0,0,0,0,0.0,0.0,0.0,0.0,0.0,47.39,1,3,1,22.64,7,Match_70,2024-12-08T22:35:53.594621+00:00,[],0,22,7,0,171,58,113,75.32,2,0,2.5,2,26,14,25,25,6,12,8,1,10,7,45.93,
"Santos, Aris",CF,927.58,34.89,30.45,73.12,63.13,40.39,starter,San Beda University,26,0.0,0.0,0.0,0.0,41.39,64.5,0.0,0.0,0.0,0.0,0.0,0.0,0.0,79.03,37.68,0.0,0.0,0.0,0.0,0.0,49.35,63.3,79.17,46.08,33.6,54.41,42.82,10314,18.53,107,107,0,100.0,1,0.93,0,26.92,5,22,18,1,81.82,4.55,11,7,63.64,33,21,63.64,23,7,30.43,8,19,12,0,3,1,0,2.135,1.746,0.097,10.382,10.38,56.47,0.097,0.0,2.612,0.485,3.202,2.038,2.232,0.68,2.95,0.776,1.844,1.164,0.0,1.067,0.68,6.17,7.94,0.44,9.7,0.09,6.17,53.27,30.71,21.29,70.57,74.64,21.26,60.65,42.74,67.24,26.66,76.17,38.3,34.41,68.57,0,0,0,0,0,0,0.0,0.0,0.0,0.0,0.0,34.46,0,3,5,69.76,7,Match_50,2025-08-31T10:13:32.594621+00:00,[],0,22,18,1,107,107,0,76.83,1,0,2.68,3,33,21,23,7,8,19,12,0,11,7,33.92,
"Escodo, Bel",LB,483.55,49.93,47.86,39.31,42.43,61.67,substitute,Valley Rovers,48,0.0,0.0,0.0,0.0,77.66,48.05,0.0,0.0,0.0,0.0,0.0,0.0,0.0,60.31,40.82,0.0,0.0,0.0,0.0,0.0,72.21,47.92,44.54,70.29,76.14,33.9,32.64,2788,9.61,276,169,107,61.23,4,1.45,0,6.18,10,3,0,0,0.0,0.0,2,1,50.0,14,8,57.14,13,8,61.54,3,3,2,0,0,1,0,0.558,0.0,0.0,51.37,31.45,19.92,0.744,0.0,1.15,1.861,2.606,1.489,2.42,1.49,11.45,0.558,0.558,0.372,0.0,0.372,0.19,9.31,52.65,71.23,11.4,0.27,10.64,62.94,49.69,36.1,44.06,75.27,55.04,22.2,33.17,32.18,71.79,43.75,38.36,73.32,54.28,0,0,0,0,0,0,0.0,0.0,0.0,0.0,0.0,60.87,4,3,3,51.61,19,Match_110,2025-05-09T09:51:22.595621+00:00,[],0,3,0,0,276,169,107,37.39,4,0,4.32,4,14,8,13,8,3,3,2,0,2,1,43.52,
"Ebrada, Zraim Uichi",RWB,955.76,59.18,36.47,62.34,79.88,79.9,starter,Goldenfield Rovers,99,0.0,0.0,0.0,0.0,56.87,76.24,0.0,0.0,0.0,0.0,0.0,0.0,0.0,79.41,32.49,0.0,0.0,0.0,0.0,0.0,64.0,50.53,31.59,52.92,51.03,57.44,33.96,4629,8.07,761,662,99,86.99,27,3.55,1,24.44,33,11,1,3,9.09,27.27,7,1,14.29,46,26,56.52,27,27,100.0,4,18,5,1,2,1,0,1.036,0.094,0.282,71.66,62.34,9.32,2.542,0.094,2.301,3.107,4.332,2.448,2.542,2.54,9.42,0.377,1.695,0.471,0.094,0.659,0.09,1.35,0.86,2.57,8.19,0.33,5.32,65.14,64.39,74.74,20.51,37.97,69.34,66.99,44.23,44.35,54.8,59.32,48.32,50.76,65.67,0,0,0,0,0,0,0.0,0.0,0.0,0.0,0.0,51.85,3,6,0,63.24,2,Match_148,2025-09-24T09:49:52.596625+00:00,[],0,11,1,3,761,662,99,78.4,27,1,3.38,1,46,26,27,27,4,18,5,1,7,1,24.14,
"Fernandez, Bel",CDM,963.81,51.72,31.3,26.52,54.17,47.09,starter,Metro FC,9,0.0,0.0,0.0,0.0,72.59,77.5,0.0,0.0,0.0,0.0,0.0,0.0,0.0,41.58,66.21,0.0,0.0,0.0,0.0,0.0,77.23,36.03,64.43,73.78,66.19,68.64,43.88,12729,22.01,938,938,0,100.0,33,3.52,3,6.88,44,5,3,0,60.0,0.0,10,6,60.0,61,11,18.03,5,2,40.0,4,15,9,1,1,3,0,0.467,0.28,0.0,87.59,87.59,34.2,3.082,0.28,0.642,4.109,5.696,1.027,0.467,0.19,3.74,0.374,1.401,0.84,0.093,0.934,0.56,5.6,5.6,63.56,9.34,0.33,1.68,73.68,25.59,26.26,53.17,21.92,61.34,49.32,31.2,24.17,77.78,37.03,33.98,59.57,24.2,0,0,0,0,0,0,0.0,0.0,0.0,0.0,0.0,44.34,2,1,3,77.36,18,Match_175,2025-08-24T08:42:18.596625+00:00,[],0,5,3,0,938,938,0,60.95,33,3,0.3,3,61,11,5,2,4,15,9,1,10,6,46.01,
"Lood, Trevor",LW,625.39,60.02,62.7,37.85,56.78,68.6,substitute,Lakeside Athletic,45,0.0,0.0,0.0,0.0,75.59,31.84,0.0,0.0,0.0,0.0,0.0,0.0,0.0,57.53,45.24,0.0,0.0,0.0,0.0,0.0,45.06,50.97,69.85,63.48,65.47,62.94,31.57,7128,19.0,162,99,63,61.11,2,1.23,0,18.37,6,22,12,1,54.55,4.55,20,18,90.0,10,3,30.0,1,0,0.0,5,12,3,1,1,2,0,3.166,1.727,0.144,23.313,14.25,9.07,0.288,0.0,2.644,0.863,1.439,0.432,0.144,35.0,44.79,0.72,1.727,0.432,0.144,2.878,2.59,12.95,7.85,0.65,8.79,0.18,4.32,30.51,34.95,74.0,63.99,47.47,74.65,31.01,54.12,43.61,76.74,34.38,72.23,36.43,57.68,0,0,0,0,0,0,0.0,0.0,0.0,0.0,0.0,46.5,2,4,3,42.1,7,Match_62,2025-04-19T04:49:59.597621+00:00,[],0,22,12,1,162,99,63,42.64,2,0,4.35,3,10,3,1,0,5,12,3,1,20,18,43.39,
"Lagaya, Rick Matthew",LW,789.3,48.54,36.75,29.68,70.31,56.42,starter,Lakeside Athletic,18,0.0,0.0,0.0,0.0,61.5,73.55,0.0,0.0,0.0,0.0,0.0,0.0,0.0,30.01,49.89,0.0,0.0,0.0,0.0,0.0,74.58,66.99,49.45,65.76,78.76,75.09,62.48,11183,23.61,167,64,103,38.32,1,0.6,0,6.67,5,10,3,0,30.0,0.0,20,20,100.0,16,9,56.25,12,2,16.67,7,18,11,2,1,1,0,1.14,0.342,0.0,19.042,7.3,11.74,0.114,0.0,0.761,0.57,1.824,1.026,1.368,0.23,1.9,0.798,2.052,1.254,0.228,2.281,2.28,11.4,3.42,39.51,4.37,0.07,6.41,30.63,27.45,64.49,30.11,60.28,20.67,36.4,46.44,30.68,62.86,73.56,51.94,46.52,22.87,0,0,0,0,0,0,0.0,0.0,0.0,0.0,0.0,48.95,3,3,3,33.9,17,Match_83,2025-04-08T15:31:04.598621+00:00,[],0,10,3,0,167,64,103,23.9,1,0,4.06,4,16,9,12,2,7,18,11,2,20,20,45.73,
"Aningalan, Kirvy",CB,913.05,57.7,20.72,32.77,33.21,59.48,starter,San Beda University,52,0.0,0.0,0.0,0.0,74.43,71.35,0.0,0.0,0.0,0.0,0.0,0.0,0.0,79.79,40.91,0.0,0.0,0.0,0.0,0.0,61.03,64.31,52.1,55.38,32.5,63.57,32.42,10660,19.46,517,517,0,100.0,0,0.0,0,7.46,38,16,3,0,18.75,0.0,6,6,100.0,42,17,40.48,14,6,42.86,4,27,8,2,3,1,0,1.577,0.296,0.0,50.961,50.96,49.86,0.0,0.0,0.735,3.746,4.14,1.676,1.38,0.59,4.22,0.394,2.661,0.789,0.197,0.591,0.59,9.86,1.85,57.31,9.86,78.31,3.99,36.71,57.43,22.64,73.13,44.67,66.05,49.97,79.43,62.75,67.48,75.33,54.15,35.12,25.68,0,0,0,0,0,0,0.0,0.0,0.0,0.0,0.0,76.35,2,5,5,75.6,13,Match_221,2025-10-08T02:38:09.598621+00:00,[],0,16,3,0,517,517,0,63.32,0,0,2.33,4,42,17,14,6,4,27,8,2,6,6,39.5,
"Nemenzo, Sirach Ethan",LWB,784.32,68.87,28.06,39.05,67.22,22.38,substitute,Lakeside Athletic,95,0.0,0.0,0.0,0.0,49.32,40.55,0.0,0.0,0.0,0.0,0.0,0.0,0.0,58.36,66.02,0.0,0.0,0.0,0.0,0.0,66.91,47.92,40.84,68.93,50.08,70.68,37.64,8897,18.91,322,129,193,40.06,8,2.48,2,5.68,1,21,7,1,33.33,4.76,3,1,33.33,33,26,78.79,8,1,12.5,4,6,9,1,1,1,0,2.41,0.803,0.115,36.949,14.8,22.15,0.918,0.229,0.652,0.115,3.787,2.983,0.918,0.11,1.43,0.459,0.688,1.033,0.115,0.344,0.11,3.82,3.82,0.55,4.6,0.28,9.04,67.51,44.89,68.76,65.03,33.74,63.97,40.56,32.35,23.24,75.06,79.3,68.09,61.78,33.35,0,0,0,0,0,0,0.0,0.0,0.0,0.0,0.0,30.72,2,5,2,88.19,11,Match_33,2025-06-11T09:16:27.599621+00:00,[],0,21,7,1,322,129,193,28.89,8,2,1.79,4,33,26,8,1,4,6,9,1,3,1,29.73,
"Aningalan, Marco",CF,1075.8,33.78,42.83,38.35,36.99,53.73,starter,Highland Wanderers,94,0.0,0.0,0.0,0.0,75.81,34.67,0.0,0.0,0.0,0.0,0.0,0.0,0.0,77.2,79.78,0.0,0.0,0.0,0.0,0.0,40.14,33.3,41.71,38.71,77.12,57.24,35.07,22050,34.16,304,304,0,100.0,10,3.29,2,29.8,23,57,38,4,66.67,7.02,9,3,33.33,5,2,40.0,9,6,66.67,7,23,7,1,2,2,0,4.769,3.179,0.335,25.432,25.43,30.56,0.837,0.167,2.493,1.924,0.418,0.167,0.753,0.5,5.58,0.586,1.924,0.586,0.084,0.753,0.25,2.79,5.58,0.59,8.37,0.28,3.35,48.85,39.99,62.89,31.74,74.97,20.25,71.7,63.82,42.46,44.27,44.95,43.68,64.53,43.04,0,0,0,0,0,0,0.0,0.0,0.0,0.0,0.0,77.15,5,3,2,52.76,3,Match_66,2024-12-21T19:00:00.599621+00:00,[],0,57,38,4,304,304,0,39.18,10,2,0.37,5,5,2,9,6,7,23,7,1,9,3,70.29,
"Unabia, Charles",RW,777.96,25.62,66.26,58.66,75.01,43.86,starter,Westwood Athletic,21,0.0,0.0,0.0,0.0,32.71,33.87,0.0,0.0,0.0,0.0,0.0,0.0,0.0,31.36,31.86,0.0,0.0,0.0,0.0,0.0,68.85,45.67,75.22,37.8,71.41,70.87,30.0,4215,9.03,286,75,211,26.22,1,0.35,0,12.95,17,38,11,4,28.95,10.53,16,16,100.0,22,6,27.27,12,2,16.67,5,13,8,2,1,1,0,4.396,1.273,0.463,33.087,8.68,24.41,0.116,0.0,1.498,1.967,2.545,0.694,1.388,0.23,1.93,0.578,1.504,0.925,0.231,1.851,1.85,11.57,3.35,1.22,3.03,0.04,3.15,55.17,74.06,51.11,31.33,45.38,69.78,35.17,38.13,78.06,59.51,42.97,38.48,44.7,72.58,0,0,0,0,0,0,0.0,0.0,0.0,0.0,0.0,39.44,3,5,2,26.9,1,Match_222,2025-10-27T04:15:09.600620+00:00,[],0,38,11,4,286,75,211,56.68,1,0,4.43,1,22,6,12,2,5,13,8,2,16,16,60.92,
"Lopez, Kirvy",CM,752.71,68.42,29.97,37.59,42.66,36.61,substitute,Southgate United,14,0.0,0.0,0.0,0.0,75.4,58.89,0.0,0.0,0.0,0.0,0.0,0.0,0.0,47.74,35.27,0.0,0.0,0.0,0.0,0.0,70.93,79.63,69.18,50.8,74.19,50.66,79.36,1603,3.55,871,871,0,100.0,12,1.38,1,27.14,70,9,3,0,33.33,0.0,7,4,57.14,22,9,40.91,2,1,50.0,1,8,1,1,1,4,0,1.076,0.359,0.0,104.144,100.0,75.27,1.435,0.12,3.245,8.37,2.63,1.076,0.239,0.12,5.98,0.12,0.957,0.12,0.12,0.837,0.48,6.83,3.99,77.96,11.96,0.17,4.89,40.53,55.14,48.67,60.37,26.05,23.66,65.11,20.43,54.95,79.26,25.81,51.34,20.44,56.18,0,0,0,0,0,0,0.0,0.0,0.0,0.0,0.0,45.71,5,1,5,85.84,6,Match_263,2025-03-28T15:37:57.601621+00:00,[],0,9,3,0,871,871,0,48.37,12,1,3.71,1,22,9,2,1,1,8,1,1,7,4,87.77,
"Digal, Diegocarl",CF,845.51,36.68,49.07,64.35,67.64,40.9,substitute,Westwood Athletic,57,0.0,0.0,0.0,0.0,45.89,62.41,0.0,0.0,0.0,0.0,0.0,0.0,0.0,61.61,72.75,0.0,0.0,0.0,0.0,0.0,65.25,41.32,48.92,71.54,65.17,36.57,52.49,14840,29.25,246,246,0,100.0,0,0.0,0,16.14,21,4,1,0,25.0,0.0,9,5,55.56,40,40,100.0,16,12,75.0,3,24,2,0,1,0,0,0.426,0.106,0.0,26.185,26.19,36.11,0.0,0.0,1.718,2.235,4.258,4.258,1.703,1.28,7.98,0.319,2.555,0.213,0.0,0.958,0.53,5.91,2.66,73.84,10.64,51.01,10.64,76.35,76.49,48.57,59.5,61.97,26.03,43.09,56.43,62.72,72.19,72.57,67.09,63.0,21.9,0,0,0,0,0,0,0.0,0.0,0.0,0.0,0.0,72.86,5,1,5,65.44,19,Match_112,2025-03-10T04:57:29.601621+00:00,[],0,4,1,0,246,246,0,41.27,0,0,3.22,5,40,40,16,12,3,24,2,0,9,5,68.31,
"Asignar, Josh Rupert",RW,934.71,62.15,63.5,59.24,67.1,77.97,substitute,Metro FC,92,0.0,0.0,0.0,0.0,76.23,75.63,0.0,0.0,0.0,0.0,0.0,0.0,0.0,78.79,74.99,0.0,0.0,0.0,0.0,0.0,75.87,56.85,42.45,53.91,77.26,71.48,65.41,14427,25.72,92,92,0,100.0,2,2.17,0,15.02,6,29,6,1,20.69,3.45,7,4,57.14,24,12,50.0,8,8,100.0,5,19,7,0,3,1,0,2.792,0.578,0.096,8.858,8.86,79.89,0.193,0.0,1.446,0.578,2.311,1.155,0.77,0.77,9.63,0.481,1.829,0.674,0.0,0.674,0.39,5.5,1.99,0.33,9.63,0.21,4.81,46.22,34.0,35.55,37.46,26.68,40.41,55.53,31.29,76.52,54.37,27.65,38.8,42.81,64.22,0,0,0,0,0,0,0.0,0.0,0.0,0.0,0.0,32.4,4,2,2,36.09,14,Match_264,2025-01-19T19:16:05.602621+00:00,[],0,29,6,1,92,92,0,80.98,2,0,4.03,2,24,12,8,8,5,19,7,0,7,4,25.32,
"Alonzo, Kaye",RW,434.76,27.94,68.61,29.16,63.01,70.88,starter,Crown City FC,49,0.0,0.0,0.0,0.0,65.99,69.26,0.0,0.0,0.0,0.0,0.0,0.0,0.0,42.46,79.33,0.0,0.0,0.0,0.0,0.0,67.13,55.32,55.7,80.0,46.51,43.9,54.83,8152,31.25,188,136,52,72.34,3,1.6,0,22.9,9,9,3,0,33.33,0.0,13,10,76.92,1,0,0.0,4,1,25.0,2,9,2,0,1,0,0,1.863,0.621,0.0,38.918,28.15,10.76,0.621,0.0,4.741,1.863,0.207,0.0,0.828,0.21,5.18,0.414,1.863,0.414,0.0,2.691,2.07,15.92,6.9,53.17,14.98,0.33,65.36,76.07,33.5,64.14,75.39,66.56,71.41,63.64,37.95,68.9,74.74,29.55,21.29,43.54,45.35,0,0,0,0,0,0,0.0,0.0,0.0,0.0,0.0,52.72,4,3,3,84.56,1,Match_77,2025-08-12T10:04:30.602621+00:00,[],0,9,3,0,188,136,52,22.24,3,0,0.56,2,1,0,4,1,2,9,2,0,13,10,74.27,
"Tabelin, Kirvy",CDM,1151.17,29.8,78.45,30.78,23.15,78.82,substitute,Brookside United,8,0.0,0.0,0.0,0.0,66.39,57.64,0.0,0.0,0.0,0.0,0.0,0.0,0.0,42.36,72.84,0.0,0.0,0.0,0.0,0.0,68.64,70.88,34.17,49.48,51.8,74.72,76.77,20198,29.24,568,75,493,13.2,15,2.64,1,11.16,16,8,3,0,37.5,0.0,9,5,55.56,16,6,37.5,32,12,37.5,1,18,3,2,2,2,0,0.625,0.235,0.0,44.407,5.86,38.54,1.173,0.078,0.873,1.251,1.251,0.469,2.502,0.94,2.93,0.078,1.407,0.235,0.156,0.704,0.39,4.34,2.93,49.89,1.03,0.21,2.93,59.01,55.6,78.18,57.62,44.24,22.04,34.45,49.32,61.28,77.27,59.17,42.52,61.51,67.72,0,0,0,0,0,0,0.0,0.0,0.0,0.0,0.0,79.44,3,4,2,21.57,5,Match_278,2025-06-15T11:10:59.603621+00:00,[],0,8,3,0,568,75,493,82.08,15,1,0.62,5,16,6,32,12,1,18,3,2,9,5,37.12,
"Alcantara, Paolo",GK,537.82,28.2,70.23,52.34,69.13,59.1,substitute,Valley Rovers,63,0.0,0.0,0.0,0.0,44.24,65.62,0.0,0.0,0.0,0.0,0.0,0.0,0.0,52.24,36.37,0.0,0.0,0.0,0.0,0.0,40.52,35.7,73.84,38.21,77.51,55.35,71.85,10084,31.25,210,116,94,55.24,5,2.38,2,29.12,14,14,3,3,21.43,21.43,6,2,33.33,10,4,40.0,21,3,14.29,1,6,1,0,1,1,0,2.343,0.502,0.502,35.142,19.41,15.73,0.837,0.335,4.873,2.343,1.673,0.669,3.514,0.5,2.39,0.167,1.004,0.167,0.0,1.004,0.33,5.58,3.59,3.59,9.24,0.4,6.69,65.21,32.45,59.51,27.04,71.72,61.71,20.32,46.83,38.86,22.35,54.5,59.16,25.27,35.41,19,4,15,21.05,19,15,0.669,2.51,3.18,3.18,2.51,3.52,4,4,6,82.48,6,Match_162,2025-06-01T10:49:45.604621+00:00,[],0,14,3,3,210,116,94,26.68,5,2,0.1,3,10,4,21,3,1,6,1,0,6,2,88.31,
"Amador, Roniel",RW,792.45,38.03,58.99,29.8,47.36,76.68,starter,Highland Wanderers,33,0.0,0.0,0.0,0.0,31.38,71.51,0.0,0.0,0.0,0.0,0.0,0.0,0.0,78.0,56.29,0.0,0.0,0.0,0.0,0.0,34.04,42.03,37.36,73.51,45.55,34.91,79.69,5851,12.31,183,0,183,0.0,6,3.28,1,17.82,10,17,4,2,23.53,11.76,8,8,100.0,15,11,73.33,11,6,54.55,4,18,9,0,2,2,0,1.931,0.454,0.227,20.784,33.3,20.78,0.681,0.114,2.024,1.136,1.704,1.249,1.249,0.68,6.2,0.454,2.044,1.022,0.0,0.909,0.91,11.36,2.67,1.34,39.96,0.37,8.33,60.59,76.41,28.59,32.23,57.77,36.16,57.99,58.73,62.87,53.82,58.87,50.69,29.84,69.29,0,0,0,0,0,0,0.0,0.0,0.0,0.0,0.0,75.07,4,2,1,35.97,11,Match_159,2025-06-09T08:51:11.604621+00:00,[],0,17,4,2,183,0,183,42.46,6,1,3.38,6,15,11,11,6,4,18,9,0,8,8,83.49,
"Libarnes, Jaro",GK,1188.97,58.89,67.32,53.1,72.92,44.16,starter,City United,95,0.0,0.0,0.0,0.0,32.65,31.93,0.0,0.0,0.0,0.0,0.0,0.0,0.0,70.94,72.28,0.0,0.0,0.0,0.0,0.0,45.11,43.16,76.42,66.68,42.8,60.22,72.86,18269,25.61,618,469,149,75.89,7,1.13,2,11.46,41,11,1,0,9.09,0.0,19,8,42.11,24,10,41.67,16,16,100.0,5,17,18,1,3,2,0,0.833,0.076,0.0,46.78,35.5,11.28,0.53,0.151,0.867,3.104,1.817,0.757,1.211,1.21,7.57,0.378,1.287,1.363,0.076,1.438,0.61,3.19,0.69,54.16,5.74,0.09,3.15,55.54,35.54,61.2,62.79,59.45,28.56,54.05,36.04,75.11,58.35,42.21,66.65,60.69,45.09,27,16,11,59.26,27,11,1.211,0.833,2.044,2.044,0.833,4.49,4,1,4,58.97,15,Match_97,2025-08-09T08:12:04.605621+00:00,[],0,11,1,0,618,469,149,48.87,7,2,3.04,1,24,10,16,16,5,17,18,1,19,8,78.79,
"Andrada, Vince",GK,929.52,62.48,34.65,64.34,77.05,69.4,substitute,Crown City FC,69,0.0,0.0,0.0,0.0,61.02,44.04,0.0,0.0,0.0,0.0,0.0,0.0,0.0,74.42,30.66,0.0,0.0,0.0,0.0,0.0,78.78,39.86,40.84,40.35,36.67,41.66,41.88,3233,5.8,137,137,0,100.0,4,2.92,0,10.49,1,9,4,1,44.44,11.11,12,6,50.0,17,6,35.29,7,3,42.86,3,14,7,1,2,1,0,0.871,0.387,0.097,13.265,13.26,62.99,0.387,0.0,1.016,0.097,1.646,0.581,0.678,0.29,4.15,0.29,1.356,0.678,0.097,1.162,0.58,4.84,4.3,1.08,9.68,0.28,3.42,72.82,51.69,56.55,56.44,77.88,60.47,72.92,51.41,33.5,24.51,70.36,50.82,77.15,45.36,37,21,16,56.76,37,16,2.033,1.549,3.582,3.582,1.549,5.5,4,4,3,21.31,4,Match_107,2025-10-14T14:47:20.606627+00:00,[],0,9,4,1,137,137,0,34.35,4,0,0.09,5,17,6,7,3,3,14,7,1,12,6,68.99,
"Valdez, Alysa",GK,1104.26,39.96,45.7,30.93,68.69,26.52,starter,Metro FC,48,0.0,0.0,0.0,0.0,77.64,50.03,0.0,0.0,0.0,0.0,0.0,0.0,0.0,77.33,33.48,0.0,0.0,0.0,0.0,0.0,50.84,71.86,77.37,54.76,78.91,36.68,65.57,18624,28.11,442,442,0,100.0,6,1.36,1,22.57,12,7,4,0,57.14,0.0,17,6,35.29,26,14,53.85,23,16,69.57,2,13,5,3,2,1,0,0.571,0.326,0.0,36.024,36.02,56.24,0.489,0.082,1.84,0.978,2.119,1.141,1.875,1.3,5.67,0.163,1.06,0.408,0.245,1.386,0.49,2.88,4.66,48.47,8.15,0.11,4.39,46.31,70.36,29.71,41.22,46.04,41.55,72.23,31.91,31.37,22.42,43.67,64.64,74.06,29.62,43,37,6,86.05,43,6,3.016,0.489,3.505,3.505,0.489,7.01,5,4,5,81.54,3,Match_51,2025-03-10T19:21:59.606627+00:00,[],0,7,4,0,442,442,0,79.02,6,1,0.11,3,26,14,23,16,2,13,5,3,17,6,64.1,
"Unabia, Charles",RWB,952.41,66.03,31.9,62.39,68.6,62.07,DNP,National University,86,0.0,0.0,0.0,0.0,58.3,72.6,0.0,0.0,0.0,0.0,0.0,0.0,0.0,65.94,46.7,0.0,0.0,0.0,0.0,0.0,49.65,44.34,79.83,43.75,55.7,68.81,31.66,7960,13.93,70,59,11,84.29,2,2.86,0,16.46,1,10,4,2,40.0,20.0,5,3,60.0,40,35,87.5,16,13,81.25,3,21,18,1,3,1,0,0.945,0.378,0.189,6.615,5.58,1.04,0.189,0.0,1.555,0.094,3.78,3.307,1.512,1.23,7.68,0.283,1.984,1.701,0.094,0.472,0.28,5.67,3.78,1.89,7.97,0.27,8.27,50.14,30.87,79.55,55.47,58.07,33.76,27.94,22.3,79.42,75.75,45.58,56.99,25.46,23.06,0,0,0,0,0,0,0.0,0.0,0.0,0.0,0.0,64.09,4,1,2,40.25,9,Match_33,2025-01-16T23:26:03.607621+00:00,[],0,10,4,2,70,59,11,39.78,2,0,3.24,2,40,35,16,13,3,21,18,1,5,3,79.53,
"Legara, Ezralph",ST,955.22,35.5,43.04,73.23,27.83,64.56,starter,Eastview Rangers,36,0.0,0.0,0.0,0.0,68.28,74.0,0.0,0.0,0.0,0.0,0.0,0.0,0.0,76.55,57.25,0.0,0.0,0.0,0.0,0.0,44.75,71.84,47.92,72.18,40.56,58.94,31.25,20094,35.06,122,101,21,82.79,1,0.82,0,26.8,4,47,17,0,36.17,0.0,24,20,83.33,30,23,76.67,15,6,40.0,7,17,10,0,1,2,0,4.428,1.602,0.0,11.495,9.52,1.98,0.094,0.0,2.525,0.377,2.827,2.167,1.413,0.57,3.77,0.66,1.602,0.942,0.0,2.261,1.88,7.85,3.41,64.81,7.8,0.08,7.22,27.22,55.19,74.73,59.26,31.43,62.28,75.53,24.49,52.79,40.57,63.52,79.38,32.12,63.25,0,0,0,0,0,0,0.0,0.0,0.0,0.0,0.0,40.34,4,2,3,25.69,14,Match_369,2025-11-06T23:18:02.608621+00:00,[],0,47,17,0,122,101,21,52.7,1,0,1.85,4,30,23,15,6,7,17,10,0,24,20,62.63,
"Apostol, Carlo",CAM,575.51,34.2,29.6,33.07,61.8,72.75,starter,Mapúa University,27,0.0,0.0,0.0,0.0,69.15,51.57,0.0,0.0,0.0,0.0,0.0,0.0,0.0,47.91,57.11,0.0,0.0,0.0,0.0,0.0,61.87,67.18,76.16,31.68,40.93,68.3,69.09,9903,28.68,564,347,217,61.52,12,2.13,1,4.04,9,4,2,0,50.0,0.0,10,4,40.0,5,1,20.0,18,13,72.22,1,12,5,0,2,1,0,0.626,0.313,0.0,88.2,54.26,33.94,1.877,0.156,0.632,1.407,0.782,0.156,2.815,2.03,11.29,0.156,1.877,0.782,0.0,1.564,0.63,6.26,7.82,66.01,9.62,0.33,3.13,67.44,47.33,62.47,51.5,38.2,33.22,62.5,53.13,30.27,22.74,34.29,22.35,28.89,73.02,0,0,0,0,0,0,0.0,0.0,0.0,0.0,0.0,62.76,4,1,4,46.74,20,Match_208,2025-01-05T01:09:49.608621+00:00,[],0,4,2,0,564,347,217,84.16,12,1,4.74,0,5,1,18,13,1,12,5,0,10,4,75.08,
"Santos, Bel",LW,883.82,36.03,36.13,54.9,68.46,65.17,substitute,Adamson University,57,0.0,0.0,0.0,0.0,62.36,65.65,0.0,0.0,0.0,0.0,0.0,0.0,0.0,78.82,33.92,0.0,0.0,0.0,0.0,0.0,54.17,71.59,47.66,32.05,57.87,76.26,76.87,3452,6.51,595,569,26,95.63,4,0.67,0,5.81,35,34,25,2,73.53,5.88,25,0,0.0,17,11,64.71,2,1,50.0,4,16,10,2,5,1,0,3.462,2.546,0.204,60.589,57.94,2.65,0.407,0.0,0.592,3.564,1.731,1.12,0.204,0.1,5.09,0.407,1.629,1.018,0.204,2.546,68.25,60.57,7.49,0.6,9.74,0.07,6.59,29.34,33.9,63.58,42.12,74.13,25.62,30.89,31.1,71.74,31.33,49.43,63.77,58.85,21.26,0,0,0,0,0,0,0.0,0.0,0.0,0.0,0.0,55.37,5,3,1,79.58,2,Match_256,2025-04-30T19:56:14.609615+00:00,[],0,34,25,2,595,569,26,20.34,4,0,1.33,3,17,11,2,1,4,16,10,2,25,0,49.91,
"Ebrada, Zraim Uichi",ST,1017.85,65.77,38.44,48.73,34.63,52.61,substitute,Riverstone FC,57,0.0,0.0,0.0,0.0,30.44,64.56,0.0,0.0,0.0,0.0,0.0,0.0,0.0,57.36,73.02,0.0,0.0,0.0,0.0,0.0,67.47,62.14,75.42,68.29,37.69,67.34,41.16,17928,29.36,446,216,230,48.43,5,1.12,0,16.79,25,27,9,2,33.33,7.41,4,3,75.0,22,18,81.82,12,0,0.0,6,10,5,2,1,1,0,2.387,0.796,0.177,39.436,19.1,20.34,0.442,0.0,1.485,2.211,1.945,1.592,1.061,59.24,47.96,0.531,0.884,0.442,0.177,0.354,0.27,6.63,2.95,0.66,4.28,0.1,7.23,36.05,52.62,21.27,22.67,52.68,26.15,73.19,44.92,20.07,33.46,33.6,43.12,41.2,37.21,0,0,0,0,0,0,0.0,0.0,0.0,0.0,0.0,57.37,4,4,3,73.28,17,Match_41,2025-12-07T03:54:03.609615+00:00,[],0,27,9,2,446,216,230,84.29,5,0,0.89,4,22,18,12,0,6,10,5,2,4,3,29.88,
"Reyes, Harvy",RB,1062.93,30.66,45.65,63.6,28.68,39.38,substitute,Coastal Town,9,0.0,0.0,0.0,0.0,54.4,39.73,0.0,0.0,0.0,0.0,0.0,0.0,0.0,40.87,37.96,0.0,0.0,0.0,0.0,0.0,74.46,79.53,79.94,51.35,67.32,70.65,35.4,6640,10.41,944,629,315,66.63,17,1.8,2,22.59,2,11,3,1,27.27,9.09,12,5,41.67,63,40,63.49,23,17,73.91,1,22,13,2,1,3,0,0.931,0.254,0.085,79.93,53.26,26.67,1.439,0.169,1.913,0.169,5.334,3.387,1.947,1.44,6.26,0.085,1.863,1.101,0.169,1.016,0.42,3.53,2.31,0.77,5.64,0.15,5.38,27.65,66.05,41.16,49.65,48.88,78.37,56.1,58.2,28.29,76.64,75.3,42.99,52.96,52.32,0,0,0,0,0,0,0.0,0.0,0.0,0.0,0.0,38.3,3,2,4,28.85,16,Match_130,2024-12-14T11:05:10.610621+00:00,[],0,11,3,1,944,629,315,60.58,17,2,4.93,4,63,40,23,17,1,22,13,2,12,5,22.29,
"Omitade, Edvard",ST,790.7,26.32,77.89,42.3,62.08,59.76,substitute,Metro FC,94,0.0,0.0,0.0,0.0,77.82,69.78,0.0,0.0,0.0,0.0,0.0,0.0,0.0,58.47,61.86,0.0,0.0,0.0,0.0,0.0,53.21,66.58,40.29,33.15,55.45,52.01,45.36,8757,18.46,248,97,151,39.11,7,2.82,1,8.05,6,24,7,3,29.17,12.5,17,2,11.76,1,0,0.0,22,1,4.55,4,21,6,2,1,0,0,2.732,0.797,0.341,28.228,11.04,17.19,0.797,0.114,0.916,0.683,0.114,0.0,2.504,0.11,0.52,0.455,2.39,0.683,0.228,1.935,0.23,1.34,3.32,1.42,4.45,0.32,45.96,24.43,70.25,72.23,21.81,41.91,24.74,24.62,54.15,68.82,28.98,30.95,64.61,64.89,61.91,0,0,0,0,0,0,0.0,0.0,0.0,0.0,0.0,51.43,2,0,2,40.21,7,Match_351,2025-03-05T06:28:26.611621+00:00,[],0,24,7,3,248,97,151,71.02,7,1,4.28,2,1,0,22,1,4,21,6,2,17,2,38.74,
"Pormento, Edzon",CDM,970.01,34.74,26.5,24.67,56.19,70.8,substitute,Eastview Rangers,55,0.0,0.0,0.0,0.0,41.19,56.78,0.0,0.0,0.0,0.0,0.0,0.0,0.0,62.37,38.06,0.0,0.0,0.0,0.0,0.0,61.04,60.74,37.61,46.0,65.65,42.11,72.01,18732,32.19,412,250,162,60.68,3,0.73,0,4.22,35,9,2,1,22.22,11.11,1,1,100.0,57,31,54.39,11,4,36.36,2,11,1,1,3,1,0,0.835,0.186,0.093,38.226,23.2,15.03,0.278,0.0,0.392,3.247,5.289,2.876,1.021,0.37,3.37,0.186,1.021,0.093,0.093,0.093,0.09,9.28,2.06,1.03,5.63,0.07,5.05,21.68,36.93,52.49,23.92,55.83,65.39,38.55,53.1,58.3,21.94,36.15,78.6,53.89,53.82,0,0,0,0,0,0,0.0,0.0,0.0,0.0,0.0,78.53,4,5,4,86.89,3,Match_87,2025-06-13T17:11:26.611621+00:00,[],0,9,2,1,412,250,162,64.31,3,0,2.71,1,57,31,11,4,2,11,1,1,1,1,60.55,
"Perez, Harvy",CF,826.94,74.61,56.52,51.4,66.12,46.85,substitute,Valley Rovers,67,0.0,0.0,0.0,0.0,55.63,58.59,0.0,0.0,0.0,0.0,0.0,0.0,0.0,35.91,36.75,0.0,0.0,0.0,0.0,0.0,44.83,36.78,71.86,39.27,31.26,71.15,43.62,2856,5.76,607,264,343,43.49,22,3.62,4,16.97,2,32,17,2,53.12,6.25,6,6,100.0,15,3,20.0,26,18,69.23,3,8,9,0,2,0,0,3.483,1.85,0.218,66.063,28.73,37.33,2.394,0.435,1.847,0.218,1.633,0.327,2.83,1.96,7.53,0.327,0.871,0.98,0.0,0.653,0.65,10.88,5.78,0.68,4.73,0.39,2.18,27.87,37.45,57.41,76.41,22.4,62.77,60.97,34.35,79.82,56.41,77.48,54.01,79.66,25.84,0,0,0,0,0,0,0.0,0.0,0.0,0.0,0.0,59.08,2,1,1,69.65,16,Match_286,2024-12-24T22:16:52.612621+00:00,[],0,32,17,2,607,264,343,36.06,22,4,2.39,2,15,3,26,18,3,8,9,0,6,6,24.95,
"Diola, Ezekiel",RWB,1008.87,56.03,58.63,64.46,34.69,69.27,substitute,Westwood Athletic,6,0.0,0.0,0.0,0.0,76.4,32.8,0.0,0.0,0.0,0.0,0.0,0.0,0.0,46.15,70.27,0.0,0.0,0.0,0.0,0.0,65.58,66.55,41.67,73.96,33.18,50.03,35.0,14514,23.98,520,520,0,100.0,5,0.96,1,12.25,31,20,5,1,25.0,5.0,9,9,100.0,28,19,67.86,17,11,64.71,2,22,7,1,4,0,0,1.784,0.446,0.089,46.389,46.39,76.77,0.446,0.089,1.093,2.765,2.498,1.695,1.517,0.98,5.77,0.178,1.963,0.624,0.089,0.803,0.8,8.92,2.23,0.45,8.92,0.09,6.05,20.48,71.18,37.44,29.49,43.96,24.38,43.29,47.74,25.61,47.95,58.55,74.01,47.89,25.15,0,0,0,0,0,0,0.0,0.0,0.0,0.0,0.0,34.15,1,5,5,80.1,20,Match_365,2025-11-22T12:14:07.613621+00:00,[],0,20,5,1,520,520,0,37.63,5,1,0.94,0,28,19,17,11,2,22,7,1,9,9,49.16,
"Escodo, Bel",RWB,725.89,51.24,60.18,35.57,69.83,25.55,substitute,Hillcrest Athletic,54,0.0,0.0,0.0,0.0,44.38,73.33,0.0,0.0,0.0,0.0,0.0,0.0,0.0,70.38,55.17,0.0,0.0,0.0,0.0,0.0,70.29,77.37,44.15,48.65,49.58,38.46,73.63,9155,21.02,549,111,438,20.22,17,3.1,3,20.03,6,22,6,1,27.27,4.55,6,3,50.0,45,20,44.44,11,5,45.45,4,16,7,1,2,4,0,2.728,0.744,0.124,68.068,13.76,54.31,2.108,0.372,2.483,0.744,5.579,2.48,1.364,0.62,5.64,0.496,1.984,0.868,0.124,0.744,0.37,6.2,3.38,0.56,2.51,0.38,5.51,74.1,40.52,65.19,29.87,40.96,45.15,48.53,61.33,29.64,61.8,41.28,61.57,43.35,20.6,0,0,0,0,0,0,0.0,0.0,0.0,0.0,0.0,71.41,3,6,4,23.64,18,Match_39,2025-01-26T11:23:59.613621+00:00,[],0,22,6,1,549,111,438,45.13,17,3,1.26,1,45,20,11,5,4,16,7,1,6,3,36.22,
"Nemenzo, Sirach Ethan",LWB,543.43,43.51,41.83,38.12,38.42,69.14,DNP,Northbridge FC,2,0.0,0.0,0.0,0.0,63.6,47.42,0.0,0.0,0.0,0.0,0.0,0.0,0.0,37.43,71.3,0.0,0.0,0.0,0.0,0.0,78.38,43.45,78.65,64.55,49.31,40.36,52.59,11206,34.37,687,545,142,79.33,7,1.02,0,22.25,57,4,1,0,25.0,0.0,3,2,66.67,38,12,31.58,4,1,25.0,3,2,5,0,0,1,0,0.662,0.166,0.0,113.777,90.26,23.52,1.159,0.0,3.685,9.44,6.293,1.987,0.662,0.17,4.14,0.497,0.331,0.828,0.0,0.497,0.33,11.04,4.14,73.66,13.14,0.17,5.23,27.48,49.95,79.94,44.84,41.1,69.69,45.55,78.44,40.15,75.58,47.53,42.39,53.17,29.76,0,0,0,0,0,0,0.0,0.0,0.0,0.0,0.0,39.22,2,1,6,47.73,19,Match_309,2025-10-19T08:40:58.614621+00:00,[],0,4,1,0,687,545,142,44.61,7,0,4.9,4,38,12,4,1,3,2,5,0,3,2,89.53,
"Darapan, Jermi",CDM,860.73,64.23,43.75,76.38,66.93,50.45,substitute,Eastview Rangers,91,0.0,0.0,0.0,0.0,42.07,55.11,0.0,0.0,0.0,0.0,0.0,0.0,0.0,42.96,75.61,0.0,0.0,0.0,0.0,0.0,58.9,47.13,40.97,78.7,77.22,57.33,54.24,12083,23.4,445,160,285,35.96,6,1.35,0,14.23,15,22,2,1,9.09,4.55,9,4,44.44,52,9,17.31,21,8,38.1,4,18,8,1,4,1,0,2.3,0.209,0.105,46.53,16.73,29.8,0.627,0.0,1.488,1.568,5.437,0.941,2.196,0.84,3.98,0.418,1.882,0.836,0.105,0.941,0.42,4.65,0.95,0.48,3.76,0.14,1.81,36.06,59.52,38.44,74.16,74.56,60.4,20.25,74.54,21.96,21.57,67.43,70.45,51.14,64.47,0,0,0,0,0,0,0.0,0.0,0.0,0.0,0.0,79.52,4,1,1,58.83,14,Match_133,2025-11-05T22:07:56.614621+00:00,[],0,22,2,1,445,160,285,71.75,6,0,3.08,5,52,9,21,8,4,18,8,1,9,4,57.67,
"Fernandez, Laurence",RW,595.64,56.58,41.49,34.38,73.87,37.82,starter,Lakeside Athletic,82,0.0,0.0,0.0,0.0,63.93,36.36,0.0,0.0,0.0,0.0,0.0,0.0,0.0,54.53,57.33,0.0,0.0,0.0,0.0,0.0,45.4,62.02,44.52,31.78,76.99,76.72,64.2,6779,18.97,364,353,11,96.98,8,2.2,1,16.85,5,31,10,2,32.26,6.45,15,6,40.0,6,4,66.67,10,7,70.0,2,3,3,0,4,2,0,4.684,1.511,0.302,55.0,53.34,1.66,1.209,0.151,2.546,0.755,0.907,0.604,1.511,1.06,10.58,0.302,0.453,0.453,0.0,2.266,0.91,6.04,4.87,0.97,14.65,0.33,10.07,52.13,34.72,66.8,67.16,66.22,59.56,36.5,76.1,57.65,58.3,54.76,26.21,47.55,55.75,0,0,0,0,0,0,0.0,0.0,0.0,0.0,0.0,74.47,5,1,3,63.3,4,Match_258,2025-01-02T10:57:09.615625+00:00,[],0,31,10,2,364,353,11,88.66,8,1,2.8,5,6,4,10,7,2,3,3,0,15,6,72.63,
"Mapula, Paul Vincent",GK,1123.91,26.48,21.38,50.7,29.14,72.01,DNP,Adamson University,78,0.0,0.0,0.0,0.0,30.02,65.87,0.0,0.0,0.0,0.0,0.0,0.0,0.0,38.65,69.46,0.0,0.0,0.0,0.0,0.0,61.69,57.78,71.39,46.74,30.6,39.35,34.81,20420,30.28,475,299,176,62.95,10,2.11,2,21.86,25,9,3,0,33.33,0.0,14,10,71.43,13,0,0.0,9,2,22.22,3,15,8,1,2,1,0,0.721,0.24,0.0,38.037,23.94,14.09,0.801,0.16,1.75,2.002,1.041,0.0,0.721,0.16,1.78,0.24,1.201,0.641,0.08,1.121,0.8,5.72,2.67,32.62,5.04,0.17,58.0,26.89,33.02,39.65,33.19,63.66,76.39,36.06,48.89,77.19,40.91,53.09,37.66,64.71,49.75,35,2,33,5.71,35,33,0.16,2.643,2.803,2.803,2.643,0.46,6,4,3,60.46,3,Match_115,2025-01-28T22:53:57.616627+00:00,[],0,9,3,0,475,299,176,20.84,10,2,3.42,5,13,0,9,2,3,15,8,1,14,10,86.15,
"Acebedo, James",RB,929.45,43.58,28.7,38.87,20.58,61.3,starter,Adamson University,85,0.0,0.0,0.0,0.0,35.14,72.43,0.0,0.0,0.0,0.0,0.0,0.0,0.0,51.96,39.94,0.0,0.0,0.0,0.0,0.0,35.91,77.67,56.83,35.5,40.12,37.0,73.07,16945,30.39,162,84,78,51.85,1,0.62,0,25.15,6,13,4,1,30.77,7.69,2,1,50.0,72,34,47.22,14,7,50.0,5,14,2,1,2,1,0,1.259,0.387,0.097,15.687,8.13,7.55,0.097,0.0,2.435,0.581,6.972,3.292,1.356,0.68,4.84,0.484,1.356,0.194,0.097,0.194,0.1,4.84,2.98,0.74,5.02,0.06,4.57,63.01,32.83,54.05,39.29,33.96,23.97,37.02,32.73,33.05,53.66,62.98,76.78,68.45,60.28,0,0,0,0,0,0,0.0,0.0,0.0,0.0,0.0,71.01,3,3,1,52.02,8,Match_277,2025-09-25T04:06:50.616627+00:00,[],0,13,4,1,162,84,78,55.4,1,0,2.91,2,72,34,14,7,5,14,2,1,2,1,83.9,
"Tabay, Albin",RWB,805.63,49.69,22.82,37.91,79.04,49.6,starter,Harborview United,41,0.0,0.0,0.0,0.0,31.91,64.65,0.0,0.0,0.0,0.0,0.0,0.0,0.0,54.54,44.74,0.0,0.0,0.0,0.0,0.0,68.1,62.09,79.57,50.59,36.06,66.63,35.5,2914,6.03,706,35,671,4.96,12,1.7,1,21.89,58,14,5,2,35.71,14.29,4,0,0.0,51,19,37.25,10,0,0.0,1,6,2,1,0,1,0,1.564,0.559,0.223,78.87,3.91,74.96,1.341,0.112,2.445,6.479,5.697,2.123,1.117,71.6,57.41,0.112,0.67,0.223,0.112,0.447,31.55,60.14,3.99,1.6,0.55,0.19,4.16,58.47,74.63,70.58,76.26,26.16,33.44,69.53,28.32,79.61,71.68,63.46,33.58,25.28,63.45,0,0,0,0,0,0,0.0,0.0,0.0,0.0,0.0,53.29,1,2,4,85.97,17,Match_280,2025-09-27T09:09:48.617625+00:00,[],0,14,5,2,706,35,671,20.81,12,1,1.61,1,51,19,10,0,1,6,2,1,4,0,78.66,
"Reyes, Marco",RB,426.17,59.75,24.51,49.68,32.75,60.23,substitute,Redwood Borough,27,0.0,0.0,0.0,0.0,49.13,51.03,0.0,0.0,0.0,0.0,0.0,0.0,0.0,49.32,78.8,0.0,0.0,0.0,0.0,0.0,40.23,34.83,38.45,60.59,37.2,45.77,75.88,3887,15.2,153,86,67,56.21,1,0.65,0,9.28,7,4,0,0,0.0,0.0,2,1,50.0,18,10,55.56,3,1,33.33,2,5,4,0,1,1,0,0.845,0.0,0.0,32.311,18.16,14.15,0.211,0.0,1.96,1.478,3.801,2.112,0.634,0.21,7.04,0.422,1.056,0.845,0.0,0.422,0.21,10.56,30.77,32.85,11.87,0.14,11.73,48.09,43.1,49.26,40.43,68.84,65.7,50.84,38.8,76.66,62.51,59.32,70.87,26.34,27.8,0,0,0,0,0,0,0.0,0.0,0.0,0.0,0.0,63.7,3,4,3,24.91,19,Match_221,2025-11-03T01:24:36.618621+00:00,[],0,4,0,0,153,86,67,29.03,1,0,1.18,1,18,10,3,1,2,5,4,0,2,1,44.17,
"Nemenzo, Sirach Ethan",ST,1047.65,38.8,56.45,51.12,26.55,22.99,starter,University of Santo Tomas,77,0.0,0.0,0.0,0.0,77.11,74.72,0.0,0.0,0.0,0.0,0.0,0.0,0.0,70.46,32.4,0.0,0.0,0.0,0.0,0.0,78.84,37.75,59.2,68.71,59.49,43.07,39.56,9190,14.62,335,93,242,27.76,7,2.09,2,20.56,11,16,6,1,37.5,6.25,19,5,26.32,14,4,28.57,11,11,100.0,3,14,8,3,2,2,0,1.375,0.515,0.086,28.779,7.99,20.79,0.601,0.172,1.766,0.945,1.203,0.344,0.945,0.94,8.59,0.258,1.203,0.687,0.258,1.632,0.43,2.26,3.22,0.54,2.38,0.18,2.45,34.94,26.66,26.91,73.7,54.51,34.33,51.93,36.53,72.96,61.97,44.27,43.57,33.19,69.44,0,0,0,0,0,0,0.0,0.0,0.0,0.0,0.0,76.93,2,3,4,25.89,6,Match_283,2025-04-04T13:47:53.618621+00:00,[],0,16,6,1,335,93,242,64.76,7,2,3.72,1,14,4,11,11,3,14,8,3,19,5,42.65,
"Aningalan, Jul",CM,1271.18,27.26,21.04,60.8,37.44,33.7,substitute,Coastal Town,15,0.0,0.0,0.0,0.0,33.03,53.27,0.0,0.0,0.0,0.0,0.0,0.0,0.0,45.61,70.31,0.0,0.0,0.0,0.0,0.0,37.76,43.71,37.85,44.71,69.05,70.94,58.67,6692,8.77,508,172,336,33.86,1,0.2,0,25.94,11,16,3,2,18.75,12.5,13,11,84.62,28,5,17.86,13,13,100.0,8,15,12,1,4,0,0,1.133,0.212,0.142,35.967,12.18,23.79,0.071,0.0,1.837,0.779,1.982,0.354,0.92,0.92,7.08,0.566,1.062,0.85,0.071,0.92,0.78,5.99,1.33,0.89,2.4,0.01,1.26,50.19,65.3,66.52,26.0,68.23,40.14,49.44,41.05,52.74,59.8,35.21,47.53,69.66,38.07,0,0,0,0,0,0,0.0,0.0,0.0,0.0,0.0,66.21,3,5,1,37.28,18,Match_277,2025-11-06T13:04:45.619621+00:00,[],0,16,3,2,508,172,336,74.98,1,0,0.06,4,28,5,13,13,8,15,12,1,13,11,56.86,
"Fernandez, Laurence",CDM,746.36,34.53,54.77,62.11,70.05,27.38,starter,Mapúa University,40,0.0,0.0,0.0,0.0,43.61,75.13,0.0,0.0,0.0,0.0,0.0,0.0,0.0,70.44,79.04,0.0,0.0,0.0,0.0,0.0,74.93,72.17,45.29,41.22,56.07,38.81,38.41,14942,33.37,637,297,340,46.62,12,1.88,1,16.7,19,14,4,2,28.57,14.29,11,2,18.18,50,40,80.0,8,8,100.0,1,25,8,1,3,0,0,1.688,0.482,0.241,76.813,35.81,41.0,1.447,0.121,2.014,2.291,6.029,4.823,0.965,0.96,12.06,0.121,3.015,0.965,0.121,1.326,0.24,2.19,3.45,1.72,5.62,0.23,9.65,67.72,54.0,67.55,40.82,26.61,20.5,75.63,28.83,60.86,51.39,37.39,53.49,29.76,49.21,0,0,0,0,0,0,0.0,0.0,0.0,0.0,0.0,35.4,2,3,1,74.94,19,Match_170,2025-05-13T19:24:49.619621+00:00,[],0,14,4,2,637,297,340,63.5,12,1,3.95,3,50,40,8,8,1,25,8,1,11,2,55.83,
"Acebedo, James",RW,1065.39,65.22,28.35,66.06,35.0,44.98,starter,Riverstone FC,42,0.0,0.0,0.0,0.0,57.26,75.53,0.0,0.0,0.0,0.0,0.0,0.0,0.0,61.67,35.91,0.0,0.0,0.0,0.0,0.0,79.32,60.41,35.41,66.85,63.17,33.1,32.32,14455,22.61,253,253,0,100.0,4,1.58,0,27.73,19,35,14,2,40.0,5.71,11,1,9.09,4,2,50.0,19,6,31.58,2,17,3,1,2,2,0,2.957,1.183,0.169,21.372,21.37,36.89,0.338,0.0,2.343,1.605,0.338,0.169,1.605,0.51,2.67,0.169,1.436,0.253,0.084,0.929,0.08,0.77,3.38,0.48,8.45,0.13,4.22,31.97,38.3,37.84,75.63,47.67,31.0,66.94,70.03,25.76,51.59,61.65,50.23,61.11,41.45,0,0,0,0,0,0,0.0,0.0,0.0,0.0,0.0,68.59,1,2,3,38.97,6,Match_328,2025-08-07T03:30:26.620621+00:00,[],0,35,14,2,253,253,0,38.38,4,0,4.06,4,4,2,19,6,2,17,3,1,11,1,73.23,
"Escodo, Miguel",ST,1350.0,62.02,60.46,64.36,23.18,32.3,starter,Ateneo de Manila University,16,0.0,0.0,0.0,0.0,32.8,39.23,0.0,0.0,0.0,0.0,0.0,0.0,0.0,69.19,67.3,0.0,0.0,0.0,0.0,0.0,42.48,57.73,56.1,55.77,70.07,30.86,69.81,12886,15.91,399,365,34,91.48,8,2.01,1,5.45,22,53,21,2,39.62,3.77,37,21,56.76,11,5,45.45,28,17,60.71,4,19,3,0,2,3,0,3.533,1.4,0.133,26.6,24.33,2.27,0.533,0.067,0.363,1.467,0.733,0.333,1.867,1.13,4.05,0.267,1.267,0.2,0.0,2.467,1.4,3.78,2.64,0.25,6.1,0.13,3.03,28.65,64.43,49.72,33.41,60.54,71.14,38.05,38.65,79.35,20.39,49.1,61.27,26.88,20.0,0,0,0,0,0,0,0.0,0.0,0.0,0.0,0.0,49.77,1,2,1,59.59,15,Match_313,2025-08-26T15:46:28.621621+00:00,[],0,53,21,2,399,365,34,34.51,8,1,2.74,3,11,5,28,17,4,19,3,0,37,21,79.6,
"Libarnes, Jaro",CM,825.93,26.4,47.42,53.85,20.66,38.17,starter,Riverside FC,19,0.0,0.0,0.0,0.0,45.65,61.13,0.0,0.0,0.0,0.0,0.0,0.0,0.0,55.18,68.49,0.0,0.0,0.0,0.0,0.0,70.44,53.2,69.07,52.74,67.07,32.75,70.53,4090,8.25,422,422,0,100.0,10,2.37,1,22.59,19,6,1,0,16.67,0.0,12,3,25.0,4,0,0.0,5,2,40.0,1,27,4,2,1,1,0,0.654,0.109,0.0,45.985,45.98,43.96,1.09,0.109,2.462,2.07,0.436,0.0,0.545,0.22,4.36,0.109,2.942,0.436,0.218,1.308,0.33,2.72,1.82,70.41,10.9,0.26,33.65,58.71,73.59,57.19,22.56,74.42,77.77,48.07,63.38,36.61,78.91,41.46,71.35,50.19,40.93,0,0,0,0,0,0,0.0,0.0,0.0,0.0,0.0,42.98,1,1,4,33.32,12,Match_317,2025-02-18T00:45:10.621621+00:00,[],0,6,1,0,422,422,0,75.51,10,1,1.99,2,4,0,5,2,1,27,4,2,12,3,68.79,
"Libarnes, Jaro",CM,1160.46,64.78,26.33,72.85,63.69,43.05,substitute,Harborview United,94,0.0,0.0,0.0,0.0,63.37,71.36,0.0,0.0,0.0,0.0,0.0,0.0,0.0,51.78,79.95,0.0,0.0,0.0,0.0,0.0,61.54,68.44,51.46,71.6,73.18,76.16,79.22,22763,32.69,521,163,358,31.29,11,2.11,2,21.65,24,27,8,2,29.63,7.41,21,15,71.43,25,13,52.0,19,11,57.89,3,7,0,1,3,1,0,2.094,0.62,0.155,40.406,12.64,27.76,0.853,0.155,1.679,1.861,1.939,1.008,1.474,0.85,4.49,0.233,0.543,0.0,0.078,1.629,1.16,5.54,2.3,0.57,2.43,0.16,4.03,78.4,75.34,23.72,35.03,22.25,65.0,46.49,42.46,57.88,21.77,30.44,26.46,46.97,27.99,0,0,0,0,0,0,0.0,0.0,0.0,0.0,0.0,33.75,2,3,3,20.57,15,Match_215,2025-01-08T22:38:15.622621+00:00,[],0,27,8,2,521,163,358,41.91,11,2,3.69,4,25,13,19,11,3,7,0,1,21,15,52.46,
"Santos, Hugo",CDM,541.27,39.91,27.08,33.83,56.09,39.86,starter,Far Eastern University,67,0.0,0.0,0.0,0.0,76.28,70.13,0.0,0.0,0.0,0.0,0.0,0.0,0.0,75.77,60.38,0.0,0.0,0.0,0.0,0.0,77.47,44.62,48.3,51.75,73.88,39.19,72.53,11155,34.35,67,67,0,100.0,2,2.99,0,27.85,4,6,2,0,33.33,0.0,2,2,100.0,34,0,0.0,10,10,100.0,3,14,2,0,1,1,0,0.998,0.333,0.0,11.14,11.14,37.68,0.333,0.0,4.631,0.665,5.653,0.0,1.663,1.66,16.63,0.499,2.328,0.333,0.0,0.333,0.33,16.63,5.54,74.88,16.63,0.5,37.32,33.44,76.44,75.34,35.08,62.2,24.08,72.29,78.09,24.49,54.52,71.19,75.91,50.0,43.95,0,0,0,0,0,0,0.0,0.0,0.0,0.0,0.0,44.32,2,2,4,85.08,9,Match_45,2025-11-12T08:21:38.623614+00:00,[],0,6,2,0,67,67,0,44.47,2,0,2.97,4,34,0,10,10,3,14,2,0,2,2,73.98,
"Garces, Josh",CB,1117.03,30.2,49.8,33.51,41.02,48.66,starter,Redwood Borough,6,0.0,0.0,0.0,0.0,68.62,41.43,0.0,0.0,0.0,0.0,0.0,0.0,0.0,67.52,45.59,0.0,0.0,0.0,0.0,0.0,38.52,71.16,54.19,58.2,41.06,54.32,34.1,21704,32.38,298,298,0,100.0,4,1.34,0,7.07,11,1,0,0,0.0,0.0,13,6,46.15,48,5,10.42,25,5,20.0,8,22,12,1,2,2,0,0.081,0.0,0.0,24.01,24.01,44.62,0.322,0.0,0.57,0.886,3.867,0.403,2.014,0.4,1.61,0.645,1.773,0.967,0.081,1.047,0.48,3.72,44.49,46.96,8.06,0.11,0.84,66.89,72.59,33.67,75.87,21.58,66.91,31.77,56.49,42.76,61.02,21.09,48.93,43.23,42.63,0,0,0,0,0,0,0.0,0.0,0.0,0.0,0.0,60.71,1,5,3,32.34,6,Match_152,2025-08-23T21:49:45.623614+00:00,[],0,1,0,0,298,298,0,45.75,4,0,0.47,2,48,5,25,5,8,22,12,1,13,6,86.55,
"Reyes, Bel",CM,1112.56,28.82,76.3,32.35,62.32,68.81,substitute,Westwood Athletic,10,0.0,0.0,0.0,0.0,30.94,52.86,0.0,0.0,0.0,0.0,0.0,0.0,0.0,38.45,60.4,0.0,0.0,0.0,0.0,0.0,52.62,49.83,55.22,32.21,72.27,30.62,39.11,6947,10.41,1072,1072,0,100.0,30,2.8,5,11.93,19,10,3,0,30.0,0.0,13,1,7.69,30,15,50.0,21,6,28.57,3,20,9,2,1,3,0,0.809,0.243,0.0,86.719,86.72,59.96,2.427,0.404,0.965,1.537,2.427,1.213,1.699,0.49,2.31,0.243,1.618,0.728,0.162,1.052,0.08,0.62,2.43,65.82,8.09,0.23,4.04,73.86,71.53,46.61,38.16,42.02,53.08,72.14,34.65,73.58,39.13,52.49,26.26,40.8,44.65,0,0,0,0,0,0,0.0,0.0,0.0,0.0,0.0,78.07,3,3,5,70.79,3,Match_248,2025-10-01T05:30:16.624621+00:00,[],0,10,3,0,1072,1072,0,89.83,30,5,2.0,1,30,15,21,6,3,20,9,2,13,1,74.34,
"Abellana, Marco",CDM,929.01,26.57,65.78,76.23,74.6,65.27,starter,Westwood Athletic,40,0.0,0.0,0.0,0.0,47.92,69.71,0.0,0.0,0.0,0.0,0.0,0.0,0.0,78.13,76.5,0.0,0.0,0.0,0.0,0.0,68.99,77.22,42.58,55.82,30.1,74.0,55.72,17263,30.97,1237,510,727,41.23,58,4.69,3,22.7,43,12,5,2,41.67,16.67,7,3,42.86,30,23,76.67,14,12,85.71,6,15,7,2,1,1,0,1.163,0.484,0.194,119.837,49.41,70.43,5.619,0.291,2.199,4.166,2.906,2.228,1.356,1.16,8.3,0.581,1.453,0.678,0.194,0.678,0.29,4.15,4.04,1.61,3.99,0.45,7.43,40.17,69.69,35.75,65.2,32.99,21.64,63.55,57.29,71.94,66.96,75.71,65.14,68.44,53.2,0,0,0,0,0,0,0.0,0.0,0.0,0.0,0.0,78.32,6,3,4,32.45,7,Match_305,2025-06-17T18:20:06.624621+00:00,[],0,12,5,2,1237,510,727,76.41,58,3,0.3,4,30,23,14,12,6,15,7,2,7,3,69.74,
"Barro, Harvy",CM,1244.37,49.01,70.66,33.07,23.52,76.33,starter,Ateneo de Manila University,46,0.0,0.0,0.0,0.0,42.55,55.72,0.0,0.0,0.0,0.0,0.0,0.0,0.0,46.21,36.02,0.0,0.0,0.0,0.0,0.0,34.35,39.77,37.49,44.37,76.22,70.74,36.44,21659,29.01,1353,1353,0,100.0,11,0.81,3,5.58,66,14,3,2,21.43,14.29,6,1,16.67,22,4,18.18,23,19,82.61,1,33,3,2,2,2,0,1.013,0.217,0.145,97.857,97.86,41.35,0.796,0.217,0.404,4.773,1.591,0.289,1.663,1.37,5.97,0.072,2.387,0.217,0.145,0.434,0.07,1.21,1.55,1.03,7.23,0.06,1.31,36.59,56.62,38.84,23.84,30.79,65.96,36.57,72.14,27.63,57.82,28.81,57.08,22.97,26.87,0,0,0,0,0,0,0.0,0.0,0.0,0.0,0.0,44.95,6,0,7,52.07,16,Match_159,2024-12-13T10:18:05.625615+00:00,[],0,14,3,2,1353,1353,0,20.46,11,3,4.6,3,22,4,23,19,1,33,3,2,6,1,28.84,
"Berciles, Earl",LW,478.29,43.42,37.45,29.0,55.47,26.37,starter,San Beda University,21,0.0,0.0,0.0,0.0,72.8,69.53,0.0,0.0,0.0,0.0,0.0,0.0,0.0,62.2,45.63,0.0,0.0,0.0,0.0,0.0,69.24,71.78,66.71,55.28,36.42,46.7,30.79,1585,5.52,351,177,174,50.43,0,0.0,0,23.08,3,9,5,0,55.56,0.0,4,1,25.0,9,8,88.89,10,7,70.0,1,16,3,0,0,1,0,1.694,0.941,0.0,66.048,33.31,32.74,0.0,0.0,4.343,0.565,1.694,1.505,1.882,1.32,13.17,0.188,3.011,0.565,0.0,0.753,0.19,4.7,10.45,46.1,9.49,34.23,16.73,32.69,38.79,62.95,64.52,67.01,62.77,76.4,42.73,54.96,59.42,29.0,65.76,58.95,77.31,0,0,0,0,0,0,0.0,0.0,0.0,0.0,0.0,32.86,6,4,6,69.35,16,Match_57,2025-05-30T09:45:26.626621+00:00,[],0,9,5,0,351,177,174,37.53,0,0,1.47,4,9,8,10,7,1,16,3,0,4,1,22.29,
"Soria, Stephen",RW,954.63,36.49,69.67,79.2,75.54,34.7,starter,Summit Peak FC,54,0.0,0.0,0.0,0.0,41.75,32.74,0.0,0.0,0.0,0.0,0.0,0.0,0.0,37.52,78.74,0.0,0.0,0.0,0.0,0.0,53.58,48.72,63.61,41.3,65.13,74.16,44.81,19673,34.35,247,33,214,13.36,6,2.43,1,6.63,4,46,12,5,26.09,10.87,25,10,40.0,14,6,42.86,9,7,77.78,5,8,6,1,2,1,0,4.337,1.131,0.471,23.287,3.11,20.18,0.566,0.094,0.625,0.377,1.32,0.566,0.848,0.66,7.33,0.471,0.754,0.566,0.094,2.357,0.94,3.77,2.46,1.02,1.26,0.23,4.04,74.56,60.45,59.95,56.33,67.75,40.49,27.08,44.51,50.3,28.9,49.65,72.89,31.89,30.79,0,0,0,0,0,0,0.0,0.0,0.0,0.0,0.0,31.64,2,4,5,67.64,16,Match_63,2025-07-13T14:36:51.626621+00:00,[],0,46,12,5,247,33,214,83.42,6,1,0.79,1,14,6,9,7,5,8,6,1,25,10,73.06,
"Perez, Hugo",ST,1004.95,34.17,65.96,74.98,76.2,25.03,starter,Far Eastern University,94,0.0,0.0,0.0,0.0,72.05,75.8,0.0,0.0,0.0,0.0,0.0,0.0,0.0,40.16,50.08,0.0,0.0,0.0,0.0,0.0,48.29,72.45,73.6,67.64,31.45,59.44,55.69,5925,9.83,232,70,162,30.17,2,0.86,0,12.28,11,32,15,0,46.88,0.0,28,4,14.29,18,7,38.89,14,8,57.14,6,20,6,4,0,2,0,2.866,1.343,0.0,20.777,6.27,14.51,0.179,0.0,1.1,0.985,1.612,0.627,1.254,0.72,5.12,0.537,1.791,0.537,0.358,2.508,0.36,1.28,4.2,67.03,2.7,0.08,3.48,73.74,55.61,42.19,58.96,42.76,46.32,50.52,55.28,76.69,25.81,37.84,40.47,53.85,73.84,0,0,0,0,0,0,0.0,0.0,0.0,0.0,0.0,70.35,4,7,2,65.46,12,Match_321,2025-03-25T08:16:58.627627+00:00,[],0,32,15,0,232,70,162,36.0,2,0,0.82,3,18,7,14,8,6,20,6,4,28,4,37.85,
"Reyes, John",RW,730.81,51.9,31.71,49.3,69.34,42.17,substitute,Riverstone FC,70,0.0,0.0,0.0,0.0,59.53,55.16,0.0,0.0,0.0,0.0,0.0,0.0,0.0,47.73,52.48,0.0,0.0,0.0,0.0,0.0,51.59,38.42,62.87,67.69,72.33,64.43,55.71,8118,18.51,238,238,0,100.0,3,1.26,0,23.35,10,24,11,0,45.83,0.0,19,8,42.11,8,2,25.0,12,2,16.67,4,18,8,0,1,1,0,2.956,1.355,0.0,29.31,29.31,56.15,0.369,0.0,2.876,1.232,0.985,0.246,1.478,0.25,2.05,0.493,2.217,0.985,0.0,2.34,0.99,5.19,5.64,42.5,12.32,0.16,3.08,36.91,76.87,45.59,46.69,27.57,47.23,75.08,62.98,75.15,27.2,73.33,49.6,25.21,28.21,0,0,0,0,0,0,0.0,0.0,0.0,0.0,0.0,70.11,3,2,5,43.44,15,Match_15,2025-01-30T11:36:45.628622+00:00,[],0,24,11,0,238,238,0,69.11,3,0,3.16,6,8,2,12,2,4,18,8,0,19,8,70.42,
"Acebedo, James",ST,773.08,56.74,25.32,50.98,63.4,32.85,starter,Far Eastern University,26,0.0,0.0,0.0,0.0,70.04,32.3,0.0,0.0,0.0,0.0,0.0,0.0,0.0,70.71,47.78,0.0,0.0,0.0,0.0,0.0,72.88,73.8,60.42,33.8,35.31,57.01,30.16,6339,13.67,464,69,395,14.87,8,1.72,1,9.69,41,16,2,1,12.5,6.25,10,10,100.0,12,7,58.33,21,21,100.0,0,11,5,1,2,2,0,1.863,0.233,0.116,54.018,8.03,45.98,0.931,0.116,1.128,4.773,1.397,0.815,2.445,2.44,11.64,0.0,1.281,0.582,0.116,1.164,1.16,11.64,1.46,0.73,1.73,0.2,6.79,46.06,49.44,56.67,62.6,22.33,61.28,56.8,57.86,34.08,40.92,51.83,77.26,72.67,70.44,0,0,0,0,0,0,0.0,0.0,0.0,0.0,0.0,79.9,1,5,6,63.29,18,Match_206,2025-03-07T21:08:43.628622+00:00,[],0,16,2,1,464,69,395,64.92,8,1,3.34,4,12,7,21,21,0,11,5,1,10,10,35.9,
"Berciles, Earl",CDM,693.5,38.03,23.28,49.13,33.14,58.18,substitute,Riverside FC,52,0.0,0.0,0.0,0.0,54.51,78.79,0.0,0.0,0.0,0.0,0.0,0.0,0.0,49.84,63.07,0.0,0.0,0.0,0.0,0.0,71.7,66.45,48.1,79.78,40.59,32.93,69.01,13084,31.44,455,132,323,29.01,14,3.08,2,9.47,19,0,0,0,28.71,3.29,9,6,66.67,17,16,94.12,11,2,18.18,1,10,7,1,1,1,0,0.0,0.0,0.0,59.048,17.13,41.92,1.817,0.26,1.229,2.466,2.206,2.076,1.428,0.26,2.36,0.13,1.298,0.908,0.13,1.168,0.78,8.65,3.73,0.43,3.76,0.4,12.21,22.74,46.86,33.28,72.54,52.16,66.77,26.62,78.1,56.65,27.75,52.39,77.02,21.27,42.75,0,0,0,0,0,0,0.0,0.0,0.0,0.0,0.0,75.19,0,1,2,34.98,11,Match_228,2025-01-10T07:34:31.629621+00:00,[],0,0,0,0,455,132,323,80.68,14,2,3.23,2,17,16,11,2,1,10,7,1,9,6,89.16,
"Pedimonte, Nhiboy",ST,1169.62,26.01,64.56,52.5,75.14,25.73,substitute,Redwood Borough,54,0.0,0.0,0.0,0.0,56.69,50.51,0.0,0.0,0.0,0.0,0.0,0.0,0.0,65.92,58.39,0.0,0.0,0.0,0.0,0.0,35.46,77.13,52.87,36.81,74.17,58.48,74.23,11443,16.31,487,350,137,71.87,13,2.67,2,13.94,7,62,34,3,54.84,4.84,9,5,55.56,25,7,28.0,19,13,68.42,4,15,6,1,3,1,0,4.771,2.616,0.231,37.474,26.93,10.54,1.0,0.154,1.073,0.539,1.924,0.539,1.462,1.0,5.26,0.308,1.154,0.462,0.077,0.693,0.38,4.28,4.22,0.37,5.53,0.21,2.15,55.29,43.47,69.89,71.56,67.09,45.51,64.61,38.13,47.53,25.98,78.16,54.57,42.59,45.77,0,0,0,0,0,0,0.0,0.0,0.0,0.0,0.0,32.96,1,3,2,76.45,5,Match_135,2025-04-25T17:31:57.629621+00:00,[],0,62,34,3,487,350,137,58.56,13,2,2.28,2,25,7,19,13,4,15,6,1,9,5,81.06,
"Barro, Jaro",GK,920.8,26.83,61.34,55.92,72.29,36.09,starter,2 Worlds FC,20,0.0,0.0,0.0,0.0,37.11,54.02,0.0,0.0,0.0,0.0,0.0,0.0,0.0,38.46,72.1,0.0,0.0,0.0,0.0,0.0,40.16,54.73,54.75,65.06,73.52,76.39,72.19,19014,34.42,129,100,29,77.52,1,0.78,0,9.13,5,13,6,0,46.15,0.0,4,3,75.0,34,17,50.0,33,21,63.64,1,29,5,1,2,2,0,1.271,0.586,0.0,12.609,9.77,2.83,0.098,0.0,0.892,0.489,3.323,1.662,3.225,2.05,6.22,0.098,2.834,0.489,0.098,0.391,0.29,7.33,4.51,56.29,7.58,0.08,4.89,32.55,53.74,49.32,49.99,77.57,34.14,47.68,48.98,53.29,64.38,63.98,75.27,45.54,24.65,14,6,8,42.86,14,8,0.586,0.782,1.368,1.368,0.782,4.19,2,3,2,79.43,7,Match_53,2025-07-12T09:53:09.630616+00:00,[],0,13,6,0,129,100,29,80.61,1,0,0.3,4,34,17,33,21,1,29,5,1,4,3,29.4,
"Andrada, Vince",ST,929.98,33.21,62.9,48.43,39.06,30.75,DNP,Brookside United,18,0.0,0.0,0.0,0.0,77.8,77.64,0.0,0.0,0.0,0.0,0.0,0.0,0.0,50.87,38.29,0.0,0.0,0.0,0.0,0.0,73.22,72.93,43.68,51.42,41.87,62.05,31.06,18790,33.67,480,258,222,53.75,20,4.17,1,23.94,31,19,4,1,21.05,5.26,20,9,45.0,17,4,23.53,7,7,100.0,2,26,6,1,3,1,0,1.839,0.387,0.097,46.453,24.97,21.48,1.936,0.097,2.317,3.0,1.645,0.387,0.677,0.68,9.68,0.194,2.516,0.581,0.097,1.936,0.87,4.35,2.04,0.51,5.2,0.4,2.28,48.23,79.6,20.34,62.09,31.96,25.63,47.52,25.68,57.5,55.67,24.01,58.18,73.0,40.7,0,0,0,0,0,0,0.0,0.0,0.0,0.0,0.0,62.67,3,4,1,76.12,4,Match_84,2025-02-24T08:47:07.631641+00:00,[],0,19,4,1,480,258,222,39.27,20,1,4.14,4,17,4,7,7,2,26,6,1,20,9,57.63,
"Tabelin, Kirvy",LB,894.51,50.59,46.38,59.89,39.63,50.02,starter,Ateneo de Manila University,18,0.0,0.0,0.0,0.0,35.42,64.88,0.0,0.0,0.0,0.0,0.0,0.0,0.0,77.28,79.04,0.0,0.0,0.0,0.0,0.0,78.68,40.34,36.84,47.06,79.44,49.32,73.64,6105,11.37,538,166,372,30.86,0,0.0,0,18.51,23,6,3,0,50.0,0.0,1,1,100.0,22,1,4.55,20,14,70.0,7,21,7,1,2,1,0,0.604,0.302,0.0,54.13,16.7,37.43,0.0,0.0,1.862,2.314,2.214,0.101,2.012,1.41,7.04,0.704,2.113,0.704,0.101,0.101,0.1,10.06,5.03,51.91,3.1,74.4,0.46,27.04,53.61,42.64,43.13,48.47,38.71,51.32,51.84,73.0,70.53,77.32,76.73,70.02,62.68,0,0,0,0,0,0,0.0,0.0,0.0,0.0,0.0,38.92,4,5,3,76.04,19,Match_277,2025-11-30T10:24:52.631641+00:00,[],0,6,3,0,538,166,372,47.58,0,0,4.85,2,22,1,20,14,7,21,7,1,1,1,34.91,
"Escodo, Sam",GK,1003.24,44.91,79.74,62.26,36.45,23.43,substitute,Eastview Rangers,62,0.0,0.0,0.0,0.0,41.45,61.24,0.0,0.0,0.0,0.0,0.0,0.0,0.0,76.37,30.48,0.0,0.0,0.0,0.0,0.0,64.06,52.24,34.94,75.78,53.4,70.85,76.1,7102,11.8,218,169,49,77.52,3,1.38,0,25.69,13,17,3,0,17.65,0.0,4,1,25.0,34,7,20.59,27,21,77.78,2,27,9,1,3,3,0,1.525,0.269,0.0,19.557,15.16,4.4,0.269,0.0,2.305,1.166,3.05,0.628,2.422,1.88,6.98,0.179,2.422,0.807,0.09,0.359,0.09,2.24,1.58,68.09,6.95,0.12,1.85,54.33,21.83,63.08,48.25,56.45,47.27,30.43,65.0,58.85,52.74,26.23,42.17,56.78,62.8,36,8,28,22.22,36,28,0.718,2.512,3.23,3.23,2.512,1.99,3,4,4,41.82,10,Match_379,2025-01-06T18:06:02.632621+00:00,[],0,17,3,0,218,169,49,40.98,3,0,2.88,4,34,7,27,21,2,27,9,1,4,1,83.63,
"Merino, Josh",ST,659.27,38.69,41.04,40.49,54.09,61.78,substitute,San Beda University,40,0.0,0.0,0.0,0.0,46.91,59.89,0.0,0.0,0.0,0.0,0.0,0.0,0.0,41.8,75.44,0.0,0.0,0.0,0.0,0.0,61.85,51.1,72.89,39.23,72.4,35.7,36.74,11772,29.76,256,55,201,21.48,1,0.39,0,5.39,7,16,5,1,31.25,6.25,18,8,44.44,10,7,70.0,16,5,31.25,2,5,1,1,1,3,0,2.184,0.683,0.137,34.948,7.51,27.44,0.137,0.0,0.736,0.956,1.365,0.956,2.184,0.68,4.27,0.273,0.683,0.137,0.137,2.457,1.09,6.07,4.27,0.85,2.93,0.05,9.56,53.97,47.78,26.98,25.43,63.77,31.14,55.47,77.95,66.0,67.32,33.05,42.47,24.88,63.46,0,0,0,0,0,0,0.0,0.0,0.0,0.0,0.0,37.94,6,3,5,89.39,4,Match_92,2025-10-21T08:23:15.633621+00:00,[],0,16,5,1,256,55,201,48.26,1,0,1.28,3,10,7,16,5,2,5,1,1,18,8,50.09,
"Dela Cruz, Laurence",ST,1210.46,50.66,32.64,33.1,35.65,75.32,substitute,Mapúa University,12,0.0,0.0,0.0,0.0,54.7,35.71,0.0,0.0,0.0,0.0,0.0,0.0,0.0,44.95,65.98,0.0,0.0,0.0,0.0,0.0,67.05,72.57,31.16,67.78,38.01,64.56,74.8,9383,12.92,397,397,0,100.0,8,2.02,2,8.23,2,25,6,0,24.0,0.0,14,7,50.0,6,2,33.33,40,28,70.0,11,22,9,1,1,2,0,1.859,0.446,0.0,29.518,29.52,60.47,0.595,0.149,0.612,0.149,0.446,0.149,2.974,2.08,5.2,0.818,1.636,0.669,0.074,1.041,0.52,3.72,1.78,31.36,7.44,0.15,2.48,51.02,57.87,48.51,48.03,39.38,53.83,59.5,74.08,39.34,26.28,41.53,74.06,29.53,48.53,0,0,0,0,0,0,0.0,0.0,0.0,0.0,0.0,50.05,4,1,1,45.25,9,Match_365,2025-06-27T09:17:52.633621+00:00,[],0,25,6,0,397,397,0,82.27,8,2,3.46,1,6,2,40,28,11,22,9,1,14,7,44.72,
"Alcantara, Paolo",CAM,1113.18,41.66,77.59,78.22,38.56,65.95,substitute,Far Eastern University,85,0.0,0.0,0.0,0.0,37.42,34.0,0.0,0.0,0.0,0.0,0.0,0.0,0.0,64.6,78.21,0.0,0.0,0.0,0.0,0.0,66.93,79.33,68.63,33.24,76.25,53.62,66.33,20149,30.17,1601,1554,47,97.06,19,1.19,3,21.86,39,0,0,0,42.89,2.77,36,36,100.0,38,10,26.32,16,6,37.5,5,2,10,0,2,2,0,0.0,0.0,0.0,129.44,100.0,3.8,1.536,0.243,1.767,3.153,3.072,0.808,1.294,0.49,3.03,0.404,0.162,0.808,0.0,2.911,2.91,8.08,3.47,0.22,7.85,0.1,2.13,68.09,47.52,29.92,20.05,28.85,72.98,38.08,24.82,34.17,32.2,25.41,34.68,61.08,70.74,0,0,0,0,0,0,0.0,0.0,0.0,0.0,0.0,62.7,3,1,5,50.66,14,Match_52,2025-02-07T11:44:38.634621+00:00,[],0,0,0,0,1601,1554,47,71.46,19,3,4.37,1,38,10,16,6,5,2,10,0,36,36,56.6,
"Apostol, Carlo",CDM,661.54,31.9,31.28,32.67,46.12,40.38,substitute,Eastview Rangers,30,0.0,0.0,0.0,0.0,59.07,65.9,0.0,0.0,0.0,0.0,0.0,0.0,0.0,73.82,34.84,0.0,0.0,0.0,0.0,0.0,54.78,62.67,75.43,69.58,62.46,79.73,78.27,7604,19.16,747,608,139,81.39,12,1.61,1,15.82,1,9,2,1,22.22,11.11,3,1,33.33,41,24,58.54,17,3,17.65,5,13,7,2,1,1,0,1.224,0.272,0.136,101.627,82.72,18.91,1.633,0.136,2.152,0.136,5.578,3.265,2.313,0.41,2.4,0.68,1.769,0.952,0.272,0.408,0.14,4.53,3.02,1.51,11.07,0.22,7.96,59.24,45.54,37.1,43.21,69.28,22.09,77.51,45.3,29.81,60.94,70.05,47.9,24.96,61.16,0,0,0,0,0,0,0.0,0.0,0.0,0.0,0.0,49.09,4,3,4,86.21,3,Match_156,2025-08-25T08:22:04.634621+00:00,[],0,9,2,1,747,608,139,89.25,12,1,4.46,6,41,24,17,3,5,13,7,2,3,1,73.39,
"Moleje, Josh",LW,961.07,58.75,66.01,21.41,36.03,37.59,starter,Riverside FC,44,0.0,0.0,0.0,0.0,48.41,67.35,0.0,0.0,0.0,0.0,0.0,0.0,0.0,77.46,51.32,0.0,0.0,0.0,0.0,0.0,40.26,61.86,70.89,77.16,73.07,40.42,77.61,20662,35.83,240,16,224,6.67,1,0.42,0,27.49,19,16,4,1,25.0,6.25,6,3,50.0,15,4,26.67,8,5,62.5,6,19,15,1,1,0,0,1.498,0.375,0.094,22.475,1.5,20.98,0.094,0.0,2.574,1.779,1.405,0.375,0.749,0.47,5.85,0.562,1.779,1.405,0.094,0.562,0.28,4.68,2.34,0.59,0.62,0.04,2.5,45.02,46.81,37.86,22.14,26.7,63.91,51.88,43.77,30.51,52.1,27.56,28.68,49.61,73.56,0,0,0,0,0,0,0.0,0.0,0.0,0.0,0.0,76.77,1,7,3,66.14,6,Match_37,2025-09-14T11:05:27.635621+00:00,[],0,16,4,1,240,16,224,26.21,1,0,1.55,2,15,4,8,5,6,19,15,1,6,3,83.75,
"Mapula, Paul Vincent",CF,917.57,63.04,46.22,64.81,66.7,36.61,starter,Coastal Town,28,0.0,0.0,0.0,0.0,73.88,49.98,0.0,0.0,0.0,0.0,0.0,0.0,0.0,64.71,37.4,0.0,0.0,0.0,0.0,0.0,73.55,34.73,72.33,40.89,37.27,51.9,72.54,7925,14.39,693,565,128,81.53,17,2.45,2,22.51,38,9,1,0,11.11,0.0,13,9,69.23,12,1,8.33,17,17,100.0,3,9,14,1,4,1,0,0.883,0.098,0.0,67.973,55.42,12.55,1.667,0.196,2.208,3.727,1.177,0.098,1.667,1.67,9.81,0.294,0.883,1.373,0.098,1.275,0.88,6.79,1.09,44.49,8.0,0.24,0.82,60.29,56.28,74.58,60.69,36.36,44.43,21.12,44.86,27.79,36.02,55.94,78.55,39.09,33.28,0,0,0,0,0,0,0.0,0.0,0.0,0.0,0.0,44.16,4,5,3,82.89,8,Match_112,2025-11-20T09:37:47.636634+00:00,[],0,9,1,0,693,565,128,81.13,17,2,4.18,2,12,1,17,17,3,9,14,1,13,9,78.66,
"Mapula, Paul Joshua",RB,761.2,32.8,55.1,57.46,53.89,44.92,starter,Lakeside Athletic,4,0.0,0.0,0.0,0.0,66.15,66.34,0.0,0.0,0.0,0.0,0.0,0.0,0.0,69.0,54.95,0.0,0.0,0.0,0.0,0.0,65.18,75.64,75.85,57.36,42.11,69.12,53.89,11669,25.55,852,198,654,23.24,38,4.46,4,18.3,26,12,3,0,25.0,0.0,4,1,25.0,15,6,40.0,3,1,33.33,7,18,12,1,1,2,0,1.419,0.355,0.0,100.736,23.41,77.33,4.493,0.473,2.164,3.074,1.774,0.709,0.355,0.12,3.94,0.828,2.128,1.419,0.118,0.473,0.12,2.96,2.96,32.49,2.75,0.53,4.73,65.9,65.08,37.03,64.64,79.38,42.52,52.26,42.71,76.93,27.41,43.74,32.68,26.64,37.36,0,0,0,0,0,0,0.0,0.0,0.0,0.0,0.0,49.83,3,3,4,80.74,12,Match_399,2025-01-29T06:14:47.636634+00:00,[],0,12,3,0,852,198,654,73.6,38,4,3.75,4,15,6,3,1,7,18,12,1,4,1,67.63,
"Santos, Aris",LW,528.12,34.44,21.74,33.45,56.58,50.2,starter,Riverside FC,53,0.0,0.0,0.0,0.0,39.16,66.01,0.0,0.0,0.0,0.0,0.0,0.0,0.0,33.57,72.67,0.0,0.0,0.0,0.0,0.0,78.46,60.91,65.09,69.78,65.33,56.96,75.21,5867,18.52,287,36,251,12.54,6,2.09,1,22.53,18,16,6,0,37.5,0.0,8,5,62.5,14,3,21.43,2,0,0.0,2,15,7,0,2,1,0,2.727,1.022,0.0,48.909,6.13,42.77,1.022,0.17,3.839,3.067,2.386,0.511,0.341,39.43,33.2,0.341,2.556,1.193,0.0,1.363,0.85,10.65,6.39,33.78,2.14,0.36,3.65,24.83,54.24,44.53,21.37,56.59,29.99,57.53,61.06,77.11,21.36,56.08,67.39,43.36,50.68,0,0,0,0,0,0,0.0,0.0,0.0,0.0,0.0,60.79,5,4,5,76.31,11,Match_390,2025-03-10T06:40:27.637649+00:00,[],0,16,6,0,287,36,251,76.15,6,1,4.31,3,14,3,2,0,2,15,7,0,8,5,55.1,
"Berciles, Earl",RWB,667.63,60.79,56.42,79.35,62.89,46.31,substitute,Highland Wanderers,16,0.0,0.0,0.0,0.0,76.74,46.49,0.0,0.0,0.0,0.0,0.0,0.0,0.0,38.83,76.55,0.0,0.0,0.0,0.0,0.0,73.39,57.56,60.17,32.7,68.58,30.97,55.65,10628,26.53,58,35,23,60.34,0,0.0,0,7.69,2,13,6,0,46.15,0.0,5,1,20.0,46,29,63.04,10,8,80.0,3,9,5,2,0,1,0,1.752,0.809,0.0,7.819,4.72,3.1,0.0,0.0,1.037,0.27,6.201,3.909,1.348,1.08,10.78,0.404,1.213,0.674,0.27,0.674,0.13,2.7,6.22,72.1,8.13,36.16,8.5,69.67,23.59,68.7,69.7,63.51,22.39,43.97,75.64,57.76,46.4,67.25,26.22,70.82,65.48,0,0,0,0,0,0,0.0,0.0,0.0,0.0,0.0,56.63,3,3,4,42.7,20,Match_39,2025-07-23T03:51:21.638635+00:00,[],0,13,6,0,58,35,23,28.95,0,0,3.16,1,46,29,10,8,3,9,5,2,5,1,54.47,
"Tabelin, Kirvy",ST,944.58,37.87,33.68,71.06,54.99,28.9,substitute,Hillcrest Athletic,50,0.0,0.0,0.0,0.0,68.34,34.38,0.0,0.0,0.0,0.0,0.0,0.0,0.0,41.94,43.84,0.0,0.0,0.0,0.0,0.0,56.31,59.55,39.6,48.66,75.95,57.69,56.17,19686,34.74,262,18,244,6.87,2,0.76,0,13.88,11,23,6,3,26.09,13.04,31,12,38.71,23,4,17.39,9,7,77.78,6,2,14,1,2,2,0,2.191,0.572,0.286,24.963,1.72,23.25,0.191,0.0,1.322,1.048,2.191,0.381,0.858,0.67,7.41,0.572,0.191,1.334,0.095,2.954,1.14,3.69,2.49,1.24,0.65,0.07,1.66,20.72,41.85,50.52,72.21,51.01,48.62,74.0,78.34,58.63,55.23,50.07,51.4,42.68,75.56,0,0,0,0,0,0,0.0,0.0,0.0,0.0,0.0,65.67,3,5,2,75.1,4,Match_260,2025-01-17T03:46:04.638635+00:00,[],0,23,6,3,262,18,244,61.16,2,0,3.04,3,23,4,9,7,6,2,14,1,31,12,42.09,
"Barro, Marco",CF,811.68,37.4,35.36,64.37,61.38,59.05,starter,Northbridge FC,67,0.0,0.0,0.0,0.0,77.06,49.41,0.0,0.0,0.0,0.0,0.0,0.0,0.0,36.88,75.38,0.0,0.0,0.0,0.0,0.0,70.06,74.19,59.26,47.44,48.17,33.49,57.33,4298,8.83,116,26,90,22.41,2,1.72,0,24.32,3,39,15,4,38.46,10.26,4,1,25.0,17,2,11.76,23,17,73.91,2,15,2,1,1,1,0,4.324,1.663,0.444,12.862,2.88,9.98,0.222,0.0,2.697,0.333,1.885,0.222,2.55,1.88,8.2,0.222,1.663,0.222,0.111,0.444,0.11,2.77,4.26,1.14,2.48,0.19,1.3,34.71,61.38,47.36,22.41,56.55,53.12,25.48,31.4,69.84,23.82,74.19,51.35,23.65,33.66,0,0,0,0,0,0,0.0,0.0,0.0,0.0,0.0,76.0,1,1,4,46.55,11,Match_272,2024-12-12T19:33:40.639634+00:00,[],0,39,15,4,116,26,90,42.18,2,0,0.5,1,17,2,23,17,2,15,2,1,4,1,33.5,
"Pedimonte, Nhiboy",RWB,561.08,68.36,34.94,36.52,53.68,38.53,DNP,Lyceum,34,0.0,0.0,0.0,0.0,36.31,75.86,0.0,0.0,0.0,0.0,0.0,0.0,0.0,65.02,73.69,0.0,0.0,0.0,0.0,0.0,68.55,45.19,55.84,75.27,77.12,50.46,55.67,9289,27.59,223,185,38,82.96,1,0.45,0,17.79,9,10,1,0,10.0,0.0,5,3,60.0,1,1,100.0,5,0,0.0,2,18,1,0,2,2,0,1.604,0.16,0.0,35.77,29.67,6.1,0.16,0.0,2.854,1.444,0.16,0.16,0.802,41.37,34.29,0.321,2.887,0.16,0.0,0.802,0.48,9.62,1.6,57.56,13.31,0.07,16.04,46.4,78.63,76.74,49.25,39.15,78.46,48.23,29.79,23.93,45.92,38.28,75.52,46.59,58.27,0,0,0,0,0,0,0.0,0.0,0.0,0.0,0.0,30.54,1,1,4,57.93,6,Match_105,2025-05-28T23:28:32.639634+00:00,[],0,10,1,0,223,185,38,77.92,1,0,0.72,1,1,1,5,0,2,18,1,0,5,3,27.08,
"Espana, Dave",RW,696.22,73.43,41.22,68.32,78.5,66.02,substitute,Metro FC,8,0.0,0.0,0.0,0.0,46.53,32.99,0.0,0.0,0.0,0.0,0.0,0.0,0.0,68.28,71.95,0.0,0.0,0.0,0.0,0.0,38.6,73.04,64.81,63.95,45.84,62.68,50.47,5373,12.86,359,340,19,94.71,4,1.11,0,22.75,22,2,0,0,0.0,0.0,21,9,42.86,24,13,54.17,7,1,14.29,5,17,3,3,1,1,0,0.259,0.0,0.0,46.408,43.95,2.46,0.517,0.0,2.941,2.844,3.102,1.681,0.905,0.13,1.85,0.646,2.198,0.388,0.388,2.715,1.16,5.54,78.5,63.56,12.24,0.14,7.0,21.17,62.26,32.52,63.0,37.69,42.41,39.31,67.46,39.54,53.6,31.97,32.9,50.18,71.38,0,0,0,0,0,0,0.0,0.0,0.0,0.0,0.0,30.9,4,5,3,72.53,18,Match_383,2025-02-23T13:25:15.640634+00:00,[],0,2,0,0,359,340,19,54.93,4,0,1.53,3,24,13,7,1,5,17,3,3,21,9,60.86,
"Fernandez, Laurence",CM,909.78,51.55,37.49,21.31,66.33,24.08,substitute,Mapúa University,72,0.0,0.0,0.0,0.0,57.06,33.95,0.0,0.0,0.0,0.0,0.0,0.0,0.0,43.98,41.14,0.0,0.0,0.0,0.0,0.0,32.44,45.69,50.21,44.81,68.48,55.9,67.67,9401,17.22,937,594,343,63.39,24,2.56,4,14.3,31,11,1,1,9.09,9.09,6,0,0.0,18,6,33.33,6,0,0.0,2,0,6,3,3,0,0,1.088,0.099,0.099,92.693,58.76,33.93,2.374,0.396,1.415,3.067,1.781,0.594,0.594,57.33,44.74,0.198,0.0,0.594,0.297,0.594,36.09,64.05,0.9,0.9,6.27,0.25,3.3,67.15,62.68,38.84,71.21,74.31,46.75,73.08,31.05,48.1,47.65,39.98,60.66,62.24,35.32,0,0,0,0,0,0,0.0,0.0,0.0,0.0,0.0,34.2,3,4,1,38.37,18,Match_255,2025-06-27T14:02:04.641634+00:00,[],0,11,1,1,937,594,343,26.16,24,4,1.75,2,18,6,6,0,2,0,6,3,6,0,77.71,
"Diola, Ezekiel",ST,398.24,34.08,54.51,47.24,66.87,64.37,starter,2 Worlds FC,10,0.0,0.0,0.0,0.0,34.43,35.15,0.0,0.0,0.0,0.0,0.0,0.0,0.0,65.77,69.86,0.0,0.0,0.0,0.0,0.0,30.24,40.79,32.84,79.91,37.06,77.5,65.22,8192,34.28,198,198,0,100.0,2,1.01,0,22.59,5,9,4,2,44.44,22.22,9,7,77.78,11,11,100.0,10,5,50.0,3,8,3,0,3,1,0,2.034,0.904,0.452,44.747,44.75,70.85,0.452,0.0,5.105,1.13,2.486,2.486,2.26,1.13,11.3,0.678,1.808,0.678,0.0,2.034,1.58,17.58,10.04,5.02,22.6,0.23,22.6,76.91,73.36,44.09,37.63,57.42,43.4,20.51,39.34,29.03,71.33,55.06,66.07,51.94,59.22,0,0,0,0,0,0,0.0,0.0,0.0,0.0,0.0,74.48,2,3,6,24.7,2,Match_310,2025-08-17T12:57:08.641634+00:00,[],0,9,4,2,198,198,0,73.8,2,0,2.15,2,11,11,10,5,3,8,3,0,9,7,71.22,
"Andrada, Vince",ST,482.15,46.93,31.92,66.26,55.41,27.48,starter,Ateneo de Manila University,58,0.0,0.0,0.0,0.0,77.43,43.09,0.0,0.0,0.0,0.0,0.0,0.0,0.0,75.27,61.36,0.0,0.0,0.0,0.0,0.0,76.89,57.33,72.95,40.51,33.32,35.77,57.62,6560,22.68,64,51,13,79.69,1,1.56,0,13.88,1,10,9,1,90.0,10.0,7,1,14.29,14,10,71.43,8,1,12.5,1,12,4,0,2,2,0,1.867,1.68,0.187,11.946,9.52,2.43,0.187,0.0,2.591,0.187,2.613,1.867,1.493,0.19,2.33,0.187,2.24,0.747,0.0,1.307,0.19,2.67,16.8,1.87,14.88,0.29,13.33,78.15,50.4,54.7,50.99,29.77,32.58,76.44,64.44,41.5,79.72,44.91,32.62,25.45,50.41,0,0,0,0,0,0,0.0,0.0,0.0,0.0,0.0,65.15,4,5,2,79.07,2,Match_136,2025-05-21T04:10:10.642634+00:00,[],0,10,9,1,64,51,13,34.41,1,0,1.11,1,14,10,8,1,1,12,4,0,7,1,43.02,
"Andrada, Vince",LW,807.31,33.73,51.12,29.08,68.57,60.12,substitute,Riverside FC,23,0.0,0.0,0.0,0.0,69.39,40.2,0.0,0.0,0.0,0.0,0.0,0.0,0.0,76.59,74.53,0.0,0.0,0.0,0.0,0.0,64.33,32.88,56.87,57.79,31.84,45.57,69.76,11990,24.75,533,533,0,100.0,1,0.19,0,22.79,16,26,7,2,26.92,7.69,18,11,61.11,4,1,25.0,14,12,85.71,0,8,9,2,2,1,0,2.899,0.78,0.223,59.42,59.42,38.01,0.111,0.0,2.541,1.784,0.446,0.111,1.561,1.34,9.56,0.0,0.892,1.003,0.223,2.007,1.23,6.81,3.0,0.86,11.15,0.02,2.79,41.9,75.5,67.19,21.8,32.24,44.22,42.39,70.49,57.31,21.71,21.55,21.71,48.23,64.1,0,0,0,0,0,0,0.0,0.0,0.0,0.0,0.0,38.55,4,1,2,69.93,19,Match_354,2025-07-23T19:34:15.643634+00:00,[],0,26,7,2,533,533,0,88.03,1,0,3.63,6,4,1,14,12,0,8,9,2,18,11,26.23,
"Alonzo, Kaye",CDM,858.18,37.49,35.04,63.8,38.07,62.63,starter,Southgate United,14,0.0,0.0,0.0,0.0,54.9,54.41,0.0,0.0,0.0,0.0,0.0,0.0,0.0,33.55,56.3,0.0,0.0,0.0,0.0,0.0,70.8,73.91,51.31,71.54,79.41,49.16,48.79,6011,11.67,732,727,5,99.32,14,1.91,2,14.32,19,16,6,3,37.5,18.75,1,1,100.0,54,5,9.26,7,5,71.43,3,5,14,1,1,3,0,1.678,0.629,0.315,76.767,76.24,0.52,1.468,0.21,1.502,1.993,5.663,0.524,0.734,0.52,7.49,0.315,0.524,1.468,0.105,0.105,0.1,10.49,3.93,1.97,10.42,0.2,0.97,47.73,55.45,51.01,79.26,36.0,73.97,39.68,42.49,28.71,64.18,71.04,64.88,67.99,57.91,0,0,0,0,0,0,0.0,0.0,0.0,0.0,0.0,77.0,1,5,2,42.97,10,Match_12,2025-02-12T16:37:41.643634+00:00,[],0,16,6,3,732,727,5,43.9,14,2,1.51,2,54,5,7,5,3,5,14,1,1,1,30.17,
"Aningalan, John",CAM,1180.59,66.5,27.22,62.76,27.58,40.86,starter,National University,59,0.0,0.0,0.0,0.0,54.45,30.69,0.0,0.0,0.0,0.0,0.0,0.0,0.0,31.29,63.95,0.0,0.0,0.0,0.0,0.0,34.66,70.3,31.5,55.96,66.75,40.78,56.66,17743,25.05,39,10,29,25.64,1,2.56,0,5.22,1,12,1,1,8.33,8.33,43,3,6.98,25,20,80.0,16,10,62.5,2,23,6,2,2,2,0,0.915,0.076,0.076,2.973,0.76,2.21,0.076,0.0,0.398,0.076,1.906,1.525,1.22,0.76,4.76,0.152,1.753,0.457,0.152,3.278,0.23,0.53,0.64,0.64,1.95,0.2,6.1,47.15,53.2,76.37,77.98,78.3,30.96,69.2,73.14,50.65,28.5,60.83,66.55,31.92,64.68,0,0,0,0,0,0,0.0,0.0,0.0,0.0,0.0,76.21,2,1,3,57.83,8,Match_34,2025-05-21T16:05:49.644634+00:00,[],0,12,1,1,39,10,29,86.12,1,0,2.72,4,25,20,16,10,2,23,6,2,43,3,89.7,
"Amador, Roniel",RW,822.77,49.05,29.62,78.33,78.59,78.7,substitute,Far Eastern University,19,0.0,0.0,0.0,0.0,32.89,60.54,0.0,0.0,0.0,0.0,0.0,0.0,0.0,41.23,54.06,0.0,0.0,0.0,0.0,0.0,31.35,35.85,38.03,72.52,59.26,38.43,78.26,13402,27.15,277,277,0,100.0,3,1.08,0,17.54,19,2,1,0,50.0,0.0,6,2,33.33,27,7,25.93,0,0,74.62,4,12,12,0,1,1,0,0.219,0.109,0.0,30.3,30.3,56.47,0.328,0.0,1.919,2.078,2.953,0.766,0.0,62.4,8.16,0.438,1.313,1.313,0.0,0.656,0.22,3.65,5.47,54.44,10.94,0.12,2.84,43.47,29.57,45.14,55.48,34.91,41.02,33.58,76.94,28.43,44.09,63.56,55.16,60.34,32.35,0,0,0,0,0,0,0.0,0.0,0.0,0.0,0.0,43.86,0,5,1,74.19,19,Match_178,2025-05-09T22:10:14.644634+00:00,[],0,2,1,0,277,277,0,65.74,3,0,0.43,0,27,7,0,0,4,12,12,0,6,2,26.87,
"Fernandez, Jaro",LW,511.43,30.26,66.2,70.54,63.95,74.28,starter,Ateneo de Manila University,82,0.0,0.0,0.0,0.0,45.83,65.15,0.0,0.0,0.0,0.0,0.0,0.0,0.0,32.18,59.89,0.0,0.0,0.0,0.0,0.0,73.54,31.8,53.72,43.17,79.35,69.98,32.7,3108,10.13,200,135,65,67.5,1,0.5,0,26.63,6,13,7,1,53.85,7.69,8,8,100.0,11,6,54.55,2,1,50.0,1,1,1,0,2,1,0,2.288,1.232,0.176,35.195,23.76,11.44,0.176,0.0,4.686,1.056,1.936,1.056,0.352,0.18,8.8,0.176,0.176,0.176,0.0,1.408,1.41,17.6,9.48,1.35,11.88,0.09,9.6,58.42,39.73,60.02,35.07,41.4,20.78,62.79,49.13,55.15,33.28,46.03,35.95,79.84,69.58,0,0,0,0,0,0,0.0,0.0,0.0,0.0,0.0,34.49,6,4,3,32.59,3,Match_94,2025-02-21T10:55:42.645634+00:00,[],0,13,7,1,200,135,65,35.05,1,0,0.58,3,11,6,2,1,1,1,1,0,8,8,88.03,
"Merino, Josh",RB,634.35,65.09,63.74,70.97,35.21,69.1,starter,Brookside United,53,0.0,0.0,0.0,0.0,57.53,55.88,0.0,0.0,0.0,0.0,0.0,0.0,0.0,69.86,33.3,0.0,0.0,0.0,0.0,0.0,55.62,30.18,60.94,70.09,74.25,58.91,51.19,8652,22.73,157,157,0,100.0,1,0.64,0,25.74,2,9,7,1,77.78,11.11,6,4,66.67,46,29,63.04,17,10,58.82,3,16,7,2,1,1,0,1.277,0.993,0.142,22.275,22.27,34.25,0.142,0.0,3.652,0.284,6.526,4.114,2.412,1.42,8.35,0.426,2.27,0.993,0.284,0.851,0.57,9.46,11.04,1.58,14.19,0.09,8.94,40.64,78.41,34.92,46.76,22.87,47.49,79.46,35.79,67.62,32.56,66.25,52.84,39.31,44.08,0,0,0,0,0,0,0.0,0.0,0.0,0.0,0.0,48.71,4,1,3,44.11,14,Match_223,2025-10-03T23:58:24.646635+00:00,[],0,9,7,1,157,157,0,58.2,1,0,4.01,1,46,29,17,10,3,16,7,2,6,4,61.42,
"Aningalan, Sam",LB,743.25,44.84,75.28,26.22,77.36,68.87,substitute,Highland Wanderers,46,0.0,0.0,0.0,0.0,45.72,59.13,0.0,0.0,0.0,0.0,0.0,0.0,0.0,79.98,31.08,0.0,0.0,0.0,0.0,0.0,31.69,49.39,32.33,44.86,62.91,39.44,41.87,4971,11.15,500,410,90,82.0,10,2.0,1,19.92,22,12,1,1,8.33,8.33,1,0,0.0,57,15,26.32,0,0,78.32,5,23,1,1,2,2,0,1.453,0.121,0.121,60.545,49.65,10.9,1.211,0.121,2.412,2.664,6.902,1.816,0.0,77.08,9.48,0.605,2.785,0.121,0.121,0.121,30.38,74.35,1.01,1.01,9.93,0.24,3.19,73.25,37.63,54.21,24.93,79.97,46.55,22.45,52.88,60.05,36.43,49.67,69.99,79.0,34.72,0,0,0,0,0,0,0.0,0.0,0.0,0.0,0.0,79.05,3,3,6,41.63,18,Match_302,2025-09-09T05:52:55.646635+00:00,[],0,12,1,1,500,410,90,59.35,10,1,1.96,2,57,15,0,0,5,23,1,1,1,0,49.84,
"Salingay, Sam",CB,1270.78,60.42,52.12,26.29,69.58,33.67,DNP,Summit Peak FC,65,0.0,0.0,0.0,0.0,35.39,54.18,0.0,0.0,0.0,0.0,0.0,0.0,0.0,60.19,63.98,0.0,0.0,0.0,0.0,0.0,44.8,46.93,36.78,53.79,42.18,68.32,71.31,21271,27.9,180,16,164,8.89,3,1.67,0,5.66,1,31,13,2,41.94,6.45,5,2,40.0,36,18,50.0,13,8,61.54,7,23,4,0,3,0,0,2.196,0.921,0.142,12.748,1.13,11.61,0.212,0.0,0.401,0.071,2.55,1.275,0.921,0.57,4.36,0.496,1.629,0.283,0.0,0.354,0.14,2.83,2.97,0.46,0.63,0.12,3.54,40.9,62.13,78.59,69.26,33.44,36.15,70.2,47.61,46.27,55.46,23.88,79.75,21.33,46.91,0,0,0,0,0,0,0.0,0.0,0.0,0.0,0.0,55.11,4,0,5,84.3,13,Match_233,2025-08-02T16:39:58.647634+00:00,[],0,31,13,2,180,16,164,69.7,3,0,4.55,3,36,18,13,8,7,23,4,0,5,2,26.0,
"Escodo, Bel",RW,641.35,33.06,31.68,78.79,66.42,79.38,starter,Riverside FC,94,0.0,0.0,0.0,0.0,68.98,68.99,0.0,0.0,0.0,0.0,0.0,0.0,0.0,46.41,78.1,0.0,0.0,0.0,0.0,0.0,60.5,35.95,57.33,47.75,42.06,66.11,37.47,2386,6.2,213,100,113,46.95,5,2.35,2,9.22,11,10,6,2,60.0,20.0,16,8,50.0,3,1,33.33,10,6,60.0,2,14,6,1,1,1,0,1.403,0.842,0.281,29.89,14.03,15.86,0.702,0.281,1.294,1.544,0.421,0.14,1.403,0.84,8.42,0.281,1.965,0.842,0.14,2.245,1.12,7.02,8.42,2.81,6.59,0.33,4.68,70.14,21.77,75.73,63.72,39.91,25.65,44.21,62.06,61.12,68.29,42.88,48.46,70.84,30.98,0,0,0,0,0,0,0.0,0.0,0.0,0.0,0.0,46.19,4,3,2,69.57,9,Match_226,2025-09-04T07:35:16.648634+00:00,[],0,10,6,2,213,100,113,52.54,5,2,3.34,1,3,1,10,6,2,14,6,1,16,8,35.08,
"Tabelin, Kirvy",RW,790.26,33.87,28.93,69.14,21.82,22.33,starter,Hillcrest Athletic,99,0.0,0.0,0.0,0.0,48.51,50.98,0.0,0.0,0.0,0.0,0.0,0.0,0.0,66.53,51.34,0.0,0.0,0.0,0.0,0.0,36.65,38.14,48.38,78.17,71.53,48.37,67.22,6435,13.57,373,164,209,43.97,3,0.8,0,15.65,13,33,9,3,27.27,9.09,32,29,90.62,4,4,100.0,6,2,33.33,3,9,1,1,1,1,0,3.758,1.025,0.342,42.48,18.68,23.8,0.342,0.0,1.782,1.481,0.456,0.456,0.683,0.23,3.8,0.342,1.025,0.114,0.114,3.644,3.3,10.32,3.11,1.04,5.01,0.09,11.39,52.26,77.48,76.44,68.43,38.7,37.49,40.94,30.83,51.11,74.01,49.86,56.21,79.84,75.2,0,0,0,0,0,0,0.0,0.0,0.0,0.0,0.0,39.66,1,5,2,29.87,4,Match_256,2024-12-10T18:43:26.648634+00:00,[],0,33,9,3,373,164,209,32.47,3,0,3.54,4,4,4,6,2,3,9,1,1,32,29,70.27,
"Bacaycay, Kurt",RWB,1147.55,26.19,26.26,53.68,56.58,38.35,starter,De La Salle University,63,0.0,0.0,0.0,0.0,51.46,36.28,0.0,0.0,0.0,0.0,0.0,0.0,0.0,61.66,75.13,0.0,0.0,0.0,0.0,0.0,64.47,42.65,37.11,30.18,43.45,59.21,55.45,24433,35.49,552,482,70,87.32,15,2.72,5,5.36,33,0,0,0,31.12,7.59,11,11,100.0,29,11,37.93,19,11,57.89,5,23,7,1,2,4,0,0.0,0.0,0.0,43.292,37.8,5.49,1.176,0.392,0.42,2.588,2.274,0.863,1.49,0.86,4.54,0.392,1.804,0.549,0.078,0.863,0.86,7.84,2.44,0.6,6.85,0.21,2.97,79.54,66.24,66.25,61.93,51.65,22.5,76.81,38.43,55.25,74.02,52.57,58.46,64.36,52.06,0,0,0,0,0,0,0.0,0.0,0.0,0.0,0.0,65.83,3,3,4,20.83,15,Match_335,2024-12-17T12:58:46.649634+00:00,[],0,0,0,0,552,482,70,80.59,15,5,1.06,1,29,11,19,11,5,23,7,1,11,11,37.3,
"Dela Cruz, Pius",CDM,1032.76,69.1,45.37,54.23,71.82,57.57,starter,Westwood Athletic,34,0.0,0.0,0.0,0.0,56.07,75.5,0.0,0.0,0.0,0.0,0.0,0.0,0.0,76.69,38.55,0.0,0.0,0.0,0.0,0.0,68.57,44.82,46.87,52.13,37.6,78.67,58.54,18895,30.49,672,203,469,30.21,10,1.49,0,7.0,41,8,4,1,50.0,12.5,4,1,25.0,31,24,77.42,25,2,8.0,2,12,18,3,1,1,0,0.697,0.349,0.087,58.562,17.69,40.87,0.871,0.0,0.61,3.573,2.701,2.091,2.179,0.17,0.7,0.174,1.046,1.569,0.261,0.349,0.09,2.18,4.36,1.09,2.63,0.13,6.75,32.29,72.72,64.2,36.36,61.42,44.95,44.82,36.69,74.06,69.0,49.29,56.01,57.59,43.73,0,0,0,0,0,0,0.0,0.0,0.0,0.0,0.0,58.15,3,1,4,56.0,5,Match_78,2025-10-29T21:31:01.649634+00:00,[],0,8,4,1,672,203,469,28.27,10,0,1.45,3,31,24,25,2,2,12,18,3,4,1,28.6,
"Apostol, Carlo",ST,964.55,32.14,55.82,22.46,76.02,66.01,substitute,Lakeside Athletic,95,0.0,0.0,0.0,0.0,51.46,63.74,0.0,0.0,0.0,0.0,0.0,0.0,0.0,52.56,31.58,0.0,0.0,0.0,0.0,0.0,59.66,46.98,30.6,52.37,52.82,73.35,42.24,13735,23.73,226,194,32,85.84,5,2.21,2,15.41,10,23,12,1,52.17,4.35,22,9,40.91,9,3,33.33,23,14,60.87,5,18,10,0,3,1,0,2.146,1.12,0.093,21.088,18.1,2.99,0.467,0.187,1.438,0.933,0.84,0.28,2.146,1.31,5.68,0.467,1.68,0.933,0.0,2.053,0.84,3.82,4.87,0.41,8.01,0.21,3.11,31.34,32.63,39.08,54.13,76.92,40.48,77.02,75.31,41.01,32.04,58.65,43.48,29.19,37.51,0,0,0,0,0,0,0.0,0.0,0.0,0.0,0.0,73.13,4,2,1,32.75,18,Match_137,2025-08-13T17:38:37.651147+00:00,[],0,23,12,1,226,194,32,55.68,5,2,1.36,1,9,3,23,14,5,18,10,0,22,9,79.7,
"Escodo, Bel",GK,774.66,71.86,58.69,36.95,56.96,46.98,substitute,Brookside United,61,0.0,0.0,0.0,0.0,40.3,59.02,0.0,0.0,0.0,0.0,0.0,0.0,0.0,67.53,62.7,0.0,0.0,0.0,0.0,0.0,76.98,79.23,65.53,37.21,78.28,74.81,36.39,11507,24.76,397,264,133,66.5,8,2.02,1,15.96,11,7,1,2,14.29,28.57,3,2,66.67,3,1,33.33,14,10,71.43,1,18,7,2,1,2,0,0.813,0.116,0.232,46.123,30.67,15.45,0.929,0.116,1.854,1.278,0.349,0.116,1.627,1.16,8.3,0.116,2.091,0.813,0.232,0.349,0.23,7.75,1.66,3.32,7.73,0.23,3.87,64.88,60.97,56.76,40.71,79.28,47.3,75.17,29.19,52.19,41.61,28.66,58.23,30.46,78.04,3,1,2,33.33,3,2,0.116,0.232,0.349,0.349,0.232,3.87,0,4,4,48.42,4,Match_291,2024-12-18T21:34:49.651147+00:00,[],0,7,1,2,397,264,133,74.49,8,1,2.27,1,3,1,14,10,1,18,7,2,3,2,25.26,
"Bacnis, Hugo",CDM,975.65,45.61,31.96,40.26,73.4,59.58,substitute,Lyceum,80,0.0,0.0,0.0,0.0,67.17,30.96,0.0,0.0,0.0,0.0,0.0,0.0,0.0,43.33,30.13,0.0,0.0,0.0,0.0,0.0,44.0,45.48,64.67,78.64,75.86,48.94,74.88,7614,13.01,705,681,24,96.6,12,1.7,1,17.8,11,11,3,3,27.27,27.27,9,4,44.44,81,22,27.16,26,15,57.69,7,20,4,3,1,1,0,1.015,0.277,0.277,65.034,62.82,2.21,1.107,0.092,1.642,1.015,7.472,2.029,2.398,1.38,5.32,0.646,1.845,0.369,0.277,0.83,0.37,4.1,2.52,2.52,8.91,0.16,2.51,76.23,45.91,76.59,21.43,32.39,54.04,30.34,79.02,60.84,66.15,58.47,54.5,68.05,29.04,0,0,0,0,0,0,0.0,0.0,0.0,0.0,0.0,72.94,2,3,3,71.6,14,Match_389,2025-06-30T13:34:31.652162+00:00,[],0,11,3,3,705,681,24,70.43,12,1,2.83,2,81,22,26,15,7,20,4,3,9,4,44.28,
"Reyes, Harvy",LB,634.53,52.62,48.17,79.0,61.4,74.22,substitute,University of Santo Tomas,72,0.0,0.0,0.0,0.0,62.02,71.61,0.0,0.0,0.0,0.0,0.0,0.0,0.0,40.57,66.52,0.0,0.0,0.0,0.0,0.0,45.91,76.07,49.07,79.82,78.71,39.44,78.62,12523,32.89,512,512,0,100.0,21,4.1,2,18.74,45,0,0,0,29.0,5.15,10,10,100.0,5,3,60.0,7,3,42.86,4,10,5,2,1,1,0,0.0,0.0,0.0,72.621,72.62,49.98,2.979,0.284,2.658,6.383,0.709,0.426,0.993,0.43,6.08,0.567,1.418,0.709,0.284,1.418,1.42,14.18,4.11,0.73,14.18,0.58,8.51,78.57,59.83,28.8,46.69,65.34,28.14,42.86,42.76,30.23,21.2,61.29,69.08,75.86,55.09,0,0,0,0,0,0,0.0,0.0,0.0,0.0,0.0,76.96,0,3,3,22.04,20,Match_134,2025-06-21T21:22:10.652162+00:00,[],0,0,0,0,512,512,0,84.0,21,2,2.66,2,5,3,7,3,4,10,5,2,10,10,81.35,
"Unabia, Charles",ST,828.78,41.88,36.37,79.71,59.4,59.56,starter,Lakeside Athletic,56,0.0,0.0,0.0,0.0,55.08,73.4,0.0,0.0,0.0,0.0,0.0,0.0,0.0,67.39,60.01,0.0,0.0,0.0,0.0,0.0,79.62,32.0,64.79,48.98,70.05,52.18,45.27,16407,32.99,19,10,9,52.63,0,0.0,0,13.0,1,31,11,1,35.48,3.23,24,12,50.0,2,1,50.0,12,7,58.33,4,8,6,1,1,1,0,3.366,1.195,0.109,2.063,1.09,0.98,0.0,0.0,1.412,0.109,0.217,0.109,1.303,0.76,6.33,0.434,0.869,0.652,0.109,2.606,1.3,5.43,3.85,0.35,5.72,71.04,5.43,39.98,21.88,72.32,75.59,20.64,54.42,38.16,31.98,48.21,43.3,61.72,36.22,42.51,42.01,0,0,0,0,0,0,0.0,0.0,0.0,0.0,0.0,59.14,5,4,1,56.45,13,Match_170,2025-04-12T02:01:24.653161+00:00,[],0,31,11,1,19,10,9,26.74,0,0,4.43,1,2,1,12,7,4,8,6,1,24,12,46.57,
"Santos, Aris",LW,497.51,68.67,67.17,26.35,27.32,62.25,DNP,Lakeside Athletic,81,0.0,0.0,0.0,0.0,36.99,56.99,0.0,0.0,0.0,0.0,0.0,0.0,0.0,31.72,33.51,0.0,0.0,0.0,0.0,0.0,55.68,41.9,76.88,68.8,56.65,49.99,40.65,7346,24.61,330,277,53,83.94,9,2.73,1,8.81,17,14,5,0,35.71,0.0,6,1,16.67,13,2,15.38,18,18,100.0,1,4,2,0,1,0,0,2.533,0.905,0.0,59.697,50.11,9.59,1.628,0.181,1.594,3.075,2.352,0.362,3.256,3.26,18.09,0.181,0.724,0.362,0.0,1.085,0.18,3.02,6.46,59.32,15.18,0.49,2.78,31.97,64.76,24.87,25.5,77.08,20.23,67.5,33.98,23.0,24.76,39.22,51.76,48.56,31.84,0,0,0,0,0,0,0.0,0.0,0.0,0.0,0.0,71.23,6,5,5,60.31,16,Match_104,2025-10-19T05:28:29.654161+00:00,[],0,14,5,0,330,277,53,77.81,9,1,3.18,3,13,2,18,18,1,4,2,0,6,1,75.22,
"Lopez, Edvard",CF,1107.74,49.7,74.16,23.62,65.34,45.81,starter,Ateneo de Manila University,9,0.0,0.0,0.0,0.0,39.23,44.94,0.0,0.0,0.0,0.0,0.0,0.0,0.0,73.72,30.48,0.0,0.0,0.0,0.0,0.0,62.47,53.18,71.06,56.47,56.66,68.8,43.76,21851,32.88,155,85,70,54.84,4,2.58,0,16.72,1,23,9,0,39.13,0.0,5,5,100.0,18,5,27.78,26,0,0.0,8,19,4,1,2,1,0,1.869,0.731,0.0,12.593,6.91,5.69,0.325,0.0,1.358,0.081,1.462,0.406,2.112,54.84,67.31,0.65,1.544,0.325,0.081,0.406,0.41,8.12,3.18,79.43,4.46,0.21,2.26,60.44,73.92,46.76,78.63,60.47,39.1,66.28,74.87,61.88,56.33,77.56,54.15,63.63,39.14,0,0,0,0,0,0,0.0,0.0,0.0,0.0,0.0,42.61,5,0,3,46.87,7,Match_213,2025-09-10T19:13:09.654161+00:00,[],0,23,9,0,155,85,70,39.2,4,0,4.79,3,18,5,26,0,8,19,4,1,5,5,38.38,
"Acebedo, James",LWB,1099.41,32.49,40.24,21.3,43.53,38.21,starter,Metro FC,61,0.0,0.0,0.0,0.0,46.81,61.63,0.0,0.0,0.0,0.0,0.0,0.0,0.0,41.9,68.89,0.0,0.0,0.0,0.0,0.0,30.24,34.34,36.67,65.49,55.37,37.52,45.67,9186,13.93,595,595,0,100.0,7,1.18,1,12.01,25,18,5,1,27.78,5.56,11,11,100.0,61,7,11.48,7,4,57.14,6,18,19,0,4,2,0,1.474,0.409,0.082,48.708,48.71,73.3,0.573,0.082,0.983,2.047,4.994,0.573,0.573,0.33,4.68,0.491,1.474,1.555,0.0,0.9,0.9,8.19,2.27,0.46,8.19,0.1,0.94,77.31,52.96,33.66,49.19,63.42,45.97,76.84,29.59,78.15,23.59,77.69,24.01,39.4,48.6,0,0,0,0,0,0,0.0,0.0,0.0,0.0,0.0,54.79,5,1,6,88.13,14,Match_329,2025-08-31T22:41:33.655169+00:00,[],0,18,5,1,595,595,0,50.21,7,1,4.23,1,61,7,7,4,6,18,19,0,11,11,74.59,
"Salingay, Sam",RB,590.34,60.41,56.56,68.8,34.95,53.8,substitute,Northbridge FC,30,0.0,0.0,0.0,0.0,60.42,42.87,0.0,0.0,0.0,0.0,0.0,0.0,0.0,45.73,65.77,0.0,0.0,0.0,0.0,0.0,58.46,34.73,76.34,59.53,38.46,75.02,31.96,8590,24.25,392,92,300,23.47,12,3.06,1,13.26,8,4,1,0,25.0,0.0,7,7,100.0,52,15,28.85,19,4,21.05,2,9,8,0,1,1,0,0.61,0.152,0.0,59.762,14.03,45.74,1.829,0.152,2.022,1.22,7.928,2.287,2.897,0.61,3.21,0.305,1.372,1.22,0.0,1.067,1.07,15.25,3.81,67.36,3.58,0.47,4.4,73.43,38.81,72.84,43.05,28.9,39.3,51.75,47.76,74.03,76.83,63.67,24.02,43.37,31.59,0,0,0,0,0,0,0.0,0.0,0.0,0.0,0.0,41.45,2,2,2,64.37,3,Match_246,2025-06-17T05:55:49.656161+00:00,[],0,4,1,0,392,92,300,56.82,12,1,0.6,3,52,15,19,4,2,9,8,0,7,7,46.93,
"Legara, Ezralph",CM,1100.9,56.29,53.32,55.63,65.51,26.46,substitute,Far Eastern University,58,0.0,0.0,0.0,0.0,69.53,46.48,0.0,0.0,0.0,0.0,0.0,0.0,0.0,52.81,63.39,0.0,0.0,0.0,0.0,0.0,46.65,72.71,40.73,77.76,73.34,33.2,78.37,11758,17.8,300,121,179,40.33,6,2.0,1,11.36,10,5,1,0,20.0,0.0,8,5,62.5,24,22,91.67,23,13,56.52,1,25,3,1,1,3,0,0.409,0.082,0.0,24.525,9.89,14.63,0.491,0.082,0.929,0.818,1.962,1.799,1.88,1.06,4.62,0.082,2.044,0.245,0.082,0.654,0.41,5.11,1.64,48.85,3.3,0.16,7.49,36.41,36.56,62.38,47.2,29.77,27.71,77.37,27.43,72.06,53.15,42.13,38.92,63.23,53.01,0,0,0,0,0,0,0.0,0.0,0.0,0.0,0.0,48.6,4,6,2,26.77,15,Match_341,2025-01-02T17:23:10.656161+00:00,[],0,5,1,0,300,121,179,47.64,6,1,2.19,1,24,22,23,13,1,25,3,1,8,5,87.96,
"Unabia, Mark",LWB,1284.67,52.88,23.15,70.57,33.53,22.54,starter,Eastview Rangers,88,0.0,0.0,0.0,0.0,67.82,78.43,0.0,0.0,0.0,0.0,0.0,0.0,0.0,77.17,35.05,0.0,0.0,0.0,0.0,0.0,41.02,66.9,72.64,54.48,75.9,32.55,63.87,15331,19.89,1319,1158,161,87.79,41,3.11,9,19.12,55,3,1,0,33.33,0.0,0,0,51.26,20,11,55.0,25,8,32.0,4,26,13,2,3,2,0,0.21,0.07,0.0,92.405,81.13,11.28,2.872,0.631,1.339,3.853,1.401,0.771,1.751,0.56,2.24,0.28,1.821,0.911,0.14,0.0,51.5,3.59,2.33,31.77,6.15,0.22,3.85,33.14,33.96,29.16,72.23,50.04,39.38,65.36,60.22,21.16,65.93,49.53,60.18,61.83,53.0,0,0,0,0,0,0,0.0,0.0,0.0,0.0,0.0,48.77,4,2,4,76.01,19,Match_154,2025-10-14T15:10:18.657161+00:00,[],0,3,1,0,1319,1158,161,38.62,41,9,3.78,1,20,11,25,8,4,26,13,2,0,0,23.56,
"Acebedo, James",CB,1336.4,35.01,54.21,64.84,69.98,60.45,substitute,Hillcrest Athletic,27,0.0,0.0,0.0,0.0,41.73,34.61,0.0,0.0,0.0,0.0,0.0,0.0,0.0,49.98,42.62,0.0,0.0,0.0,0.0,0.0,48.33,41.15,69.8,74.97,43.51,65.57,57.4,10277,12.82,756,73,683,9.66,7,0.93,1,23.6,47,11,1,0,9.09,0.0,1,1,100.0,55,33,60.0,32,15,46.88,1,32,21,1,1,3,0,0.741,0.067,0.0,50.913,4.92,46.0,0.471,0.067,1.589,3.165,3.704,2.222,2.155,1.01,3.16,0.067,2.155,1.414,0.067,0.067,0.07,6.73,0.61,39.88,0.65,0.06,4.04,73.2,69.07,41.66,23.26,57.57,54.01,73.06,35.14,50.67,38.59,32.99,30.86,40.04,49.98,0,0,0,0,0,0,0.0,0.0,0.0,0.0,0.0,71.67,2,4,2,49.55,13,Match_274,2025-07-08T08:28:20.658167+00:00,[],0,11,1,0,756,73,683,39.13,7,1,4.09,4,55,33,32,15,1,32,21,1,1,1,89.99,
"Omitade, Edvard",RWB,1073.62,31.02,58.2,77.15,67.57,72.82,DNP,Summit Peak FC,27,0.0,0.0,0.0,0.0,77.1,70.65,0.0,0.0,0.0,0.0,0.0,0.0,0.0,47.44,32.85,0.0,0.0,0.0,0.0,0.0,32.78,52.77,64.01,41.27,41.83,65.19,47.05,19379,30.08,948,742,206,78.27,7,0.74,1,8.55,82,14,0,1,0.0,7.14,16,9,56.25,27,8,29.63,16,3,18.75,1,11,11,0,2,2,0,1.174,0.0,0.084,79.469,62.2,17.27,0.587,0.084,0.717,6.874,2.263,0.671,1.341,0.25,1.57,0.084,0.922,0.922,0.0,1.341,0.75,4.72,41.44,0.6,6.56,0.06,2.48,75.92,30.47,26.76,63.49,47.31,73.19,61.7,36.39,21.35,53.79,23.8,61.51,32.93,43.85,0,0,0,0,0,0,0.0,0.0,0.0,0.0,0.0,68.18,5,4,4,38.46,19,Match_30,2025-11-18T08:52:41.658167+00:00,[],0,14,0,1,948,742,206,31.19,7,1,4.12,2,27,8,16,3,1,11,11,0,16,9,47.55,
"Legara, Ezralph",LW,1228.23,56.97,44.42,54.81,42.33,79.01,starter,2 Worlds FC,95,0.0,0.0,0.0,0.0,36.2,75.7,0.0,0.0,0.0,0.0,0.0,0.0,0.0,62.29,49.48,0.0,0.0,0.0,0.0,0.0,70.05,75.4,48.11,53.51,41.23,37.12,59.69,22553,30.6,228,0,228,0.0,1,0.44,0,29.55,18,44,6,2,13.64,4.55,11,7,63.64,31,18,58.06,0,0,67.36,4,11,8,0,1,2,0,3.224,0.44,0.147,16.707,50.83,16.71,0.073,0.0,2.165,1.319,2.272,1.319,0.0,78.78,4.94,0.293,0.806,0.586,0.0,0.806,0.51,4.66,1.0,0.33,60.31,0.03,4.25,66.04,28.86,60.36,73.37,60.54,44.47,77.68,25.19,35.19,28.26,75.48,58.73,47.05,52.35,0,0,0,0,0,0,0.0,0.0,0.0,0.0,0.0,39.41,3,3,1,53.63,11,Match_74,2025-10-18T00:44:26.659162+00:00,[],0,44,6,2,228,0,228,54.34,1,0,1.47,2,31,18,0,0,4,11,8,0,11,7,73.0,
"Taberos, Earl",CAM,618.33,53.85,64.99,61.27,79.28,33.55,substitute,Metro FC,29,0.0,0.0,0.0,0.0,51.06,48.05,0.0,0.0,0.0,0.0,0.0,0.0,0.0,35.18,79.26,0.0,0.0,0.0,0.0,0.0,54.13,70.98,58.57,68.98,44.41,49.41,32.16,10881,29.33,445,445,0,100.0,7,1.57,2,9.38,19,10,3,3,30.0,30.0,23,11,47.83,7,2,28.57,12,1,8.33,1,4,2,0,1,2,0,1.456,0.437,0.437,64.771,64.77,67.03,1.019,0.291,1.365,2.766,1.019,0.291,1.747,0.15,1.21,0.146,0.582,0.291,0.0,3.348,1.6,6.96,4.37,4.37,14.56,0.23,4.16,58.63,29.34,61.64,65.2,62.97,73.59,78.16,68.0,49.71,74.95,61.7,38.39,65.35,38.17,0,0,0,0,0,0,0.0,0.0,0.0,0.0,0.0,39.5,3,4,2,86.07,15,Match_101,2025-07-03T07:09:24.659162+00:00,[],0,10,3,3,445,445,0,35.4,7,2,1.23,4,7,2,12,1,1,4,2,0,23,11,66.02,
"Santos, Kirvy",ST,459.87,74.73,42.8,77.77,65.54,25.21,DNP,Westwood Athletic,63,0.0,0.0,0.0,0.0,42.81,46.07,0.0,0.0,0.0,0.0,0.0,0.0,0.0,35.27,37.58,0.0,0.0,0.0,0.0,0.0,49.93,58.08,31.84,54.39,46.23,67.89,76.86,4258,15.43,72,42,30,58.33,0,0.0,0,4.73,1,10,4,1,40.0,10.0,8,6,75.0,13,11,84.62,8,2,25.0,1,3,1,0,1,0,0,1.957,0.783,0.196,14.091,8.22,5.87,0.0,0.0,0.926,0.196,2.544,2.153,1.566,0.39,4.89,0.196,0.587,0.196,0.0,1.566,1.17,14.68,7.83,1.96,11.42,60.59,16.56,35.13,25.52,34.72,69.84,57.88,25.64,42.79,40.24,56.22,48.16,39.37,53.16,62.24,47.07,0,0,0,0,0,0,0.0,0.0,0.0,0.0,0.0,45.7,5,3,5,54.38,7,Match_204,2025-08-07T07:05:39.660161+00:00,[],0,10,4,1,72,42,30,70.93,0,0,3.78,2,13,11,8,2,1,3,1,0,8,6,89.3,
"Asignar, Josh Rupert",RB,1168.62,36.44,46.68,62.05,74.7,26.09,substitute,Northbridge FC,64,0.0,0.0,0.0,0.0,75.01,54.27,0.0,0.0,0.0,0.0,0.0,0.0,0.0,71.4,43.13,0.0,0.0,0.0,0.0,0.0,73.82,57.42,46.7,33.07,61.47,40.99,48.24,3492,4.98,323,314,9,97.21,7,2.17,2,14.43,11,29,7,2,24.14,6.9,14,3,21.43,72,33,45.83,22,9,40.91,2,25,9,2,3,3,0,2.233,0.539,0.154,24.875,24.18,0.69,0.539,0.154,1.111,0.847,5.545,2.541,1.694,0.69,3.15,0.154,1.925,0.693,0.154,1.078,0.23,1.65,1.86,0.53,7.49,0.17,3.53,28.35,64.42,76.8,53.77,46.29,42.0,61.94,21.23,51.51,61.63,58.09,26.38,48.42,36.73,0,0,0,0,0,0,0.0,0.0,0.0,0.0,0.0,50.91,2,3,1,89.43,14,Match_45,2025-06-16T22:13:37.661161+00:00,[],0,29,7,2,323,314,9,49.34,7,2,3.39,4,72,33,22,9,2,25,9,2,14,3,38.94,
"Santos, Nico",LW,869.36,40.98,34.62,48.82,32.81,59.84,starter,Summit Peak FC,18,0.0,0.0,0.0,0.0,76.74,35.23,0.0,0.0,0.0,0.0,0.0,0.0,0.0,55.1,38.03,0.0,0.0,0.0,0.0,0.0,31.95,59.41,64.66,77.79,59.25,53.29,70.89,8748,16.77,552,552,0,100.0,3,0.54,0,28.38,31,30,7,2,23.33,6.67,25,25,100.0,10,7,70.0,9,4,44.44,5,10,1,2,1,1,0,3.106,0.725,0.207,57.145,57.15,56.41,0.311,0.0,2.938,3.209,1.035,0.725,0.932,0.41,4.6,0.518,1.035,0.104,0.207,2.588,2.59,10.35,2.42,0.69,10.35,0.06,7.25,48.7,32.85,30.35,53.18,57.62,71.52,24.26,60.02,71.47,28.72,65.63,48.66,79.39,24.36,0,0,0,0,0,0,0.0,0.0,0.0,0.0,0.0,63.91,3,4,2,55.8,16,Match_240,2025-02-18T18:07:25.661161+00:00,[],0,30,7,2,552,552,0,28.5,3,0,0.49,1,10,7,9,4,5,10,1,2,25,25,32.11,
"Alonzo, Kaye",CF,901.78,43.48,43.6,47.87,68.41,75.03,starter,Eastview Rangers,6,0.0,0.0,0.0,0.0,58.63,34.43,0.0,0.0,0.0,0.0,0.0,0.0,0.0,63.78,33.5,0.0,0.0,0.0,0.0,0.0,74.67,43.79,71.4,56.69,66.34,68.39,35.34,7357,13.6,262,94,168,35.88,5,1.91,1,10.97,9,36,8,1,22.22,2.78,4,1,25.0,35,12,34.29,13,4,30.77,1,17,6,1,1,1,0,3.593,0.798,0.1,26.148,9.38,16.77,0.499,0.1,1.095,0.898,3.493,1.198,1.297,0.4,3.07,0.1,1.697,0.599,0.1,0.399,0.1,2.5,2.22,0.28,3.58,0.19,3.42,38.21,52.12,39.63,38.49,76.91,50.69,43.17,72.27,61.31,61.71,75.41,56.31,59.66,54.44,0,0,0,0,0,0,0.0,0.0,0.0,0.0,0.0,39.88,4,3,5,36.65,1,Match_212,2025-03-27T08:34:48.662161+00:00,[],0,36,8,1,262,94,168,59.52,5,1,1.17,2,35,12,13,4,1,17,6,1,4,1,69.26,
"Escodo, Nico",LB,681.45,56.93,32.34,67.4,69.82,30.98,starter,Redwood Borough,38,0.0,0.0,0.0,0.0,53.38,67.85,0.0,0.0,0.0,0.0,0.0,0.0,0.0,32.31,68.64,0.0,0.0,0.0,0.0,0.0,45.83,65.61,59.68,62.34,63.95,70.05,50.88,13253,32.41,605,605,0,100.0,8,1.32,2,11.2,23,5,2,0,40.0,0.0,9,2,22.22,29,20,68.97,4,4,100.0,4,9,8,1,3,2,0,0.66,0.264,0.0,79.903,79.9,44.15,1.057,0.264,1.479,3.038,3.83,2.641,0.528,0.53,13.21,0.528,1.189,1.057,0.132,1.189,0.26,2.93,5.28,79.7,13.21,0.17,9.11,58.85,49.82,34.74,49.06,36.24,54.09,52.24,28.78,56.36,35.15,77.99,68.79,79.03,20.2,0,0,0,0,0,0,0.0,0.0,0.0,0.0,0.0,78.94,4,1,1,81.2,2,Match_366,2024-12-31T03:35:19.662161+00:00,[],0,5,2,0,605,605,0,86.29,8,2,4.23,3,29,20,4,4,4,9,8,1,9,2,33.03,
"Aningalan, Jul",CB,728.67,38.86,45.79,33.83,57.1,54.24,starter,Southgate United,93,0.0,0.0,0.0,0.0,33.57,38.57,0.0,0.0,0.0,0.0,0.0,0.0,0.0,49.4,36.91,0.0,0.0,0.0,0.0,0.0,53.73,59.22,78.18,45.36,52.28,51.98,66.69,8511,19.47,470,253,217,53.83,8,1.7,1,15.95,13,11,4,1,36.36,9.09,9,3,33.33,21,13,61.9,12,3,25.0,3,5,4,1,3,1,0,1.359,0.494,0.124,58.051,31.25,26.8,0.988,0.124,1.97,1.606,2.594,1.606,1.482,0.37,3.09,0.371,0.618,0.494,0.124,1.112,0.37,4.12,4.49,1.12,6.65,0.21,7.65,36.0,53.16,70.45,29.1,53.22,39.0,33.19,68.34,69.51,32.19,56.98,77.27,25.47,64.43,0,0,0,0,0,0,0.0,0.0,0.0,0.0,0.0,62.47,4,1,1,28.8,19,Match_111,2025-12-06T06:29:35.663162+00:00,[],0,11,4,1,470,253,217,56.3,8,1,2.07,3,21,13,12,3,3,5,4,1,9,3,21.25,
"Diola, Ezekiel",RW,938.57,59.16,30.1,44.24,33.08,41.2,starter,Goldenfield Rovers,90,0.0,0.0,0.0,0.0,32.4,44.0,0.0,0.0,0.0,0.0,0.0,0.0,0.0,67.76,71.04,0.0,0.0,0.0,0.0,0.0,30.05,48.43,65.14,43.97,34.54,46.87,55.91,17876,31.74,462,389,73,84.2,4,0.87,0,15.37,22,19,10,1,52.63,5.26,25,7,28.0,12,9,75.0,16,11,68.75,4,10,4,1,2,1,0,1.822,0.959,0.096,44.301,37.3,7.0,0.384,0.0,1.474,2.11,1.151,0.863,1.534,1.05,6.59,0.384,0.959,0.384,0.096,2.397,0.67,2.68,5.05,0.5,8.07,0.08,7.19,36.45,62.9,73.91,42.77,72.66,77.64,61.19,53.8,58.73,23.88,62.78,21.31,54.3,41.57,0,0,0,0,0,0,0.0,0.0,0.0,0.0,0.0,64.91,2,3,7,41.11,14,Match_357,2025-02-09T16:30:46.664161+00:00,[],0,19,10,1,462,389,73,53.51,4,0,2.7,2,12,9,16,11,4,10,4,1,25,7,27.15,
"Berciles, Earl",RWB,1011.28,68.59,57.26,54.36,66.99,72.31,starter,De La Salle University,30,0.0,0.0,0.0,0.0,49.03,57.97,0.0,0.0,0.0,0.0,0.0,0.0,0.0,51.0,74.55,0.0,0.0,0.0,0.0,0.0,73.88,61.39,71.42,39.06,41.99,46.07,61.47,12411,20.45,684,338,346,49.42,15,2.19,1,24.46,25,10,3,1,30.0,10.0,10,9,90.0,27,7,25.93,17,1,5.88,5,14,5,1,2,2,0,0.89,0.267,0.089,60.873,30.08,30.79,1.335,0.089,2.177,2.225,2.403,0.623,1.513,0.09,0.52,0.445,1.246,0.445,0.089,0.89,0.8,8.01,2.67,0.89,4.4,0.19,2.31,72.01,64.47,37.29,48.21,45.4,30.08,21.03,77.68,56.16,24.62,66.37,36.14,66.99,52.04,0,0,0,0,0,0,0.0,0.0,0.0,0.0,0.0,42.25,4,2,5,71.19,9,Match_199,2025-02-25T12:10:19.664161+00:00,[],0,10,3,1,684,338,346,30.01,15,1,1.89,3,27,7,17,1,5,14,5,1,10,9,73.11,
"Apostol, Carlo",CDM,885.47,69.44,48.0,58.84,51.18,67.18,starter,Redwood Borough,52,0.0,0.0,0.0,0.0,46.8,41.38,0.0,0.0,0.0,0.0,0.0,0.0,0.0,74.83,44.49,0.0,0.0,0.0,0.0,0.0,38.07,69.04,74.8,68.8,38.29,59.33,77.9,16884,31.78,349,349,0,100.0,7,2.01,1,24.15,9,11,1,1,9.09,9.09,2,2,100.0,31,12,38.71,17,10,58.82,6,21,10,2,1,3,0,1.118,0.102,0.102,35.473,35.47,71.15,0.711,0.102,2.455,0.915,3.151,1.22,1.728,1.02,5.98,0.61,2.134,1.016,0.203,0.203,0.2,10.16,0.92,0.92,10.16,0.2,3.93,54.65,70.26,44.31,35.09,76.21,30.01,71.48,27.57,22.19,24.41,79.68,70.52,26.93,74.25,0,0,0,0,0,0,0.0,0.0,0.0,0.0,0.0,37.03,4,5,1,29.47,4,Match_208,2025-08-01T05:15:22.665162+00:00,[],0,11,1,1,349,349,0,53.51,7,1,1.37,1,31,12,17,10,6,21,10,2,2,2,72.07,
"Lood, Trevor",RB,1036.79,28.39,39.89,38.62,50.4,20.66,starter,Hillcrest Athletic,62,0.0,0.0,0.0,0.0,36.93,77.86,0.0,0.0,0.0,0.0,0.0,0.0,0.0,71.8,57.01,0.0,0.0,0.0,0.0,0.0,62.89,60.67,34.84,48.43,32.14,67.41,51.1,5842,9.39,231,59,172,25.54,4,1.73,0,17.36,4,8,2,0,25.0,0.0,11,7,63.64,23,1,4.35,13,6,46.15,3,11,6,1,2,2,0,0.694,0.174,0.0,20.052,5.12,14.93,0.347,0.0,1.507,0.347,1.997,0.087,1.128,0.52,4.01,0.26,0.955,0.521,0.087,0.955,0.61,5.52,2.17,43.71,2.22,0.15,0.38,26.08,64.66,53.7,23.59,50.57,57.84,42.28,46.9,40.04,56.78,40.82,39.59,42.08,68.07,0,0,0,0,0,0,0.0,0.0,0.0,0.0,0.0,75.17,3,4,3,66.78,6,Match_99,2025-05-27T05:01:40.666163+00:00,[],0,8,2,0,231,59,172,28.9,4,0,2.06,5,23,1,13,6,3,11,6,1,11,7,29.86,
"Reyes, Kirvy",CAM,910.15,25.03,23.97,71.53,35.93,48.96,starter,Brookside United,27,0.0,0.0,0.0,0.0,36.36,61.96,0.0,0.0,0.0,0.0,0.0,0.0,0.0,47.89,30.21,0.0,0.0,0.0,0.0,0.0,34.21,59.13,31.6,74.23,40.14,71.77,77.24,10006,18.32,969,381,588,39.32,29,2.99,1,25.72,34,3,2,0,66.67,0.0,19,9,47.37,21,10,47.62,37,31,83.78,5,16,4,2,1,1,0,0.297,0.198,0.0,95.819,37.68,58.14,2.868,0.099,2.543,3.362,2.077,0.989,3.659,3.07,8.28,0.494,1.582,0.396,0.198,1.879,0.89,4.68,6.59,52.99,3.89,0.3,4.71,23.97,48.1,78.87,75.49,49.61,24.8,47.58,73.96,57.01,78.77,71.04,77.34,35.49,53.51,0,0,0,0,0,0,0.0,0.0,0.0,0.0,0.0,33.89,2,4,2,54.88,4,Match_183,2025-08-23T14:49:37.666163+00:00,[],0,3,2,0,969,381,588,69.43,29,1,3.58,2,21,10,37,31,5,16,4,2,19,9,24.86,
"Libarnes, Jaro",ST,754.32,62.13,45.16,39.87,24.87,29.75,starter,City United,53,0.0,0.0,0.0,0.0,35.6,67.64,0.0,0.0,0.0,0.0,0.0,0.0,0.0,68.76,71.92,0.0,0.0,0.0,0.0,0.0,75.42,30.61,46.26,79.38,72.56,73.84,38.18,1962,4.34,9,9,0,100.0,0,0.0,0,11.45,0,16,5,1,31.25,6.25,17,17,100.0,25,9,36.0,11,7,63.64,1,12,8,2,1,1,0,1.909,0.597,0.119,1.074,1.07,53.96,0.0,0.0,1.366,0.0,2.983,1.074,1.312,0.84,7.59,0.119,1.432,0.955,0.239,2.028,2.03,11.93,3.73,0.75,11.93,69.47,4.3,48.87,75.7,23.98,38.84,73.36,46.14,68.9,29.24,48.39,21.84,76.26,27.09,34.14,72.75,0,0,0,0,0,0,0.0,0.0,0.0,0.0,0.0,52.57,1,2,3,46.32,15,Match_210,2025-02-01T21:59:36.667167+00:00,[],0,16,5,1,9,9,0,57.82,0,0,3.55,5,25,9,11,7,1,12,8,2,17,17,61.01,
"Fernandez, Diego",GK,1003.62,64.48,73.82,69.45,49.42,36.04,starter,San Beda University,25,0.0,0.0,0.0,0.0,47.92,65.58,0.0,0.0,0.0,0.0,0.0,0.0,0.0,44.94,38.05,0.0,0.0,0.0,0.0,0.0,48.77,30.34,43.78,58.72,39.23,75.5,60.74,6561,10.9,240,215,25,89.58,2,0.83,0,28.74,11,9,5,0,55.56,0.0,15,10,66.67,7,6,85.71,14,14,100.0,6,33,21,2,3,1,0,0.807,0.448,0.0,21.522,19.28,2.24,0.179,0.0,2.577,0.986,0.628,0.538,1.255,1.26,8.97,0.538,2.959,1.883,0.179,1.345,0.9,5.98,4.98,37.1,8.03,0.07,7.69,37.49,70.21,24.3,56.76,28.32,47.74,71.14,29.44,66.56,50.89,49.78,33.43,37.02,43.6,49,29,20,59.18,49,20,2.601,1.794,4.394,4.394,1.794,5.31,1,4,1,36.87,16,Match_129,2025-11-10T09:08:31.667167+00:00,[],0,9,5,0,240,215,25,33.55,2,0,2.78,5,7,6,14,14,6,33,21,2,15,10,30.37,
"Perez, Edvard",ST,970.79,34.57,23.96,21.88,71.18,35.13,starter,University of Santo Tomas,51,0.0,0.0,0.0,0.0,48.83,51.69,0.0,0.0,0.0,0.0,0.0,0.0,0.0,41.25,34.57,0.0,0.0,0.0,0.0,0.0,34.02,69.12,48.84,66.95,31.84,57.56,72.41,18847,32.36,591,509,82,86.13,17,2.88,2,16.66,31,26,7,0,26.92,0.0,3,1,33.33,3,1,33.33,5,1,20.0,7,15,10,1,3,1,0,2.41,0.649,0.0,54.79,47.19,7.6,1.576,0.185,1.545,2.874,0.278,0.093,0.464,0.09,1.85,0.649,1.391,0.927,0.093,0.278,0.09,3.09,2.5,50.03,7.98,0.27,3.09,31.19,49.86,59.5,43.85,62.55,39.41,27.97,39.61,78.0,45.34,38.89,74.93,53.99,61.99,0,0,0,0,0,0,0.0,0.0,0.0,0.0,0.0,46.85,6,2,3,58.41,19,Match_35,2025-10-01T23:10:15.668167+00:00,[],0,26,7,0,591,509,82,41.98,17,2,2.24,4,3,1,5,1,7,15,10,1,3,1,40.28,
"Escodo, Pedro",CDM,604.59,47.75,63.15,52.83,52.33,65.35,substitute,Redwood Borough,6,0.0,0.0,0.0,0.0,34.93,68.73,0.0,0.0,0.0,0.0,0.0,0.0,0.0,36.97,72.77,0.0,0.0,0.0,0.0,0.0,48.2,43.94,40.84,46.99,64.8,79.49,43.71,3643,10.04,273,273,0,100.0,5,1.83,2,10.9,8,6,3,0,50.0,0.0,3,3,100.0,18,16,88.89,4,0,0.0,2,6,3,0,1,1,0,0.893,0.447,0.0,40.639,40.64,76.17,0.744,0.298,1.623,1.191,2.68,2.382,0.595,47.5,73.57,0.298,0.893,0.447,0.0,0.447,0.45,14.89,7.44,53.48,14.89,0.27,13.23,22.67,39.96,44.44,57.62,67.51,48.47,72.69,75.74,74.85,56.53,33.86,38.91,55.45,46.96,0,0,0,0,0,0,0.0,0.0,0.0,0.0,0.0,69.08,5,5,5,26.38,13,Match_62,2025-04-05T02:22:57.669162+00:00,[],0,6,3,0,273,273,0,70.35,5,2,3.02,2,18,16,4,0,2,6,3,0,3,3,72.92,
"Lood, Trevor",CF,1036.54,41.43,52.7,32.02,61.11,24.78,DNP,Highland Wanderers,93,0.0,0.0,0.0,0.0,49.77,51.97,0.0,0.0,0.0,0.0,0.0,0.0,0.0,57.76,49.69,0.0,0.0,0.0,0.0,0.0,52.13,35.17,66.73,63.38,66.78,49.85,57.99,16752,26.94,500,500,0,100.0,7,1.4,1,29.55,35,7,3,0,42.86,0.0,0,0,58.05,20,20,100.0,18,13,72.22,6,15,10,1,1,1,0,0.608,0.26,0.0,43.414,43.41,30.7,0.608,0.087,2.566,3.039,1.737,1.737,1.563,1.13,6.27,0.521,1.302,0.868,0.087,0.0,72.9,5.04,3.72,37.02,8.68,0.12,8.68,58.81,76.79,21.24,27.79,64.96,35.49,59.45,60.31,44.93,74.36,32.25,29.83,25.86,75.9,0,0,0,0,0,0,0.0,0.0,0.0,0.0,0.0,47.22,5,1,3,65.13,15,Match_74,2025-08-18T06:21:34.669162+00:00,[],0,7,3,0,500,500,0,71.35,7,1,4.49,5,20,20,18,13,6,15,10,1,0,0,72.93,
"Escodo, Marco",CB,1004.89,51.1,61.37,31.65,79.47,65.44,starter,2 Worlds FC,21,0.0,0.0,0.0,0.0,64.17,44.42,0.0,0.0,0.0,0.0,0.0,0.0,0.0,70.22,61.68,0.0,0.0,0.0,0.0,0.0,45.79,74.96,74.76,44.22,72.75,31.47,39.51,14243,23.62,505,505,0,100.0,6,1.19,1,20.71,9,13,4,0,30.77,0.0,18,5,27.78,70,17,24.29,12,3,25.0,3,13,11,2,4,1,0,1.164,0.358,0.0,45.229,45.23,38.02,0.537,0.09,1.855,0.806,6.269,1.523,1.075,0.27,2.24,0.269,1.164,0.985,0.179,1.612,0.45,2.49,2.76,31.11,8.96,0.11,2.18,41.08,40.41,43.36,65.41,26.21,50.75,68.71,32.74,31.41,58.25,66.41,64.86,24.01,79.58,0,0,0,0,0,0,0.0,0.0,0.0,0.0,0.0,73.11,2,1,2,23.75,8,Match_186,2024-12-18T04:17:56.670161+00:00,[],0,13,4,0,505,505,0,48.32,6,1,2.25,1,70,17,12,3,3,13,11,2,18,5,38.99,
"Merino, Josh",RB,907.72,27.75,38.01,77.84,28.22,35.5,starter,Ateneo de Manila University,14,0.0,0.0,0.0,0.0,73.46,39.71,0.0,0.0,0.0,0.0,0.0,0.0,0.0,67.69,39.17,0.0,0.0,0.0,0.0,0.0,63.81,67.21,62.99,38.33,35.41,37.5,66.28,13458,24.71,917,501,416,54.63,22,2.4,2,6.47,35,16,4,3,25.0,18.75,7,7,100.0,15,3,20.0,18,2,11.11,2,11,12,0,4,3,0,1.586,0.397,0.297,90.92,49.67,41.25,2.181,0.198,0.641,3.47,1.487,0.297,1.785,0.2,1.1,0.198,1.091,1.19,0.0,0.694,0.69,9.91,2.48,1.86,5.42,0.24,1.98,42.77,29.18,40.4,44.72,24.46,51.86,24.51,38.5,37.99,21.36,78.88,39.67,62.71,72.17,0,0,0,0,0,0,0.0,0.0,0.0,0.0,0.0,47.6,6,4,2,49.96,16,Match_210,2025-11-19T09:19:46.671167+00:00,[],0,16,4,3,917,501,416,38.82,22,2,0.07,3,15,3,18,2,2,11,12,0,7,7,49.74,
"Encaya, Pius",LB,1041.85,30.34,48.62,48.15,41.67,52.52,starter,Northbridge FC,1,0.0,0.0,0.0,0.0,32.5,62.24,0.0,0.0,0.0,0.0,0.0,0.0,0.0,48.5,45.84,0.0,0.0,0.0,0.0,0.0,60.81,38.34,38.51,70.79,41.34,32.7,65.16,5819,9.31,1287,0,1287,0.0,21,1.63,5,11.11,52,16,4,3,25.0,18.75,9,3,33.33,21,4,19.05,23,11,47.83,4,33,11,2,1,0,0,1.382,0.346,0.259,111.177,45.24,100.0,1.814,0.432,0.96,4.492,1.814,0.346,1.987,0.95,4.13,0.346,2.851,0.95,0.173,0.777,0.26,2.88,2.16,1.62,70.19,0.14,1.65,35.86,55.45,53.67,67.65,24.92,30.1,58.91,54.14,72.0,57.85,21.01,33.11,62.49,30.16,0,0,0,0,0,0,0.0,0.0,0.0,0.0,0.0,53.33,1,2,1,88.35,15,Match_14,2025-08-20T15:27:44.671167+00:00,[],0,16,4,3,1287,0,1287,21.3,21,5,3.8,2,21,4,23,11,4,33,11,2,9,3,30.95,
"Salingay, Sam",RW,1043.41,31.62,22.41,79.89,64.69,63.88,starter,Westwood Athletic,32,0.0,0.0,0.0,0.0,52.88,45.91,0.0,0.0,0.0,0.0,0.0,0.0,0.0,61.93,37.74,0.0,0.0,0.0,0.0,0.0,46.82,57.49,63.13,62.33,72.5,63.32,46.33,5536,8.84,682,331,351,48.53,4,0.59,0,21.69,39,19,5,0,26.32,0.0,40,9,22.5,33,15,45.45,25,25,100.0,6,3,5,1,3,2,0,1.639,0.431,0.0,58.826,28.55,30.28,0.345,0.0,1.871,3.364,2.846,1.294,2.156,2.16,8.63,0.518,0.259,0.431,0.086,3.45,0.78,1.94,2.27,79.61,4.19,0.05,3.92,61.04,27.98,33.09,77.56,54.47,59.11,63.03,69.8,20.83,26.42,32.38,28.66,63.46,67.14,0,0,0,0,0,0,0.0,0.0,0.0,0.0,0.0,76.06,3,2,1,37.92,3,Match_48,2025-11-22T04:36:13.672161+00:00,[],0,19,5,0,682,331,351,77.67,4,0,1.87,1,33,15,25,25,6,3,5,1,40,9,77.76,
"Digal, Nico",CB,702.14,59.42,36.54,48.61,43.44,29.63,substitute,Lakeside Athletic,26,0.0,0.0,0.0,0.0,79.95,66.36,0.0,0.0,0.0,0.0,0.0,0.0,0.0,32.84,57.42,0.0,0.0,0.0,0.0,0.0,74.99,79.29,48.37,32.58,63.89,58.88,74.82,11286,26.79,233,27,206,11.59,4,1.72,0,18.75,8,10,2,1,20.0,10.0,1,0,0.0,21,4,19.05,14,6,42.86,3,21,7,1,1,1,0,1.282,0.256,0.128,29.866,3.46,26.4,0.513,0.0,2.403,1.025,2.692,0.513,1.795,0.77,5.49,0.385,2.692,0.897,0.128,0.128,73.45,38.99,2.56,1.28,1.49,0.22,2.44,33.23,74.29,21.03,34.07,49.15,33.13,76.91,50.58,76.04,26.59,63.27,51.32,61.39,36.31,0,0,0,0,0,0,0.0,0.0,0.0,0.0,0.0,56.7,4,2,5,88.59,2,Match_145,2024-12-29T16:08:46.672161+00:00,[],0,10,2,1,233,27,206,69.98,4,0,0.63,1,21,4,14,6,3,21,7,1,1,0,32.34,
"Alcantara, Paolo",CF,877.08,53.26,41.41,42.8,57.48,73.42,starter,Goldenfield Rovers,78,0.0,0.0,0.0,0.0,54.26,32.12,0.0,0.0,0.0,0.0,0.0,0.0,0.0,51.05,70.5,0.0,0.0,0.0,0.0,0.0,60.79,32.0,55.18,35.87,61.99,67.2,76.26,14731,27.99,454,454,0,100.0,14,3.08,3,29.37,13,28,5,2,17.86,7.14,10,9,90.0,17,3,17.65,26,15,57.69,3,13,12,1,1,1,0,2.873,0.513,0.205,46.586,46.59,50.43,1.437,0.308,3.014,1.334,1.744,0.308,2.668,1.54,5.92,0.308,1.334,1.231,0.103,1.026,0.92,9.24,1.83,0.73,10.26,0.32,1.81,39.48,71.47,41.41,65.54,51.95,49.59,45.85,53.75,61.38,26.19,73.76,33.88,71.99,32.3,0,0,0,0,0,0,0.0,0.0,0.0,0.0,0.0,37.45,2,5,1,71.24,12,Match_102,2025-09-25T07:31:25.673161+00:00,[],0,28,5,2,454,454,0,35.87,14,3,2.23,3,17,3,26,15,3,13,12,1,10,9,89.69,
"Valdez, Alysa",LWB,1048.06,36.47,54.54,20.01,61.78,76.08,starter,Valley Rovers,75,0.0,0.0,0.0,0.0,67.7,74.23,0.0,0.0,0.0,0.0,0.0,0.0,0.0,31.42,42.46,0.0,0.0,0.0,0.0,0.0,71.09,44.68,60.79,68.57,32.77,46.37,74.22,12903,20.52,159,106,53,66.67,3,1.89,0,22.87,5,6,0,0,0.0,0.0,11,4,36.36,32,23,71.88,17,6,35.29,5,19,12,1,1,1,0,0.515,0.0,0.0,13.654,9.1,4.55,0.258,0.0,1.964,0.429,2.748,1.975,1.46,0.52,3.03,0.429,1.632,1.03,0.086,0.945,0.34,3.12,57.09,45.54,5.73,0.16,6.17,65.2,53.38,29.86,64.33,78.84,54.3,60.04,31.55,69.34,34.05,22.71,30.76,69.64,31.86,0,0,0,0,0,0,0.0,0.0,0.0,0.0,0.0,70.73,1,1,7,45.24,15,Match_178,2025-05-13T20:52:12.674161+00:00,[],0,6,0,0,159,106,53,76.98,3,0,1.96,2,32,23,17,6,5,19,12,1,11,4,63.68,
"Escodo, Laurence",CM,514.83,58.03,32.94,46.94,30.33,70.2,starter,Southgate United,69,0.0,0.0,0.0,0.0,50.51,35.65,0.0,0.0,0.0,0.0,0.0,0.0,0.0,39.47,76.55,0.0,0.0,0.0,0.0,0.0,44.18,37.42,62.93,47.79,55.83,71.43,72.79,8050,26.06,571,0,571,0.0,8,1.4,0,22.52,18,6,3,1,50.0,16.67,2,2,100.0,8,3,37.5,8,4,50.0,2,14,4,0,1,1,0,1.049,0.524,0.175,99.819,70.12,99.82,1.399,0.0,3.937,3.147,1.399,0.524,1.399,0.7,8.74,0.35,2.447,0.699,0.0,0.35,0.35,17.48,8.74,2.91,44.42,0.24,6.56,46.7,38.94,56.38,75.57,67.9,70.14,31.78,37.73,66.35,47.89,25.46,54.88,67.8,27.61,0,0,0,0,0,0,0.0,0.0,0.0,0.0,0.0,30.05,2,5,0,70.87,11,Match_184,2025-01-26T22:34:33.674161+00:00,[],0,6,3,1,571,0,571,29.24,8,0,0.6,3,8,3,8,4,2,14,4,0,2,2,20.61,
"Tabelin, Kirvy",RW,655.17,63.01,47.65,60.88,79.57,40.26,substitute,De La Salle University,95,0.0,0.0,0.0,0.0,74.8,63.91,0.0,0.0,0.0,0.0,0.0,0.0,0.0,77.08,46.54,0.0,0.0,0.0,0.0,0.0,50.17,39.54,43.17,47.24,52.42,43.06,49.67,6102,15.52,300,300,0,100.0,2,0.67,0,24.47,10,18,2,0,11.11,0.0,9,7,77.78,5,3,60.0,14,13,92.86,5,6,4,1,1,0,0,2.473,0.275,0.0,41.211,41.21,65.87,0.275,0.0,3.361,1.374,0.687,0.412,1.923,1.79,12.76,0.687,0.824,0.549,0.137,1.236,0.96,10.68,1.53,47.36,13.74,0.09,8.24,21.99,20.69,21.64,59.89,21.45,68.58,21.82,39.35,65.45,68.48,55.15,24.96,31.43,77.19,0,0,0,0,0,0,0.0,0.0,0.0,0.0,0.0,56.91,4,3,2,20.23,3,Match_276,2025-10-04T05:27:15.675161+00:00,[],0,18,2,0,300,300,0,65.71,2,0,4.18,7,5,3,14,13,5,6,4,1,9,7,44.96,
"Espana, Dave",CM,1233.48,43.89,58.2,25.32,63.43,36.5,starter,Mapúa University,32,0.0,0.0,0.0,0.0,61.78,67.19,0.0,0.0,0.0,0.0,0.0,0.0,0.0,69.66,79.49,0.0,0.0,0.0,0.0,0.0,40.51,67.1,54.05,66.53,57.21,69.9,58.94,8302,11.22,830,751,79,90.48,10,1.2,1,19.65,18,9,4,0,44.44,0.0,14,7,50.0,28,0,0.0,19,19,100.0,1,18,6,1,0,1,0,0.657,0.292,0.0,60.56,54.8,5.76,0.73,0.073,1.434,1.313,2.043,0.0,1.386,1.39,7.3,0.073,1.313,0.438,0.073,1.022,0.51,3.65,3.24,60.03,6.6,0.09,63.79,29.0,42.66,27.38,44.78,67.86,50.7,79.44,42.17,22.94,38.61,30.21,54.61,63.78,53.15,0,0,0,0,0,0,0.0,0.0,0.0,0.0,0.0,58.13,2,3,1,51.18,18,Match_247,2025-12-04T00:34:30.675161+00:00,[],0,9,4,0,830,751,79,35.59,10,1,3.95,2,28,0,19,19,1,18,6,1,14,7,81.13,
"Alonzo, Kaye",CF,816.76,44.99,34.53,60.38,28.49,44.0,starter,Eastview Rangers,9,0.0,0.0,0.0,0.0,65.62,66.37,0.0,0.0,0.0,0.0,0.0,0.0,0.0,34.45,35.14,0.0,0.0,0.0,0.0,0.0,32.81,66.2,43.04,56.12,70.8,50.36,64.88,3232,6.6,654,528,126,80.73,19,2.91,3,28.58,30,18,8,1,44.44,5.56,8,2,25.0,24,16,66.67,19,6,31.58,1,8,13,2,0,1,0,1.983,0.882,0.11,72.065,58.18,13.88,2.094,0.331,3.149,3.306,2.645,1.763,2.094,0.66,3.48,0.11,0.882,1.432,0.22,0.882,0.22,2.75,4.9,0.61,8.9,0.32,7.35,60.67,63.56,51.3,58.71,60.02,38.45,37.86,21.24,72.77,65.39,27.83,63.33,70.7,45.85,0,0,0,0,0,0,0.0,0.0,0.0,0.0,0.0,58.03,5,2,2,41.96,20,Match_325,2025-06-11T13:05:31.676161+00:00,[],0,18,8,1,654,528,126,51.46,19,3,0.88,4,24,16,19,6,1,8,13,2,8,2,89.48,
"Alcantara, Paolo",CAM,432.31,48.28,69.91,23.69,61.3,22.25,starter,Redwood Borough,18,0.0,0.0,0.0,0.0,50.94,76.66,0.0,0.0,0.0,0.0,0.0,0.0,0.0,72.93,36.13,0.0,0.0,0.0,0.0,0.0,76.72,61.34,65.72,50.94,62.45,48.59,31.79,5064,19.52,227,201,26,88.55,6,2.64,2,17.68,7,1,0,0,0.0,0.0,5,4,80.0,5,4,80.0,13,3,23.08,4,4,2,0,0,1,0,0.208,0.0,0.0,47.258,41.84,5.41,1.249,0.416,3.681,1.457,1.041,0.833,2.706,0.62,4.8,0.833,0.833,0.416,0.0,1.041,0.83,16.65,73.69,66.9,18.43,0.55,16.65,61.21,23.45,71.18,34.33,74.99,32.54,65.9,41.3,69.71,35.46,38.9,62.53,43.68,33.31,0,0,0,0,0,0,0.0,0.0,0.0,0.0,0.0,70.9,2,1,4,53.57,9,Match_11,2025-02-18T12:27:51.677161+00:00,[],0,1,0,0,227,201,26,40.92,6,2,4.09,3,5,4,13,3,4,4,2,0,5,4,22.58,
"Lagaya, Rick Matthew",ST,1119.48,25.53,31.09,69.22,79.84,21.76,substitute,Riverstone FC,2,0.0,0.0,0.0,0.0,58.68,47.27,0.0,0.0,0.0,0.0,0.0,0.0,0.0,33.6,47.25,0.0,0.0,0.0,0.0,0.0,44.88,76.32,43.32,61.24,61.9,68.01,31.16,3644,5.43,387,387,0,100.0,7,1.81,1,24.59,23,35,10,3,28.57,8.57,32,10,31.25,14,3,21.43,23,6,26.09,4,7,13,2,3,1,0,2.814,0.804,0.241,31.113,31.11,48.6,0.563,0.08,1.977,1.849,1.126,0.241,1.849,0.48,2.1,0.322,0.563,1.045,0.161,2.573,0.8,2.51,2.3,0.69,8.04,0.15,1.72,26.4,66.72,26.72,27.67,55.83,75.46,34.66,42.64,48.34,62.17,35.83,37.02,78.74,27.18,0,0,0,0,0,0,0.0,0.0,0.0,0.0,0.0,70.4,4,5,4,28.21,7,Match_335,2025-07-25T01:07:13.677161+00:00,[],0,35,10,3,387,387,0,63.32,7,1,4.04,3,14,3,23,6,4,7,13,2,32,10,20.46,
"Ebrada, Zraim Uichi",RB,804.21,67.86,37.64,51.18,44.43,64.83,DNP,Crown City FC,96,0.0,0.0,0.0,0.0,58.74,43.66,0.0,0.0,0.0,0.0,0.0,0.0,0.0,77.23,78.65,0.0,0.0,0.0,0.0,0.0,55.4,71.75,61.07,36.72,31.13,70.87,53.06,6072,12.58,540,448,92,82.96,17,3.15,2,9.28,3,17,11,1,64.71,5.88,3,2,66.67,24,16,66.67,17,10,58.82,1,15,10,1,0,0,0,1.902,1.231,0.112,60.432,50.14,10.3,1.902,0.224,1.039,0.336,2.686,1.791,1.902,1.12,6.58,0.112,1.679,1.119,0.112,0.336,0.22,7.46,7.24,0.66,9.28,0.35,7.46,69.77,57.83,66.68,40.25,49.54,43.73,46.12,67.44,22.78,61.62,26.99,27.73,66.82,21.08,0,0,0,0,0,0,0.0,0.0,0.0,0.0,0.0,53.78,3,3,3,21.42,20,Match_107,2025-09-23T14:09:55.678161+00:00,[],0,17,11,1,540,448,92,20.65,17,2,0.26,3,24,16,17,10,1,15,10,1,3,2,47.68,
"Santos, Jaro",RWB,919.83,42.13,34.25,71.77,74.76,64.2,starter,Lakeside Athletic,25,0.0,0.0,0.0,0.0,58.23,44.2,0.0,0.0,0.0,0.0,0.0,0.0,0.0,49.64,40.05,0.0,0.0,0.0,0.0,0.0,43.63,57.95,35.63,34.54,74.13,58.43,41.51,11952,21.66,534,482,52,90.26,0,0.0,0,15.78,9,11,2,1,18.18,9.09,2,2,100.0,15,2,13.33,15,3,20.0,1,16,6,0,2,1,0,1.076,0.196,0.098,52.249,47.16,5.09,0.0,0.0,1.544,0.881,1.468,0.196,1.468,0.29,1.96,0.098,1.566,0.587,0.0,0.196,0.2,9.78,1.78,0.89,8.83,63.57,1.3,51.72,44.45,32.72,58.71,56.87,27.45,26.15,42.23,61.47,21.08,69.34,50.44,79.59,54.85,0,0,0,0,0,0,0.0,0.0,0.0,0.0,0.0,55.61,3,4,7,29.51,1,Match_67,2024-12-24T06:08:24.679155+00:00,[],0,11,2,1,534,482,52,50.03,0,0,2.78,3,15,2,15,3,1,16,6,0,2,2,39.75,
"Pedimonte, Nhiboy",RWB,498.34,30.42,70.35,68.42,33.38,66.83,substitute,University of Santo Tomas,25,0.0,0.0,0.0,0.0,41.44,74.25,0.0,0.0,0.0,0.0,0.0,0.0,0.0,53.62,42.75,0.0,0.0,0.0,0.0,0.0,66.76,51.53,42.76,40.95,67.13,38.89,61.82,4905,16.4,176,174,2,98.86,1,0.57,0,19.78,4,10,2,0,20.0,0.0,4,2,50.0,12,7,58.33,2,2,100.0,2,3,3,0,3,1,0,1.806,0.361,0.0,31.786,31.42,0.36,0.181,0.0,3.572,0.722,2.167,1.264,0.361,0.36,18.06,0.361,0.542,0.542,0.0,0.722,0.36,9.03,3.61,54.21,17.85,0.1,10.53,66.58,45.79,53.83,77.64,23.29,57.33,21.38,53.47,29.3,58.41,47.43,45.06,73.5,58.52,0,0,0,0,0,0,0.0,0.0,0.0,0.0,0.0,79.84,6,4,4,82.92,17,Match_330,2025-05-30T02:16:17.679155+00:00,[],0,10,2,0,176,174,2,55.74,1,0,3.19,1,12,7,2,2,2,3,3,0,4,2,74.06,
"Barro, Harvy",CDM,841.19,42.24,57.82,75.41,33.0,53.71,starter,Northbridge FC,49,0.0,0.0,0.0,0.0,38.48,33.25,0.0,0.0,0.0,0.0,0.0,0.0,0.0,51.16,63.23,0.0,0.0,0.0,0.0,0.0,31.11,58.66,43.37,78.66,65.73,72.94,45.84,2848,5.64,401,128,273,31.92,9,2.24,0,26.22,19,7,2,0,28.57,0.0,3,1,33.33,34,19,55.88,14,10,71.43,5,19,1,3,2,1,0,0.749,0.214,0.0,42.904,13.69,29.21,0.963,0.0,2.805,2.033,3.638,2.033,1.498,1.07,7.64,0.535,2.033,0.107,0.321,0.321,0.11,3.57,3.06,39.49,3.42,0.24,5.98,68.52,25.9,69.84,72.94,65.99,68.43,38.82,40.21,75.43,27.21,70.6,66.63,43.92,28.94,0,0,0,0,0,0,0.0,0.0,0.0,0.0,0.0,30.64,2,1,3,52.75,19,Match_200,2025-11-17T00:44:21.680155+00:00,[],0,7,2,0,401,128,273,63.47,9,0,3.15,2,34,19,14,10,5,19,1,3,3,1,89.55,
"Escodo, Bel",ST,959.94,63.68,71.77,51.31,72.31,76.97,starter,Lakeside Athletic,53,0.0,0.0,0.0,0.0,60.49,46.64,0.0,0.0,0.0,0.0,0.0,0.0,0.0,74.51,67.23,0.0,0.0,0.0,0.0,0.0,78.29,76.72,57.89,62.07,52.55,32.19,31.48,4983,8.65,382,303,79,79.32,9,2.36,3,23.39,17,6,1,0,16.67,0.0,25,11,44.0,6,2,33.33,7,3,42.86,4,16,11,1,5,2,0,0.563,0.094,0.0,35.815,28.41,7.41,0.844,0.281,2.193,1.594,0.563,0.188,0.656,0.28,4.02,0.375,1.5,1.031,0.094,2.344,1.03,4.13,1.56,58.53,7.44,0.22,3.12,58.52,57.62,23.02,42.1,58.25,36.21,73.74,46.44,55.93,43.44,23.49,76.58,73.13,63.56,0,0,0,0,0,0,0.0,0.0,0.0,0.0,0.0,79.48,1,3,4,61.37,3,Match_377,2025-05-07T19:47:29.681156+00:00,[],0,6,1,0,382,303,79,89.44,9,3,3.47,2,6,2,7,3,4,16,11,1,25,11,68.0,
"Taberos, Earl",CB,838.37,48.21,32.3,79.77,74.46,60.68,starter,Brookside United,11,0.0,0.0,0.0,0.0,33.73,60.17,0.0,0.0,0.0,0.0,0.0,0.0,0.0,44.47,44.16,0.0,0.0,0.0,0.0,0.0,60.51,72.89,71.82,53.99,47.01,54.48,41.83,12117,24.09,579,289,290,49.91,17,2.94,2,19.05,15,20,7,1,35.0,5.0,3,2,66.67,7,5,71.43,7,1,14.29,5,6,2,1,2,1,0,2.147,0.751,0.107,62.156,31.02,31.13,1.825,0.215,2.045,1.61,0.751,0.537,0.751,0.11,1.53,0.537,0.644,0.215,0.107,0.322,0.21,7.16,3.76,0.54,5.36,0.32,7.67,24.72,29.8,42.79,33.13,45.31,69.51,78.77,39.07,48.06,52.77,78.59,42.56,31.42,46.85,0,0,0,0,0,0,0.0,0.0,0.0,0.0,0.0,38.45,3,3,4,62.53,9,Match_266,2025-04-30T06:06:39.681156+00:00,[],0,20,7,1,579,289,290,29.02,17,2,2.06,4,7,5,7,1,5,6,2,1,3,2,65.33,
"Escodo, Jul",CB,765.33,53.63,40.41,69.78,67.06,61.21,DNP,Riverside FC,22,0.0,0.0,0.0,0.0,39.79,73.51,0.0,0.0,0.0,0.0,0.0,0.0,0.0,49.6,78.37,0.0,0.0,0.0,0.0,0.0,58.64,43.4,51.48,52.52,37.99,32.93,53.93,14613,31.82,238,61,177,25.63,3,1.26,0,20.55,3,2,1,0,50.0,0.0,3,1,33.33,43,21,48.84,12,7,58.33,2,8,6,2,1,1,0,0.235,0.118,0.0,27.988,7.17,20.81,0.353,0.0,2.417,0.353,5.057,2.47,1.411,0.82,6.86,0.235,0.941,0.706,0.235,0.353,0.12,3.92,5.88,48.92,3.01,0.15,5.74,46.28,65.47,72.0,33.9,69.35,34.58,26.9,50.92,52.61,79.75,44.51,40.31,54.35,46.98,0,0,0,0,0,0,0.0,0.0,0.0,0.0,0.0,78.21,1,3,3,56.13,13,Match_307,2025-05-09T13:24:09.682163+00:00,[],0,2,1,0,238,61,177,56.36,3,0,3.18,3,43,21,12,7,2,8,6,2,3,1,85.71,
"Ebrada, Zraim Uichi",CAM,1350.0,32.52,24.37,59.08,76.22,24.37,substitute,Metro FC,73,0.0,0.0,0.0,0.0,32.42,52.32,0.0,0.0,0.0,0.0,0.0,0.0,0.0,76.99,39.84,0.0,0.0,0.0,0.0,0.0,38.08,59.86,78.22,32.18,44.71,42.81,67.99,11971,14.78,737,737,0,100.0,19,2.58,2,4.88,9,7,1,1,14.29,14.29,21,8,38.1,35,13,37.14,19,4,21.05,2,17,17,0,2,3,0,0.467,0.067,0.067,49.133,49.13,53.64,1.267,0.133,0.325,0.6,2.333,0.867,1.267,0.27,1.4,0.133,1.133,1.133,0.0,1.4,0.53,2.54,0.95,0.95,6.67,0.17,2.48,54.24,39.64,43.88,47.4,55.65,22.37,55.44,66.35,36.11,45.8,56.54,37.33,52.8,20.97,0,0,0,0,0,0,0.0,0.0,0.0,0.0,0.0,50.98,2,7,2,87.97,12,Match_297,2025-01-02T09:40:35.682163+00:00,[],0,7,1,1,737,737,0,54.48,19,2,4.78,1,35,13,19,4,2,17,17,0,21,8,73.98,
"Mapula, Paul Vincent",CDM,699.49,51.96,78.33,31.21,76.03,47.12,starter,Coastal Town,26,0.0,0.0,0.0,0.0,39.62,68.28,0.0,0.0,0.0,0.0,0.0,0.0,0.0,47.26,52.71,0.0,0.0,0.0,0.0,0.0,77.38,39.5,36.1,62.72,77.26,68.43,50.72,9480,22.59,483,214,269,44.31,9,1.86,1,20.73,19,6,1,0,16.67,0.0,4,3,75.0,32,28,87.5,6,1,16.67,3,9,8,2,1,0,0,0.772,0.129,0.0,62.145,27.53,34.61,1.158,0.129,2.667,2.445,4.117,3.603,0.772,0.13,2.14,0.386,1.158,1.029,0.257,0.515,0.39,9.65,2.14,67.71,5.7,0.24,11.26,42.83,24.68,56.84,63.16,59.82,47.68,56.63,49.55,52.52,71.42,54.48,46.19,49.83,70.73,0,0,0,0,0,0,0.0,0.0,0.0,0.0,0.0,31.79,5,3,4,71.63,8,Match_61,2025-07-21T10:11:13.683162+00:00,[],0,6,1,0,483,214,269,69.73,9,1,2.09,1,32,28,6,1,3,9,8,2,4,3,22.38,
"Villacarlos, Uriel",RW,1034.86,56.7,27.99,51.96,54.56,36.16,starter,Eastview Rangers,32,0.0,0.0,0.0,0.0,51.36,64.59,0.0,0.0,0.0,0.0,0.0,0.0,0.0,77.46,60.19,0.0,0.0,0.0,0.0,0.0,38.54,41.24,57.12,40.62,77.59,76.17,69.07,17702,28.51,641,641,0,100.0,9,1.4,2,14.49,42,2,0,0,0.0,0.0,35,10,28.57,27,7,25.93,16,9,56.25,6,13,8,2,3,0,0,0.174,0.0,0.0,55.747,55.75,55.5,0.783,0.174,1.26,3.653,2.348,0.609,1.391,0.78,4.89,0.522,1.131,0.696,0.174,3.044,0.87,2.48,39.87,33.8,8.7,0.12,2.26,43.48,71.98,71.98,31.67,77.63,75.43,76.07,40.41,29.87,24.78,60.83,39.67,51.98,40.27,0,0,0,0,0,0,0.0,0.0,0.0,0.0,0.0,61.29,3,2,1,50.26,17,Match_206,2025-01-20T20:55:01.684161+00:00,[],0,2,0,0,641,641,0,59.99,9,2,4.91,4,27,7,16,9,6,13,8,2,35,10,42.35,
"Unabia, Mark",LWB,1113.7,69.69,69.46,24.47,69.94,74.83,substitute,Riverstone FC,87,0.0,0.0,0.0,0.0,67.8,61.44,0.0,0.0,0.0,0.0,0.0,0.0,0.0,36.67,74.67,0.0,0.0,0.0,0.0,0.0,55.39,79.82,47.76,48.98,72.57,61.71,62.4,9965,14.91,683,683,0,100.0,16,2.34,3,9.58,6,19,6,1,31.58,5.26,10,5,50.0,74,18,24.32,33,33,100.0,5,25,0,1,1,3,1,1.535,0.485,0.081,55.194,55.19,68.74,1.293,0.242,0.774,0.485,5.98,1.455,2.667,2.67,8.08,0.404,2.02,0.0,0.081,0.808,0.4,4.04,2.55,0.43,8.08,0.19,1.97,55.94,29.89,31.95,69.98,40.02,34.16,67.61,25.16,41.85,43.67,25.29,37.62,26.45,69.66,0,0,0,0,0,0,0.0,0.0,0.0,0.0,0.0,53.39,2,0,2,48.3,5,Match_306,2025-02-05T12:31:28.684161+00:00,[],0,19,6,1,683,683,0,52.1,16,3,0.11,4,74,18,33,33,5,25,0,1,10,5,70.73,
"Pedimonte, Nhiboy",CAM,537.52,45.11,73.41,76.11,53.44,74.77,starter,Harborview United,45,0.0,0.0,0.0,0.0,37.31,38.09,0.0,0.0,0.0,0.0,0.0,0.0,0.0,57.2,62.75,0.0,0.0,0.0,0.0,0.0,64.01,36.92,67.72,43.44,31.01,44.78,38.79,11517,35.71,436,119,317,27.29,3,0.69,0,14.97,5,11,1,1,9.09,9.09,9,9,100.0,12,6,50.0,8,5,62.5,1,14,1,0,1,2,0,1.842,0.167,0.167,73.002,19.92,53.08,0.502,0.0,2.507,0.837,2.009,1.005,1.339,0.84,10.46,0.167,2.344,0.167,0.0,1.507,1.51,16.74,1.52,1.52,4.57,0.12,8.37,66.55,44.96,77.33,71.84,55.01,44.93,65.26,52.33,36.77,71.76,28.29,62.37,50.61,78.99,0,0,0,0,0,0,0.0,0.0,0.0,0.0,0.0,30.16,3,1,2,61.24,2,Match_25,2025-07-26T11:29:24.685164+00:00,[],0,11,1,1,436,119,317,72.84,3,0,4.49,3,12,6,8,5,1,14,1,0,9,9,27.63,
"Labrador, Sean",RB,923.96,35.2,57.98,53.33,30.93,26.02,starter,Ateneo de Manila University,67,0.0,0.0,0.0,0.0,54.97,74.72,0.0,0.0,0.0,0.0,0.0,0.0,0.0,79.6,38.85,0.0,0.0,0.0,0.0,0.0,53.71,47.95,76.01,45.23,63.14,58.77,69.91,6463,11.66,568,343,225,60.39,10,1.76,1,13.52,2,10,4,3,40.0,30.0,1,0,0.0,27,8,29.63,19,18,94.74,7,21,7,2,3,1,0,0.974,0.39,0.292,55.327,33.41,21.92,0.974,0.097,1.317,0.195,2.63,0.779,1.851,1.75,9.23,0.682,2.046,0.682,0.195,0.097,47.16,39.24,3.9,2.92,5.88,0.17,2.89,38.2,71.07,51.49,42.98,55.19,79.71,49.44,49.98,71.02,79.43,33.33,46.94,58.24,46.46,0,0,0,0,0,0,0.0,0.0,0.0,0.0,0.0,46.13,2,2,3,31.64,2,Match_173,2025-09-19T19:16:56.685164+00:00,[],0,10,4,3,568,343,225,74.65,10,1,3.53,1,27,8,19,18,7,21,7,2,1,0,47.16,
"Alonzo, Kaye",CAM,905.53,33.25,48.3,51.12,25.23,47.36,starter,San Beda University,69,0.0,0.0,0.0,0.0,59.31,42.39,0.0,0.0,0.0,0.0,0.0,0.0,0.0,66.57,77.3,0.0,0.0,0.0,0.0,0.0,43.93,55.51,72.63,77.12,32.37,56.0,52.85,13414,24.69,614,0,614,0.0,15,2.44,1,18.28,31,17,9,3,52.94,17.65,24,15,62.5,0,0,65.26,10,5,50.0,5,23,2,0,4,1,0,1.69,0.895,0.298,61.025,67.62,61.03,1.491,0.099,1.817,3.081,0.0,0.0,0.994,0.5,4.97,0.497,2.286,0.199,0.0,2.385,1.49,6.21,5.26,1.75,73.97,0.24,6.49,67.22,73.99,48.8,39.25,64.81,41.79,57.66,49.03,42.73,71.76,76.53,39.53,57.12,50.66,0,0,0,0,0,0,0.0,0.0,0.0,0.0,0.0,33.54,3,3,1,24.3,10,Match_303,2025-01-20T01:10:03.686162+00:00,[],0,17,9,3,614,0,614,51.02,15,1,2.82,2,0,0,10,5,5,23,2,0,24,15,60.41,
"Merino, Josh",RWB,927.24,57.67,62.15,34.67,54.66,73.67,starter,University of Santo Tomas,42,0.0,0.0,0.0,0.0,34.28,64.14,0.0,0.0,0.0,0.0,0.0,0.0,0.0,33.26,70.62,0.0,0.0,0.0,0.0,0.0,49.0,49.41,73.67,34.79,53.2,65.73,45.26,8960,16.11,941,941,0,100.0,19,2.02,1,22.85,48,17,1,1,5.88,5.88,8,8,100.0,13,5,38.46,14,4,28.57,3,23,1,2,4,1,0,1.65,0.097,0.097,91.336,91.34,33.97,1.844,0.097,2.218,4.659,1.262,0.485,1.359,0.39,2.77,0.291,2.232,0.097,0.194,0.776,0.78,9.71,0.57,0.57,9.71,0.2,3.73,32.19,53.36,38.48,45.07,49.35,58.68,64.23,72.95,33.13,68.49,37.39,76.51,54.26,35.66,0,0,0,0,0,0,0.0,0.0,0.0,0.0,0.0,36.85,3,6,3,81.94,6,Match_375,2025-09-05T17:58:54.687161+00:00,[],0,17,1,1,941,941,0,71.54,19,1,0.34,3,13,5,14,4,3,23,1,2,8,8,67.37,
"Garcia, Pedro",LB,786.13,63.05,49.34,68.65,61.16,47.94,starter,Ateneo de Manila University,34,0.0,0.0,0.0,0.0,59.07,73.44,0.0,0.0,0.0,0.0,0.0,0.0,0.0,79.65,39.97,0.0,0.0,0.0,0.0,0.0,64.24,65.06,66.24,77.21,57.91,51.07,34.39,14229,30.17,591,399,192,67.51,11,1.86,2,14.08,23,15,6,0,40.0,0.0,7,3,42.86,7,1,14.29,19,19,100.0,2,11,5,1,2,2,0,1.717,0.687,0.0,67.661,45.68,21.98,1.259,0.229,1.612,2.633,0.801,0.114,2.175,2.18,11.45,0.229,1.259,0.572,0.114,0.801,0.34,4.91,4.58,61.6,7.73,0.21,1.64,50.21,71.82,46.3,61.02,61.6,63.32,72.71,60.04,41.44,34.21,52.1,75.46,67.92,75.35,0,0,0,0,0,0,0.0,0.0,0.0,0.0,0.0,59.92,2,1,1,29.34,2,Match_124,2025-07-24T14:54:36.687161+00:00,[],0,15,6,0,591,399,192,30.98,11,2,3.75,1,7,1,19,19,2,11,5,1,7,3,51.56,
"Escodo, Kirvy",CM,679.15,49.99,56.52,26.91,43.87,58.0,starter,Westwood Athletic,76,0.0,0.0,0.0,0.0,39.12,44.96,0.0,0.0,0.0,0.0,0.0,0.0,0.0,33.92,37.44,0.0,0.0,0.0,0.0,0.0,61.87,32.21,62.5,35.88,62.08,60.75,34.53,8280,20.32,799,799,0,100.0,17,2.13,3,12.92,34,8,1,2,12.5,25.0,3,3,100.0,17,10,58.82,11,11,100.0,2,6,3,1,1,1,0,1.06,0.133,0.265,105.882,100.0,78.92,2.253,0.398,1.712,4.506,2.253,1.325,1.458,1.46,13.25,0.265,0.795,0.398,0.133,0.398,0.4,13.25,1.66,3.31,13.25,0.28,7.79,63.91,26.93,29.44,72.0,75.44,77.61,44.61,65.16,28.38,26.91,66.28,60.41,26.96,42.95,0,0,0,0,0,0,0.0,0.0,0.0,0.0,0.0,48.05,4,2,4,28.1,20,Match_285,2025-08-14T16:35:03.688161+00:00,[],0,8,1,2,799,799,0,74.9,17,3,3.32,3,17,10,11,11,2,6,3,1,3,3,47.86,
"Garcia, Laurence",LB,945.45,31.44,70.4,55.48,62.04,42.0,starter,Lyceum,49,0.0,0.0,0.0,0.0,36.15,49.56,0.0,0.0,0.0,0.0,0.0,0.0,0.0,47.14,75.41,0.0,0.0,0.0,0.0,0.0,54.5,72.87,63.81,31.39,50.39,35.35,58.35,9774,17.23,1240,1240,0,100.0,29,2.34,2,12.49,62,8,4,0,50.0,0.0,18,18,100.0,15,15,100.0,21,8,38.1,5,15,13,2,3,2,0,0.762,0.381,0.0,118.039,100.0,46.45,2.761,0.19,1.189,5.902,1.428,1.428,1.999,0.76,3.63,0.476,1.428,1.238,0.19,1.713,1.71,9.52,4.76,70.7,9.52,0.22,9.52,78.06,63.29,70.38,23.96,64.53,59.31,68.32,32.88,60.02,55.77,27.69,61.67,49.79,21.03,0,0,0,0,0,0,0.0,0.0,0.0,0.0,0.0,38.65,1,4,3,41.01,12,Match_177,2025-05-20T19:49:24.689175+00:00,[],0,8,4,0,1240,1240,0,44.98,29,2,4.8,1,15,15,21,8,5,15,13,2,18,18,82.24,
"Garcia, Kirvy",LWB,1050.13,51.55,76.71,26.42,39.17,77.17,starter,Hillcrest Athletic,37,0.0,0.0,0.0,0.0,59.51,55.67,0.0,0.0,0.0,0.0,0.0,0.0,0.0,53.59,60.58,0.0,0.0,0.0,0.0,0.0,57.83,58.62,72.88,64.75,48.78,71.33,42.23,2776,4.41,283,246,37,86.93,1,0.35,0,13.64,2,6,3,1,50.0,16.67,6,2,33.33,49,30,61.22,18,7,38.89,5,31,8,1,2,3,0,0.514,0.257,0.086,24.254,21.08,3.17,0.086,0.0,1.169,0.171,4.199,2.571,1.543,0.6,3.33,0.429,2.657,0.686,0.086,0.514,0.17,2.86,4.29,1.43,7.45,0.03,5.25,29.52,72.72,57.9,20.45,62.07,71.99,21.94,23.52,21.01,41.79,74.31,77.4,53.87,66.1,0,0,0,0,0,0,0.0,0.0,0.0,0.0,0.0,78.32,3,1,3,46.24,8,Match_289,2025-11-10T23:32:54.689175+00:00,[],0,6,3,1,283,246,37,48.66,1,0,3.29,1,49,30,18,7,5,31,8,1,6,2,59.45,
"Libarnes, Jaro",CF,798.81,30.37,55.56,72.11,26.49,40.56,substitute,City United,58,0.0,0.0,0.0,0.0,79.65,48.73,0.0,0.0,0.0,0.0,0.0,0.0,0.0,44.44,72.89,0.0,0.0,0.0,0.0,0.0,75.93,74.38,51.2,54.78,57.09,64.62,42.93,3624,7.56,357,354,3,99.16,7,1.96,2,13.07,15,34,1,1,2.94,2.94,4,3,75.0,0,0,47.47,14,8,57.14,6,26,3,2,1,1,0,3.831,0.113,0.113,40.222,39.88,0.34,0.789,0.225,1.473,1.69,0.0,0.0,1.577,0.9,6.44,0.676,2.929,0.338,0.225,0.451,0.34,8.45,0.33,0.33,11.17,0.22,5.35,23.65,25.07,50.5,44.52,26.1,23.23,62.76,39.93,78.13,68.78,37.26,78.2,77.23,49.52,0,0,0,0,0,0,0.0,0.0,0.0,0.0,0.0,67.83,5,5,3,21.42,15,Match_253,2024-12-13T20:49:09.690162+00:00,[],0,34,1,1,357,354,3,51.85,7,2,4.6,5,0,0,14,8,6,26,3,2,4,3,56.7,
"Garcia, Luis",GK,1151.88,56.34,21.5,24.07,26.99,46.82,starter,Lyceum,43,0.0,0.0,0.0,0.0,65.9,45.66,0.0,0.0,0.0,0.0,0.0,0.0,0.0,36.6,64.57,0.0,0.0,0.0,0.0,0.0,48.81,57.15,79.18,66.88,61.39,42.84,67.07,13134,19.0,257,136,121,52.92,3,1.17,0,12.23,3,17,5,1,29.41,5.88,0,0,61.17,14,11,78.57,21,11,52.38,2,23,9,1,4,1,0,1.328,0.391,0.078,20.08,10.63,9.45,0.234,0.0,0.956,0.234,1.094,0.859,1.641,0.86,4.09,0.156,1.797,0.703,0.078,0.0,61.4,4.78,2.3,0.46,4.13,0.09,6.14,49.14,48.04,74.84,22.24,64.94,35.76,34.16,66.1,53.12,69.23,53.78,62.0,62.45,61.79,61,23,38,37.7,61,38,1.797,2.969,4.766,4.766,2.969,2.95,3,1,2,30.1,17,Match_236,2025-05-18T20:36:40.690162+00:00,[],0,17,5,1,257,136,121,36.53,3,0,2.33,1,14,11,21,11,2,23,9,1,0,0,38.25,
"Fernandez, Kirvy",LB,818.5,58.49,55.71,54.97,74.72,79.74,starter,Crown City FC,66,0.0,0.0,0.0,0.0,57.77,67.87,0.0,0.0,0.0,0.0,0.0,0.0,0.0,53.61,72.53,0.0,0.0,0.0,0.0,0.0,72.79,73.05,55.85,55.11,60.97,70.03,79.71,15964,32.51,568,568,0,100.0,17,2.99,4,20.32,27,21,18,1,85.71,4.76,4,1,25.0,12,2,16.67,14,14,100.0,2,11,2,0,1,0,0,2.309,1.979,0.11,62.456,62.46,54.72,1.869,0.44,2.234,2.969,1.319,0.22,1.539,1.54,11.0,0.22,1.21,0.22,0.0,0.44,0.11,2.75,9.42,0.52,11.0,0.33,1.83,46.76,20.88,62.69,74.66,29.91,45.85,79.28,59.62,21.58,48.04,50.93,69.19,52.43,30.29,0,0,0,0,0,0,0.0,0.0,0.0,0.0,0.0,60.63,1,2,2,61.92,3,Match_265,2025-05-09T23:58:29.691161+00:00,[],0,21,18,1,568,568,0,57.73,17,4,1.6,1,12,2,14,14,2,11,2,0,4,1,75.75,
"Salingay, Sam",LB,913.47,50.66,75.63,54.27,46.42,50.41,substitute,City United,67,0.0,0.0,0.0,0.0,57.85,50.13,0.0,0.0,0.0,0.0,0.0,0.0,0.0,72.96,46.72,0.0,0.0,0.0,0.0,0.0,76.12,54.37,34.91,48.52,35.26,49.51,69.87,13262,24.2,218,218,0,100.0,5,2.29,1,27.17,6,4,1,0,25.0,0.0,6,5,83.33,26,5,19.23,16,4,25.0,7,13,14,1,1,1,0,0.394,0.099,0.0,21.479,21.48,47.65,0.493,0.099,2.677,0.591,2.562,0.493,1.576,0.39,2.46,0.69,1.281,1.379,0.099,0.591,0.49,8.21,2.46,64.18,9.85,0.23,1.89,46.26,20.69,30.35,68.71,35.57,22.81,48.46,48.4,25.62,70.56,70.53,42.81,25.11,55.74,0,0,0,0,0,0,0.0,0.0,0.0,0.0,0.0,76.2,3,3,5,72.9,6,Match_54,2025-11-03T08:46:48.692167+00:00,[],0,4,1,0,218,218,0,41.69,5,1,2.74,3,26,5,16,4,7,13,14,1,6,5,27.39,
"Lood, Trevor",LW,959.39,52.91,40.0,42.64,26.42,75.86,substitute,Crown City FC,71,0.0,0.0,0.0,0.0,35.89,43.26,0.0,0.0,0.0,0.0,0.0,0.0,0.0,68.66,57.39,0.0,0.0,0.0,0.0,0.0,38.85,72.29,44.07,77.55,69.52,51.35,62.75,13566,23.57,330,128,202,38.79,7,2.12,1,18.58,13,34,17,2,50.0,5.88,2,0,0.0,19,17,89.47,5,1,20.0,4,23,15,1,1,1,0,3.19,1.595,0.188,30.957,12.01,18.95,0.657,0.094,1.743,1.22,1.782,1.595,0.469,0.09,1.88,0.375,2.158,1.407,0.094,0.188,45.51,56.49,4.69,0.55,3.64,0.2,8.39,54.86,71.54,59.52,58.47,30.9,58.4,73.09,75.57,62.12,36.98,56.59,43.02,34.92,35.89,0,0,0,0,0,0,0.0,0.0,0.0,0.0,0.0,63.81,4,6,3,83.16,17,Match_384,2025-09-02T04:26:53.692167+00:00,[],0,34,17,2,330,128,202,39.06,7,1,2.11,3,19,17,5,1,4,23,15,1,2,0,84.71,
"Tabay, Albin",CB,1004.19,37.41,59.67,79.23,58.41,29.79,starter,Harborview United,93,0.0,0.0,0.0,0.0,58.59,57.84,0.0,0.0,0.0,0.0,0.0,0.0,0.0,71.61,48.03,0.0,0.0,0.0,0.0,0.0,57.23,37.62,68.95,79.68,42.33,66.19,30.95,19852,32.95,908,0,908,0.0,2,0.22,0,23.51,74,7,1,0,14.29,0.0,3,1,33.33,23,5,21.74,20,8,40.0,0,24,10,1,1,1,0,0.627,0.09,0.0,81.379,37.1,81.38,0.179,0.0,2.107,6.632,2.061,0.448,1.792,0.72,3.58,0.0,2.151,0.896,0.09,0.269,0.09,2.99,1.28,42.53,58.17,0.02,1.95,69.24,32.27,44.44,33.96,48.51,44.46,20.03,31.19,34.92,75.1,39.27,50.66,44.04,66.79,0,0,0,0,0,0,0.0,0.0,0.0,0.0,0.0,62.19,4,1,4,20.68,6,Match_338,2025-09-11T13:20:07.693161+00:00,[],0,7,1,0,908,0,908,88.92,2,0,0.22,2,23,5,20,8,0,24,10,1,3,1,48.62,
"Taberos, Earl",CM,970.08,45.68,70.87,26.28,33.59,39.59,starter,Lakeside Athletic,35,0.0,0.0,0.0,0.0,33.82,78.15,0.0,0.0,0.0,0.0,0.0,0.0,0.0,78.59,75.73,0.0,0.0,0.0,0.0,0.0,70.56,69.47,39.94,38.46,55.89,38.91,75.68,3667,6.3,427,178,249,41.69,11,2.58,1,5.28,15,15,4,2,26.67,13.33,2,1,50.0,39,18,46.15,16,8,50.0,4,9,2,1,3,1,0,1.392,0.371,0.186,39.615,16.51,23.1,1.021,0.093,0.49,1.392,3.618,1.67,1.484,0.74,4.64,0.371,0.835,0.186,0.093,0.186,0.09,4.64,2.47,1.24,3.87,0.24,4.28,31.08,43.67,42.59,35.9,45.33,59.79,57.04,74.91,61.93,54.91,61.79,52.97,38.7,50.4,0,0,0,0,0,0,0.0,0.0,0.0,0.0,0.0,46.92,5,0,3,31.35,14,Match_142,2025-07-03T04:59:35.694161+00:00,[],0,15,4,2,427,178,249,73.22,11,1,4.89,5,39,18,16,8,4,9,2,1,2,1,43.11,
"Labrador, Sean",RB,1350.0,25.38,21.49,59.36,54.34,68.42,starter,Metro FC,63,0.0,0.0,0.0,0.0,52.27,66.05,0.0,0.0,0.0,0.0,0.0,0.0,0.0,77.56,63.93,0.0,0.0,0.0,0.0,0.0,47.83,53.48,57.87,44.48,58.59,58.07,35.72,2675,3.3,567,567,0,100.0,1,0.18,0,15.52,12,14,0,2,0.0,14.29,10,4,40.0,34,20,58.82,12,7,58.33,8,31,12,1,3,1,0,0.933,0.0,0.133,37.8,37.8,77.15,0.067,0.0,1.035,0.8,2.267,1.333,0.8,0.47,3.89,0.533,2.067,0.8,0.067,0.667,0.27,2.67,59.89,0.95,6.67,0.01,3.92,37.92,78.28,35.01,22.82,75.23,79.92,60.94,36.44,74.18,71.69,56.8,45.88,44.63,39.61,0,0,0,0,0,0,0.0,0.0,0.0,0.0,0.0,37.74,1,4,2,75.97,11,Match_301,2025-07-13T03:42:46.694161+00:00,[],0,14,0,2,567,567,0,58.19,1,0,1.77,3,34,20,12,7,8,31,12,1,10,4,30.41,
"Aningalan, Jul",LB,760.08,34.05,65.72,47.12,77.86,48.7,starter,Far Eastern University,38,0.0,0.0,0.0,0.0,57.95,72.63,0.0,0.0,0.0,0.0,0.0,0.0,0.0,59.33,48.92,0.0,0.0,0.0,0.0,0.0,47.72,72.73,66.3,47.69,44.94,70.89,59.7,14679,32.19,560,379,181,67.68,10,1.79,2,6.82,14,3,1,0,33.33,0.0,7,1,14.29,6,6,100.0,3,3,100.0,2,0,4,1,1,1,0,0.355,0.118,0.0,66.309,44.88,21.43,1.184,0.237,0.808,1.658,0.71,0.71,0.355,0.36,11.84,0.237,0.0,0.474,0.118,0.829,0.12,1.69,3.95,47.6,8.01,0.21,11.84,59.4,38.64,28.06,38.96,24.04,21.66,24.74,36.86,79.01,25.54,74.64,71.11,68.92,35.07,0,0,0,0,0,0,0.0,0.0,0.0,0.0,0.0,51.12,1,3,1,80.36,17,Match_167,2025-09-13T20:33:48.695162+00:00,[],0,3,1,0,560,379,181,52.41,10,2,0.16,3,6,6,3,3,2,0,4,1,7,1,23.2,
"Espana, Dave",RB,1082.25,68.32,51.94,47.67,41.02,69.14,substitute,Redwood Borough,50,0.0,0.0,0.0,0.0,52.83,74.95,0.0,0.0,0.0,0.0,0.0,0.0,0.0,30.73,33.41,0.0,0.0,0.0,0.0,0.0,60.97,52.82,52.6,68.01,42.04,48.16,30.9,5585,8.6,906,473,433,52.21,10,1.1,0,25.98,43,16,7,3,43.75,18.75,9,2,22.22,40,26,65.0,11,7,63.64,6,11,11,2,1,1,0,1.331,0.582,0.249,75.343,39.33,36.01,0.832,0.0,2.16,3.576,3.326,2.162,0.915,0.58,5.29,0.499,0.915,0.915,0.166,0.748,0.17,1.85,3.64,1.56,4.34,0.09,5.41,30.13,79.0,76.88,30.49,27.68,60.3,61.68,33.95,39.46,35.19,67.81,78.8,36.1,21.89,0,0,0,0,0,0,0.0,0.0,0.0,0.0,0.0,42.66,1,5,4,60.41,6,Match_135,2025-04-03T14:12:50.696162+00:00,[],0,16,7,3,906,473,433,57.98,10,0,0.86,5,40,26,11,7,6,11,11,2,9,2,30.56,
"Lagaya, Rick Matthew",CAM,789.17,60.71,59.3,23.65,70.81,56.4,starter,Coastal Town,46,0.0,0.0,0.0,0.0,44.21,48.84,0.0,0.0,0.0,0.0,0.0,0.0,0.0,49.2,51.39,0.0,0.0,0.0,0.0,0.0,41.14,54.26,40.38,44.79,76.2,66.26,46.29,4818,10.18,583,33,550,5.66,21,3.6,3,26.44,28,1,0,0,0.0,0.0,8,4,50.0,35,11,31.43,14,14,100.0,1,11,9,1,1,1,0,0.114,0.0,0.0,66.488,3.76,62.72,2.395,0.342,3.015,3.193,3.992,1.254,1.597,1.6,11.4,0.114,1.254,1.026,0.114,0.912,0.46,5.7,49.81,42.04,0.65,0.41,3.58,43.22,34.82,22.5,39.74,58.12,21.99,56.53,67.57,33.77,63.15,50.18,28.69,57.45,33.77,0,0,0,0,0,0,0.0,0.0,0.0,0.0,0.0,37.94,4,3,2,79.13,7,Match_210,2024-12-11T10:57:09.696162+00:00,[],0,1,0,0,583,33,550,66.39,21,3,4.76,4,35,11,14,14,1,11,9,1,8,4,28.57,
"Lagaya, Rick Matthew",CB,1278.83,58.48,34.46,55.75,28.83,47.39,substitute,Summit Peak FC,93,0.0,0.0,0.0,0.0,30.15,68.48,0.0,0.0,0.0,0.0,0.0,0.0,0.0,72.37,55.03,0.0,0.0,0.0,0.0,0.0,69.41,41.05,77.32,76.39,52.96,37.55,32.22,22987,29.96,622,622,0,100.0,16,2.57,3,11.13,18,16,6,3,37.5,18.75,3,1,33.33,95,19,20.0,8,7,87.5,4,17,26,1,1,1,0,1.126,0.422,0.211,43.774,43.77,33.68,1.126,0.211,0.783,1.267,6.686,1.337,0.563,0.49,6.16,0.282,1.196,1.83,0.07,0.211,0.07,2.35,2.64,1.32,7.04,0.18,1.41,50.14,59.66,72.45,64.12,68.23,54.07,45.54,55.18,50.87,29.3,73.2,61.44,23.66,79.59,0,0,0,0,0,0,0.0,0.0,0.0,0.0,0.0,32.84,4,0,7,39.5,18,Match_372,2025-09-14T07:50:57.697161+00:00,[],0,16,6,3,622,622,0,82.92,16,3,4.35,2,95,19,8,7,4,17,26,1,3,1,29.93,
"Escodo, Pedro",LB,601.11,71.21,30.07,27.27,68.97,20.89,starter,Northbridge FC,72,0.0,0.0,0.0,0.0,72.86,49.88,0.0,0.0,0.0,0.0,0.0,0.0,0.0,44.07,48.87,0.0,0.0,0.0,0.0,0.0,37.67,69.88,39.22,50.09,56.41,50.65,36.91,11024,30.57,335,252,83,75.22,8,2.39,1,13.69,15,4,1,0,25.0,0.0,3,1,33.33,24,10,41.67,9,2,22.22,1,5,10,0,0,1,0,0.599,0.15,0.0,50.157,37.73,12.43,1.198,0.15,2.05,2.246,3.593,1.497,1.348,0.3,3.33,0.15,0.749,1.497,0.0,0.449,0.15,4.99,3.74,73.31,11.26,0.36,6.24,33.8,73.34,20.98,61.5,43.16,46.04,26.88,74.6,50.48,57.88,60.29,53.49,68.12,48.85,0,0,0,0,0,0,0.0,0.0,0.0,0.0,0.0,54.76,0,3,1,41.71,13,Match_262,2025-11-13T14:40:09.697161+00:00,[],0,4,1,0,335,252,83,52.61,8,1,4.57,6,24,10,9,2,1,5,10,0,3,1,42.47,
"Acebedo, James",GK,1308.29,72.17,77.15,55.3,46.25,24.47,starter,Goldenfield Rovers,36,0.0,0.0,0.0,0.0,51.94,73.01,0.0,0.0,0.0,0.0,0.0,0.0,0.0,39.31,52.12,0.0,0.0,0.0,0.0,0.0,45.13,72.2,46.3,69.38,54.54,46.06,78.1,20025,25.51,437,251,186,57.44,16,3.66,2,19.97,16,26,7,1,26.92,3.85,10,1,10.0,22,20,90.91,6,4,66.67,8,23,3,1,2,2,0,1.789,0.482,0.069,30.062,17.27,12.8,1.101,0.138,1.374,1.101,1.513,1.376,0.413,0.28,4.59,0.55,1.582,0.206,0.069,0.688,0.07,0.69,1.85,0.26,3.95,0.25,6.25,21.17,61.34,46.15,78.35,60.11,45.32,25.52,20.78,58.84,74.97,37.95,25.19,25.42,70.44,17,10,7,58.82,17,7,0.688,0.482,1.169,1.169,0.482,4.05,0,2,3,73.06,1,Match_313,2025-01-08T23:17:34.698161+00:00,[],0,26,7,1,437,251,186,59.01,16,2,4.32,3,22,20,6,4,8,23,3,1,10,1,77.52,
"Aningalan, Jul",RB,927.49,47.72,42.62,61.59,34.2,21.34,starter,De La Salle University,73,0.0,0.0,0.0,0.0,69.74,76.29,0.0,0.0,0.0,0.0,0.0,0.0,0.0,36.89,55.43,0.0,0.0,0.0,0.0,0.0,72.16,56.7,72.65,34.62,58.51,73.15,78.51,10439,18.76,951,951,0,100.0,8,0.84,1,17.27,19,14,2,2,14.29,14.29,10,4,40.0,40,1,2.5,10,4,40.0,7,21,5,1,2,2,0,1.359,0.194,0.194,92.281,92.28,55.66,0.776,0.097,1.676,1.844,3.881,0.097,0.97,0.39,3.88,0.679,2.038,0.485,0.097,0.97,0.39,3.88,1.39,1.39,9.7,0.08,0.24,25.22,45.9,62.09,79.3,47.27,77.8,51.32,53.54,72.36,42.81,38.16,24.72,71.29,65.66,0,0,0,0,0,0,0.0,0.0,0.0,0.0,0.0,42.82,3,3,5,80.45,16,Match_343,2025-04-30T06:05:27.699164+00:00,[],0,14,2,2,951,951,0,74.43,8,1,4.62,4,40,1,10,4,7,21,5,1,10,4,54.03,
"Escodo, Bel",CM,1269.95,61.05,41.99,74.97,26.31,53.21,DNP,Riverstone FC,34,0.0,0.0,0.0,0.0,75.47,79.01,0.0,0.0,0.0,0.0,0.0,0.0,0.0,58.83,69.65,0.0,0.0,0.0,0.0,0.0,40.92,51.84,37.93,59.33,71.38,69.32,33.23,4109,5.39,978,971,7,99.28,21,2.15,6,12.9,38,18,13,3,72.22,16.67,16,15,93.75,16,3,18.75,18,2,11.11,5,30,7,1,3,2,0,1.276,0.921,0.213,69.31,68.81,0.5,1.488,0.425,0.914,2.693,1.134,0.213,1.276,0.14,0.79,0.354,2.126,0.496,0.071,1.134,1.06,6.64,5.12,1.18,7.04,0.15,1.33,60.86,42.37,70.01,22.72,46.11,50.35,20.17,54.68,27.58,72.18,49.82,20.0,54.47,76.29,0,0,0,0,0,0,0.0,0.0,0.0,0.0,0.0,45.23,3,4,1,45.27,14,Match_91,2025-03-17T11:17:37.699164+00:00,[],0,18,13,3,978,971,7,71.54,21,6,2.85,2,16,3,18,2,5,30,7,1,16,15,72.28,
"Barro, Pius",GK,931.86,72.15,58.49,65.18,23.54,26.97,starter,Ateneo de Manila University,45,0.0,0.0,0.0,0.0,44.02,48.95,0.0,0.0,0.0,0.0,0.0,0.0,0.0,69.61,34.91,0.0,0.0,0.0,0.0,0.0,56.32,62.11,54.56,33.48,70.19,54.01,67.69,8036,14.37,11,9,2,81.82,0,0.0,0,16.02,0,12,1,1,8.33,8.33,0,0,66.15,29,7,24.14,25,8,32.0,2,3,3,1,1,1,0,1.159,0.097,0.097,1.062,0.87,0.19,0.0,0.0,1.547,0.0,2.801,0.676,2.415,0.77,3.09,0.193,0.29,0.29,0.097,0.0,37.41,6.39,0.8,0.8,7.9,57.92,2.33,42.31,20.06,30.68,47.83,68.44,78.86,59.42,38.9,45.64,64.85,22.62,41.76,76.82,71.73,20,9,11,45.0,20,11,0.869,1.062,1.932,1.932,1.062,4.35,1,2,6,58.58,15,Match_378,2025-10-25T18:17:55.700161+00:00,[],0,12,1,1,11,9,2,33.27,0,0,3.58,5,29,7,25,8,2,3,3,1,0,0,71.19,
"Santos, Nico",LB,921.52,65.55,24.96,74.1,63.52,24.24,DNP,Adamson University,40,0.0,0.0,0.0,0.0,79.29,44.39,0.0,0.0,0.0,0.0,0.0,0.0,0.0,70.29,74.02,0.0,0.0,0.0,0.0,0.0,43.57,34.95,73.22,76.88,58.96,66.05,57.56,2573,4.65,719,604,115,84.01,10,1.39,1,18.19,45,13,7,2,53.85,15.38,14,2,14.29,36,19,52.78,16,16,100.0,1,19,4,1,2,1,0,1.27,0.684,0.195,70.221,58.99,11.23,0.977,0.098,1.777,4.395,3.516,1.856,1.563,1.56,9.77,0.098,1.856,0.391,0.098,1.367,0.2,1.4,5.26,1.5,8.2,0.14,5.15,35.47,22.72,41.11,53.69,56.65,33.31,30.99,48.1,37.81,78.25,67.02,63.7,46.27,51.44,0,0,0,0,0,0,0.0,0.0,0.0,0.0,0.0,58.0,3,2,5,89.79,6,Match_29,2025-06-30T01:49:23.701161+00:00,[],0,13,7,2,719,604,115,38.13,10,1,0.56,3,36,19,16,16,1,19,4,1,14,2,56.03,
"Garces, Josh",RB,757.21,34.14,69.48,55.64,52.45,40.0,starter,Adamson University,73,0.0,0.0,0.0,0.0,45.1,42.26,0.0,0.0,0.0,0.0,0.0,0.0,0.0,30.28,50.59,0.0,0.0,0.0,0.0,0.0,60.78,57.33,70.95,68.57,59.53,48.95,35.83,7625,16.78,644,467,177,72.52,9,1.4,2,28.5,24,7,1,1,14.29,14.29,4,3,75.0,0,0,52.64,13,8,61.54,4,16,4,3,1,1,0,0.832,0.119,0.119,76.544,55.51,21.04,1.07,0.238,3.387,2.853,0.0,0.0,1.545,0.95,7.31,0.475,1.902,0.475,0.357,0.475,0.36,8.91,1.7,1.7,8.62,0.17,6.26,65.94,26.43,49.6,61.99,63.84,59.96,56.01,73.37,25.98,25.0,26.01,66.73,76.48,25.69,0,0,0,0,0,0,0.0,0.0,0.0,0.0,0.0,77.78,4,2,1,33.98,19,Match_121,2025-10-01T12:13:13.701161+00:00,[],0,7,1,1,644,467,177,65.4,9,2,3.05,3,0,0,13,8,4,16,4,3,4,3,48.63,
"Garcia, Marco",RB,1033.2,73.33,59.28,61.18,35.58,58.02,substitute,University of Santo Tomas,45,0.0,0.0,0.0,0.0,32.36,47.38,0.0,0.0,0.0,0.0,0.0,0.0,0.0,53.91,35.87,0.0,0.0,0.0,0.0,0.0,33.02,48.86,43.09,76.35,48.9,55.92,75.37,20106,32.43,772,630,142,81.61,14,1.81,2,4.25,0,22,8,2,36.36,9.09,8,1,12.5,84,29,34.52,2,1,50.0,3,4,6,3,1,2,0,1.916,0.697,0.174,67.247,54.88,12.37,1.22,0.174,0.37,0.0,7.317,2.526,0.174,0.09,4.36,0.261,0.348,0.523,0.261,0.697,0.09,1.09,3.17,0.79,7.11,0.16,3.01,57.06,21.92,36.95,77.35,49.54,65.9,62.25,70.67,47.82,53.04,75.85,62.5,55.39,41.97,0,0,0,0,0,0,0.0,0.0,0.0,0.0,0.0,71.64,2,3,3,52.48,1,Match_163,2025-05-30T02:51:34.702161+00:00,[],0,22,8,2,772,630,142,77.42,14,2,2.62,2,84,29,2,1,3,4,6,3,8,1,73.02,
"Fernandez, Pius",CF,886.46,59.3,40.43,22.74,43.28,22.0,substitute,Brookside United,48,0.0,0.0,0.0,0.0,64.26,49.61,0.0,0.0,0.0,0.0,0.0,0.0,0.0,66.65,46.05,0.0,0.0,0.0,0.0,0.0,79.89,33.73,62.05,72.94,69.32,30.55,42.35,11813,22.21,826,76,750,9.2,15,1.82,4,9.66,60,34,11,8,32.35,23.53,6,4,66.67,2,2,100.0,8,5,62.5,4,14,1,2,3,1,0,3.452,1.117,0.812,83.862,7.72,76.15,1.523,0.406,0.981,6.092,0.203,0.203,0.812,0.51,6.35,0.406,1.421,0.102,0.203,0.609,0.41,6.77,3.28,2.39,0.93,0.18,10.15,44.45,49.21,76.43,20.78,21.15,54.27,76.57,74.53,52.85,24.42,43.21,46.35,35.77,66.7,0,0,0,0,0,0,0.0,0.0,0.0,0.0,0.0,44.13,4,2,9,82.72,10,Match_60,2025-02-20T02:24:19.702161+00:00,[],0,34,11,8,826,76,750,55.26,15,4,1.19,5,2,2,8,5,4,14,1,2,6,4,54.5,
"Abellana, Marco",RW,1170.26,64.46,38.46,71.36,24.18,64.23,substitute,Far Eastern University,29,0.0,0.0,0.0,0.0,66.56,60.55,0.0,0.0,0.0,0.0,0.0,0.0,0.0,76.51,65.85,0.0,0.0,0.0,0.0,0.0,60.04,63.07,66.47,46.12,37.0,53.54,72.9,5384,7.67,653,518,135,79.33,16,2.45,3,21.64,21,73,2,9,2.74,12.33,23,15,65.22,39,18,46.15,25,7,28.0,5,21,13,1,1,0,0,5.614,0.154,0.692,50.22,39.84,10.38,1.23,0.231,1.664,1.615,2.999,1.384,1.923,0.54,2.15,0.385,1.615,1.0,0.077,1.769,1.15,5.02,0.21,0.95,6.1,0.19,3.55,21.92,22.39,73.7,45.31,60.61,41.37,20.34,65.86,52.46,74.81,50.63,34.58,29.09,74.17,0,0,0,0,0,0,0.0,0.0,0.0,0.0,0.0,52.87,4,2,4,35.16,2,Match_277,2024-12-16T03:15:43.703161+00:00,[],0,73,2,9,653,518,135,27.9,16,3,0.79,3,39,18,25,7,5,21,13,1,23,15,43.19,
"Mapula, Paul Joshua",LB,1145.79,54.79,20.07,46.7,25.45,40.66,starter,San Beda University,89,0.0,0.0,0.0,0.0,71.42,56.49,0.0,0.0,0.0,0.0,0.0,0.0,0.0,70.19,31.38,0.0,0.0,0.0,0.0,0.0,48.27,68.94,39.18,44.98,73.32,42.92,72.16,22463,32.67,884,373,511,42.19,12,1.36,1,9.5,12,7,5,0,71.43,0.0,17,7,41.18,73,48,65.75,18,12,66.67,5,29,11,1,2,3,0,0.55,0.393,0.0,69.437,29.3,40.14,0.943,0.079,0.746,0.943,5.734,3.77,1.414,0.94,5.24,0.393,2.278,0.864,0.079,1.335,0.55,3.23,5.61,55.28,3.31,0.11,5.16,29.73,62.82,53.04,30.86,45.89,77.45,25.94,67.72,63.53,30.26,41.15,74.62,67.14,51.34,0,0,0,0,0,0,0.0,0.0,0.0,0.0,0.0,58.72,4,4,3,61.63,14,Match_321,2025-06-12T17:21:41.704161+00:00,[],0,7,5,0,884,373,511,47.68,12,1,3.12,4,73,48,18,12,5,29,11,1,17,7,40.3,
"Lopez, Laurence",RWB,794.86,74.77,28.29,63.34,48.61,20.07,substitute,Westwood Athletic,13,0.0,0.0,0.0,0.0,65.79,69.6,0.0,0.0,0.0,0.0,0.0,0.0,0.0,69.99,76.81,0.0,0.0,0.0,0.0,0.0,75.84,31.07,75.76,30.0,66.53,51.89,49.79,9352,19.61,940,624,316,66.38,14,1.49,5,19.01,29,8,0,0,0.0,0.0,9,9,100.0,30,10,33.33,14,4,28.57,4,21,4,2,2,2,0,0.906,0.0,0.0,106.434,70.65,35.78,1.585,0.566,2.152,3.284,3.397,1.132,1.585,0.45,3.23,0.453,2.378,0.453,0.226,1.019,1.02,11.32,78.19,65.68,7.52,0.17,3.77,30.66,32.83,37.67,27.65,75.6,78.76,28.12,76.73,23.55,25.32,36.72,79.24,59.29,63.87,0,0,0,0,0,0,0.0,0.0,0.0,0.0,0.0,38.55,5,1,4,87.52,5,Match_256,2025-04-12T17:56:57.704161+00:00,[],0,8,0,0,940,624,316,71.49,14,5,2.0,2,30,10,14,4,4,21,4,2,9,9,27.03,
"Encaya, Pius",CDM,1350.0,59.11,69.49,40.67,67.58,33.85,starter,Adamson University,1,0.0,0.0,0.0,0.0,77.92,44.76,0.0,0.0,0.0,0.0,0.0,0.0,0.0,38.9,65.59,0.0,0.0,0.0,0.0,0.0,71.57,61.24,61.62,34.39,39.38,57.48,71.37,22562,27.85,786,235,551,29.9,21,2.67,4,23.48,23,12,4,0,33.33,0.0,16,7,43.75,44,23,52.27,2,1,50.0,6,7,12,1,3,0,0,0.8,0.267,0.0,52.4,15.67,36.73,1.4,0.267,1.565,1.533,2.933,1.533,0.133,0.07,3.33,0.4,0.467,0.8,0.067,1.067,0.47,2.92,2.22,51.45,1.99,0.18,3.48,69.69,47.42,41.35,74.19,25.76,52.24,27.92,24.26,21.38,29.71,55.89,44.94,73.01,61.15,0,0,0,0,0,0,0.0,0.0,0.0,0.0,0.0,40.99,6,5,1,61.78,5,Match_400,2025-11-29T01:16:53.705163+00:00,[],0,12,4,0,786,235,551,76.67,21,4,3.43,5,44,23,2,1,6,7,12,1,16,7,27.93,
"Aningalan, Jaro",ST,786.73,43.1,23.63,54.87,66.73,66.99,starter,Summit Peak FC,51,0.0,0.0,0.0,0.0,55.65,64.06,0.0,0.0,0.0,0.0,0.0,0.0,0.0,59.76,34.33,0.0,0.0,0.0,0.0,0.0,55.86,35.96,77.75,35.69,33.34,51.3,30.71,10309,21.84,358,150,208,41.9,1,0.28,0,29.19,14,43,0,3,0.0,6.98,10,10,100.0,22,5,22.73,22,22,100.0,2,11,5,0,0,2,0,4.919,0.0,0.343,40.954,17.16,23.79,0.114,0.0,3.339,1.602,2.517,0.572,2.517,2.52,11.44,0.229,1.258,0.572,0.0,1.144,1.14,11.44,78.0,0.8,4.79,0.03,2.6,38.03,22.17,77.92,43.49,31.78,38.37,66.21,63.04,54.05,40.63,38.14,56.27,30.04,31.39,0,0,0,0,0,0,0.0,0.0,0.0,0.0,0.0,77.31,3,4,2,34.76,5,Match_60,2025-07-22T15:20:32.706161+00:00,[],0,43,0,3,358,150,208,27.26,1,0,0.35,3,22,5,22,22,2,11,5,0,10,10,77.01,
"Asignar, Josh Rupert",LWB,683.54,69.37,63.21,77.74,36.9,47.66,starter,Summit Peak FC,31,0.0,0.0,0.0,0.0,57.51,79.95,0.0,0.0,0.0,0.0,0.0,0.0,0.0,38.03,37.62,0.0,0.0,0.0,0.0,0.0,60.41,35.05,67.71,36.27,61.93,57.06,73.66,5095,12.42,356,356,0,100.0,6,1.69,2,14.15,4,6,1,0,16.67,0.0,1,1,100.0,58,18,31.03,13,8,61.54,1,3,8,1,0,1,0,0.79,0.132,0.0,46.874,46.87,31.8,0.79,0.263,1.863,0.527,7.637,2.37,1.712,1.05,8.1,0.132,0.395,1.053,0.132,0.132,0.13,13.17,2.19,76.4,13.17,0.22,4.09,77.48,73.34,60.0,41.88,34.15,34.73,76.95,76.96,22.08,61.37,24.65,62.38,41.95,60.11,0,0,0,0,0,0,0.0,0.0,0.0,0.0,0.0,48.84,4,8,4,44.03,4,Match_286,2025-07-08T14:31:36.706161+00:00,[],0,6,1,0,356,356,0,57.73,6,2,0.25,3,58,18,13,8,1,3,8,1,1,1,69.96,
"Alcantara, Paolo",GK,388.91,50.4,68.89,31.12,43.95,28.56,DNP,Brookside United,40,0.0,0.0,0.0,0.0,53.57,57.86,0.0,0.0,0.0,0.0,0.0,0.0,0.0,42.58,46.47,0.0,0.0,0.0,0.0,0.0,65.31,43.11,43.76,43.66,41.68,66.75,62.59,7876,33.75,42,39,3,92.86,1,2.38,0,21.36,2,5,3,2,60.0,40.0,4,4,100.0,10,5,50.0,3,2,66.67,2,6,6,0,1,1,0,1.157,0.694,0.463,9.719,9.03,0.69,0.231,0.0,4.943,0.463,2.314,1.157,0.694,0.46,15.43,0.463,1.388,1.388,0.0,0.926,0.93,23.14,13.88,9.26,21.49,0.55,11.57,67.19,42.27,42.88,38.13,46.8,26.77,75.36,20.81,72.21,36.57,34.38,66.62,55.31,27.12,12,12,0,100.0,12,0,2.777,0.0,2.777,2.777,0.0,23.14,4,3,6,22.27,18,Match_112,2025-02-04T18:58:33.707161+00:00,[],0,5,3,2,42,39,3,55.72,1,0,1.78,2,10,5,3,2,2,6,6,0,4,4,70.6,
"Lagaya, Rick Matthew",RWB,828.71,61.96,30.57,73.35,50.33,47.64,substitute,Westwood Athletic,36,0.0,0.0,0.0,0.0,76.09,57.53,0.0,0.0,0.0,0.0,0.0,0.0,0.0,38.85,72.7,0.0,0.0,0.0,0.0,0.0,55.83,42.71,71.13,67.81,72.28,61.33,70.24,2570,5.17,667,667,0,100.0,9,1.35,1,15.18,21,5,2,0,40.0,0.0,8,0,0.0,26,5,19.23,15,14,93.33,2,19,8,1,2,0,0,0.543,0.217,0.0,72.438,72.44,59.66,0.977,0.109,1.649,2.281,2.824,0.543,1.629,1.52,10.14,0.217,2.063,0.869,0.109,0.869,59.47,64.79,4.34,30.96,10.86,0.15,2.09,36.02,60.82,73.42,49.88,26.75,31.64,77.89,72.18,76.03,60.6,61.49,44.66,40.49,64.52,0,0,0,0,0,0,0.0,0.0,0.0,0.0,0.0,62.83,5,1,1,86.79,3,Match_146,2025-01-22T09:49:18.708171+00:00,[],0,5,2,0,667,667,0,51.32,9,1,2.56,2,26,5,15,14,2,19,8,1,8,0,60.54,
"Darapan, Jermi",LW,993.95,36.34,54.42,67.51,66.15,33.06,starter,Southgate United,39,0.0,0.0,0.0,0.0,55.3,76.7,0.0,0.0,0.0,0.0,0.0,0.0,0.0,47.44,42.88,0.0,0.0,0.0,0.0,0.0,40.31,52.63,64.3,50.2,57.28,46.84,57.64,8757,14.68,266,77,189,28.95,3,1.13,0,10.4,6,38,3,2,7.89,5.26,7,3,42.86,30,22,73.33,10,1,10.0,3,12,6,3,1,0,0,3.441,0.272,0.181,24.086,6.97,17.11,0.272,0.0,0.942,0.543,2.716,1.992,0.905,0.09,0.91,0.272,1.087,0.543,0.272,0.634,0.27,3.88,0.71,0.48,2.62,0.1,6.64,43.88,68.37,61.65,49.66,29.87,22.1,27.3,42.69,40.75,62.55,51.09,43.45,74.39,21.61,0,0,0,0,0,0,0.0,0.0,0.0,0.0,0.0,37.17,5,1,1,77.51,5,Match_65,2025-09-27T03:54:01.708171+00:00,[],0,38,3,2,266,77,189,67.84,3,0,2.76,4,30,22,10,1,3,12,6,3,7,3,64.25,
"Espana, Dave",CDM,1098.16,70.37,53.07,47.55,50.69,43.35,starter,Metro FC,12,0.0,0.0,0.0,0.0,67.52,68.26,0.0,0.0,0.0,0.0,0.0,0.0,0.0,50.27,66.33,0.0,0.0,0.0,0.0,0.0,77.22,52.96,72.13,40.31,35.86,64.72,61.45,7494,11.37,834,366,468,43.88,0,0.0,0,29.06,16,0,0,0,36.02,4.07,5,2,40.0,26,25,96.15,35,20,57.14,5,15,13,2,3,2,0,0.0,0.0,0.0,68.351,30.0,38.36,0.0,0.0,2.382,1.311,2.131,2.049,2.868,1.64,4.68,0.41,1.229,1.065,0.164,0.41,0.16,3.28,2.95,0.33,3.6,49.61,7.88,49.87,77.58,65.87,68.42,69.79,31.99,22.31,20.85,27.48,43.79,41.25,70.72,69.42,53.22,0,0,0,0,0,0,0.0,0.0,0.0,0.0,0.0,68.39,3,4,3,51.39,4,Match_180,2025-03-10T13:27:49.709168+00:00,[],0,0,0,0,834,366,468,39.16,0,0,2.03,6,26,25,35,20,5,15,13,2,5,2,80.37,
"Lagaya, Rick Matthew",LW,1102.88,56.57,31.05,64.06,41.22,23.43,substitute,Westwood Athletic,88,0.0,0.0,0.0,0.0,48.63,64.19,0.0,0.0,0.0,0.0,0.0,0.0,0.0,67.57,37.06,0.0,0.0,0.0,0.0,0.0,77.32,34.31,55.9,69.95,66.73,50.66,78.04,12383,18.71,187,173,14,92.51,3,1.6,0,25.52,4,56,19,5,33.93,8.93,28,12,42.86,26,13,50.0,11,2,18.18,3,26,2,0,1,3,0,4.57,1.55,0.408,15.26,14.12,1.14,0.245,0.0,2.083,0.326,2.122,1.061,0.898,0.16,1.48,0.245,2.122,0.163,0.0,2.285,0.98,3.5,2.77,0.73,7.55,0.13,4.08,30.98,73.31,79.57,40.25,42.3,22.96,43.38,69.99,58.13,63.32,71.87,34.68,71.31,26.88,0,0,0,0,0,0,0.0,0.0,0.0,0.0,0.0,73.92,1,5,4,25.86,12,Match_110,2025-07-08T11:17:50.709168+00:00,[],0,56,19,5,187,173,14,40.29,3,0,2.87,4,26,13,11,2,3,26,2,0,28,12,25.12,
"Unabia, Mark",RW,1038.85,29.32,78.64,36.06,24.65,65.99,substitute,De La Salle University,48,0.0,0.0,0.0,0.0,79.54,75.12,0.0,0.0,0.0,0.0,0.0,0.0,0.0,73.2,53.09,0.0,0.0,0.0,0.0,0.0,71.43,70.52,46.53,45.65,47.92,68.58,42.01,22132,35.51,454,297,157,65.42,14,3.08,5,21.33,36,43,11,1,25.58,2.33,28,17,60.71,39,14,35.9,5,3,60.0,4,26,7,2,3,2,0,3.725,0.953,0.087,39.332,25.73,13.6,1.213,0.433,1.848,3.119,3.379,1.213,0.433,0.26,5.2,0.347,2.252,0.606,0.173,2.426,1.47,5.26,2.22,0.2,5.67,0.27,3.11,60.39,39.8,36.3,54.17,60.23,54.57,42.56,79.09,55.46,47.05,49.8,68.29,23.61,68.21,0,0,0,0,0,0,0.0,0.0,0.0,0.0,0.0,48.54,3,1,2,21.32,14,Match_306,2025-06-07T03:28:43.710162+00:00,[],0,43,11,1,454,297,157,36.69,14,5,2.39,7,39,14,5,3,4,26,7,2,28,17,47.71,
"Diola, Ezekiel",LW,787.24,48.02,40.35,54.61,51.83,57.3,starter,Harborview United,4,0.0,0.0,0.0,0.0,56.41,38.23,0.0,0.0,0.0,0.0,0.0,0.0,0.0,58.3,35.71,0.0,0.0,0.0,0.0,0.0,44.21,33.51,54.6,46.06,61.96,62.3,37.69,8397,17.78,492,320,172,65.04,3,0.61,0,12.71,21,29,16,2,55.17,6.9,7,5,71.43,23,2,8.7,12,9,75.0,3,19,5,1,2,1,0,3.315,1.829,0.229,56.247,36.58,19.66,0.343,0.0,1.453,2.401,2.629,0.229,1.372,1.03,8.57,0.343,2.172,0.572,0.114,0.8,0.57,8.17,6.31,0.79,7.44,0.07,0.99,58.92,45.22,34.23,58.24,32.48,57.86,54.3,74.95,61.58,32.18,56.16,57.8,42.93,38.53,0,0,0,0,0,0,0.0,0.0,0.0,0.0,0.0,67.96,3,2,2,74.36,19,Match_302,2025-01-15T03:02:58.711161+00:00,[],0,29,16,2,492,320,172,45.23,3,0,2.14,3,23,2,12,9,3,19,5,1,7,5,33.64,
"Tabay, Albin",CB,608.07,69.53,45.6,79.44,35.42,39.84,starter,Adamson University,50,0.0,0.0,0.0,0.0,36.83,62.61,0.0,0.0,0.0,0.0,0.0,0.0,0.0,34.66,70.17,0.0,0.0,0.0,0.0,0.0,78.68,64.22,47.67,64.05,68.36,54.95,61.04,4612,12.64,151,76,75,50.33,4,2.65,0,5.29,3,10,4,2,40.0,20.0,1,1,100.0,20,0,0.0,8,1,12.5,1,12,4,0,0,1,0,1.48,0.592,0.296,22.349,11.25,11.1,0.592,0.0,0.783,0.444,2.96,0.0,1.184,0.15,1.85,0.148,1.776,0.592,0.0,0.148,0.15,14.8,5.92,2.96,7.45,0.39,40.57,21.38,34.66,38.88,33.24,31.95,55.33,43.17,36.34,45.6,31.19,47.86,24.74,72.96,53.93,0,0,0,0,0,0,0.0,0.0,0.0,0.0,0.0,59.04,5,1,1,87.93,5,Match_66,2025-07-15T00:49:55.711161+00:00,[],0,10,4,2,151,76,75,41.02,4,0,2.16,4,20,0,8,1,1,12,4,0,1,1,86.4,
"Alonzo, Kaye",RWB,390.64,55.6,43.73,75.68,55.35,65.18,substitute,Summit Peak FC,40,0.0,0.0,0.0,0.0,31.74,70.31,0.0,0.0,0.0,0.0,0.0,0.0,0.0,42.08,73.04,0.0,0.0,0.0,0.0,0.0,31.8,69.02,52.32,40.77,76.34,43.41,39.65,3569,15.23,344,87,257,25.29,8,2.33,0,21.39,17,1,0,0,0.0,0.0,3,3,100.0,17,6,35.29,5,2,40.0,2,3,6,0,0,1,0,0.23,0.0,0.0,79.255,20.04,59.21,1.843,0.0,4.928,3.917,3.917,1.382,1.152,0.46,9.22,0.461,0.691,1.382,0.0,0.691,0.69,23.04,41.49,39.67,5.83,0.54,8.13,34.55,62.34,71.46,36.55,47.05,33.58,72.86,72.62,35.83,51.55,60.56,59.44,53.68,28.77,0,0,0,0,0,0,0.0,0.0,0.0,0.0,0.0,54.04,3,4,1,74.71,18,Match_376,2025-01-17T05:24:31.712162+00:00,[],0,1,0,0,344,87,257,77.52,8,0,0.96,3,17,6,5,2,2,3,6,0,3,3,31.67,
"Santos, Aris",LB,982.05,38.91,45.97,38.26,75.73,28.9,starter,Ateneo de Manila University,39,0.0,0.0,0.0,0.0,56.08,50.72,0.0,0.0,0.0,0.0,0.0,0.0,0.0,48.22,54.47,0.0,0.0,0.0,0.0,0.0,67.73,42.35,76.46,52.83,53.97,33.66,76.66,18451,31.31,459,459,0,100.0,2,0.44,0,29.06,4,5,2,0,40.0,0.0,3,2,66.67,38,18,47.37,17,17,100.0,1,27,7,2,2,0,0,0.458,0.183,0.0,42.065,42.07,70.04,0.183,0.0,2.663,0.367,3.483,1.65,1.558,1.56,9.16,0.092,2.474,0.642,0.183,0.275,0.18,6.11,3.67,32.45,9.16,0.04,4.34,56.66,53.99,69.38,28.49,64.24,41.35,28.18,26.89,64.03,47.69,71.51,71.86,51.73,55.69,0,0,0,0,0,0,0.0,0.0,0.0,0.0,0.0,64.72,3,5,5,35.6,20,Match_56,2025-10-19T16:37:52.713161+00:00,[],0,5,2,0,459,459,0,43.22,2,0,1.92,3,38,18,17,17,1,27,7,2,3,2,56.73,
"Darapan, Jermi",RWB,1004.21,36.6,47.05,54.77,50.27,61.59,substitute,San Beda University,39,0.0,0.0,0.0,0.0,53.39,53.25,0.0,0.0,0.0,0.0,0.0,0.0,0.0,64.72,40.66,0.0,0.0,0.0,0.0,0.0,79.21,44.19,41.41,50.29,75.74,62.46,37.73,4462,7.41,912,912,0,100.0,27,2.96,4,16.67,42,10,8,0,80.0,0.0,16,11,68.75,51,17,33.33,13,2,15.38,4,23,11,3,2,0,0,0.896,0.717,0.0,81.736,81.74,72.44,2.42,0.358,1.494,3.764,4.571,1.524,1.165,0.18,1.38,0.358,2.061,0.986,0.269,1.434,0.99,6.16,7.17,65.42,8.96,0.27,2.99,68.06,43.77,69.29,69.87,21.96,67.49,79.31,59.07,62.65,73.83,54.14,36.83,65.2,77.56,0,0,0,0,0,0,0.0,0.0,0.0,0.0,0.0,57.3,5,4,4,25.14,3,Match_119,2025-10-25T21:23:33.713161+00:00,[],0,10,8,0,912,912,0,57.95,27,4,3.28,3,51,17,13,2,4,23,11,3,16,11,87.07,
"Escodo, Jaro",GK,988.02,35.22,20.6,21.32,31.84,44.5,starter,University of the Philippines,28,0.0,0.0,0.0,0.0,55.19,36.65,0.0,0.0,0.0,0.0,0.0,0.0,0.0,40.99,53.53,0.0,0.0,0.0,0.0,0.0,66.6,65.26,68.22,76.5,77.0,74.69,40.66,14727,24.84,290,138,152,47.59,4,1.38,0,6.03,8,24,5,1,20.83,4.17,13,10,76.92,14,4,28.57,18,12,66.67,7,13,7,0,3,2,0,2.186,0.455,0.091,26.416,12.57,13.85,0.364,0.0,0.549,0.729,1.275,0.364,1.64,1.09,6.07,0.638,1.184,0.638,0.0,1.184,0.91,7.01,1.9,0.38,4.34,0.13,2.6,46.46,64.04,27.37,74.05,67.0,41.91,68.95,46.25,45.61,66.55,56.58,40.84,68.83,34.95,37,14,23,37.84,37,23,1.275,2.095,3.37,3.37,2.095,3.45,4,2,6,65.95,18,Match_399,2025-03-12T22:39:31.714161+00:00,[],0,24,5,1,290,138,152,26.95,4,0,2.82,5,14,4,18,12,7,13,7,0,13,10,49.07,
"Aningalan, Sam",LW,1092.19,63.81,26.1,75.04,58.53,61.46,substitute,Lakeside Athletic,94,0.0,0.0,0.0,0.0,44.6,68.74,0.0,0.0,0.0,0.0,0.0,0.0,0.0,43.89,46.91,0.0,0.0,0.0,0.0,0.0,65.76,58.61,31.91,79.73,40.12,45.22,54.49,22856,34.88,272,211,61,77.57,4,1.47,0,8.04,2,13,2,0,15.38,0.0,35,27,77.14,2,2,100.0,13,3,23.08,4,13,10,1,2,2,0,1.071,0.165,0.0,22.414,17.39,5.03,0.33,0.0,0.663,0.165,0.165,0.165,1.071,0.25,1.9,0.33,1.071,0.824,0.082,2.884,2.22,6.36,1.27,79.85,6.39,0.12,8.24,39.27,35.63,26.35,67.2,56.04,71.74,75.54,23.0,41.59,52.5,52.21,75.23,29.25,60.66,0,0,0,0,0,0,0.0,0.0,0.0,0.0,0.0,47.65,4,2,1,81.49,17,Match_330,2025-09-14T12:38:57.714161+00:00,[],0,13,2,0,272,211,61,72.85,4,0,4.78,2,2,2,13,3,4,13,10,1,35,27,31.46,
"Alcantara, Paolo",RB,1215.25,27.5,74.98,78.56,24.44,71.3,substitute,Redwood Borough,79,0.0,0.0,0.0,0.0,62.19,56.23,0.0,0.0,0.0,0.0,0.0,0.0,0.0,53.49,57.69,0.0,0.0,0.0,0.0,0.0,37.99,41.85,63.64,42.73,36.93,44.61,54.8,2633,3.61,673,580,93,86.18,18,2.67,4,28.58,27,9,2,1,22.22,11.11,12,10,83.33,85,23,27.06,25,25,100.0,3,18,10,0,2,2,0,0.667,0.148,0.074,49.842,42.95,6.89,1.333,0.296,2.117,2.0,6.295,1.703,1.851,1.85,7.41,0.222,1.333,0.741,0.0,0.889,0.74,6.17,1.65,0.82,6.38,0.2,2.0,71.78,49.08,61.62,67.88,75.95,55.9,41.15,55.27,57.17,35.11,41.3,55.89,64.11,73.84,0,0,0,0,0,0,0.0,0.0,0.0,0.0,0.0,76.19,4,1,5,51.83,18,Match_293,2025-10-20T15:36:30.715161+00:00,[],0,9,2,1,673,580,93,44.16,18,4,4.53,5,85,23,25,25,3,18,10,0,12,10,59.84,
"Mapula, Paul Joshua",CM,1159.92,25.59,47.88,68.27,20.62,42.45,starter,Northbridge FC,43,0.0,0.0,0.0,0.0,59.45,33.96,0.0,0.0,0.0,0.0,0.0,0.0,0.0,79.94,63.62,0.0,0.0,0.0,0.0,0.0,36.76,75.13,78.69,56.54,34.06,78.08,68.25,7430,10.68,1148,469,679,40.85,26,2.26,1,12.29,55,22,9,2,40.91,9.09,11,5,45.45,21,4,19.05,28,28,100.0,7,23,17,1,2,1,0,1.707,0.698,0.155,89.075,36.39,52.68,2.017,0.078,0.954,4.268,1.629,0.31,2.173,2.17,7.76,0.543,1.785,1.319,0.078,0.854,0.39,3.53,3.17,0.71,3.17,0.18,1.48,60.99,65.96,61.06,24.28,65.97,38.79,67.28,46.89,35.44,62.12,30.9,45.63,59.48,29.6,0,0,0,0,0,0,0.0,0.0,0.0,0.0,0.0,62.98,1,1,4,43.49,14,Match_193,2025-06-01T23:05:22.716162+00:00,[],0,22,9,2,1148,469,679,32.14,26,1,4.89,2,21,4,28,28,7,23,17,1,11,5,20.53,
"Abellana, Marco",ST,1238.5,33.62,57.35,37.8,65.84,30.79,substitute,Eastview Rangers,53,0.0,0.0,0.0,0.0,53.82,47.86,0.0,0.0,0.0,0.0,0.0,0.0,0.0,64.21,74.07,0.0,0.0,0.0,0.0,0.0,33.33,47.24,39.48,30.63,49.13,71.56,76.89,11751,15.81,581,448,133,77.11,8,1.38,1,7.95,17,46,24,1,52.17,2.17,19,5,26.32,31,11,35.48,23,5,21.74,3,18,17,0,4,3,0,3.343,1.744,0.073,42.22,32.56,9.66,0.581,0.073,0.578,1.235,2.253,0.799,1.671,0.36,1.58,0.218,1.308,1.235,0.0,1.381,0.36,1.91,3.79,0.16,5.6,0.1,2.58,45.89,24.56,59.79,57.41,21.62,60.13,40.38,31.67,63.43,33.38,52.3,71.08,22.62,54.43,0,0,0,0,0,0,0.0,0.0,0.0,0.0,0.0,56.22,2,5,4,21.57,6,Match_326,2024-12-24T04:49:52.716162+00:00,[],0,46,24,1,581,448,133,88.51,8,1,1.13,0,31,11,23,5,3,18,17,0,19,5,28.72,
"Pedimonte, Nhiboy",CM,580.57,37.23,38.82,39.64,64.2,43.26,starter,Valley Rovers,62,0.0,0.0,0.0,0.0,55.56,38.61,0.0,0.0,0.0,0.0,0.0,0.0,0.0,71.35,62.45,0.0,0.0,0.0,0.0,0.0,68.99,38.83,50.92,73.27,74.69,69.28,78.02,3566,10.24,360,247,113,68.61,5,1.39,1,9.64,19,10,1,2,10.0,20.0,2,1,50.0,3,3,100.0,16,4,25.0,1,5,1,0,1,0,0,1.55,0.155,0.31,55.807,38.29,17.52,0.775,0.155,1.494,2.945,0.465,0.465,2.48,0.62,3.88,0.155,0.775,0.155,0.0,0.31,0.16,7.75,1.55,3.1,10.64,0.22,15.5,44.1,76.74,43.96,38.65,64.72,55.75,63.45,33.06,59.51,26.71,28.45,75.81,68.52,30.74,0,0,0,0,0,0,0.0,0.0,0.0,0.0,0.0,43.37,3,5,3,87.98,8,Match_198,2025-02-13T15:21:07.717163+00:00,[],0,10,1,2,360,247,113,69.85,5,1,2.16,1,3,3,16,4,1,5,1,0,2,1,73.36,
"Berciles, Earl",GK,885.69,60.31,23.74,40.87,31.8,29.68,substitute,Redwood Borough,22,0.0,0.0,0.0,0.0,69.35,78.3,0.0,0.0,0.0,0.0,0.0,0.0,0.0,55.04,45.08,0.0,0.0,0.0,0.0,0.0,75.09,55.6,45.07,47.27,30.58,60.62,69.62,11105,20.9,414,110,304,26.57,3,0.72,0,18.68,14,10,3,2,30.0,20.0,4,2,50.0,37,21,56.76,20,2,10.0,7,18,6,1,2,1,0,1.016,0.305,0.203,42.069,11.18,30.89,0.305,0.0,1.898,1.423,3.76,2.134,2.032,0.2,1.02,0.711,1.829,0.61,0.102,0.406,0.2,5.08,3.05,2.03,2.7,0.07,5.77,40.2,52.64,31.31,25.78,39.31,22.78,68.58,36.21,73.18,73.95,52.99,20.11,41.32,61.35,40,11,29,27.5,40,29,1.118,2.947,4.065,4.065,2.947,2.79,1,3,4,75.73,5,Match_144,2025-05-02T03:11:09.718161+00:00,[],0,10,3,2,414,110,304,84.39,3,0,2.74,4,37,21,20,2,7,18,6,1,4,2,68.18,
"Espana, Dave",CAM,1044.75,25.04,24.46,29.3,50.35,29.41,starter,Harborview United,14,0.0,0.0,0.0,0.0,42.05,79.93,0.0,0.0,0.0,0.0,0.0,0.0,0.0,33.01,59.62,0.0,0.0,0.0,0.0,0.0,58.82,77.33,58.54,45.2,62.07,31.58,61.25,17020,27.15,581,10,571,1.72,17,2.93,2,5.13,23,13,2,1,15.38,7.69,34,13,38.24,26,23,88.46,20,19,95.0,2,9,13,1,2,1,0,1.12,0.172,0.086,50.05,0.86,49.19,1.464,0.172,0.442,1.981,2.24,1.981,1.723,1.64,8.18,0.172,0.775,1.12,0.086,2.929,1.12,3.29,1.32,0.66,0.15,0.25,7.62,74.0,63.01,29.14,60.38,70.95,63.87,33.43,73.86,47.67,56.01,71.37,51.7,39.52,76.27,0,0,0,0,0,0,0.0,0.0,0.0,0.0,0.0,73.51,2,3,5,76.07,4,Match_156,2025-03-19T19:39:31.718161+00:00,[],0,13,2,1,581,10,571,39.96,17,2,3.87,1,26,23,20,19,2,9,13,1,34,13,29.14,
"Nemenzo, Sirach Ethan",RB,854.43,51.69,65.82,56.7,41.23,69.77,substitute,Goldenfield Rovers,52,0.0,0.0,0.0,0.0,73.11,38.3,0.0,0.0,0.0,0.0,0.0,0.0,0.0,39.08,79.8,0.0,0.0,0.0,0.0,0.0,35.24,61.73,58.57,32.36,33.6,39.01,76.89,15730,30.68,174,32,142,18.39,4,2.3,0,7.71,4,6,2,0,33.33,0.0,2,1,50.0,67,6,8.96,16,6,37.5,2,1,16,1,3,1,0,0.632,0.211,0.0,18.328,3.37,14.96,0.421,0.0,0.812,0.421,7.057,0.632,1.685,0.63,3.95,0.211,0.105,1.685,0.105,0.211,0.11,5.27,3.51,74.02,1.94,0.24,0.94,28.3,46.89,38.48,50.43,53.93,77.15,40.61,33.41,36.37,46.11,58.19,65.84,64.29,73.2,0,0,0,0,0,0,0.0,0.0,0.0,0.0,0.0,42.68,2,2,5,80.42,5,Match_346,2025-08-20T03:05:21.719161+00:00,[],0,6,2,0,174,32,142,32.99,4,0,1.62,3,67,6,16,6,2,1,16,1,2,1,89.69,
"Merino, Josh",RB,1010.27,74.86,37.58,55.06,21.68,37.4,starter,Highland Wanderers,14,0.0,0.0,0.0,0.0,39.82,59.38,0.0,0.0,0.0,0.0,0.0,0.0,0.0,61.66,66.3,0.0,0.0,0.0,0.0,0.0,79.73,69.2,73.98,73.51,61.55,50.2,47.36,9231,15.23,1127,413,714,36.65,34,3.02,4,11.03,57,7,2,0,28.57,0.0,6,1,16.67,47,12,25.53,29,8,27.59,4,9,17,1,3,3,0,0.624,0.178,0.0,100.399,36.79,63.61,3.029,0.356,0.983,5.078,4.187,1.069,2.583,0.71,2.46,0.356,0.802,1.514,0.089,0.535,0.09,1.49,2.55,41.07,3.26,0.27,2.27,20.59,56.3,59.77,50.89,43.67,20.59,77.89,27.1,73.26,21.88,43.91,77.67,22.35,44.01,0,0,0,0,0,0,0.0,0.0,0.0,0.0,0.0,50.98,2,7,4,31.6,20,Match_290,2025-09-21T15:46:42.719161+00:00,[],0,7,2,0,1127,413,714,75.75,34,4,1.78,1,47,12,29,8,4,9,17,1,6,1,61.08,
"Aningalan, Jul",LWB,952.08,44.52,60.73,26.11,73.32,66.71,starter,City United,93,0.0,0.0,0.0,0.0,40.81,78.93,0.0,0.0,0.0,0.0,0.0,0.0,0.0,41.93,67.52,0.0,0.0,0.0,0.0,0.0,47.47,71.37,38.4,76.39,67.79,41.09,34.3,4090,7.16,1075,1075,0,100.0,7,0.65,1,26.83,45,10,2,0,20.0,0.0,13,9,69.23,24,18,75.0,24,13,54.17,4,21,2,2,2,2,0,0.945,0.189,0.0,101.62,100.0,51.62,0.662,0.095,2.536,4.254,2.269,1.702,2.269,1.23,5.12,0.378,1.985,0.189,0.189,1.229,0.85,6.54,1.89,57.18,9.45,0.06,7.09,41.35,32.2,74.67,77.02,43.24,25.83,35.66,53.92,69.53,78.72,59.9,73.83,37.65,46.93,0,0,0,0,0,0,0.0,0.0,0.0,0.0,0.0,48.57,8,4,3,87.92,10,Match_68,2025-07-12T14:20:21.720167+00:00,[],0,10,2,0,1075,1075,0,71.18,7,1,0.32,2,24,18,24,13,4,21,2,2,13,9,44.05,
"Villacarlos, Uriel",RW,810.34,31.85,75.95,66.09,31.05,71.31,starter,Hillcrest Athletic,62,0.0,0.0,0.0,0.0,32.96,41.36,0.0,0.0,0.0,0.0,0.0,0.0,0.0,42.25,47.12,0.0,0.0,0.0,0.0,0.0,52.9,39.3,39.72,32.68,44.07,30.65,62.43,13195,27.14,339,339,0,100.0,12,3.54,2,12.13,5,18,7,1,38.89,5.56,19,1,5.26,16,11,68.75,23,23,100.0,2,13,12,3,3,1,0,1.999,0.777,0.111,37.651,37.65,76.55,1.333,0.222,1.347,0.555,1.777,1.222,2.554,2.55,11.11,0.222,1.444,1.333,0.333,2.11,0.11,0.58,4.32,0.62,11.11,0.39,7.64,27.49,20.47,34.15,75.91,58.85,37.69,67.59,35.52,38.44,74.05,38.21,37.31,67.13,42.34,0,0,0,0,0,0,0.0,0.0,0.0,0.0,0.0,45.31,2,1,4,49.98,17,Match_383,2025-01-10T05:31:39.721162+00:00,[],0,18,7,1,339,339,0,41.16,12,2,3.57,4,16,11,23,23,2,13,12,3,19,1,27.06,
"Lagaya, Rick Matthew",RB,848.44,58.43,30.22,70.5,28.4,71.55,starter,University of Santo Tomas,75,0.0,0.0,0.0,0.0,59.4,78.45,0.0,0.0,0.0,0.0,0.0,0.0,0.0,50.97,62.83,0.0,0.0,0.0,0.0,0.0,67.14,43.48,49.8,53.54,79.67,66.21,58.71,8604,16.9,269,268,1,99.63,4,1.49,0,24.08,14,7,3,0,42.86,0.0,5,5,100.0,26,5,19.23,21,10,47.62,6,11,6,1,3,2,0,0.743,0.318,0.0,28.535,28.43,0.11,0.424,0.0,2.554,1.485,2.758,0.53,2.228,1.06,5.05,0.636,1.167,0.636,0.106,0.53,0.53,10.61,4.55,63.11,10.57,0.16,2.04,26.08,26.94,50.14,49.36,56.9,46.92,23.28,74.97,51.75,58.2,41.8,55.96,35.5,47.25,0,0,0,0,0,0,0.0,0.0,0.0,0.0,0.0,66.83,5,1,2,69.73,15,Match_373,2025-12-05T22:00:26.721162+00:00,[],0,7,3,0,269,268,1,83.47,4,0,1.38,4,26,5,21,10,6,11,6,1,5,5,41.87,
"Santos, Pedro",LWB,931.17,74.02,45.63,22.25,48.47,52.1,substitute,Valley Rovers,77,0.0,0.0,0.0,0.0,54.06,72.69,0.0,0.0,0.0,0.0,0.0,0.0,0.0,48.39,42.62,0.0,0.0,0.0,0.0,0.0,55.13,34.88,70.89,78.87,76.69,77.51,73.07,12288,21.99,349,349,0,100.0,4,1.15,0,16.55,17,4,3,0,75.0,0.0,10,5,50.0,53,19,35.85,6,4,66.67,5,4,10,1,2,2,0,0.387,0.29,0.0,33.732,33.73,56.84,0.387,0.0,1.6,1.643,5.123,1.836,0.58,0.39,6.44,0.483,0.387,0.967,0.097,0.967,0.48,4.83,7.25,61.11,9.67,0.11,3.46,30.5,74.82,24.1,67.66,48.8,48.51,20.58,69.63,46.09,38.96,23.76,30.89,46.71,38.34,0,0,0,0,0,0,0.0,0.0,0.0,0.0,0.0,53.53,3,4,2,67.98,9,Match_104,2025-11-23T18:13:34.722162+00:00,[],0,4,3,0,349,349,0,30.72,4,0,1.23,4,53,19,6,4,5,4,10,1,10,5,86.93,
"Perez, Kirvy",RWB,1124.9,64.51,61.37,26.73,51.94,53.25,substitute,Northbridge FC,75,0.0,0.0,0.0,0.0,36.93,50.52,0.0,0.0,0.0,0.0,0.0,0.0,0.0,63.82,40.56,0.0,0.0,0.0,0.0,0.0,64.71,52.53,34.25,63.16,72.79,49.99,38.72,20289,30.06,615,615,0,100.0,12,1.95,0,27.42,14,3,1,0,33.33,0.0,12,5,41.67,23,3,13.04,16,6,37.5,4,5,11,1,1,4,0,0.24,0.08,0.0,49.204,49.2,44.5,0.96,0.0,2.194,1.12,1.84,0.24,1.28,0.48,3.0,0.32,0.4,0.88,0.08,0.96,0.4,3.33,2.67,47.06,8.0,0.16,1.04,48.78,54.65,51.88,34.04,75.87,62.53,29.82,62.26,52.42,44.58,51.32,74.28,30.21,37.69,0,0,0,0,0,0,0.0,0.0,0.0,0.0,0.0,49.43,3,3,4,43.5,7,Match_324,2025-04-23T21:48:36.723161+00:00,[],0,3,1,0,615,615,0,25.75,12,0,3.78,3,23,3,16,6,4,5,11,1,12,5,58.97,
"Mapula, Paul Vincent",LWB,609.04,69.94,47.73,75.57,65.04,51.75,substitute,Brookside United,58,0.0,0.0,0.0,0.0,51.35,71.24,0.0,0.0,0.0,0.0,0.0,0.0,0.0,70.66,52.22,0.0,0.0,0.0,0.0,0.0,53.27,70.54,68.41,54.29,36.16,79.95,46.06,11022,30.16,607,303,304,49.92,16,2.64,1,19.85,49,6,5,0,83.33,0.0,5,1,20.0,2,2,100.0,7,3,42.86,3,12,7,0,1,1,0,0.887,0.739,0.0,89.699,44.78,44.92,2.364,0.148,2.933,7.241,0.296,0.296,1.034,0.44,6.33,0.443,1.773,1.034,0.0,0.739,0.15,2.96,12.31,55.3,7.38,0.39,14.78,74.95,35.76,39.72,25.93,35.95,75.56,45.53,65.63,29.59,79.69,78.92,26.29,30.93,33.06,0,0,0,0,0,0,0.0,0.0,0.0,0.0,0.0,76.33,4,2,1,32.23,5,Match_43,2025-07-08T05:06:55.723161+00:00,[],0,6,5,0,607,303,304,59.32,16,1,2.56,3,2,2,7,3,3,12,7,0,5,1,31.19,
"Merino, Josh",LW,785.61,48.23,64.94,66.13,60.14,31.71,substitute,Harborview United,93,0.0,0.0,0.0,0.0,34.28,55.75,0.0,0.0,0.0,0.0,0.0,0.0,0.0,61.23,60.1,0.0,0.0,0.0,0.0,0.0,45.07,32.67,76.06,50.13,46.64,64.19,50.59,11038,23.42,479,479,0,100.0,11,2.3,1,17.81,28,3,1,0,33.33,0.0,12,10,83.33,19,12,63.16,14,4,28.57,4,14,5,1,1,1,0,0.344,0.115,0.0,54.875,54.87,61.33,1.26,0.115,2.04,3.208,2.177,1.375,1.604,0.46,3.27,0.458,1.604,0.573,0.115,1.375,1.15,9.55,3.82,31.1,11.46,0.26,7.24,60.4,21.2,64.66,27.31,34.47,55.07,20.63,77.51,51.96,71.17,79.09,38.44,58.78,38.91,0,0,0,0,0,0,0.0,0.0,0.0,0.0,0.0,70.55,6,3,4,75.95,9,Match_2,2025-05-14T15:51:54.724161+00:00,[],0,3,1,0,479,479,0,44.78,11,1,1.25,4,19,12,14,4,4,14,5,1,12,10,47.21,
"Merino, Josh",RB,245.86,29.52,57.97,37.51,59.94,25.16,DNP,Goldenfield Rovers,56,0.0,0.0,0.0,0.0,33.13,76.12,0.0,0.0,0.0,0.0,0.0,0.0,0.0,70.08,59.08,0.0,0.0,0.0,0.0,0.0,30.7,73.87,54.99,66.81,70.31,71.62,66.54,4474,30.33,87,45,42,51.72,2,2.3,0,8.12,3,0,0,0,27.48,3.42,3,3,100.0,10,6,60.0,3,1,33.33,1,6,1,0,0,1,0,0.0,0.0,0.0,31.847,16.47,15.37,0.732,0.0,2.972,1.098,3.661,2.196,1.098,0.37,12.2,0.366,2.196,0.366,0.0,1.098,1.1,36.61,10.06,1.25,18.93,0.84,21.96,40.06,43.15,42.53,55.09,54.09,41.42,67.39,26.94,42.79,34.77,77.39,56.81,59.6,70.3,0,0,0,0,0,0,0.0,0.0,0.0,0.0,0.0,49.16,5,2,1,64.4,20,Match_375,2024-12-17T15:27:17.725162+00:00,[],0,0,0,0,87,45,42,27.87,2,0,0.85,3,10,6,3,1,1,6,1,0,3,3,85.0,
"Legara, Ezralph",CB,644.7,52.34,28.12,78.81,20.5,28.56,starter,Westwood Athletic,72,0.0,0.0,0.0,0.0,58.37,55.91,0.0,0.0,0.0,0.0,0.0,0.0,0.0,56.02,77.72,0.0,0.0,0.0,0.0,0.0,32.53,46.21,68.18,74.89,48.78,75.05,32.83,11450,29.6,247,101,146,40.89,4,1.62,0,23.66,19,4,1,0,25.0,0.0,5,1,20.0,16,10,62.5,13,5,38.46,0,1,2,1,1,1,0,0.558,0.14,0.0,34.481,14.1,20.38,0.558,0.0,3.303,2.652,2.234,1.396,1.815,0.7,5.37,0.0,0.14,0.279,0.14,0.698,0.14,2.79,3.49,52.02,5.71,0.23,8.72,45.18,45.33,76.02,50.55,26.15,58.03,60.59,47.2,51.73,54.74,55.52,67.65,75.59,54.52,0,0,0,0,0,0,0.0,0.0,0.0,0.0,0.0,40.87,5,5,4,57.23,16,Match_308,2025-04-29T21:43:11.725162+00:00,[],0,4,1,0,247,101,146,38.94,4,0,3.25,5,16,10,13,5,0,1,2,1,5,1,30.23,
"Santos, Diego",CF,548.21,66.45,32.19,76.83,55.44,65.6,starter,Redwood Borough,99,0.0,0.0,0.0,0.0,35.29,75.62,0.0,0.0,0.0,0.0,0.0,0.0,0.0,37.74,42.36,0.0,0.0,0.0,0.0,0.0,63.18,61.75,63.19,58.72,34.71,33.23,50.55,8664,26.34,352,258,94,73.3,13,3.69,1,13.08,3,14,4,0,28.57,0.0,3,2,66.67,24,20,83.33,12,5,41.67,2,9,3,0,1,2,0,2.298,0.657,0.0,57.788,42.36,15.43,2.134,0.164,2.147,0.493,3.94,3.283,1.97,0.82,6.84,0.328,1.478,0.493,0.0,0.493,0.33,10.95,4.69,71.5,12.03,0.61,13.68,74.07,50.44,32.33,48.19,59.11,41.55,50.72,63.94,32.87,37.04,48.49,20.84,35.06,33.95,0,0,0,0,0,0,0.0,0.0,0.0,0.0,0.0,63.44,3,5,4,79.48,15,Match_174,2025-07-25T09:25:07.726161+00:00,[],0,14,4,0,352,258,94,71.48,13,1,2.78,5,24,20,12,5,2,9,3,0,3,2,27.91,
"Santos, Aris",ST,855.33,67.01,58.59,23.57,48.96,56.97,starter,City United,31,0.0,0.0,0.0,0.0,70.57,60.33,0.0,0.0,0.0,0.0,0.0,0.0,0.0,77.64,54.67,0.0,0.0,0.0,0.0,0.0,34.02,79.52,52.33,30.22,38.7,49.93,79.27,14740,28.72,553,485,68,87.7,5,0.9,1,7.75,20,34,6,3,17.65,8.82,31,28,90.32,19,10,52.63,11,3,27.27,3,4,11,2,4,1,0,3.578,0.631,0.316,58.188,51.03,7.16,0.526,0.105,0.815,2.104,1.999,1.052,1.157,0.32,2.87,0.316,0.421,1.157,0.21,3.262,2.95,9.5,1.86,0.93,9.23,0.09,5.54,25.93,58.06,28.67,65.04,52.64,47.94,55.24,64.12,48.48,64.66,78.98,71.93,54.46,32.28,0,0,0,0,0,0,0.0,0.0,0.0,0.0,0.0,58.18,3,6,5,39.97,13,Match_218,2025-02-23T15:07:07.726161+00:00,[],0,34,6,3,553,485,68,56.28,5,1,1.05,1,19,10,11,3,3,4,11,2,31,28,80.31,
"Berciles, Earl",ST,954.46,34.83,77.51,55.0,20.6,47.89,starter,Northbridge FC,47,0.0,0.0,0.0,0.0,31.44,77.88,0.0,0.0,0.0,0.0,0.0,0.0,0.0,71.36,34.24,0.0,0.0,0.0,0.0,0.0,73.52,44.75,58.61,58.23,32.48,47.23,78.66,17310,30.23,414,148,266,35.75,6,1.45,2,27.0,20,17,4,1,23.53,5.88,11,4,36.36,18,6,33.33,14,14,100.0,6,12,11,1,2,1,0,1.603,0.377,0.094,39.038,13.96,25.08,0.566,0.189,2.546,1.886,1.697,0.566,1.32,1.32,9.43,0.566,1.132,1.037,0.094,1.037,0.38,3.43,2.22,0.55,3.37,0.14,3.14,56.29,21.8,25.75,34.6,40.01,67.88,77.94,21.56,47.68,56.92,25.37,65.16,22.08,47.09,0,0,0,0,0,0,0.0,0.0,0.0,0.0,0.0,36.94,2,4,3,53.81,3,Match_2,2025-06-02T04:24:31.727165+00:00,[],0,17,4,1,414,148,266,20.95,6,2,1.68,4,18,6,14,14,6,12,11,1,11,4,88.78,
"Lopez, Harvy",LB,829.36,34.05,74.68,36.19,24.94,77.26,starter,Far Eastern University,44,0.0,0.0,0.0,0.0,63.16,50.65,0.0,0.0,0.0,0.0,0.0,0.0,0.0,79.1,46.17,0.0,0.0,0.0,0.0,0.0,69.17,42.44,64.48,56.04,53.24,33.72,64.53,14668,29.48,591,552,39,93.4,4,0.68,0,19.67,34,8,5,0,62.5,0.0,7,4,57.14,11,7,63.64,14,6,42.86,2,20,5,1,1,0,0,0.868,0.543,0.0,64.134,59.9,4.23,0.434,0.0,2.135,3.69,1.194,0.76,1.519,0.65,4.65,0.217,2.17,0.543,0.109,0.76,0.43,6.2,6.78,45.39,10.14,0.07,6.91,74.83,59.86,21.02,36.3,64.51,46.76,70.55,73.0,42.55,21.36,60.46,45.24,57.53,38.95,0,0,0,0,0,0,0.0,0.0,0.0,0.0,0.0,72.62,5,1,4,64.35,17,Match_235,2025-07-06T23:49:13.728161+00:00,[],0,8,5,0,591,552,39,48.03,4,0,3.88,4,11,7,14,6,2,20,5,1,7,4,78.64,
"Lopez, Miguel",CAM,438.11,31.35,47.82,79.95,74.47,50.01,DNP,Westwood Athletic,54,0.0,0.0,0.0,0.0,67.55,62.0,0.0,0.0,0.0,0.0,0.0,0.0,0.0,32.1,36.13,0.0,0.0,0.0,0.0,0.0,54.16,72.23,47.29,49.37,79.0,64.98,60.98,2233,8.49,393,352,41,89.57,6,1.53,0,23.98,22,4,1,0,25.0,0.0,10,4,40.0,9,5,55.56,9,9,100.0,2,7,5,0,1,1,0,0.822,0.205,0.0,80.733,72.31,8.42,1.233,0.0,4.926,4.519,1.849,1.027,1.849,1.85,20.54,0.411,1.438,1.027,0.0,2.054,0.82,8.22,5.14,64.81,18.4,0.31,11.41,36.15,47.37,21.42,64.95,46.3,59.44,78.59,78.6,26.57,21.95,37.49,70.78,27.84,46.23,0,0,0,0,0,0,0.0,0.0,0.0,0.0,0.0,63.94,6,1,2,88.15,16,Match_375,2025-05-27T11:58:08.728161+00:00,[],0,4,1,0,393,352,41,42.3,6,0,1.07,3,9,5,9,9,2,7,5,0,10,4,61.09,
"Valdez, Alysa",LW,1031.35,25.07,32.49,33.07,23.66,21.09,starter,Riverstone FC,43,0.0,0.0,0.0,0.0,72.49,33.33,0.0,0.0,0.0,0.0,0.0,0.0,0.0,34.22,78.28,0.0,0.0,0.0,0.0,0.0,77.78,73.55,46.42,32.8,55.99,69.94,31.64,18518,29.93,346,222,124,64.16,12,3.47,1,25.33,3,41,27,1,65.85,2.44,14,1,7.14,20,3,15.0,22,6,27.27,9,14,16,1,2,1,0,3.578,2.356,0.087,30.193,19.37,10.82,1.047,0.087,2.21,0.262,1.745,0.262,1.92,0.52,2.38,0.785,1.222,1.396,0.087,1.222,0.09,0.62,5.75,0.21,5.6,0.3,1.31,51.14,34.92,37.5,62.86,44.2,34.36,26.67,20.29,50.97,54.3,66.69,79.96,27.28,27.15,0,0,0,0,0,0,0.0,0.0,0.0,0.0,0.0,47.36,4,2,3,48.97,18,Match_150,2025-04-02T04:14:39.729161+00:00,[],0,41,27,1,346,222,124,29.84,12,1,0.99,4,20,3,22,6,9,14,16,1,14,1,57.61,
"Barro, Sam",LW,980.57,69.52,63.38,34.66,46.74,75.77,starter,Riverside FC,16,0.0,0.0,0.0,0.0,69.86,30.63,0.0,0.0,0.0,0.0,0.0,0.0,0.0,52.14,53.97,0.0,0.0,0.0,0.0,0.0,32.72,40.32,51.02,50.01,40.31,37.21,50.88,20423,34.71,334,297,37,88.92,11,3.29,1,15.61,20,13,3,2,23.08,15.38,14,8,57.14,19,5,26.32,13,6,46.15,6,26,14,1,3,1,1,1.193,0.275,0.184,30.656,27.26,3.4,1.01,0.092,1.433,1.836,1.744,0.459,1.193,0.55,4.24,0.551,2.386,1.285,0.092,1.285,0.73,5.24,2.12,1.41,8.16,0.3,2.42,51.4,25.11,25.55,56.25,58.75,61.66,39.78,28.49,54.4,68.29,29.0,21.09,58.16,68.3,0,0,0,0,0,0,0.0,0.0,0.0,0.0,0.0,73.34,1,3,1,89.65,8,Match_172,2025-08-15T14:58:31.730167+00:00,[],0,13,3,2,334,297,37,31.14,11,1,4.23,5,19,5,13,6,6,26,14,1,14,8,30.22,
"Digal, Diegocarl",CAM,601.95,70.24,48.05,67.38,41.51,78.26,starter,Crown City FC,42,0.0,0.0,0.0,0.0,63.59,35.48,0.0,0.0,0.0,0.0,0.0,0.0,0.0,67.63,50.06,0.0,0.0,0.0,0.0,0.0,48.74,62.59,32.18,36.7,66.05,44.86,52.46,1902,5.27,702,542,160,77.21,17,2.42,3,12.51,16,6,1,0,16.67,0.0,10,4,40.0,11,9,81.82,10,8,80.0,2,10,9,0,1,0,0,0.897,0.15,0.0,104.959,81.04,23.92,2.542,0.449,1.87,2.392,1.645,1.346,1.495,1.2,11.96,0.299,1.495,1.346,0.0,1.495,0.6,5.98,2.49,61.29,11.54,0.36,12.23,44.7,29.59,75.83,40.67,47.27,20.51,25.23,57.19,79.55,53.6,28.37,62.07,26.43,26.97,0,0,0,0,0,0,0.0,0.0,0.0,0.0,0.0,52.26,6,3,3,36.15,6,Match_273,2024-12-16T22:02:29.730167+00:00,[],0,6,1,0,702,542,160,79.89,17,3,1.72,3,11,9,10,8,2,10,9,0,10,4,56.01,
"Barro, Harvy",LW,1350.0,61.77,46.11,39.51,77.34,66.31,substitute,San Beda University,64,0.0,0.0,0.0,0.0,31.69,49.16,0.0,0.0,0.0,0.0,0.0,0.0,0.0,33.32,46.03,0.0,0.0,0.0,0.0,0.0,54.83,71.22,73.86,70.09,47.07,68.65,40.12,23364,28.84,127,108,19,85.04,2,1.57,0,22.7,8,56,7,4,12.5,7.14,17,13,76.47,76,37,48.68,19,12,63.16,3,1,9,1,2,0,0,3.733,0.467,0.267,8.467,7.2,1.27,0.133,0.0,1.513,0.533,5.067,2.467,1.267,0.8,4.21,0.2,0.067,0.6,0.067,1.133,0.87,5.1,0.83,0.48,5.67,0.1,3.25,63.83,78.41,35.51,42.91,22.76,72.52,59.31,73.63,78.71,45.14,33.13,58.04,42.97,77.98,0,0,0,0,0,0,0.0,0.0,0.0,0.0,0.0,70.0,3,2,6,87.68,1,Match_190,2025-03-29T16:41:28.731162+00:00,[],0,56,7,4,127,108,19,86.14,2,0,2.19,1,76,37,19,12,3,1,9,1,17,13,24.43,
"Reyes, Sam",CB,1123.47,69.19,44.53,52.75,50.64,70.66,DNP,Southgate United,57,0.0,0.0,0.0,0.0,43.92,75.42,0.0,0.0,0.0,0.0,0.0,0.0,0.0,57.65,51.93,0.0,0.0,0.0,0.0,0.0,31.68,71.89,48.94,31.79,60.32,37.06,67.67,7563,11.22,648,385,263,59.41,17,2.62,2,22.88,31,22,1,2,4.55,9.09,13,5,38.46,30,28,93.33,26,10,38.46,0,21,10,0,1,2,0,1.762,0.08,0.16,51.911,30.84,21.07,1.362,0.16,1.833,2.483,2.403,2.243,2.083,0.8,3.08,0.0,1.682,0.801,0.0,1.041,0.4,3.08,0.36,0.73,4.76,0.21,7.48,67.41,37.61,48.02,24.83,29.58,23.61,32.46,20.9,44.77,75.96,68.38,38.2,53.94,79.61,0,0,0,0,0,0,0.0,0.0,0.0,0.0,0.0,54.53,3,3,2,44.8,20,Match_190,2025-10-14T06:34:57.731162+00:00,[],0,22,1,2,648,385,263,79.24,17,2,0.53,5,30,28,26,10,0,21,10,0,13,5,28.13,
"Aningalan, Jaro",RWB,870.41,64.45,50.03,71.84,68.38,63.44,starter,Westwood Athletic,76,0.0,0.0,0.0,0.0,58.88,38.36,0.0,0.0,0.0,0.0,0.0,0.0,0.0,44.54,63.6,0.0,0.0,0.0,0.0,0.0,74.23,57.85,73.12,72.06,32.21,34.84,38.48,17739,33.97,365,240,125,65.75,14,3.84,3,7.08,30,6,2,0,33.33,0.0,16,7,43.75,35,2,5.71,13,12,92.31,4,18,10,0,2,1,0,0.62,0.207,0.0,37.741,24.82,12.92,1.448,0.31,0.732,3.102,3.619,0.207,1.344,1.24,9.54,0.414,1.861,1.034,0.0,1.654,0.72,4.52,3.45,68.35,6.8,0.4,0.59,51.69,36.63,68.08,52.21,79.58,44.31,71.97,21.1,70.8,68.99,79.58,30.9,29.66,72.69,0,0,0,0,0,0,0.0,0.0,0.0,0.0,0.0,58.64,4,4,4,83.21,10,Match_40,2025-04-02T07:19:44.732162+00:00,[],0,6,2,0,365,240,125,68.93,14,3,4.72,1,35,2,13,12,4,18,10,0,16,7,38.45,
"Soria, Stephen",CB,924.31,66.13,65.72,53.29,22.74,64.95,starter,University of the Philippines,76,0.0,0.0,0.0,0.0,44.95,73.37,0.0,0.0,0.0,0.0,0.0,0.0,0.0,47.49,67.89,0.0,0.0,0.0,0.0,0.0,37.24,62.33,40.28,65.07,31.32,55.18,75.31,5375,9.69,796,588,208,73.87,26,3.27,0,6.0,48,10,4,2,40.0,20.0,9,8,88.89,21,4,19.05,16,8,50.0,5,20,10,1,2,0,0,0.974,0.389,0.195,77.506,57.25,20.25,2.532,0.0,0.584,4.674,2.045,0.389,1.558,0.78,4.87,0.487,1.947,0.974,0.097,0.876,0.78,8.66,3.89,1.95,7.19,0.32,1.85,73.08,65.46,73.05,29.34,79.26,41.29,62.92,78.67,79.44,63.31,35.5,54.91,37.09,78.69,0,0,0,0,0,0,0.0,0.0,0.0,0.0,0.0,78.08,4,3,0,32.08,19,Match_260,2025-08-30T12:46:42.733161+00:00,[],0,10,4,2,796,588,208,22.53,26,0,0.67,1,21,4,16,8,5,20,10,1,9,8,47.54,
"Apostol, Carlo",RW,735.75,51.77,49.11,70.25,22.42,72.7,starter,Harborview United,16,0.0,0.0,0.0,0.0,70.57,79.03,0.0,0.0,0.0,0.0,0.0,0.0,0.0,60.3,33.5,0.0,0.0,0.0,0.0,0.0,43.35,58.24,76.64,33.3,31.89,38.59,39.22,15067,34.13,167,91,76,54.49,3,1.8,0,14.28,4,33,24,3,72.73,9.09,7,2,28.57,10,3,30.0,15,10,66.67,3,9,5,1,0,0,0,4.037,2.936,0.367,20.428,11.13,9.3,0.367,0.0,1.747,0.489,1.223,0.367,1.835,1.22,8.16,0.367,1.101,0.612,0.122,0.856,0.24,3.49,8.9,1.11,6.67,0.22,3.67,53.58,26.36,74.18,30.92,37.21,20.9,63.37,52.94,67.06,47.93,78.22,21.89,30.18,35.41,0,0,0,0,0,0,0.0,0.0,0.0,0.0,0.0,41.05,4,5,3,55.65,18,Match_252,2024-12-27T17:14:38.733161+00:00,[],0,33,24,3,167,91,76,70.41,3,0,0.11,1,10,3,15,10,3,9,5,1,7,2,23.71,
"Encaya, Pius",ST,1091.11,28.63,48.82,20.58,31.86,22.79,starter,Far Eastern University,50,0.0,0.0,0.0,0.0,47.02,66.16,0.0,0.0,0.0,0.0,0.0,0.0,0.0,35.34,51.62,0.0,0.0,0.0,0.0,0.0,60.2,38.35,34.45,41.48,75.76,77.43,74.2,18406,28.12,570,437,133,76.67,9,1.58,1,15.05,25,25,12,2,48.0,8.0,32,13,40.62,2,0,0.0,3,2,66.67,8,10,6,1,2,2,0,2.062,0.99,0.165,47.016,36.05,10.97,0.742,0.082,1.241,2.062,0.165,0.0,0.247,0.16,5.5,0.66,0.825,0.495,0.082,2.64,1.07,3.35,3.96,0.66,6.32,0.13,70.52,76.46,68.8,51.36,35.48,66.91,36.92,32.71,64.88,26.75,52.29,33.33,28.22,52.51,37.57,0,0,0,0,0,0,0.0,0.0,0.0,0.0,0.0,43.46,5,1,4,67.39,1,Match_333,2025-08-18T20:45:48.734161+00:00,[],0,25,12,2,570,437,133,68.4,9,1,3.58,2,2,0,3,2,8,10,6,1,32,13,81.4,
"Aningalan, Sam",CF,900.92,66.01,55.11,45.47,77.55,39.2,DNP,Coastal Town,65,0.0,0.0,0.0,0.0,43.98,35.23,0.0,0.0,0.0,0.0,0.0,0.0,0.0,64.58,72.25,0.0,0.0,0.0,0.0,0.0,37.02,44.92,69.79,47.11,48.72,32.08,59.39,14513,26.85,487,487,0,100.0,17,3.49,1,25.11,5,15,4,1,26.67,6.67,3,0,0.0,8,5,62.5,20,10,50.0,5,28,3,1,3,1,0,1.498,0.4,0.1,48.65,48.65,79.13,1.698,0.1,2.508,0.499,0.799,0.499,1.998,1.0,4.99,0.499,2.797,0.3,0.1,0.3,41.59,31.83,2.66,0.67,9.99,0.35,6.24,34.81,40.22,64.67,74.86,26.67,52.76,24.58,46.94,49.56,68.43,28.04,55.54,65.9,49.87,0,0,0,0,0,0,0.0,0.0,0.0,0.0,0.0,52.32,1,3,4,70.84,8,Match_78,2025-01-15T23:16:03.735161+00:00,[],0,15,4,1,487,487,0,66.28,17,1,4.01,3,8,5,20,10,5,28,3,1,3,0,29.45,
"Valdez, Alysa",RB,886.63,25.8,31.14,46.54,69.28,70.43,starter,National University,68,0.0,0.0,0.0,0.0,40.17,73.21,0.0,0.0,0.0,0.0,0.0,0.0,0.0,69.44,34.64,0.0,0.0,0.0,0.0,0.0,62.45,39.05,50.15,61.27,32.01,34.83,76.98,13523,25.42,504,237,267,47.02,11,2.18,2,13.81,21,13,10,1,76.92,7.69,10,1,10.0,40,13,32.5,2,2,100.0,1,4,10,2,2,2,0,1.32,1.015,0.102,51.16,24.06,27.1,1.117,0.203,1.402,2.132,4.06,1.32,0.203,0.2,10.15,0.102,0.406,1.015,0.203,1.015,0.1,1.02,7.81,0.78,4.77,0.22,3.3,50.2,39.46,47.54,30.86,22.99,53.76,39.94,66.23,43.67,51.68,78.88,73.61,31.16,50.97,0,0,0,0,0,0,0.0,0.0,0.0,0.0,0.0,37.43,4,1,3,58.77,20,Match_115,2025-09-02T05:56:34.735161+00:00,[],0,13,10,1,504,237,267,62.03,11,2,2.09,1,40,13,2,2,1,4,10,2,10,1,45.12,
"Alcantara, Paolo",RB,750.92,37.99,40.81,21.52,51.49,70.05,substitute,Harborview United,31,0.0,0.0,0.0,0.0,69.72,37.47,0.0,0.0,0.0,0.0,0.0,0.0,0.0,69.75,43.6,0.0,0.0,0.0,0.0,0.0,54.58,70.87,78.33,45.33,34.86,45.98,42.51,8639,19.17,427,410,17,96.02,4,0.94,0,12.81,17,14,8,2,57.14,14.29,4,2,50.0,40,19,47.5,7,5,71.43,3,14,5,2,2,2,0,1.678,0.959,0.24,51.177,49.14,2.04,0.479,0.0,1.535,2.038,4.794,2.277,0.839,0.6,8.56,0.36,1.678,0.599,0.24,0.479,0.24,5.99,6.85,1.71,11.51,0.11,5.69,66.32,48.46,54.66,64.53,77.42,39.64,71.23,45.74,35.44,20.53,31.51,59.37,39.3,47.01,0,0,0,0,0,0,0.0,0.0,0.0,0.0,0.0,41.96,1,2,1,25.86,3,Match_197,2025-06-13T17:53:47.736161+00:00,[],0,14,8,2,427,410,17,86.01,4,0,2.3,4,40,19,7,5,3,14,5,2,4,2,23.32,
"Valdez, Alysa",CB,496.2,32.88,72.98,42.32,37.34,70.23,starter,Ateneo de Manila University,38,0.0,0.0,0.0,0.0,68.98,35.56,0.0,0.0,0.0,0.0,0.0,0.0,0.0,71.78,52.49,0.0,0.0,0.0,0.0,0.0,62.12,72.15,70.73,36.2,66.87,58.39,68.44,2696,9.06,82,82,0,100.0,3,3.66,0,10.92,2,4,1,0,25.0,0.0,3,2,66.67,21,4,19.05,6,3,50.0,2,0,6,0,1,1,0,0.726,0.181,0.0,14.873,14.87,76.32,0.544,0.0,1.981,0.363,3.809,0.726,1.088,0.54,9.07,0.363,0.0,1.088,0.0,0.544,0.36,12.09,4.53,58.67,18.14,0.66,3.46,44.25,53.21,21.94,30.54,26.21,45.49,54.72,32.44,71.39,30.75,21.78,30.81,44.79,77.66,0,0,0,0,0,0,0.0,0.0,0.0,0.0,0.0,79.46,2,5,6,46.94,6,Match_68,2025-10-12T18:58:06.736161+00:00,[],0,4,1,0,82,82,0,38.76,3,0,4.33,4,21,4,6,3,2,0,6,0,3,2,23.57,
"Aningalan, Jaro",CB,1051.43,53.16,66.95,45.99,34.5,53.31,substitute,Lakeside Athletic,21,0.0,0.0,0.0,0.0,44.93,33.9,0.0,0.0,0.0,0.0,0.0,0.0,0.0,66.85,35.52,0.0,0.0,0.0,0.0,0.0,54.22,33.16,30.1,56.29,70.65,51.48,61.73,14871,23.57,519,519,0,100.0,16,3.08,3,8.16,42,1,0,0,0.0,0.0,14,13,92.86,45,28,62.22,4,2,50.0,5,7,11,2,2,3,0,0.086,0.0,0.0,44.425,44.43,75.74,1.37,0.257,0.698,3.595,3.852,2.397,0.342,0.17,4.28,0.428,0.599,0.942,0.171,1.198,1.11,7.95,67.1,72.52,8.56,0.26,5.33,52.4,77.47,21.95,43.86,75.78,35.61,29.38,40.99,63.71,69.06,53.0,26.52,56.22,64.29,0,0,0,0,0,0,0.0,0.0,0.0,0.0,0.0,79.15,4,4,3,76.67,13,Match_26,2025-10-03T03:47:27.737174+00:00,[],0,1,0,0,519,519,0,68.47,16,3,4.57,2,45,28,4,2,5,7,11,2,14,13,45.99,
"Legara, Ezralph",GK,891.92,65.8,45.12,49.71,41.8,44.77,substitute,Riverside FC,39,0.0,0.0,0.0,0.0,59.42,39.36,0.0,0.0,0.0,0.0,0.0,0.0,0.0,33.72,53.0,0.0,0.0,0.0,0.0,0.0,47.42,61.41,48.21,51.82,60.53,47.79,63.47,6636,12.4,215,48,167,22.33,3,1.4,0,27.76,15,8,4,1,50.0,12.5,9,5,55.56,23,5,21.74,20,17,85.0,7,17,6,1,1,0,0,0.807,0.404,0.101,21.695,4.84,16.85,0.303,0.0,2.801,1.514,2.321,0.505,2.018,1.72,8.58,0.706,1.715,0.605,0.101,0.908,0.5,5.61,5.05,1.26,2.25,0.14,2.19,72.26,30.18,52.74,59.91,75.34,53.9,70.54,30.31,22.79,31.17,24.67,42.28,69.52,37.96,34,18,16,52.94,34,16,1.816,1.614,3.431,3.431,1.614,5.34,2,3,3,50.47,11,Match_155,2025-01-09T01:10:57.738174+00:00,[],0,8,4,1,215,48,167,71.22,3,0,0.58,4,23,5,20,17,7,17,6,1,9,5,47.54,
"Lopez, Jaro",CDM,712.4,31.61,68.71,21.6,53.86,64.43,substitute,Northbridge FC,55,0.0,0.0,0.0,0.0,76.0,72.11,0.0,0.0,0.0,0.0,0.0,0.0,0.0,68.21,53.25,0.0,0.0,0.0,0.0,0.0,65.18,50.78,54.41,79.85,68.16,49.14,60.53,7961,18.62,480,480,0,100.0,19,3.96,2,15.95,21,6,2,0,33.33,0.0,8,6,75.0,35,28,80.0,3,1,33.33,3,8,2,2,2,2,0,0.758,0.253,0.0,60.64,60.64,62.45,2.4,0.253,2.015,2.653,4.422,3.537,0.379,0.13,4.21,0.379,1.011,0.253,0.253,1.011,0.76,9.48,4.21,55.83,12.63,0.5,10.11,79.99,33.83,27.58,77.96,36.17,36.21,29.7,54.79,46.66,40.0,55.91,38.78,72.47,56.07,0,0,0,0,0,0,0.0,0.0,0.0,0.0,0.0,67.56,2,3,4,71.55,12,Match_162,2025-05-25T08:59:09.738174+00:00,[],0,6,2,0,480,480,0,67.09,19,2,4.84,1,35,28,3,1,3,8,2,2,8,6,78.59,
"Pedimonte, Nhiboy",LW,1065.62,60.06,73.42,45.54,46.91,65.99,starter,Riverstone FC,19,0.0,0.0,0.0,0.0,77.32,44.87,0.0,0.0,0.0,0.0,0.0,0.0,0.0,70.96,33.56,0.0,0.0,0.0,0.0,0.0,71.61,51.74,51.31,79.31,34.42,71.11,71.73,22366,34.98,321,314,7,97.82,6,1.87,1,25.87,16,12,5,2,41.67,16.67,31,19,61.29,20,6,30.0,19,5,26.32,4,32,4,3,2,1,0,1.013,0.422,0.169,27.111,26.52,0.59,0.507,0.084,2.185,1.351,1.689,0.507,1.605,0.42,2.22,0.338,2.703,0.338,0.253,2.618,1.6,5.18,3.52,1.41,8.26,0.16,2.53,21.59,54.26,29.5,64.51,51.98,36.11,72.47,36.23,31.46,62.31,23.77,61.46,71.6,41.28,0,0,0,0,0,0,0.0,0.0,0.0,0.0,0.0,44.84,5,2,0,55.46,2,Match_144,2025-01-13T20:37:05.739174+00:00,[],0,12,5,2,321,314,7,58.72,6,1,1.4,4,20,6,19,5,4,32,4,3,31,19,58.43,
"Mapula, Paul Vincent",CM,634.62,34.91,32.54,34.07,30.21,55.37,substitute,Goldenfield Rovers,74,0.0,0.0,0.0,0.0,67.58,47.13,0.0,0.0,0.0,0.0,0.0,0.0,0.0,55.94,47.43,0.0,0.0,0.0,0.0,0.0,41.69,55.88,30.46,62.5,43.73,38.77,55.78,11142,29.26,391,91,300,23.27,9,2.3,0,12.34,2,11,7,1,63.64,9.09,4,1,25.0,11,7,63.64,12,4,33.33,2,7,4,1,2,1,0,1.56,0.993,0.142,55.451,12.91,42.55,1.276,0.0,1.75,0.284,1.56,0.993,1.702,0.57,4.73,0.284,0.993,0.567,0.142,0.567,0.14,3.55,9.03,1.29,3.3,0.33,9.03,53.49,41.26,41.48,57.05,23.43,40.42,62.98,59.93,77.6,36.5,73.01,40.01,50.21,67.06,0,0,0,0,0,0,0.0,0.0,0.0,0.0,0.0,36.86,2,5,2,83.55,13,Match_50,2025-02-28T12:00:15.740178+00:00,[],0,11,7,1,391,91,300,32.62,9,0,1.8,3,11,7,12,4,2,7,4,1,4,1,23.21,
"Aningalan, Jul",CF,1056.51,54.45,35.12,30.82,20.76,71.06,starter,Riverside FC,25,0.0,0.0,0.0,0.0,63.72,77.52,0.0,0.0,0.0,0.0,0.0,0.0,0.0,51.1,56.67,0.0,0.0,0.0,0.0,0.0,32.66,30.62,42.84,46.15,46.23,54.68,56.75,12965,20.45,276,236,40,85.51,9,3.26,1,8.81,8,17,9,1,52.94,5.88,7,1,14.29,22,10,45.45,15,15,100.0,8,28,9,3,2,1,0,1.448,0.767,0.085,23.511,20.1,3.41,0.767,0.085,0.75,0.681,1.874,0.852,1.278,1.28,8.52,0.681,2.385,0.767,0.256,0.596,0.09,1.22,4.51,0.5,7.28,0.28,3.87,30.17,29.75,75.32,25.23,54.18,30.5,20.69,20.81,62.13,45.05,30.21,61.62,22.39,44.59,0,0,0,0,0,0,0.0,0.0,0.0,0.0,0.0,49.68,4,2,0,89.92,8,Match_208,2025-02-26T21:07:03.740178+00:00,[],0,17,9,1,276,236,40,76.66,9,1,1.37,3,22,10,15,15,8,28,9,3,7,1,22.89,
"Abellana, Marco",GK,813.11,45.9,70.43,48.44,46.16,27.79,starter,Westwood Athletic,96,0.0,0.0,0.0,0.0,62.52,33.05,0.0,0.0,0.0,0.0,0.0,0.0,0.0,39.99,37.5,0.0,0.0,0.0,0.0,0.0,48.58,63.58,48.47,52.99,36.14,67.78,50.16,17156,35.17,274,203,71,74.09,5,1.82,1,20.72,12,6,1,0,16.67,0.0,5,3,60.0,12,2,16.67,3,1,33.33,4,25,5,1,0,1,0,0.664,0.111,0.0,30.328,22.47,7.86,0.553,0.111,2.293,1.328,1.328,0.221,0.332,0.11,3.69,0.443,2.767,0.553,0.111,0.553,0.33,6.64,1.85,55.86,8.2,0.2,1.85,36.88,62.52,62.79,41.24,20.88,39.53,47.78,31.99,45.42,46.68,45.54,28.8,33.38,26.68,7,0,7,0.0,7,7,0.0,0.775,0.775,0.775,0.775,78.63,3,5,4,33.58,12,Match_291,2025-06-12T18:01:56.741175+00:00,[],0,6,1,0,274,203,71,61.68,5,1,0.8,0,12,2,3,1,4,25,5,1,5,3,57.78,
"Ebrada, Zraim Uichi",CB,630.93,55.99,53.88,30.35,61.84,22.47,DNP,Goldenfield Rovers,64,0.0,0.0,0.0,0.0,45.78,73.81,0.0,0.0,0.0,0.0,0.0,0.0,0.0,31.69,57.72,0.0,0.0,0.0,0.0,0.0,75.43,33.33,76.69,60.56,32.28,59.75,44.98,10883,28.75,272,180,92,66.18,4,1.47,0,17.94,15,8,2,0,25.0,0.0,3,1,33.33,27,11,40.74,10,10,100.0,2,10,11,0,1,2,0,1.141,0.285,0.0,38.8,25.68,13.12,0.571,0.0,2.559,2.14,3.851,1.569,1.426,1.43,14.26,0.285,1.426,1.569,0.0,0.428,0.14,4.75,3.57,73.09,9.44,0.21,5.81,30.12,53.62,46.72,36.0,36.04,66.11,30.09,36.12,45.7,40.11,31.78,69.43,54.36,46.92,0,0,0,0,0,0,0.0,0.0,0.0,0.0,0.0,72.73,4,4,1,35.18,20,Match_202,2025-10-24T06:54:38.742174+00:00,[],0,8,2,0,272,180,92,66.92,4,0,1.54,3,27,11,10,10,2,10,11,0,3,1,49.0,
"Digal, Diegocarl",RW,955.11,27.5,49.32,58.85,44.63,25.63,starter,Westwood Athletic,55,0.0,0.0,0.0,0.0,45.94,36.24,0.0,0.0,0.0,0.0,0.0,0.0,0.0,48.49,35.4,0.0,0.0,0.0,0.0,0.0,69.65,72.24,60.15,56.96,59.29,66.81,73.16,2410,4.21,140,79,61,56.43,5,3.57,1,24.34,3,19,5,0,26.32,0.0,26,2,7.69,3,2,66.67,12,4,33.33,6,16,11,1,2,1,0,1.79,0.471,0.0,13.192,7.44,5.75,0.471,0.094,2.294,0.283,0.283,0.188,1.131,0.38,3.14,0.565,1.508,1.037,0.094,2.45,0.19,0.72,2.48,53.38,5.32,0.34,6.28,33.33,50.31,74.39,35.72,32.74,23.07,63.66,24.94,65.15,70.59,77.78,41.08,44.94,73.77,0,0,0,0,0,0,0.0,0.0,0.0,0.0,0.0,72.57,3,2,2,78.58,6,Match_352,2025-04-11T10:26:16.742174+00:00,[],0,19,5,0,140,79,61,89.81,5,1,1.16,5,3,2,12,4,6,16,11,1,26,2,48.98,
"Diola, Ezekiel",RWB,635.63,37.28,21.62,48.98,46.4,32.66,substitute,Northbridge FC,66,0.0,0.0,0.0,0.0,70.75,41.16,0.0,0.0,0.0,0.0,0.0,0.0,0.0,41.56,74.97,0.0,0.0,0.0,0.0,0.0,75.98,31.07,77.95,66.86,59.45,62.66,69.86,9956,26.11,132,48,84,36.36,2,1.52,0,17.06,3,13,2,1,15.38,7.69,3,1,33.33,38,13,34.21,10,1,10.0,1,2,7,1,1,0,0,1.841,0.283,0.142,18.69,6.8,11.89,0.283,0.0,2.416,0.425,5.38,1.841,1.416,0.14,1.42,0.142,0.283,0.991,0.142,0.425,0.14,4.72,2.18,1.09,5.15,0.22,4.84,69.05,48.26,67.49,74.29,52.88,28.14,64.09,45.24,73.27,48.52,54.48,36.87,24.88,20.97,0,0,0,0,0,0,0.0,0.0,0.0,0.0,0.0,59.56,4,2,4,82.51,14,Match_276,2024-12-18T20:30:05.743174+00:00,[],0,13,2,1,132,48,84,39.95,2,0,0.21,3,38,13,10,1,1,2,7,1,3,1,87.61,
"Taberos, Earl",LW,953.93,44.54,31.21,23.67,24.18,65.78,substitute,San Beda University,53,0.0,0.0,0.0,0.0,55.37,73.15,0.0,0.0,0.0,0.0,0.0,0.0,0.0,58.97,78.57,0.0,0.0,0.0,0.0,0.0,39.32,49.31,42.92,45.41,78.16,49.9,40.18,2223,3.88,446,192,254,43.05,0,0.0,0,24.09,18,33,1,1,3.03,3.03,30,18,60.0,16,3,18.75,3,2,66.67,5,4,8,2,2,1,0,3.113,0.094,0.094,42.079,18.11,23.96,0.0,0.0,2.273,1.698,1.51,0.283,0.283,0.19,6.29,0.472,0.377,0.755,0.189,2.83,1.7,5.66,0.29,0.29,4.06,78.59,1.77,54.67,77.73,73.78,20.89,31.5,68.58,54.88,66.0,50.54,56.94,60.37,54.0,52.19,29.58,0,0,0,0,0,0,0.0,0.0,0.0,0.0,0.0,71.95,2,5,2,45.19,6,Match_135,2025-05-29T11:34:00.743174+00:00,[],0,33,1,1,446,192,254,82.59,0,0,1.58,1,16,3,3,2,5,4,8,2,30,18,63.47,
"Acebedo, James",CB,560.95,46.96,20.12,35.51,56.44,29.74,substitute,Goldenfield Rovers,69,0.0,0.0,0.0,0.0,49.15,36.06,0.0,0.0,0.0,0.0,0.0,0.0,0.0,37.17,61.66,0.0,0.0,0.0,0.0,0.0,56.21,67.78,44.74,44.56,43.79,61.36,68.66,2743,8.15,22,0,22,0.0,0,0.0,0,11.05,1,9,2,0,22.22,0.0,7,5,71.43,43,17,39.53,13,6,46.15,2,15,3,0,1,1,0,1.444,0.321,0.0,3.53,77.91,3.53,0.0,0.0,1.773,0.16,6.899,2.728,2.086,0.96,7.4,0.321,2.407,0.481,0.0,1.123,0.8,11.46,3.57,78.75,59.58,33.01,6.34,79.96,33.92,74.75,64.55,36.68,67.18,68.7,61.84,66.97,61.62,69.32,24.52,63.48,26.7,0,0,0,0,0,0,0.0,0.0,0.0,0.0,0.0,51.75,5,4,4,81.26,2,Match_26,2025-04-14T00:03:56.744174+00:00,[],0,9,2,0,22,0,22,32.85,0,0,1.39,2,43,17,13,6,2,15,3,0,7,5,80.68,
"Digal, Diegocarl",CM,1022.85,50.88,73.9,77.66,23.94,29.56,starter,Highland Wanderers,5,0.0,0.0,0.0,0.0,49.53,49.19,0.0,0.0,0.0,0.0,0.0,0.0,0.0,38.06,38.61,0.0,0.0,0.0,0.0,0.0,61.19,74.28,35.76,70.83,62.34,56.01,59.24,6263,10.21,458,234,224,51.09,2,0.44,0,16.14,12,12,2,1,16.67,8.33,7,1,14.29,24,5,20.83,16,9,56.25,4,16,5,0,3,1,0,1.056,0.176,0.088,40.299,20.59,19.71,0.176,0.0,1.42,1.056,2.112,0.44,1.408,0.79,4.95,0.352,1.408,0.44,0.0,0.616,0.09,1.26,1.47,0.73,4.5,0.04,1.83,29.01,29.94,76.75,53.02,59.08,66.22,69.98,70.55,39.57,76.79,59.63,21.15,28.84,50.46,0,0,0,0,0,0,0.0,0.0,0.0,0.0,0.0,39.0,2,3,3,61.34,17,Match_304,2025-05-22T02:33:33.745174+00:00,[],0,12,2,1,458,234,224,55.61,2,0,4.41,4,24,5,16,9,4,16,5,0,7,1,89.33,
"Aningalan, Jul",LW,442.87,66.07,49.07,20.35,30.72,64.15,starter,Valley Rovers,88,0.0,0.0,0.0,0.0,65.37,47.36,0.0,0.0,0.0,0.0,0.0,0.0,0.0,62.97,60.53,0.0,0.0,0.0,0.0,0.0,65.45,66.6,32.53,45.47,57.81,76.72,37.45,3182,11.97,269,30,239,11.15,8,2.97,1,13.79,7,12,6,1,50.0,8.33,11,1,9.09,13,6,46.15,3,2,66.67,1,6,0,0,3,3,0,2.439,1.219,0.203,54.666,6.1,48.57,1.626,0.203,2.802,1.423,2.642,1.219,0.61,0.41,13.55,0.203,1.219,0.0,0.0,2.235,0.2,1.85,10.16,1.69,2.27,0.6,9.38,37.71,59.72,59.46,37.9,59.46,42.44,44.47,21.11,25.4,75.56,77.41,47.51,34.92,30.96,0,0,0,0,0,0,0.0,0.0,0.0,0.0,0.0,74.66,1,2,4,42.1,20,Match_284,2024-12-17T04:58:07.745174+00:00,[],0,12,6,1,269,30,239,88.35,8,1,4.96,6,13,6,3,2,1,6,0,0,11,1,56.64,
"Barro, Harvy",CB,807.52,47.59,49.9,51.07,36.59,62.74,starter,Crown City FC,73,0.0,0.0,0.0,0.0,49.19,59.16,0.0,0.0,0.0,0.0,0.0,0.0,0.0,37.72,44.92,0.0,0.0,0.0,0.0,0.0,78.23,58.86,50.79,74.31,51.02,33.3,30.65,9684,19.99,0,0,0,70.04,0,0.67,0,5.31,0,10,3,1,30.0,10.0,5,1,20.0,48,0,0.0,25,13,52.0,5,24,2,1,3,1,0,1.115,0.334,0.111,0.0,41.5,53.85,0.0,0.0,0.592,0.0,5.35,0.0,2.786,1.45,5.8,0.557,2.675,0.223,0.111,0.557,0.11,2.23,3.34,1.11,9.21,0.07,67.67,44.67,79.94,77.64,33.85,22.31,44.19,47.82,66.53,78.21,44.47,55.12,27.76,54.89,54.02,0,0,0,0,0,0,0.0,0.0,0.0,0.0,0.0,49.85,3,3,1,46.55,12,Match_334,2025-11-04T05:09:47.746174+00:00,[],0,10,3,1,0,0,0,22.44,0,0,3.44,1,48,0,25,13,5,24,2,1,5,1,32.28,
"Diola, Ezekiel",RW,401.82,25.62,27.29,35.29,30.36,51.4,starter,Brookside United,56,0.0,0.0,0.0,0.0,58.96,79.84,0.0,0.0,0.0,0.0,0.0,0.0,0.0,58.73,35.06,0.0,0.0,0.0,0.0,0.0,36.83,53.87,56.98,65.15,44.66,38.68,46.32,6031,25.02,117,62,55,52.99,1,0.85,0,14.37,7,3,1,0,33.33,0.0,12,8,66.67,7,3,42.86,2,0,0.0,4,5,3,0,1,1,0,0.672,0.224,0.0,26.206,13.89,12.32,0.224,0.0,3.219,1.568,1.568,0.672,0.448,71.0,78.34,0.896,1.12,0.672,0.0,2.688,1.79,14.93,7.47,58.83,11.87,0.19,9.6,72.02,35.09,56.48,34.82,39.64,56.19,64.76,78.56,55.97,29.29,27.56,20.59,20.27,23.99,0,0,0,0,0,0,0.0,0.0,0.0,0.0,0.0,33.24,3,5,3,24.67,17,Match_387,2025-03-13T12:12:00.747173+00:00,[],0,3,1,0,117,62,55,79.27,1,0,3.57,1,7,3,2,0,4,5,3,0,12,8,60.24,
"Lood, Trevor",GK,715.18,32.57,51.12,34.01,69.9,21.86,starter,Crown City FC,84,0.0,0.0,0.0,0.0,79.61,41.73,0.0,0.0,0.0,0.0,0.0,0.0,0.0,65.86,31.35,0.0,0.0,0.0,0.0,0.0,55.8,56.64,30.05,74.37,42.16,65.04,40.43,10586,24.67,228,197,31,86.4,2,0.88,0,7.42,15,9,3,1,33.33,11.11,1,0,0.0,22,2,9.09,9,1,11.11,6,7,11,1,2,1,0,1.133,0.378,0.126,28.692,24.79,3.9,0.252,0.0,0.934,1.888,2.769,0.252,1.133,0.13,1.4,0.755,0.881,1.384,0.126,0.126,45.16,51.62,4.19,1.4,10.87,0.11,1.14,75.95,79.6,45.69,76.54,26.14,76.6,53.52,57.23,27.51,76.26,76.41,69.64,52.71,78.37,13,8,5,61.54,13,5,1.007,0.629,1.636,1.636,0.629,7.74,5,3,3,52.64,4,Match_43,2025-05-11T18:55:32.747173+00:00,[],0,9,3,1,228,197,31,88.78,2,0,4.19,5,22,2,9,1,6,7,11,1,1,0,36.32,
"Santos, John",GK,607.48,74.53,40.98,33.55,25.17,54.54,substitute,De La Salle University,64,0.0,0.0,0.0,0.0,36.57,41.64,0.0,0.0,0.0,0.0,0.0,0.0,0.0,39.54,69.37,0.0,0.0,0.0,0.0,0.0,58.74,46.46,76.04,43.77,72.62,49.99,77.89,9454,25.94,148,148,0,100.0,3,2.03,0,18.3,10,10,1,2,10.0,20.0,4,3,75.0,27,20,74.07,4,2,50.0,2,2,6,0,0,0,0,1.482,0.148,0.296,21.927,21.93,40.85,0.444,0.0,2.711,1.482,4.0,2.963,0.593,0.3,7.41,0.296,0.296,0.889,0.0,0.593,0.44,11.11,1.48,2.96,14.82,0.3,10.97,59.79,77.96,28.8,40.01,57.32,70.15,55.86,24.26,31.9,49.06,32.6,22.42,37.9,31.03,0,0,0,58.68,0,0,0.0,0.0,0.0,0.0,0.0,8.69,3,4,5,46.39,3,Match_31,2025-03-13T13:57:39.748174+00:00,[],0,10,1,2,148,148,0,44.61,3,0,4.31,5,27,20,4,2,2,2,6,0,4,3,21.8,
"Nemenzo, Sirach Ethan",LWB,1168.94,65.7,53.5,41.24,20.09,40.78,DNP,Ateneo de Manila University,78,0.0,0.0,0.0,0.0,70.55,71.55,0.0,0.0,0.0,0.0,0.0,0.0,0.0,71.08,59.66,0.0,0.0,0.0,0.0,0.0,63.98,38.74,32.13,59.44,53.52,39.99,34.39,14614,20.84,579,579,0,100.0,10,1.73,1,12.1,21,17,5,1,29.41,5.88,2,1,50.0,42,32,76.19,20,7,35.0,4,1,0,2,2,2,0,1.309,0.385,0.077,44.579,44.58,51.76,0.77,0.077,0.932,1.617,3.234,2.464,1.54,0.54,2.69,0.308,0.077,0.0,0.154,0.154,0.08,3.85,2.26,0.45,7.7,0.13,5.87,64.52,63.74,68.47,39.26,70.11,35.63,63.1,57.15,60.14,34.93,59.98,75.31,22.81,49.51,0,0,0,0,0,0,0.0,0.0,0.0,0.0,0.0,64.46,3,2,4,35.28,6,Match_131,2024-12-29T06:32:45.749174+00:00,[],0,17,5,1,579,579,0,48.48,10,1,1.17,5,42,32,20,7,4,1,0,2,2,1,72.62,
"Labrador, Sean",LB,723.32,59.6,62.56,32.4,32.22,34.2,DNP,Metro FC,37,0.0,0.0,0.0,0.0,75.61,38.82,0.0,0.0,0.0,0.0,0.0,0.0,0.0,31.72,68.68,0.0,0.0,0.0,0.0,0.0,74.55,58.45,47.61,74.82,31.4,57.62,39.14,7078,16.31,298,121,177,40.6,9,3.02,1,5.07,11,7,2,0,28.57,0.0,13,9,69.23,34,14,41.18,9,4,44.44,4,10,7,2,2,1,0,0.871,0.249,0.0,37.079,15.06,22.02,1.12,0.124,0.631,1.369,4.23,1.742,1.12,0.5,5.53,0.498,1.244,0.871,0.249,1.618,1.12,8.61,3.55,66.11,5.05,0.38,5.12,63.25,27.93,23.33,31.39,79.13,38.0,71.0,50.19,50.43,23.21,66.12,45.92,22.55,63.19,0,0,0,0,0,0,0.0,0.0,0.0,0.0,0.0,72.03,0,3,4,76.08,20,Match_398,2025-10-06T14:56:58.749174+00:00,[],0,7,2,0,298,121,177,87.41,9,1,4.85,4,34,14,9,4,4,10,7,2,13,9,32.64,
"Darapan, Jermi",CF,1016.11,25.9,33.55,74.3,60.69,48.56,substitute,University of Santo Tomas,19,0.0,0.0,0.0,0.0,34.46,40.64,0.0,0.0,0.0,0.0,0.0,0.0,0.0,65.73,35.47,0.0,0.0,0.0,0.0,0.0,65.77,41.95,62.26,58.27,44.79,58.49,32.69,9801,16.08,322,149,173,46.27,4,1.24,0,10.34,11,59,14,2,23.73,3.39,10,6,60.0,9,5,55.56,29,26,89.66,5,23,8,2,1,1,0,5.226,1.24,0.177,28.521,13.2,15.32,0.354,0.0,0.916,0.974,0.797,0.443,2.569,2.3,7.94,0.443,2.037,0.709,0.177,0.886,0.53,5.31,2.1,0.3,4.1,0.11,4.92,77.12,41.8,36.71,48.81,61.89,67.4,71.81,60.73,60.73,28.26,58.43,31.8,46.63,23.81,0,0,0,0,0,0,0.0,0.0,0.0,0.0,0.0,62.39,5,4,6,66.69,12,Match_207,2025-10-13T08:34:15.750177+00:00,[],0,59,14,2,322,149,173,61.51,4,0,1.72,4,9,5,29,26,5,23,8,2,10,6,65.5,
"Aningalan, Jul",RB,864.4,69.35,25.26,58.0,35.96,20.48,starter,Redwood Borough,68,0.0,0.0,0.0,0.0,33.36,65.01,0.0,0.0,0.0,0.0,0.0,0.0,0.0,53.4,75.09,0.0,0.0,0.0,0.0,0.0,40.56,42.38,77.09,45.05,72.75,52.86,70.04,3684,7.1,554,208,346,37.55,14,2.53,1,6.91,17,8,2,1,25.0,12.5,3,3,100.0,14,5,35.71,13,11,84.62,5,12,9,2,2,1,0,0.833,0.208,0.104,57.682,21.66,36.02,1.458,0.104,0.719,1.77,1.458,0.521,1.354,1.15,8.81,0.521,1.249,0.937,0.208,0.312,0.31,10.41,2.6,1.3,3.91,0.26,3.72,52.7,27.24,71.57,55.2,55.54,79.31,23.52,64.45,58.35,28.59,28.12,56.5,40.34,61.31,0,0,0,0,0,0,0.0,0.0,0.0,0.0,0.0,58.38,3,3,3,72.44,9,Match_146,2025-10-06T01:17:51.750177+00:00,[],0,8,2,1,554,208,346,79.28,14,1,3.34,1,14,5,13,11,5,12,9,2,3,3,77.73,
"Lagaya, Rick Matthew",CB,1118.0,42.39,41.02,32.68,73.18,70.72,substitute,Southgate United,50,0.0,0.0,0.0,0.0,58.65,62.15,0.0,0.0,0.0,0.0,0.0,0.0,0.0,69.44,72.14,0.0,0.0,0.0,0.0,0.0,70.99,31.25,40.31,49.94,37.68,34.4,41.02,3381,5.04,701,339,362,48.36,20,2.85,1,26.46,32,17,7,2,41.18,11.76,17,15,88.24,69,35,50.72,18,9,50.0,3,14,7,1,1,2,0,1.369,0.564,0.161,56.431,27.29,29.14,1.61,0.081,2.13,2.576,5.555,2.818,1.449,0.72,4.03,0.242,1.127,0.564,0.081,1.369,1.21,7.1,3.32,0.95,3.89,0.23,4.08,65.73,43.89,44.37,72.02,55.83,61.15,28.96,49.6,49.7,38.89,44.44,20.72,78.17,44.5,0,0,0,0,0,0,0.0,0.0,0.0,0.0,0.0,32.79,4,2,1,84.35,6,Match_24,2025-04-15T00:01:27.751174+00:00,[],0,17,7,2,701,339,362,72.64,20,1,1.46,4,69,35,18,9,3,14,7,1,17,15,74.25,
"Unabia, Mark",RWB,1067.09,38.27,62.58,78.12,63.92,41.92,starter,Lakeside Athletic,73,0.0,0.0,0.0,0.0,66.44,69.89,0.0,0.0,0.0,0.0,0.0,0.0,0.0,51.65,62.74,0.0,0.0,0.0,0.0,0.0,68.33,72.05,53.78,32.47,44.74,49.21,70.3,13830,21.6,760,465,295,61.18,19,2.5,1,9.59,13,26,6,2,23.08,7.69,8,2,25.0,50,34,68.0,21,12,57.14,8,6,10,1,1,2,0,2.193,0.506,0.169,64.1,39.22,24.88,1.602,0.084,0.809,1.096,4.217,2.868,1.771,1.01,4.82,0.675,0.506,0.843,0.084,0.675,0.17,2.11,1.95,0.65,5.16,0.21,5.74,25.82,68.7,61.66,79.25,48.05,23.26,63.36,27.39,76.01,24.8,58.58,51.48,54.53,43.87,0,0,0,0,0,0,0.0,0.0,0.0,0.0,0.0,61.95,4,5,1,75.01,9,Match_49,2025-06-14T09:07:43.751691+00:00,[],0,26,6,2,760,465,295,68.27,19,1,4.43,4,50,34,21,12,8,6,10,1,8,2,63.35,
"Moleje, Josh",RB,927.36,34.48,69.04,61.41,56.22,48.74,starter,National University,28,0.0,0.0,0.0,0.0,74.95,59.53,0.0,0.0,0.0,0.0,0.0,0.0,0.0,51.54,65.73,0.0,0.0,0.0,0.0,0.0,55.93,61.19,40.76,35.71,63.11,64.04,57.99,14021,25.2,252,189,63,75.0,7,2.78,0,8.15,11,9,1,0,11.11,0.0,7,3,42.86,30,16,53.33,10,6,60.0,1,13,10,1,4,0,0,0.873,0.097,0.0,24.457,18.34,6.11,0.679,0.0,0.791,1.068,2.911,1.553,0.97,0.58,5.82,0.097,1.262,0.97,0.097,0.679,0.29,4.16,1.08,62.95,7.28,0.27,5.18,67.17,28.0,53.93,71.64,37.35,22.4,72.11,75.29,39.33,65.79,68.93,76.09,73.75,47.61,0,0,0,0,0,0,0.0,0.0,0.0,0.0,0.0,40.25,4,6,0,73.84,18,Match_386,2025-05-21T15:45:28.752706+00:00,[],0,9,1,0,252,189,63,50.06,7,0,2.73,6,30,16,10,6,1,13,10,1,7,3,59.3,
"Labrador, Sean",CB,713.49,42.1,73.8,23.45,75.56,39.42,starter,Mapúa University,89,0.0,0.0,0.0,0.0,38.43,32.24,0.0,0.0,0.0,0.0,0.0,0.0,0.0,48.31,69.54,0.0,0.0,0.0,0.0,0.0,45.62,31.09,34.4,51.49,57.39,62.78,52.39,11568,27.02,305,296,9,97.05,7,2.3,1,27.05,0,9,3,0,33.33,0.0,7,3,42.86,21,14,66.67,6,5,83.33,3,8,5,3,2,1,0,1.135,0.378,0.0,38.473,37.34,1.14,0.883,0.126,3.412,0.0,2.649,1.766,0.757,0.63,10.51,0.378,1.009,0.631,0.378,0.883,0.38,5.41,4.2,34.56,12.24,0.29,8.41,54.1,56.56,24.17,53.07,33.27,21.77,63.0,43.6,37.06,34.75,60.41,31.06,65.5,79.57,0,0,0,0,0,0,0.0,0.0,0.0,0.0,0.0,58.48,3,1,6,69.83,2,Match_366,2025-02-18T00:31:35.752706+00:00,[],0,9,3,0,305,296,9,45.88,7,1,3.32,3,21,14,6,5,3,8,5,3,7,3,32.04,
"Valdez, Alysa",RWB,1258.83,43.34,30.02,47.21,28.26,54.15,starter,Summit Peak FC,98,0.0,0.0,0.0,0.0,70.66,78.96,0.0,0.0,0.0,0.0,0.0,0.0,0.0,76.76,37.56,0.0,0.0,0.0,0.0,0.0,41.71,48.41,62.7,75.29,30.73,60.27,45.63,18762,24.84,825,471,354,57.09,13,1.58,3,12.19,9,16,12,2,75.0,12.5,4,1,25.0,35,35,100.0,21,16,76.19,3,36,12,2,1,3,0,1.144,0.858,0.143,58.983,33.67,25.31,0.929,0.214,0.872,0.643,2.502,2.502,1.501,1.14,5.45,0.214,2.574,0.858,0.143,0.286,0.07,1.79,5.36,0.89,4.08,0.11,7.15,20.15,75.56,69.82,20.83,22.4,62.4,31.45,50.5,78.93,58.06,67.63,76.63,72.98,67.73,0,0,0,0,0,0,0.0,0.0,0.0,0.0,0.0,72.27,1,4,2,41.62,6,Match_111,2024-12-08T13:00:41.753706+00:00,[],0,16,12,2,825,471,354,34.89,13,3,4.95,4,35,35,21,16,3,36,12,2,4,1,33.01,
"Berciles, Earl",CF,918.14,31.38,64.72,78.52,35.44,42.86,substitute,Lyceum,28,0.0,0.0,0.0,0.0,73.27,74.79,0.0,0.0,0.0,0.0,0.0,0.0,0.0,32.65,65.39,0.0,0.0,0.0,0.0,0.0,59.85,69.64,39.31,59.5,36.44,56.07,73.78,11590,21.04,610,99,511,16.23,15,2.46,3,27.65,20,42,3,0,7.14,0.0,7,2,28.57,14,4,28.57,11,4,36.36,8,29,8,2,1,1,0,4.117,0.294,0.0,59.795,9.7,50.09,1.47,0.294,2.71,1.96,1.372,0.392,1.078,0.39,3.56,0.784,2.843,0.784,0.196,0.686,0.2,2.8,0.7,30.71,1.59,0.24,2.8,27.85,29.42,52.88,62.23,72.83,68.33,24.48,72.02,26.26,56.96,53.74,40.37,35.09,20.25,0,0,0,0,0,0,0.0,0.0,0.0,0.0,0.0,73.12,2,2,2,58.55,14,Match_327,2025-04-16T15:05:01.754706+00:00,[],0,42,3,0,610,99,511,74.75,15,3,1.66,3,14,4,11,4,8,29,8,2,7,2,32.11,
"Santos, Bel",CAM,1268.08,61.17,54.53,42.2,38.36,64.86,DNP,Adamson University,90,0.0,0.0,0.0,0.0,48.83,68.59,0.0,0.0,0.0,0.0,0.0,0.0,0.0,59.51,52.27,0.0,0.0,0.0,0.0,0.0,78.86,47.64,50.63,39.8,69.89,36.12,41.5,2426,3.19,959,784,175,81.75,22,2.29,3,14.27,67,26,17,1,65.38,3.85,29,8,27.59,52,4,7.69,12,0,0.0,5,11,18,1,3,2,0,1.845,1.207,0.071,68.064,55.64,12.42,1.561,0.213,1.013,4.755,3.691,0.284,0.852,59.23,75.02,0.355,0.781,1.278,0.071,2.058,0.57,1.96,4.64,0.27,5.8,0.16,0.55,54.5,52.19,72.19,36.26,21.47,60.77,50.92,61.2,57.41,54.04,67.81,31.57,60.7,34.49,0,0,0,0,0,0,0.0,0.0,0.0,0.0,0.0,63.23,4,0,4,80.3,10,Match_330,2025-01-31T00:21:24.754706+00:00,[],0,26,17,1,959,784,175,66.87,22,3,0.58,6,52,4,12,0,5,11,18,1,29,8,69.36,
"Mapula, Paul Joshua",CM,670.13,39.56,23.45,24.28,42.96,35.32,starter,Valley Rovers,17,0.0,0.0,0.0,0.0,45.99,66.75,0.0,0.0,0.0,0.0,0.0,0.0,0.0,44.61,53.45,0.0,0.0,0.0,0.0,0.0,51.0,79.8,66.73,33.74,60.59,48.58,68.92,8881,22.09,733,623,110,84.99,14,1.91,3,16.22,35,8,3,3,37.5,37.5,3,2,66.67,17,7,41.18,18,10,55.56,1,10,3,3,1,1,0,1.074,0.403,0.403,98.444,83.67,14.77,1.88,0.403,2.178,4.701,2.283,0.94,2.417,1.34,7.46,0.134,1.343,0.403,0.403,0.403,0.27,8.95,5.04,5.04,11.41,0.26,5.53,26.39,30.51,35.4,38.15,24.12,50.74,56.7,75.98,20.3,68.1,69.99,32.1,44.39,52.06,0,0,0,0,0,0,0.0,0.0,0.0,0.0,0.0,75.37,3,4,4,81.48,2,Match_243,2025-03-06T20:56:16.755706+00:00,[],0,8,3,3,733,623,110,49.22,14,3,4.42,4,17,7,18,10,1,10,3,3,3,2,61.14,
"Espana, Dave",LW,993.19,54.82,72.08,75.16,73.72,72.66,starter,Southgate United,61,0.0,0.0,0.0,0.0,39.4,64.46,0.0,0.0,0.0,0.0,0.0,0.0,0.0,40.34,64.51,0.0,0.0,0.0,0.0,0.0,75.38,78.06,58.54,78.17,61.41,57.45,51.91,13794,23.15,0,0,0,76.24,0,1.61,0,20.65,0,47,6,0,12.77,0.0,7,2,28.57,18,9,50.0,14,10,71.43,8,24,2,2,2,1,0,4.259,0.544,0.0,0.0,40.96,52.71,0.0,0.0,1.871,0.0,1.631,0.816,1.269,0.91,6.47,0.725,2.175,0.181,0.181,0.634,0.18,2.59,1.16,40.12,5.47,0.15,4.53,28.1,36.36,79.4,53.31,26.57,41.75,56.56,51.6,37.93,74.86,47.84,41.24,66.2,65.11,0,0,0,0,0,0,0.0,0.0,0.0,0.0,0.0,66.54,3,2,1,23.22,14,Match_384,2024-12-21T17:57:04.756706+00:00,[],0,47,6,0,0,0,0,52.72,0,0,2.55,3,18,9,14,10,8,24,2,2,7,2,79.76,
"Digal, Pedro",RWB,1002.26,47.99,37.14,46.21,41.75,41.92,starter,Lakeside Athletic,86,0.0,0.0,0.0,0.0,76.29,76.32,0.0,0.0,0.0,0.0,0.0,0.0,0.0,32.45,59.78,0.0,0.0,0.0,0.0,0.0,46.35,54.97,31.91,42.87,42.3,78.67,34.21,3635,6.04,796,489,307,61.43,1,0.13,0,14.93,33,23,18,2,78.26,8.7,7,2,28.57,28,9,32.14,12,12,100.0,8,15,8,1,4,1,0,2.065,1.616,0.18,71.478,43.91,27.57,0.09,0.0,1.341,2.963,2.514,0.808,1.078,1.08,8.98,0.718,1.347,0.718,0.09,0.629,0.18,2.57,7.03,0.78,5.52,0.01,2.89,76.92,59.38,24.0,73.96,64.27,79.61,61.2,63.3,32.09,50.05,65.28,27.75,56.38,67.2,0,0,0,0,0,0,0.0,0.0,0.0,0.0,0.0,61.03,6,2,1,77.9,10,Match_398,2024-12-22T15:37:57.756706+00:00,[],0,23,18,2,796,489,307,83.54,1,0,2.59,2,28,9,12,12,8,15,8,1,7,2,20.47,
"Santos, Hugo",CAM,691.01,66.09,53.79,44.86,52.93,70.16,starter,Metro FC,47,0.0,0.0,0.0,0.0,55.0,56.71,0.0,0.0,0.0,0.0,0.0,0.0,0.0,36.93,61.26,0.0,0.0,0.0,0.0,0.0,76.07,31.4,61.17,68.68,37.19,36.24,52.41,5628,13.57,414,414,0,100.0,10,2.42,1,18.1,34,7,3,0,42.86,0.0,6,2,33.33,19,4,21.05,5,2,40.0,3,15,1,0,1,1,0,0.912,0.391,0.0,53.921,53.92,51.08,1.302,0.13,2.357,4.428,2.475,0.521,0.651,0.26,5.21,0.391,1.954,0.13,0.0,0.781,0.26,4.34,5.58,40.81,13.02,0.32,2.74,76.01,75.67,34.13,47.61,28.66,59.23,27.14,57.48,76.75,21.62,29.09,30.28,48.29,69.65,0,0,0,0,0,0,0.0,0.0,0.0,0.0,0.0,69.24,2,1,5,32.06,3,Match_207,2024-12-18T05:56:44.757706+00:00,[],0,7,3,0,414,414,0,66.33,10,1,4.69,4,19,4,5,2,3,15,1,0,6,2,79.28,
"Lagaya, Rick Matthew",RW,803.28,44.53,44.3,53.0,50.33,53.03,substitute,Crown City FC,81,0.0,0.0,0.0,0.0,31.92,71.44,0.0,0.0,0.0,0.0,0.0,0.0,0.0,67.98,64.67,0.0,0.0,0.0,0.0,0.0,33.53,48.16,31.85,78.33,44.63,61.25,37.15,8391,17.41,495,104,391,21.01,1,0.2,0,28.14,12,10,0,2,0.0,20.0,17,9,52.94,15,8,53.33,17,8,47.06,3,8,5,1,1,1,0,1.12,0.0,0.224,55.46,11.65,43.81,0.112,0.0,3.153,1.344,1.681,0.896,1.905,0.9,5.27,0.336,0.896,0.56,0.112,1.905,1.01,5.93,40.96,2.24,2.35,0.02,5.98,46.6,32.32,21.37,29.33,21.01,48.74,24.76,34.27,43.95,26.53,26.87,57.9,60.07,21.67,0,0,0,0,0,0,0.0,0.0,0.0,0.0,0.0,37.24,3,3,3,76.4,3,Match_226,2025-10-28T18:13:39.757706+00:00,[],0,10,0,2,495,104,391,22.05,1,0,1.13,2,15,8,17,8,3,8,5,1,17,9,45.7,
"Darapan, Jermi",GK,732.27,46.04,39.67,50.66,44.83,51.11,starter,2 Worlds FC,6,0.0,0.0,0.0,0.0,42.35,32.9,0.0,0.0,0.0,0.0,0.0,0.0,0.0,40.61,57.43,0.0,0.0,0.0,0.0,0.0,64.65,36.71,44.48,60.7,76.97,32.73,64.55,13654,31.08,161,150,11,93.17,2,1.24,0,21.58,8,10,5,0,50.0,0.0,2,2,100.0,18,3,16.67,27,12,44.44,4,12,12,0,0,0,0,1.229,0.615,0.0,19.788,18.44,1.35,0.246,0.0,2.652,0.983,2.212,0.369,3.318,1.47,5.46,0.492,1.475,1.475,0.0,0.246,0.25,12.29,6.15,79.56,11.45,0.15,2.05,63.78,33.52,78.46,40.3,61.43,20.8,49.21,34.17,26.09,30.25,68.32,73.93,33.08,39.37,29,11,18,37.93,29,18,1.352,2.212,3.564,3.564,2.212,4.66,3,5,4,62.4,3,Match_119,2025-01-06T06:23:24.758706+00:00,[],0,10,5,0,161,150,11,46.3,2,0,1.89,3,18,3,27,12,4,12,12,0,2,2,68.64,
"Barro, Marco",ST,976.33,68.92,47.02,46.78,23.21,72.95,starter,Eastview Rangers,57,0.0,0.0,0.0,0.0,51.62,54.21,0.0,0.0,0.0,0.0,0.0,0.0,0.0,48.4,72.86,0.0,0.0,0.0,0.0,0.0,31.74,39.17,73.92,68.77,63.9,33.09,58.39,19576,33.42,684,446,238,65.2,10,1.46,1,12.3,35,30,5,0,16.67,0.0,4,1,25.0,33,33,100.0,9,4,44.44,7,29,6,1,2,1,0,2.765,0.461,0.0,63.052,41.11,21.94,0.922,0.092,1.134,3.226,3.042,3.042,0.83,0.37,4.1,0.645,2.673,0.553,0.092,0.369,0.09,2.3,1.54,71.7,6.01,0.13,9.22,33.93,78.41,68.26,57.65,41.43,50.74,35.8,78.58,54.47,37.61,74.9,79.38,69.16,45.4,0,0,0,0,0,0,0.0,0.0,0.0,0.0,0.0,49.79,6,5,7,83.92,15,Match_199,2025-07-19T02:24:21.759706+00:00,[],0,30,5,0,684,446,238,62.62,10,1,1.67,2,33,33,9,4,7,29,6,1,4,1,74.44,
"Pormento, Edzon",LB,857.24,33.75,25.43,71.27,64.18,24.14,DNP,National University,30,0.0,0.0,0.0,0.0,55.83,34.61,0.0,0.0,0.0,0.0,0.0,0.0,0.0,40.37,40.73,0.0,0.0,0.0,0.0,0.0,41.65,54.99,59.44,46.29,36.1,64.0,74.55,11583,22.52,498,75,423,15.06,7,1.41,2,23.26,14,17,2,0,11.76,0.0,15,15,100.0,14,2,14.29,0,0,63.63,5,11,10,1,2,1,0,1.785,0.21,0.0,52.284,7.87,44.41,0.735,0.21,2.442,1.47,1.47,0.21,0.0,65.71,6.68,0.525,1.155,1.05,0.105,1.575,1.57,10.5,1.23,41.14,1.58,0.15,1.5,40.82,64.33,52.25,54.98,67.83,21.44,47.99,32.44,37.5,43.06,48.26,35.28,30.6,27.34,0,0,0,0,0,0,0.0,0.0,0.0,0.0,0.0,37.73,1,2,6,60.2,9,Match_111,2025-11-05T07:49:30.759706+00:00,[],0,17,2,0,498,75,423,80.15,7,2,4.76,5,14,2,0,0,5,11,10,1,15,15,89.73,
"Salingay, Sam",CAM,917.76,74.85,78.27,66.24,21.72,29.09,starter,Westwood Athletic,82,0.0,0.0,0.0,0.0,69.3,37.4,0.0,0.0,0.0,0.0,0.0,0.0,0.0,36.46,75.7,0.0,0.0,0.0,0.0,0.0,53.71,49.16,31.54,41.52,64.51,79.59,59.52,6637,12.05,864,636,228,73.61,16,1.85,4,27.8,34,9,5,0,55.56,0.0,21,4,19.05,1,0,0.0,18,4,22.22,5,15,11,1,3,1,0,0.883,0.49,0.0,84.728,62.37,22.36,1.569,0.392,2.726,3.334,0.098,0.0,1.765,0.39,2.18,0.49,1.471,1.079,0.098,2.059,0.39,1.87,5.45,73.79,7.22,0.18,32.41,77.7,58.06,78.15,64.95,54.51,58.75,43.07,69.15,26.99,73.44,44.94,47.15,27.39,64.78,0,0,0,0,0,0,0.0,0.0,0.0,0.0,0.0,58.39,5,2,4,83.61,10,Match_34,2025-04-09T04:39:48.760709+00:00,[],0,9,5,0,864,636,228,58.74,16,4,2.2,1,1,0,18,4,5,15,11,1,21,4,61.84,
"Tagara, Pedro",LWB,748.71,28.13,38.24,43.73,41.63,72.9,starter,Hillcrest Athletic,45,0.0,0.0,0.0,0.0,72.12,37.25,0.0,0.0,0.0,0.0,0.0,0.0,0.0,72.18,35.07,0.0,0.0,0.0,0.0,0.0,53.05,72.38,78.91,61.62,59.87,56.48,40.68,8298,18.47,283,266,17,93.99,6,2.12,1,26.9,6,11,4,2,36.36,18.18,1,0,0.0,29,20,68.97,15,15,100.0,6,9,8,1,1,2,1,1.322,0.481,0.24,34.019,31.97,2.04,0.721,0.12,3.234,0.721,3.486,2.404,1.803,1.8,12.02,0.721,1.082,0.962,0.12,0.12,53.24,59.59,4.37,2.19,11.3,0.25,8.29,28.41,68.54,68.81,26.6,43.02,49.38,27.69,33.09,54.06,66.94,41.4,74.28,42.88,56.74,0,0,0,0,0,0,0.0,0.0,0.0,0.0,0.0,43.38,3,5,4,24.45,7,Match_179,2025-08-13T19:13:18.760709+00:00,[],0,11,4,2,283,266,17,48.96,6,1,4.96,3,29,20,15,15,6,9,8,1,1,0,53.29,
"Asignar, Josh Rupert",CB,804.04,43.9,64.34,25.02,61.2,37.54,starter,City United,36,0.0,0.0,0.0,0.0,67.25,36.03,0.0,0.0,0.0,0.0,0.0,0.0,0.0,50.56,75.44,0.0,0.0,0.0,0.0,0.0,72.54,59.45,62.77,52.62,44.16,36.36,68.38,11491,23.82,371,227,144,61.19,8,2.16,2,24.91,27,8,2,0,25.0,0.0,7,4,57.14,39,22,56.41,13,3,23.08,4,13,6,1,1,1,0,0.895,0.224,0.0,41.528,25.41,16.12,0.895,0.224,2.788,3.022,4.365,2.463,1.455,0.34,2.58,0.448,1.455,0.672,0.112,0.784,0.45,6.4,2.8,50.11,6.85,0.24,6.31,69.77,28.93,25.57,35.64,66.9,47.48,51.02,55.38,39.01,23.81,72.49,20.48,20.84,39.33,0,0,0,0,0,0,0.0,0.0,0.0,0.0,0.0,35.65,2,3,5,49.76,7,Match_326,2025-04-21T23:19:25.761706+00:00,[],0,8,2,0,371,227,144,68.29,8,2,1.71,3,39,22,13,3,4,13,6,1,7,4,83.55,
"Tabay, Albin",LB,920.74,45.33,52.87,70.27,28.57,45.67,starter,Lakeside Athletic,7,0.0,0.0,0.0,0.0,48.06,72.49,0.0,0.0,0.0,0.0,0.0,0.0,0.0,57.18,60.83,0.0,0.0,0.0,0.0,0.0,68.0,43.28,61.67,53.06,54.93,51.13,67.3,4868,8.81,1013,406,607,40.08,31,3.06,2,7.59,6,14,7,1,50.0,7.14,10,4,40.0,31,31,100.0,9,7,77.78,2,24,12,1,2,1,0,1.368,0.684,0.098,99.018,39.69,59.33,3.03,0.195,0.742,0.586,3.03,3.03,0.88,0.68,7.6,0.195,2.346,1.173,0.098,0.977,0.39,3.91,4.89,0.7,3.92,0.3,9.77,54.69,31.88,75.47,63.29,42.34,35.8,62.4,31.77,44.25,23.17,31.71,31.1,50.13,72.46,0,0,0,0,0,0,0.0,0.0,0.0,0.0,0.0,56.74,3,3,2,38.47,17,Match_146,2025-05-12T20:46:53.762706+00:00,[],0,14,7,1,1013,406,607,76.66,31,2,0.18,2,31,31,9,7,2,24,12,1,10,4,70.3,
"Salingay, Sam",LW,1350.0,67.52,26.83,32.46,52.05,32.54,substitute,Harborview United,6,0.0,0.0,0.0,0.0,65.94,62.56,0.0,0.0,0.0,0.0,0.0,0.0,0.0,74.68,54.52,0.0,0.0,0.0,0.0,0.0,77.44,63.9,34.55,55.02,52.41,75.03,49.87,20830,25.72,637,624,13,97.96,3,0.47,0,11.75,39,3,2,0,66.67,0.0,18,12,66.67,31,1,3.23,4,1,25.0,6,12,3,1,1,1,0,0.2,0.133,0.0,42.467,41.6,0.87,0.2,0.0,0.783,2.6,2.067,0.067,0.267,0.07,1.67,0.4,0.8,0.2,0.067,1.2,0.8,4.44,4.44,42.94,6.53,0.03,0.22,54.55,31.55,58.5,41.82,51.02,77.32,27.0,32.88,34.6,55.86,40.13,71.6,60.76,40.0,0,0,0,0,0,0,0.0,0.0,0.0,0.0,0.0,57.57,0,2,4,72.5,6,Match_363,2025-06-01T21:44:07.762706+00:00,[],0,3,2,0,637,624,13,50.69,3,0,0.81,1,31,1,4,1,6,12,3,1,18,12,40.08,
"Aningalan, Pius",RB,1272.67,49.4,73.83,77.63,42.18,34.78,starter,De La Salle University,35,0.0,0.0,0.0,0.0,69.99,31.07,0.0,0.0,0.0,0.0,0.0,0.0,0.0,61.95,43.48,0.0,0.0,0.0,0.0,0.0,66.03,32.52,72.98,53.97,46.69,31.16,55.44,10455,13.69,671,308,363,45.9,14,2.09,2,19.09,37,8,2,1,25.0,12.5,3,3,100.0,37,15,40.54,3,1,33.33,6,6,2,1,1,3,0,0.566,0.141,0.071,47.451,21.78,25.67,0.99,0.141,1.35,2.617,2.617,1.061,0.212,0.07,2.36,0.424,0.424,0.141,0.071,0.212,0.21,7.07,1.77,0.88,3.25,0.15,2.87,58.37,23.63,74.97,44.99,26.31,48.36,79.56,33.15,44.26,54.9,42.25,37.31,46.49,79.55,0,0,0,0,0,0,0.0,0.0,0.0,0.0,0.0,53.14,2,4,2,50.61,1,Match_63,2025-08-18T11:09:07.763706+00:00,[],0,8,2,1,671,308,363,69.8,14,2,2.54,2,37,15,3,1,6,6,2,1,3,3,66.62,
"Abellana, Marco",RWB,1230.7,62.45,34.78,54.67,44.78,26.08,starter,2 Worlds FC,65,0.0,0.0,0.0,0.0,72.8,42.05,0.0,0.0,0.0,0.0,0.0,0.0,0.0,62.44,54.33,0.0,0.0,0.0,0.0,0.0,53.4,59.21,32.42,66.47,68.18,54.98,62.0,16645,22.54,182,75,107,41.21,1,0.55,0,6.3,7,25,10,4,40.0,16.0,11,6,54.55,41,4,9.76,39,39,100.0,6,12,13,1,3,3,0,1.828,0.731,0.293,13.309,5.48,7.82,0.073,0.0,0.461,0.512,2.998,0.293,2.852,2.85,7.31,0.439,0.878,0.951,0.073,0.804,0.44,3.99,2.93,1.17,3.01,0.04,0.71,63.84,28.83,53.93,55.41,34.18,56.51,73.37,52.78,59.44,44.92,41.27,33.48,76.78,25.0,0,0,0,0,0,0,0.0,0.0,0.0,0.0,0.0,70.49,3,4,1,82.86,17,Match_314,2025-09-06T22:13:06.764706+00:00,[],0,25,10,4,182,75,107,78.97,1,0,3.31,3,41,4,39,39,6,12,13,1,11,6,22.06,
"Diola, Ezekiel",CDM,1042.64,66.92,64.92,79.49,57.97,43.32,starter,Eastview Rangers,36,0.0,0.0,0.0,0.0,60.8,52.29,0.0,0.0,0.0,0.0,0.0,0.0,0.0,30.67,55.49,0.0,0.0,0.0,0.0,0.0,63.83,37.37,32.92,74.85,56.51,36.3,72.49,7494,11.98,117,106,11,90.6,2,1.71,0,20.69,4,6,3,0,50.0,0.0,5,1,20.0,55,15,27.27,26,26,100.0,6,21,8,1,1,2,0,0.518,0.259,0.0,10.099,9.15,0.95,0.173,0.0,1.786,0.345,4.748,1.295,2.244,2.24,8.63,0.518,1.813,0.691,0.086,0.432,0.09,1.73,4.32,48.96,7.82,0.15,2.35,62.15,40.67,44.33,75.03,31.48,26.53,28.32,75.84,71.63,55.32,73.96,20.68,43.72,54.36,0,0,0,0,0,0,0.0,0.0,0.0,0.0,0.0,31.81,1,4,3,49.85,15,Match_17,2025-09-04T04:15:53.764706+00:00,[],0,6,3,0,117,106,11,31.05,2,0,1.89,1,55,15,26,26,6,21,8,1,5,1,35.98,
"Apostol, Carlo",CF,1056.27,48.81,59.95,69.99,59.41,32.31,starter,Mapúa University,28,0.0,0.0,0.0,0.0,69.58,35.44,0.0,0.0,0.0,0.0,0.0,0.0,0.0,73.92,39.82,0.0,0.0,0.0,0.0,0.0,40.77,62.63,61.95,33.02,38.4,31.78,76.24,20626,32.55,478,308,170,64.44,13,2.72,2,21.02,6,17,4,3,23.53,17.65,13,13,100.0,33,6,18.18,24,10,41.67,4,34,6,1,4,1,0,1.448,0.341,0.256,40.728,26.24,14.48,1.108,0.17,1.791,0.511,2.812,0.511,2.045,0.85,3.55,0.341,2.897,0.511,0.085,1.108,1.11,8.52,2.0,1.5,5.49,0.23,1.55,61.14,52.01,26.02,22.74,53.8,67.83,35.92,63.7,77.3,71.9,49.62,32.99,24.43,35.06,0,0,0,0,0,0,0.0,0.0,0.0,0.0,0.0,41.08,1,2,4,57.77,1,Match_88,2025-06-04T09:51:28.765706+00:00,[],0,17,4,3,478,308,170,22.77,13,2,0.31,3,33,6,24,10,4,34,6,1,13,13,52.63,
"Lopez, Sam",LB,1071.39,59.77,53.93,60.28,49.14,76.35,starter,Riverside FC,8,0.0,0.0,0.0,0.0,55.12,78.82,0.0,0.0,0.0,0.0,0.0,0.0,0.0,35.16,79.74,0.0,0.0,0.0,0.0,0.0,67.2,65.98,44.78,64.92,69.34,76.47,65.99,2724,4.24,638,286,352,44.83,16,2.51,2,16.06,32,10,3,0,30.0,0.0,6,6,100.0,11,3,27.27,34,18,52.94,5,13,1,1,3,3,0,0.84,0.252,0.0,53.594,24.02,29.57,1.344,0.168,1.349,2.688,0.924,0.252,2.856,1.51,4.45,0.42,1.092,0.084,0.084,0.504,0.5,8.4,2.52,34.8,3.77,0.21,2.29,55.5,32.32,52.61,23.53,39.44,48.83,71.31,73.03,67.44,26.96,72.61,66.96,25.87,60.91,0,0,0,0,0,0,0.0,0.0,0.0,0.0,0.0,34.62,1,2,2,40.12,3,Match_381,2025-02-07T11:50:44.765706+00:00,[],0,10,3,0,638,286,352,43.39,16,2,3.09,4,11,3,34,18,5,13,1,1,6,6,72.23,
"Tabay, Albin",RW,1259.82,74.94,30.16,58.48,27.14,37.04,starter,Summit Peak FC,74,0.0,0.0,0.0,0.0,58.63,58.64,0.0,0.0,0.0,0.0,0.0,0.0,0.0,60.48,47.23,0.0,0.0,0.0,0.0,0.0,31.84,52.51,39.3,67.91,69.6,63.72,78.69,5901,7.81,408,408,0,100.0,6,1.47,1,22.74,11,63,8,1,12.7,1.59,14,7,50.0,16,2,12.5,28,6,21.43,3,18,4,1,1,3,0,4.501,0.572,0.071,29.147,29.15,68.31,0.429,0.071,1.625,0.786,1.143,0.143,2.0,0.43,1.53,0.214,1.286,0.286,0.071,1.0,0.5,3.57,0.91,0.11,7.14,0.11,0.89,22.87,62.6,24.94,40.13,39.89,44.66,59.81,77.95,31.13,23.99,52.87,68.85,40.23,79.9,0,0,0,0,0,0,0.0,0.0,0.0,0.0,0.0,62.46,6,1,4,55.8,17,Match_188,2025-03-06T12:23:33.766706+00:00,[],0,63,8,1,408,408,0,62.68,6,1,1.97,3,16,2,28,6,3,18,4,1,14,7,29.85,
"Digal, Marco",CM,1041.6,43.35,35.54,72.44,48.58,59.8,substitute,City United,52,0.0,0.0,0.0,0.0,37.38,50.51,0.0,0.0,0.0,0.0,0.0,0.0,0.0,62.64,65.83,0.0,0.0,0.0,0.0,0.0,66.64,59.62,41.86,55.43,43.85,79.29,44.55,14373,23.0,916,0,916,0.0,29,3.17,3,25.13,14,17,0,1,0.0,5.88,11,9,81.82,33,25,75.76,17,9,52.94,7,21,13,1,3,1,0,1.469,0.0,0.086,79.147,72.53,79.15,2.506,0.259,2.171,1.21,2.851,2.16,1.469,0.78,4.57,0.605,1.815,1.123,0.086,0.95,0.78,7.07,42.23,0.51,77.52,0.27,6.55,24.98,71.54,59.23,36.47,70.33,20.31,69.1,50.55,77.34,45.26,30.8,22.43,62.03,46.7,0,0,0,0,0,0,0.0,0.0,0.0,0.0,0.0,45.25,4,2,0,55.45,19,Match_71,2025-03-02T12:14:06.767708+00:00,[],0,17,0,1,916,0,916,63.87,29,3,4.86,7,33,25,17,9,7,21,13,1,11,9,64.27,
"Digal, Diegocarl",GK,889.88,55.27,26.95,42.38,66.91,62.27,substitute,Mapúa University,58,0.0,0.0,0.0,0.0,48.01,59.24,0.0,0.0,0.0,0.0,0.0,0.0,0.0,77.69,46.45,0.0,0.0,0.0,0.0,0.0,69.65,43.84,48.53,64.05,43.66,74.78,33.9,15695,29.4,247,152,95,61.54,1,0.4,0,13.34,3,10,2,2,20.0,20.0,8,3,37.5,31,11,35.48,10,1,10.0,1,22,12,1,2,1,0,1.011,0.202,0.202,24.981,15.37,9.61,0.101,0.0,1.349,0.303,3.135,1.113,1.011,0.1,1.01,0.101,2.225,1.214,0.101,0.809,0.3,3.79,2.02,2.02,6.22,0.04,3.59,76.16,40.82,21.78,71.18,66.46,31.65,78.03,76.62,75.66,29.88,58.59,55.52,75.41,20.46,18,18,0,100.0,18,0,1.82,0.0,1.82,1.82,0.0,10.11,3,1,5,52.44,6,Match_286,2025-07-05T05:51:06.767708+00:00,[],0,10,2,2,247,152,95,41.44,1,0,0.89,5,31,11,10,1,1,22,12,1,8,3,28.17,
"Digal, Diegocarl",LB,1157.0,26.13,33.32,40.66,78.88,53.55,starter,Southgate United,29,0.0,0.0,0.0,0.0,70.87,32.31,0.0,0.0,0.0,0.0,0.0,0.0,0.0,41.33,34.4,0.0,0.0,0.0,0.0,0.0,43.12,36.16,77.45,41.23,70.33,60.85,74.02,3193,4.6,926,178,748,19.22,34,3.67,4,18.37,81,10,1,0,10.0,0.0,17,7,41.18,9,6,66.67,6,3,50.0,4,9,13,2,2,2,0,0.778,0.078,0.0,72.031,13.85,58.18,2.645,0.311,1.429,6.301,0.7,0.467,0.467,0.23,3.89,0.311,0.7,1.011,0.156,1.322,0.54,3.2,0.78,59.97,1.5,0.29,5.19,62.62,21.5,79.72,47.88,55.11,26.92,28.75,33.32,59.64,63.52,63.12,35.03,75.06,34.37,0,0,0,0,0,0,0.0,0.0,0.0,0.0,0.0,78.46,4,5,2,45.55,19,Match_293,2025-11-07T09:28:30.768706+00:00,[],0,10,1,0,926,178,748,26.01,34,4,1.9,3,9,6,6,3,4,9,13,2,17,7,79.7,
"Darapan, Jermi",LWB,943.39,29.15,39.1,46.65,25.59,33.36,starter,Riverstone FC,6,0.0,0.0,0.0,0.0,38.94,65.98,0.0,0.0,0.0,0.0,0.0,0.0,0.0,64.35,53.57,0.0,0.0,0.0,0.0,0.0,41.75,69.28,46.03,50.22,68.72,47.81,65.85,17278,30.52,1086,1086,0,100.0,1,0.09,0,26.79,62,11,7,1,63.64,9.09,8,5,62.5,40,10,25.0,13,9,69.23,3,21,11,1,3,3,0,1.049,0.668,0.095,103.605,100.0,72.89,0.095,0.0,2.556,5.915,3.816,0.954,1.24,0.86,6.6,0.286,2.003,1.049,0.095,0.763,0.48,5.96,6.07,0.87,9.54,0.01,2.39,59.83,24.15,55.26,53.11,28.4,33.2,21.23,36.82,48.73,43.91,56.83,58.41,70.93,37.75,0,0,0,0,0,0,0.0,0.0,0.0,0.0,0.0,51.0,4,1,2,44.2,7,Match_315,2025-10-05T13:11:20.769706+00:00,[],0,11,7,1,1086,1086,0,53.5,1,0,1.07,1,40,10,13,9,3,21,11,1,8,5,58.39,
"Nemenzo, Sirach Ethan",GK,745.78,47.61,34.35,65.77,33.3,28.66,starter,University of Santo Tomas,48,0.0,0.0,0.0,0.0,59.76,39.72,0.0,0.0,0.0,0.0,0.0,0.0,0.0,64.44,49.74,0.0,0.0,0.0,0.0,0.0,75.63,45.27,47.46,74.57,57.91,68.81,34.56,8727,19.5,13,8,5,61.54,0,0.0,0,15.51,1,12,5,2,41.67,16.67,1,0,0.0,21,9,42.86,15,8,53.33,1,12,8,1,1,1,0,1.448,0.603,0.241,1.569,0.97,0.6,0.0,0.0,1.872,0.121,2.534,1.086,1.81,0.97,6.44,0.121,1.448,0.965,0.121,0.121,42.88,53.49,5.03,2.01,7.43,52.75,5.17,67.69,60.54,37.47,30.88,33.33,24.95,58.4,75.3,28.36,43.21,22.77,21.22,69.69,56.31,51,51,0,100.0,51,0,6.155,0.0,6.155,6.155,0.0,12.07,4,2,3,58.57,5,Match_169,2025-02-13T05:50:37.769706+00:00,[],0,12,5,2,13,8,5,60.1,0,0,2.07,2,21,9,15,8,1,12,8,1,1,0,84.35,
"Garcia, Jul",LB,1007.38,36.97,34.61,42.42,33.54,56.25,starter,University of the Philippines,74,0.0,0.0,0.0,0.0,34.88,62.41,0.0,0.0,0.0,0.0,0.0,0.0,0.0,38.17,76.07,0.0,0.0,0.0,0.0,0.0,37.57,51.83,32.3,72.79,67.03,34.64,32.37,8849,14.64,646,225,421,34.83,12,1.86,1,15.69,52,12,4,0,33.33,0.0,9,9,100.0,51,11,21.57,18,5,27.78,6,9,9,1,2,1,0,1.072,0.357,0.0,57.714,20.1,37.61,1.072,0.089,1.402,4.646,4.556,0.983,1.608,0.45,2.48,0.536,0.804,0.804,0.089,0.804,0.8,8.93,2.98,74.71,3.11,0.17,1.93,25.09,23.71,23.49,21.3,62.52,58.88,45.82,42.61,31.05,40.43,62.93,60.62,62.0,23.84,0,0,0,0,0,0,0.0,0.0,0.0,0.0,0.0,60.48,4,2,2,80.28,2,Match_393,2025-11-16T17:03:18.770706+00:00,[],0,12,4,0,646,225,421,72.28,12,1,1.25,2,51,11,18,5,6,9,9,1,9,9,49.02,
"Alcantara, Paolo",CB,555.28,73.7,45.67,45.24,45.68,23.5,substitute,Westwood Athletic,58,0.0,0.0,0.0,0.0,49.06,76.11,0.0,0.0,0.0,0.0,0.0,0.0,0.0,69.52,36.89,0.0,0.0,0.0,0.0,0.0,53.69,73.75,42.77,30.94,55.42,59.72,72.05,9206,27.63,318,290,28,91.19,7,2.2,0,4.63,14,4,1,0,25.0,0.0,6,2,33.33,28,18,64.29,3,3,100.0,1,7,5,0,1,1,0,0.648,0.162,0.0,51.542,47.0,4.54,1.135,0.0,0.75,2.269,4.538,2.917,0.486,0.49,16.21,0.162,1.135,0.81,0.0,0.972,0.32,5.4,4.05,50.85,14.78,0.36,10.42,30.61,48.26,73.78,45.09,27.5,67.03,29.61,25.19,62.02,39.27,52.85,44.41,24.45,63.28,0,0,0,0,0,0,0.0,0.0,0.0,0.0,0.0,31.21,1,5,5,83.7,6,Match_187,2025-09-02T22:43:17.771711+00:00,[],0,4,1,0,318,290,28,24.54,7,0,3.76,4,28,18,3,3,1,7,5,0,6,2,86.15,
"Ebrada, Zraim Uichi",CF,1172.32,32.43,34.6,61.84,32.43,35.58,starter,Brookside United,90,0.0,0.0,0.0,0.0,74.5,53.57,0.0,0.0,0.0,0.0,0.0,0.0,0.0,40.88,41.75,0.0,0.0,0.0,0.0,0.0,65.1,56.28,64.3,57.46,39.87,45.81,30.88,21479,30.54,272,85,187,31.25,4,1.47,0,17.62,14,41,11,7,26.83,17.07,1,1,100.0,19,19,100.0,3,1,33.33,6,7,13,1,0,4,0,3.148,0.844,0.537,20.882,6.53,14.36,0.307,0.0,1.353,1.075,1.459,1.459,0.23,0.08,2.56,0.461,0.537,0.998,0.077,0.077,0.08,7.68,2.06,1.31,2.4,0.11,7.68,40.67,59.52,50.13,42.81,56.76,27.61,48.72,77.87,62.82,26.2,59.55,32.1,60.98,44.76,0,0,0,0,0,0,0.0,0.0,0.0,0.0,0.0,74.3,1,2,5,50.35,13,Match_346,2025-04-30T00:59:52.771711+00:00,[],0,41,11,7,272,85,187,37.47,4,0,3.96,3,19,19,3,1,6,7,13,1,1,1,65.56,
"Labrador, Sean",CF,687.87,50.57,55.32,29.58,36.72,68.13,starter,Valley Rovers,57,0.0,0.0,0.0,0.0,37.52,30.03,0.0,0.0,0.0,0.0,0.0,0.0,0.0,73.73,75.17,0.0,0.0,0.0,0.0,0.0,72.08,34.47,49.46,45.09,61.56,36.72,45.24,5935,14.38,367,6,361,1.63,8,2.18,0,22.49,24,42,2,1,4.76,2.38,4,2,50.0,20,12,60.0,5,3,60.0,4,21,0,2,2,0,0,5.495,0.262,0.131,48.018,0.79,47.23,1.047,0.0,2.943,3.14,2.617,1.57,0.654,0.39,7.85,0.523,2.748,0.0,0.262,0.523,0.26,6.54,0.62,0.31,0.21,0.29,7.85,37.28,42.06,27.22,38.41,57.53,38.89,77.51,54.72,78.24,45.13,42.98,75.73,71.52,28.58,0,0,0,0,0,0,0.0,0.0,0.0,0.0,0.0,65.35,4,0,4,66.35,13,Match_336,2025-07-12T03:34:00.772706+00:00,[],0,42,2,1,367,6,361,46.54,8,0,3.7,2,20,12,5,3,4,21,0,2,4,2,87.82,
"Ladines, Marvin",CM,985.14,59.91,23.12,21.45,33.81,56.66,starter,Valley Rovers,38,0.0,0.0,0.0,0.0,47.14,69.08,0.0,0.0,0.0,0.0,0.0,0.0,0.0,54.15,44.22,0.0,0.0,0.0,0.0,0.0,76.85,32.34,48.98,67.56,54.2,54.7,47.95,21140,35.76,454,454,0,100.0,1,0.22,0,15.58,19,7,2,3,28.57,42.86,1,1,100.0,18,8,44.44,17,15,88.24,2,10,17,2,3,1,0,0.64,0.183,0.274,41.476,41.48,43.58,0.091,0.0,1.423,1.736,1.644,0.731,1.553,1.37,8.06,0.183,0.914,1.553,0.183,0.091,0.09,9.14,2.61,3.92,9.14,0.02,4.06,28.04,37.56,53.33,70.45,76.62,76.85,66.45,31.58,58.71,72.85,61.6,75.59,61.92,36.18,0,0,0,0,0,0,0.0,0.0,0.0,0.0,0.0,70.85,3,4,4,43.22,8,Match_120,2025-05-11T23:01:33.773706+00:00,[],0,7,2,3,454,454,0,80.61,1,0,4.9,2,18,8,17,15,2,10,17,2,1,1,66.26,
"Diola, Ezekiel",LW,400.67,33.32,78.64,52.42,44.33,63.43,starter,San Beda University,66,0.0,0.0,0.0,0.0,65.7,58.88,0.0,0.0,0.0,0.0,0.0,0.0,0.0,39.27,56.58,0.0,0.0,0.0,0.0,0.0,71.43,34.76,32.1,35.21,45.67,79.71,44.77,1262,5.25,146,124,22,84.93,2,1.37,0,20.16,6,8,2,1,25.0,12.5,8,6,75.0,10,6,60.0,7,2,28.57,1,4,1,0,1,1,0,1.797,0.449,0.225,32.795,27.85,4.94,0.449,0.0,4.528,1.348,2.246,1.348,1.572,0.45,6.42,0.225,0.898,0.225,0.0,1.797,1.35,16.85,5.62,2.81,19.08,0.31,13.48,58.29,61.84,42.87,71.11,58.41,35.19,75.04,73.44,72.6,55.96,21.44,79.12,75.03,36.8,0,0,0,0,0,0,0.0,0.0,0.0,0.0,0.0,67.6,4,4,3,20.6,16,Match_362,2025-06-30T19:19:15.773706+00:00,[],0,8,2,1,146,124,22,47.48,2,0,4.62,2,10,6,7,2,1,4,1,0,8,6,68.67,
"Ybanez, Moimoi",LWB,1134.76,59.36,70.02,31.46,58.06,26.18,substitute,2 Worlds FC,10,0.0,0.0,0.0,0.0,31.34,38.28,0.0,0.0,0.0,0.0,0.0,0.0,0.0,68.19,73.22,0.0,0.0,0.0,0.0,0.0,49.14,65.59,53.55,79.64,54.03,32.37,59.17,21585,31.7,830,634,196,76.39,31,3.73,7,4.97,58,5,0,0,0.0,0.0,2,2,100.0,34,8,23.53,16,10,62.5,4,19,1,1,3,1,0,0.397,0.0,0.0,65.829,50.28,15.55,2.459,0.555,0.394,4.6,2.697,0.634,1.269,0.79,4.96,0.317,1.507,0.079,0.079,0.159,0.16,7.93,46.85,75.8,6.06,0.3,1.87,50.9,33.03,38.62,39.18,50.34,31.83,57.47,20.72,75.33,50.98,39.07,36.91,26.6,70.45,0,0,0,0,0,0,0.0,0.0,0.0,0.0,0.0,51.44,2,4,5,88.48,7,Match_267,2025-07-30T21:24:59.774706+00:00,[],0,5,0,0,830,634,196,30.37,31,7,0.13,5,34,8,16,10,4,19,1,1,2,2,21.82,
"Barro, Harvy",RB,1204.33,57.18,24.02,40.87,39.63,62.34,starter,Mapúa University,46,0.0,0.0,0.0,0.0,75.61,78.97,0.0,0.0,0.0,0.0,0.0,0.0,0.0,32.96,39.23,0.0,0.0,0.0,0.0,0.0,68.13,65.69,57.62,58.22,36.99,35.46,51.65,12337,17.07,630,408,222,64.76,6,0.95,3,28.15,11,18,5,1,27.78,5.56,14,12,85.71,102,40,39.22,8,6,75.0,3,12,17,2,1,3,0,1.345,0.374,0.075,47.08,30.49,16.59,0.448,0.224,2.104,0.822,7.622,2.989,0.598,0.45,5.6,0.224,0.897,1.27,0.149,1.046,0.9,6.41,2.08,0.42,4.84,0.07,2.93,52.73,34.81,77.11,79.24,54.71,55.6,65.67,29.79,29.55,44.01,28.52,48.09,66.61,48.92,0,0,0,0,0,0,0.0,0.0,0.0,0.0,0.0,67.15,3,2,3,78.53,19,Match_339,2025-02-10T13:09:09.774706+00:00,[],0,18,5,1,630,408,222,54.46,6,3,4.21,5,102,40,8,6,3,12,17,2,14,12,54.71,
"Garcia, Hugo",LWB,928.91,31.25,63.32,20.48,47.4,69.72,substitute,Brookside United,61,0.0,0.0,0.0,0.0,70.62,61.6,0.0,0.0,0.0,0.0,0.0,0.0,0.0,69.31,77.86,0.0,0.0,0.0,0.0,0.0,45.25,45.15,34.0,58.39,61.84,42.42,72.62,3665,6.58,543,354,189,65.19,17,3.13,2,4.22,28,9,3,1,33.33,11.11,6,5,83.33,67,58,86.57,0,0,57.09,5,14,1,0,3,2,0,0.872,0.291,0.097,52.61,34.3,18.31,1.647,0.194,0.409,2.713,6.491,5.619,0.0,64.81,5.53,0.484,1.356,0.097,0.0,0.581,0.48,8.07,3.23,1.08,6.32,0.3,8.39,53.33,62.9,30.02,49.03,48.51,47.35,64.81,65.34,27.25,65.6,37.55,39.14,61.6,48.84,0,0,0,0,0,0,0.0,0.0,0.0,0.0,0.0,71.34,0,4,3,52.74,11,Match_333,2025-06-01T21:48:35.775706+00:00,[],0,9,3,1,543,354,189,37.12,17,2,1.8,5,67,58,0,0,5,14,1,0,6,5,31.52,
"Garces, Josh",CDM,751.94,27.03,56.56,60.88,51.44,34.07,substitute,Riverside FC,38,0.0,0.0,0.0,0.0,60.11,62.27,0.0,0.0,0.0,0.0,0.0,0.0,0.0,46.79,47.46,0.0,0.0,0.0,0.0,0.0,71.79,53.69,74.45,58.4,35.03,32.35,56.56,3357,7.44,654,339,315,51.83,14,2.14,2,10.72,48,8,2,0,25.0,0.0,11,6,54.55,15,8,53.33,10,6,60.0,3,9,1,2,1,1,0,0.958,0.239,0.0,78.278,40.58,37.7,1.676,0.239,1.283,5.745,1.795,0.958,1.197,0.72,7.18,0.359,1.077,0.12,0.239,1.317,0.72,6.53,2.99,37.65,6.2,0.26,6.38,37.25,35.96,21.05,62.8,29.14,76.17,70.38,76.7,79.18,42.79,62.76,31.78,47.53,32.02,0,0,0,0,0,0,0.0,0.0,0.0,0.0,0.0,56.6,4,4,1,86.78,6,Match_65,2025-07-07T20:32:44.776705+00:00,[],0,8,2,0,654,339,315,64.28,14,2,2.08,6,15,8,10,6,3,9,1,2,11,6,28.88,
"Ladines, Marvin",ST,949.69,47.79,53.38,71.23,33.24,37.34,starter,2 Worlds FC,77,0.0,0.0,0.0,0.0,56.94,78.03,0.0,0.0,0.0,0.0,0.0,0.0,0.0,65.7,63.41,0.0,0.0,0.0,0.0,0.0,73.54,74.86,32.15,55.47,37.78,70.28,36.19,2038,3.58,511,451,60,88.26,13,2.54,1,28.69,45,17,2,1,11.76,5.88,13,8,61.54,28,14,50.0,25,8,32.0,5,14,13,1,2,2,0,1.611,0.19,0.095,48.426,42.74,5.69,1.232,0.095,2.719,4.265,2.653,1.327,2.369,0.76,3.03,0.474,1.327,1.232,0.095,1.232,0.76,5.83,1.11,0.56,8.36,0.24,4.74,50.02,32.42,49.52,25.36,31.21,37.02,44.18,54.21,69.09,43.06,78.22,62.65,75.45,79.1,0,0,0,0,0,0,0.0,0.0,0.0,0.0,0.0,67.44,3,2,3,75.51,9,Match_111,2025-07-28T12:10:42.776705+00:00,[],0,17,2,1,511,451,60,44.75,13,1,3.8,3,28,14,25,8,5,14,13,1,13,8,65.9,
"Barro, Harvy",CAM,1091.33,66.2,49.73,26.87,77.26,32.18,substitute,Mapúa University,27,0.0,0.0,0.0,0.0,31.21,38.75,0.0,0.0,0.0,0.0,0.0,0.0,0.0,38.95,64.67,0.0,0.0,0.0,0.0,0.0,31.49,59.76,40.27,64.2,45.53,48.18,54.1,5646,8.62,572,99,473,17.31,9,1.57,1,17.55,39,11,1,2,9.09,18.18,20,1,5.0,21,3,14.29,16,11,68.75,5,23,10,1,3,1,0,0.907,0.082,0.165,47.172,8.16,39.01,0.742,0.082,1.447,3.216,1.732,0.247,1.319,0.91,5.67,0.412,1.897,0.825,0.082,1.649,0.08,0.41,0.75,1.5,1.43,0.13,1.18,23.42,58.7,63.53,79.3,39.22,45.25,59.33,33.02,55.9,65.76,73.81,68.71,25.36,23.49,0,0,0,0,0,0,0.0,0.0,0.0,0.0,0.0,35.43,3,2,4,34.49,16,Match_101,2025-01-30T11:23:18.777705+00:00,[],0,11,1,2,572,99,473,72.92,9,1,3.5,4,21,3,16,11,5,23,10,1,20,1,56.76,
"Garcia, Nico",CF,984.89,58.72,45.75,24.01,71.18,71.91,substitute,Far Eastern University,18,0.0,0.0,0.0,0.0,36.46,47.66,0.0,0.0,0.0,0.0,0.0,0.0,0.0,48.21,59.77,0.0,0.0,0.0,0.0,0.0,57.43,79.18,58.21,70.22,34.26,75.88,52.4,14775,25.0,665,458,207,68.87,11,1.65,1,15.64,1,21,4,1,19.05,4.76,5,3,60.0,9,5,55.56,24,12,50.0,6,21,0,2,1,1,0,1.919,0.366,0.091,60.768,41.85,18.92,1.005,0.091,1.429,0.091,0.822,0.457,2.193,1.1,4.57,0.548,1.919,0.0,0.183,0.457,0.27,5.48,1.74,0.43,6.29,0.15,5.08,54.32,66.79,73.65,78.88,66.15,70.81,72.31,74.68,33.22,79.61,71.79,25.3,78.77,60.85,0,0,0,0,0,0,0.0,0.0,0.0,0.0,0.0,58.26,3,4,5,72.97,3,Match_73,2025-08-17T10:57:22.778705+00:00,[],0,21,4,1,665,458,207,31.69,11,1,1.48,1,9,5,24,12,6,21,0,2,5,3,82.94,
"Amador, Roniel",LW,1212.45,33.07,75.46,30.31,29.53,45.51,starter,Harborview United,82,0.0,0.0,0.0,0.0,69.62,45.34,0.0,0.0,0.0,0.0,0.0,0.0,0.0,68.9,70.9,0.0,0.0,0.0,0.0,0.0,46.11,58.56,78.69,37.64,31.96,73.74,72.33,16171,22.23,313,258,55,82.43,6,1.92,1,6.76,9,57,15,3,26.32,5.26,13,5,38.46,21,2,9.52,10,10,100.0,2,26,8,1,1,3,0,4.231,1.113,0.223,23.234,19.15,4.08,0.445,0.074,0.502,0.668,1.559,0.148,0.742,0.74,7.42,0.148,1.93,0.594,0.074,0.965,0.37,2.85,1.95,0.39,6.12,0.14,0.71,46.1,50.88,61.47,20.67,61.95,31.68,58.61,25.14,43.71,69.02,30.14,53.02,58.45,60.56,0,0,0,0,0,0,0.0,0.0,0.0,0.0,0.0,31.5,4,2,3,77.79,16,Match_180,2025-09-11T05:42:16.778705+00:00,[],0,57,15,3,313,258,55,86.33,6,1,0.57,4,21,2,10,10,2,26,8,1,13,5,44.78,
"Salingay, Sam",RW,819.41,68.37,41.06,25.57,51.97,24.82,DNP,Hillcrest Athletic,46,0.0,0.0,0.0,0.0,40.94,78.14,0.0,0.0,0.0,0.0,0.0,0.0,0.0,49.0,57.47,0.0,0.0,0.0,0.0,0.0,39.65,64.25,79.59,75.27,54.1,52.45,48.09,16924,34.42,433,246,187,56.81,8,1.85,1,7.67,19,25,8,1,32.0,4.0,14,5,35.71,23,3,13.04,8,5,62.5,3,16,4,1,1,0,0,2.746,0.879,0.11,47.559,27.02,20.54,0.879,0.11,0.842,2.087,2.526,0.33,0.879,0.55,6.86,0.33,1.757,0.439,0.11,1.538,0.55,3.92,3.51,0.44,6.24,0.2,1.43,26.85,78.62,51.53,22.36,72.38,41.66,22.62,63.1,31.02,36.19,62.24,30.86,76.87,53.67,0,0,0,0,0,0,0.0,0.0,0.0,0.0,0.0,57.68,1,2,4,31.58,6,Match_362,2025-11-18T08:31:18.779706+00:00,[],0,25,8,1,433,246,187,86.76,8,1,3.8,1,23,3,8,5,3,16,4,1,14,5,68.93,
"Barro, Harvy",LB,808.2,70.23,59.07,45.41,35.57,68.3,substitute,Summit Peak FC,23,0.0,0.0,0.0,0.0,65.83,51.16,0.0,0.0,0.0,0.0,0.0,0.0,0.0,43.06,59.42,0.0,0.0,0.0,0.0,0.0,66.14,38.86,59.36,72.68,70.76,65.95,64.33,16286,33.58,15,5,10,33.33,0,0.0,0,10.65,0,4,1,0,25.0,0.0,6,4,66.67,60,48,80.0,26,6,23.08,2,19,4,1,1,0,0,0.445,0.111,0.0,1.67,0.56,1.11,0.0,0.0,1.186,0.0,6.682,5.345,2.895,0.67,2.57,0.223,2.116,0.445,0.111,0.668,0.45,7.42,2.78,75.66,3.71,38.32,8.91,47.07,34.35,76.71,64.09,37.3,21.49,68.54,49.69,66.91,25.52,58.52,36.63,43.46,59.8,0,0,0,0,0,0,0.0,0.0,0.0,0.0,0.0,45.25,1,0,5,50.13,14,Match_69,2025-03-15T13:45:35.779706+00:00,[],0,4,1,0,15,5,10,43.92,0,0,1.63,5,60,48,26,6,2,19,4,1,6,4,47.13,
"Espana, Dave",LW,1039.01,66.49,51.06,34.42,21.76,59.78,starter,Riverside FC,51,0.0,0.0,0.0,0.0,79.05,56.52,0.0,0.0,0.0,0.0,0.0,0.0,0.0,73.42,32.02,0.0,0.0,0.0,0.0,0.0,54.13,40.82,69.24,48.13,33.71,58.16,59.31,19244,30.87,585,164,421,28.03,20,3.42,2,26.53,26,30,5,1,16.67,3.33,18,3,16.67,19,19,100.0,22,22,100.0,10,11,6,2,2,1,0,2.599,0.433,0.087,50.673,14.21,36.47,1.732,0.173,2.298,2.252,1.646,1.646,1.906,1.91,8.66,0.866,0.953,0.52,0.173,1.559,0.26,1.44,1.44,0.29,2.43,0.3,8.66,47.64,41.9,48.26,75.46,74.07,37.44,29.54,73.03,44.51,68.25,53.65,59.41,58.93,38.05,0,0,0,0,0,0,0.0,0.0,0.0,0.0,0.0,34.19,2,6,0,47.07,19,Match_299,2025-08-14T05:29:28.780705+00:00,[],0,30,5,1,585,164,421,75.15,20,2,4.78,2,19,19,22,22,10,11,6,2,18,3,75.25,
"Ybanez, Moimoi",LW,1305.19,56.44,61.14,34.5,75.52,23.81,substitute,City United,86,0.0,0.0,0.0,0.0,71.9,75.05,0.0,0.0,0.0,0.0,0.0,0.0,0.0,46.31,73.13,0.0,0.0,0.0,0.0,0.0,50.42,65.15,75.66,61.51,49.96,64.19,50.01,19842,25.34,1044,180,864,17.24,9,0.86,0,23.52,10,9,2,1,22.22,11.11,1,1,100.0,34,26,76.47,35,19,54.29,7,9,0,1,1,2,0,0.621,0.138,0.069,71.99,12.41,59.58,0.621,0.0,1.622,0.69,2.344,1.793,2.413,1.31,3.74,0.483,0.621,0.0,0.069,0.069,0.07,6.9,1.53,0.77,1.19,0.06,5.27,28.26,53.55,41.07,41.26,60.6,61.35,58.16,37.99,40.61,59.48,77.57,25.65,32.58,33.62,0,0,0,0,0,0,0.0,0.0,0.0,0.0,0.0,71.05,2,6,2,35.67,12,Match_104,2025-03-25T06:37:19.781706+00:00,[],0,9,2,1,1044,180,864,60.27,9,0,4.28,2,34,26,35,19,7,9,0,1,1,1,58.6,
"Ebrada, Zraim Uichi",CB,874.81,66.19,57.55,55.08,39.45,24.7,DNP,Summit Peak FC,78,0.0,0.0,0.0,0.0,49.61,38.09,0.0,0.0,0.0,0.0,0.0,0.0,0.0,52.65,52.05,0.0,0.0,0.0,0.0,0.0,74.31,30.25,68.51,72.74,65.36,71.61,60.2,5643,10.75,758,601,157,79.29,18,2.37,2,6.26,22,16,6,0,37.5,0.0,7,4,57.14,30,18,60.0,23,11,47.83,3,11,6,1,2,1,0,1.646,0.617,0.0,77.983,61.83,16.15,1.852,0.206,0.644,2.263,3.086,1.852,2.366,1.13,4.92,0.309,1.132,0.617,0.103,0.72,0.41,5.88,3.86,37.11,8.16,0.24,6.17,59.93,75.39,40.64,41.45,65.35,33.2,47.23,21.88,65.89,28.14,31.19,70.71,44.94,31.99,0,0,0,0,0,0,0.0,0.0,0.0,0.0,0.0,78.63,1,4,0,57.23,1,Match_17,2025-08-13T09:42:32.781706+00:00,[],0,16,6,0,758,601,157,44.1,18,2,1.08,2,30,18,23,11,3,11,6,1,7,4,71.64,
"Ebrada, Zraim Uichi",CB,738.78,40.54,21.95,39.8,56.93,55.41,starter,Coastal Town,8,0.0,0.0,0.0,0.0,38.83,70.55,0.0,0.0,0.0,0.0,0.0,0.0,0.0,58.88,62.72,0.0,0.0,0.0,0.0,0.0,60.72,40.58,38.16,52.58,45.64,74.69,65.02,8956,20.2,483,96,387,19.88,19,3.93,1,5.49,6,3,0,0,0.0,0.0,7,4,57.14,22,16,72.73,12,1,8.33,3,20,8,1,1,1,0,0.365,0.0,0.0,58.84,11.69,47.15,2.315,0.122,0.669,0.731,2.68,1.949,1.462,0.12,1.01,0.365,2.436,0.975,0.122,0.853,0.49,6.96,78.55,45.92,2.42,0.48,8.86,28.57,69.25,74.86,62.23,45.13,33.65,68.23,76.86,77.14,32.92,66.9,69.67,51.86,53.36,0,0,0,0,0,0,0.0,0.0,0.0,0.0,0.0,50.78,3,4,1,64.95,6,Match_166,2025-01-28T03:51:26.782711+00:00,[],0,3,0,0,483,96,387,32.14,19,1,2.69,6,22,16,12,1,3,20,8,1,7,4,78.73,
"Pormento, Edzon",RWB,1088.74,43.63,74.92,25.07,22.29,59.19,starter,Riverstone FC,79,0.0,0.0,0.0,0.0,67.82,50.93,0.0,0.0,0.0,0.0,0.0,0.0,0.0,39.09,42.9,0.0,0.0,0.0,0.0,0.0,33.05,47.94,73.28,33.42,45.37,35.47,49.03,9424,14.43,938,602,336,64.18,22,2.35,4,21.82,52,15,3,1,20.0,6.67,7,2,28.57,35,13,37.14,22,10,45.45,4,17,13,2,2,2,0,1.24,0.248,0.083,77.539,49.76,27.78,1.819,0.331,1.804,4.299,2.893,1.075,1.819,0.83,3.76,0.331,1.405,1.075,0.165,0.579,0.17,2.36,1.65,0.55,5.31,0.19,3.07,29.41,78.88,49.03,27.12,58.55,39.24,44.48,61.0,26.88,60.39,48.06,27.59,74.19,77.6,0,0,0,0,0,0,0.0,0.0,0.0,0.0,0.0,38.2,6,4,2,62.56,19,Match_296,2025-04-28T16:56:43.783707+00:00,[],0,15,3,1,938,602,336,66.89,22,4,0.49,4,35,13,22,10,4,17,13,2,7,2,42.72,
"Garces, Josh",ST,1335.64,27.56,68.53,30.65,27.86,58.77,starter,Mapúa University,41,0.0,0.0,0.0,0.0,61.3,58.75,0.0,0.0,0.0,0.0,0.0,0.0,0.0,52.17,71.61,0.0,0.0,0.0,0.0,0.0,75.93,33.16,43.22,46.85,66.83,53.51,56.78,2481,3.1,780,477,303,61.15,27,3.46,3,24.51,27,68,18,1,26.47,1.47,25,5,20.0,35,33,94.29,28,9,32.14,5,27,7,1,3,3,0,4.582,1.213,0.067,52.559,32.14,20.42,1.819,0.202,1.652,1.819,2.358,2.224,1.887,0.61,2.17,0.337,1.819,0.472,0.067,1.685,0.34,1.35,1.78,0.1,4.12,0.23,6.35,64.54,51.24,53.63,53.3,22.05,32.78,76.41,58.28,72.83,30.21,38.97,43.99,65.67,22.83,0,0,0,0,0,0,0.0,0.0,0.0,0.0,0.0,53.31,6,3,3,24.66,6,Match_114,2025-01-11T02:53:33.783707+00:00,[],0,68,18,1,780,477,303,53.07,27,3,2.65,3,35,33,28,9,5,27,7,1,25,5,41.33,
"Abellana, Marco",CAM,1015.77,33.69,66.26,64.41,61.11,24.61,starter,Summit Peak FC,31,0.0,0.0,0.0,0.0,35.39,73.69,0.0,0.0,0.0,0.0,0.0,0.0,0.0,78.92,74.39,0.0,0.0,0.0,0.0,0.0,53.63,32.54,61.72,77.65,56.5,73.33,70.77,14752,24.2,306,29,277,9.48,6,1.96,1,5.11,10,14,3,1,21.43,7.14,25,15,60.0,34,15,44.12,9,3,33.33,3,15,8,0,3,1,0,1.24,0.266,0.089,27.112,2.57,24.54,0.532,0.089,0.453,0.886,3.012,1.329,0.797,0.27,2.95,0.266,1.329,0.709,0.0,2.215,1.33,5.32,1.9,0.63,0.84,0.17,3.91,65.14,43.2,27.29,66.78,44.66,44.92,20.54,52.25,60.6,60.81,58.91,62.08,79.42,64.3,0,0,0,0,0,0,0.0,0.0,0.0,0.0,0.0,31.73,6,4,2,36.37,2,Match_362,2025-02-19T08:55:01.784706+00:00,[],0,14,3,1,306,29,277,64.41,6,1,1.1,2,34,15,9,3,3,15,8,0,25,15,85.81,
"Legara, Ezralph",CDM,848.34,44.77,40.31,69.36,56.0,47.21,substitute,Far Eastern University,79,0.0,0.0,0.0,0.0,63.42,34.52,0.0,0.0,0.0,0.0,0.0,0.0,0.0,68.37,73.08,0.0,0.0,0.0,0.0,0.0,78.63,56.28,70.79,39.34,49.91,40.88,75.98,14614,28.71,812,312,500,38.42,17,2.09,3,9.39,35,16,8,1,50.0,6.25,11,11,100.0,20,14,70.0,18,6,33.33,4,8,7,1,3,1,0,1.697,0.849,0.106,86.145,33.1,53.04,1.804,0.318,0.996,3.713,2.122,1.485,1.91,0.64,3.54,0.424,0.849,0.743,0.106,1.167,1.17,10.61,5.3,0.66,4.08,0.22,7.43,49.91,34.18,46.77,61.06,26.98,65.31,50.06,44.92,28.48,45.54,55.08,44.05,28.07,44.1,0,0,0,0,0,0,0.0,0.0,0.0,0.0,0.0,61.67,4,5,6,55.3,20,Match_67,2025-11-18T01:28:51.785706+00:00,[],0,16,8,1,812,312,500,69.2,17,3,4.8,5,20,14,18,6,4,8,7,1,11,11,85.62,
"Acebedo, James",LW,812.8,39.78,33.61,56.06,79.42,64.23,substitute,City United,24,0.0,0.0,0.0,0.0,76.12,66.65,0.0,0.0,0.0,0.0,0.0,0.0,0.0,64.47,70.91,0.0,0.0,0.0,0.0,0.0,58.61,79.54,61.65,44.73,36.22,47.75,33.57,9809,20.11,314,89,225,28.34,5,1.59,1,9.9,20,5,1,0,20.0,0.0,20,7,35.0,8,6,75.0,12,8,66.67,3,12,1,1,1,1,0,0.554,0.111,0.0,34.769,9.85,24.91,0.554,0.111,1.096,2.215,0.886,0.664,1.329,0.89,7.38,0.332,1.329,0.111,0.111,2.215,0.78,3.88,2.21,30.78,3.14,0.18,8.3,32.43,75.38,35.72,21.63,35.02,38.79,52.32,53.92,55.59,74.14,75.62,32.99,53.07,66.76,0,0,0,0,0,0,0.0,0.0,0.0,0.0,0.0,74.17,1,2,6,35.38,4,Match_377,2025-07-25T16:35:10.785706+00:00,[],0,5,1,0,314,89,225,64.75,5,1,1.71,4,8,6,12,8,3,12,1,1,20,7,55.06,
"Mapula, Paul Vincent",CB,587.79,27.67,69.64,40.08,46.89,56.77,DNP,Metro FC,84,0.0,0.0,0.0,0.0,43.48,59.59,0.0,0.0,0.0,0.0,0.0,0.0,0.0,38.26,62.67,0.0,0.0,0.0,0.0,0.0,65.37,46.47,44.57,65.66,50.87,71.86,71.89,2261,6.41,329,58,271,17.63,9,2.74,1,23.18,5,5,4,0,80.0,0.0,4,2,50.0,11,2,18.18,4,4,100.0,2,11,2,0,0,2,0,0.766,0.612,0.0,50.375,8.88,41.49,1.378,0.153,3.549,0.766,1.684,0.306,0.612,0.61,15.31,0.306,1.684,0.306,0.0,0.612,0.31,7.66,12.25,62.39,2.7,0.42,2.78,67.4,63.63,59.37,69.96,48.62,37.09,56.86,57.46,23.41,29.67,72.09,26.39,27.45,36.75,0,0,0,0,0,0,0.0,0.0,0.0,0.0,0.0,51.5,1,3,1,43.97,10,Match_15,2025-01-16T01:11:59.786706+00:00,[],0,5,4,0,329,58,271,70.03,9,1,2.63,4,11,2,4,4,2,11,2,0,4,2,53.5,
"Moleje, Josh",CDM,1010.84,66.96,32.68,71.18,62.63,58.9,starter,De La Salle University,74,0.0,0.0,0.0,0.0,56.66,66.18,0.0,0.0,0.0,0.0,0.0,0.0,0.0,30.81,56.31,0.0,0.0,0.0,0.0,0.0,32.61,61.32,45.32,76.9,58.98,69.7,75.08,17001,28.03,1331,1331,0,100.0,19,1.43,1,7.13,59,10,1,1,10.0,10.0,10,4,40.0,36,16,44.44,11,4,36.36,4,17,15,3,1,1,0,0.89,0.089,0.089,118.505,100.0,72.51,1.692,0.089,0.635,5.253,3.205,1.425,0.979,0.36,3.24,0.356,1.514,1.336,0.267,0.89,0.36,3.56,0.89,0.89,8.9,0.13,3.96,73.22,23.21,51.82,76.87,61.86,26.83,32.43,69.4,49.98,45.56,49.63,31.31,61.0,30.3,0,0,0,0,0,0,0.0,0.0,0.0,0.0,0.0,76.73,1,3,4,71.15,4,Match_23,2025-08-13T02:39:11.786706+00:00,[],0,10,1,1,1331,1331,0,44.8,19,1,1.39,2,36,16,11,4,4,17,15,3,10,4,77.44,
"Soria, Stephen",RWB,1235.76,56.61,28.73,39.33,77.66,40.52,DNP,Adamson University,78,0.0,0.0,0.0,0.0,71.92,33.4,0.0,0.0,0.0,0.0,0.0,0.0,0.0,53.03,42.04,0.0,0.0,0.0,0.0,0.0,66.46,76.56,69.82,48.48,73.68,54.71,75.73,18412,24.83,901,570,331,63.26,11,1.22,2,7.16,69,9,2,0,22.22,0.0,13,8,61.54,29,21,72.41,20,13,65.0,11,23,3,0,2,1,0,0.655,0.146,0.0,65.62,41.51,24.11,0.801,0.146,0.521,5.025,2.112,1.529,1.457,0.95,4.73,0.801,1.675,0.218,0.0,0.947,0.58,4.48,1.62,30.3,4.61,0.09,5.27,46.28,36.34,70.02,62.03,31.06,53.46,72.69,57.76,70.58,74.19,69.89,69.92,72.06,73.88,0,0,0,0,0,0,0.0,0.0,0.0,0.0,0.0,42.38,3,5,0,54.01,11,Match_390,2025-10-14T04:08:13.787706+00:00,[],0,9,2,0,901,570,331,42.67,11,2,1.01,5,29,21,20,13,11,23,3,0,13,8,82.83,
"Santos, Aris",CAM,648.9,70.73,21.93,79.12,56.68,71.97,starter,Eastview Rangers,36,0.0,0.0,0.0,0.0,56.45,42.17,0.0,0.0,0.0,0.0,0.0,0.0,0.0,51.63,48.94,0.0,0.0,0.0,0.0,0.0,49.35,45.38,54.88,73.58,47.09,65.63,79.6,4978,12.79,156,156,0,100.0,4,2.56,0,9.89,6,9,2,0,22.22,0.0,5,1,20.0,3,1,33.33,12,6,50.0,2,10,7,1,1,1,0,1.248,0.277,0.0,21.637,21.64,79.7,0.555,0.0,1.372,0.832,0.416,0.139,1.664,0.83,6.93,0.277,1.387,0.971,0.139,0.693,0.14,2.77,3.08,42.2,13.87,0.36,4.62,62.16,47.65,58.16,73.52,39.72,76.74,75.54,45.11,50.49,23.99,32.37,77.78,48.23,76.06,0,0,0,0,0,0,0.0,0.0,0.0,0.0,0.0,68.52,8,4,4,32.51,12,Match_221,2025-07-09T02:31:29.788706+00:00,[],0,9,2,0,156,156,0,87.41,4,0,3.09,1,3,1,12,6,2,10,7,1,5,1,51.1,
"Lopez, Harvy",LW,962.28,43.39,61.86,38.46,44.68,62.09,substitute,National University,97,0.0,0.0,0.0,0.0,44.03,75.07,0.0,0.0,0.0,0.0,0.0,0.0,0.0,46.12,62.4,0.0,0.0,0.0,0.0,0.0,68.19,35.03,43.88,67.09,44.82,58.99,71.57,20766,35.97,361,312,49,86.43,9,2.49,1,20.54,12,40,23,7,57.5,17.5,28,10,35.71,2,2,100.0,11,6,54.55,8,10,6,1,1,1,0,3.741,2.151,0.655,33.764,29.18,4.58,0.842,0.094,1.921,1.122,0.187,0.187,1.029,0.56,5.1,0.748,0.935,0.561,0.094,2.619,0.94,3.34,5.38,1.64,8.08,0.23,9.35,76.28,27.08,64.15,45.55,23.91,40.18,79.38,20.48,68.16,37.1,38.54,41.09,57.26,57.2,0,0,0,0,0,0,0.0,0.0,0.0,0.0,0.0,69.58,0,2,3,27.71,12,Match_202,2025-11-01T13:31:25.788706+00:00,[],0,40,23,7,361,312,49,33.33,9,1,3.55,3,2,2,11,6,8,10,6,1,28,10,88.42,
"Tagara, Pedro",RW,796.12,29.64,23.93,69.36,66.95,31.51,starter,Northbridge FC,33,0.0,0.0,0.0,0.0,74.79,31.24,0.0,0.0,0.0,0.0,0.0,0.0,0.0,53.15,37.25,0.0,0.0,0.0,0.0,0.0,53.79,67.73,40.41,72.86,70.68,40.58,39.86,16788,35.15,402,68,334,16.92,4,1.0,0,10.19,14,25,17,1,68.0,4.0,25,19,76.0,1,1,100.0,6,2,33.33,2,11,7,1,2,2,0,2.826,1.922,0.113,45.445,7.69,37.76,0.452,0.0,1.152,1.583,0.113,0.113,0.678,0.23,3.77,0.226,1.244,0.791,0.113,2.826,2.15,8.59,7.69,0.45,1.91,0.11,11.3,60.61,70.15,67.58,67.01,38.33,36.83,57.86,28.93,20.13,45.48,30.66,64.68,36.21,31.48,0,0,0,0,0,0,0.0,0.0,0.0,0.0,0.0,79.05,2,3,3,32.85,10,Match_104,2025-01-19T14:43:30.789706+00:00,[],0,25,17,1,402,68,334,84.42,4,0,2.49,0,1,1,6,2,2,11,7,1,25,19,84.82,
"Perez, Nico",CF,615.27,38.6,79.13,48.78,57.89,20.5,substitute,City United,78,0.0,0.0,0.0,0.0,76.08,31.56,0.0,0.0,0.0,0.0,0.0,0.0,0.0,30.11,35.46,0.0,0.0,0.0,0.0,0.0,55.0,51.03,60.61,76.36,48.83,37.4,37.9,10834,29.35,402,186,216,46.27,5,1.24,1,11.14,13,32,2,1,6.25,3.12,2,1,50.0,20,13,65.0,8,1,12.5,2,8,5,0,2,1,0,4.681,0.293,0.146,58.803,27.21,31.6,0.731,0.146,1.63,1.902,2.926,1.902,1.17,0.15,1.83,0.293,1.17,0.731,0.0,0.293,0.15,7.31,0.91,0.46,6.77,0.18,9.51,54.16,68.4,56.3,77.61,37.0,32.57,56.06,70.37,48.22,39.69,35.52,27.48,52.97,32.08,0,0,0,0,0,0,0.0,0.0,0.0,0.0,0.0,62.86,4,2,2,29.23,13,Match_203,2025-05-30T03:13:20.790706+00:00,[],0,32,2,1,402,186,216,24.52,5,1,1.88,2,20,13,8,1,2,8,5,0,2,1,58.37,
"Alonzo, Kaye",CM,928.46,66.46,45.13,63.67,20.0,40.32,starter,Metro FC,62,0.0,0.0,0.0,0.0,33.88,73.31,0.0,0.0,0.0,0.0,0.0,0.0,0.0,51.98,37.89,0.0,0.0,0.0,0.0,0.0,44.31,36.57,33.67,70.2,66.28,61.43,57.7,6096,10.94,956,317,639,33.16,34,3.56,6,23.75,37,16,1,1,6.25,6.25,6,3,50.0,0,0,63.78,6,2,33.33,0,5,14,3,1,3,0,1.551,0.097,0.097,92.67,30.73,61.94,3.296,0.582,2.302,3.587,0.0,0.0,0.582,0.19,3.23,0.0,0.485,1.357,0.291,0.582,0.29,4.85,0.61,0.61,3.21,0.35,6.18,52.57,50.31,76.62,61.17,43.06,59.73,35.65,73.21,60.99,32.26,61.66,78.18,42.08,73.26,0,0,0,0,0,0,0.0,0.0,0.0,0.0,0.0,59.16,5,2,1,50.29,17,Match_311,2025-05-27T09:07:58.790706+00:00,[],0,16,1,1,956,317,639,28.36,34,6,0.57,4,0,0,6,2,0,5,14,3,6,3,66.74,
"Alonzo, Kaye",CM,761.73,50.71,67.38,57.75,65.64,34.96,starter,Goldenfield Rovers,39,0.0,0.0,0.0,0.0,57.6,42.87,0.0,0.0,0.0,0.0,0.0,0.0,0.0,62.44,67.62,0.0,0.0,0.0,0.0,0.0,34.27,77.37,58.16,70.28,55.13,40.01,48.15,12641,27.66,525,431,94,82.1,7,1.33,1,24.97,21,9,4,1,44.44,11.11,10,1,10.0,18,7,38.89,12,12,100.0,6,11,4,1,2,1,0,1.063,0.473,0.118,62.03,50.92,11.11,0.827,0.118,2.95,2.481,2.127,0.827,1.418,1.42,11.82,0.709,1.3,0.473,0.118,1.182,0.12,1.18,5.25,1.31,9.7,0.16,4.59,58.81,54.38,65.52,44.43,53.56,23.11,43.12,39.38,41.05,21.14,70.39,21.3,24.77,65.85,0,0,0,0,0,0,0.0,0.0,0.0,0.0,0.0,58.8,3,4,1,27.22,16,Match_294,2025-01-01T08:12:39.791705+00:00,[],0,9,4,1,525,431,94,56.29,7,1,1.13,6,18,7,12,12,6,11,4,1,10,1,64.31,
"Asignar, Josh Rupert",CB,535.75,46.99,45.3,48.61,70.53,74.13,starter,National University,48,0.0,0.0,0.0,0.0,76.11,41.4,0.0,0.0,0.0,0.0,0.0,0.0,0.0,57.05,69.48,0.0,0.0,0.0,0.0,0.0,59.79,71.86,75.55,58.86,77.14,40.4,31.52,6006,18.68,195,186,9,95.38,8,4.1,0,25.16,8,10,1,2,10.0,20.0,4,2,50.0,21,3,14.29,3,2,66.67,4,15,5,0,1,2,0,1.68,0.168,0.336,32.758,31.25,1.51,1.344,0.0,4.227,1.344,3.528,0.504,0.504,0.34,11.2,0.672,2.52,0.84,0.0,0.672,0.34,8.4,1.68,3.36,16.02,0.69,2.4,46.91,33.19,27.44,46.79,36.8,41.44,47.69,45.68,60.51,73.41,43.29,76.59,46.67,38.79,0,0,0,0,0,0,0.0,0.0,0.0,0.0,0.0,33.35,0,2,2,62.59,7,Match_130,2025-03-25T14:03:57.791705+00:00,[],0,10,1,2,195,186,9,20.89,8,0,2.05,2,21,3,3,2,4,15,5,0,4,2,79.0,
"Tabelin, Kirvy",GK,1176.15,54.84,41.04,37.88,24.56,65.26,starter,De La Salle University,40,0.0,0.0,0.0,0.0,57.68,61.03,0.0,0.0,0.0,0.0,0.0,0.0,0.0,70.84,68.43,0.0,0.0,0.0,0.0,0.0,38.68,35.4,38.15,47.6,32.04,60.62,39.66,3929,5.57,236,20,216,8.47,3,1.27,0,28.92,14,8,2,1,25.0,12.5,12,1,8.33,28,9,32.14,20,1,5.0,6,20,9,2,4,2,0,0.612,0.153,0.077,18.059,1.53,16.53,0.23,0.0,2.213,1.071,2.143,0.689,1.53,0.08,0.38,0.459,1.53,0.689,0.153,0.918,0.08,0.64,1.91,0.96,0.65,0.1,2.46,65.99,59.1,32.48,57.32,23.49,21.94,63.06,54.26,36.67,22.01,44.54,43.91,63.56,29.0,9,1,8,11.11,9,8,0.077,0.612,0.689,0.689,0.612,0.85,4,5,4,83.18,20,Match_121,2025-10-11T09:42:29.792706+00:00,[],0,8,2,1,236,20,216,21.88,3,0,3.68,5,28,9,20,1,6,20,9,2,12,1,26.73,
"Labrador, Sean",CB,896.08,69.34,50.14,64.93,46.87,75.75,starter,University of the Philippines,88,0.0,0.0,0.0,0.0,53.22,69.49,0.0,0.0,0.0,0.0,0.0,0.0,0.0,32.82,36.14,0.0,0.0,0.0,0.0,0.0,40.54,64.73,62.36,69.64,78.59,35.06,50.7,2806,5.22,177,17,160,9.6,5,2.82,1,13.69,6,15,9,2,60.0,13.33,8,8,100.0,27,11,40.74,13,3,23.08,8,5,4,3,1,1,0,1.507,0.904,0.201,17.777,1.71,16.07,0.502,0.1,1.375,0.603,2.712,1.105,1.306,0.3,2.32,0.803,0.502,0.402,0.301,0.803,0.8,10.04,6.03,1.34,0.96,0.28,4.09,44.11,24.59,63.81,48.22,45.5,25.58,58.57,58.87,50.67,60.14,36.84,47.69,55.01,43.99,0,0,0,0,0,0,0.0,0.0,0.0,0.0,0.0,59.01,4,3,2,59.38,20,Match_158,2025-05-29T16:24:35.793707+00:00,[],0,15,9,2,177,17,160,33.37,5,1,1.59,1,27,11,13,3,8,5,4,3,8,8,80.35,
"Barro, Bel",CDM,852.39,47.55,34.62,53.11,70.28,35.2,starter,Coastal Town,40,0.0,0.0,0.0,0.0,57.85,40.46,0.0,0.0,0.0,0.0,0.0,0.0,0.0,68.52,70.63,0.0,0.0,0.0,0.0,0.0,54.1,47.17,58.22,58.41,55.38,63.33,58.04,10433,20.4,561,158,403,28.16,2,0.36,0,29.79,2,8,1,0,12.5,0.0,5,4,80.0,41,24,58.54,15,6,40.0,3,28,1,1,1,2,0,0.845,0.106,0.0,59.233,16.68,42.55,0.211,0.0,3.145,0.211,4.329,2.534,1.584,0.63,4.22,0.317,2.956,0.106,0.106,0.528,0.42,8.45,1.32,30.56,2.97,0.04,6.18,63.99,50.02,30.06,47.31,71.88,69.66,20.16,39.64,35.75,26.19,75.8,64.78,60.33,74.98,0,0,0,0,0,0,0.0,0.0,0.0,0.0,0.0,64.29,4,7,2,39.25,11,Match_303,2024-12-10T03:46:49.793707+00:00,[],0,8,1,0,561,158,403,76.21,2,0,3.38,2,41,24,15,6,3,28,1,1,5,4,40.86,
"Merino, Josh",LB,981.32,55.12,40.62,57.36,57.19,68.53,substitute,Coastal Town,71,0.0,0.0,0.0,0.0,42.11,48.28,0.0,0.0,0.0,0.0,0.0,0.0,0.0,43.43,40.56,0.0,0.0,0.0,0.0,0.0,61.56,34.22,35.29,60.41,51.42,64.77,41.01,5135,8.72,425,381,44,89.65,16,3.76,1,23.82,13,5,1,0,20.0,0.0,11,0,0.0,31,20,64.52,3,1,33.33,5,9,1,0,3,1,0,0.459,0.092,0.0,38.978,34.94,4.04,1.467,0.092,2.185,1.192,2.843,1.834,0.275,0.09,3.06,0.459,0.825,0.092,0.0,1.009,70.46,32.09,1.83,56.03,8.22,0.34,5.92,51.35,62.35,60.64,78.41,75.0,78.27,53.24,42.51,41.66,51.13,73.23,71.92,42.61,40.71,0,0,0,0,0,0,0.0,0.0,0.0,0.0,0.0,49.11,3,1,1,60.28,6,Match_147,2025-06-08T21:50:14.794705+00:00,[],0,5,1,0,425,381,44,35.04,16,1,2.69,3,31,20,3,1,5,9,1,0,11,0,49.86,
"Tabelin, Kirvy",CM,1072.66,45.08,31.8,25.03,72.96,41.38,DNP,Lyceum,93,0.0,0.0,0.0,0.0,79.45,58.03,0.0,0.0,0.0,0.0,0.0,0.0,0.0,53.5,59.0,0.0,0.0,0.0,0.0,0.0,39.96,57.36,79.05,74.19,74.25,33.04,55.48,15011,23.32,477,477,0,100.0,7,1.47,1,10.17,3,15,4,1,26.67,6.67,13,1,7.69,5,3,60.0,4,4,100.0,2,17,8,3,2,2,0,1.259,0.336,0.084,40.022,40.02,76.32,0.587,0.084,0.853,0.252,0.42,0.252,0.336,0.34,8.39,0.168,1.426,0.671,0.252,1.091,0.08,0.65,2.24,0.56,8.39,0.12,5.03,31.75,23.24,23.77,33.41,31.39,68.51,37.81,46.99,51.97,60.3,25.99,22.85,79.99,64.42,0,0,0,0,0,0,0.0,0.0,0.0,0.0,0.0,75.13,4,2,4,56.74,18,Match_49,2025-02-20T16:01:07.795706+00:00,[],0,15,4,1,477,477,0,36.96,7,1,3.01,3,5,3,4,4,2,17,8,3,13,1,49.49,
"Apostol, Carlo",ST,190.41,33.0,35.0,68.0,27.41,52.13,substitute,Eastview Rangers,17,0.0,0.0,0.0,0.0,68.16,74.73,0.0,0.0,0.0,0.0,0.0,0.0,0.0,42.99,32.97,0.0,0.0,0.0,0.0,0.0,52.17,33.86,79.48,52.96,66.45,64.15,44.01,803,7.03,83,0,83,0.0,1,1.2,0,9.99,3,3,3,0,100.0,0.0,3,3,100.0,6,3,50.0,3,1,33.33,0,1,1,0,0,1,0,1.418,1.418,0.0,39.231,74.12,39.23,0.473,0.0,4.722,1.418,2.836,1.418,1.418,0.47,15.75,0.0,0.473,0.473,0.0,1.418,1.42,47.27,47.27,43.51,40.46,0.57,23.63,45.04,50.21,27.56,61.22,57.97,49.95,75.67,44.13,59.02,42.86,57.1,66.75,77.28,21.83,0,0,0,0,0,0,0.0,0.0,0.0,0.0,0.0,77.89,1,5,3,56.77,16,Match_65,2025-06-23T12:45:42.795706+00:00,[],0,3,3,0,83,0,83,24.93,1,0,1.71,3,6,3,3,1,0,1,1,0,3,3,24.61,
"Fernandez, Laurence",RWB,627.27,74.79,73.08,68.17,21.38,75.78,substitute,2 Worlds FC,87,0.0,0.0,0.0,0.0,46.17,34.84,0.0,0.0,0.0,0.0,0.0,0.0,0.0,70.04,76.75,0.0,0.0,0.0,0.0,0.0,79.24,63.88,51.03,53.69,43.16,56.44,40.89,4081,10.84,759,498,261,65.61,34,4.48,3,5.08,19,6,3,0,50.0,0.0,2,2,100.0,25,18,72.0,6,2,33.33,4,13,2,1,1,0,0,0.861,0.43,0.0,108.9,71.45,37.45,4.878,0.43,0.729,2.726,3.587,2.583,0.861,0.29,4.78,0.574,1.865,0.287,0.143,0.287,0.29,14.35,7.17,31.39,9.41,0.64,10.33,74.81,76.86,43.97,68.36,22.64,53.15,30.41,76.12,30.92,20.77,66.99,70.83,73.18,35.81,0,0,0,0,0,0,0.0,0.0,0.0,0.0,0.0,69.91,2,1,3,65.29,9,Match_58,2025-07-21T20:03:40.796706+00:00,[],0,6,3,0,759,498,261,34.22,34,3,3.46,2,25,18,6,2,4,13,2,1,2,2,53.36,
"Abellana, Marco",GK,1220.66,67.17,21.38,25.29,25.86,63.61,starter,Far Eastern University,18,0.0,0.0,0.0,0.0,36.71,76.98,0.0,0.0,0.0,0.0,0.0,0.0,0.0,38.8,41.59,0.0,0.0,0.0,0.0,0.0,38.94,42.16,31.45,61.64,66.5,74.33,50.46,5245,7.16,254,4,250,1.57,4,1.57,0,23.9,9,5,2,0,40.0,0.0,17,5,29.41,32,14,43.75,16,9,56.25,0,7,7,1,3,2,0,0.369,0.147,0.0,18.728,0.29,18.43,0.295,0.0,1.762,0.664,2.359,1.032,1.18,0.66,4.15,0.0,0.516,0.516,0.074,1.253,0.37,2.17,2.95,65.81,0.12,0.12,3.23,31.61,42.93,75.33,48.92,55.35,59.92,46.83,72.93,65.22,56.92,32.86,21.0,39.76,65.6,37,23,14,62.16,37,14,1.696,1.032,2.728,2.728,1.032,4.58,1,2,6,32.34,20,Match_59,2025-09-13T03:05:45.796706+00:00,[],0,5,2,0,254,4,250,73.84,4,0,2.88,7,32,14,16,9,0,7,7,1,17,5,65.95,
"Mapula, Paul Joshua",CDM,720.35,63.51,70.08,39.9,61.33,28.95,substitute,Valley Rovers,96,0.0,0.0,0.0,0.0,72.11,79.34,0.0,0.0,0.0,0.0,0.0,0.0,0.0,50.9,55.12,0.0,0.0,0.0,0.0,0.0,62.96,63.74,49.65,63.28,57.25,78.35,71.4,8962,20.74,496,193,303,38.91,9,1.81,0,14.98,18,15,1,1,6.67,6.67,3,2,66.67,43,12,27.91,16,14,87.5,7,9,9,1,0,2,0,1.874,0.125,0.125,61.97,24.11,37.86,1.124,0.0,1.872,2.249,5.372,1.499,1.999,1.75,10.93,0.875,1.124,1.124,0.125,0.375,0.25,8.33,0.83,0.83,4.86,0.23,3.49,73.46,42.05,59.81,59.75,59.81,72.36,29.53,74.37,63.01,74.06,65.61,26.65,33.1,34.73,0,0,0,0,0,0,0.0,0.0,0.0,0.0,0.0,37.48,2,4,3,77.69,2,Match_241,2025-03-20T03:11:04.797706+00:00,[],0,15,1,1,496,193,303,83.33,9,0,4.62,2,43,12,16,14,7,9,9,1,3,2,37.65,
"Ybanez, Moimoi",CB,721.2,56.81,78.24,43.15,73.24,75.71,DNP,De La Salle University,91,0.0,0.0,0.0,0.0,52.97,35.2,0.0,0.0,0.0,0.0,0.0,0.0,0.0,46.57,60.42,0.0,0.0,0.0,0.0,0.0,38.22,52.81,37.78,65.52,73.5,77.0,39.0,4926,11.38,0,0,0,62.8,0,2.99,0,10.18,0,7,3,1,42.86,14.29,8,4,50.0,33,8,24.24,2,1,50.0,4,14,8,1,1,1,0,0.874,0.374,0.125,0.0,37.47,66.68,0.0,0.0,1.27,0.0,4.118,0.998,0.25,0.12,6.24,0.499,1.747,0.998,0.125,0.998,0.5,6.24,5.35,1.78,8.86,0.37,3.02,45.71,39.39,27.22,64.89,27.07,57.03,49.58,35.43,33.44,56.79,41.34,39.1,66.05,66.72,0,0,0,0,0,0,0.0,0.0,0.0,0.0,0.0,68.33,3,5,3,24.64,3,Match_339,2025-08-19T04:50:49.798705+00:00,[],0,7,3,1,0,0,0,21.28,0,0,4.78,4,33,8,2,1,4,14,8,1,8,4,49.1,
"Encaya, Pius",CB,793.59,73.54,36.48,67.62,31.79,38.0,substitute,Hillcrest Athletic,65,0.0,0.0,0.0,0.0,54.31,38.31,0.0,0.0,0.0,0.0,0.0,0.0,0.0,55.83,40.6,0.0,0.0,0.0,0.0,0.0,64.88,68.04,62.59,50.03,75.1,78.89,50.34,15351,32.24,210,186,24,88.57,4,1.9,0,27.15,5,10,0,1,0.0,10.0,2,0,0.0,49,19,38.78,9,1,11.11,3,4,6,1,1,2,0,1.134,0.0,0.113,23.816,21.09,2.72,0.454,0.0,3.079,0.567,5.557,2.155,1.021,0.11,1.26,0.34,0.454,0.68,0.113,0.227,44.29,31.53,64.8,1.13,10.04,0.22,4.4,20.3,70.31,40.02,33.15,64.87,42.48,72.87,43.95,79.21,49.16,75.71,39.58,36.35,72.85,0,0,0,0,0,0,0.0,0.0,0.0,0.0,0.0,40.34,1,4,6,73.79,10,Match_106,2025-03-22T03:53:36.798705+00:00,[],0,10,0,1,210,186,24,56.52,4,0,0.45,4,49,19,9,1,3,4,6,1,2,0,32.06,
"Perez, Pedro",CAM,740.39,49.86,40.41,39.2,28.33,74.85,starter,San Beda University,87,0.0,0.0,0.0,0.0,68.85,35.89,0.0,0.0,0.0,0.0,0.0,0.0,0.0,51.12,63.98,0.0,0.0,0.0,0.0,0.0,42.19,50.71,64.59,43.45,65.49,72.0,60.17,11965,26.93,184,65,119,35.33,0,0.0,0,5.68,3,9,5,1,55.56,11.11,10,4,40.0,25,12,48.0,4,2,50.0,2,12,3,1,1,1,0,1.094,0.608,0.122,22.367,7.9,14.47,0.0,0.0,0.69,0.365,3.039,1.459,0.486,0.24,6.08,0.243,1.459,0.365,0.122,1.216,0.49,4.86,6.75,1.35,4.29,38.46,5.83,43.18,45.01,33.05,56.44,43.86,58.48,36.02,64.9,20.15,53.67,66.61,21.34,48.83,40.6,0,0,0,0,0,0,0.0,0.0,0.0,0.0,0.0,64.54,3,2,7,49.01,1,Match_114,2025-01-26T18:03:03.799706+00:00,[],0,9,5,1,184,65,119,80.77,0,0,0.79,2,25,12,4,2,2,12,3,1,10,4,44.77,
"Alonzo, Kaye",LWB,911.12,74.2,45.91,48.25,49.56,40.18,substitute,Lyceum,29,0.0,0.0,0.0,0.0,43.1,36.12,0.0,0.0,0.0,0.0,0.0,0.0,0.0,76.65,33.76,0.0,0.0,0.0,0.0,0.0,70.77,62.76,73.48,53.97,36.05,35.89,44.0,13640,24.95,267,267,0,100.0,5,1.87,3,20.73,20,0,0,0,39.9,8.55,5,1,20.0,24,19,79.17,11,5,45.45,6,18,3,1,3,2,0,0.0,0.0,0.0,26.374,26.37,77.5,0.494,0.296,2.048,1.976,2.371,1.877,1.087,0.49,4.49,0.593,1.778,0.296,0.099,0.494,0.1,1.98,3.94,0.84,9.88,0.18,7.82,44.63,53.82,77.04,63.56,69.8,35.94,56.75,73.86,49.21,76.8,61.64,37.91,26.75,32.63,0,0,0,0,0,0,0.0,0.0,0.0,0.0,0.0,77.83,3,5,5,64.34,6,Match_53,2025-02-27T20:12:00.799706+00:00,[],0,0,0,0,267,267,0,42.49,5,3,1.55,3,24,19,11,5,6,18,3,1,5,1,53.81,
"Tabelin, Kirvy",CAM,729.45,52.63,70.04,60.45,54.92,78.08,starter,City United,45,0.0,0.0,0.0,0.0,40.33,74.23,0.0,0.0,0.0,0.0,0.0,0.0,0.0,71.7,37.5,0.0,0.0,0.0,0.0,0.0,71.74,36.62,33.44,42.9,52.17,72.35,64.07,8525,19.48,288,205,83,71.18,1,0.35,0,29.02,12,9,3,0,33.33,0.0,21,13,61.9,26,4,15.38,11,0,0.0,4,10,4,2,1,1,0,1.11,0.37,0.0,35.534,25.29,10.24,0.123,0.0,3.581,1.481,3.208,0.494,1.357,40.49,32.55,0.494,1.234,0.494,0.247,2.591,1.6,7.64,4.11,37.68,8.78,0.04,1.9,40.64,64.81,38.08,49.27,75.68,25.86,44.53,22.66,67.24,74.6,66.4,35.75,58.42,66.6,0,0,0,0,0,0,0.0,0.0,0.0,0.0,0.0,69.26,4,1,4,69.74,5,Match_214,2025-07-24T09:09:43.800706+00:00,[],0,9,3,0,288,205,83,64.25,1,0,0.81,5,26,4,11,0,4,10,4,2,21,13,47.5,
"Alonzo, Kaye",CF,795.4,30.04,24.67,40.88,60.67,59.54,starter,Southgate United,50,0.0,0.0,0.0,0.0,54.95,46.41,0.0,0.0,0.0,0.0,0.0,0.0,0.0,54.84,54.73,0.0,0.0,0.0,0.0,0.0,69.44,44.78,38.61,78.88,50.22,36.16,58.94,2604,5.46,351,215,136,61.25,6,1.71,0,10.15,1,15,2,1,13.33,6.67,12,8,66.67,9,2,22.22,16,9,56.25,2,11,8,1,2,0,0,1.697,0.226,0.113,39.716,24.33,15.39,0.679,0.0,1.148,0.113,1.018,0.226,1.81,1.02,6.36,0.226,1.245,0.905,0.113,1.358,0.91,7.54,1.51,0.75,6.93,0.19,2.51,22.36,26.29,64.98,76.41,47.6,67.43,36.18,22.01,52.58,62.04,30.69,51.74,38.83,25.87,0,0,0,0,0,0,0.0,0.0,0.0,0.0,0.0,40.64,4,1,2,75.3,3,Match_220,2025-02-02T22:07:29.801706+00:00,[],0,15,2,1,351,215,136,40.12,6,0,0.02,3,9,2,16,9,2,11,8,1,12,8,55.05,
"Moleje, Josh",CM,1082.36,36.34,44.31,60.34,33.5,48.79,starter,Lyceum,79,0.0,0.0,0.0,0.0,60.47,40.88,0.0,0.0,0.0,0.0,0.0,0.0,0.0,74.9,79.26,0.0,0.0,0.0,0.0,0.0,52.62,32.92,50.82,55.96,70.13,33.21,61.06,20523,31.6,486,8,478,1.65,10,2.06,1,4.65,9,19,14,1,73.68,5.26,6,3,50.0,18,3,16.67,7,3,42.86,4,19,11,2,4,3,0,1.58,1.164,0.083,40.412,0.67,39.75,0.832,0.083,0.387,0.748,1.497,0.249,0.582,0.25,3.56,0.333,1.58,0.915,0.166,0.499,0.25,4.16,6.13,0.44,0.14,0.17,1.39,66.31,54.07,46.5,69.21,23.75,61.67,51.21,21.34,62.22,71.25,73.48,20.66,23.09,47.38,0,0,0,0,0,0,0.0,0.0,0.0,0.0,0.0,46.85,3,3,3,46.53,10,Match_258,2025-03-11T10:24:57.801706+00:00,[],0,19,14,1,486,8,478,28.56,10,1,3.93,2,18,3,7,3,4,19,11,2,6,3,33.0,
"Santos, Diego",RW,1060.41,53.38,78.71,70.57,68.6,71.91,starter,Eastview Rangers,70,0.0,0.0,0.0,0.0,69.84,74.6,0.0,0.0,0.0,0.0,0.0,0.0,0.0,67.93,40.21,0.0,0.0,0.0,0.0,0.0,38.02,37.69,72.95,56.96,52.21,79.34,58.2,7389,11.61,502,168,334,33.47,2,0.4,0,22.1,29,38,10,3,26.32,7.89,35,12,34.29,9,3,33.33,23,1,4.35,8,6,11,1,2,1,0,3.225,0.849,0.255,42.606,14.26,28.35,0.17,0.0,1.876,2.461,0.764,0.255,1.952,0.08,0.37,0.679,0.509,0.934,0.085,2.971,1.02,2.91,2.23,0.67,2.84,0.03,2.83,43.66,65.49,39.11,77.83,57.75,36.37,74.88,62.0,30.85,61.19,39.02,37.18,24.58,51.25,0,0,0,0,0,0,0.0,0.0,0.0,0.0,0.0,56.93,4,2,1,86.95,16,Match_220,2025-09-12T18:56:59.802706+00:00,[],0,38,10,3,502,168,334,70.66,2,0,4.83,3,9,3,23,1,8,6,11,1,35,12,64.78,
"Bacaycay, Kurt",LWB,597.25,47.15,52.5,74.69,20.69,20.1,substitute,University of the Philippines,24,0.0,0.0,0.0,0.0,79.06,56.1,0.0,0.0,0.0,0.0,0.0,0.0,0.0,42.74,31.09,0.0,0.0,0.0,0.0,0.0,65.07,72.32,56.59,79.97,31.75,44.1,47.36,8323,23.23,836,585,251,69.98,7,0.84,2,25.8,25,5,2,0,40.0,0.0,8,3,37.5,21,4,19.05,13,13,100.0,1,5,4,0,2,1,0,0.753,0.301,0.0,125.977,88.15,37.82,1.055,0.301,3.888,3.767,3.165,0.603,1.959,1.96,15.07,0.151,0.753,0.603,0.0,1.206,0.45,5.65,6.03,40.14,10.55,0.13,2.87,48.9,66.66,75.21,48.12,48.97,63.94,20.63,45.31,59.9,46.13,78.28,34.23,47.9,28.66,0,0,0,0,0,0,0.0,0.0,0.0,0.0,0.0,42.94,3,5,2,42.99,9,Match_267,2025-04-26T16:17:48.803706+00:00,[],0,5,2,0,836,585,251,48.85,7,2,3.18,4,21,4,13,13,1,5,4,0,8,3,65.57,
"Labrador, Sean",ST,1247.43,64.23,35.01,67.86,21.99,53.87,substitute,San Beda University,50,0.0,0.0,0.0,0.0,44.11,58.74,0.0,0.0,0.0,0.0,0.0,0.0,0.0,32.33,72.76,0.0,0.0,0.0,0.0,0.0,61.1,57.33,72.91,33.2,51.96,50.96,75.26,20918,27.95,232,232,0,100.0,5,2.16,2,28.82,6,38,13,4,34.21,10.53,43,21,48.84,13,13,100.0,22,3,13.64,4,8,12,1,1,3,0,2.742,0.938,0.289,16.738,16.74,67.07,0.361,0.144,2.079,0.433,0.938,0.938,1.587,0.22,0.98,0.289,0.577,0.866,0.072,3.102,1.52,3.52,2.47,0.76,7.21,0.16,7.21,62.58,49.19,20.93,37.9,40.18,59.72,26.87,77.68,47.04,23.18,53.14,64.24,42.43,54.43,0,0,0,0,0,0,0.0,0.0,0.0,0.0,0.0,48.72,3,4,4,41.05,13,Match_32,2025-01-10T21:54:08.803706+00:00,[],0,38,13,4,232,232,0,52.95,5,2,0.74,3,13,13,22,3,4,8,12,1,43,21,57.43,
"Dela Cruz, Marco",GK,1350.0,69.27,39.58,25.07,38.69,75.1,starter,Lakeside Athletic,31,0.0,0.0,0.0,0.0,55.56,71.52,0.0,0.0,0.0,0.0,0.0,0.0,0.0,51.95,54.33,0.0,0.0,0.0,0.0,0.0,48.67,53.42,73.62,58.19,55.62,62.53,51.43,12726,15.71,72,41,31,56.94,1,1.39,0,26.42,6,6,0,0,0.0,0.0,13,0,0.0,27,15,55.56,34,19,55.88,5,9,16,1,4,1,0,0.4,0.0,0.0,4.8,2.73,2.07,0.067,0.0,1.761,0.4,1.8,1.0,2.267,1.27,3.73,0.333,0.6,1.067,0.067,0.867,54.27,71.99,43.13,58.59,3.8,0.09,3.7,42.64,33.06,61.42,40.71,21.56,29.78,24.89,22.83,68.47,25.31,74.65,34.67,25.21,39.83,38,38,0,100.0,38,0,2.533,0.0,2.533,2.533,0.0,6.67,2,4,4,48.54,20,Match_285,2025-10-15T03:01:29.804706+00:00,[],0,6,0,0,72,41,31,85.21,1,0,0.46,4,27,15,34,19,5,9,16,1,13,0,29.47,
"Taberos, Earl",CM,538.18,38.99,38.61,76.5,59.36,62.86,substitute,San Beda University,50,0.0,0.0,0.0,0.0,47.38,63.1,0.0,0.0,0.0,0.0,0.0,0.0,0.0,78.28,34.9,0.0,0.0,0.0,0.0,0.0,42.35,35.6,50.04,46.67,32.11,31.85,52.81,6055,18.75,381,309,72,81.1,15,3.94,2,10.86,18,5,2,1,40.0,20.0,0,0,43.71,14,8,57.14,6,2,33.33,2,9,1,0,3,0,0,0.836,0.334,0.167,63.715,51.67,12.04,2.508,0.334,1.816,3.01,2.341,1.338,1.003,0.33,5.57,0.334,1.505,0.167,0.0,0.0,55.47,7.31,6.69,3.34,13.56,0.66,9.56,55.23,62.96,60.58,60.1,33.99,24.8,65.75,65.62,22.68,33.55,35.85,67.47,64.91,63.35,0,0,0,0,0,0,0.0,0.0,0.0,0.0,0.0,63.75,1,3,2,38.34,2,Match_302,2025-03-03T07:16:41.805706+00:00,[],0,5,2,1,381,309,72,68.91,15,2,4.46,4,14,8,6,2,2,9,1,0,0,0,59.39,
"Santos, Diego",GK,113.74,43.1,60.42,41.07,40.49,28.99,starter,Lyceum,58,0.0,0.0,0.0,0.0,37.98,76.19,0.0,0.0,0.0,0.0,0.0,0.0,0.0,42.72,57.73,0.0,0.0,0.0,0.0,0.0,47.31,49.49,34.52,72.33,49.62,73.64,60.48,1120,16.41,32,7,25,21.88,2,6.25,0,22.81,1,1,0,0,0.0,0.0,0,0,77.26,3,1,33.33,0,0,62.78,0,3,1,0,0,1,0,0.791,0.0,0.0,25.321,5.54,19.78,1.583,0.0,18.049,0.791,2.374,0.791,0.0,64.6,49.68,0.0,2.374,0.791,0.0,0.0,61.5,61.13,64.08,41.95,17.31,4.95,26.37,53.92,47.36,29.99,60.99,32.61,50.41,36.1,79.34,21.48,32.19,20.62,50.45,77.4,42.81,2,0,2,0.0,2,2,0.0,1.583,1.583,1.583,1.583,53.39,0,3,3,64.01,9,Match_235,2025-11-14T16:54:36.805706+00:00,[],0,1,0,0,32,7,25,43.26,2,0,0.6,4,3,1,0,0,0,3,1,0,0,0,50.84,
"Santos, Marco",GK,626.53,74.42,27.39,53.23,45.17,31.25,DNP,Harborview United,31,0.0,0.0,0.0,0.0,70.75,70.2,0.0,0.0,0.0,0.0,0.0,0.0,0.0,33.4,41.45,0.0,0.0,0.0,0.0,0.0,46.02,50.03,33.91,55.68,69.31,64.34,53.5,7582,20.17,45,45,0,100.0,0,0.0,0,28.75,1,9,2,2,22.22,22.22,7,3,42.86,15,8,53.33,12,12,100.0,6,12,6,1,1,1,0,1.293,0.287,0.287,6.464,6.46,47.54,0.0,0.0,4.13,0.144,2.155,1.149,1.724,1.72,14.36,0.862,1.724,0.862,0.144,1.006,0.43,6.16,3.19,3.19,14.36,41.01,7.66,67.58,44.41,78.01,59.19,30.08,32.1,33.91,61.06,66.58,23.11,28.59,57.01,75.74,35.13,17,12,5,70.59,17,5,1.724,0.718,2.442,2.442,0.718,10.14,3,3,3,35.21,10,Match_194,2025-09-29T15:44:40.806706+00:00,[],0,9,2,2,45,45,0,59.24,0,0,4.86,2,15,8,12,12,6,12,6,1,7,3,67.48,
"Tabay, Albin",LB,872.02,63.01,38.16,27.92,39.98,21.79,starter,Lakeside Athletic,53,0.0,0.0,0.0,0.0,60.83,71.93,0.0,0.0,0.0,0.0,0.0,0.0,0.0,39.06,30.04,0.0,0.0,0.0,0.0,0.0,66.5,63.69,69.16,32.07,32.75,45.82,76.94,11540,22.06,517,517,0,100.0,3,0.58,0,12.48,8,5,2,0,40.0,0.0,5,4,80.0,12,4,33.33,19,13,68.42,1,13,9,1,3,1,0,0.516,0.206,0.0,53.359,53.36,40.04,0.31,0.0,1.288,0.826,1.239,0.413,1.961,1.34,7.06,0.103,1.342,0.929,0.103,0.516,0.41,8.26,4.13,51.53,10.32,0.06,3.44,53.43,78.26,45.46,51.8,77.64,52.66,21.64,30.83,33.72,55.41,27.8,27.34,73.26,75.02,0,0,0,0,0,0,0.0,0.0,0.0,0.0,0.0,77.54,3,4,4,68.96,19,Match_395,2025-08-01T07:05:31.807706+00:00,[],0,5,2,0,517,517,0,60.95,3,0,2.27,2,12,4,19,13,1,13,9,1,5,4,43.73,
"Omitade, Edvard",CDM,1064.3,25.33,20.27,39.45,62.1,30.73,starter,Highland Wanderers,65,0.0,0.0,0.0,0.0,79.55,62.29,0.0,0.0,0.0,0.0,0.0,0.0,0.0,75.78,47.68,0.0,0.0,0.0,0.0,0.0,33.89,56.99,50.52,75.47,72.63,51.13,59.81,16819,26.34,651,356,295,54.69,6,0.92,1,7.42,17,3,1,0,33.33,0.0,13,6,46.15,35,20,57.14,22,1,4.55,4,0,11,2,1,2,0,0.254,0.085,0.0,55.05,30.1,24.95,0.507,0.085,0.627,1.438,2.96,1.691,1.86,0.08,0.38,0.338,0.0,0.93,0.169,1.099,0.51,3.9,2.82,68.66,4.62,0.08,4.83,49.26,40.31,24.76,76.34,28.83,29.55,62.2,65.13,24.94,73.25,41.65,41.99,36.3,43.9,0,0,0,0,0,0,0.0,0.0,0.0,0.0,0.0,52.08,0,4,1,25.26,3,Match_136,2025-11-26T19:01:20.807706+00:00,[],0,3,1,0,651,356,295,69.82,6,1,1.9,1,35,20,22,1,4,0,11,2,13,6,31.07,
"Encaya, Pius",CF,1217.39,47.27,55.67,33.75,44.08,24.53,starter,Mapúa University,43,0.0,0.0,0.0,0.0,69.49,34.82,0.0,0.0,0.0,0.0,0.0,0.0,0.0,53.03,66.58,0.0,0.0,0.0,0.0,0.0,76.74,33.29,50.92,65.47,39.97,44.91,61.44,4860,6.65,532,466,66,87.59,12,2.26,0,7.28,15,36,0,0,0.0,0.0,5,1,20.0,19,0,0.0,13,5,38.46,10,27,13,1,0,1,0,2.661,0.0,0.0,39.33,34.45,4.88,0.887,0.0,0.538,1.109,1.405,0.0,0.961,0.37,2.84,0.739,1.996,0.961,0.074,0.37,0.07,1.48,61.58,46.3,6.48,0.17,55.89,64.49,51.89,50.01,25.98,58.06,20.42,41.9,63.34,53.93,49.78,78.87,78.53,60.16,21.66,0,0,0,0,0,0,0.0,0.0,0.0,0.0,0.0,51.61,4,4,3,41.71,11,Match_239,2025-06-22T08:12:06.808705+00:00,[],0,36,0,0,532,466,66,26.42,12,0,0.96,6,19,0,13,5,10,27,13,1,5,1,75.64,
"Lopez, Jul",RWB,639.8,44.27,40.75,24.78,75.54,34.26,starter,Riverside FC,21,0.0,0.0,0.0,0.0,30.99,71.58,0.0,0.0,0.0,0.0,0.0,0.0,0.0,79.63,63.16,0.0,0.0,0.0,0.0,0.0,42.49,47.27,41.07,78.01,63.58,45.71,78.43,1792,4.67,295,149,146,50.51,9,3.05,0,16.02,3,8,2,2,25.0,25.0,5,2,40.0,43,17,39.53,17,17,100.0,4,9,8,2,1,1,0,1.125,0.281,0.281,41.497,20.96,20.54,1.266,0.0,2.254,0.422,6.049,2.391,2.391,2.39,14.07,0.563,1.266,1.125,0.281,0.703,0.28,5.63,3.52,3.52,7.11,0.43,5.56,24.21,38.02,54.51,78.6,67.5,48.19,46.97,65.58,58.75,62.5,47.67,30.31,65.09,37.82,0,0,0,0,0,0,0.0,0.0,0.0,0.0,0.0,52.98,3,3,3,51.62,3,Match_71,2025-08-18T16:01:37.808705+00:00,[],0,8,2,2,295,149,146,54.04,9,0,0.92,2,43,17,17,17,4,9,8,2,5,2,70.98,
"Encaya, Pius",RW,1217.86,45.95,41.26,33.68,44.91,37.28,starter,Southgate United,9,0.0,0.0,0.0,0.0,49.87,58.45,0.0,0.0,0.0,0.0,0.0,0.0,0.0,38.42,48.18,0.0,0.0,0.0,0.0,0.0,63.19,65.55,66.39,62.64,35.72,52.14,32.35,8036,11.0,781,657,124,84.12,15,1.92,1,6.83,48,26,5,2,19.23,7.69,29,10,34.48,7,4,57.14,16,14,87.5,3,12,16,1,1,2,0,1.921,0.37,0.148,57.716,48.55,9.16,1.109,0.074,0.505,3.547,0.517,0.296,1.182,1.03,6.47,0.222,0.887,1.182,0.074,2.143,0.74,2.55,1.42,0.57,6.22,0.14,4.22,30.07,42.92,66.75,61.63,28.31,41.96,55.63,75.37,33.25,66.91,33.86,55.73,25.07,77.45,0,0,0,0,0,0,0.0,0.0,0.0,0.0,0.0,62.22,1,1,2,86.83,10,Match_266,2025-12-07T08:38:59.809706+00:00,[],0,26,5,2,781,657,124,86.67,15,1,0.45,3,7,4,16,14,3,12,16,1,29,10,51.36,
"Perez, Laurence",RW,1037.54,49.06,48.6,76.05,78.98,34.95,starter,Riverside FC,89,0.0,0.0,0.0,0.0,53.91,48.72,0.0,0.0,0.0,0.0,0.0,0.0,0.0,30.73,74.82,0.0,0.0,0.0,0.0,0.0,42.08,76.61,51.14,48.74,60.61,47.53,55.64,10090,16.21,466,271,195,58.15,13,2.79,4,12.11,27,41,15,3,36.59,7.32,29,14,48.28,17,17,100.0,25,5,20.0,4,2,4,1,4,1,0,3.556,1.301,0.26,40.423,23.51,16.92,1.128,0.347,1.05,2.342,1.475,1.475,2.169,0.43,1.73,0.347,0.173,0.347,0.087,2.516,1.21,4.19,3.17,0.63,5.04,0.24,8.67,55.71,67.38,29.97,66.15,29.81,38.07,63.72,34.18,39.47,22.56,32.17,56.31,20.95,22.28,0,0,0,0,0,0,0.0,0.0,0.0,0.0,0.0,42.45,4,3,1,22.46,6,Match_69,2025-08-29T03:44:12.810705+00:00,[],0,41,15,3,466,271,195,86.17,13,4,4.87,3,17,17,25,5,4,2,4,1,29,14,84.41,
"Labrador, Sean",LWB,1350.0,68.26,67.47,61.33,30.47,48.13,substitute,Westwood Athletic,76,0.0,0.0,0.0,0.0,46.78,31.68,0.0,0.0,0.0,0.0,0.0,0.0,0.0,54.11,39.72,0.0,0.0,0.0,0.0,0.0,44.23,64.58,48.92,50.26,60.91,41.71,36.33,29098,35.92,1275,1163,112,91.22,28,2.2,2,10.59,82,9,3,1,33.33,11.11,15,10,66.67,62,31,50.0,26,16,61.54,4,10,6,2,0,2,0,0.6,0.2,0.067,85.0,77.53,7.47,1.867,0.133,0.706,5.467,4.133,2.067,1.733,1.07,4.1,0.267,0.667,0.4,0.133,1.0,0.67,4.44,2.22,0.74,6.08,0.15,3.33,61.63,40.06,31.89,69.63,69.56,25.92,33.28,21.18,48.88,36.63,34.91,73.89,60.75,23.03,0,0,0,0,0,0,0.0,0.0,0.0,0.0,0.0,36.35,5,5,4,59.99,8,Match_52,2025-09-26T15:22:35.810705+00:00,[],0,9,3,1,1275,1163,112,67.46,28,2,1.05,5,62,31,26,16,4,10,6,2,15,10,65.35,
"Tabelin, Kirvy",LB,1265.18,40.28,24.72,57.24,42.28,42.34,substitute,2 Worlds FC,51,0.0,0.0,0.0,0.0,63.34,51.62,0.0,0.0,0.0,0.0,0.0,0.0,0.0,78.88,55.33,0.0,0.0,0.0,0.0,0.0,54.28,42.63,33.36,60.5,76.24,37.47,56.19,26037,34.3,288,288,0,100.0,3,1.04,0,23.81,9,27,5,1,18.52,3.7,21,2,9.52,82,71,86.59,2,1,50.0,5,20,7,1,1,1,0,1.921,0.356,0.071,20.487,20.49,62.76,0.213,0.0,1.694,0.64,5.833,5.051,0.142,0.07,3.56,0.356,1.423,0.498,0.071,1.494,0.14,0.68,1.32,0.26,7.11,0.07,6.16,25.26,39.24,50.64,68.76,76.48,66.24,24.52,25.47,34.97,78.64,78.42,40.72,21.28,62.93,0,0,0,0,0,0,0.0,0.0,0.0,0.0,0.0,50.47,3,4,0,29.28,20,Match_363,2025-10-27T01:10:34.811706+00:00,[],0,27,5,1,288,288,0,28.55,3,0,1.33,2,82,71,2,1,5,20,7,1,21,2,34.9,
"Labrador, Sean",LB,1333.73,27.08,29.23,38.86,53.74,43.12,starter,De La Salle University,41,0.0,0.0,0.0,0.0,40.82,65.12,0.0,0.0,0.0,0.0,0.0,0.0,0.0,50.59,38.43,0.0,0.0,0.0,0.0,0.0,52.57,43.25,38.0,49.03,43.65,71.15,36.15,18977,23.71,844,782,62,92.65,15,1.78,0,23.05,17,10,2,2,20.0,20.0,22,21,95.45,27,14,51.85,9,1,11.11,5,20,8,1,1,1,0,0.675,0.135,0.135,56.953,52.77,4.18,1.012,0.0,1.555,1.147,1.822,0.945,0.607,0.07,0.75,0.337,1.35,0.54,0.067,1.485,1.42,6.44,1.35,1.35,6.25,0.12,3.5,68.52,60.06,45.2,46.72,72.64,38.36,61.15,61.56,45.35,74.77,50.31,64.71,55.57,26.56,0,0,0,0,0,0,0.0,0.0,0.0,0.0,0.0,76.53,1,3,1,21.22,15,Match_174,2025-02-28T00:06:26.812705+00:00,[],0,10,2,2,844,782,62,35.55,15,0,0.13,4,27,14,9,1,5,20,8,1,22,21,89.86,
"Nemenzo, Sirach Ethan",RB,1061.27,51.82,29.62,48.72,51.44,20.72,DNP,Harborview United,72,0.0,0.0,0.0,0.0,71.59,38.75,0.0,0.0,0.0,0.0,0.0,0.0,0.0,77.51,46.27,0.0,0.0,0.0,0.0,0.0,34.24,70.83,34.14,53.9,66.12,63.01,36.33,4032,6.33,75,52,23,69.33,1,1.33,0,17.87,5,15,3,0,20.0,0.0,4,2,50.0,58,17,29.31,21,3,14.29,4,24,7,1,3,1,0,1.272,0.254,0.0,6.36,4.41,1.95,0.085,0.0,1.515,0.424,4.919,1.442,1.781,0.25,1.21,0.339,2.035,0.594,0.085,0.339,0.17,4.24,1.7,57.51,5.88,0.11,2.49,76.95,62.87,29.4,20.11,58.3,53.24,60.39,76.62,37.42,29.26,31.59,32.65,45.2,21.06,0,0,0,0,0,0,0.0,0.0,0.0,0.0,0.0,32.41,3,2,3,85.94,17,Match_351,2025-11-26T03:22:48.812705+00:00,[],0,15,3,0,75,52,23,57.57,1,0,2.16,3,58,17,21,3,4,24,7,1,4,2,58.63,
"Villacarlos, Uriel",CDM,1256.63,35.36,38.22,75.57,25.36,22.93,substitute,Goldenfield Rovers,52,0.0,0.0,0.0,0.0,68.72,40.32,0.0,0.0,0.0,0.0,0.0,0.0,0.0,34.35,37.49,0.0,0.0,0.0,0.0,0.0,71.53,35.85,36.89,53.39,45.32,79.71,62.57,15961,21.17,928,928,0,100.0,26,2.8,4,18.49,65,24,6,2,25.0,8.33,16,16,100.0,82,65,79.27,23,12,52.17,5,11,16,4,3,2,0,1.719,0.43,0.143,66.463,66.46,60.2,1.862,0.286,1.324,4.655,5.873,4.655,1.647,0.86,3.74,0.358,0.788,1.146,0.286,1.146,1.15,7.16,1.79,0.6,7.16,0.2,5.68,57.55,46.33,55.31,28.79,63.19,28.08,51.76,77.68,45.71,65.51,32.84,66.23,62.21,48.93,0,0,0,0,0,0,0.0,0.0,0.0,0.0,0.0,66.84,1,3,5,46.54,3,Match_224,2025-04-19T06:29:44.813710+00:00,[],0,24,6,2,928,928,0,83.56,26,4,0.14,8,82,65,23,12,5,11,16,4,16,16,22.16,
"Valdez, Alysa",CDM,536.45,50.5,28.11,42.65,43.5,20.79,substitute,National University,67,0.0,0.0,0.0,0.0,79.38,79.24,0.0,0.0,0.0,0.0,0.0,0.0,0.0,77.6,46.07,0.0,0.0,0.0,0.0,0.0,79.11,34.89,46.55,50.84,73.79,36.08,71.82,4783,14.86,303,303,0,100.0,5,1.65,1,23.62,17,10,2,0,20.0,0.0,3,3,100.0,11,6,54.55,8,6,75.0,2,19,6,0,1,0,0,1.678,0.336,0.0,50.834,50.83,78.15,0.839,0.168,3.963,2.852,1.845,1.007,1.342,1.01,12.58,0.336,3.188,1.007,0.0,0.503,0.5,16.78,3.36,44.54,16.78,0.28,9.15,67.9,66.32,34.92,33.19,60.28,21.65,54.82,37.46,38.77,56.91,57.11,33.56,21.07,61.5,0,0,0,0,0,0,0.0,0.0,0.0,0.0,0.0,73.96,4,3,1,67.59,3,Match_50,2025-09-16T19:26:30.813710+00:00,[],0,10,2,0,303,303,0,26.75,5,1,0.61,4,11,6,8,6,2,19,6,0,3,3,33.0,
"Mapula, Paul Joshua",RW,997.49,30.11,50.99,57.74,66.33,50.41,substitute,Goldenfield Rovers,34,0.0,0.0,0.0,0.0,43.3,65.23,0.0,0.0,0.0,0.0,0.0,0.0,0.0,49.49,68.18,0.0,0.0,0.0,0.0,0.0,37.45,48.04,77.41,37.62,41.79,51.33,30.14,15531,25.95,29,11,18,37.93,1,3.45,0,16.31,0,9,2,1,22.22,11.11,36,27,75.0,14,3,21.43,16,11,68.75,3,22,10,1,2,1,0,0.812,0.18,0.09,2.617,0.99,1.62,0.09,0.0,1.472,0.0,1.263,0.271,1.444,0.99,6.2,0.271,1.985,0.902,0.09,3.248,2.44,6.77,2.0,1.0,3.42,0.31,1.93,74.49,40.21,44.77,45.88,62.58,68.06,70.99,33.05,27.63,51.63,37.63,36.52,58.09,22.02,0,0,0,0,0,0,0.0,0.0,0.0,0.0,0.0,71.16,2,5,0,59.45,1,Match_250,2025-10-25T04:35:07.814712+00:00,[],0,9,2,1,29,11,18,26.54,1,0,2.97,2,14,3,16,11,3,22,10,1,36,27,23.79,
"Nemenzo, Sirach Ethan",LW,796.4,64.4,56.26,34.91,54.43,20.38,starter,University of the Philippines,34,0.0,0.0,0.0,0.0,58.88,47.91,0.0,0.0,0.0,0.0,0.0,0.0,0.0,61.41,40.57,0.0,0.0,0.0,0.0,0.0,60.12,73.97,35.52,61.46,69.62,77.63,34.34,2041,4.27,180,180,0,100.0,1,0.56,0,14.64,1,15,10,1,66.67,6.67,28,14,50.0,16,2,12.5,8,6,75.0,3,21,9,2,2,1,0,1.695,1.13,0.113,20.342,20.34,64.43,0.113,0.0,1.654,0.113,1.808,0.226,0.904,0.68,8.48,0.339,2.373,1.017,0.226,3.164,1.58,5.65,7.53,0.75,11.3,0.06,1.41,25.12,35.82,75.84,67.28,72.4,54.07,64.66,69.85,68.87,68.25,56.94,64.02,70.82,42.7,0,0,0,0,0,0,0.0,0.0,0.0,0.0,0.0,46.73,1,3,3,40.91,20,Match_297,2025-06-29T19:25:52.815707+00:00,[],0,15,10,1,180,180,0,34.67,1,0,0.79,2,16,2,8,6,3,21,9,2,28,14,44.44,
"Aningalan, Jul",RW,885.63,47.66,37.75,69.05,47.53,32.76,substitute,Riverstone FC,50,0.0,0.0,0.0,0.0,52.02,50.15,0.0,0.0,0.0,0.0,0.0,0.0,0.0,63.52,43.47,0.0,0.0,0.0,0.0,0.0,38.89,51.68,31.91,38.88,62.16,66.71,51.42,14905,28.05,9,9,0,100.0,0,0.0,0,26.3,0,35,5,2,14.29,5.71,12,10,83.33,18,11,61.11,25,16,64.0,5,22,8,1,2,1,0,3.557,0.508,0.203,0.915,0.91,35.75,0.0,0.0,2.673,0.0,1.829,1.118,2.541,1.63,6.5,0.508,2.236,0.813,0.102,1.219,1.02,8.47,1.45,0.58,10.16,47.57,6.21,21.31,26.27,68.56,41.22,74.63,36.31,48.43,76.78,29.15,39.69,78.6,55.98,67.43,47.3,0,0,0,0,0,0,0.0,0.0,0.0,0.0,0.0,57.42,5,4,3,69.56,4,Match_267,2025-03-22T20:13:17.815707+00:00,[],0,35,5,2,9,9,0,38.64,0,0,2.09,4,18,11,25,16,5,22,8,1,12,10,79.39,
"Asignar, Josh Rupert",CB,806.88,37.07,61.13,22.17,21.61,52.03,starter,Brookside United,51,0.0,0.0,0.0,0.0,35.99,60.72,0.0,0.0,0.0,0.0,0.0,0.0,0.0,31.36,46.28,0.0,0.0,0.0,0.0,0.0,36.31,68.67,58.22,72.66,32.05,34.92,72.12,2043,4.22,120,120,0,100.0,1,0.83,0,11.06,3,10,5,1,50.0,10.0,7,5,71.43,13,7,53.85,5,3,60.0,3,19,3,1,1,2,0,1.115,0.558,0.112,13.385,13.38,66.64,0.112,0.0,1.234,0.335,1.45,0.781,0.558,0.33,6.69,0.335,2.119,0.335,0.112,0.781,0.56,7.97,5.58,1.12,11.15,0.09,6.01,44.36,39.94,44.42,25.68,39.33,43.77,43.31,37.32,23.69,46.45,77.03,44.0,55.97,72.61,0,0,0,0,0,0,0.0,0.0,0.0,0.0,0.0,62.1,6,3,2,71.44,2,Match_379,2025-06-07T11:04:41.816706+00:00,[],0,10,5,1,120,120,0,46.04,1,0,4.04,2,13,7,5,3,3,19,3,1,7,5,21.69,
"Omitade, Edvard",CB,594.71,74.64,36.68,21.42,75.31,36.08,substitute,Goldenfield Rovers,7,0.0,0.0,0.0,0.0,42.91,59.07,0.0,0.0,0.0,0.0,0.0,0.0,0.0,50.56,79.08,0.0,0.0,0.0,0.0,0.0,59.72,52.91,57.42,55.3,30.13,35.74,79.47,6105,17.11,336,218,118,64.88,10,2.98,1,21.67,18,1,0,0,0.0,0.0,8,2,25.0,43,15,34.88,4,2,50.0,2,3,6,0,0,1,0,0.151,0.0,0.0,50.848,32.99,17.86,1.513,0.151,3.279,2.724,6.507,2.27,0.605,0.3,7.57,0.303,0.454,0.908,0.0,1.211,0.3,3.78,69.34,42.33,9.82,0.45,5.28,37.62,76.69,68.61,40.05,55.52,46.86,33.65,34.0,59.72,38.18,53.88,44.43,62.08,40.55,0,0,0,0,0,0,0.0,0.0,0.0,0.0,0.0,68.09,1,2,5,35.86,7,Match_1,2025-03-12T10:05:51.817706+00:00,[],0,1,0,0,336,218,118,64.05,10,1,4.47,1,43,15,4,2,2,3,6,0,8,2,56.71,
"Lopez, Nico",CM,1216.71,64.64,68.71,69.36,70.75,42.57,substitute,Far Eastern University,26,0.0,0.0,0.0,0.0,37.59,60.19,0.0,0.0,0.0,0.0,0.0,0.0,0.0,55.31,46.91,0.0,0.0,0.0,0.0,0.0,34.18,57.16,57.13,43.97,54.43,33.3,57.37,24803,33.98,1093,401,692,36.69,13,1.19,2,13.46,45,9,2,1,22.22,11.11,8,2,25.0,17,13,76.47,6,6,100.0,5,8,2,2,1,2,0,0.666,0.148,0.074,80.849,29.66,51.19,0.962,0.148,0.996,3.329,1.257,0.962,0.444,0.44,7.4,0.37,0.592,0.148,0.148,0.592,0.15,1.85,1.64,0.82,2.71,0.09,5.66,39.77,59.68,70.14,29.21,48.75,68.72,53.2,59.83,35.65,24.69,75.52,34.49,54.59,67.46,0,0,0,0,0,0,0.0,0.0,0.0,0.0,0.0,74.34,2,3,5,46.13,16,Match_233,2025-02-12T17:19:38.817706+00:00,[],0,9,2,1,1093,401,692,23.73,13,2,2.12,4,17,13,6,6,5,8,2,2,8,2,30.1,
"Merino, Josh",LW,764.78,60.87,35.03,27.94,61.74,78.93,substitute,National University,77,0.0,0.0,0.0,0.0,44.1,38.8,0.0,0.0,0.0,0.0,0.0,0.0,0.0,38.77,53.31,0.0,0.0,0.0,0.0,0.0,57.09,51.21,66.05,49.41,55.23,49.34,39.95,12948,28.22,454,50,404,11.01,9,1.98,1,24.04,35,28,8,1,28.57,3.57,2,2,100.0,12,4,33.33,22,18,81.82,3,8,5,1,1,1,0,3.295,0.941,0.118,53.427,5.88,47.54,1.059,0.118,2.829,4.119,1.412,0.471,2.589,2.12,9.63,0.353,0.941,0.588,0.118,0.235,0.24,11.77,3.36,0.42,1.3,0.23,3.92,63.46,79.13,43.85,64.84,77.89,41.73,27.57,70.03,58.91,39.76,57.27,30.42,79.09,20.43,0,0,0,0,0,0,0.0,0.0,0.0,0.0,0.0,65.13,1,1,4,48.61,18,Match_133,2025-02-10T07:10:02.818706+00:00,[],0,28,8,1,454,50,404,66.22,9,1,1.65,5,12,4,22,18,3,8,5,1,2,2,44.17,
"Alonzo, Kaye",CAM,1071.46,28.68,35.82,35.74,27.49,60.58,starter,Brookside United,28,0.0,0.0,0.0,0.0,30.41,73.44,0.0,0.0,0.0,0.0,0.0,0.0,0.0,63.54,34.33,0.0,0.0,0.0,0.0,0.0,62.83,40.74,63.63,74.45,45.85,74.83,31.03,3365,5.23,321,216,105,67.29,6,1.87,1,22.91,8,17,5,0,29.41,0.0,3,2,66.67,27,5,18.52,11,10,90.91,2,32,13,1,2,2,0,1.428,0.42,0.0,26.963,18.14,8.82,0.504,0.084,1.924,0.672,2.268,0.42,0.924,0.84,7.64,0.168,2.688,1.092,0.084,0.252,0.17,5.6,2.47,77.11,5.65,0.16,1.56,76.64,47.97,57.69,57.69,44.76,74.06,41.77,39.02,45.14,56.35,27.59,24.31,79.48,52.82,0,0,0,0,0,0,0.0,0.0,0.0,0.0,0.0,40.6,1,4,2,54.88,17,Match_187,2025-03-10T23:58:01.818706+00:00,[],0,17,5,0,321,216,105,70.64,6,1,3.49,4,27,5,11,10,2,32,13,1,3,2,40.73,
"Asignar, Josh Rupert",LW,1078.51,64.42,52.02,73.13,58.1,44.14,starter,2 Worlds FC,18,0.0,0.0,0.0,0.0,45.2,73.49,0.0,0.0,0.0,0.0,0.0,0.0,0.0,56.6,41.11,0.0,0.0,0.0,0.0,0.0,74.78,31.84,61.26,72.85,62.41,66.88,49.47,12223,18.89,393,239,154,60.81,17,4.33,3,15.16,2,24,0,3,0.0,12.5,32,21,65.62,21,7,33.33,15,7,46.67,2,28,3,0,2,0,0,2.003,0.0,0.25,32.795,19.94,12.85,1.419,0.25,1.265,0.167,1.752,0.584,1.252,0.58,3.89,0.167,2.337,0.25,0.0,2.67,1.75,5.48,48.94,1.04,5.07,0.36,2.78,47.25,26.1,42.83,56.15,47.67,35.6,70.74,54.06,70.74,29.92,31.19,31.1,56.89,65.7,0,0,0,0,0,0,0.0,0.0,0.0,0.0,0.0,58.43,1,5,1,80.9,3,Match_337,2025-04-13T02:36:32.819706+00:00,[],0,24,0,3,393,239,154,22.48,17,3,0.64,5,21,7,15,7,2,28,3,0,32,21,50.09,
"Garces, Josh",GK,1010.81,60.66,35.99,43.41,34.12,30.1,starter,Far Eastern University,3,0.0,0.0,0.0,0.0,59.07,41.87,0.0,0.0,0.0,0.0,0.0,0.0,0.0,66.74,37.04,0.0,0.0,0.0,0.0,0.0,30.3,73.67,63.65,49.6,35.23,76.28,53.95,12939,21.33,354,232,122,65.54,4,1.13,0,24.71,4,0,0,0,36.93,7.15,12,8,66.67,25,21,84.0,36,12,33.33,4,10,8,1,2,1,0,0.0,0.0,0.0,31.519,20.66,10.86,0.356,0.0,2.2,0.356,2.226,1.87,3.205,1.07,2.97,0.356,0.89,0.712,0.089,1.068,0.71,5.94,3.29,0.64,5.84,0.1,7.48,44.75,73.18,78.0,43.72,21.35,28.75,39.44,37.82,52.11,20.4,57.35,40.68,57.15,54.07,32,24,8,75.0,32,8,2.137,0.712,2.849,2.849,0.712,6.68,1,2,2,25.59,1,Match_79,2025-08-28T06:09:00.820706+00:00,[],0,0,0,0,354,232,122,64.33,4,0,2.31,3,25,21,36,12,4,10,8,1,12,8,52.37,
"Legara, Ezralph",CDM,1330.65,72.39,61.97,54.68,29.97,35.16,DNP,Ateneo de Manila University,96,0.0,0.0,0.0,0.0,70.34,41.38,0.0,0.0,0.0,0.0,0.0,0.0,0.0,39.52,66.16,0.0,0.0,0.0,0.0,0.0,45.01,43.78,77.16,34.41,34.78,70.01,59.28,3248,4.07,1537,949,588,61.74,42,2.73,6,4.17,96,3,1,0,33.33,0.0,9,4,44.44,30,19,63.33,10,6,60.0,5,10,6,2,5,2,0,0.203,0.068,0.0,103.957,64.19,39.77,2.841,0.406,0.282,6.493,2.029,1.285,0.676,0.41,4.06,0.338,0.676,0.406,0.135,0.609,0.27,3.01,2.25,56.34,4.18,0.18,4.28,58.25,28.36,47.98,77.69,70.31,30.28,26.64,73.28,60.98,51.3,32.16,30.31,46.48,62.98,0,0,0,0,0,0,0.0,0.0,0.0,0.0,0.0,78.8,5,3,4,52.75,7,Match_122,2025-05-15T21:43:17.820706+00:00,[],0,3,1,0,1537,949,588,62.01,42,6,0.76,4,30,19,10,6,5,10,6,2,9,4,32.94,
"Tabay, Albin",ST,713.16,35.4,22.86,32.59,20.64,47.11,starter,Riverside FC,23,0.0,0.0,0.0,0.0,68.06,78.69,0.0,0.0,0.0,0.0,0.0,0.0,0.0,62.36,72.74,0.0,0.0,0.0,0.0,0.0,43.95,59.89,40.88,30.93,74.88,39.86,36.68,5962,13.93,244,244,0,100.0,1,0.41,0,26.48,14,27,8,0,29.63,0.0,18,8,44.44,13,6,46.15,2,1,50.0,3,16,8,1,1,1,0,3.407,1.01,0.0,30.793,30.79,46.35,0.126,0.0,3.342,1.767,1.641,0.757,0.252,0.13,6.31,0.379,2.019,1.01,0.126,2.272,1.01,5.61,3.74,41.59,12.62,0.05,5.82,27.74,39.33,29.21,59.25,33.85,62.32,31.42,36.3,28.54,69.16,36.48,79.75,39.85,32.28,0,0,0,0,0,0,0.0,0.0,0.0,0.0,0.0,49.55,5,0,4,64.79,15,Match_288,2025-07-07T12:15:47.821700+00:00,[],0,27,8,0,244,244,0,52.4,1,0,4.16,3,13,6,2,1,3,16,8,1,18,8,71.96,
"Ebrada, Zraim Uichi",ST,710.73,39.97,54.81,44.77,61.6,50.94,substitute,Coastal Town,53,0.0,0.0,0.0,0.0,77.22,69.24,0.0,0.0,0.0,0.0,0.0,0.0,0.0,43.56,30.1,0.0,0.0,0.0,0.0,0.0,65.94,31.77,38.61,34.14,64.99,64.48,65.01,8408,19.72,340,318,22,93.53,8,2.35,2,29.47,24,29,10,1,34.48,3.45,10,10,100.0,18,3,16.67,0,0,44.63,2,4,7,1,1,2,0,3.672,1.266,0.127,43.054,40.27,2.79,1.013,0.253,3.732,3.039,2.279,0.38,0.0,39.55,5.65,0.253,0.507,0.886,0.127,1.266,1.27,12.66,4.37,0.44,11.84,0.3,2.11,55.18,37.74,27.14,20.36,69.09,59.25,77.86,44.48,54.39,62.3,25.92,63.13,31.71,39.79,0,0,0,0,0,0,0.0,0.0,0.0,0.0,0.0,51.84,4,5,2,84.23,19,Match_112,2025-04-20T11:23:22.822712+00:00,[],0,29,10,1,340,318,22,34.67,8,2,0.94,2,18,3,0,0,2,4,7,1,10,10,29.35,
"Acebedo, James",CM,605.3,36.05,78.99,36.58,55.25,78.16,starter,Metro FC,6,0.0,0.0,0.0,0.0,64.21,66.03,0.0,0.0,0.0,0.0,0.0,0.0,0.0,68.38,34.13,0.0,0.0,0.0,0.0,0.0,68.67,43.29,48.97,68.47,62.4,36.83,50.24,5061,13.94,447,447,0,100.0,11,2.46,0,28.95,20,1,0,0,0.0,0.0,9,3,33.33,17,11,64.71,1,0,0.0,3,11,2,0,1,1,0,0.149,0.0,0.0,66.463,66.46,45.24,1.636,0.0,4.304,2.974,2.528,1.636,0.149,35.53,73.15,0.446,1.636,0.297,0.0,1.338,0.45,4.96,50.83,58.05,14.87,0.37,9.62,21.19,74.51,41.52,74.14,73.45,50.45,62.4,55.58,27.06,52.61,24.04,73.33,70.6,69.61,0,0,0,0,0,0,0.0,0.0,0.0,0.0,0.0,51.84,4,1,4,88.58,14,Match_142,2025-02-13T18:17:20.822712+00:00,[],0,1,0,0,447,447,0,38.49,11,0,4.33,2,17,11,1,0,3,11,2,0,9,3,64.81,
"Tabelin, Kirvy",CM,885.65,68.4,26.24,79.84,20.03,54.2,substitute,2 Worlds FC,99,0.0,0.0,0.0,0.0,60.31,37.56,0.0,0.0,0.0,0.0,0.0,0.0,0.0,47.36,49.53,0.0,0.0,0.0,0.0,0.0,38.87,66.17,51.95,69.39,73.84,60.75,47.61,16610,31.26,548,503,45,91.79,8,1.46,1,21.46,5,1,0,0,0.0,0.0,18,5,27.78,18,11,61.11,13,4,30.77,2,3,2,1,4,0,0,0.102,0.0,0.0,55.688,51.12,4.57,0.813,0.102,2.181,0.508,1.829,1.118,1.321,0.41,3.13,0.203,0.305,0.203,0.102,1.829,0.51,2.82,67.34,47.67,9.33,0.15,6.21,73.53,41.4,51.84,47.89,76.92,67.88,26.54,40.92,75.7,30.07,26.98,32.31,42.73,51.3,0,0,0,0,0,0,0.0,0.0,0.0,0.0,0.0,76.87,3,4,5,48.11,4,Match_239,2025-04-03T20:26:00.823708+00:00,[],0,1,0,0,548,503,45,52.09,8,1,2.65,5,18,11,13,4,2,3,2,1,18,5,63.57,
"Mapula, Paul Joshua",LW,589.26,50.67,64.03,77.79,53.65,56.89,starter,City United,19,0.0,0.0,0.0,0.0,49.94,38.54,0.0,0.0,0.0,0.0,0.0,0.0,0.0,68.78,36.31,0.0,0.0,0.0,0.0,0.0,77.23,74.53,68.86,49.38,39.57,79.98,66.59,4084,11.55,238,238,0,100.0,1,0.42,0,22.93,4,23,3,1,13.04,4.35,8,3,37.5,13,1,7.69,5,3,60.0,1,7,3,0,1,1,0,3.513,0.458,0.153,36.351,36.35,33.94,0.153,0.0,3.502,0.611,1.986,0.153,0.764,0.46,9.16,0.153,1.069,0.458,0.0,1.222,0.46,5.73,1.99,0.66,15.27,0.06,1.17,43.79,59.12,52.77,66.02,66.56,78.15,48.04,61.8,23.07,74.56,54.11,58.7,48.22,49.79,0,0,0,0,0,0,0.0,0.0,0.0,0.0,0.0,57.79,2,1,1,77.26,12,Match_276,2025-08-21T02:38:15.824711+00:00,[],0,23,3,1,238,238,0,24.68,1,0,1.74,6,13,1,5,3,1,7,3,0,8,3,48.04,
"Pormento, Edzon",CAM,841.76,41.47,57.6,62.64,54.06,23.25,starter,Southgate United,67,0.0,0.0,0.0,0.0,40.58,47.01,0.0,0.0,0.0,0.0,0.0,0.0,0.0,37.49,34.87,0.0,0.0,0.0,0.0,0.0,75.16,33.72,69.18,69.51,40.66,37.12,63.36,7183,14.22,316,316,0,100.0,6,1.9,1,29.9,11,8,1,1,12.5,12.5,29,18,62.07,30,14,46.67,8,3,37.5,3,17,13,1,2,2,0,0.855,0.107,0.107,33.786,33.79,57.57,0.642,0.107,3.197,1.176,3.208,1.497,0.855,0.32,4.01,0.321,1.818,1.39,0.107,3.101,1.92,6.64,1.34,1.34,10.69,0.2,4.99,68.74,62.24,54.34,45.75,50.38,38.85,50.44,33.38,60.32,39.79,59.96,67.84,24.32,48.62,0,0,0,0,0,0,0.0,0.0,0.0,0.0,0.0,73.06,6,3,3,60.49,12,Match_240,2025-01-30T18:31:11.824711+00:00,[],0,8,1,1,316,316,0,75.13,6,1,3.0,5,30,14,8,3,3,17,13,1,29,18,44.2,
"Fernandez, Luis",ST,754.85,74.98,28.29,69.28,68.07,38.9,starter,De La Salle University,98,0.0,0.0,0.0,0.0,38.87,39.09,0.0,0.0,0.0,0.0,0.0,0.0,0.0,44.37,47.98,0.0,0.0,0.0,0.0,0.0,40.54,51.93,36.79,31.5,57.63,72.4,55.64,3563,7.87,94,94,0,100.0,1,1.06,0,22.47,3,31,3,2,9.68,6.45,19,11,57.89,20,10,50.0,16,7,43.75,5,3,10,2,2,2,0,3.696,0.358,0.238,11.208,11.21,74.8,0.119,0.0,2.679,0.358,2.385,1.192,1.908,0.83,5.22,0.596,0.358,1.192,0.238,2.265,1.31,6.9,1.15,0.77,11.92,0.13,5.96,29.52,34.27,61.66,62.66,68.53,37.08,47.03,35.75,61.4,31.3,78.11,34.74,48.92,24.49,0,0,0,0,0,0,0.0,0.0,0.0,0.0,0.0,52.14,1,5,2,73.79,12,Match_91,2025-08-29T22:14:28.825712+00:00,[],0,31,3,2,94,94,0,45.58,1,0,1.22,3,20,10,16,7,5,3,10,2,19,11,36.33,
"Apostol, Carlo",CF,751.08,26.48,64.1,26.2,29.23,72.16,starter,Riverside FC,42,0.0,0.0,0.0,0.0,69.05,44.58,0.0,0.0,0.0,0.0,0.0,0.0,0.0,65.74,45.42,0.0,0.0,0.0,0.0,0.0,59.75,73.11,57.22,41.87,49.44,71.09,54.27,4085,9.06,241,235,6,97.51,4,1.66,0,12.65,16,22,2,1,9.09,4.55,3,1,33.33,15,5,33.33,5,3,60.0,3,6,1,0,2,1,0,2.636,0.24,0.12,28.878,28.16,0.72,0.479,0.0,1.516,1.917,1.797,0.599,0.599,0.36,7.19,0.359,0.719,0.12,0.0,0.359,0.12,3.99,1.09,0.55,11.68,0.2,3.99,74.38,52.46,34.21,62.61,21.58,43.17,37.0,53.45,41.16,60.27,76.21,42.26,39.43,76.37,0,0,0,0,0,0,0.0,0.0,0.0,0.0,0.0,66.46,4,3,3,77.16,12,Match_252,2025-05-17T10:36:02.825712+00:00,[],0,22,2,1,241,235,6,27.94,4,0,2.84,1,15,5,5,3,3,6,1,0,3,1,21.7,
"Diola, Ezekiel",RB,879.84,45.02,47.47,56.33,45.9,76.31,DNP,Westwood Athletic,3,0.0,0.0,0.0,0.0,30.85,66.39,0.0,0.0,0.0,0.0,0.0,0.0,0.0,40.87,73.33,0.0,0.0,0.0,0.0,0.0,78.45,68.75,70.95,64.12,52.29,57.34,48.46,7081,13.41,182,94,88,51.65,3,1.65,0,10.18,6,7,1,0,14.29,0.0,3,2,66.67,36,19,52.78,17,0,0.0,6,16,9,1,3,1,0,0.716,0.102,0.0,18.617,9.62,9.0,0.307,0.0,1.041,0.614,3.682,1.944,1.739,46.15,42.98,0.614,1.637,0.921,0.102,0.307,0.2,6.82,1.46,49.5,5.28,0.17,5.4,47.73,75.06,24.03,40.45,26.47,22.32,32.43,70.9,35.17,56.7,47.43,55.95,73.64,74.74,0,0,0,0,0,0,0.0,0.0,0.0,0.0,0.0,71.58,6,2,3,61.41,13,Match_128,2025-10-19T01:11:12.826707+00:00,[],0,7,1,0,182,94,88,44.65,3,0,4.89,5,36,19,17,0,6,16,9,1,3,2,20.5,
"Labrador, Sean",CM,741.62,64.46,73.44,76.01,23.73,31.61,substitute,Highland Wanderers,57,0.0,0.0,0.0,0.0,49.47,34.8,0.0,0.0,0.0,0.0,0.0,0.0,0.0,44.65,57.76,0.0,0.0,0.0,0.0,0.0,35.15,30.58,62.1,57.62,77.3,59.19,44.61,3424,7.69,265,198,67,74.72,8,3.02,2,22.01,6,14,5,2,35.71,14.29,10,2,20.0,17,8,47.06,1,0,0.0,4,9,4,1,2,1,0,1.699,0.607,0.243,32.159,24.03,8.13,0.971,0.243,2.671,0.728,2.063,0.971,0.121,73.62,72.58,0.485,1.092,0.485,0.121,1.214,0.24,2.43,4.33,1.73,9.07,0.37,5.71,29.53,59.61,69.84,64.84,21.55,24.75,79.81,45.28,54.62,23.18,37.47,44.96,45.15,50.2,0,0,0,0,0,0,0.0,0.0,0.0,0.0,0.0,61.54,3,3,4,30.73,10,Match_99,2025-05-12T01:29:51.827706+00:00,[],0,14,5,2,265,198,67,88.54,8,2,0.56,2,17,8,1,0,4,9,4,1,10,2,50.38,
"Pedimonte, Nhiboy",RW,818.66,52.29,29.3,51.35,67.73,28.18,starter,Brookside United,20,0.0,0.0,0.0,0.0,46.12,41.14,0.0,0.0,0.0,0.0,0.0,0.0,0.0,60.98,53.26,0.0,0.0,0.0,0.0,0.0,71.29,43.49,77.02,45.48,30.36,63.38,33.71,17312,35.24,105,76,29,72.38,2,1.9,0,9.23,2,2,2,0,100.0,0.0,13,4,30.77,13,9,69.23,12,3,25.0,2,22,6,1,3,1,0,0.22,0.22,0.0,11.543,8.36,3.19,0.22,0.0,1.015,0.22,1.429,0.989,1.319,0.33,2.75,0.22,2.419,0.66,0.11,1.429,0.44,3.38,10.99,73.56,7.96,0.21,7.61,67.8,28.8,44.06,63.17,62.45,65.35,35.43,46.25,20.08,31.75,49.56,58.73,76.49,22.0,0,0,0,0,0,0,0.0,0.0,0.0,0.0,0.0,52.23,1,2,1,42.99,11,Match_388,2025-10-17T06:55:02.827706+00:00,[],0,2,2,0,105,76,29,70.02,2,0,0.42,2,13,9,12,3,2,22,6,1,13,4,49.48,
"Unabia, Mark",CAM,798.4,71.55,27.11,20.07,50.87,63.44,starter,Lakeside Athletic,1,0.0,0.0,0.0,0.0,37.86,50.35,0.0,0.0,0.0,0.0,0.0,0.0,0.0,51.88,40.64,0.0,0.0,0.0,0.0,0.0,46.78,67.07,51.17,45.98,46.48,42.11,76.98,8878,18.53,238,132,106,55.46,1,0.42,0,11.64,12,11,4,1,36.36,9.09,13,13,100.0,7,5,71.43,12,8,66.67,1,14,8,1,1,1,0,1.24,0.451,0.113,26.829,14.88,11.95,0.113,0.0,1.312,1.353,0.789,0.564,1.353,0.9,7.52,0.113,1.578,0.902,0.113,1.465,1.47,11.27,4.1,1.02,6.25,0.05,8.05,44.02,72.33,26.17,30.23,48.77,58.93,63.47,23.29,69.62,23.49,33.57,45.48,52.88,42.38,0,0,0,0,0,0,0.0,0.0,0.0,0.0,0.0,70.52,3,3,5,48.33,20,Match_286,2025-12-06T22:03:08.828705+00:00,[],0,11,4,1,238,132,106,47.44,1,0,3.47,5,7,5,12,8,1,14,8,1,13,13,29.56,
"Escodo, Miguel",RWB,890.12,57.7,71.61,40.03,33.8,55.95,substitute,Westwood Athletic,89,0.0,0.0,0.0,0.0,72.94,31.16,0.0,0.0,0.0,0.0,0.0,0.0,0.0,64.99,61.19,0.0,0.0,0.0,0.0,0.0,52.84,30.32,68.54,72.66,52.57,46.56,79.12,15117,28.31,415,326,89,78.55,4,0.96,0,11.58,32,7,2,1,28.57,14.29,1,1,100.0,7,4,57.14,1,0,0.0,2,1,6,2,1,2,0,0.708,0.202,0.101,41.961,32.96,9.0,0.404,0.0,1.171,3.236,0.708,0.404,0.101,32.13,54.47,0.202,0.101,0.607,0.202,0.101,0.1,10.11,2.89,1.44,7.94,0.1,5.78,39.28,72.02,79.27,64.89,35.26,65.61,40.79,43.01,60.69,56.93,64.52,60.14,29.95,36.88,0,0,0,0,0,0,0.0,0.0,0.0,0.0,0.0,36.4,2,4,6,33.75,9,Match_58,2025-03-31T02:24:44.829706+00:00,[],0,7,2,1,415,326,89,61.6,4,0,4.49,5,7,4,1,0,2,1,6,2,1,1,74.7,
"Digal, Edvard",RW,909.26,51.05,56.92,43.46,50.55,36.5,substitute,Summit Peak FC,47,0.0,0.0,0.0,0.0,42.14,62.42,0.0,0.0,0.0,0.0,0.0,0.0,0.0,76.84,74.75,0.0,0.0,0.0,0.0,0.0,68.53,65.9,30.51,69.77,40.8,60.4,75.55,2579,4.73,383,306,77,79.9,4,1.04,0,29.32,15,18,5,1,27.78,5.56,0,0,78.49,18,18,100.0,8,1,12.5,1,6,10,1,2,1,0,1.782,0.495,0.099,37.91,30.29,7.62,0.396,0.0,2.902,1.485,1.782,1.782,0.792,0.1,1.24,0.099,0.594,0.99,0.099,0.0,38.64,7.77,2.75,0.55,7.91,0.1,9.9,55.29,22.09,23.5,77.36,67.82,50.2,30.25,64.07,60.43,46.65,35.93,21.61,57.03,53.47,0,0,0,0,0,0,0.0,0.0,0.0,0.0,0.0,47.88,6,4,5,44.07,18,Match_88,2025-08-25T21:48:55.829706+00:00,[],0,18,5,1,383,306,77,70.38,4,0,3.11,2,18,18,8,1,1,6,10,1,0,0,85.76,
"Amador, Roniel",ST,963.68,68.88,22.39,29.37,59.4,45.12,DNP,Highland Wanderers,2,0.0,0.0,0.0,0.0,79.89,59.95,0.0,0.0,0.0,0.0,0.0,0.0,0.0,55.73,49.56,0.0,0.0,0.0,0.0,0.0,71.44,73.57,70.8,41.89,60.59,66.04,34.55,13593,23.51,519,519,0,100.0,19,3.66,2,24.91,4,31,4,1,12.9,3.23,15,15,100.0,9,3,33.33,14,11,78.57,3,14,10,1,3,2,0,2.895,0.374,0.093,48.47,48.47,64.07,1.774,0.187,2.326,0.374,0.841,0.28,1.307,1.03,7.34,0.28,1.307,0.934,0.093,1.401,1.4,9.34,1.2,0.3,9.34,0.34,3.11,29.29,56.97,76.9,59.76,28.06,40.1,39.91,52.8,29.84,54.47,72.18,75.63,75.28,52.88,0,0,0,0,0,0,0.0,0.0,0.0,0.0,0.0,52.96,3,3,3,72.25,11,Match_397,2025-02-07T05:03:08.830701+00:00,[],0,31,4,1,519,519,0,75.13,19,2,4.04,1,9,3,14,11,3,14,10,1,15,15,39.03,
"Aningalan, Hugo",CDM,958.4,57.45,47.3,79.59,51.48,76.44,substitute,Valley Rovers,67,0.0,0.0,0.0,0.0,45.49,41.88,0.0,0.0,0.0,0.0,0.0,0.0,0.0,62.83,56.93,0.0,0.0,0.0,0.0,0.0,75.46,71.7,54.24,32.97,33.6,36.16,70.36,15108,26.27,152,152,0,100.0,4,2.63,0,21.25,9,21,8,2,38.1,9.52,14,14,100.0,52,22,42.31,5,5,100.0,3,7,9,1,1,2,0,1.972,0.751,0.188,14.274,14.27,40.01,0.376,0.0,1.996,0.845,4.883,2.066,0.47,0.47,9.39,0.282,0.657,0.845,0.094,1.315,1.31,9.39,3.58,0.89,9.39,0.25,3.97,39.84,36.73,50.76,73.01,65.51,77.99,34.14,20.26,75.08,75.57,28.17,76.14,79.47,79.02,0,0,0,0,0,0,0.0,0.0,0.0,0.0,0.0,39.08,6,2,5,89.04,20,Match_235,2025-05-16T20:01:12.831706+00:00,[],0,21,8,2,152,152,0,79.15,4,0,3.98,3,52,22,5,5,3,7,9,1,14,14,78.01,
"Unabia, Charles",GK,1346.3,55.66,51.11,71.98,78.07,26.13,starter,Riverside FC,43,0.0,0.0,0.0,0.0,62.3,73.01,0.0,0.0,0.0,0.0,0.0,0.0,0.0,40.28,48.85,0.0,0.0,0.0,0.0,0.0,34.94,35.72,54.41,75.24,72.89,69.57,67.08,13966,17.29,254,133,121,52.36,3,1.18,0,13.16,21,17,7,2,41.18,11.76,15,11,73.33,40,1,2.5,15,7,46.67,3,41,4,3,1,3,0,1.136,0.468,0.134,16.98,8.89,8.09,0.201,0.0,0.88,1.404,2.674,0.067,1.003,0.47,3.12,0.201,2.741,0.267,0.201,1.003,0.74,4.9,2.75,0.79,3.5,0.08,0.17,22.11,62.39,46.97,75.43,34.48,23.17,70.22,77.61,30.58,73.1,59.03,65.03,49.52,52.21,39,19,20,48.72,39,20,1.27,1.337,2.607,2.607,1.337,3.26,3,4,4,82.06,18,Match_161,2025-03-30T10:08:56.831706+00:00,[],0,17,7,2,254,133,121,43.02,3,0,3.31,2,40,1,15,7,3,41,4,3,15,11,65.67,
"Lagaya, Rick Matthew",LW,891.35,28.8,30.28,59.77,62.29,42.87,starter,2 Worlds FC,18,0.0,0.0,0.0,0.0,48.91,38.0,0.0,0.0,0.0,0.0,0.0,0.0,0.0,59.18,49.94,0.0,0.0,0.0,0.0,0.0,32.76,74.67,51.69,41.89,50.35,69.36,52.51,17714,33.12,291,260,31,89.35,7,2.41,1,20.04,2,22,3,4,13.64,18.18,20,11,55.0,23,1,4.35,7,1,14.29,3,9,11,0,2,1,0,2.221,0.303,0.404,29.382,26.25,3.13,0.707,0.101,2.023,0.202,2.322,0.101,0.707,0.1,1.44,0.303,0.909,1.111,0.0,2.019,1.11,5.55,1.38,1.84,9.02,0.24,0.44,55.04,74.68,38.97,77.14,36.35,55.36,62.89,51.56,38.61,52.21,73.43,79.61,70.44,79.41,0,0,0,0,0,0,0.0,0.0,0.0,0.0,0.0,64.71,4,2,1,57.73,19,Match_27,2025-03-25T07:28:25.832706+00:00,[],0,22,3,4,291,260,31,44.61,7,1,0.33,4,23,1,7,1,3,9,11,0,20,11,84.92,
"Asignar, Josh Rupert",RWB,759.84,25.36,30.92,52.22,69.43,35.96,starter,De La Salle University,96,0.0,0.0,0.0,0.0,69.44,73.94,0.0,0.0,0.0,0.0,0.0,0.0,0.0,43.29,65.5,0.0,0.0,0.0,0.0,0.0,72.76,70.42,32.63,45.24,47.17,76.34,31.89,11135,24.42,441,307,134,69.61,11,2.49,1,5.58,26,13,1,2,7.69,15.38,8,3,37.5,28,1,3.57,20,15,75.0,4,9,9,0,0,2,0,1.54,0.118,0.237,52.235,36.36,15.87,1.303,0.118,0.661,3.08,3.316,0.118,2.369,1.78,8.88,0.474,1.066,1.066,0.0,0.948,0.36,4.44,0.91,1.82,8.25,0.29,0.42,58.0,68.8,65.26,78.72,58.2,42.1,34.56,73.44,30.41,77.24,27.74,68.25,70.35,49.98,0,0,0,0,0,0,0.0,0.0,0.0,0.0,0.0,73.93,3,6,2,38.79,15,Match_107,2024-12-13T03:05:03.833705+00:00,[],0,13,1,2,441,307,134,43.65,11,1,1.84,1,28,1,20,15,4,9,9,0,8,3,80.66,
"Libarnes, Jaro",CDM,393.81,67.69,24.15,67.32,45.28,67.06,starter,Highland Wanderers,69,0.0,0.0,0.0,0.0,49.74,50.23,0.0,0.0,0.0,0.0,0.0,0.0,0.0,33.87,44.14,0.0,0.0,0.0,0.0,0.0,33.87,59.39,37.49,55.53,42.84,53.3,55.13,1373,5.81,143,117,26,81.82,4,2.8,0,26.05,8,5,1,0,20.0,0.0,2,1,50.0,27,7,25.93,11,6,54.55,0,3,3,0,1,1,0,1.143,0.229,0.0,32.681,26.74,5.94,0.914,0.0,5.953,1.828,6.17,1.6,2.514,1.37,12.47,0.0,0.686,0.686,0.0,0.457,0.23,11.43,4.57,69.51,18.7,0.64,5.93,37.13,72.17,47.61,51.66,70.48,79.19,40.6,56.52,37.82,77.92,50.89,75.65,35.87,60.27,0,0,0,0,0,0,0.0,0.0,0.0,0.0,0.0,50.5,7,4,6,65.4,18,Match_24,2025-06-01T13:20:20.833705+00:00,[],0,5,1,0,143,117,26,78.62,4,0,0.93,1,27,7,11,6,0,3,3,0,2,1,47.73,
"Garcia, Jaro",LWB,846.18,49.94,72.03,42.56,52.66,34.87,starter,Redwood Borough,65,0.0,0.0,0.0,0.0,60.46,34.97,0.0,0.0,0.0,0.0,0.0,0.0,0.0,48.34,74.25,0.0,0.0,0.0,0.0,0.0,42.9,59.73,32.17,77.37,59.44,48.83,62.53,16189,31.89,477,353,124,74.0,6,1.26,1,28.08,28,6,1,0,16.67,0.0,12,4,33.33,80,48,60.0,3,3,100.0,3,23,11,2,2,1,0,0.638,0.106,0.0,50.734,37.55,13.19,0.638,0.106,2.987,2.978,8.509,5.105,0.319,0.32,10.64,0.319,2.446,1.17,0.213,1.276,0.43,3.54,1.77,76.62,7.87,0.13,6.38,45.46,57.47,39.23,73.26,66.5,24.54,52.45,21.01,27.02,69.12,32.4,36.81,68.49,39.56,0,0,0,0,0,0,0.0,0.0,0.0,0.0,0.0,46.89,2,3,6,28.72,16,Match_235,2025-06-01T12:55:21.834705+00:00,[],0,6,1,0,477,353,124,27.71,6,1,1.27,3,80,48,3,3,3,23,11,2,12,4,26.52,
"Lopez, Marco",CAM,937.04,61.95,59.77,42.02,68.54,23.7,starter,2 Worlds FC,17,0.0,0.0,0.0,0.0,37.09,79.78,0.0,0.0,0.0,0.0,0.0,0.0,0.0,42.77,38.67,0.0,0.0,0.0,0.0,0.0,73.1,71.84,46.92,74.59,68.08,33.92,31.4,7059,12.56,843,843,0,100.0,24,2.85,5,5.05,38,8,1,1,12.5,12.5,6,4,66.67,23,11,47.83,10,4,40.0,4,8,8,1,2,0,0,0.768,0.096,0.096,80.968,80.97,67.32,2.305,0.48,0.485,3.65,2.209,1.057,0.96,0.38,3.84,0.384,0.768,0.768,0.096,0.576,0.38,6.4,1.2,1.2,9.6,0.27,4.59,47.19,60.12,51.78,78.59,29.84,65.56,43.66,38.8,72.42,56.62,62.59,25.55,69.93,42.46,0,0,0,0,0,0,0.0,0.0,0.0,0.0,0.0,63.83,8,2,3,31.9,1,Match_111,2025-10-27T04:00:34.834705+00:00,[],0,8,1,1,843,843,0,68.04,24,5,3.92,3,23,11,10,4,4,8,8,1,6,4,71.96,
"Garcia, Sam",CB,1077.94,43.08,69.83,29.89,48.69,39.02,substitute,Riverstone FC,5,0.0,0.0,0.0,0.0,72.38,63.18,0.0,0.0,0.0,0.0,0.0,0.0,0.0,35.16,52.36,0.0,0.0,0.0,0.0,0.0,47.37,62.09,31.69,44.79,32.98,55.99,53.56,3910,6.05,864,518,346,59.95,18,2.08,3,29.04,50,12,3,1,25.0,8.33,10,2,20.0,5,3,60.0,32,22,68.75,5,17,16,2,2,2,0,1.002,0.25,0.083,72.138,43.25,28.89,1.503,0.25,2.425,4.175,0.417,0.25,2.672,1.84,5.74,0.417,1.419,1.336,0.167,0.835,0.17,1.67,2.09,0.7,5.01,0.17,5.01,54.09,62.44,36.94,69.04,56.47,35.17,28.18,74.65,34.2,29.23,38.15,20.49,53.22,55.66,0,0,0,0,0,0,0.0,0.0,0.0,0.0,0.0,75.21,4,0,1,64.33,1,Match_239,2025-02-25T13:13:23.835701+00:00,[],0,12,3,1,864,518,346,50.09,18,3,4.68,4,5,3,32,22,5,17,16,2,10,2,37.38,
"Tabay, Albin",CAM,1238.81,52.25,51.7,24.21,42.79,44.73,DNP,Ateneo de Manila University,72,0.0,0.0,0.0,0.0,62.05,35.39,0.0,0.0,0.0,0.0,0.0,0.0,0.0,56.45,39.41,0.0,0.0,0.0,0.0,0.0,47.5,78.36,35.05,77.32,33.33,55.85,79.58,8693,11.7,864,661,203,76.5,17,1.97,0,16.72,87,14,1,1,7.14,7.14,45,14,31.11,5,3,60.0,10,8,80.0,8,30,10,1,3,1,0,1.017,0.073,0.073,62.77,48.02,14.75,1.235,0.0,1.215,6.321,0.363,0.218,0.727,0.58,5.81,0.581,2.18,0.727,0.073,3.269,1.02,2.26,0.52,0.52,5.56,0.14,4.36,68.57,29.47,27.02,54.34,60.57,72.13,22.17,29.24,60.24,31.53,43.55,53.7,69.0,32.41,0,0,0,0,0,0,0.0,0.0,0.0,0.0,0.0,36.06,4,4,3,67.93,12,Match_345,2025-01-29T18:35:54.836728+00:00,[],0,14,1,1,864,661,203,88.29,17,0,3.59,1,5,3,10,8,8,30,10,1,45,14,73.99,
"Barro, Harvy",CM,1350.0,27.9,62.93,47.23,65.07,29.21,starter,Metro FC,45,0.0,0.0,0.0,0.0,53.77,77.01,0.0,0.0,0.0,0.0,0.0,0.0,0.0,57.52,63.01,0.0,0.0,0.0,0.0,0.0,39.0,79.73,40.77,42.46,38.99,63.13,55.64,23316,28.79,1247,0,1247,0.0,42,3.37,7,21.94,1,22,9,1,40.91,4.55,14,1,7.14,16,4,25.0,29,10,34.48,4,12,7,1,2,1,0,1.467,0.6,0.067,83.133,40.56,83.13,2.8,0.467,1.463,0.067,1.067,0.267,1.933,0.67,2.3,0.267,0.8,0.467,0.067,0.933,0.07,0.48,2.73,0.3,51.77,0.22,1.67,62.45,59.18,29.12,24.51,42.64,64.78,27.06,21.57,31.75,49.85,58.55,63.69,25.57,78.35,0,0,0,0,0,0,0.0,0.0,0.0,0.0,0.0,45.41,1,5,5,66.11,4,Match_10,2025-01-19T23:01:32.836728+00:00,[],0,22,9,1,1247,0,1247,27.59,42,7,0.21,2,16,4,29,10,4,12,7,1,14,1,37.88,
"Escodo, Bel",RWB,721.69,39.91,70.66,67.94,44.37,73.37,starter,University of Santo Tomas,28,0.0,0.0,0.0,0.0,67.69,61.63,0.0,0.0,0.0,0.0,0.0,0.0,0.0,50.22,41.22,0.0,0.0,0.0,0.0,0.0,73.65,55.56,78.66,46.45,48.61,40.61,58.01,8899,20.55,180,33,147,18.33,3,1.67,0,13.72,5,17,2,1,11.76,5.88,3,2,66.67,31,24,77.42,12,2,16.67,3,14,11,2,3,1,0,2.12,0.249,0.125,22.447,4.12,18.33,0.374,0.0,1.711,0.624,3.866,2.993,1.496,0.25,2.08,0.374,1.746,1.372,0.249,0.374,0.25,8.31,1.47,0.73,2.29,0.21,9.65,66.7,37.59,72.9,52.5,51.57,31.56,72.52,30.27,48.09,55.99,20.31,54.67,31.19,51.48,0,0,0,0,0,0,0.0,0.0,0.0,0.0,0.0,38.96,4,3,0,40.98,17,Match_122,2024-12-14T18:44:57.837713+00:00,[],0,17,2,1,180,33,147,68.61,3,0,1.3,4,31,24,12,2,3,14,11,2,3,2,65.04,
"Alcantara, Paolo",LWB,762.62,50.94,44.8,73.92,36.41,45.84,starter,Lakeside Athletic,47,0.0,0.0,0.0,0.0,57.69,39.26,0.0,0.0,0.0,0.0,0.0,0.0,0.0,31.75,63.74,0.0,0.0,0.0,0.0,0.0,59.62,58.9,76.0,69.38,69.95,63.43,75.19,16016,35.0,433,433,0,100.0,12,2.77,1,13.62,34,10,3,1,30.0,10.0,7,4,57.14,45,34,75.56,12,7,58.33,2,7,6,1,0,2,0,1.18,0.354,0.118,51.1,51.1,33.1,1.416,0.118,1.607,4.012,5.311,4.012,1.416,0.83,6.88,0.236,0.826,0.708,0.118,0.826,0.47,6.74,3.54,1.18,11.8,0.33,8.92,48.78,62.7,25.9,33.85,66.0,27.82,44.02,26.34,39.97,73.42,54.51,48.85,22.24,35.61,0,0,0,0,0,0,0.0,0.0,0.0,0.0,0.0,40.45,1,7,4,37.76,20,Match_86,2025-11-27T20:32:06.838712+00:00,[],0,10,3,1,433,433,0,72.35,12,1,1.16,3,45,34,12,7,2,7,6,1,7,4,54.79,
"Apostol, Carlo",RWB,816.6,49.99,25.37,36.02,21.64,37.4,DNP,Harborview United,30,0.0,0.0,0.0,0.0,55.36,79.29,0.0,0.0,0.0,0.0,0.0,0.0,0.0,66.93,66.08,0.0,0.0,0.0,0.0,0.0,67.08,65.65,77.68,63.38,39.34,77.61,47.83,14255,29.09,644,562,82,87.27,0,0.0,0,13.79,0,4,0,0,0.0,0.0,1,1,100.0,27,1,3.7,7,1,14.29,3,23,6,1,1,1,0,0.441,0.0,0.0,70.977,61.94,9.04,0.0,0.0,1.52,0.0,2.976,0.11,0.771,0.11,1.57,0.331,2.535,0.661,0.11,0.11,0.11,11.02,33.43,30.78,9.62,67.66,0.41,67.96,36.36,61.16,36.85,40.28,54.0,60.47,67.28,21.72,33.85,20.42,25.17,56.06,44.82,0,0,0,0,0,0,0.0,0.0,0.0,0.0,0.0,78.04,4,6,4,24.33,13,Match_119,2025-01-18T01:55:07.838712+00:00,[],0,4,0,0,644,562,82,59.46,0,0,3.66,2,27,1,7,1,3,23,6,1,1,1,26.84,
"Garcia, Jaro",RWB,1005.86,53.1,31.33,64.73,48.43,47.8,substitute,Eastview Rangers,33,0.0,0.0,0.0,0.0,41.21,30.23,0.0,0.0,0.0,0.0,0.0,0.0,0.0,58.85,54.2,0.0,0.0,0.0,0.0,0.0,40.93,73.82,59.89,59.39,34.59,70.05,31.53,15983,26.48,358,358,0,100.0,0,0.0,0,16.38,7,0,0,0,35.01,9.74,17,12,70.59,0,0,53.4,6,3,50.0,1,18,6,3,2,2,0,0.0,0.0,0.0,32.032,32.03,69.57,0.0,0.0,1.466,0.626,0.0,0.0,0.537,0.27,4.47,0.089,1.611,0.537,0.268,1.521,1.07,6.32,3.13,0.87,8.95,77.79,4.78,20.94,45.2,68.63,75.68,39.84,59.65,40.12,62.59,38.29,30.87,77.28,35.3,56.78,43.23,0,0,0,0,0,0,0.0,0.0,0.0,0.0,0.0,51.71,4,2,3,50.35,2,Match_22,2025-04-17T07:44:09.839718+00:00,[],0,0,0,0,358,358,0,32.73,0,0,1.52,4,0,0,6,3,1,18,6,3,17,12,20.17,
"Tagara, Pedro",CDM,827.71,59.34,61.01,22.77,25.43,20.77,substitute,Crown City FC,12,0.0,0.0,0.0,0.0,63.13,45.32,0.0,0.0,0.0,0.0,0.0,0.0,0.0,78.41,60.84,0.0,0.0,0.0,0.0,0.0,34.75,61.54,32.34,33.41,43.67,37.09,42.26,13142,26.46,934,934,0,100.0,11,1.18,1,27.13,9,10,5,0,50.0,0.0,13,6,46.15,45,40,88.89,6,1,16.67,4,15,7,2,3,1,0,1.087,0.544,0.0,101.557,100.0,71.32,1.196,0.109,2.95,0.979,4.893,4.349,0.652,0.11,1.81,0.435,1.631,0.761,0.217,1.414,0.65,5.02,5.44,66.01,10.87,0.13,9.67,53.37,76.76,27.53,62.73,37.03,59.37,46.91,77.12,64.26,34.36,71.39,72.44,66.69,76.39,0,0,0,0,0,0,0.0,0.0,0.0,0.0,0.0,51.35,7,2,2,21.14,16,Match_261,2025-10-03T21:46:18.840712+00:00,[],0,10,5,0,934,934,0,54.77,11,1,2.44,5,45,40,6,1,4,15,7,2,13,6,36.16,
"Fernandez, Laurence",RB,768.93,68.27,77.61,77.59,60.51,51.3,substitute,De La Salle University,68,0.0,0.0,0.0,0.0,76.86,67.05,0.0,0.0,0.0,0.0,0.0,0.0,0.0,56.38,46.79,0.0,0.0,0.0,0.0,0.0,33.26,68.62,46.61,78.18,62.15,59.59,73.59,12817,27.78,446,199,247,44.62,13,2.91,3,13.44,13,17,9,3,52.94,17.65,6,1,16.67,28,20,71.43,12,7,58.33,4,3,5,1,0,1,0,1.99,1.053,0.351,52.202,23.29,28.91,1.522,0.351,1.573,1.522,3.277,2.341,1.405,0.82,6.83,0.468,0.351,0.585,0.117,0.702,0.12,1.95,6.2,2.07,5.22,0.34,8.36,55.67,24.38,63.29,20.12,63.66,27.25,79.33,27.16,38.04,44.08,35.27,62.75,24.9,26.18,0,0,0,0,0,0,0.0,0.0,0.0,0.0,0.0,77.29,2,3,2,85.9,3,Match_148,2025-10-04T05:05:06.840712+00:00,[],0,17,9,3,446,199,247,41.29,13,3,0.23,1,28,20,12,7,4,3,5,1,6,1,52.06,
"Lagaya, Rick Matthew",GK,1350.0,33.3,48.98,78.3,23.62,44.55,starter,University of Santo Tomas,97,0.0,0.0,0.0,0.0,35.29,45.71,0.0,0.0,0.0,0.0,0.0,0.0,0.0,56.35,36.65,0.0,0.0,0.0,0.0,0.0,64.8,45.47,63.79,30.35,49.29,48.53,77.12,15918,19.65,0,0,0,68.35,0,0.07,0,21.75,0,16,5,0,31.25,0.0,18,12,66.67,11,2,18.18,2,2,100.0,3,2,15,1,3,1,0,1.067,0.333,0.0,0.0,52.65,65.87,0.0,0.0,1.45,0.0,0.733,0.133,0.133,0.13,6.67,0.2,0.133,1.0,0.067,1.2,0.8,4.44,2.08,31.16,4.0,0.0,1.21,44.35,63.68,28.9,45.82,74.63,70.62,52.96,32.9,54.27,79.85,47.56,44.59,44.15,69.52,33,10,23,30.3,33,23,0.667,1.533,2.2,2.2,1.533,2.02,2,6,3,73.21,12,Match_20,2025-03-25T08:41:13.841712+00:00,[],0,16,5,0,0,0,0,83.89,0,0,4.74,4,11,2,2,2,3,2,15,1,18,12,73.37,
"Valdez, Alysa",ST,809.62,55.78,40.86,71.15,67.91,60.39,starter,Westwood Athletic,23,0.0,0.0,0.0,0.0,51.6,64.8,0.0,0.0,0.0,0.0,0.0,0.0,0.0,57.09,54.58,0.0,0.0,0.0,0.0,0.0,43.14,50.45,66.33,59.79,67.14,54.06,39.83,7865,16.19,480,421,59,87.71,13,2.71,2,23.88,19,19,6,0,31.58,0.0,4,1,25.0,3,0,0.0,14,7,50.0,6,12,8,1,2,0,0,2.112,0.667,0.0,53.358,46.8,6.56,1.445,0.222,2.655,2.112,0.333,0.0,1.556,0.78,5.56,0.667,1.334,0.889,0.111,0.445,0.11,2.78,3.51,36.99,9.75,0.3,63.95,36.14,40.42,39.0,27.99,48.25,41.63,36.57,66.4,50.59,50.13,46.8,55.16,49.9,54.64,0,0,0,0,0,0,0.0,0.0,0.0,0.0,0.0,74.49,4,4,5,78.88,15,Match_215,2025-08-11T21:39:04.842711+00:00,[],0,19,6,0,480,421,59,25.16,13,2,2.17,5,3,0,14,7,6,12,8,1,4,1,46.33,
"Omitade, Edvard",LB,994.03,49.11,57.97,55.61,21.48,63.21,starter,Highland Wanderers,26,0.0,0.0,0.0,0.0,47.02,30.09,0.0,0.0,0.0,0.0,0.0,0.0,0.0,49.39,41.58,0.0,0.0,0.0,0.0,0.0,68.02,62.18,73.64,38.87,77.31,62.71,68.9,19245,32.27,1024,336,688,32.81,17,1.66,4,25.16,15,8,1,2,12.5,25.0,10,10,100.0,44,14,31.82,14,4,28.57,3,10,10,1,1,1,0,0.724,0.091,0.181,92.713,30.42,62.29,1.539,0.362,2.278,1.358,3.984,1.268,1.268,0.36,2.59,0.272,0.905,0.905,0.091,0.905,0.91,9.05,1.13,2.26,2.97,0.15,2.88,41.49,70.3,32.6,63.4,66.02,56.03,32.53,28.16,46.07,33.03,35.47,28.97,76.62,61.83,0,0,0,0,0,0,0.0,0.0,0.0,0.0,0.0,44.21,5,1,2,72.89,7,Match_53,2025-09-05T02:53:50.842711+00:00,[],0,8,1,2,1024,336,688,27.66,17,4,2.34,2,44,14,14,4,3,10,10,1,10,10,81.69,
"Omitade, Edvard",LW,534.74,43.36,58.08,78.1,27.67,58.74,starter,Highland Wanderers,36,0.0,0.0,0.0,0.0,74.94,52.76,0.0,0.0,0.0,0.0,0.0,0.0,0.0,72.52,64.1,0.0,0.0,0.0,0.0,0.0,79.16,71.28,44.98,37.32,64.5,78.78,38.21,3302,10.29,36,15,21,41.67,1,2.78,0,22.36,0,27,14,1,51.85,3.7,5,3,60.0,18,18,100.0,19,12,63.16,1,7,4,0,4,0,0,4.544,2.356,0.168,6.059,2.52,3.53,0.168,0.0,3.763,0.0,3.03,3.03,3.198,2.02,10.63,0.168,1.178,0.673,0.0,0.842,0.5,10.1,8.73,0.62,7.01,0.47,16.83,73.45,57.56,20.76,47.88,46.39,55.55,68.06,58.5,42.3,76.11,60.65,48.65,45.26,59.52,0,0,0,0,0,0,0.0,0.0,0.0,0.0,0.0,40.82,4,1,5,46.95,7,Match_356,2024-12-08T00:24:00.843713+00:00,[],0,27,14,1,36,15,21,48.63,1,0,0.43,2,18,18,19,12,1,7,4,0,5,3,66.36,
"Moleje, Josh",CM,847.84,50.89,33.06,32.67,61.6,21.37,substitute,Westwood Athletic,87,0.0,0.0,0.0,0.0,64.2,77.6,0.0,0.0,0.0,0.0,0.0,0.0,0.0,57.8,54.23,0.0,0.0,0.0,0.0,0.0,46.01,32.47,45.53,69.55,78.58,36.3,51.34,11141,21.9,480,122,358,25.42,3,0.62,0,14.49,3,0,0,0,27.4,6.48,5,3,60.0,17,5,29.41,12,12,100.0,3,16,3,2,2,3,0,0.0,0.0,0.0,50.953,12.95,38.0,0.318,0.0,1.538,0.318,1.805,0.531,1.274,1.27,10.62,0.318,1.698,0.318,0.212,0.531,0.32,6.37,2.91,0.69,2.7,0.07,3.12,29.9,55.63,42.45,54.9,60.45,77.84,67.87,66.76,60.86,63.65,27.67,20.7,46.15,72.62,0,0,0,0,0,0,0.0,0.0,0.0,0.0,0.0,74.96,2,4,1,31.05,6,Match_382,2025-10-22T08:12:13.844712+00:00,[],0,0,0,0,480,122,358,52.33,3,0,2.24,5,17,5,12,12,3,16,3,2,5,3,29.98,
"Dela Cruz, Sam",RW,725.25,42.39,67.27,37.16,41.74,66.72,starter,Highland Wanderers,73,0.0,0.0,0.0,0.0,47.9,56.96,0.0,0.0,0.0,0.0,0.0,0.0,0.0,47.75,71.93,0.0,0.0,0.0,0.0,0.0,58.29,45.09,66.73,57.4,48.83,32.82,60.18,5674,13.04,451,0,451,0.0,5,1.11,2,24.66,22,36,31,7,86.11,19.44,5,3,60.0,13,6,46.15,14,5,35.71,2,5,6,1,1,0,0,4.467,3.847,0.869,55.967,49.41,55.97,0.62,0.248,3.06,2.73,1.613,0.745,1.737,0.62,4.43,0.248,0.62,0.745,0.124,0.62,0.37,7.45,10.69,2.41,48.06,0.14,5.73,59.18,31.9,48.2,50.81,33.03,23.21,64.3,25.46,59.73,64.18,76.69,76.4,42.81,42.56,0,0,0,0,0,0,0.0,0.0,0.0,0.0,0.0,36.1,5,1,2,29.91,5,Match_250,2025-02-22T01:34:16.844712+00:00,[],0,36,31,7,451,0,451,51.26,5,2,1.91,2,13,6,14,5,2,5,6,1,5,3,77.1,
"Barro, Pedro",LW,1142.11,43.15,76.37,25.48,79.5,67.7,starter,City United,79,0.0,0.0,0.0,0.0,67.95,37.96,0.0,0.0,0.0,0.0,0.0,0.0,0.0,43.59,71.73,0.0,0.0,0.0,0.0,0.0,62.42,53.41,36.09,63.12,72.97,52.87,46.56,7608,11.1,584,0,584,0.0,19,3.25,2,16.84,15,42,22,3,52.38,7.14,22,0,0.0,44,44,100.0,19,9,47.37,7,20,0,1,1,1,0,3.31,1.734,0.236,46.02,63.21,46.02,1.497,0.158,1.327,1.182,3.467,3.467,1.497,0.71,3.73,0.552,1.576,0.0,0.079,1.734,31.76,40.75,4.13,0.56,53.48,0.26,7.88,67.21,56.98,21.39,31.87,25.8,44.89,74.92,66.27,59.42,41.94,76.98,26.45,37.13,65.07,0,0,0,0,0,0,0.0,0.0,0.0,0.0,0.0,61.11,4,4,3,73.57,6,Match_322,2025-05-23T00:45:30.845712+00:00,[],0,42,22,3,584,0,584,55.42,19,2,2.04,2,44,44,19,9,7,20,0,1,22,0,28.24,
"Digal, Diegocarl",RW,854.62,55.95,50.2,43.7,64.81,23.47,substitute,Valley Rovers,41,0.0,0.0,0.0,0.0,50.05,74.65,0.0,0.0,0.0,0.0,0.0,0.0,0.0,33.23,72.1,0.0,0.0,0.0,0.0,0.0,42.57,73.2,67.66,64.95,34.09,49.09,33.08,10866,21.19,233,233,0,100.0,7,3.0,1,25.39,4,19,5,1,26.32,5.26,24,7,29.17,25,13,52.0,8,5,62.5,1,5,1,1,1,0,0,2.001,0.527,0.105,24.537,24.54,79.96,0.737,0.105,2.674,0.421,2.633,1.369,0.842,0.53,6.58,0.105,0.527,0.105,0.105,2.527,0.74,3.07,2.77,0.55,10.53,0.32,5.48,34.38,50.69,54.24,55.5,60.38,36.83,68.13,77.14,29.92,75.82,37.89,72.49,41.5,51.7,0,0,0,0,0,0,0.0,0.0,0.0,0.0,0.0,58.51,0,2,2,25.07,18,Match_59,2025-08-22T00:50:25.846713+00:00,[],0,19,5,1,233,233,0,65.7,7,1,4.88,4,25,13,8,5,1,5,1,1,24,7,38.76,
"Pedimonte, Nhiboy",ST,729.47,53.15,58.33,22.54,69.71,27.36,DNP,De La Salle University,82,0.0,0.0,0.0,0.0,37.42,78.43,0.0,0.0,0.0,0.0,0.0,0.0,0.0,76.35,66.07,0.0,0.0,0.0,0.0,0.0,56.42,50.9,37.71,57.92,44.15,61.64,66.3,9880,22.57,119,119,0,100.0,3,2.52,0,6.75,5,18,9,2,50.0,11.11,19,9,47.37,17,2,11.76,15,3,20.0,2,13,9,1,0,0,0,2.221,1.11,0.247,14.682,14.68,61.56,0.37,0.0,0.833,0.617,2.097,0.247,1.851,0.37,2.47,0.247,1.604,1.11,0.123,2.344,1.11,5.84,6.17,1.37,12.34,0.31,1.45,51.27,33.3,33.0,27.86,52.63,62.88,59.69,20.08,68.9,50.94,38.94,20.02,71.76,30.04,0,0,0,0,0,0,0.0,0.0,0.0,0.0,0.0,68.51,4,1,2,48.97,9,Match_11,2024-12-25T11:44:01.846713+00:00,[],0,18,9,2,119,119,0,82.65,3,0,1.17,2,17,2,15,3,2,13,9,1,19,9,29.54,
"Escodo, Kirvy",CAM,1180.63,64.75,49.55,48.98,52.18,58.52,starter,Valley Rovers,56,0.0,0.0,0.0,0.0,45.25,35.17,0.0,0.0,0.0,0.0,0.0,0.0,0.0,36.86,49.03,0.0,0.0,0.0,0.0,0.0,45.13,53.34,74.64,65.7,62.62,69.37,33.04,3722,5.25,576,559,17,97.05,9,1.56,1,9.06,18,10,4,3,40.0,30.0,16,16,100.0,47,3,6.38,20,10,50.0,3,28,3,2,2,2,0,0.762,0.305,0.229,43.909,42.61,1.3,0.686,0.076,0.691,1.372,3.583,0.229,1.525,0.76,3.81,0.229,2.134,0.229,0.152,1.22,1.22,7.62,3.05,2.29,7.4,0.12,0.49,56.62,28.86,71.04,62.43,65.07,76.86,70.98,74.43,77.25,70.85,79.35,21.04,75.1,62.12,0,0,0,0,0,0,0.0,0.0,0.0,0.0,0.0,56.37,3,5,1,43.58,3,Match_30,2025-09-24T19:22:24.847712+00:00,[],0,10,4,3,576,559,17,49.61,9,1,0.47,3,47,3,20,10,3,28,3,2,16,16,35.24,
"Reyes, Kirvy",CF,1031.19,74.73,55.51,69.81,76.59,45.76,starter,National University,8,0.0,0.0,0.0,0.0,39.01,54.94,0.0,0.0,0.0,0.0,0.0,0.0,0.0,48.44,34.33,0.0,0.0,0.0,0.0,0.0,67.59,65.15,62.43,66.85,78.0,41.69,60.45,9192,14.86,375,0,375,0.0,8,2.13,2,13.29,22,16,3,2,18.75,12.5,9,4,44.44,38,8,21.05,10,8,80.0,4,25,1,1,1,1,0,1.396,0.262,0.175,32.729,38.28,32.73,0.698,0.175,1.16,1.92,3.317,0.698,0.873,0.7,6.98,0.349,2.182,0.087,0.087,0.786,0.35,3.88,1.64,1.09,38.44,0.19,1.84,49.42,25.6,26.61,53.26,22.88,58.59,52.52,73.95,60.03,27.91,60.09,58.7,33.8,60.77,0,0,0,0,0,0,0.0,0.0,0.0,0.0,0.0,41.38,4,4,5,68.65,14,Match_305,2025-04-24T14:35:45.847712+00:00,[],0,16,3,2,375,0,375,58.22,8,2,3.15,4,38,8,10,8,4,25,1,1,9,4,86.1,
"Fernandez, Laurence",CB,950.11,50.94,44.3,36.45,26.19,61.34,starter,Riverside FC,1,0.0,0.0,0.0,0.0,64.45,40.9,0.0,0.0,0.0,0.0,0.0,0.0,0.0,50.9,67.93,0.0,0.0,0.0,0.0,0.0,42.81,49.82,65.93,35.18,69.46,79.46,54.14,2013,3.53,486,399,87,82.1,7,1.44,3,4.78,8,16,1,1,6.25,6.25,2,1,50.0,14,5,35.71,4,2,50.0,3,7,16,3,3,1,0,1.516,0.095,0.095,46.037,37.8,8.24,0.663,0.284,0.453,0.758,1.326,0.474,0.379,0.19,4.74,0.284,0.663,1.516,0.284,0.189,0.09,4.74,0.59,0.59,7.78,0.14,3.38,53.41,20.8,35.31,67.77,44.42,22.55,52.47,24.52,56.67,74.42,35.4,68.27,53.11,34.17,0,0,0,0,0,0,0.0,0.0,0.0,0.0,0.0,54.72,3,1,6,67.84,9,Match_305,2025-10-26T10:27:54.848712+00:00,[],0,16,1,1,486,399,87,80.45,7,3,4.78,4,14,5,4,2,3,7,16,3,2,1,40.14,
"Darapan, Jermi",LW,651.29,63.05,52.02,47.25,65.16,56.29,starter,Adamson University,87,0.0,0.0,0.0,0.0,50.15,73.88,0.0,0.0,0.0,0.0,0.0,0.0,0.0,41.29,57.46,0.0,0.0,0.0,0.0,0.0,78.65,33.89,48.14,47.93,51.07,72.49,48.09,4981,12.75,298,202,96,67.79,12,4.03,1,14.09,7,25,14,2,56.0,8.0,14,14,100.0,22,6,27.27,14,1,7.14,2,4,8,1,0,2,0,3.455,1.935,0.276,41.18,27.91,13.27,1.658,0.138,1.947,0.967,3.04,0.829,1.935,0.14,0.99,0.276,0.553,1.105,0.138,1.935,1.93,13.82,7.74,1.11,9.37,0.56,3.77,72.69,68.39,31.72,25.74,76.29,78.03,49.72,51.47,57.8,27.41,79.35,60.34,42.52,51.13,0,0,0,0,0,0,0.0,0.0,0.0,0.0,0.0,53.13,1,3,2,57.06,3,Match_154,2025-06-13T05:56:52.849712+00:00,[],0,25,14,2,298,202,96,33.28,12,1,3.3,2,22,6,14,1,2,4,8,1,14,14,22.96,
"Legara, Ezralph",CM,1062.22,32.4,30.76,32.18,29.08,69.67,substitute,Far Eastern University,42,0.0,0.0,0.0,0.0,35.4,65.42,0.0,0.0,0.0,0.0,0.0,0.0,0.0,63.64,75.85,0.0,0.0,0.0,0.0,0.0,31.24,43.93,62.25,62.69,38.0,62.26,75.68,16600,26.05,566,566,0,100.0,11,1.94,2,6.28,20,5,2,0,40.0,0.0,18,6,33.33,25,11,44.0,2,1,50.0,7,30,8,2,2,0,0,0.424,0.169,0.0,47.956,47.96,60.26,0.932,0.169,0.532,1.695,2.118,0.932,0.169,0.08,4.24,0.593,2.542,0.678,0.169,1.525,0.51,2.82,3.39,51.43,8.47,0.16,3.73,43.42,22.03,51.26,64.71,51.35,57.16,56.01,72.71,47.16,26.48,77.35,23.39,66.36,20.5,0,0,0,0,0,0,0.0,0.0,0.0,0.0,0.0,73.27,5,4,4,67.46,15,Match_93,2025-10-18T19:35:32.849712+00:00,[],0,5,2,0,566,566,0,27.1,11,2,3.9,3,25,11,2,1,7,30,8,2,18,6,61.68,
"Lopez, John",CF,1350.0,59.73,68.02,31.81,70.57,47.93,starter,National University,34,0.0,0.0,0.0,0.0,36.55,72.41,0.0,0.0,0.0,0.0,0.0,0.0,0.0,36.5,33.02,0.0,0.0,0.0,0.0,0.0,59.58,46.66,43.05,60.51,37.55,56.06,64.22,27833,34.36,145,69,76,47.59,1,0.69,0,28.96,6,47,13,6,27.66,12.77,10,4,40.0,27,10,37.04,30,13,43.33,4,46,9,1,2,4,0,3.133,0.867,0.4,9.667,4.6,5.07,0.067,0.0,1.931,0.4,1.8,0.667,2.0,0.87,2.89,0.267,3.067,0.6,0.067,0.667,0.27,2.67,1.84,0.85,3.17,0.05,2.47,70.07,55.5,52.64,61.35,38.22,65.38,25.8,26.89,75.83,28.84,25.56,49.53,76.42,71.93,0,0,0,0,0,0,0.0,0.0,0.0,0.0,0.0,47.0,3,2,1,71.62,10,Match_393,2025-11-25T16:01:46.849712+00:00,[],0,47,13,6,145,69,76,38.78,1,0,3.38,3,27,10,30,13,4,46,9,1,10,4,78.91,
"Andrada, Vince",CF,1350.0,62.39,27.7,39.32,39.62,24.06,starter,Lyceum,38,0.0,0.0,0.0,0.0,65.31,61.44,0.0,0.0,0.0,0.0,0.0,0.0,0.0,58.69,61.05,0.0,0.0,0.0,0.0,0.0,45.89,43.47,77.68,34.81,42.6,49.77,74.6,24921,30.77,487,391,96,80.29,5,1.03,2,5.15,28,57,13,1,22.81,1.75,19,19,100.0,33,31,93.94,28,7,25.0,7,24,16,1,1,3,0,3.8,0.867,0.067,32.467,26.07,6.4,0.333,0.133,0.343,1.867,2.2,2.067,1.867,0.47,1.67,0.467,1.6,1.067,0.067,1.267,1.27,6.67,1.52,0.12,5.35,0.07,6.26,47.96,51.58,53.43,31.19,21.51,22.76,34.97,40.18,33.82,64.17,31.2,77.73,29.53,79.22,0,0,0,0,0,0,0.0,0.0,0.0,0.0,0.0,49.31,1,2,2,49.9,10,Match_60,2025-03-06T01:49:51.851223+00:00,[],0,57,13,1,487,391,96,40.54,5,2,1.05,5,33,31,28,7,7,24,16,1,19,19,74.87,
"Fernandez, Laurence",RWB,1163.94,25.19,69.14,20.91,43.26,36.64,substitute,Mapúa University,29,0.0,0.0,0.0,0.0,65.24,38.54,0.0,0.0,0.0,0.0,0.0,0.0,0.0,47.38,44.85,0.0,0.0,0.0,0.0,0.0,31.78,58.52,72.43,77.12,30.45,40.91,47.97,18471,26.45,862,862,0,100.0,0,0.0,0,28.25,44,21,5,1,23.81,4.76,11,9,81.82,69,19,27.54,14,7,50.0,1,6,3,1,2,3,0,1.624,0.387,0.077,66.653,66.65,38.34,0.0,0.0,2.184,3.402,5.335,1.469,1.083,0.54,3.87,0.077,0.464,0.232,0.077,0.851,0.7,6.33,1.84,0.37,7.73,50.0,2.13,37.17,28.54,67.31,55.85,75.88,41.15,47.68,36.27,32.28,24.15,67.74,71.01,25.8,27.35,0,0,0,0,0,0,0.0,0.0,0.0,0.0,0.0,63.97,3,3,2,53.18,20,Match_322,2025-08-27T22:00:26.852238+00:00,[],0,21,5,1,862,862,0,46.89,0,0,2.39,0,69,19,14,7,1,6,3,1,11,9,65.47,
"Reyes, Diego",RB,776.97,55.35,33.04,46.23,75.1,50.9,starter,Far Eastern University,64,0.0,0.0,0.0,0.0,53.47,40.94,0.0,0.0,0.0,0.0,0.0,0.0,0.0,77.1,74.9,0.0,0.0,0.0,0.0,0.0,45.11,66.33,45.63,63.28,78.45,37.91,68.7,3259,6.99,183,90,93,49.18,0,0.0,0,17.66,8,3,2,0,66.67,0.0,4,2,50.0,6,6,100.0,11,9,81.82,1,17,3,2,3,2,0,0.348,0.232,0.0,21.198,10.43,10.77,0.0,0.0,2.046,0.927,0.695,0.695,1.274,1.04,9.48,0.116,1.969,0.348,0.232,0.463,0.23,5.79,7.72,57.92,5.7,30.89,11.58,49.46,37.31,72.05,77.15,32.64,27.05,30.04,33.75,56.12,35.84,22.46,72.79,20.83,47.03,0,0,0,0,0,0,0.0,0.0,0.0,0.0,0.0,62.93,5,3,7,22.4,20,Match_335,2025-07-17T20:52:58.852238+00:00,[],0,3,2,0,183,90,93,27.78,0,0,3.84,4,6,6,11,9,1,17,3,2,4,2,31.02,
"Dela Cruz, Nico",CDM,1245.99,49.04,67.41,65.75,28.02,35.69,substitute,Highland Wanderers,22,0.0,0.0,0.0,0.0,69.58,50.15,0.0,0.0,0.0,0.0,0.0,0.0,0.0,39.39,65.06,0.0,0.0,0.0,0.0,0.0,47.68,49.37,32.05,36.5,71.18,34.13,44.32,16036,21.45,1070,594,476,55.51,25,2.34,4,27.77,59,17,7,2,41.18,11.76,5,4,80.0,30,16,53.33,21,12,57.14,8,21,11,2,4,3,0,1.228,0.506,0.144,77.288,42.91,34.38,1.806,0.289,2.006,4.262,2.167,1.156,1.517,0.87,4.13,0.578,1.517,0.795,0.144,0.361,0.29,5.78,2.97,0.85,4.01,0.17,3.85,67.43,55.92,31.85,20.67,37.96,66.75,58.63,79.9,45.85,29.97,65.63,74.01,44.05,78.0,0,0,0,0,0,0,0.0,0.0,0.0,0.0,0.0,55.1,4,1,4,34.52,1,Match_121,2025-03-06T22:33:00.853238+00:00,[],0,17,7,2,1070,594,476,50.68,25,4,3.58,4,30,16,21,12,8,21,11,2,5,4,70.58,
"Asignar, Josh Rupert",CF,650.14,45.54,40.28,40.98,41.69,79.09,starter,De La Salle University,89,0.0,0.0,0.0,0.0,67.04,79.36,0.0,0.0,0.0,0.0,0.0,0.0,0.0,65.58,58.95,0.0,0.0,0.0,0.0,0.0,37.21,37.65,31.3,34.43,66.05,76.56,53.38,12106,31.03,381,251,130,65.88,2,0.52,0,16.38,17,13,5,0,38.46,0.0,6,6,100.0,16,4,25.0,12,0,0.0,2,11,3,1,1,1,0,1.8,0.692,0.0,52.742,34.75,18.0,0.277,0.0,2.268,2.353,2.215,0.554,1.661,77.53,73.12,0.277,1.523,0.415,0.138,0.831,0.83,13.84,5.32,56.72,9.12,0.07,3.46,53.15,57.53,42.34,75.92,30.02,57.36,49.98,65.28,75.28,32.51,71.19,31.61,61.36,40.19,0,0,0,0,0,0,0.0,0.0,0.0,0.0,0.0,72.88,3,3,3,63.57,11,Match_275,2025-02-22T00:40:53.854237+00:00,[],0,13,5,0,381,251,130,30.24,2,0,4.26,3,16,4,12,0,2,11,3,1,6,6,46.13,
"Barro, Harvy",GK,985.9,51.28,20.01,36.98,64.96,44.76,substitute,2 Worlds FC,40,0.0,0.0,0.0,0.0,66.04,50.54,0.0,0.0,0.0,0.0,0.0,0.0,0.0,79.18,56.46,0.0,0.0,0.0,0.0,0.0,73.33,41.84,53.36,75.12,57.91,41.48,45.92,4863,8.22,267,203,64,76.03,4,1.5,0,24.82,19,4,1,0,25.0,0.0,7,3,42.86,8,4,50.0,18,15,83.33,7,25,8,1,3,1,0,0.365,0.091,0.0,24.374,18.53,5.84,0.365,0.0,2.266,1.734,0.73,0.365,1.643,1.37,7.61,0.639,2.282,0.73,0.091,0.639,0.27,3.91,2.28,48.3,6.94,0.14,4.56,35.07,57.11,65.49,35.69,55.1,20.77,20.15,63.57,77.05,25.83,76.03,66.64,74.45,35.01,31,28,3,90.32,31,3,2.556,0.274,2.83,2.83,0.274,8.25,2,2,3,76.49,8,Match_275,2025-09-24T03:27:30.854237+00:00,[],0,4,1,0,267,203,64,23.16,4,0,2.91,0,8,4,18,15,7,25,8,1,7,3,24.3,
"Perez, Pius",RB,888.4,34.77,66.09,49.33,20.43,26.94,substitute,Lakeside Athletic,80,0.0,0.0,0.0,0.0,69.51,35.81,0.0,0.0,0.0,0.0,0.0,0.0,0.0,33.71,66.63,0.0,0.0,0.0,0.0,0.0,56.04,60.68,63.56,59.02,39.82,54.56,56.64,7767,14.57,309,146,163,47.25,3,0.97,0,5.63,19,8,1,1,12.5,12.5,11,10,90.91,10,5,50.0,2,1,50.0,3,13,8,2,3,0,0,0.81,0.101,0.101,31.303,14.79,16.51,0.304,0.0,0.57,1.925,1.013,0.507,0.203,0.1,5.07,0.304,1.317,0.81,0.203,1.114,1.01,9.21,1.27,1.27,4.79,0.1,5.07,40.14,60.67,25.75,77.9,60.56,32.34,68.5,63.81,71.0,20.28,77.98,45.44,40.42,50.5,0,0,0,0,0,0,0.0,0.0,0.0,0.0,0.0,57.86,3,3,3,20.98,20,Match_30,2025-03-10T23:23:39.855237+00:00,[],0,8,1,1,309,146,163,54.72,3,0,3.35,1,10,5,2,1,3,13,8,2,11,10,72.85,
"Unabia, Mark",ST,762.34,37.96,55.0,35.9,46.56,24.7,substitute,Metro FC,80,0.0,0.0,0.0,0.0,71.41,32.78,0.0,0.0,0.0,0.0,0.0,0.0,0.0,48.39,59.72,0.0,0.0,0.0,0.0,0.0,45.51,54.13,42.11,70.45,58.02,56.24,41.97,13620,29.78,439,369,70,84.05,5,1.14,0,12.19,20,37,12,0,32.43,0.0,20,20,100.0,36,9,25.0,10,5,50.0,1,14,10,1,2,1,0,4.368,1.417,0.0,51.827,43.56,8.26,0.59,0.0,1.439,2.361,4.25,1.063,1.181,0.59,5.9,0.118,1.653,1.181,0.118,2.361,2.36,11.81,3.83,64.61,9.92,0.13,2.95,41.21,57.7,64.3,36.5,46.6,35.16,39.18,22.16,58.31,35.19,66.48,34.48,49.71,56.03,0,0,0,0,0,0,0.0,0.0,0.0,0.0,0.0,45.03,4,3,3,82.09,2,Match_156,2025-11-05T23:53:48.855237+00:00,[],0,37,12,0,439,369,70,85.82,5,0,2.41,5,36,9,10,5,1,14,10,1,20,20,34.43,
"Asignar, Josh Rupert",CM,1066.68,25.07,72.79,33.11,68.65,62.39,substitute,De La Salle University,46,0.0,0.0,0.0,0.0,46.98,66.88,0.0,0.0,0.0,0.0,0.0,0.0,0.0,66.8,30.31,0.0,0.0,0.0,0.0,0.0,50.65,40.34,61.79,44.08,65.41,46.29,71.32,20376,31.84,1531,1340,191,87.52,66,4.31,8,14.25,53,14,10,2,71.43,14.29,12,4,33.33,22,3,13.64,12,3,25.0,8,20,10,1,3,4,0,1.181,0.844,0.169,129.177,100.0,16.12,5.569,0.675,1.202,4.472,1.856,0.253,1.012,0.25,2.11,0.675,1.687,0.844,0.084,1.012,0.34,2.81,6.03,1.21,7.38,0.36,1.15,70.31,38.85,22.75,64.29,28.47,41.66,33.83,51.98,57.9,45.91,32.13,37.48,43.67,36.87,0,0,0,0,0,0,0.0,0.0,0.0,0.0,0.0,48.15,6,7,3,48.33,11,Match_334,2025-08-05T13:07:57.856238+00:00,[],0,14,10,2,1531,1340,191,39.1,66,8,3.49,2,22,3,12,3,8,20,10,1,12,4,73.29,
"Taberos, Earl",RWB,1025.74,69.06,48.55,58.03,32.13,31.78,DNP,Mapúa University,76,0.0,0.0,0.0,0.0,77.45,79.87,0.0,0.0,0.0,0.0,0.0,0.0,0.0,39.57,69.7,0.0,0.0,0.0,0.0,0.0,72.35,41.04,56.43,34.42,73.17,54.12,57.86,9237,15.01,298,187,111,62.75,4,1.34,0,4.82,12,10,3,0,30.0,0.0,14,9,64.29,61,18,29.51,11,8,72.73,6,9,11,1,3,1,0,0.877,0.263,0.0,26.147,16.41,9.74,0.351,0.0,0.423,1.053,5.352,1.579,0.965,0.7,6.38,0.526,0.79,0.965,0.088,1.228,0.79,5.64,2.63,55.26,5.51,0.12,2.59,34.16,70.07,45.63,35.82,32.9,39.29,71.73,42.27,62.35,48.38,55.4,71.3,21.38,68.51,0,0,0,0,0,0,0.0,0.0,0.0,0.0,0.0,56.05,5,2,1,75.7,11,Match_164,2025-08-31T19:26:01.857238+00:00,[],0,10,3,0,298,187,111,39.5,4,0,2.39,4,61,18,11,8,6,9,11,1,14,9,50.44,
"Mapula, Paul Joshua",RWB,1012.58,49.91,76.11,46.75,40.07,61.61,substitute,Adamson University,32,0.0,0.0,0.0,0.0,69.31,47.56,0.0,0.0,0.0,0.0,0.0,0.0,0.0,57.75,56.74,0.0,0.0,0.0,0.0,0.0,62.23,45.48,42.22,44.59,47.28,45.53,68.02,12233,20.14,569,71,498,12.48,8,1.41,2,10.99,45,10,5,1,50.0,10.0,3,2,66.67,37,26,70.27,19,11,57.89,6,21,12,0,2,1,0,0.889,0.444,0.089,50.574,6.31,44.26,0.711,0.178,0.977,4.0,3.289,2.311,1.689,0.98,5.15,0.533,1.867,1.067,0.0,0.267,0.18,5.93,4.44,0.89,1.11,0.13,6.25,66.71,20.7,54.73,65.51,57.68,65.23,70.7,41.8,73.19,69.12,36.04,49.76,77.94,51.66,0,0,0,0,0,0,0.0,0.0,0.0,0.0,0.0,32.38,1,2,4,50.3,1,Match_53,2025-11-06T10:09:03.857238+00:00,[],0,10,5,1,569,71,498,79.78,8,2,0.55,1,37,26,19,11,6,21,12,0,3,2,74.1,
"Pedimonte, Nhiboy",RWB,796.35,52.54,59.54,74.06,79.79,55.26,DNP,Mapúa University,6,0.0,0.0,0.0,0.0,52.5,65.29,0.0,0.0,0.0,0.0,0.0,0.0,0.0,46.6,33.87,0.0,0.0,0.0,0.0,0.0,69.62,79.45,73.4,58.97,51.62,58.03,53.55,3452,7.22,668,668,0,100.0,7,1.05,1,9.69,54,7,3,1,42.86,14.29,6,3,50.0,44,33,75.0,0,0,54.29,2,14,7,2,1,1,0,0.791,0.339,0.113,75.494,75.49,54.2,0.791,0.113,1.095,6.103,4.973,3.73,0.0,73.7,6.14,0.226,1.582,0.791,0.226,0.678,0.34,5.65,4.84,1.61,11.3,0.12,8.48,21.44,79.75,78.3,22.02,57.58,42.3,20.3,62.79,40.54,45.4,57.5,23.25,64.59,29.54,0,0,0,0,0,0,0.0,0.0,0.0,0.0,0.0,45.07,2,3,4,74.06,3,Match_367,2025-06-29T13:58:05.858237+00:00,[],0,7,3,1,668,668,0,34.6,7,1,2.85,1,44,33,0,0,2,14,7,2,6,3,66.01,
"Mapula, Paul Vincent",LB,769.31,31.32,74.51,38.06,72.47,66.91,substitute,Metro FC,67,0.0,0.0,0.0,0.0,79.31,51.87,0.0,0.0,0.0,0.0,0.0,0.0,0.0,58.03,46.21,0.0,0.0,0.0,0.0,0.0,76.65,43.23,75.52,41.76,64.73,67.69,41.77,2010,4.35,55,29,26,52.73,1,1.82,0,20.59,4,6,4,0,66.67,0.0,5,5,100.0,57,56,98.25,5,2,40.0,1,23,4,2,1,1,0,0.702,0.468,0.0,6.434,3.39,3.04,0.117,0.0,2.409,0.468,6.668,6.551,0.585,0.23,4.68,0.117,2.691,0.468,0.234,0.585,0.58,11.7,7.8,34.05,6.17,0.21,11.49,21.95,34.25,78.06,74.57,40.8,51.84,62.53,33.05,50.97,46.61,69.47,56.0,73.1,55.21,0,0,0,0,0,0,0.0,0.0,0.0,0.0,0.0,71.17,2,6,4,58.15,19,Match_267,2025-02-11T02:29:12.859243+00:00,[],0,6,4,0,55,29,26,56.87,1,0,3.4,3,57,56,5,2,1,23,4,2,5,5,66.31,
"Pedimonte, Nhiboy",CB,676.59,67.62,57.23,70.7,35.71,50.11,starter,Redwood Borough,94,0.0,0.0,0.0,0.0,42.64,47.91,0.0,0.0,0.0,0.0,0.0,0.0,0.0,42.67,65.16,0.0,0.0,0.0,0.0,0.0,53.13,55.35,72.49,76.72,72.05,45.03,43.09,4123,10.16,188,146,42,77.66,4,2.13,0,15.53,12,3,2,0,66.67,0.0,2,1,50.0,18,16,88.89,5,1,20.0,1,11,2,1,2,0,0,0.399,0.266,0.0,25.008,19.42,5.59,0.532,0.0,2.066,1.596,2.394,2.128,0.665,0.13,2.66,0.133,1.463,0.266,0.133,0.266,0.13,6.65,8.87,47.38,10.33,0.28,11.82,43.26,60.51,40.32,69.47,65.73,50.75,36.9,64.37,73.09,70.72,64.23,50.63,28.17,35.32,0,0,0,0,0,0,0.0,0.0,0.0,0.0,0.0,71.57,3,4,2,30.96,11,Match_238,2025-07-15T05:30:32.859243+00:00,[],0,3,2,0,188,146,42,82.4,4,0,1.3,1,18,16,5,1,1,11,2,1,2,1,29.87,
"Lood, Trevor",ST,509.59,26.93,49.61,62.64,72.45,73.56,starter,Coastal Town,79,0.0,0.0,0.0,0.0,47.24,54.64,0.0,0.0,0.0,0.0,0.0,0.0,0.0,67.41,58.19,0.0,0.0,0.0,0.0,0.0,73.68,76.52,34.77,73.85,60.38,39.42,42.43,7344,24.02,93,53,40,56.99,1,1.08,0,12.93,7,19,3,1,15.79,5.26,12,7,58.33,7,6,85.71,3,3,100.0,1,14,3,0,1,1,0,3.356,0.53,0.177,16.425,9.36,7.06,0.177,0.0,2.284,1.236,1.236,1.06,0.53,0.53,17.66,0.177,2.473,0.53,0.0,2.119,1.24,10.3,2.79,0.93,10.07,0.19,15.14,55.99,37.05,69.93,54.15,64.23,47.71,35.91,63.18,73.56,46.18,27.95,60.66,40.46,45.31,0,0,0,0,0,0,0.0,0.0,0.0,0.0,0.0,52.1,1,2,0,30.35,12,Match_28,2025-09-30T16:40:29.860238+00:00,[],0,19,3,1,93,53,40,35.36,1,0,2.32,1,7,6,3,3,1,14,3,0,12,7,64.72,
"Ebrada, Zraim Uichi",RWB,1119.42,42.78,77.81,73.26,41.81,46.11,starter,Lyceum,46,0.0,0.0,0.0,0.0,60.78,62.61,0.0,0.0,0.0,0.0,0.0,0.0,0.0,64.53,73.02,0.0,0.0,0.0,0.0,0.0,35.78,31.78,34.07,55.97,56.77,73.16,65.21,14776,22.0,590,150,440,25.42,8,1.36,3,19.09,37,14,2,1,14.29,7.14,15,1,6.67,30,28,93.33,10,3,30.0,5,38,12,1,1,4,0,1.126,0.161,0.08,47.435,12.06,35.38,0.643,0.241,1.535,2.975,2.412,2.251,0.804,0.24,2.41,0.402,3.055,0.965,0.08,1.206,0.08,0.54,1.15,0.57,2.04,0.11,7.5,31.24,27.38,79.53,77.38,59.81,32.21,67.66,75.67,49.02,78.23,65.86,44.89,23.24,69.22,0,0,0,0,0,0,0.0,0.0,0.0,0.0,0.0,75.22,5,4,5,21.83,17,Match_73,2025-11-01T21:38:26.861237+00:00,[],0,14,2,1,590,150,440,89.91,8,3,1.05,3,30,28,10,3,5,38,12,1,15,1,54.47,
"Barro, Nico",CAM,1057.6,73.98,22.0,42.31,65.75,31.81,starter,Westwood Athletic,4,0.0,0.0,0.0,0.0,66.21,58.04,0.0,0.0,0.0,0.0,0.0,0.0,0.0,77.42,35.44,0.0,0.0,0.0,0.0,0.0,50.35,30.52,70.95,42.06,40.29,68.97,50.34,5022,7.91,1374,432,942,31.44,4,0.29,0,28.53,27,16,3,1,18.75,6.25,37,27,72.97,9,9,100.0,28,10,35.71,1,12,15,1,3,2,0,1.362,0.255,0.085,116.925,36.76,80.16,0.34,0.0,2.428,2.298,0.766,0.766,2.383,0.85,3.04,0.085,1.021,1.276,0.085,3.149,2.3,6.21,1.6,0.53,2.68,0.02,8.51,24.7,26.48,70.47,30.39,29.71,37.1,21.98,62.49,61.16,64.01,62.46,76.43,46.01,49.99,0,0,0,0,0,0,0.0,0.0,0.0,0.0,0.0,76.25,1,3,1,65.09,1,Match_23,2025-05-04T18:22:11.861237+00:00,[],0,16,3,1,1374,432,942,66.87,4,0,0.69,4,9,9,28,10,1,12,15,1,37,27,74.84,
"Lopez, Sam",GK,634.21,34.71,61.05,29.99,49.69,69.23,starter,Eastview Rangers,72,0.0,0.0,0.0,0.0,74.04,30.6,0.0,0.0,0.0,0.0,0.0,0.0,0.0,71.15,67.05,0.0,0.0,0.0,0.0,0.0,34.65,53.88,41.48,48.09,53.53,37.39,50.26,7895,20.75,211,171,40,81.04,3,1.42,0,24.62,5,5,3,0,60.0,0.0,2,1,50.0,9,1,11.11,17,5,29.41,2,11,1,0,2,3,0,0.71,0.426,0.0,29.943,24.27,5.68,0.426,0.0,3.494,0.71,1.277,0.142,2.412,0.71,4.17,0.284,1.561,0.142,0.0,0.284,0.14,7.1,8.51,49.97,11.5,0.2,1.58,44.39,46.54,67.09,39.64,25.58,61.58,48.46,69.49,38.14,56.56,30.13,43.29,46.75,25.3,31,9,22,29.03,31,22,1.277,3.122,4.399,4.399,3.122,4.12,6,5,1,59.67,3,Match_267,2025-07-26T11:32:24.862237+00:00,[],0,5,3,0,211,171,40,71.73,3,0,0.55,1,9,1,17,5,2,11,1,0,2,1,28.5,
"Dela Cruz, Harvy",RWB,683.74,48.39,33.82,62.42,66.41,23.19,starter,Ateneo de Manila University,29,0.0,0.0,0.0,0.0,44.09,53.54,0.0,0.0,0.0,0.0,0.0,0.0,0.0,37.34,71.78,0.0,0.0,0.0,0.0,0.0,76.64,52.89,78.2,31.6,77.13,47.34,68.51,5182,12.63,585,0,585,0.0,8,1.37,1,29.5,0,4,1,0,25.0,0.0,4,2,50.0,0,0,37.72,11,2,18.18,2,11,6,1,1,2,0,0.527,0.132,0.0,77.003,31.71,77.0,1.053,0.132,3.883,0.0,0.0,0.0,1.448,0.26,2.39,0.263,1.448,0.79,0.132,0.527,0.26,6.58,3.29,43.38,46.23,0.18,4.97,43.21,62.74,32.23,44.82,75.2,62.41,79.36,77.82,49.75,34.68,75.69,67.23,39.67,43.1,0,0,0,0,0,0,0.0,0.0,0.0,0.0,0.0,36.44,2,3,5,58.76,14,Match_208,2025-08-11T22:47:50.863237+00:00,[],0,4,1,0,585,0,585,46.26,8,1,1.13,2,0,0,11,2,2,11,6,1,4,2,55.73,
"Abad, Ryan",CAM,727.74,31.86,34.97,24.97,54.47,54.3,substitute,Hillcrest Athletic,48,0.0,0.0,0.0,0.0,48.26,52.25,0.0,0.0,0.0,0.0,0.0,0.0,0.0,77.78,79.51,0.0,0.0,0.0,0.0,0.0,31.94,75.87,47.24,35.26,52.04,50.52,35.67,5567,12.75,513,98,415,19.1,0,0.0,0,14.68,21,12,1,1,8.33,8.33,1,1,100.0,22,22,100.0,6,1,16.67,3,4,8,1,1,2,0,1.484,0.124,0.124,63.443,12.12,51.32,0.0,0.0,1.815,2.597,2.721,2.721,0.742,0.12,2.06,0.371,0.495,0.989,0.124,0.124,0.12,12.37,1.03,1.03,2.36,79.75,12.37,51.66,60.24,59.44,68.27,44.53,57.64,34.13,39.0,71.13,39.17,52.61,57.55,79.33,74.75,0,0,0,0,0,0,0.0,0.0,0.0,0.0,0.0,36.66,3,3,1,77.04,14,Match_43,2024-12-14T19:52:20.863237+00:00,[],0,12,1,1,513,98,415,42.77,0,0,4.59,3,22,22,6,1,3,4,8,1,1,1,83.39,
"Aningalan, Pius",RW,686.15,48.65,62.2,41.08,57.23,25.74,starter,2 Worlds FC,17,0.0,0.0,0.0,0.0,72.43,62.94,0.0,0.0,0.0,0.0,0.0,0.0,0.0,58.88,46.58,0.0,0.0,0.0,0.0,0.0,31.27,52.97,35.63,71.85,72.68,61.9,70.34,1536,3.73,500,500,0,100.0,1,0.2,0,6.83,8,15,6,1,40.0,6.67,20,12,60.0,12,11,91.67,6,4,66.67,4,5,6,2,1,0,0,1.967,0.787,0.131,65.583,65.58,76.09,0.131,0.0,0.896,1.049,1.574,1.443,0.787,0.52,8.74,0.525,0.656,0.787,0.262,2.623,1.57,7.87,5.25,0.87,13.12,0.03,12.02,26.78,37.4,38.99,78.81,69.3,22.68,76.53,20.37,49.04,63.89,64.52,41.98,33.25,45.69,0,0,0,0,0,0,0.0,0.0,0.0,0.0,0.0,36.13,4,3,6,79.26,13,Match_152,2025-09-24T06:30:21.864240+00:00,[],0,15,6,1,500,500,0,56.27,1,0,4.91,1,12,11,6,4,4,5,6,2,20,12,53.68,
"Lopez, Hugo",RB,1213.64,47.85,28.33,23.25,34.52,57.74,starter,Far Eastern University,54,0.0,0.0,0.0,0.0,49.65,70.66,0.0,0.0,0.0,0.0,0.0,0.0,0.0,60.75,59.93,0.0,0.0,0.0,0.0,0.0,73.0,52.46,69.34,75.2,40.9,30.16,44.34,4786,6.57,573,545,28,95.11,11,1.92,1,13.96,18,23,8,0,34.78,0.0,4,2,50.0,40,11,27.5,11,1,9.09,4,10,0,1,1,2,0,1.706,0.593,0.0,42.492,40.42,2.08,0.816,0.074,1.035,1.335,2.966,0.816,0.816,0.07,0.67,0.297,0.742,0.0,0.074,0.297,0.15,3.71,2.58,32.5,7.05,0.14,2.04,48.38,23.45,47.28,38.85,20.46,73.36,41.37,64.9,70.52,61.11,46.2,49.25,45.58,20.16,0,0,0,0,0,0,0.0,0.0,0.0,0.0,0.0,55.35,5,1,5,28.11,2,Match_376,2025-11-19T13:37:58.864240+00:00,[],0,23,8,0,573,545,28,81.15,11,1,1.82,1,40,11,11,1,4,10,0,1,4,2,67.53,
"Digal, Diegocarl",LB,866.33,64.21,57.68,61.05,64.35,54.41,starter,Redwood Borough,68,0.0,0.0,0.0,0.0,70.13,46.33,0.0,0.0,0.0,0.0,0.0,0.0,0.0,68.09,43.23,0.0,0.0,0.0,0.0,0.0,73.33,69.06,71.82,75.42,47.84,75.38,66.46,13223,25.44,805,805,0,100.0,16,1.99,3,12.21,28,5,2,0,40.0,0.0,7,1,14.29,20,8,40.0,10,5,50.0,3,19,6,3,3,0,0,0.519,0.208,0.0,83.629,83.63,69.16,1.662,0.312,1.268,2.909,2.078,0.831,1.039,0.52,5.19,0.312,1.974,0.623,0.312,0.727,0.1,1.48,4.16,61.82,10.39,0.21,4.16,28.56,22.07,24.13,66.49,74.36,39.38,38.29,50.27,66.74,25.91,56.41,31.42,43.48,41.9,0,0,0,0,0,0,0.0,0.0,0.0,0.0,0.0,58.07,2,2,3,63.13,12,Match_233,2025-10-26T12:17:37.865247+00:00,[],0,5,2,0,805,805,0,54.12,16,3,2.92,3,20,8,10,5,3,19,6,3,7,1,51.85,
"Dela Cruz, Miguel",CB,1226.26,43.71,51.75,47.24,56.31,42.5,starter,Goldenfield Rovers,70,0.0,0.0,0.0,0.0,30.22,38.33,0.0,0.0,0.0,0.0,0.0,0.0,0.0,66.88,68.48,0.0,0.0,0.0,0.0,0.0,62.38,36.93,63.44,61.09,48.7,65.37,31.17,16206,22.03,252,172,80,68.25,9,3.57,0,11.48,10,5,2,0,40.0,0.0,8,4,50.0,3,3,100.0,15,9,60.0,1,27,8,2,2,3,0,0.367,0.147,0.0,18.495,12.62,5.87,0.661,0.0,0.843,0.734,0.22,0.22,1.101,0.66,4.4,0.073,1.982,0.587,0.147,0.587,0.29,3.67,2.94,64.92,5.01,0.26,7.34,41.28,25.66,77.11,34.21,61.37,53.77,21.83,62.09,78.86,61.14,63.27,73.55,55.38,66.47,0,0,0,0,0,0,0.0,0.0,0.0,0.0,0.0,64.59,2,2,5,81.37,3,Match_342,2025-09-02T23:10:46.866237+00:00,[],0,5,2,0,252,172,80,30.91,9,0,1.12,4,3,3,15,9,1,27,8,2,8,4,44.64,
"Aningalan, Jul",CM,810.39,46.27,59.15,63.27,47.01,54.86,starter,Eastview Rangers,42,0.0,0.0,0.0,0.0,30.09,72.84,0.0,0.0,0.0,0.0,0.0,0.0,0.0,38.19,49.83,0.0,0.0,0.0,0.0,0.0,71.17,44.04,63.18,71.3,45.17,58.19,55.76,8307,17.08,178,51,127,28.65,4,2.25,0,18.87,8,11,2,1,18.18,9.09,8,1,12.5,8,6,75.0,4,1,25.0,4,0,10,2,1,1,0,1.222,0.222,0.111,19.768,5.66,14.1,0.444,0.0,2.096,0.888,0.888,0.666,0.444,0.11,2.78,0.444,0.0,1.111,0.222,0.888,0.11,1.39,2.02,1.01,3.18,0.25,8.33,69.13,44.64,65.61,78.69,69.81,59.46,67.26,69.14,23.89,53.67,50.75,71.91,64.37,21.58,0,0,0,0,0,0,0.0,0.0,0.0,0.0,0.0,34.4,2,4,5,38.86,19,Match_162,2024-12-26T21:42:09.866237+00:00,[],0,11,2,1,178,51,127,22.86,4,0,3.54,4,8,6,4,1,4,0,10,2,8,1,39.07,
"Andrada, Vince",RW,821.71,26.41,49.45,32.14,39.08,55.68,substitute,Lyceum,56,0.0,0.0,0.0,0.0,73.97,78.6,0.0,0.0,0.0,0.0,0.0,0.0,0.0,78.87,50.69,0.0,0.0,0.0,0.0,0.0,36.48,32.45,36.74,77.22,56.82,71.92,52.94,10217,20.72,543,468,75,86.19,1,0.18,0,24.34,13,16,7,0,43.75,0.0,23,6,26.09,7,3,42.86,15,11,73.33,3,7,1,0,0,0,0,1.752,0.767,0.0,59.474,51.26,8.21,0.11,0.0,2.666,1.424,0.767,0.329,1.643,1.2,8.03,0.329,0.767,0.11,0.0,2.519,0.66,2.86,4.79,67.12,9.44,0.02,4.69,43.42,67.89,61.15,79.43,69.05,28.96,41.25,68.96,70.66,78.26,42.1,34.41,75.65,70.03,0,0,0,0,0,0,0.0,0.0,0.0,0.0,0.0,33.24,5,1,2,84.94,10,Match_333,2025-10-20T21:08:17.867238+00:00,[],0,16,7,0,543,468,75,24.12,1,0,4.99,3,7,3,15,11,3,7,1,0,23,6,68.63,
"Moleje, Josh",RW,378.34,33.87,28.68,22.17,24.82,32.01,starter,Harborview United,16,0.0,0.0,0.0,0.0,30.78,34.5,0.0,0.0,0.0,0.0,0.0,0.0,0.0,32.94,32.19,0.0,0.0,0.0,0.0,0.0,43.89,48.07,77.17,30.42,30.64,50.03,68.65,1301,5.73,264,125,139,47.35,5,1.89,1,7.45,16,14,1,1,7.14,7.14,11,6,54.55,12,9,75.0,1,0,0.0,2,4,2,0,1,1,0,3.33,0.238,0.238,62.801,29.74,33.07,1.189,0.238,1.772,3.806,2.855,2.141,0.238,78.29,73.27,0.476,0.952,0.476,0.0,2.617,1.43,12.98,1.7,1.7,11.26,0.45,17.84,61.82,73.52,45.55,54.68,28.92,68.59,26.72,25.34,45.21,55.12,31.35,42.17,60.69,32.77,0,0,0,0,0,0,0.0,0.0,0.0,0.0,0.0,47.29,6,2,5,63.19,4,Match_125,2025-05-26T19:38:02.868245+00:00,[],0,14,1,1,264,125,139,72.89,5,1,4.28,6,12,9,1,0,2,4,2,0,11,6,47.96,
"Pedimonte, Nhiboy",CDM,1012.49,64.66,54.06,36.61,63.27,70.64,starter,Brookside United,2,0.0,0.0,0.0,0.0,57.11,73.65,0.0,0.0,0.0,0.0,0.0,0.0,0.0,35.98,49.87,0.0,0.0,0.0,0.0,0.0,42.97,41.32,70.06,39.0,34.24,43.41,57.44,17992,29.62,513,244,269,47.56,14,2.73,2,12.59,17,4,4,0,100.0,0.0,11,1,9.09,37,34,91.89,21,6,28.57,6,20,6,1,2,0,0,0.356,0.356,0.0,45.6,21.69,23.91,1.244,0.178,1.119,1.511,3.289,3.022,1.867,0.53,2.54,0.533,1.778,0.533,0.089,0.978,0.09,0.81,8.89,50.73,4.23,0.24,8.17,42.41,65.48,58.9,38.98,77.93,61.56,49.7,48.95,70.7,24.73,38.04,24.45,27.53,38.08,0,0,0,0,0,0,0.0,0.0,0.0,0.0,0.0,62.07,0,5,1,85.59,1,Match_302,2024-12-19T03:41:20.868245+00:00,[],0,4,4,0,513,244,269,25.81,14,2,1.52,7,37,34,21,6,6,20,6,1,11,1,52.35,
"Labrador, Sean",GK,782.73,36.39,75.36,58.59,36.36,68.11,starter,Harborview United,35,0.0,0.0,0.0,0.0,46.28,75.25,0.0,0.0,0.0,0.0,0.0,0.0,0.0,56.32,42.0,0.0,0.0,0.0,0.0,0.0,69.82,36.41,63.18,71.07,44.8,62.58,62.72,15028,32.0,226,226,0,100.0,2,0.88,0,19.89,16,6,3,1,50.0,16.67,9,7,77.78,4,3,75.0,15,5,33.33,3,18,7,1,2,1,0,0.69,0.345,0.115,25.986,25.99,41.74,0.23,0.0,2.287,1.84,0.46,0.345,1.725,0.57,3.83,0.345,2.07,0.805,0.115,1.035,0.8,8.94,5.75,1.92,11.5,0.1,8.62,23.63,63.01,20.94,28.75,49.21,64.92,48.44,57.33,40.93,70.49,29.02,75.25,20.08,71.05,31,26,5,83.87,31,5,2.99,0.575,3.564,3.564,0.575,9.64,3,2,1,21.83,6,Match_122,2025-06-02T04:42:41.869238+00:00,[],0,6,3,1,226,226,0,65.72,2,0,1.94,4,4,3,15,5,3,18,7,1,9,7,37.42,
"Berciles, Earl",LB,703.86,66.53,40.5,35.04,43.36,62.55,starter,University of Santo Tomas,16,0.0,0.0,0.0,0.0,33.0,62.49,0.0,0.0,0.0,0.0,0.0,0.0,0.0,42.29,79.59,0.0,0.0,0.0,0.0,0.0,77.18,51.72,32.85,32.2,44.16,57.15,35.86,10527,24.93,512,227,285,44.34,2,0.39,0,5.32,38,10,3,1,30.0,10.0,1,0,0.0,36,24,66.67,14,6,42.86,5,23,8,2,1,2,0,1.279,0.384,0.128,65.468,29.03,36.44,0.256,0.0,0.68,4.859,4.603,3.069,1.79,0.77,5.48,0.639,2.941,1.023,0.256,0.128,56.71,63.88,3.84,1.28,5.67,0.05,8.52,30.18,59.82,54.18,20.24,70.19,25.0,46.69,59.98,33.74,43.1,74.78,75.1,68.09,75.56,0,0,0,0,0,0,0.0,0.0,0.0,0.0,0.0,41.19,1,4,4,58.6,3,Match_297,2025-05-29T05:30:33.870238+00:00,[],0,10,3,1,512,227,285,47.56,2,0,3.65,1,36,24,14,6,5,23,8,2,1,0,39.19,
"Amador, Roniel",RB,988.35,58.71,46.09,41.58,68.22,28.43,starter,Adamson University,28,0.0,0.0,0.0,0.0,69.83,42.15,0.0,0.0,0.0,0.0,0.0,0.0,0.0,65.02,76.88,0.0,0.0,0.0,0.0,0.0,76.37,33.74,51.89,38.34,74.47,64.99,30.58,17841,30.09,535,454,81,84.86,3,0.56,0,8.42,30,0,0,0,37.11,9.28,8,5,62.5,42,42,100.0,27,6,22.22,6,17,10,2,1,2,0,0.0,0.0,0.0,48.718,41.34,7.38,0.273,0.0,0.767,2.732,3.825,3.825,2.459,0.55,2.02,0.546,1.548,0.911,0.182,0.728,0.46,5.69,3.38,0.85,7.73,0.05,9.11,40.43,76.42,68.01,24.04,74.29,61.8,72.76,53.12,46.35,56.76,60.02,63.62,52.93,53.95,0,0,0,0,0,0,0.0,0.0,0.0,0.0,0.0,35.73,4,1,3,65.48,3,Match_272,2025-07-19T01:33:52.870238+00:00,[],0,0,0,0,535,454,81,44.16,3,0,0.95,4,42,42,27,6,6,17,10,2,8,5,22.95,
"Diola, Ezekiel",RWB,1347.16,55.96,50.37,38.16,38.43,57.1,substitute,Far Eastern University,7,0.0,0.0,0.0,0.0,56.38,66.38,0.0,0.0,0.0,0.0,0.0,0.0,0.0,76.82,33.05,0.0,0.0,0.0,0.0,0.0,39.8,45.15,36.03,75.69,41.36,30.79,38.82,12949,16.02,647,0,647,0.0,20,3.09,2,29.9,8,22,7,1,31.82,4.55,2,1,50.0,64,30,46.88,23,7,30.43,7,20,21,2,2,4,0,1.47,0.468,0.067,43.224,66.75,43.22,1.336,0.134,1.998,0.534,4.276,2.004,1.537,0.47,2.03,0.468,1.336,1.403,0.134,0.134,0.07,3.34,2.13,0.3,49.41,0.21,3.13,50.19,77.62,43.46,41.84,37.84,24.45,52.55,47.8,76.37,55.99,34.84,43.14,73.21,39.62,0,0,0,0,0,0,0.0,0.0,0.0,0.0,0.0,73.54,6,0,3,53.67,11,Match_202,2025-02-13T23:52:36.871231+00:00,[],0,22,7,1,647,0,647,33.21,20,2,3.91,1,64,30,23,7,7,20,21,2,2,1,71.4,
"Digal, Marco",LW,553.13,25.5,28.37,34.81,70.1,65.45,starter,Harborview United,21,0.0,0.0,0.0,0.0,54.47,63.03,0.0,0.0,0.0,0.0,0.0,0.0,0.0,59.93,34.11,0.0,0.0,0.0,0.0,0.0,41.46,63.25,51.45,46.79,40.48,60.2,40.1,11670,35.16,49,49,0,100.0,1,2.04,0,18.02,2,27,4,4,14.81,14.81,13,11,84.62,11,7,63.64,2,1,50.0,0,7,1,0,2,1,0,4.393,0.651,0.651,7.973,7.97,48.85,0.163,0.0,2.932,0.325,1.79,1.139,0.325,0.16,8.14,0.0,1.139,0.163,0.0,2.115,1.79,13.77,2.41,2.41,16.27,0.33,10.35,35.19,34.5,45.43,67.99,68.81,48.45,21.78,66.37,57.14,63.9,59.11,58.07,59.67,55.4,0,0,0,0,0,0,0.0,0.0,0.0,0.0,0.0,50.05,3,1,5,56.16,1,Match_332,2024-12-19T21:06:45.872231+00:00,[],0,27,4,4,49,49,0,45.14,1,0,4.45,3,11,7,2,1,0,7,1,0,13,11,53.53,
"Acebedo, James",CDM,603.87,74.44,55.56,32.44,30.67,79.89,starter,Summit Peak FC,86,0.0,0.0,0.0,0.0,77.56,47.86,0.0,0.0,0.0,0.0,0.0,0.0,0.0,59.02,40.88,0.0,0.0,0.0,0.0,0.0,75.26,51.57,48.65,69.85,40.41,42.02,63.29,4070,11.23,703,703,0,100.0,20,2.84,4,18.28,25,7,1,1,14.29,14.29,7,5,71.43,12,10,83.33,4,2,50.0,2,3,7,0,1,1,0,1.043,0.149,0.149,104.774,100.0,63.32,2.981,0.596,2.724,3.726,1.788,1.49,0.596,0.3,7.45,0.298,0.447,1.043,0.0,1.043,0.75,10.65,2.13,2.13,14.9,0.42,12.42,46.06,63.44,65.21,62.8,54.86,39.14,31.12,53.33,26.2,53.08,67.7,50.68,31.44,42.88,0,0,0,0,0,0,0.0,0.0,0.0,0.0,0.0,66.04,2,2,4,22.13,8,Match_347,2025-11-18T06:38:40.872231+00:00,[],0,7,1,1,703,703,0,56.45,20,4,2.69,5,12,10,4,2,2,3,7,0,7,5,56.84,
"Amador, Roniel",GK,639.0,49.78,42.5,63.39,53.09,66.46,DNP,Eastview Rangers,1,0.0,0.0,0.0,0.0,74.62,53.42,0.0,0.0,0.0,0.0,0.0,0.0,0.0,57.18,47.47,0.0,0.0,0.0,0.0,0.0,45.48,39.61,39.89,41.21,41.65,77.04,77.53,12038,31.4,280,280,0,100.0,9,3.21,2,10.69,10,12,3,0,25.0,0.0,7,7,100.0,18,6,33.33,2,1,50.0,1,14,1,3,1,1,0,1.69,0.423,0.0,39.437,39.44,64.43,1.268,0.282,1.506,1.408,2.535,0.845,0.282,0.14,7.04,0.141,1.972,0.141,0.423,0.986,0.99,14.08,3.52,53.35,14.08,0.45,4.69,37.85,36.95,54.67,56.72,74.78,31.87,40.79,42.67,44.97,77.49,27.51,24.24,52.81,20.69,29,19,10,65.52,29,10,2.676,1.408,4.085,4.085,1.408,9.23,4,5,3,89.26,5,Match_384,2025-01-06T12:48:28.873230+00:00,[],0,12,3,0,280,280,0,72.07,9,2,1.08,2,18,6,2,1,1,14,1,3,7,7,88.3,
"Ebrada, Zraim Uichi",ST,493.39,36.87,72.97,74.34,28.44,35.65,starter,De La Salle University,63,0.0,0.0,0.0,0.0,78.05,59.78,0.0,0.0,0.0,0.0,0.0,0.0,0.0,38.84,62.1,0.0,0.0,0.0,0.0,0.0,70.85,49.01,55.2,76.0,35.32,76.78,53.3,1915,6.47,220,189,31,85.91,1,0.45,0,20.17,8,1,0,0,0.0,0.0,6,3,50.0,6,6,100.0,9,5,55.56,1,2,4,0,1,1,0,0.182,0.0,0.0,40.131,34.48,5.65,0.182,0.0,3.679,1.459,1.094,1.094,1.642,0.91,10.13,0.182,0.365,0.73,0.0,1.094,0.55,9.12,48.09,31.97,15.67,0.08,18.24,45.19,62.12,70.6,67.21,47.97,77.63,22.37,62.56,73.01,69.56,30.35,58.0,52.7,28.4,0,0,0,0,0,0,0.0,0.0,0.0,0.0,0.0,59.1,1,3,1,42.8,19,Match_204,2025-04-10T10:25:53.873230+00:00,[],0,1,0,0,220,189,31,23.38,1,0,2.11,3,6,6,9,5,1,2,4,0,6,3,51.45,
"Mapula, Paul Vincent",CAM,346.82,63.34,66.89,54.89,35.56,69.83,starter,Riverside FC,94,0.0,0.0,0.0,0.0,67.66,75.4,0.0,0.0,0.0,0.0,0.0,0.0,0.0,68.83,77.99,0.0,0.0,0.0,0.0,0.0,45.86,73.21,57.21,39.22,62.75,31.25,59.01,6604,31.74,385,244,141,63.38,8,2.08,1,17.46,18,4,1,0,25.0,0.0,7,2,28.57,4,2,50.0,1,0,0.0,1,9,2,0,0,1,0,1.038,0.26,0.0,99.908,63.32,36.59,2.076,0.26,4.531,4.671,1.038,0.519,0.26,74.63,52.33,0.26,2.336,0.519,0.0,1.817,0.52,7.41,6.49,30.53,16.45,0.54,12.98,21.61,68.84,51.95,50.57,21.12,62.3,37.87,77.11,62.92,60.65,75.06,27.74,50.05,38.27,0,0,0,0,0,0,0.0,0.0,0.0,0.0,0.0,64.72,5,3,3,59.99,20,Match_272,2025-05-24T10:48:02.874231+00:00,[],0,4,1,0,385,244,141,86.13,8,1,2.86,4,4,2,1,0,1,9,2,0,7,2,68.67,
"Lopez, Bel",GK,1222.54,41.81,40.04,64.71,54.27,27.99,starter,University of the Philippines,31,0.0,0.0,0.0,0.0,68.61,42.34,0.0,0.0,0.0,0.0,0.0,0.0,0.0,62.05,48.97,0.0,0.0,0.0,0.0,0.0,35.26,43.97,58.72,36.08,52.46,75.2,57.75,13736,18.73,384,11,373,2.86,2,0.52,0,28.46,7,3,3,0,100.0,0.0,4,1,25.0,29,23,79.31,14,9,64.29,1,41,17,1,3,2,0,0.221,0.221,0.0,28.269,0.81,27.46,0.147,0.0,2.095,0.515,2.135,1.693,1.031,0.66,4.73,0.074,3.018,1.251,0.074,0.294,0.07,1.84,7.36,64.81,0.21,0.04,5.84,63.25,65.59,79.91,61.08,27.67,33.92,77.61,45.4,71.64,61.55,27.83,25.11,42.67,66.87,30,24,6,80.0,30,6,1.767,0.442,2.209,2.209,0.442,5.89,7,3,3,70.4,6,Match_321,2025-07-17T20:09:51.875230+00:00,[],0,3,3,0,384,11,373,57.29,2,0,4.25,2,29,23,14,9,1,41,17,1,4,1,77.63,
"Labrador, Sean",RB,882.69,57.26,67.42,69.7,33.4,26.81,starter,Goldenfield Rovers,11,0.0,0.0,0.0,0.0,53.01,37.03,0.0,0.0,0.0,0.0,0.0,0.0,0.0,63.68,61.72,0.0,0.0,0.0,0.0,0.0,78.89,76.65,55.28,73.43,44.58,67.83,56.55,9605,18.14,231,231,0,100.0,4,1.73,0,12.46,3,6,3,0,50.0,0.0,9,4,44.44,10,4,40.0,12,3,25.0,5,22,2,1,2,1,0,0.612,0.306,0.0,23.553,23.55,72.73,0.408,0.0,1.27,0.306,1.02,0.408,1.224,0.31,2.55,0.51,2.243,0.204,0.102,0.918,0.41,4.53,5.1,53.43,10.2,0.18,4.08,53.33,61.14,49.92,78.47,59.44,66.73,63.67,22.4,57.58,67.72,40.87,49.07,39.14,39.89,0,0,0,0,0,0,0.0,0.0,0.0,0.0,0.0,37.68,4,3,1,25.72,8,Match_330,2025-09-24T05:46:05.875230+00:00,[],0,6,3,0,231,231,0,60.67,4,0,0.55,2,10,4,12,3,5,22,2,1,9,4,82.97,
"Acebedo, James",GK,810.82,41.83,33.14,39.18,36.94,65.56,substitute,City United,93,0.0,0.0,0.0,0.0,46.6,39.74,0.0,0.0,0.0,0.0,0.0,0.0,0.0,72.24,40.05,0.0,0.0,0.0,0.0,0.0,79.69,40.67,74.73,57.71,73.1,57.64,47.88,8323,17.11,104,104,0,100.0,4,3.85,0,23.25,7,7,1,0,14.29,0.0,11,4,36.36,30,18,60.0,15,8,53.33,2,2,6,2,0,3,0,0.777,0.111,0.0,11.544,11.54,50.58,0.444,0.0,2.581,0.777,3.33,1.998,1.665,0.89,5.92,0.222,0.222,0.666,0.222,1.221,0.44,4.04,1.59,57.37,11.1,0.43,6.66,22.16,65.53,75.1,62.49,60.65,47.36,61.91,50.2,51.54,78.32,55.27,72.6,58.66,73.85,30,17,13,56.67,30,13,1.887,1.443,3.33,3.33,1.443,6.29,3,2,2,61.68,4,Match_23,2025-11-26T03:29:26.876231+00:00,[],0,7,1,0,104,104,0,62.6,4,0,0.55,3,30,18,15,8,2,2,6,2,11,4,43.9,
"Ybanez, Moimoi",LB,1025.7,27.96,35.53,52.92,48.2,26.9,starter,Goldenfield Rovers,64,0.0,0.0,0.0,0.0,76.35,62.15,0.0,0.0,0.0,0.0,0.0,0.0,0.0,78.05,44.81,0.0,0.0,0.0,0.0,0.0,74.1,51.02,68.5,34.09,30.43,77.08,49.68,20833,33.85,571,542,29,94.92,0,0.0,0,21.09,16,12,3,0,25.0,0.0,7,4,57.14,26,16,61.54,5,3,60.0,1,31,11,2,2,2,0,1.053,0.263,0.0,50.102,47.56,2.54,0.0,0.0,1.851,1.404,2.281,1.404,0.439,0.26,5.26,0.088,2.72,0.965,0.175,0.614,0.35,5.01,2.19,78.69,8.33,62.32,5.4,20.94,27.05,47.79,66.72,33.86,29.42,47.79,22.82,37.12,37.63,67.15,21.75,34.66,38.48,0,0,0,0,0,0,0.0,0.0,0.0,0.0,0.0,30.51,6,3,3,23.33,11,Match_131,2025-10-23T19:41:53.877230+00:00,[],0,12,3,0,571,542,29,58.67,0,0,2.39,4,26,16,5,3,1,31,11,2,7,4,27.06,
"Fernandez, Laurence",CAM,284.07,65.7,75.34,61.36,68.94,25.81,starter,National University,11,0.0,0.0,0.0,0.0,39.02,36.88,0.0,0.0,0.0,0.0,0.0,0.0,0.0,48.2,79.01,0.0,0.0,0.0,0.0,0.0,40.39,33.06,51.04,41.14,44.42,48.65,78.35,2001,11.74,286,207,79,72.38,8,2.8,0,9.46,13,4,1,0,25.0,0.0,10,9,90.0,11,11,100.0,2,1,50.0,2,6,2,0,0,1,0,1.267,0.317,0.0,90.611,65.58,25.03,2.535,0.0,2.997,4.119,3.485,3.485,0.634,0.32,15.84,0.634,1.901,0.634,0.0,3.168,2.85,28.51,7.92,52.55,22.93,0.89,31.68,67.23,29.96,42.03,24.84,69.01,23.41,34.74,34.52,65.54,36.25,63.73,29.27,73.3,68.36,0,0,0,0,0,0,0.0,0.0,0.0,0.0,0.0,73.98,5,3,3,48.06,19,Match_279,2025-09-22T13:41:19.877230+00:00,[],0,4,1,0,286,207,79,48.65,8,0,0.41,2,11,11,2,1,2,6,2,0,10,9,26.44,
"Espana, Dave",CF,1227.04,43.28,32.01,35.93,28.17,66.5,DNP,Redwood Borough,97,0.0,0.0,0.0,0.0,58.13,48.88,0.0,0.0,0.0,0.0,0.0,0.0,0.0,56.33,32.51,0.0,0.0,0.0,0.0,0.0,68.49,34.23,59.46,55.98,69.55,31.61,79.6,14285,19.4,302,302,0,100.0,7,2.32,1,29.25,9,40,6,1,15.0,2.5,2,1,50.0,28,5,17.86,13,3,23.08,3,0,2,1,2,3,0,2.934,0.44,0.073,22.151,22.15,78.67,0.513,0.073,2.145,0.66,2.054,0.367,0.954,0.22,1.69,0.22,0.0,0.147,0.073,0.147,0.07,3.67,1.1,0.18,7.33,0.17,1.31,27.2,69.95,26.52,61.13,60.08,57.27,62.93,38.66,64.07,44.79,62.11,52.04,71.06,39.77,0,0,0,0,0,0,0.0,0.0,0.0,0.0,0.0,57.91,2,1,4,68.82,3,Match_160,2025-10-01T12:15:07.878234+00:00,[],0,40,6,1,302,302,0,36.94,7,1,2.15,4,28,5,13,3,3,0,2,1,2,1,88.99,
"Fernandez, Laurence",RW,768.9,66.06,68.5,41.64,67.3,69.35,substitute,Riverstone FC,81,0.0,0.0,0.0,0.0,69.74,68.94,0.0,0.0,0.0,0.0,0.0,0.0,0.0,39.16,63.37,0.0,0.0,0.0,0.0,0.0,76.66,42.54,78.8,71.22,56.87,62.19,50.57,3777,8.19,312,0,312,0.0,3,0.96,0,28.02,6,32,21,0,65.62,0.0,19,4,21.05,3,2,66.67,4,1,25.0,2,7,4,1,3,1,0,3.746,2.458,0.0,36.52,41.48,36.52,0.351,0.0,3.28,0.702,0.351,0.234,0.468,0.12,2.93,0.234,0.819,0.468,0.117,2.224,0.47,2.46,7.68,78.95,33.79,0.11,7.8,74.72,41.49,36.83,62.07,49.54,48.95,37.12,74.58,53.93,35.87,55.24,22.04,45.63,68.4,0,0,0,0,0,0,0.0,0.0,0.0,0.0,0.0,65.57,4,2,5,86.47,17,Match_119,2025-11-21T05:25:38.879246+00:00,[],0,32,21,0,312,0,312,30.79,3,0,4.43,1,3,2,4,1,2,7,4,1,19,4,38.23,
"Villacarlos, Uriel",ST,985.56,53.68,79.5,71.27,68.86,28.48,starter,Riverside FC,8,0.0,0.0,0.0,0.0,30.85,73.01,0.0,0.0,0.0,0.0,0.0,0.0,0.0,43.1,57.59,0.0,0.0,0.0,0.0,0.0,70.42,79.4,60.84,69.41,46.43,49.49,61.39,18865,31.9,584,584,0,100.0,12,2.05,2,22.01,15,22,3,0,13.64,0.0,15,8,53.33,14,9,64.29,11,2,18.18,6,9,7,0,1,1,0,2.009,0.274,0.0,53.33,53.33,33.01,1.096,0.183,2.01,1.37,1.278,0.822,1.005,0.18,1.66,0.548,0.822,0.639,0.0,1.37,0.73,4.87,1.25,54.37,9.13,0.19,5.87,57.93,35.17,21.86,53.82,43.83,28.16,60.11,73.57,26.25,48.62,32.08,61.14,66.43,33.06,0,0,0,0,0,0,0.0,0.0,0.0,0.0,0.0,62.13,0,1,2,47.89,9,Match_21,2025-08-26T00:25:49.879246+00:00,[],0,22,3,0,584,584,0,46.6,12,2,1.36,4,14,9,11,2,6,9,7,0,15,8,60.32,
"Amador, Roniel",LWB,563.9,68.7,60.86,71.79,68.06,46.37,substitute,Coastal Town,91,0.0,0.0,0.0,0.0,69.14,60.88,0.0,0.0,0.0,0.0,0.0,0.0,0.0,48.01,75.66,0.0,0.0,0.0,0.0,0.0,54.24,54.62,57.12,48.46,67.26,57.73,67.82,5954,17.6,332,57,275,17.17,1,0.3,0,13.53,10,11,4,1,36.36,9.09,5,3,60.0,28,11,39.29,5,2,40.0,2,4,2,0,2,4,0,1.756,0.638,0.16,52.988,9.1,43.89,0.16,0.0,2.159,1.596,4.469,1.756,0.798,0.32,6.38,0.319,0.638,0.319,0.0,0.798,0.48,9.58,5.8,1.45,2.74,0.05,6.27,26.39,33.71,71.0,75.91,36.79,21.42,32.8,77.9,43.65,59.94,27.76,43.25,47.7,75.09,0,0,0,0,0,0,0.0,0.0,0.0,0.0,0.0,50.88,5,3,2,33.62,3,Match_74,2025-06-06T22:37:36.880241+00:00,[],0,11,4,1,332,57,275,33.02,1,0,4.54,2,28,11,5,2,2,4,2,0,5,3,75.79,
"Aningalan, Miguel",CM,615.19,56.25,39.1,35.9,74.64,33.75,substitute,University of Santo Tomas,27,0.0,0.0,0.0,0.0,35.2,43.34,0.0,0.0,0.0,0.0,0.0,0.0,0.0,47.8,68.85,0.0,0.0,0.0,0.0,0.0,53.68,65.94,34.22,56.84,32.37,56.35,70.97,9211,24.95,588,515,73,87.59,15,2.55,3,28.8,13,6,2,0,33.33,0.0,1,1,100.0,8,3,37.5,7,6,85.71,2,15,5,0,1,2,0,0.878,0.293,0.0,86.022,75.34,10.68,2.194,0.439,4.213,1.902,1.17,0.439,1.024,0.88,12.54,0.293,2.194,0.731,0.0,0.146,0.15,14.63,4.88,69.68,12.81,0.37,5.49,58.33,72.81,31.61,67.25,62.93,51.2,32.96,45.09,64.77,31.23,69.49,40.68,22.46,28.28,0,0,0,0,0,0,0.0,0.0,0.0,0.0,0.0,76.63,2,1,4,72.22,17,Match_200,2025-05-27T07:16:15.881241+00:00,[],0,6,2,0,588,515,73,71.05,15,3,4.03,5,8,3,7,6,2,15,5,0,1,1,72.17,
"Legara, Ezralph",GK,730.43,30.27,27.81,48.58,31.57,76.79,starter,Lakeside Athletic,30,0.0,0.0,0.0,0.0,77.71,42.86,0.0,0.0,0.0,0.0,0.0,0.0,0.0,77.35,50.68,0.0,0.0,0.0,0.0,0.0,65.45,68.91,31.84,79.34,73.36,32.12,35.69,6533,14.91,185,132,53,71.35,4,2.16,0,4.72,8,6,3,0,50.0,0.0,9,6,66.67,8,7,87.5,8,3,37.5,3,11,7,0,2,0,0,0.739,0.37,0.0,22.795,16.26,6.53,0.493,0.0,0.582,0.986,0.986,0.863,0.986,0.37,4.62,0.37,1.355,0.863,0.0,1.109,0.74,8.21,6.16,45.73,8.79,0.27,10.78,76.48,64.52,51.03,23.1,78.72,29.59,61.42,60.19,79.86,56.39,69.77,61.8,51.53,44.72,9,5,4,55.56,9,4,0.616,0.493,1.109,1.109,0.493,6.85,4,0,3,71.75,14,Match_73,2025-06-25T09:04:21.881241+00:00,[],0,6,3,0,185,132,53,85.56,4,0,1.29,1,8,7,8,3,3,11,7,0,9,6,48.08,
"Aningalan, Jul",CAM,815.71,39.15,24.02,40.17,30.16,67.72,starter,San Beda University,78,0.0,0.0,0.0,0.0,46.58,51.71,0.0,0.0,0.0,0.0,0.0,0.0,0.0,60.22,71.77,0.0,0.0,0.0,0.0,0.0,33.15,34.39,74.37,36.31,62.87,56.34,35.46,3830,7.83,474,474,0,100.0,9,1.9,1,20.08,24,8,3,0,37.5,0.0,25,12,48.0,20,12,60.0,9,4,44.44,4,0,6,2,2,0,0,0.883,0.331,0.0,52.298,52.3,38.35,0.993,0.11,2.215,2.648,2.207,1.324,0.993,0.44,4.9,0.441,0.0,0.662,0.221,2.758,1.32,5.3,4.14,53.94,11.03,0.21,6.62,36.78,76.81,75.97,22.82,50.79,52.78,49.62,40.97,62.04,49.08,40.44,52.47,76.97,20.29,0,0,0,0,0,0,0.0,0.0,0.0,0.0,0.0,77.53,3,2,4,52.67,2,Match_235,2025-09-08T15:48:34.882240+00:00,[],0,8,3,0,474,474,0,62.66,9,1,0.85,4,20,12,9,4,4,0,6,2,25,12,59.63,
"Nemenzo, Sirach Ethan",RWB,599.19,70.21,26.4,67.05,75.29,62.89,substitute,Adamson University,74,0.0,0.0,0.0,0.0,30.29,38.22,0.0,0.0,0.0,0.0,0.0,0.0,0.0,51.83,64.05,0.0,0.0,0.0,0.0,0.0,34.3,40.12,55.71,30.98,76.08,74.75,34.82,1252,3.48,164,149,15,90.85,4,2.44,0,25.09,2,9,3,2,33.33,22.22,5,1,20.0,19,12,63.16,14,7,50.0,2,4,3,0,1,0,0,1.352,0.451,0.3,24.633,22.38,2.25,0.601,0.0,3.769,0.3,2.854,1.802,2.103,1.05,7.51,0.3,0.601,0.451,0.0,0.751,0.15,3.0,5.01,3.34,13.65,0.37,9.49,73.2,46.95,78.12,46.5,73.66,53.58,72.62,45.17,50.64,70.04,76.16,73.9,76.81,51.97,0,0,0,0,0,0,0.0,0.0,0.0,0.0,0.0,70.07,2,4,3,83.56,3,Match_93,2025-08-18T12:09:35.883304+00:00,[],0,9,3,2,164,149,15,42.19,4,0,3.75,5,19,12,14,7,2,4,3,0,5,1,46.42,
"Lood, Trevor",GK,568.55,66.9,42.4,67.18,30.71,45.93,starter,De La Salle University,66,0.0,0.0,0.0,0.0,59.07,34.97,0.0,0.0,0.0,0.0,0.0,0.0,0.0,31.51,49.46,0.0,0.0,0.0,0.0,0.0,62.07,76.56,67.26,69.62,78.94,51.38,35.75,3337,9.78,147,138,9,93.88,3,2.04,0,26.17,7,12,2,2,16.67,16.67,3,1,33.33,14,6,42.86,13,10,76.92,2,0,3,0,2,0,0,1.9,0.317,0.317,23.27,21.85,1.42,0.475,0.0,4.143,1.108,2.216,0.95,2.058,1.58,12.18,0.317,0.0,0.475,0.0,0.475,0.16,5.28,2.64,2.64,14.86,0.32,6.78,61.83,55.37,65.41,70.02,66.41,76.43,33.23,78.14,63.52,48.18,32.5,40.54,49.78,28.46,16,16,0,100.0,16,0,2.533,0.0,2.533,2.533,0.0,15.83,3,3,3,32.5,20,Match_395,2025-04-16T13:43:33.883304+00:00,[],0,12,2,2,147,138,9,39.93,3,0,4.27,4,14,6,13,10,2,0,3,0,3,1,69.41,
"Unabia, Charles",LW,597.8,46.68,76.17,36.02,73.4,56.12,starter,Valley Rovers,42,0.0,0.0,0.0,0.0,69.35,71.87,0.0,0.0,0.0,0.0,0.0,0.0,0.0,59.36,52.24,0.0,0.0,0.0,0.0,0.0,55.56,74.19,69.93,44.04,41.38,47.44,62.1,1870,5.21,329,252,77,76.6,5,1.52,2,22.97,1,0,0,0,33.13,7.28,4,0,0.0,17,6,35.29,18,5,27.78,0,9,3,0,1,1,0,0.0,0.0,0.0,49.532,37.94,11.59,0.753,0.301,3.458,0.151,2.559,0.903,2.71,0.75,4.18,0.0,1.355,0.452,0.0,0.602,48.87,67.18,4.99,1.1,11.53,0.23,5.31,71.55,71.94,68.16,68.98,21.66,49.9,22.61,22.64,49.92,76.32,25.96,36.68,34.38,72.31,0,0,0,0,0,0,0.0,0.0,0.0,0.0,0.0,48.17,1,0,1,75.82,19,Match_398,2025-04-22T06:25:16.884307+00:00,[],0,0,0,0,329,252,77,31.26,5,2,1.71,3,17,6,18,5,0,9,3,0,4,0,54.27,
"Pedimonte, Nhiboy",RB,1159.78,55.22,50.03,30.39,32.43,35.49,starter,Redwood Borough,94,0.0,0.0,0.0,0.0,54.65,42.43,0.0,0.0,0.0,0.0,0.0,0.0,0.0,50.37,57.78,0.0,0.0,0.0,0.0,0.0,56.67,67.91,58.06,44.44,73.3,42.78,52.07,10598,15.23,334,162,172,48.5,11,3.29,1,4.17,10,1,0,0,0.0,0.0,6,4,66.67,42,5,11.9,20,12,60.0,2,23,9,1,3,3,0,0.078,0.0,0.0,25.919,12.57,13.35,0.854,0.078,0.324,0.776,3.259,0.388,1.552,0.93,4.66,0.155,1.785,0.698,0.078,0.466,0.31,5.17,44.72,72.17,3.76,0.26,0.92,54.32,24.93,29.66,32.3,33.13,72.17,70.07,51.45,70.45,75.1,27.36,53.79,21.43,47.66,0,0,0,0,0,0,0.0,0.0,0.0,0.0,0.0,44.69,5,3,3,48.82,11,Match_261,2025-05-14T10:09:39.884307+00:00,[],0,1,0,0,334,162,172,39.21,11,1,1.11,2,42,5,20,12,2,23,9,1,6,4,63.19,
"Valdez, Alysa",CF,1154.65,65.82,63.17,43.09,71.68,48.84,substitute,Metro FC,48,0.0,0.0,0.0,0.0,61.92,50.68,0.0,0.0,0.0,0.0,0.0,0.0,0.0,51.29,43.41,0.0,0.0,0.0,0.0,0.0,45.19,39.72,75.31,65.92,53.23,58.09,61.85,7953,11.48,0,0,0,79.67,0,2.51,0,29.9,0,29,8,3,27.59,10.34,2,1,50.0,10,1,10.0,1,1,100.0,6,19,6,1,3,2,0,2.26,0.624,0.234,0.0,78.14,36.26,0.0,0.0,2.331,0.0,0.779,0.078,0.078,0.08,7.79,0.468,1.481,0.468,0.078,0.156,0.08,3.9,2.15,0.81,5.83,0.2,0.78,43.64,53.73,27.54,50.01,64.24,40.52,58.45,55.17,38.65,72.83,75.59,24.24,41.83,37.25,0,0,0,0,0,0,0.0,0.0,0.0,0.0,0.0,62.18,3,3,0,24.25,11,Match_275,2025-03-16T17:45:40.885306+00:00,[],0,29,8,3,0,0,0,69.01,0,0,1.13,2,10,1,1,1,6,19,6,1,2,1,59.82,
"Fernandez, Laurence",CAM,555.79,66.04,73.81,26.51,26.72,72.13,substitute,National University,31,0.0,0.0,0.0,0.0,33.47,59.77,0.0,0.0,0.0,0.0,0.0,0.0,0.0,63.73,52.65,0.0,0.0,0.0,0.0,0.0,79.39,62.24,61.84,75.94,51.42,39.06,67.7,9194,27.57,1,1,0,100.0,0,0.0,0,5.89,0,6,1,0,16.67,0.0,8,3,37.5,8,7,87.5,6,3,50.0,3,3,5,0,3,1,0,0.972,0.162,0.0,0.162,0.16,73.9,0.0,0.0,0.954,0.0,1.295,1.134,0.972,0.49,8.1,0.486,0.486,0.81,0.0,1.295,0.49,6.07,2.7,51.04,16.19,68.06,14.17,35.77,21.29,41.22,50.11,39.4,51.38,39.19,28.01,37.37,29.21,43.56,40.62,36.59,44.72,0,0,0,0,0,0,0.0,0.0,0.0,0.0,0.0,79.54,1,1,1,60.48,12,Match_361,2025-05-26T08:02:59.886296+00:00,[],0,6,1,0,1,1,0,61.15,0,0,4.14,3,8,7,6,3,3,3,5,0,8,3,44.12,
"Unabia, Mark",CB,582.14,41.35,60.95,74.24,61.55,56.0,starter,Highland Wanderers,19,0.0,0.0,0.0,0.0,62.9,61.8,0.0,0.0,0.0,0.0,0.0,0.0,0.0,46.16,40.39,0.0,0.0,0.0,0.0,0.0,53.33,78.23,54.32,77.04,76.94,70.67,54.85,7272,20.82,370,2,368,0.54,10,2.7,2,19.34,7,9,3,0,33.33,0.0,6,4,66.67,18,12,66.67,7,4,57.14,0,6,9,0,1,1,0,1.391,0.464,0.0,57.203,0.31,56.89,1.546,0.309,2.99,1.082,2.783,1.855,1.082,0.62,8.83,0.0,0.928,1.391,0.0,0.928,0.62,10.31,5.15,63.05,0.08,0.42,10.31,65.0,79.59,66.49,74.97,45.93,35.82,45.47,56.17,58.03,45.25,76.94,55.51,43.6,73.12,0,0,0,0,0,0,0.0,0.0,0.0,0.0,0.0,79.94,3,8,5,27.41,19,Match_256,2025-06-22T13:34:28.886296+00:00,[],0,9,3,0,370,2,368,52.9,10,2,0.39,2,18,12,7,4,0,6,9,0,6,4,56.59,
"Tagara, Pedro",CB,1010.87,28.76,22.49,36.44,41.11,67.79,substitute,City United,82,0.0,0.0,0.0,0.0,70.75,65.16,0.0,0.0,0.0,0.0,0.0,0.0,0.0,54.89,43.24,0.0,0.0,0.0,0.0,0.0,56.31,34.53,70.82,73.02,65.09,75.92,38.88,11139,18.37,389,374,15,96.14,8,2.06,1,10.26,2,19,3,2,15.79,10.53,1,1,100.0,54,43,79.63,10,3,30.0,7,15,5,3,1,0,0,1.692,0.267,0.178,34.634,33.3,1.34,0.712,0.089,0.913,0.178,4.808,3.828,0.89,0.27,2.67,0.623,1.335,0.445,0.267,0.089,0.09,8.9,1.41,0.94,8.56,0.18,7.09,30.29,38.28,79.17,36.24,61.32,29.03,25.63,40.19,44.48,57.93,34.15,32.73,60.69,22.19,0,0,0,0,0,0,0.0,0.0,0.0,0.0,0.0,44.89,1,2,4,41.85,20,Match_189,2025-01-10T02:32:33.887284+00:00,[],0,19,3,2,389,374,15,84.0,8,1,4.27,4,54,43,10,3,7,15,5,3,1,1,49.86,
"Ybanez, Moimoi",GK,758.0,25.6,49.05,60.16,30.43,60.66,starter,Brookside United,80,0.0,0.0,0.0,0.0,59.96,78.12,0.0,0.0,0.0,0.0,0.0,0.0,0.0,74.71,45.93,0.0,0.0,0.0,0.0,0.0,34.12,50.0,42.65,68.41,41.19,32.57,31.54,12483,27.45,349,340,9,97.42,8,2.29,1,28.38,17,13,4,0,30.77,0.0,0,0,47.17,11,4,36.36,10,5,50.0,5,3,6,2,2,1,0,1.544,0.475,0.0,41.438,40.37,1.07,0.95,0.119,3.37,2.018,1.306,0.475,1.187,0.59,5.94,0.594,0.356,0.712,0.237,0.0,56.07,5.6,3.65,50.32,11.57,0.27,4.32,62.16,34.49,75.72,65.39,49.34,57.78,33.24,46.17,40.59,46.45,23.89,27.64,41.42,76.82,44,22,22,50.0,44,22,2.612,2.612,5.224,5.224,2.612,5.94,3,2,4,60.87,7,Match_166,2025-11-10T11:07:16.888302+00:00,[],0,13,4,0,349,340,9,82.43,8,1,3.82,4,11,4,10,5,5,3,6,2,0,0,53.28,
"Diola, Ezekiel",CM,1038.15,28.49,27.9,71.89,71.87,33.26,starter,Crown City FC,73,0.0,0.0,0.0,0.0,71.25,57.86,0.0,0.0,0.0,0.0,0.0,0.0,0.0,36.6,62.58,0.0,0.0,0.0,0.0,0.0,37.03,59.95,34.07,36.02,34.66,77.46,41.42,14803,23.77,172,150,22,87.21,3,1.74,0,28.08,3,18,1,2,5.56,11.11,9,4,44.44,29,20,68.97,23,1,4.35,2,10,6,2,4,1,0,1.56,0.087,0.173,14.911,13.0,1.91,0.26,0.0,2.434,0.26,2.514,1.734,1.994,0.09,0.38,0.173,0.867,0.52,0.173,0.78,0.35,3.85,0.48,0.96,7.56,0.15,5.98,75.14,61.32,26.58,79.18,40.8,34.55,61.81,41.76,47.72,75.21,76.94,68.12,25.06,64.36,0,0,0,0,0,0,0.0,0.0,0.0,0.0,0.0,64.24,2,2,3,30.79,12,Match_38,2025-05-31T01:39:22.888302+00:00,[],0,18,1,2,172,150,22,35.1,3,0,4.17,2,29,20,23,1,2,10,6,2,9,4,74.37,
"Diola, Ezekiel",CDM,885.82,32.86,50.52,70.83,50.44,72.95,substitute,National University,41,0.0,0.0,0.0,0.0,44.45,53.49,0.0,0.0,0.0,0.0,0.0,0.0,0.0,38.41,65.53,0.0,0.0,0.0,0.0,0.0,61.32,56.78,63.49,65.07,75.18,34.44,31.04,9760,18.36,754,754,0,100.0,5,0.66,1,14.46,22,10,7,1,70.0,10.0,7,3,42.86,41,30,73.17,6,6,100.0,3,18,3,3,1,0,0,1.016,0.711,0.102,76.607,76.61,56.86,0.508,0.102,1.469,2.235,4.166,3.048,0.61,0.61,10.16,0.305,1.829,0.305,0.305,0.711,0.3,4.35,7.11,1.02,10.16,0.07,7.43,46.76,52.72,60.12,26.39,56.1,33.1,52.42,42.33,22.37,22.62,22.6,23.6,45.38,58.05,0,0,0,0,0,0,0.0,0.0,0.0,0.0,0.0,68.8,3,6,3,40.58,17,Match_396,2025-03-25T00:23:27.889309+00:00,[],0,10,7,1,754,754,0,73.51,5,1,3.9,1,41,30,6,6,3,18,3,3,7,3,67.13,
"Labrador, Sean",CF,1258.65,30.41,63.75,79.54,43.75,60.48,starter,Valley Rovers,47,0.0,0.0,0.0,0.0,60.28,74.59,0.0,0.0,0.0,0.0,0.0,0.0,0.0,70.14,65.39,0.0,0.0,0.0,0.0,0.0,56.53,53.04,58.71,64.22,75.44,66.73,65.46,21955,29.07,239,156,83,65.27,6,2.51,1,8.15,11,45,18,1,40.0,2.22,20,2,10.0,31,21,67.74,29,18,62.07,7,28,11,2,2,2,0,3.218,1.287,0.072,17.09,11.15,5.93,0.429,0.072,0.583,0.787,2.217,1.502,2.074,1.29,4.44,0.501,2.002,0.787,0.143,1.43,0.14,0.72,2.86,0.16,4.67,0.18,4.84,41.54,69.02,41.66,54.79,39.63,44.71,22.51,75.72,75.29,75.1,33.72,33.14,64.64,29.21,0,0,0,0,0,0,0.0,0.0,0.0,0.0,0.0,40.97,1,5,1,66.58,15,Match_94,2025-07-13T16:57:45.890303+00:00,[],0,45,18,1,239,156,83,64.69,6,1,0.53,3,31,21,29,18,7,28,11,2,20,2,49.29,
"Santos, Aris",CAM,928.15,62.86,38.68,78.74,31.41,29.17,substitute,City United,82,0.0,0.0,0.0,0.0,43.17,69.21,0.0,0.0,0.0,0.0,0.0,0.0,0.0,60.04,36.73,0.0,0.0,0.0,0.0,0.0,67.09,70.47,30.9,47.12,61.08,67.12,51.64,15064,27.05,600,512,88,85.33,4,0.67,0,9.52,19,16,2,1,12.5,6.25,17,11,64.71,15,14,93.33,13,10,76.92,1,19,17,1,1,1,0,1.551,0.194,0.097,58.18,49.65,8.53,0.388,0.0,0.923,1.842,1.455,1.358,1.261,0.97,7.46,0.097,1.842,1.648,0.097,1.648,1.07,6.27,1.21,0.61,8.27,0.06,9.05,56.44,42.16,25.22,79.35,60.02,76.12,54.07,73.87,53.42,21.53,68.32,60.61,60.06,68.6,0,0,0,0,0,0,0.0,0.0,0.0,0.0,0.0,40.06,2,5,4,42.55,18,Match_348,2024-12-14T19:32:21.890303+00:00,[],0,16,2,1,600,512,88,73.35,4,0,1.67,6,15,14,13,10,1,19,17,1,17,11,61.51,
"Ebrada, Zraim Uichi",RW,1218.07,46.36,54.25,67.57,42.62,53.93,starter,Summit Peak FC,82,0.0,0.0,0.0,0.0,76.39,38.4,0.0,0.0,0.0,0.0,0.0,0.0,0.0,37.71,46.74,0.0,0.0,0.0,0.0,0.0,47.75,65.12,52.18,62.25,32.14,62.56,65.53,6278,8.59,379,204,175,53.83,3,0.79,0,9.0,12,22,1,2,4.55,9.09,34,30,88.24,20,4,20.0,0,0,67.82,2,25,1,0,5,1,0,1.626,0.074,0.148,28.003,15.07,12.93,0.222,0.0,0.665,0.887,1.478,0.296,0.0,43.12,5.01,0.148,1.847,0.074,0.0,2.512,2.22,6.52,0.34,0.67,3.98,0.06,1.48,71.02,32.64,74.79,28.57,46.88,68.88,49.27,57.92,38.25,69.67,44.77,52.42,63.06,62.7,0,0,0,0,0,0,0.0,0.0,0.0,0.0,0.0,56.78,2,4,1,82.67,5,Match_379,2025-08-24T10:41:01.891297+00:00,[],0,22,1,2,379,204,175,60.75,3,0,0.23,6,20,4,0,0,2,25,1,0,34,30,83.87,
"Escodo, Sam",GK,909.28,70.45,41.61,51.21,45.63,62.44,substitute,Eastview Rangers,87,0.0,0.0,0.0,0.0,60.64,39.56,0.0,0.0,0.0,0.0,0.0,0.0,0.0,72.89,70.3,0.0,0.0,0.0,0.0,0.0,70.29,74.7,58.08,54.68,48.2,30.93,78.45,6000,11.0,37,27,10,72.97,1,2.7,0,24.54,1,9,1,0,11.11,0.0,3,3,100.0,31,31,100.0,15,15,100.0,4,15,10,2,1,2,0,0.891,0.099,0.0,3.662,2.67,0.99,0.099,0.0,2.429,0.099,3.068,3.068,1.485,1.48,9.9,0.396,1.485,0.99,0.198,0.297,0.3,9.9,1.1,54.88,7.22,0.27,9.9,45.03,25.2,60.03,36.38,71.01,78.5,33.67,59.35,72.13,52.67,52.67,27.28,54.76,31.44,41,15,26,36.59,41,26,1.485,2.573,4.058,4.058,2.573,3.62,4,6,1,20.74,19,Match_120,2025-11-29T16:09:03.892312+00:00,[],0,9,1,0,37,27,10,82.9,1,0,2.2,4,31,31,15,15,4,15,10,2,3,3,62.6,
"Aningalan, Jul",RW,553.48,49.25,31.02,27.33,55.69,45.59,starter,De La Salle University,22,0.0,0.0,0.0,0.0,65.58,77.73,0.0,0.0,0.0,0.0,0.0,0.0,0.0,70.57,43.75,0.0,0.0,0.0,0.0,0.0,39.16,54.38,50.6,36.84,60.48,47.12,66.05,5952,17.92,264,0,264,0.0,0,0.0,0,28.73,7,20,6,0,30.0,0.0,6,4,66.67,23,9,39.13,7,3,42.86,3,6,4,0,0,1,0,3.252,0.976,0.0,42.928,56.32,42.93,0.0,0.0,4.672,1.138,3.74,1.463,1.138,0.49,6.97,0.488,0.976,0.65,0.0,0.976,0.65,10.84,4.88,41.47,68.81,78.25,6.36,31.24,70.02,30.98,40.86,21.09,70.89,34.69,59.79,47.39,58.14,43.93,54.52,61.36,20.47,0,0,0,0,0,0,0.0,0.0,0.0,0.0,0.0,40.56,5,1,6,80.82,5,Match_79,2025-01-06T15:27:53.892312+00:00,[],0,20,6,0,264,0,264,42.71,0,0,4.09,2,23,9,7,3,3,6,4,0,6,4,80.4,
"Tabelin, Kirvy",CAM,1350.0,56.16,59.41,63.97,51.18,71.66,substitute,Ateneo de Manila University,6,0.0,0.0,0.0,0.0,60.11,61.53,0.0,0.0,0.0,0.0,0.0,0.0,0.0,32.51,35.66,0.0,0.0,0.0,0.0,0.0,55.14,58.48,41.61,54.45,46.53,49.79,42.97,14947,18.45,613,147,466,23.98,17,2.77,3,13.11,22,8,3,1,37.5,12.5,28,9,32.14,30,21,70.0,26,19,73.08,3,38,13,2,3,4,0,0.533,0.2,0.067,40.867,9.8,31.07,1.133,0.2,0.874,1.467,2.0,1.4,1.733,1.27,4.87,0.2,2.533,0.867,0.133,1.867,0.6,2.14,2.5,0.83,1.6,0.18,4.67,52.72,63.63,36.98,62.8,58.49,30.72,32.29,26.8,59.96,20.76,42.48,56.02,62.61,30.68,0,0,0,0,0,0,0.0,0.0,0.0,0.0,0.0,35.42,4,1,1,40.04,5,Match_43,2025-07-29T07:15:04.893309+00:00,[],0,8,3,1,613,147,466,87.54,17,3,4.72,3,30,21,26,19,3,38,13,2,28,9,87.65,
"Barro, Kirvy",ST,1189.11,33.98,25.75,31.33,43.82,35.4,starter,Southgate United,1,0.0,0.0,0.0,0.0,74.89,36.36,0.0,0.0,0.0,0.0,0.0,0.0,0.0,74.75,60.05,0.0,0.0,0.0,0.0,0.0,41.45,50.37,44.82,37.65,51.17,77.21,34.67,24125,33.81,478,18,460,3.77,8,1.67,2,15.63,23,33,10,1,30.3,3.03,20,10,50.0,27,3,11.11,23,13,56.52,4,12,16,1,2,3,0,2.498,0.757,0.076,36.178,1.36,34.82,0.605,0.151,1.183,1.741,2.044,0.227,1.741,0.98,4.28,0.303,0.908,1.211,0.076,1.514,0.76,3.78,2.29,0.23,0.29,0.13,0.84,30.16,46.55,66.78,30.24,22.45,54.4,25.02,61.15,75.86,40.28,58.44,21.39,76.73,20.72,0,0,0,0,0,0,0.0,0.0,0.0,0.0,0.0,63.9,5,1,1,39.62,7,Match_103,2025-01-24T18:26:36.893309+00:00,[],0,33,10,1,478,18,460,25.96,8,2,0.72,3,27,3,23,13,4,12,16,1,20,10,56.17,
"Labrador, Sean",ST,983.18,47.73,55.7,46.56,75.79,28.25,substitute,Lakeside Athletic,22,0.0,0.0,0.0,0.0,63.52,63.04,0.0,0.0,0.0,0.0,0.0,0.0,0.0,32.87,44.41,0.0,0.0,0.0,0.0,0.0,75.92,37.16,31.32,31.89,55.19,61.56,59.96,12329,20.9,321,321,0,100.0,7,2.18,1,11.87,11,31,2,1,6.45,3.23,22,17,77.27,0,0,42.32,3,2,66.67,8,24,9,1,1,1,0,2.838,0.183,0.092,29.384,29.38,46.91,0.641,0.092,1.087,1.007,0.0,0.0,0.275,0.18,6.1,0.732,2.197,0.824,0.092,2.014,1.56,7.07,0.59,0.3,9.15,0.2,3.87,31.24,21.55,70.81,52.83,34.18,20.65,26.48,65.08,23.79,31.6,21.66,73.72,70.99,52.05,0,0,0,0,0,0,0.0,0.0,0.0,0.0,0.0,38.81,3,3,2,78.95,11,Match_23,2025-07-28T21:01:56.894317+00:00,[],0,31,2,1,321,321,0,36.0,7,1,3.58,4,0,0,3,2,8,24,9,1,22,17,89.03,
"Omitade, Edvard",RW,1262.88,74.84,76.93,36.46,74.53,61.92,starter,University of the Philippines,13,0.0,0.0,0.0,0.0,48.38,58.35,0.0,0.0,0.0,0.0,0.0,0.0,0.0,72.17,66.41,0.0,0.0,0.0,0.0,0.0,38.9,31.54,58.63,66.18,45.72,55.12,75.0,19996,26.39,181,0,181,0.0,3,1.66,0,23.72,15,45,4,8,8.89,17.78,36,13,36.11,25,11,44.0,30,26,86.67,7,9,4,1,3,1,0,3.207,0.285,0.57,12.899,35.76,12.9,0.214,0.0,1.69,1.069,1.782,0.784,2.138,1.85,6.18,0.499,0.641,0.285,0.071,2.566,0.93,2.57,0.63,1.27,48.51,0.12,3.14,49.99,61.71,47.88,44.97,24.27,71.63,27.75,53.87,64.27,25.79,22.34,29.2,25.67,45.33,0,0,0,0,0,0,0.0,0.0,0.0,0.0,0.0,74.86,3,3,6,72.04,19,Match_75,2025-03-25T04:04:22.895299+00:00,[],0,45,4,8,181,0,181,74.81,3,0,3.23,3,25,11,30,26,7,9,4,1,36,13,52.27,
"Darapan, Jermi",LB,788.99,35.75,63.49,62.04,73.5,57.62,substitute,Riverstone FC,25,0.0,0.0,0.0,0.0,61.4,68.94,0.0,0.0,0.0,0.0,0.0,0.0,0.0,70.99,42.54,0.0,0.0,0.0,0.0,0.0,33.73,44.87,54.18,43.61,34.85,50.86,47.69,7643,16.15,141,115,26,81.56,6,4.26,1,10.23,11,13,4,3,30.77,23.08,3,3,100.0,30,22,73.33,19,16,84.21,6,8,7,1,1,1,0,1.483,0.456,0.342,16.084,13.12,2.97,0.684,0.114,1.167,1.255,3.422,2.51,2.167,1.83,9.61,0.684,0.913,0.798,0.114,0.342,0.34,11.41,3.51,2.63,9.3,0.49,8.36,29.8,74.07,21.8,68.93,34.56,50.18,59.96,31.73,56.39,51.71,65.95,37.17,37.16,28.12,0,0,0,0,0,0,0.0,0.0,0.0,0.0,0.0,36.51,4,2,3,67.92,17,Match_332,2025-10-04T22:55:56.895299+00:00,[],0,13,4,3,141,115,26,75.38,6,1,2.8,0,30,22,19,16,6,8,7,1,3,3,40.39,
"Alcantara, Paolo",RB,1350.0,35.59,30.28,72.12,53.4,30.92,starter,Hillcrest Athletic,54,0.0,0.0,0.0,0.0,48.31,64.05,0.0,0.0,0.0,0.0,0.0,0.0,0.0,39.57,54.89,0.0,0.0,0.0,0.0,0.0,36.99,70.1,76.05,53.61,78.57,60.03,74.46,16552,20.43,468,203,265,43.38,6,1.28,1,23.9,31,21,4,1,19.05,4.76,15,11,73.33,84,39,46.43,4,3,75.0,4,24,5,1,4,1,0,1.4,0.267,0.067,31.2,13.53,17.67,0.4,0.067,1.593,2.067,5.6,2.6,0.267,0.2,5.0,0.267,1.6,0.333,0.067,1.0,0.73,4.89,1.27,0.32,2.89,0.09,3.1,33.03,41.87,21.93,36.56,41.83,67.95,27.03,74.47,59.14,38.39,36.25,37.43,28.84,24.65,0,0,0,0,0,0,0.0,0.0,0.0,0.0,0.0,67.17,3,3,5,54.37,10,Match_352,2025-04-10T19:04:22.896296+00:00,[],0,21,4,1,468,203,265,37.16,6,1,0.01,2,84,39,4,3,4,24,5,1,15,11,23.36,
"Apostol, Carlo",LW,1225.4,36.99,20.13,47.88,68.57,35.67,starter,University of the Philippines,47,0.0,0.0,0.0,0.0,57.49,58.78,0.0,0.0,0.0,0.0,0.0,0.0,0.0,50.77,49.92,0.0,0.0,0.0,0.0,0.0,48.47,68.66,50.87,45.38,54.7,55.67,62.41,24361,33.13,500,357,143,71.4,7,1.4,1,27.51,51,36,5,1,13.89,2.78,31,20,64.52,27,11,40.74,28,14,50.0,4,15,20,1,1,1,0,2.644,0.367,0.073,36.723,26.22,10.5,0.514,0.073,2.02,3.746,1.983,0.808,2.056,1.03,3.67,0.294,1.102,1.469,0.073,2.277,1.47,4.74,1.02,0.2,5.24,0.1,2.99,78.89,59.05,67.82,33.21,36.68,73.01,30.65,61.24,34.08,40.38,47.93,73.32,30.29,39.46,0,0,0,0,0,0,0.0,0.0,0.0,0.0,0.0,68.76,2,2,3,86.1,3,Match_175,2025-05-28T10:58:58.897291+00:00,[],0,36,5,1,500,357,143,36.13,7,1,4.59,6,27,11,28,14,4,15,20,1,31,20,52.68,
"Tabelin, Kirvy",CF,957.14,56.44,43.15,20.54,24.65,66.36,substitute,Southgate United,90,0.0,0.0,0.0,0.0,51.64,68.35,0.0,0.0,0.0,0.0,0.0,0.0,0.0,51.88,79.94,0.0,0.0,0.0,0.0,0.0,56.85,45.51,75.17,75.13,31.32,32.28,39.97,6601,11.49,307,122,185,39.74,0,0.0,0,17.3,9,28,12,2,42.86,7.14,9,1,11.11,16,13,81.25,5,1,20.0,5,2,1,2,1,1,0,2.633,1.128,0.188,28.867,11.47,17.4,0.0,0.0,1.627,0.846,1.504,1.222,0.47,0.09,1.88,0.47,0.188,0.094,0.188,0.846,0.09,1.04,4.03,0.67,3.74,57.29,7.64,46.27,41.0,20.54,26.45,29.88,20.13,63.63,31.46,44.92,20.1,35.26,23.16,74.62,48.84,0,0,0,0,0,0,0.0,0.0,0.0,0.0,0.0,57.03,1,6,5,84.79,6,Match_305,2025-03-13T17:20:01.897291+00:00,[],0,28,12,2,307,122,185,37.54,0,0,3.6,2,16,13,5,1,5,2,1,2,9,1,33.42,
"Soria, Stephen",LWB,1096.78,60.28,52.0,45.39,63.1,41.24,substitute,University of Santo Tomas,32,0.0,0.0,0.0,0.0,36.17,53.66,0.0,0.0,0.0,0.0,0.0,0.0,0.0,77.76,43.02,0.0,0.0,0.0,0.0,0.0,58.13,77.15,50.58,72.96,43.58,58.0,74.63,13952,21.2,173,173,0,100.0,3,1.73,0,16.42,0,16,3,1,18.75,6.25,6,6,100.0,52,8,15.38,9,6,66.67,1,18,14,1,3,2,0,1.313,0.246,0.082,14.196,14.2,36.94,0.246,0.0,1.347,0.0,4.267,0.656,0.739,0.49,5.47,0.082,1.477,1.149,0.082,0.492,0.49,8.21,1.54,0.51,8.21,0.14,1.26,42.09,51.13,75.6,39.32,55.94,72.03,36.4,78.52,59.58,61.85,32.8,65.21,49.39,65.89,0,0,0,0,0,0,0.0,0.0,0.0,0.0,0.0,63.3,3,2,1,74.83,18,Match_347,2025-09-27T00:48:16.898292+00:00,[],0,16,3,1,173,173,0,35.18,3,0,3.94,1,52,8,9,6,1,18,14,1,6,6,60.59,
"Merino, Josh",CDM,861.1,40.36,48.08,75.03,21.03,49.17,substitute,Adamson University,46,0.0,0.0,0.0,0.0,58.12,49.32,0.0,0.0,0.0,0.0,0.0,0.0,0.0,69.94,64.68,0.0,0.0,0.0,0.0,0.0,55.04,72.77,75.8,47.77,57.16,69.08,62.04,4458,8.63,539,514,25,95.36,0,0.0,0,10.09,22,7,2,1,28.57,14.29,14,1,7.14,7,3,42.86,5,2,40.0,3,17,5,2,1,1,0,0.732,0.209,0.105,56.335,53.72,2.61,0.0,0.0,1.055,2.299,0.732,0.314,0.523,0.21,4.18,0.314,1.777,0.523,0.209,1.463,0.1,0.75,2.99,1.49,9.97,67.03,4.48,70.72,67.83,25.22,25.32,37.46,43.37,59.8,42.78,70.31,37.14,26.23,21.4,67.1,71.28,0,0,0,0,0,0,0.0,0.0,0.0,0.0,0.0,59.71,5,5,3,83.66,12,Match_185,2025-09-18T10:47:29.898292+00:00,[],0,7,2,1,539,514,25,58.2,0,0,0.93,3,7,3,5,2,3,17,5,2,14,1,58.62,
"Andrada, Vince",CAM,1024.78,27.57,59.58,68.33,66.37,71.13,substitute,Hillcrest Athletic,82,0.0,0.0,0.0,0.0,51.65,67.24,0.0,0.0,0.0,0.0,0.0,0.0,0.0,51.52,67.36,0.0,0.0,0.0,0.0,0.0,44.13,57.26,62.49,30.48,31.85,75.62,41.29,3053,4.97,305,170,135,55.74,8,2.62,2,21.28,11,14,6,0,42.86,0.0,28,3,10.71,29,12,41.38,20,20,100.0,7,10,3,1,1,1,0,1.23,0.527,0.0,26.786,14.93,11.86,0.703,0.176,1.869,0.966,2.547,1.054,1.756,1.76,8.78,0.615,0.878,0.263,0.088,2.459,0.26,0.94,3.76,44.86,4.9,0.23,3.63,71.12,55.34,58.07,30.51,36.43,61.14,70.85,45.69,72.64,32.54,57.45,49.78,60.72,55.09,0,0,0,0,0,0,0.0,0.0,0.0,0.0,0.0,42.1,1,3,5,75.55,10,Match_82,2025-10-01T14:35:36.899302+00:00,[],0,14,6,0,305,170,135,21.71,8,2,3.92,4,29,12,20,20,7,10,3,1,28,3,84.48,
"Barro, Harvy",CDM,490.97,69.26,24.57,51.63,49.89,49.76,substitute,Adamson University,34,0.0,0.0,0.0,0.0,76.5,34.19,0.0,0.0,0.0,0.0,0.0,0.0,0.0,35.05,39.02,0.0,0.0,0.0,0.0,0.0,42.48,57.5,49.53,68.58,75.81,67.56,63.64,9942,33.75,312,230,82,73.72,16,5.13,2,5.59,2,7,3,1,42.86,14.29,7,3,42.86,21,7,33.33,5,5,100.0,0,5,7,0,2,2,0,1.283,0.55,0.183,57.193,42.16,15.03,2.933,0.367,1.025,0.367,3.85,1.283,0.917,0.92,18.33,0.0,0.917,1.283,0.0,1.283,0.55,7.86,7.86,2.62,13.51,0.94,6.11,46.93,51.28,59.04,74.12,79.8,73.59,31.32,33.11,50.46,37.21,62.71,56.78,48.86,68.27,0,0,0,0,0,0,0.0,0.0,0.0,0.0,0.0,31.19,4,5,1,42.1,2,Match_277,2025-11-26T10:59:58.900297+00:00,[],0,7,3,1,312,230,82,31.37,16,2,1.98,6,21,7,5,5,0,5,7,0,7,3,31.21,
"Darapan, Jermi",CF,776.95,42.1,77.25,42.65,41.42,37.93,starter,National University,54,0.0,0.0,0.0,0.0,37.28,57.33,0.0,0.0,0.0,0.0,0.0,0.0,0.0,56.29,41.83,0.0,0.0,0.0,0.0,0.0,56.65,36.19,39.53,62.68,60.26,56.3,42.87,6319,13.56,155,109,46,70.32,4,2.58,0,20.07,6,14,7,1,50.0,7.14,2,0,0.0,11,4,36.36,22,13,59.09,3,13,10,2,2,1,0,1.622,0.811,0.116,17.955,12.63,5.33,0.463,0.0,2.325,0.695,1.274,0.463,2.548,1.51,6.84,0.348,1.506,1.158,0.232,0.232,31.57,51.05,5.79,0.83,8.15,0.3,4.21,57.05,23.49,35.01,77.76,26.65,39.85,71.65,35.01,41.49,64.34,26.66,74.1,28.38,57.46,0,0,0,0,0,0,0.0,0.0,0.0,0.0,0.0,51.01,4,1,1,28.18,20,Match_76,2025-09-12T21:29:20.900297+00:00,[],0,14,7,1,155,109,46,89.53,4,0,0.97,2,11,4,22,13,3,13,10,2,2,0,31.7,
"Reyes, Edvard",RWB,1013.08,72.96,53.75,34.68,79.32,59.65,starter,Brookside United,54,0.0,0.0,0.0,0.0,57.06,74.12,0.0,0.0,0.0,0.0,0.0,0.0,0.0,37.71,31.8,0.0,0.0,0.0,0.0,0.0,50.8,77.41,40.12,45.56,47.82,78.91,45.21,21878,35.99,258,91,167,35.27,3,1.16,0,23.98,6,16,2,1,12.5,6.25,2,2,100.0,55,38,69.09,11,7,63.64,3,8,2,0,2,3,0,1.421,0.178,0.089,22.92,8.08,14.84,0.267,0.0,2.13,0.533,4.886,3.376,0.977,0.62,5.65,0.267,0.711,0.178,0.0,0.178,0.18,8.88,1.11,0.56,3.13,0.1,6.14,47.19,72.73,73.49,47.22,23.27,54.99,23.22,54.01,69.5,75.09,40.69,60.0,29.46,64.43,0,0,0,0,0,0,0.0,0.0,0.0,0.0,0.0,50.04,2,5,4,39.64,16,Match_145,2025-04-25T17:31:23.901299+00:00,[],0,16,2,1,258,91,167,69.83,3,0,0.77,2,55,38,11,7,3,8,2,0,2,2,24.61,
"Aningalan, Sam",CF,819.97,28.63,42.22,38.19,29.37,72.56,starter,San Beda University,34,0.0,0.0,0.0,0.0,67.69,65.41,0.0,0.0,0.0,0.0,0.0,0.0,0.0,30.91,55.57,0.0,0.0,0.0,0.0,0.0,53.05,33.14,50.08,36.57,63.16,34.94,78.3,7159,14.55,426,426,0,100.0,8,1.88,0,15.01,25,37,13,4,35.14,10.81,14,7,50.0,19,7,36.84,16,6,37.5,6,17,8,1,1,1,0,4.061,1.427,0.439,46.758,46.76,78.91,0.878,0.0,1.647,2.744,2.085,0.768,1.756,0.66,4.12,0.659,1.866,0.878,0.11,1.537,0.77,5.49,3.86,1.19,10.98,0.21,4.04,71.23,51.58,49.73,41.93,35.34,73.43,67.25,50.13,48.2,49.28,61.25,65.87,27.5,61.09,0,0,0,0,0,0,0.0,0.0,0.0,0.0,0.0,36.72,3,3,2,65.59,16,Match_267,2025-07-03T08:21:22.902294+00:00,[],0,37,13,4,426,426,0,33.6,8,0,2.43,1,19,7,16,6,6,17,8,1,14,7,80.51,
"Acebedo, James",CM,801.57,60.88,62.7,60.0,32.07,27.53,starter,Eastview Rangers,23,0.0,0.0,0.0,0.0,44.54,40.49,0.0,0.0,0.0,0.0,0.0,0.0,0.0,42.67,71.7,0.0,0.0,0.0,0.0,0.0,62.19,35.12,61.04,66.72,68.96,57.28,37.66,11076,23.03,252,186,66,73.81,4,1.59,0,14.96,3,7,2,0,28.57,0.0,14,11,78.57,11,5,45.45,8,3,37.5,4,9,3,1,3,2,0,0.786,0.225,0.0,28.294,20.88,7.41,0.449,0.0,1.68,0.337,1.235,0.561,0.898,0.34,4.21,0.449,1.011,0.337,0.112,1.572,1.24,8.82,3.21,53.67,8.29,0.18,5.1,53.69,43.98,61.24,50.13,75.23,77.57,60.8,45.37,73.07,51.26,50.49,40.85,64.56,26.59,0,0,0,0,0,0,0.0,0.0,0.0,0.0,0.0,36.75,1,2,4,29.14,6,Match_379,2025-08-27T13:30:19.902294+00:00,[],0,7,2,0,252,186,66,38.75,4,0,3.32,2,11,5,8,3,4,9,3,1,14,11,35.88,
"Salingay, Sam",CB,774.6,46.48,54.05,70.74,73.52,53.48,DNP,Eastview Rangers,91,0.0,0.0,0.0,0.0,44.35,46.53,0.0,0.0,0.0,0.0,0.0,0.0,0.0,57.95,47.99,0.0,0.0,0.0,0.0,0.0,34.45,78.74,50.91,58.22,57.13,59.41,79.83,11630,25.02,287,178,109,62.02,2,0.7,0,26.75,15,9,3,1,33.33,11.11,7,7,100.0,41,7,17.07,20,12,60.0,4,5,3,1,1,1,0,1.046,0.349,0.116,33.346,20.68,12.66,0.232,0.0,3.108,1.743,4.764,0.813,2.324,1.39,6.97,0.465,0.581,0.349,0.116,0.813,0.81,11.62,3.87,1.29,7.21,0.08,1.98,65.59,72.64,54.78,53.21,51.54,54.26,69.64,57.65,79.42,64.37,25.12,45.49,33.47,40.85,0,0,0,0,0,0,0.0,0.0,0.0,0.0,0.0,73.89,3,4,2,48.58,4,Match_338,2025-12-06T09:37:53.903298+00:00,[],0,9,3,1,287,178,109,41.55,2,0,1.04,3,41,7,20,12,4,5,3,1,7,7,56.37,
"Nemenzo, Sirach Ethan",GK,775.12,42.41,48.23,58.47,41.17,47.29,starter,Riverside FC,25,0.0,0.0,0.0,0.0,75.28,49.09,0.0,0.0,0.0,0.0,0.0,0.0,0.0,42.71,32.7,0.0,0.0,0.0,0.0,0.0,46.97,64.57,51.17,53.78,42.37,63.74,38.55,2425,5.21,214,81,133,37.85,1,0.47,0,11.92,8,7,2,0,28.57,0.0,5,1,20.0,24,20,83.33,12,6,50.0,7,25,6,2,0,1,0,0.813,0.232,0.0,24.848,9.4,15.44,0.116,0.0,1.384,0.929,2.787,2.322,1.393,0.7,5.81,0.813,2.903,0.697,0.232,0.581,0.12,2.32,3.32,48.44,4.39,0.05,9.68,43.5,63.88,29.97,56.48,38.56,23.89,67.96,72.79,70.29,62.6,33.03,64.67,48.13,21.11,10,10,0,100.0,10,0,1.161,0.0,1.161,1.161,0.0,11.61,5,3,4,42.56,19,Match_8,2025-01-05T12:10:02.904246+00:00,[],0,7,2,0,214,81,133,28.81,1,0,3.73,4,24,20,12,6,7,25,6,2,5,1,45.56,
"Libarnes, Jaro",LW,797.54,28.93,49.07,56.17,68.57,32.55,DNP,Valley Rovers,98,0.0,0.0,0.0,0.0,33.93,43.63,0.0,0.0,0.0,0.0,0.0,0.0,0.0,34.08,38.56,0.0,0.0,0.0,0.0,0.0,62.16,54.65,60.44,56.49,54.01,38.34,54.02,12505,26.13,380,101,279,26.58,3,0.79,0,21.36,6,24,5,2,20.83,8.33,12,12,100.0,16,3,18.75,1,1,100.0,3,16,1,1,2,1,0,2.708,0.564,0.226,42.882,11.4,31.48,0.339,0.0,2.41,0.677,1.806,0.339,0.113,0.11,11.28,0.339,1.806,0.113,0.113,1.354,1.35,11.28,2.35,0.94,3.0,0.09,2.12,43.48,43.1,33.71,59.06,76.31,38.22,30.51,24.42,34.78,44.85,70.94,54.89,36.79,20.61,0,0,0,0,0,0,0.0,0.0,0.0,0.0,0.0,53.17,3,5,3,27.77,2,Match_362,2025-02-03T07:08:26.904246+00:00,[],0,24,5,2,380,101,279,28.71,3,0,0.62,0,16,3,1,1,3,16,1,1,12,12,69.87,
"Fernandez, Harvy",RWB,1103.74,50.02,29.6,63.39,77.37,34.28,substitute,Southgate United,10,0.0,0.0,0.0,0.0,48.64,63.11,0.0,0.0,0.0,0.0,0.0,0.0,0.0,66.66,41.22,0.0,0.0,0.0,0.0,0.0,64.64,57.94,53.42,78.74,51.8,73.59,65.5,3666,5.54,249,137,112,55.02,5,2.01,1,7.48,19,9,4,0,44.44,0.0,12,6,50.0,91,62,68.13,23,6,26.09,3,30,9,0,0,3,0,0.734,0.326,0.0,20.304,11.17,9.13,0.408,0.082,0.61,1.549,7.42,5.056,1.875,0.49,2.13,0.245,2.446,0.734,0.0,0.978,0.49,4.08,3.62,47.44,4.49,0.16,5.56,50.17,30.15,20.24,62.78,39.68,36.59,48.01,49.8,36.09,25.36,44.0,25.09,71.43,46.43,0,0,0,0,0,0,0.0,0.0,0.0,0.0,0.0,45.42,3,1,3,78.84,6,Match_78,2025-01-13T07:57:47.905239+00:00,[],0,9,4,0,249,137,112,67.34,5,1,2.85,2,91,62,23,6,3,30,9,0,12,6,42.94,
"Barro, Kirvy",RB,867.86,60.35,54.96,25.42,42.05,40.8,substitute,Riverstone FC,5,0.0,0.0,0.0,0.0,46.57,39.17,0.0,0.0,0.0,0.0,0.0,0.0,0.0,41.06,74.91,0.0,0.0,0.0,0.0,0.0,51.78,64.56,50.71,67.78,37.17,75.32,39.72,4378,8.41,484,270,214,55.79,8,1.65,1,13.95,10,8,2,0,25.0,0.0,6,4,66.67,46,43,93.48,4,2,50.0,1,10,9,1,2,1,0,0.83,0.207,0.0,50.192,28.0,22.19,0.83,0.104,1.447,1.037,4.77,4.459,0.415,0.21,5.19,0.104,1.037,0.933,0.104,0.622,0.41,6.91,2.59,75.47,5.79,0.17,9.69,44.02,46.62,31.25,76.77,53.86,59.07,64.47,65.84,77.56,65.41,65.4,43.02,20.92,27.02,0,0,0,0,0,0,0.0,0.0,0.0,0.0,0.0,63.33,5,6,2,52.57,16,Match_102,2024-12-12T21:46:00.906238+00:00,[],0,8,2,0,484,270,214,36.85,8,1,4.96,1,46,43,4,2,1,10,9,1,6,4,26.29,
"Pormento, Edzon",CM,688.41,50.16,79.22,42.52,45.23,20.06,starter,Harborview United,33,0.0,0.0,0.0,0.0,40.62,51.72,0.0,0.0,0.0,0.0,0.0,0.0,0.0,69.1,56.32,0.0,0.0,0.0,0.0,0.0,44.7,39.81,50.19,76.48,39.07,48.54,55.94,8169,19.78,464,110,354,23.71,12,2.59,3,29.86,20,7,1,0,14.29,0.0,6,2,33.33,3,1,33.33,8,5,62.5,4,22,11,1,0,2,0,0.915,0.131,0.0,60.662,14.38,46.28,1.569,0.392,3.904,2.615,0.392,0.131,1.046,0.65,8.17,0.523,2.876,1.438,0.131,0.784,0.26,4.36,1.87,48.44,3.1,0.34,4.36,58.44,54.76,61.79,40.85,59.56,39.56,68.33,70.34,70.79,55.34,49.35,22.04,35.64,69.12,0,0,0,0,0,0,0.0,0.0,0.0,0.0,0.0,58.19,2,5,4,28.32,13,Match_218,2025-08-18T15:08:57.906238+00:00,[],0,7,1,0,464,110,354,40.92,12,3,4.29,2,3,1,8,5,4,22,11,1,6,2,47.79,
"Digal, Diegocarl",RW,1043.33,25.71,25.44,37.63,27.33,38.93,starter,Ateneo de Manila University,40,0.0,0.0,0.0,0.0,60.43,69.96,0.0,0.0,0.0,0.0,0.0,0.0,0.0,49.63,37.35,0.0,0.0,0.0,0.0,0.0,39.7,37.23,68.52,77.89,65.12,73.7,61.19,8080,12.91,417,189,228,45.32,8,1.92,0,20.54,24,50,19,1,38.0,2.0,28,28,100.0,40,22,55.0,9,2,22.22,1,14,9,3,3,1,0,4.313,1.639,0.086,35.971,16.3,19.67,0.69,0.0,1.772,2.07,3.45,1.898,0.776,0.17,1.92,0.086,1.208,0.776,0.259,2.415,2.42,8.63,3.28,0.17,3.91,0.17,4.74,67.25,66.11,20.78,21.53,74.98,60.29,77.97,75.51,47.04,51.14,76.29,35.46,46.46,65.5,0,0,0,0,0,0,0.0,0.0,0.0,0.0,0.0,74.64,1,2,2,72.54,7,Match_183,2025-08-07T14:03:16.907238+00:00,[],0,50,19,1,417,189,228,62.27,8,0,2.37,3,40,22,9,2,1,14,9,3,28,28,81.1,
"Ladines, Marvin",RWB,762.59,28.15,30.89,53.88,57.29,64.3,starter,Northbridge FC,37,0.0,0.0,0.0,0.0,51.29,30.44,0.0,0.0,0.0,0.0,0.0,0.0,0.0,63.48,31.44,0.0,0.0,0.0,0.0,0.0,35.62,39.3,58.27,50.24,57.38,33.34,44.39,14622,31.96,0,0,0,79.09,0,4.47,0,24.31,0,9,4,2,44.44,22.22,5,2,40.0,19,8,42.11,11,8,72.73,2,4,7,2,1,1,0,1.062,0.472,0.236,0.0,75.72,39.87,0.0,0.0,2.869,0.0,2.242,0.944,1.298,0.94,8.58,0.236,0.472,0.826,0.236,0.59,0.24,4.72,5.24,2.62,9.55,0.53,4.97,55.38,63.72,33.7,66.3,34.81,52.53,46.86,45.12,48.1,71.16,22.18,57.97,69.88,70.49,0,0,0,0,0,0,0.0,0.0,0.0,0.0,0.0,31.89,5,2,1,62.83,3,Match_56,2025-10-15T16:55:19.907238+00:00,[],0,9,4,2,0,0,0,83.75,0,0,1.97,5,19,8,11,8,2,4,7,2,5,2,82.58,
"Villacarlos, Uriel",RWB,1062.37,30.86,33.4,72.03,24.66,48.19,starter,Highland Wanderers,42,0.0,0.0,0.0,0.0,79.16,63.62,0.0,0.0,0.0,0.0,0.0,0.0,0.0,52.6,71.3,0.0,0.0,0.0,0.0,0.0,74.71,62.95,49.3,30.9,65.43,45.77,35.0,7355,11.54,1017,1017,0,100.0,17,1.67,2,13.3,24,2,0,0,0.0,0.0,16,10,62.5,16,16,100.0,27,27,100.0,1,6,16,3,3,2,0,0.169,0.0,0.0,86.156,86.16,58.73,1.44,0.169,1.127,2.033,1.355,1.355,2.287,2.29,8.47,0.085,0.508,1.355,0.254,1.355,0.85,5.29,50.36,71.58,8.47,0.14,8.47,44.9,40.47,69.75,44.36,47.14,24.29,28.2,62.26,72.43,59.89,53.16,28.09,22.0,33.66,0,0,0,0,0,0,0.0,0.0,0.0,0.0,0.0,68.25,6,2,4,57.7,1,Match_128,2025-01-24T06:30:58.908237+00:00,[],0,2,0,0,1017,1017,0,66.75,17,2,0.36,3,16,16,27,27,1,6,16,3,16,10,39.08,
"Alcantara, Paolo",ST,1350.0,42.82,30.66,46.6,38.03,68.41,starter,National University,58,0.0,0.0,0.0,0.0,40.2,56.17,0.0,0.0,0.0,0.0,0.0,0.0,0.0,67.52,61.21,0.0,0.0,0.0,0.0,0.0,33.99,37.59,34.86,68.21,75.24,53.34,63.78,27068,33.42,978,504,474,51.53,28,2.86,5,18.13,16,28,2,2,7.14,7.14,27,19,70.37,27,1,3.7,12,12,100.0,7,19,16,3,3,1,0,1.867,0.133,0.133,65.2,33.6,31.6,1.867,0.333,1.209,1.067,1.8,0.067,0.8,0.8,6.67,0.467,1.267,1.067,0.2,1.8,1.27,4.69,0.48,0.48,3.44,0.19,0.25,60.68,76.95,51.09,28.77,71.36,28.37,45.16,70.62,56.21,78.03,62.43,68.98,41.92,26.25,0,0,0,0,0,0,0.0,0.0,0.0,0.0,0.0,79.39,5,6,6,74.36,19,Match_133,2025-12-01T10:44:10.909237+00:00,[],0,28,2,2,978,504,474,80.94,28,5,0.55,4,27,1,12,12,7,19,16,3,27,19,87.92,
"Andrada, Vince",RB,1350.0,67.71,66.65,54.69,34.65,57.42,starter,Crown City FC,31,0.0,0.0,0.0,0.0,65.05,66.35,0.0,0.0,0.0,0.0,0.0,0.0,0.0,60.18,78.51,0.0,0.0,0.0,0.0,0.0,62.64,42.0,77.24,46.5,62.16,66.67,70.15,13475,16.64,944,787,157,83.37,23,2.44,2,7.78,8,23,1,0,4.35,0.0,1,1,100.0,48,21,43.75,57,22,38.6,5,16,6,2,2,2,0,1.533,0.067,0.0,62.933,52.47,10.47,1.533,0.133,0.519,0.533,3.2,1.4,3.8,1.47,2.57,0.333,1.067,0.4,0.133,0.067,0.07,6.67,0.29,42.98,5.56,0.16,2.92,73.14,28.3,66.16,47.12,40.34,39.01,72.84,40.23,48.23,51.83,77.16,28.01,31.54,52.63,0,0,0,0,0,0,0.0,0.0,0.0,0.0,0.0,40.47,5,2,3,41.59,17,Match_329,2025-05-29T20:51:31.909237+00:00,[],0,23,1,0,944,787,157,63.71,23,2,0.9,1,48,21,57,22,5,16,6,2,1,1,53.49,
"Bacaycay, Kurt",CB,482.91,61.2,77.09,25.42,67.65,77.78,substitute,Far Eastern University,23,0.0,0.0,0.0,0.0,70.35,41.09,0.0,0.0,0.0,0.0,0.0,0.0,0.0,63.16,30.28,0.0,0.0,0.0,0.0,0.0,51.96,33.39,55.99,43.23,56.25,58.4,52.75,5105,17.62,164,164,0,100.0,1,0.61,0,12.28,13,2,1,0,50.0,0.0,3,3,100.0,41,26,63.41,9,4,44.44,2,12,3,0,2,1,0,0.373,0.186,0.0,30.565,30.56,44.51,0.186,0.0,2.289,2.423,7.641,4.846,1.677,0.75,8.28,0.373,2.236,0.559,0.0,0.559,0.56,18.64,9.32,78.89,18.64,0.11,11.82,75.99,62.1,28.37,65.22,20.06,76.34,79.93,43.51,40.91,61.11,35.04,63.94,74.69,41.63,0,0,0,0,0,0,0.0,0.0,0.0,0.0,0.0,57.0,2,3,1,77.5,18,Match_116,2025-02-07T04:51:42.910237+00:00,[],0,2,1,0,164,164,0,56.19,1,0,1.35,4,41,26,9,4,2,12,3,0,3,3,56.45,
"Pedimonte, Nhiboy",RW,610.1,29.62,28.87,64.35,42.0,51.47,substitute,Eastview Rangers,18,0.0,0.0,0.0,0.0,56.83,37.69,0.0,0.0,0.0,0.0,0.0,0.0,0.0,54.27,49.75,0.0,0.0,0.0,0.0,0.0,41.77,50.05,35.33,32.83,69.73,61.67,31.44,7133,19.49,327,286,41,87.46,10,3.06,1,16.14,8,22,7,2,31.82,9.09,25,16,64.0,1,1,100.0,8,2,25.0,3,19,5,0,1,1,0,3.245,1.033,0.295,48.238,42.19,6.05,1.475,0.148,2.381,1.18,0.148,0.148,1.18,0.3,3.69,0.443,2.803,0.738,0.0,3.688,2.36,9.44,4.69,1.34,12.9,0.45,14.75,30.36,52.39,74.43,38.82,37.53,57.51,37.88,43.2,61.11,51.43,72.39,52.3,32.65,54.6,0,0,0,0,0,0,0.0,0.0,0.0,0.0,0.0,45.9,4,3,3,87.05,3,Match_99,2025-07-19T21:36:45.911241+00:00,[],0,22,7,2,327,286,41,25.97,10,1,1.45,3,1,1,8,2,3,19,5,0,25,16,23.77,
"Merino, Josh",CB,718.15,67.66,62.44,71.51,60.79,33.72,starter,National University,33,0.0,0.0,0.0,0.0,50.9,38.64,0.0,0.0,0.0,0.0,0.0,0.0,0.0,40.85,54.68,0.0,0.0,0.0,0.0,0.0,39.69,72.46,61.1,54.78,44.91,33.54,56.04,12993,30.15,194,194,0,100.0,1,0.52,0,13.84,11,15,10,1,66.67,6.67,8,5,62.5,52,52,100.0,15,6,40.0,1,6,2,1,0,2,0,1.88,1.253,0.125,24.312,24.31,45.14,0.125,0.0,1.734,1.379,6.517,6.517,1.88,0.75,5.01,0.125,0.752,0.251,0.125,1.003,0.63,7.83,8.36,0.84,12.53,0.07,12.53,25.7,62.8,61.38,43.29,34.09,42.52,30.74,65.1,28.62,36.45,70.23,38.36,37.41,20.16,0,0,0,0,0,0,0.0,0.0,0.0,0.0,0.0,42.18,2,2,4,67.58,1,Match_292,2025-11-12T10:12:41.911241+00:00,[],0,15,10,1,194,194,0,40.8,1,0,1.99,3,52,52,15,6,1,6,2,1,8,5,45.38,
"Salingay, Sam",RWB,789.16,52.28,37.27,79.21,72.42,33.25,starter,Eastview Rangers,63,0.0,0.0,0.0,0.0,38.6,61.61,0.0,0.0,0.0,0.0,0.0,0.0,0.0,34.1,51.73,0.0,0.0,0.0,0.0,0.0,32.43,31.96,79.73,41.72,73.95,65.45,34.47,14958,31.59,1135,212,923,18.68,32,2.82,4,8.46,40,9,5,1,55.56,11.11,6,2,33.33,35,13,37.14,13,13,100.0,5,12,10,1,2,1,0,1.026,0.57,0.114,129.441,24.18,100.0,3.649,0.456,0.965,4.562,3.992,1.483,1.483,1.48,11.4,0.57,1.369,1.14,0.114,0.684,0.23,3.8,6.34,1.27,2.13,0.32,4.24,69.66,74.55,45.83,23.36,30.66,61.0,29.17,32.69,51.49,31.7,35.96,35.25,70.13,47.65,0,0,0,0,0,0,0.0,0.0,0.0,0.0,0.0,71.46,2,8,1,85.03,7,Match_271,2025-07-01T01:20:14.912238+00:00,[],0,9,5,1,1135,212,923,26.47,32,4,2.2,4,35,13,13,13,5,12,10,1,6,2,34.41,
"Lood, Trevor",CF,757.91,25.29,66.98,50.46,60.29,52.93,substitute,University of Santo Tomas,21,0.0,0.0,0.0,0.0,55.22,44.82,0.0,0.0,0.0,0.0,0.0,0.0,0.0,48.07,68.61,0.0,0.0,0.0,0.0,0.0,76.65,75.56,49.08,76.43,43.61,50.15,44.04,11004,24.2,590,425,165,72.03,4,0.68,0,9.93,22,12,4,1,33.33,8.33,1,1,100.0,15,1,6.67,4,1,25.0,4,26,4,3,3,0,0,1.425,0.475,0.119,70.061,50.47,19.59,0.475,0.0,1.179,2.612,1.781,0.119,0.475,0.12,2.97,0.475,3.087,0.475,0.356,0.119,0.12,11.87,3.96,0.99,8.55,0.08,0.79,41.39,59.21,22.85,55.19,79.96,41.25,26.64,46.43,43.55,20.22,78.33,29.48,56.44,29.97,0,0,0,0,0,0,0.0,0.0,0.0,0.0,0.0,35.79,5,3,3,61.45,10,Match_335,2025-06-19T23:51:29.912238+00:00,[],0,12,4,1,590,425,165,23.04,4,0,4.19,4,15,1,4,1,4,26,4,3,1,1,46.58,
"Bacnis, Hugo",RW,730.16,42.82,51.47,31.46,79.12,51.36,substitute,Highland Wanderers,97,0.0,0.0,0.0,0.0,75.99,52.14,0.0,0.0,0.0,0.0,0.0,0.0,0.0,39.34,35.58,0.0,0.0,0.0,0.0,0.0,79.47,37.48,59.13,62.6,78.36,73.24,35.01,6786,15.49,217,151,66,69.59,1,0.46,0,7.26,10,32,18,1,56.25,3.12,3,1,33.33,9,4,44.44,10,2,20.0,0,9,9,1,1,1,0,3.944,2.219,0.123,26.748,18.61,8.14,0.123,0.0,0.895,1.233,1.109,0.493,1.233,0.25,2.47,0.0,1.109,1.109,0.123,0.37,0.12,4.11,6.93,0.38,8.58,0.06,5.48,58.43,69.27,37.25,44.69,34.75,27.68,58.93,50.92,68.73,39.96,23.43,69.79,76.24,50.67,0,0,0,0,0,0,0.0,0.0,0.0,0.0,0.0,76.94,0,2,2,76.0,3,Match_162,2025-05-15T11:13:18.913237+00:00,[],0,32,18,1,217,151,66,20.08,1,0,4.72,7,9,4,10,2,0,9,9,1,3,1,73.75,
"Lood, Trevor",CF,809.46,25.33,26.34,20.09,46.18,55.65,starter,University of the Philippines,19,0.0,0.0,0.0,0.0,43.54,30.38,0.0,0.0,0.0,0.0,0.0,0.0,0.0,52.35,58.82,0.0,0.0,0.0,0.0,0.0,78.01,52.32,67.13,51.45,76.16,49.62,73.88,13684,28.18,258,122,136,47.29,6,2.33,2,11.53,7,19,5,1,26.32,5.26,10,7,70.0,15,15,100.0,14,4,28.57,5,22,8,1,1,1,0,2.113,0.556,0.111,28.686,13.56,15.12,0.667,0.222,1.282,0.778,1.668,1.668,1.557,0.44,3.18,0.556,2.446,0.889,0.111,1.112,0.78,7.78,2.93,0.58,5.26,0.26,11.12,50.06,29.23,70.41,27.97,52.01,76.65,57.51,20.28,32.96,34.82,41.9,44.13,28.2,56.46,0,0,0,0,0,0,0.0,0.0,0.0,0.0,0.0,56.24,3,5,5,43.12,17,Match_151,2025-10-19T04:55:11.914237+00:00,[],0,19,5,1,258,122,136,88.55,6,2,2.07,1,15,15,14,4,5,22,8,1,10,7,42.38,
"Moleje, Josh",RB,1154.72,57.67,78.9,31.29,56.01,53.53,substitute,Ateneo de Manila University,67,0.0,0.0,0.0,0.0,65.27,62.08,0.0,0.0,0.0,0.0,0.0,0.0,0.0,35.45,34.14,0.0,0.0,0.0,0.0,0.0,74.61,47.01,74.22,43.35,51.04,77.08,39.95,22436,32.38,1137,732,405,64.38,22,1.93,1,5.76,42,9,1,1,11.11,11.11,3,3,100.0,49,21,42.86,1,1,100.0,7,34,10,1,1,3,0,0.701,0.078,0.078,88.619,57.05,31.57,1.715,0.078,0.449,3.274,3.819,1.637,0.078,0.08,7.79,0.546,2.65,0.779,0.078,0.234,0.23,7.79,0.87,0.87,5.02,0.15,3.34,48.08,34.2,62.29,21.81,25.05,57.16,56.14,70.15,38.27,78.7,36.34,49.37,60.32,59.25,0,0,0,0,0,0,0.0,0.0,0.0,0.0,0.0,41.8,3,6,5,81.45,5,Match_315,2025-01-21T01:49:43.914237+00:00,[],0,9,1,1,1137,732,405,54.01,22,1,3.47,4,49,21,1,1,7,34,10,1,3,3,24.1,
"Alonzo, Kaye",LB,723.22,50.14,67.58,47.38,47.24,24.1,substitute,Riverstone FC,88,0.0,0.0,0.0,0.0,40.68,46.24,0.0,0.0,0.0,0.0,0.0,0.0,0.0,55.39,59.26,0.0,0.0,0.0,0.0,0.0,53.56,57.89,77.58,75.46,33.75,64.74,72.88,2733,6.3,375,375,0,100.0,2,0.53,0,14.01,20,2,1,0,50.0,0.0,5,2,40.0,45,3,6.67,3,1,33.33,4,18,5,1,1,1,0,0.249,0.124,0.0,46.666,46.67,34.57,0.249,0.0,1.743,2.489,5.6,0.373,0.373,0.12,4.15,0.498,2.24,0.622,0.124,0.622,0.25,4.98,6.22,57.36,12.44,0.07,0.83,63.13,77.17,54.57,26.05,39.22,47.76,33.9,34.83,65.79,27.12,35.82,71.54,46.38,53.36,0,0,0,0,0,0,0.0,0.0,0.0,0.0,0.0,38.22,4,2,4,67.49,20,Match_341,2025-08-28T16:11:43.915238+00:00,[],0,2,1,0,375,375,0,31.56,2,0,2.48,1,45,3,3,1,4,18,5,1,5,2,20.84,
"Abad, Ryan",CAM,990.57,28.09,67.69,32.87,73.95,32.19,starter,Crown City FC,30,0.0,0.0,0.0,0.0,41.08,43.81,0.0,0.0,0.0,0.0,0.0,0.0,0.0,77.98,56.5,0.0,0.0,0.0,0.0,0.0,73.11,55.18,47.42,69.03,31.41,39.93,43.33,19821,33.35,0,0,0,69.26,0,0.23,0,10.2,0,23,6,0,26.09,0.0,5,1,20.0,29,0,0.0,15,13,86.67,4,21,15,1,1,1,0,2.09,0.545,0.0,0.0,72.53,43.65,0.0,0.0,0.927,0.0,2.635,0.0,1.363,1.18,7.87,0.363,1.908,1.363,0.091,0.454,0.09,1.82,2.37,55.29,6.29,0.02,61.78,51.78,42.1,44.21,49.64,49.58,27.4,65.08,70.08,35.32,62.6,70.84,36.26,38.33,20.29,0,0,0,0,0,0,0.0,0.0,0.0,0.0,0.0,77.82,3,6,2,66.56,13,Match_195,2025-06-08T00:48:37.916245+00:00,[],0,23,6,0,0,0,0,64.08,0,0,2.61,0,29,0,15,13,4,21,15,1,5,1,28.07,
"Bacaycay, Kurt",CF,806.73,74.59,46.72,76.38,50.52,70.15,starter,Eastview Rangers,42,0.0,0.0,0.0,0.0,54.74,55.82,0.0,0.0,0.0,0.0,0.0,0.0,0.0,75.79,67.34,0.0,0.0,0.0,0.0,0.0,59.03,39.98,65.25,38.87,75.23,32.26,62.25,8320,17.19,53,27,26,50.94,1,1.89,0,4.05,4,14,5,1,35.71,7.14,14,13,92.86,17,15,88.24,22,13,59.09,1,12,1,3,1,0,0,1.562,0.558,0.112,5.913,3.01,2.9,0.112,0.0,0.452,0.446,1.897,1.673,2.454,1.45,6.59,0.112,1.339,0.112,0.335,1.562,1.45,10.36,3.98,0.8,5.68,0.21,9.84,70.18,62.13,76.4,78.05,34.6,60.01,74.59,74.62,70.37,39.36,78.44,64.69,28.57,58.85,0,0,0,0,0,0,0.0,0.0,0.0,0.0,0.0,73.31,3,4,4,42.98,13,Match_192,2025-03-23T23:24:09.916245+00:00,[],0,14,5,1,53,27,26,35.27,1,0,0.1,8,17,15,22,13,1,12,1,3,14,13,64.56,
"Labrador, Sean",GK,720.82,39.78,79.97,47.51,54.17,56.45,starter,Summit Peak FC,98,0.0,0.0,0.0,0.0,53.98,32.42,0.0,0.0,0.0,0.0,0.0,0.0,0.0,77.29,48.3,0.0,0.0,0.0,0.0,0.0,45.88,69.3,62.85,46.02,74.66,61.18,48.82,3225,7.46,295,295,0,100.0,5,1.69,1,14.95,17,11,1,0,9.09,0.0,7,7,100.0,11,7,63.64,12,12,100.0,3,10,7,1,3,2,0,1.373,0.125,0.0,36.833,36.83,44.46,0.624,0.125,1.867,2.123,1.373,0.874,1.498,1.5,12.49,0.375,1.249,0.874,0.125,0.874,0.87,12.49,1.13,76.7,12.49,0.21,7.95,21.41,37.65,50.7,57.74,49.22,63.16,47.71,28.13,71.88,70.89,46.3,28.63,40.86,34.79,13,2,11,15.38,13,11,0.25,1.373,1.623,1.623,1.373,1.92,3,4,3,39.81,3,Match_296,2025-10-22T09:24:44.917238+00:00,[],0,11,1,0,295,295,0,25.31,5,1,3.45,4,11,7,12,12,3,10,7,1,7,7,86.8,
"Reyes, Kirvy",CDM,663.34,41.22,64.15,30.73,29.41,78.3,starter,Eastview Rangers,1,0.0,0.0,0.0,0.0,49.34,42.81,0.0,0.0,0.0,0.0,0.0,0.0,0.0,30.13,38.78,0.0,0.0,0.0,0.0,0.0,60.91,56.16,49.8,53.85,30.79,68.7,66.87,10042,25.23,481,343,138,71.31,14,2.91,2,8.86,22,16,4,1,25.0,6.25,3,2,66.67,20,13,65.0,2,2,100.0,0,20,3,2,1,2,0,2.171,0.543,0.136,65.261,46.54,18.72,1.899,0.271,1.202,2.985,2.714,1.764,0.271,0.27,13.57,0.0,2.714,0.407,0.271,0.407,0.27,9.05,3.39,0.85,9.68,0.39,8.82,26.84,71.75,78.67,36.65,40.1,62.08,76.7,50.03,46.06,24.4,53.01,20.72,53.24,24.07,0,0,0,0,0,0,0.0,0.0,0.0,0.0,0.0,76.62,1,4,2,42.59,11,Match_325,2025-04-02T15:06:50.917238+00:00,[],0,16,4,1,481,343,138,36.84,14,2,1.44,4,20,13,2,2,0,20,3,2,3,2,60.25,
"Alcantara, Paolo",CAM,1136.42,71.64,39.08,43.83,29.03,43.95,starter,Eastview Rangers,23,0.0,0.0,0.0,0.0,69.75,42.61,0.0,0.0,0.0,0.0,0.0,0.0,0.0,71.85,72.72,0.0,0.0,0.0,0.0,0.0,64.73,60.7,43.03,38.73,46.42,40.18,52.58,5221,7.66,233,115,118,49.36,3,1.29,0,25.71,13,26,15,1,57.69,3.85,12,3,25.0,13,5,38.46,26,18,69.23,6,11,12,3,1,1,0,2.059,1.188,0.079,18.453,9.11,9.35,0.238,0.0,2.036,1.03,1.03,0.396,2.059,1.43,5.48,0.475,0.871,0.95,0.238,0.95,0.24,1.98,4.57,0.3,3.91,0.1,3.05,38.82,21.5,42.97,31.23,59.93,23.77,25.24,68.02,77.09,72.35,46.8,77.13,24.53,55.1,0,0,0,0,0,0,0.0,0.0,0.0,0.0,0.0,70.54,3,2,6,65.18,8,Match_362,2025-01-04T18:16:09.918246+00:00,[],0,26,15,1,233,115,118,54.11,3,0,0.33,3,13,5,26,18,6,11,12,3,12,3,30.81,
"Lopez, Hugo",GK,994.25,74.01,20.14,36.19,61.46,30.07,substitute,Valley Rovers,13,0.0,0.0,0.0,0.0,62.84,42.56,0.0,0.0,0.0,0.0,0.0,0.0,0.0,63.66,41.89,0.0,0.0,0.0,0.0,0.0,45.71,43.87,32.16,43.19,65.97,53.32,73.86,17742,29.74,209,159,50,76.08,5,2.39,1,23.61,9,11,6,1,54.55,9.09,11,3,27.27,21,12,57.14,28,28,100.0,1,11,5,1,2,0,0,0.996,0.543,0.091,18.919,14.39,4.53,0.453,0.091,2.137,0.815,1.901,1.086,2.535,2.53,9.05,0.091,0.996,0.453,0.091,0.996,0.27,2.47,4.94,0.82,6.89,0.22,5.17,63.23,24.34,53.5,36.35,66.46,53.33,72.78,59.5,34.78,66.08,76.9,53.23,65.86,71.87,55,31,24,56.36,55,24,2.806,2.172,4.979,4.979,2.172,5.1,2,2,1,76.04,1,Match_4,2025-03-04T03:47:52.919237+00:00,[],0,11,6,1,209,159,50,65.96,5,1,2.68,3,21,12,28,28,1,11,5,1,11,3,54.37,
"Libarnes, Jaro",CF,908.32,40.17,21.32,28.23,58.18,29.65,starter,Riverside FC,73,0.0,0.0,0.0,0.0,36.85,60.79,0.0,0.0,0.0,0.0,0.0,0.0,0.0,65.24,49.61,0.0,0.0,0.0,0.0,0.0,63.18,71.02,35.09,38.97,40.32,54.49,61.15,16911,31.03,416,324,92,77.88,2,0.48,0,24.37,5,22,9,0,40.91,0.0,9,5,55.56,14,9,64.29,21,3,14.29,3,0,4,2,3,1,0,2.18,0.892,0.0,41.219,32.1,9.12,0.198,0.0,2.415,0.495,1.387,0.892,2.081,0.3,1.42,0.297,0.0,0.396,0.198,0.892,0.5,5.51,4.05,49.51,7.72,0.05,6.37,77.36,37.44,45.81,46.88,45.32,35.5,50.34,28.94,61.13,63.63,53.96,71.84,43.79,29.52,0,0,0,0,0,0,0.0,0.0,0.0,0.0,0.0,47.55,3,3,1,74.12,1,Match_10,2025-02-15T15:30:44.919237+00:00,[],0,22,9,0,416,324,92,32.6,2,0,3.68,4,14,9,21,3,3,0,4,2,9,5,35.65,
"Pedimonte, Nhiboy",RW,999.38,57.46,43.88,41.1,51.7,28.65,substitute,Metro FC,38,0.0,0.0,0.0,0.0,39.06,43.79,0.0,0.0,0.0,0.0,0.0,0.0,0.0,76.94,65.66,0.0,0.0,0.0,0.0,0.0,43.87,64.58,36.98,58.43,57.15,78.92,39.3,9178,15.31,366,2,364,0.55,11,3.01,0,28.24,6,20,5,1,25.0,5.0,3,1,33.33,21,21,100.0,16,16,100.0,4,19,5,1,2,1,0,1.801,0.45,0.09,32.96,0.18,32.78,0.991,0.0,2.543,0.54,1.891,1.891,1.441,1.44,9.01,0.36,1.711,0.45,0.09,0.27,0.09,3.0,2.25,0.45,0.05,0.27,9.01,63.45,75.92,72.65,31.4,73.26,66.13,70.82,21.38,79.77,79.59,73.6,78.74,53.16,49.35,0,0,0,0,0,0,0.0,0.0,0.0,0.0,0.0,43.26,3,2,5,47.04,16,Match_118,2025-08-11T01:22:11.920238+00:00,[],0,20,5,1,366,2,364,66.31,11,0,1.3,5,21,21,16,16,4,19,5,1,3,1,73.1,
"Acebedo, James",RB,876.69,65.51,77.11,46.14,29.79,34.4,substitute,Southgate United,54,0.0,0.0,0.0,0.0,78.82,45.72,0.0,0.0,0.0,0.0,0.0,0.0,0.0,60.17,42.22,0.0,0.0,0.0,0.0,0.0,49.09,52.91,73.39,30.9,59.04,52.44,70.48,5715,10.86,519,519,0,100.0,20,3.85,4,7.49,11,8,2,2,25.0,25.0,6,2,33.33,44,6,13.64,21,17,80.95,5,3,5,4,2,1,0,0.821,0.205,0.205,53.28,53.28,50.38,2.053,0.411,0.769,1.129,4.517,0.616,2.156,1.75,8.31,0.513,0.308,0.513,0.411,0.616,0.21,3.42,2.57,2.57,10.27,0.4,1.4,52.33,24.97,30.44,40.43,74.35,27.37,32.35,64.37,62.22,79.97,77.92,58.09,48.22,53.66,0,0,0,0,0,0,0.0,0.0,0.0,0.0,0.0,61.16,2,1,1,48.75,17,Match_288,2025-10-27T20:45:21.921245+00:00,[],0,8,2,2,519,519,0,82.73,20,4,0.62,2,44,6,21,17,5,3,5,4,6,2,52.79,
"Mapula, Paul Joshua",CDM,1082.98,73.32,71.4,58.23,73.31,45.32,substitute,Redwood Borough,55,0.0,0.0,0.0,0.0,70.23,35.77,0.0,0.0,0.0,0.0,0.0,0.0,0.0,64.62,43.62,0.0,0.0,0.0,0.0,0.0,52.49,31.59,74.03,61.89,60.81,47.84,56.2,5484,8.44,315,266,49,84.44,1,0.32,0,15.62,10,1,0,0,0.0,0.0,13,13,100.0,38,25,65.79,20,11,55.0,6,17,3,1,1,2,0,0.083,0.0,0.0,26.178,22.11,4.07,0.083,0.0,1.298,0.831,3.158,2.078,1.662,0.91,4.57,0.499,1.413,0.249,0.083,1.08,1.08,8.31,69.53,42.61,7.02,0.03,5.47,49.18,64.68,48.24,58.75,28.14,23.1,75.6,24.77,72.35,37.72,53.08,50.56,34.81,48.1,0,0,0,0,0,0,0.0,0.0,0.0,0.0,0.0,45.68,5,2,2,78.29,18,Match_202,2025-01-03T16:30:02.921245+00:00,[],0,1,0,0,315,266,49,69.73,1,0,4.71,1,38,25,20,11,6,17,3,1,13,13,56.54,
"Mapula, Paul Joshua",CAM,1171.64,29.99,75.53,51.58,45.92,22.09,substitute,University of Santo Tomas,12,0.0,0.0,0.0,0.0,62.39,36.98,0.0,0.0,0.0,0.0,0.0,0.0,0.0,74.36,77.29,0.0,0.0,0.0,0.0,0.0,60.14,74.28,72.28,57.56,43.2,72.7,65.73,19418,27.62,1142,1142,0,100.0,8,0.7,1,24.58,83,9,6,1,66.67,11.11,4,3,75.0,14,6,42.86,15,11,73.33,5,22,3,2,1,1,0,0.691,0.461,0.077,87.723,87.72,64.51,0.615,0.077,1.888,6.376,1.075,0.461,1.152,0.84,5.63,0.384,1.69,0.23,0.154,0.307,0.23,5.76,5.12,0.85,7.68,0.05,3.29,62.66,31.38,33.82,69.63,62.69,52.05,52.52,50.33,37.86,68.68,20.95,64.88,60.03,47.73,0,0,0,0,0,0,0.0,0.0,0.0,0.0,0.0,54.19,4,0,4,48.03,1,Match_97,2025-08-27T09:20:02.922238+00:00,[],0,9,6,1,1142,1142,0,21.01,8,1,3.67,1,14,6,15,11,5,22,3,2,4,3,76.09,
"Diola, Ezekiel",CAM,851.9,64.37,32.91,44.86,75.17,72.39,DNP,Northbridge FC,67,0.0,0.0,0.0,0.0,74.2,53.69,0.0,0.0,0.0,0.0,0.0,0.0,0.0,58.32,36.14,0.0,0.0,0.0,0.0,0.0,59.38,61.96,68.4,41.93,69.55,63.77,36.25,14842,29.04,420,244,176,58.1,7,1.67,2,16.67,9,13,11,0,84.62,0.0,7,5,71.43,5,1,20.0,13,12,92.31,2,10,8,1,4,1,0,1.373,1.162,0.0,44.371,25.78,18.59,0.74,0.211,1.761,0.951,0.528,0.106,1.373,1.27,9.75,0.211,1.056,0.845,0.106,0.74,0.53,7.55,8.94,59.45,6.14,0.18,2.11,72.18,39.53,63.12,66.82,39.68,67.11,28.1,78.34,26.89,53.62,64.9,30.37,77.17,39.93,0,0,0,0,0,0,0.0,0.0,0.0,0.0,0.0,77.67,3,4,5,64.44,10,Match_69,2025-01-06T08:13:42.923240+00:00,[],0,13,11,0,420,244,176,39.14,7,2,0.92,4,5,1,13,12,2,10,8,1,7,5,87.35,
"Unabia, Mark",LB,644.2,34.11,25.15,49.31,55.17,26.46,starter,Ateneo de Manila University,51,0.0,0.0,0.0,0.0,73.39,41.27,0.0,0.0,0.0,0.0,0.0,0.0,0.0,60.82,35.8,0.0,0.0,0.0,0.0,0.0,49.96,34.75,67.48,31.87,39.72,41.59,70.16,5919,15.31,381,0,381,0.0,6,1.57,2,16.58,10,2,1,0,50.0,0.0,3,1,33.33,17,17,100.0,12,1,8.33,4,17,7,2,0,1,0,0.279,0.14,0.0,53.229,32.48,53.23,0.838,0.279,2.316,1.397,2.375,2.375,1.676,0.14,1.16,0.559,2.375,0.978,0.279,0.419,0.14,4.66,6.99,76.63,53.45,0.22,13.97,72.02,66.03,65.67,53.9,43.85,25.89,61.84,60.24,68.27,59.83,20.48,62.79,57.87,41.18,0,0,0,0,0,0,0.0,0.0,0.0,0.0,0.0,71.8,2,3,3,36.16,4,Match_182,2025-10-25T09:50:44.923240+00:00,[],0,2,1,0,381,0,381,25.26,6,2,0.34,2,17,17,12,1,4,17,7,2,3,1,42.22,
"Soria, Stephen",CM,1080.85,64.35,27.8,67.95,66.14,51.92,starter,Mapúa University,93,0.0,0.0,0.0,0.0,32.21,43.03,0.0,0.0,0.0,0.0,0.0,0.0,0.0,49.7,79.21,0.0,0.0,0.0,0.0,0.0,33.45,47.17,34.76,59.07,54.48,49.26,38.51,5036,7.77,1003,1003,0,100.0,7,0.7,1,14.25,87,0,0,0,34.24,8.35,16,1,6.25,27,27,100.0,10,5,50.0,3,19,9,2,4,0,0,0.0,0.0,0.0,83.518,83.52,34.78,0.583,0.083,1.187,7.244,2.248,2.248,0.833,0.42,4.16,0.25,1.582,0.749,0.167,1.332,0.08,0.52,2.85,0.7,8.33,0.06,8.33,48.93,22.89,59.94,20.54,62.53,55.42,55.96,35.41,48.22,48.64,57.77,61.14,30.94,50.6,0,0,0,0,0,0,0.0,0.0,0.0,0.0,0.0,49.07,5,4,3,29.08,12,Match_316,2024-12-16T05:35:23.924238+00:00,[],0,0,0,0,1003,1003,0,54.43,7,1,4.72,4,27,27,10,5,3,19,9,2,16,1,79.64,
"Mapula, Paul Vincent",CM,1350.0,49.48,39.21,20.63,78.18,65.56,substitute,Riverstone FC,49,0.0,0.0,0.0,0.0,41.46,47.94,0.0,0.0,0.0,0.0,0.0,0.0,0.0,40.41,41.71,0.0,0.0,0.0,0.0,0.0,44.29,42.15,33.66,72.47,48.8,32.39,52.54,3940,4.86,765,677,88,88.5,9,1.18,1,18.9,51,36,10,3,27.78,8.33,12,4,33.33,46,13,28.26,28,27,96.43,5,22,14,3,1,4,0,2.4,0.667,0.2,51.0,45.13,5.87,0.6,0.067,1.26,3.4,3.067,0.867,1.867,1.8,6.43,0.333,1.467,0.933,0.2,0.8,0.27,2.22,1.85,0.56,5.9,0.08,1.88,64.77,59.67,30.55,61.31,59.15,37.85,47.68,43.16,76.84,44.91,60.71,76.38,31.0,42.73,0,0,0,0,0,0,0.0,0.0,0.0,0.0,0.0,32.55,0,3,4,50.26,18,Match_177,2025-10-11T06:25:18.925239+00:00,[],0,36,10,3,765,677,88,87.42,9,1,3.12,2,46,13,28,27,5,22,14,3,12,4,25.79,
"Andrada, Vince",CF,1024.99,68.55,70.36,50.09,25.42,64.45,substitute,Eastview Rangers,8,0.0,0.0,0.0,0.0,72.98,69.02,0.0,0.0,0.0,0.0,0.0,0.0,0.0,41.66,54.8,0.0,0.0,0.0,0.0,0.0,44.65,39.78,48.45,62.46,51.34,34.28,38.33,13452,21.87,449,300,149,66.82,4,0.89,0,15.98,15,15,7,1,46.67,6.67,10,2,20.0,12,2,16.67,21,0,0.0,2,27,8,0,2,3,0,1.317,0.615,0.088,39.425,26.34,13.08,0.351,0.0,1.403,1.317,1.054,0.176,1.844,31.03,72.58,0.176,2.371,0.702,0.0,0.878,0.18,1.76,4.1,0.59,5.87,0.08,1.46,41.84,71.81,65.22,72.42,61.27,48.59,57.91,60.25,34.78,44.94,75.86,48.96,57.72,29.79,0,0,0,0,0,0,0.0,0.0,0.0,0.0,0.0,39.06,2,1,1,48.22,1,Match_153,2025-07-13T09:07:20.925239+00:00,[],0,15,7,1,449,300,149,22.11,4,0,0.62,5,12,2,21,0,2,27,8,0,10,2,32.57,
"Unabia, Mark",CDM,1329.83,46.73,52.7,52.14,24.54,49.98,starter,De La Salle University,32,0.0,0.0,0.0,0.0,51.23,53.1,0.0,0.0,0.0,0.0,0.0,0.0,0.0,66.01,67.14,0.0,0.0,0.0,0.0,0.0,50.01,67.45,69.54,40.4,54.78,66.64,62.72,18156,22.75,492,492,0,100.0,15,3.05,2,18.22,24,4,2,0,50.0,0.0,15,13,86.67,66,5,7.58,14,8,57.14,12,9,9,1,2,2,0,0.271,0.135,0.0,33.297,33.3,51.49,1.015,0.135,1.233,1.624,4.467,0.338,0.947,0.54,3.87,0.812,0.609,0.609,0.068,1.015,0.88,5.87,3.38,38.76,6.77,0.21,0.51,25.02,28.12,56.45,24.04,35.95,62.02,58.77,23.79,55.43,67.79,65.17,48.38,59.99,74.43,0,0,0,0,0,0,0.0,0.0,0.0,0.0,0.0,49.2,5,2,3,20.4,12,Match_347,2025-08-12T03:50:52.926238+00:00,[],0,4,2,0,492,492,0,68.5,15,2,4.0,3,66,5,14,8,12,9,9,1,15,13,43.47,
"Valdez, Alysa",LB,737.69,67.52,49.93,44.74,60.55,39.26,starter,Westwood Athletic,40,0.0,0.0,0.0,0.0,74.56,63.33,0.0,0.0,0.0,0.0,0.0,0.0,0.0,62.9,58.07,0.0,0.0,0.0,0.0,0.0,37.62,66.53,78.25,52.32,71.03,73.84,62.66,4745,10.72,231,182,49,78.79,4,1.73,0,21.62,2,7,2,1,28.57,14.29,1,0,0.0,11,7,63.64,7,4,57.14,3,18,7,1,2,1,0,0.854,0.244,0.122,28.183,22.2,5.98,0.488,0.0,2.638,0.244,1.342,0.854,0.854,0.49,6.97,0.366,2.196,0.854,0.122,0.122,30.73,56.13,3.49,1.74,9.61,0.21,7.76,47.29,29.05,51.2,26.16,20.59,77.89,79.92,76.95,63.56,22.96,52.78,76.08,48.81,44.19,0,0,0,0,0,0,0.0,0.0,0.0,0.0,0.0,73.38,3,4,2,22.01,1,Match_280,2024-12-29T08:53:01.926238+00:00,[],0,7,2,1,231,182,49,28.61,4,0,4.6,3,11,7,7,4,3,18,7,1,1,0,68.5,
"Digal, Sam",ST,296.2,69.71,28.87,67.59,75.88,45.82,starter,Coastal Town,74,0.0,0.0,0.0,0.0,55.26,62.81,0.0,0.0,0.0,0.0,0.0,0.0,0.0,76.68,53.31,0.0,0.0,0.0,0.0,0.0,47.91,40.99,41.81,30.53,39.11,34.36,67.69,2673,15.04,38,38,0,100.0,1,2.63,0,14.83,0,2,0,0,0.0,0.0,5,2,40.0,6,4,66.67,1,0,0.0,2,3,2,0,1,0,0,0.608,0.0,0.0,11.546,11.55,68.4,0.304,0.0,4.506,0.0,1.823,1.215,0.304,59.6,49.94,0.608,0.912,0.608,0.0,1.519,0.61,12.15,43.73,75.94,30.38,0.8,20.26,73.55,50.12,56.97,24.46,20.03,33.11,37.41,52.96,58.33,34.69,79.22,23.02,77.82,26.92,0,0,0,0,0,0,0.0,0.0,0.0,0.0,0.0,45.49,1,2,4,65.75,10,Match_236,2025-09-11T10:32:38.927238+00:00,[],0,2,0,0,38,38,0,60.96,1,0,0.91,1,6,4,1,0,2,3,2,0,5,2,38.48,
"Pormento, Edzon",CAM,612.13,65.31,50.36,55.74,60.8,74.19,starter,Valley Rovers,58,0.0,0.0,0.0,0.0,48.84,65.12,0.0,0.0,0.0,0.0,0.0,0.0,0.0,66.86,51.38,0.0,0.0,0.0,0.0,0.0,33.42,43.44,48.25,39.04,56.58,43.43,35.37,3891,10.59,286,122,164,42.66,5,1.75,1,17.2,4,7,2,1,28.57,14.29,9,4,44.44,1,1,100.0,12,7,58.33,2,15,6,0,1,2,0,1.029,0.294,0.147,42.05,17.94,24.11,0.735,0.147,2.529,0.588,0.147,0.147,1.764,1.03,8.58,0.294,2.205,0.882,0.0,1.323,0.59,6.53,4.2,2.1,6.27,0.26,14.7,72.33,47.16,34.68,67.99,56.72,35.19,35.75,77.49,63.37,75.96,23.87,46.11,70.66,39.21,0,0,0,0,0,0,0.0,0.0,0.0,0.0,0.0,57.91,7,5,3,55.81,4,Match_80,2025-08-30T12:30:50.928239+00:00,[],0,7,2,1,286,122,164,54.67,5,1,1.21,3,1,1,12,7,2,15,6,0,9,4,44.03,
"Legara, Ezralph",RWB,1295.83,40.15,31.09,44.52,71.58,64.36,starter,National University,36,0.0,0.0,0.0,0.0,58.68,34.88,0.0,0.0,0.0,0.0,0.0,0.0,0.0,40.88,47.64,0.0,0.0,0.0,0.0,0.0,48.66,71.84,73.16,79.3,72.02,57.32,65.31,23191,29.83,917,653,264,71.21,23,2.51,1,4.52,8,26,4,3,15.38,11.54,16,2,12.5,55,11,20.0,23,9,39.13,2,26,20,1,2,3,0,1.806,0.278,0.208,63.689,45.35,18.34,1.597,0.069,0.314,0.556,3.82,0.764,1.597,0.63,2.72,0.139,1.806,1.389,0.069,1.111,0.14,0.87,1.07,0.8,4.95,0.17,1.39,48.16,78.84,31.31,34.06,76.26,74.62,66.49,65.78,40.17,32.13,72.64,31.68,62.82,56.75,0,0,0,0,0,0,0.0,0.0,0.0,0.0,0.0,56.91,3,1,3,44.77,1,Match_196,2025-03-15T20:26:48.928239+00:00,[],0,26,4,3,917,653,264,73.33,23,1,1.29,5,55,11,23,9,2,26,20,1,16,2,81.25,
"Espana, Dave",CDM,785.7,57.87,79.75,50.19,39.55,40.1,starter,Northbridge FC,64,0.0,0.0,0.0,0.0,64.63,36.48,0.0,0.0,0.0,0.0,0.0,0.0,0.0,46.56,60.06,0.0,0.0,0.0,0.0,0.0,48.58,60.02,53.44,68.16,76.9,79.53,73.02,13650,28.96,576,576,0,100.0,7,1.22,1,7.84,4,6,2,0,33.33,0.0,6,4,66.67,37,23,62.16,18,13,72.22,5,13,1,1,0,1,0,0.687,0.229,0.0,65.979,65.98,66.75,0.802,0.115,0.898,0.458,4.238,2.635,2.062,1.49,8.27,0.573,1.489,0.115,0.115,0.687,0.46,7.64,3.82,36.78,11.45,0.14,7.12,20.67,72.77,23.31,58.56,36.65,41.83,22.78,62.26,56.04,29.42,56.59,78.38,79.38,66.4,0,0,0,0,0,0,0.0,0.0,0.0,0.0,0.0,36.02,4,2,1,32.62,9,Match_160,2025-06-28T20:49:04.929237+00:00,[],0,6,2,0,576,576,0,28.92,7,1,3.56,4,37,23,18,13,5,13,1,1,6,4,30.86,
"Digal, Luis",CAM,999.77,49.74,62.71,65.89,61.44,68.38,substitute,Lyceum,1,0.0,0.0,0.0,0.0,42.61,36.9,0.0,0.0,0.0,0.0,0.0,0.0,0.0,36.84,46.31,0.0,0.0,0.0,0.0,0.0,70.47,63.82,52.25,60.97,55.68,57.47,73.87,2460,4.1,1032,620,412,60.08,20,1.94,2,14.09,49,12,11,0,91.67,0.0,23,22,95.65,27,17,62.96,30,11,36.67,6,20,8,1,3,1,0,1.08,0.99,0.0,92.901,55.81,37.09,1.8,0.18,1.268,4.411,2.431,1.53,2.701,0.99,3.3,0.54,1.8,0.72,0.09,2.07,1.98,8.61,8.25,47.38,5.41,0.17,5.67,41.87,64.5,40.32,57.6,28.52,51.29,72.23,76.73,21.99,47.21,61.89,21.44,24.92,31.39,0,0,0,0,0,0,0.0,0.0,0.0,0.0,0.0,52.28,5,3,3,86.0,17,Match_13,2025-09-14T20:42:48.930237+00:00,[],0,12,11,0,1032,620,412,29.25,20,2,0.91,4,27,17,30,11,6,20,8,1,23,22,78.9,
"Abad, Ryan",CAM,630.06,63.92,65.78,75.73,45.4,29.71,starter,Hillcrest Athletic,55,0.0,0.0,0.0,0.0,37.68,77.07,0.0,0.0,0.0,0.0,0.0,0.0,0.0,60.15,55.72,0.0,0.0,0.0,0.0,0.0,70.28,47.28,54.76,71.51,42.74,36.25,46.72,2558,6.77,876,657,219,75.0,3,0.34,0,15.49,43,7,3,2,42.86,28.57,16,4,25.0,7,5,71.43,17,5,29.41,3,6,8,1,0,1,0,1.0,0.429,0.286,125.131,93.85,31.28,0.429,0.0,2.213,6.142,1.0,0.714,2.428,0.71,4.2,0.429,0.857,1.143,0.143,2.285,0.57,3.57,6.12,4.08,10.71,0.05,10.2,52.14,45.53,60.0,22.76,43.95,48.84,79.74,40.99,41.34,67.08,64.1,65.2,39.63,26.03,0,0,0,0,0,0,0.0,0.0,0.0,0.0,0.0,73.03,2,2,4,43.31,15,Match_24,2025-10-11T01:48:16.930237+00:00,[],0,7,3,2,876,657,219,73.03,3,0,4.55,0,7,5,17,5,3,6,8,1,16,4,71.24,
"Santos, Pius",GK,914.92,40.15,34.68,44.36,20.83,60.27,substitute,Redwood Borough,98,0.0,0.0,0.0,0.0,43.9,64.83,0.0,0.0,0.0,0.0,0.0,0.0,0.0,73.46,49.31,0.0,0.0,0.0,0.0,0.0,44.29,79.94,64.63,38.96,44.26,71.31,49.0,8219,14.97,272,106,166,38.97,11,4.04,0,4.6,10,17,2,0,11.76,0.0,3,2,66.67,25,11,44.0,9,5,55.56,0,16,13,1,3,1,0,1.672,0.197,0.0,26.756,10.43,16.33,1.082,0.0,0.452,0.984,2.459,1.082,0.885,0.49,5.47,0.0,1.574,1.279,0.098,0.295,0.2,6.56,1.16,37.08,3.83,0.4,4.33,45.69,60.83,26.87,40.6,42.0,42.94,46.2,33.86,37.07,62.28,46.43,59.26,22.7,22.49,39,10,29,25.64,39,29,0.984,2.853,3.836,3.836,2.853,2.52,3,3,2,21.05,7,Match_26,2025-06-18T01:45:02.931238+00:00,[],0,17,2,0,272,106,166,29.37,11,0,3.93,1,25,11,9,5,0,16,13,1,3,2,41.34,
"Escodo, Bel",CF,996.56,58.39,35.64,58.81,72.32,56.75,substitute,Lyceum,83,0.0,0.0,0.0,0.0,79.55,37.35,0.0,0.0,0.0,0.0,0.0,0.0,0.0,74.4,66.2,0.0,0.0,0.0,0.0,0.0,56.01,43.24,75.86,53.16,43.0,66.64,34.15,3687,6.17,44,36,8,81.82,0,0.0,0,25.9,2,29,7,1,24.14,3.45,3,3,100.0,29,15,51.72,21,6,28.57,6,10,7,3,2,1,0,2.619,0.632,0.09,3.974,3.25,0.72,0.0,0.0,2.339,0.181,2.619,1.355,1.897,0.54,2.58,0.542,0.903,0.632,0.271,0.271,0.27,9.03,2.18,0.31,7.39,64.13,4.67,69.79,44.42,62.14,60.27,22.11,22.44,22.09,41.42,55.5,76.89,52.93,36.39,78.37,74.13,0,0,0,0,0,0,0.0,0.0,0.0,0.0,0.0,55.58,3,4,4,22.25,3,Match_118,2025-08-26T17:39:08.931238+00:00,[],0,29,7,1,44,36,8,35.87,0,0,1.24,3,29,15,21,6,6,10,7,3,3,3,69.64,
"Nemenzo, Sirach Ethan",RWB,638.35,46.96,26.7,71.96,33.14,26.48,starter,Far Eastern University,48,0.0,0.0,0.0,0.0,62.75,63.31,0.0,0.0,0.0,0.0,0.0,0.0,0.0,77.02,42.94,0.0,0.0,0.0,0.0,0.0,38.61,36.49,63.91,50.09,65.19,34.21,79.27,10500,27.41,812,382,430,47.04,8,0.99,1,9.73,35,8,2,1,25.0,12.5,4,2,50.0,23,17,73.91,12,6,50.0,3,19,3,2,1,2,0,1.128,0.282,0.141,114.483,53.86,60.63,1.128,0.141,1.372,4.935,3.243,2.397,1.692,0.85,7.05,0.423,2.679,0.423,0.282,0.564,0.28,7.05,3.52,1.76,6.63,0.14,10.42,46.48,55.61,47.15,30.33,72.02,67.2,76.65,55.04,75.67,67.51,58.33,76.51,49.3,41.83,0,0,0,0,0,0,0.0,0.0,0.0,0.0,0.0,30.16,3,1,2,86.69,2,Match_215,2025-04-05T11:52:57.932239+00:00,[],0,8,2,1,812,382,430,59.67,8,1,0.55,4,23,17,12,6,3,19,3,2,4,2,49.55,
"Berciles, Earl",ST,567.69,58.66,54.4,73.01,70.11,75.92,starter,De La Salle University,85,0.0,0.0,0.0,0.0,74.82,74.26,0.0,0.0,0.0,0.0,0.0,0.0,0.0,43.57,73.15,0.0,0.0,0.0,0.0,0.0,54.16,56.51,56.05,51.0,61.69,34.55,36.55,10491,30.8,107,107,0,100.0,1,0.93,0,16.63,6,14,0,2,0.0,14.29,11,4,36.36,12,5,41.67,13,5,38.46,4,6,6,0,1,2,0,2.22,0.0,0.317,16.963,16.96,36.54,0.159,0.0,2.636,0.951,1.902,0.793,2.061,0.79,6.1,0.634,0.951,0.951,0.0,1.744,0.63,5.76,54.39,2.27,15.85,0.15,6.61,69.07,53.46,35.26,50.36,69.71,28.1,56.18,68.64,68.48,46.65,55.65,75.85,64.16,38.75,0,0,0,0,0,0,0.0,0.0,0.0,0.0,0.0,63.2,5,5,5,41.91,1,Match_245,2025-02-22T03:50:21.933239+00:00,[],0,14,0,2,107,107,0,51.72,1,0,2.52,3,12,5,13,5,4,6,6,0,11,4,44.58,
"Villacarlos, Uriel",RWB,1350.0,68.31,40.36,42.07,74.16,50.2,substitute,Harborview United,19,0.0,0.0,0.0,0.0,79.86,47.95,0.0,0.0,0.0,0.0,0.0,0.0,0.0,79.38,38.11,0.0,0.0,0.0,0.0,0.0,77.73,44.2,45.63,32.8,62.31,31.51,61.04,13210,16.31,425,280,145,65.88,9,2.12,1,26.84,19,23,7,0,30.43,0.0,14,2,14.29,12,3,25.0,15,4,26.67,4,12,9,1,1,4,0,1.533,0.467,0.0,28.333,18.67,9.67,0.6,0.067,1.789,1.267,0.8,0.2,1.0,0.27,1.78,0.267,0.8,0.6,0.067,0.933,0.13,0.95,2.03,71.37,4.39,0.14,1.67,23.71,74.28,58.83,51.54,30.32,20.79,29.38,24.31,43.48,32.33,21.96,59.84,59.39,32.71,0,0,0,0,0,0,0.0,0.0,0.0,0.0,0.0,40.43,2,2,4,34.45,18,Match_29,2025-08-30T00:01:03.933239+00:00,[],0,23,7,0,425,280,145,23.79,9,1,1.15,4,12,3,15,4,4,12,9,1,14,2,48.11,
"Alonzo, Kaye",RW,865.15,41.52,44.26,45.36,46.35,50.08,DNP,San Beda University,88,0.0,0.0,0.0,0.0,77.72,43.56,0.0,0.0,0.0,0.0,0.0,0.0,0.0,58.31,36.26,0.0,0.0,0.0,0.0,0.0,78.33,61.77,43.95,34.98,68.23,50.83,60.99,16293,31.39,360,102,258,28.33,14,3.89,4,17.31,10,35,11,2,31.43,5.71,22,14,63.64,8,4,50.0,3,0,0.0,4,16,8,1,2,1,0,3.641,1.144,0.208,37.45,10.61,26.84,1.456,0.416,1.801,1.04,0.832,0.416,0.312,40.02,70.98,0.416,1.664,0.832,0.104,2.289,1.46,6.62,3.27,0.59,2.95,0.4,5.2,65.8,21.9,24.54,27.41,62.79,66.62,72.46,49.02,55.81,40.49,38.14,74.91,53.27,52.04,0,0,0,0,0,0,0.0,0.0,0.0,0.0,0.0,51.19,3,3,3,33.38,1,Match_358,2025-01-15T16:15:12.934231+00:00,[],0,35,11,2,360,102,258,40.92,14,4,1.81,4,8,4,3,0,4,16,8,1,22,14,45.11,
"Fernandez, Laurence",GK,1045.17,25.62,45.21,31.0,62.94,41.19,substitute,Harborview United,55,0.0,0.0,0.0,0.0,73.72,47.8,0.0,0.0,0.0,0.0,0.0,0.0,0.0,65.78,39.51,0.0,0.0,0.0,0.0,0.0,73.42,37.54,35.96,60.77,75.36,41.04,55.11,12920,20.6,48,48,0,100.0,0,0.0,0,6.58,2,8,3,1,37.5,12.5,12,2,16.67,23,2,8.7,21,6,28.57,2,47,12,0,2,0,0,0.689,0.258,0.086,4.133,4.13,37.06,0.0,0.0,0.567,0.172,1.981,0.172,1.808,0.52,2.46,0.172,4.047,1.033,0.0,1.033,0.17,1.44,3.23,1.08,8.61,42.91,0.75,37.38,22.27,28.47,74.77,59.18,68.58,38.66,77.11,53.13,56.31,28.68,75.42,40.21,58.3,43,29,14,67.44,43,14,2.497,1.206,3.703,3.703,1.206,5.81,1,3,3,38.45,20,Match_184,2025-04-23T20:01:49.935238+00:00,[],0,8,3,1,48,48,0,62.99,0,0,1.35,3,23,2,21,6,2,47,12,0,12,2,33.5,
"Abad, Ryan",LB,955.31,27.7,61.15,47.2,75.41,65.27,DNP,Coastal Town,26,0.0,0.0,0.0,0.0,47.59,45.84,0.0,0.0,0.0,0.0,0.0,0.0,0.0,48.82,44.31,0.0,0.0,0.0,0.0,0.0,42.34,34.62,65.07,72.0,51.77,58.2,45.44,3333,5.81,633,372,261,58.77,6,0.95,1,20.99,9,4,1,0,25.0,0.0,11,9,81.82,63,22,34.92,4,3,75.0,7,14,10,1,1,1,0,0.377,0.094,0.0,59.635,35.05,24.59,0.565,0.094,1.977,0.848,5.935,2.073,0.377,0.28,7.07,0.659,1.319,0.942,0.094,1.036,0.85,7.71,2.36,34.45,5.54,0.09,3.29,54.71,31.7,20.6,73.62,29.3,74.8,40.48,67.43,59.9,30.62,67.77,48.94,57.95,79.1,0,0,0,0,0,0,0.0,0.0,0.0,0.0,0.0,34.94,2,3,3,88.79,16,Match_125,2025-12-02T14:09:41.935238+00:00,[],0,4,1,0,633,372,261,86.79,6,1,3.08,3,63,22,4,3,7,14,10,1,11,9,81.27,
"Tabay, Albin",RB,662.63,27.61,48.53,57.75,69.81,30.42,substitute,Lakeside Athletic,70,0.0,0.0,0.0,0.0,36.06,49.78,0.0,0.0,0.0,0.0,0.0,0.0,0.0,47.36,47.46,0.0,0.0,0.0,0.0,0.0,52.99,65.39,77.18,35.66,49.99,32.42,42.4,3815,9.6,197,197,0,100.0,4,2.03,0,23.44,14,7,2,0,28.57,0.0,6,3,50.0,29,8,27.59,7,5,71.43,5,16,3,1,1,1,0,0.951,0.272,0.0,26.757,26.76,76.79,0.543,0.0,3.184,1.902,3.939,1.087,0.951,0.68,9.7,0.679,2.173,0.407,0.136,0.815,0.41,6.79,3.88,36.09,13.58,0.28,3.75,78.94,65.21,33.0,44.67,55.92,51.39,48.68,41.02,78.68,58.97,58.9,36.81,75.09,52.65,0,0,0,0,0,0,0.0,0.0,0.0,0.0,0.0,72.56,1,6,1,80.2,6,Match_115,2025-06-25T02:25:26.936239+00:00,[],0,7,2,0,197,197,0,25.65,4,0,0.05,3,29,8,7,5,5,16,3,1,6,3,32.92,
"Dela Cruz, Laurence",LB,960.85,33.32,30.45,78.31,23.27,54.02,starter,Brookside United,56,0.0,0.0,0.0,0.0,65.58,42.67,0.0,0.0,0.0,0.0,0.0,0.0,0.0,33.94,33.58,0.0,0.0,0.0,0.0,0.0,44.1,70.69,41.36,56.27,71.06,72.36,68.58,15133,26.25,519,404,115,77.84,5,0.96,1,23.82,8,6,2,0,33.33,0.0,4,3,75.0,46,1,2.17,19,8,42.11,3,17,6,1,2,1,0,0.562,0.187,0.0,48.613,37.84,10.77,0.468,0.094,2.231,0.749,4.309,0.094,1.78,0.75,3.94,0.281,1.592,0.562,0.094,0.375,0.28,7.03,3.12,54.3,7.29,0.09,0.2,24.64,43.26,36.58,65.63,43.92,76.21,33.87,42.75,37.57,74.25,77.21,31.42,20.47,48.52,0,0,0,0,0,0,0.0,0.0,0.0,0.0,0.0,59.06,4,5,3,87.15,15,Match_182,2025-10-08T13:11:42.937254+00:00,[],0,6,2,0,519,404,115,86.52,5,1,0.44,4,46,1,19,8,3,17,6,1,4,3,84.83,
"Barro, Bel",CM,1130.58,45.71,64.55,21.3,37.69,30.06,DNP,Ateneo de Manila University,51,0.0,0.0,0.0,0.0,64.3,64.81,0.0,0.0,0.0,0.0,0.0,0.0,0.0,60.96,33.54,0.0,0.0,0.0,0.0,0.0,44.24,30.79,67.14,38.56,49.07,61.22,64.16,17096,25.2,973,484,489,49.74,10,1.03,1,17.7,46,23,4,0,17.39,0.0,1,1,100.0,24,10,41.67,22,13,59.09,7,14,3,3,2,3,0,1.831,0.318,0.0,77.456,38.53,38.93,0.796,0.08,1.409,3.662,1.911,0.796,1.751,1.03,4.7,0.557,1.114,0.239,0.239,0.08,0.08,7.96,1.38,52.34,3.96,0.08,3.32,31.6,73.02,46.42,37.25,59.86,54.8,42.03,25.13,40.23,29.07,62.8,71.82,57.44,57.09,0,0,0,0,0,0,0.0,0.0,0.0,0.0,0.0,55.62,1,2,5,30.88,19,Match_393,2025-09-28T03:08:03.937254+00:00,[],0,23,4,0,973,484,489,78.45,10,1,2.89,4,24,10,22,13,7,14,3,3,1,1,56.41,
"Escodo, Bel",ST,843.21,38.18,54.4,75.32,60.94,44.14,starter,Goldenfield Rovers,92,0.0,0.0,0.0,0.0,52.0,53.62,0.0,0.0,0.0,0.0,0.0,0.0,0.0,31.95,79.04,0.0,0.0,0.0,0.0,0.0,43.02,64.16,39.36,73.6,37.71,39.55,79.31,15739,31.11,151,145,6,96.03,6,3.97,2,15.75,9,0,0,0,22.64,3.3,15,6,40.0,8,6,75.0,11,7,63.64,6,18,3,1,0,1,0,0.0,0.0,0.0,16.117,15.48,0.64,0.64,0.213,1.681,0.961,0.854,0.64,1.174,0.75,6.79,0.64,1.921,0.32,0.107,1.601,0.64,4.27,2.42,0.35,10.25,0.42,8.01,39.27,74.28,39.05,23.21,41.11,64.42,20.29,35.25,73.57,58.97,67.7,75.99,44.2,74.38,0,0,0,0,0,0,0.0,0.0,0.0,0.0,0.0,35.34,3,2,3,48.71,9,Match_397,2025-08-16T11:36:15.938252+00:00,[],0,0,0,0,151,145,6,44.94,6,2,4.39,4,8,6,11,7,6,18,3,1,15,6,68.28,
"Berciles, Earl",RWB,1016.25,74.34,24.18,27.33,72.71,48.38,starter,Westwood Athletic,91,0.0,0.0,0.0,0.0,57.44,35.38,0.0,0.0,0.0,0.0,0.0,0.0,0.0,60.61,37.26,0.0,0.0,0.0,0.0,0.0,63.71,69.24,56.88,35.95,41.11,45.41,62.3,3764,6.17,1157,993,164,85.83,14,1.21,2,24.97,89,8,4,0,50.0,0.0,6,3,50.0,38,20,52.63,8,5,62.5,5,13,1,1,3,1,0,0.708,0.354,0.0,102.465,87.94,14.52,1.24,0.177,2.211,7.882,3.365,1.771,0.708,0.44,5.54,0.443,1.151,0.089,0.089,0.531,0.27,4.43,4.43,41.35,7.6,0.11,4.66,72.66,59.53,76.56,28.67,74.57,51.69,27.62,77.14,23.75,45.53,79.57,37.63,64.54,67.8,0,0,0,0,0,0,0.0,0.0,0.0,0.0,0.0,47.71,1,1,2,53.58,17,Match_212,2025-05-29T12:00:51.939252+00:00,[],0,8,4,0,1157,993,164,72.57,14,2,4.64,2,38,20,8,5,5,13,1,1,6,3,37.37,
"Digal, Diego",LWB,545.93,46.26,73.09,34.53,26.31,61.02,substitute,Lyceum,83,0.0,0.0,0.0,0.0,58.42,55.43,0.0,0.0,0.0,0.0,0.0,0.0,0.0,55.69,64.33,0.0,0.0,0.0,0.0,0.0,56.96,38.67,50.19,52.54,69.35,32.93,36.42,3729,11.38,286,121,165,42.31,10,3.5,1,11.97,16,4,1,0,25.0,0.0,2,0,0.0,16,7,43.75,1,1,100.0,4,9,3,0,2,0,0,0.659,0.165,0.0,47.149,19.95,27.2,1.649,0.165,1.973,2.638,2.638,1.154,0.165,0.16,16.49,0.659,1.484,0.495,0.0,0.33,77.88,50.18,4.12,77.03,6.98,0.58,7.21,76.79,52.6,70.87,22.73,49.01,45.69,70.14,64.96,47.17,42.54,26.69,68.04,51.61,79.04,0,0,0,0,0,0,0.0,0.0,0.0,0.0,0.0,35.21,3,3,4,21.33,8,Match_375,2025-09-16T15:03:03.939252+00:00,[],0,4,1,0,286,121,165,49.99,10,1,2.83,2,16,7,1,1,4,9,3,0,2,0,87.62,
"Ladines, Marvin",LWB,797.59,56.07,53.42,61.79,36.12,21.07,substitute,Valley Rovers,42,0.0,0.0,0.0,0.0,60.93,73.17,0.0,0.0,0.0,0.0,0.0,0.0,0.0,41.85,58.5,0.0,0.0,0.0,0.0,0.0,75.81,78.55,40.29,49.26,47.89,46.69,74.62,11981,25.04,497,497,0,100.0,9,1.81,0,8.47,43,16,8,1,50.0,6.25,4,3,75.0,12,4,33.33,3,2,66.67,3,34,4,1,1,0,0,1.805,0.903,0.113,56.081,56.08,57.9,1.016,0.0,0.956,4.852,1.354,0.451,0.339,0.23,7.52,0.339,3.837,0.451,0.113,0.451,0.34,8.46,5.64,0.71,11.28,0.2,3.76,57.21,30.15,21.27,63.46,59.43,41.26,55.94,48.99,54.23,50.13,51.84,46.81,29.2,43.89,0,0,0,0,0,0,0.0,0.0,0.0,0.0,0.0,33.01,3,3,4,52.28,4,Match_32,2025-01-10T23:37:57.940253+00:00,[],0,16,8,1,497,497,0,57.28,9,0,4.39,3,12,4,3,2,3,34,4,1,4,3,81.7,
"Santos, Aris",RB,897.57,32.43,69.56,29.61,34.49,24.88,substitute,Riverstone FC,71,0.0,0.0,0.0,0.0,72.23,58.32,0.0,0.0,0.0,0.0,0.0,0.0,0.0,57.78,47.53,0.0,0.0,0.0,0.0,0.0,49.74,70.57,61.95,61.29,42.85,43.0,77.48,13390,24.86,525,464,61,88.38,3,0.57,0,22.42,24,15,3,1,20.0,6.67,8,7,87.5,17,10,58.82,22,17,77.27,3,7,10,2,3,1,0,1.504,0.301,0.1,52.642,46.53,6.12,0.301,0.0,2.248,2.406,1.705,1.003,2.206,1.7,7.75,0.301,0.702,1.003,0.201,0.802,0.7,8.77,2.01,0.67,8.86,0.06,5.9,39.76,49.16,28.22,20.14,61.41,69.99,51.15,40.64,65.4,45.74,45.48,61.34,61.96,77.48,0,0,0,0,0,0,0.0,0.0,0.0,0.0,0.0,35.17,2,3,1,28.51,15,Match_87,2025-05-07T05:44:55.940253+00:00,[],0,15,3,1,525,464,61,67.87,3,0,4.41,2,17,10,22,17,3,7,10,2,8,7,28.25,
"Reyes, Laurence",LWB,1122.57,65.34,20.13,65.97,41.85,61.35,DNP,Riverstone FC,83,0.0,0.0,0.0,0.0,77.61,72.86,0.0,0.0,0.0,0.0,0.0,0.0,0.0,36.93,71.84,0.0,0.0,0.0,0.0,0.0,48.04,60.64,38.39,49.04,57.87,35.44,44.12,7092,10.53,179,169,10,94.41,3,1.68,0,7.86,7,16,1,2,6.25,12.5,13,12,92.31,100,31,31.0,15,11,73.33,7,18,5,1,1,2,0,1.283,0.08,0.16,14.351,13.55,0.8,0.241,0.0,0.63,0.561,8.017,2.485,1.203,0.88,5.88,0.561,1.443,0.401,0.08,1.042,0.96,7.4,0.5,1.0,7.57,0.13,2.49,64.35,52.84,49.66,68.04,62.37,33.42,37.72,67.02,49.31,47.62,40.89,28.94,51.23,57.61,0,0,0,0,0,0,0.0,0.0,0.0,0.0,0.0,68.81,2,1,4,88.57,4,Match_346,2025-01-03T00:59:23.941249+00:00,[],0,16,1,2,179,169,10,77.99,3,0,2.69,1,100,31,15,11,7,18,5,1,13,12,33.82,
"Digal, Diegocarl",CAM,1350.0,62.63,73.19,71.61,48.47,76.47,starter,National University,68,0.0,0.0,0.0,0.0,41.32,42.65,0.0,0.0,0.0,0.0,0.0,0.0,0.0,46.24,74.03,0.0,0.0,0.0,0.0,0.0,41.66,47.98,35.92,43.43,65.89,70.82,68.69,14335,17.7,1016,984,32,96.85,3,0.3,0,8.83,36,18,11,1,61.11,5.56,23,11,47.83,24,2,8.33,13,7,53.85,3,23,4,0,2,2,0,1.2,0.733,0.067,67.733,65.6,2.13,0.2,0.0,0.589,2.4,1.6,0.133,0.867,0.47,3.59,0.2,1.533,0.267,0.0,1.533,0.73,3.19,4.07,0.37,6.46,0.02,0.56,65.41,63.17,38.26,55.09,70.03,34.91,20.72,51.61,41.2,72.68,77.53,32.31,57.08,27.43,0,0,0,0,0,0,0.0,0.0,0.0,0.0,0.0,46.12,1,1,3,30.06,9,Match_318,2025-03-18T17:04:38.942245+00:00,[],0,18,11,1,1016,984,32,28.51,3,0,3.46,3,24,2,13,7,3,23,4,0,23,11,88.35,
"Ladines, Marvin",RWB,730.53,46.98,49.3,79.02,20.93,74.83,starter,Lyceum,4,0.0,0.0,0.0,0.0,31.91,48.94,0.0,0.0,0.0,0.0,0.0,0.0,0.0,77.03,31.72,0.0,0.0,0.0,0.0,0.0,70.71,65.36,50.07,78.79,56.42,36.53,30.51,2664,6.08,564,356,208,63.12,11,1.95,0,11.29,0,11,3,1,27.27,9.09,10,10,100.0,33,13,39.39,4,3,75.0,2,5,3,1,1,1,0,1.355,0.37,0.123,69.484,43.86,25.63,1.355,0.0,1.391,0.0,4.066,1.602,0.493,0.37,9.24,0.246,0.616,0.37,0.123,1.232,1.23,12.32,3.36,1.12,7.78,0.24,4.85,75.09,39.31,76.6,51.13,71.24,75.03,53.11,26.07,27.46,50.67,60.06,68.67,53.88,64.76,0,0,0,0,0,0,0.0,0.0,0.0,0.0,0.0,42.8,4,3,2,85.53,6,Match_114,2025-05-29T20:36:40.942245+00:00,[],0,11,3,1,564,356,208,28.11,11,0,4.76,1,33,13,4,3,2,5,3,1,10,10,65.09,
"Santos, Aris",RB,808.38,61.32,70.46,35.34,23.42,49.26,starter,Coastal Town,27,0.0,0.0,0.0,0.0,62.21,52.23,0.0,0.0,0.0,0.0,0.0,0.0,0.0,52.08,38.17,0.0,0.0,0.0,0.0,0.0,70.04,35.47,75.13,50.01,35.31,34.78,74.68,15965,32.92,646,445,201,68.89,14,2.17,2,8.75,21,25,10,0,40.0,0.0,3,3,100.0,36,16,44.44,0,0,65.43,2,5,12,1,2,2,0,2.783,1.113,0.0,71.922,49.54,22.38,1.559,0.223,0.974,2.338,4.008,1.781,0.0,65.83,7.28,0.223,0.557,1.336,0.111,0.334,0.33,11.13,4.45,36.61,7.67,0.24,4.95,57.37,78.35,20.51,76.87,49.14,57.86,32.67,44.85,68.65,54.84,72.75,73.77,37.21,75.17,0,0,0,0,0,0,0.0,0.0,0.0,0.0,0.0,46.36,7,1,2,48.03,13,Match_129,2025-09-06T22:25:48.943253+00:00,[],0,25,10,0,646,445,201,79.36,14,2,3.85,2,36,16,0,0,2,5,12,1,3,3,71.47,
"Digal, Diegocarl",RW,721.78,67.36,38.83,78.52,39.25,75.22,substitute,Southgate United,3,0.0,0.0,0.0,0.0,66.98,61.1,0.0,0.0,0.0,0.0,0.0,0.0,0.0,77.31,69.8,0.0,0.0,0.0,0.0,0.0,73.44,50.74,53.37,49.33,40.55,42.4,34.31,13648,31.51,431,18,413,4.18,10,2.32,1,10.77,40,34,18,0,52.94,0.0,29,9,31.03,7,2,28.57,8,6,75.0,4,6,6,1,1,1,0,4.24,2.244,0.0,53.742,2.24,51.5,1.247,0.125,1.343,4.988,0.873,0.249,0.998,0.75,9.35,0.499,0.748,0.748,0.125,3.616,1.12,3.87,6.6,57.28,0.52,0.29,3.56,52.23,54.1,65.21,67.38,70.99,52.38,68.04,76.05,35.78,39.31,39.6,62.24,79.93,64.65,0,0,0,0,0,0,0.0,0.0,0.0,0.0,0.0,55.27,4,3,1,39.57,6,Match_81,2025-01-02T12:26:31.944256+00:00,[],0,34,18,0,431,18,413,36.54,10,1,4.17,0,7,2,8,6,4,6,6,1,29,9,57.25,
"Digal, Diegocarl",RB,876.04,53.55,70.57,67.01,36.31,46.0,starter,Coastal Town,3,0.0,0.0,0.0,0.0,50.33,49.63,0.0,0.0,0.0,0.0,0.0,0.0,0.0,46.75,31.01,0.0,0.0,0.0,0.0,0.0,75.85,43.82,63.99,57.65,56.11,79.24,34.31,12013,22.85,167,95,72,56.89,4,2.4,0,11.33,10,17,5,1,29.41,5.88,9,8,88.89,40,22,55.0,16,8,50.0,3,16,4,1,1,1,0,1.746,0.514,0.103,17.157,9.76,7.4,0.411,0.0,1.164,1.027,4.109,2.26,1.644,0.82,5.14,0.308,1.644,0.411,0.103,0.925,0.82,9.13,3.02,0.6,5.84,0.25,5.65,38.56,35.44,78.58,20.81,73.37,22.24,37.57,44.74,70.96,35.12,47.72,51.71,32.66,63.91,0,0,0,0,0,0,0.0,0.0,0.0,0.0,0.0,74.49,1,1,5,50.64,12,Match_184,2025-10-04T06:53:25.944256+00:00,[],0,17,5,1,167,95,72,70.06,4,0,3.45,2,40,22,16,8,3,16,4,1,9,8,79.04,
"Libarnes, Jaro",RB,856.28,63.79,35.4,57.92,61.03,48.86,DNP,Lakeside Athletic,10,0.0,0.0,0.0,0.0,79.59,75.19,0.0,0.0,0.0,0.0,0.0,0.0,0.0,40.4,38.82,0.0,0.0,0.0,0.0,0.0,57.49,71.34,51.04,51.36,30.34,56.8,78.74,13583,26.44,205,189,16,92.2,6,2.93,1,11.61,5,14,4,0,28.57,0.0,7,7,100.0,58,36,62.07,21,0,0.0,4,0,6,3,1,0,0,1.471,0.42,0.0,21.547,19.86,1.68,0.631,0.105,1.22,0.526,6.096,3.784,2.207,61.2,45.04,0.42,0.0,0.631,0.315,0.736,0.74,10.51,3.0,45.5,9.69,0.31,6.52,68.24,71.41,78.24,59.68,72.69,69.11,69.99,26.09,22.39,77.75,33.72,69.38,62.04,27.3,0,0,0,0,0,0,0.0,0.0,0.0,0.0,0.0,77.96,3,4,4,85.19,2,Match_212,2025-03-03T05:35:32.945256+00:00,[],0,14,4,0,205,189,16,69.38,6,1,1.32,3,58,36,21,0,4,0,6,3,7,7,46.88,
"Digal, Laurence",RW,1314.06,70.47,54.52,38.34,73.34,54.47,substitute,Lyceum,68,0.0,0.0,0.0,0.0,54.65,31.59,0.0,0.0,0.0,0.0,0.0,0.0,0.0,31.38,67.85,0.0,0.0,0.0,0.0,0.0,32.66,51.4,47.18,74.91,45.52,61.62,38.08,18253,23.15,797,493,304,61.86,3,0.38,0,21.51,36,1,0,0,0.0,0.0,13,13,100.0,21,14,66.67,24,22,91.67,6,24,5,1,1,2,0,0.068,0.0,0.0,54.587,33.77,20.82,0.205,0.0,1.473,2.466,1.438,0.959,1.644,1.51,6.28,0.411,1.644,0.342,0.068,0.89,0.89,6.85,48.67,39.05,4.24,0.03,4.57,38.57,40.39,65.64,52.66,73.82,34.08,78.23,54.8,58.66,37.35,64.49,68.03,49.66,21.1,0,0,0,0,0,0,0.0,0.0,0.0,0.0,0.0,36.84,2,2,5,43.48,13,Match_335,2025-05-18T10:48:12.946252+00:00,[],0,1,0,0,797,493,304,73.11,3,0,2.13,2,21,14,24,22,6,24,5,1,13,13,39.6,
"Moleje, Josh",LWB,662.57,66.93,27.57,54.61,58.92,32.64,substitute,University of Santo Tomas,49,0.0,0.0,0.0,0.0,31.13,52.19,0.0,0.0,0.0,0.0,0.0,0.0,0.0,54.44,33.88,0.0,0.0,0.0,0.0,0.0,48.34,73.91,36.96,66.39,49.28,76.69,39.42,9457,23.79,501,128,373,25.55,1,0.2,0,14.81,29,9,5,1,55.56,11.11,7,3,42.86,40,21,52.5,6,1,16.67,3,8,9,1,0,1,0,1.223,0.679,0.136,68.053,17.39,50.67,0.136,0.0,2.012,3.939,5.433,2.853,0.815,0.14,2.26,0.408,1.087,1.223,0.136,0.951,0.41,5.82,7.55,1.51,3.47,0.03,7.13,46.9,71.88,49.77,75.7,20.93,67.61,45.23,71.44,39.11,27.01,57.7,70.74,46.16,67.17,0,0,0,0,0,0,0.0,0.0,0.0,0.0,0.0,68.06,2,3,3,80.9,9,Match_293,2025-02-10T05:22:13.946252+00:00,[],0,9,5,1,501,128,373,52.32,1,0,1.03,1,40,21,6,1,3,8,9,1,7,3,55.48,
"Ybanez, Moimoi",ST,676.38,57.72,43.42,70.01,65.17,44.6,substitute,Crown City FC,86,0.0,0.0,0.0,0.0,61.65,40.81,0.0,0.0,0.0,0.0,0.0,0.0,0.0,45.61,47.86,0.0,0.0,0.0,0.0,0.0,40.01,72.9,79.18,54.77,73.85,74.96,66.82,3527,8.69,216,216,0,100.0,4,1.85,0,14.12,6,13,4,1,30.77,7.69,4,4,100.0,23,23,100.0,9,6,66.67,1,13,9,1,1,0,0,1.73,0.532,0.133,28.741,28.74,64.61,0.532,0.0,1.879,0.798,3.06,3.06,1.198,0.8,8.87,0.133,1.73,1.198,0.133,0.532,0.53,13.31,4.09,1.02,13.31,0.25,13.31,34.52,40.3,36.29,31.02,62.51,78.97,21.58,53.92,40.49,32.95,20.59,46.96,48.23,64.02,0,0,0,0,0,0,0.0,0.0,0.0,0.0,0.0,49.65,5,1,4,67.66,14,Match_105,2025-03-07T11:13:37.947261+00:00,[],0,13,4,1,216,216,0,87.41,4,0,4.59,2,23,23,9,6,1,13,9,1,4,4,51.48,
"Escodo, Edvard",LWB,872.58,65.1,45.94,33.44,49.74,66.86,DNP,Southgate United,51,0.0,0.0,0.0,0.0,34.54,59.42,0.0,0.0,0.0,0.0,0.0,0.0,0.0,56.34,58.89,0.0,0.0,0.0,0.0,0.0,72.28,71.9,36.14,62.26,66.73,51.92,75.23,12343,23.58,441,441,0,100.0,7,1.59,1,19.77,10,16,3,1,18.75,6.25,6,2,33.33,33,1,3.03,17,13,76.47,6,8,7,2,1,1,0,1.65,0.309,0.103,45.486,45.49,69.67,0.722,0.103,2.039,1.031,3.404,0.103,1.753,1.34,7.89,0.619,0.825,0.722,0.206,0.619,0.21,3.44,1.93,0.64,10.31,0.16,0.31,60.85,35.36,36.69,26.37,79.63,53.86,23.88,26.7,31.58,60.82,54.92,21.3,70.18,48.24,0,0,0,0,0,0,0.0,0.0,0.0,0.0,0.0,45.4,4,1,1,61.26,6,Match_321,2025-01-30T21:29:57.948252+00:00,[],0,16,3,1,441,441,0,21.12,7,1,0.62,4,33,1,17,13,6,8,7,2,6,2,43.85,
"Aningalan, Jul",CB,780.58,56.94,74.46,56.79,27.08,61.66,substitute,Westwood Athletic,74,0.0,0.0,0.0,0.0,76.44,75.21,0.0,0.0,0.0,0.0,0.0,0.0,0.0,79.5,59.58,0.0,0.0,0.0,0.0,0.0,76.84,50.41,65.13,46.62,58.0,52.03,68.49,11141,23.79,325,265,60,81.54,8,2.46,2,5.55,2,1,0,0,0.0,0.0,5,1,20.0,40,28,70.0,16,2,12.5,1,22,6,0,1,1,0,0.115,0.0,0.0,37.472,30.55,6.92,0.922,0.231,0.64,0.231,4.612,3.228,1.845,0.23,1.44,0.115,2.537,0.692,0.0,0.576,0.12,2.31,36.19,74.01,9.4,0.28,8.07,54.34,38.03,74.07,22.37,24.09,26.42,29.34,47.73,55.97,25.67,46.08,41.43,40.93,78.64,0,0,0,0,0,0,0.0,0.0,0.0,0.0,0.0,73.2,4,5,3,56.22,18,Match_181,2025-11-04T16:26:45.948252+00:00,[],0,1,0,0,325,265,60,20.16,8,2,4.5,5,40,28,16,2,1,22,6,0,5,1,32.18,
"Andrada, Vince",LWB,717.6,68.71,48.49,28.2,67.57,79.73,starter,Redwood Borough,23,0.0,0.0,0.0,0.0,76.32,39.97,0.0,0.0,0.0,0.0,0.0,0.0,0.0,40.83,77.44,0.0,0.0,0.0,0.0,0.0,66.46,40.6,78.75,79.31,57.57,45.38,51.58,12436,28.88,69,69,0,100.0,3,4.35,0,22.69,3,3,0,0,0.0,0.0,5,2,40.0,38,16,42.11,12,5,41.67,3,5,5,1,2,1,0,0.376,0.0,0.0,8.654,8.65,43.0,0.376,0.0,2.846,0.376,4.766,2.007,1.505,0.63,5.23,0.376,0.627,0.627,0.125,0.627,0.25,5.02,68.39,35.05,12.54,0.55,5.28,54.53,68.84,44.06,41.46,76.93,39.8,31.87,45.47,57.04,28.74,71.71,59.28,38.31,66.44,0,0,0,0,0,0,0.0,0.0,0.0,0.0,0.0,39.83,2,2,3,42.99,4,Match_261,2025-08-08T00:10:56.949251+00:00,[],0,3,0,0,69,69,0,78.34,3,0,0.78,7,38,16,12,5,3,5,5,1,5,2,38.25,
"Garces, Josh",CF,783.65,40.84,33.22,59.94,23.01,21.09,substitute,University of the Philippines,96,0.0,0.0,0.0,0.0,60.45,64.05,0.0,0.0,0.0,0.0,0.0,0.0,0.0,69.72,68.96,0.0,0.0,0.0,0.0,0.0,33.96,49.05,40.11,77.81,31.69,60.4,43.35,16175,34.4,369,244,125,66.12,5,1.36,1,13.3,26,25,9,1,36.0,4.0,8,4,50.0,24,1,4.17,14,12,85.71,5,16,2,1,3,2,0,2.871,1.034,0.115,42.379,28.02,14.36,0.574,0.115,1.527,2.986,2.756,0.115,1.608,1.38,9.84,0.574,1.838,0.23,0.115,0.919,0.46,5.74,4.13,0.46,7.59,0.16,0.48,21.21,24.65,73.75,47.61,26.14,24.14,55.71,68.27,34.96,61.31,47.38,79.3,30.8,41.86,0,0,0,0,0,0,0.0,0.0,0.0,0.0,0.0,38.45,1,4,5,60.42,4,Match_334,2025-03-08T15:30:41.949251+00:00,[],0,25,9,1,369,244,125,24.67,5,1,4.44,5,24,1,14,12,5,16,2,1,8,4,83.0,
"Dela Cruz, John",LB,1266.79,35.66,32.78,70.03,48.86,58.02,substitute,Hillcrest Athletic,57,0.0,0.0,0.0,0.0,75.51,47.47,0.0,0.0,0.0,0.0,0.0,0.0,0.0,48.96,76.95,0.0,0.0,0.0,0.0,0.0,57.89,33.25,33.83,39.84,35.04,73.53,58.05,4037,5.31,534,230,304,43.07,16,3.0,2,9.43,14,19,2,1,10.53,5.26,4,2,50.0,48,31,64.58,29,19,65.52,8,18,9,2,1,2,0,1.35,0.142,0.071,37.938,16.34,21.6,1.137,0.142,0.67,0.995,3.41,2.202,2.06,1.35,4.65,0.568,1.279,0.639,0.142,0.284,0.14,3.55,0.75,0.37,3.06,0.21,4.59,22.66,70.49,72.49,25.86,72.87,37.37,30.31,29.39,69.63,78.77,56.99,29.48,71.9,76.96,0,0,0,0,0,0,0.0,0.0,0.0,0.0,0.0,52.9,1,5,3,51.55,13,Match_130,2025-10-22T12:10:26.950252+00:00,[],0,19,2,1,534,230,304,78.89,16,2,4.39,3,48,31,29,19,8,18,9,2,4,2,48.97,
"Labrador, Sean",RW,1350.0,27.91,77.85,48.92,56.03,31.43,DNP,Eastview Rangers,53,0.0,0.0,0.0,0.0,36.84,33.58,0.0,0.0,0.0,0.0,0.0,0.0,0.0,78.36,63.17,0.0,0.0,0.0,0.0,0.0,79.81,36.88,68.8,50.99,66.67,74.34,65.44,25493,31.47,390,306,84,78.46,9,2.31,2,10.78,27,48,27,0,56.25,0.0,27,1,3.7,21,18,85.71,28,11,39.29,6,11,1,1,3,3,0,3.2,1.8,0.0,26.0,20.4,5.6,0.6,0.133,0.719,1.8,1.4,1.2,1.867,0.73,2.62,0.4,0.733,0.067,0.067,1.8,0.07,0.25,3.75,39.79,5.23,0.15,5.71,73.32,71.74,67.8,78.87,49.66,49.08,46.22,22.98,39.64,74.77,70.56,39.94,28.98,48.33,0,0,0,0,0,0,0.0,0.0,0.0,0.0,0.0,43.0,4,1,3,53.62,8,Match_25,2025-10-07T17:44:19.951252+00:00,[],0,48,27,0,390,306,84,79.89,9,2,0.09,3,21,18,28,11,6,11,1,1,27,1,40.05,
"Valdez, Alysa",GK,794.67,61.9,42.88,77.45,73.26,35.76,starter,Metro FC,63,0.0,0.0,0.0,0.0,78.3,67.92,0.0,0.0,0.0,0.0,0.0,0.0,0.0,44.57,66.78,0.0,0.0,0.0,0.0,0.0,42.81,69.67,71.7,43.88,34.28,40.35,54.7,3856,8.09,281,281,0,100.0,7,2.49,0,8.6,11,0,0,0,27.64,5.29,7,2,28.57,11,11,100.0,9,6,66.67,3,12,5,1,1,2,0,0.0,0.0,0.0,31.825,31.82,42.48,0.793,0.0,0.974,1.246,1.246,1.246,1.019,0.68,7.55,0.34,1.359,0.566,0.113,0.793,0.23,3.24,3.13,0.6,11.33,0.28,11.33,64.05,25.48,37.94,79.01,64.8,57.45,75.46,65.95,64.92,49.62,57.75,51.8,23.64,40.79,44,17,27,38.64,44,27,1.925,3.058,4.983,4.983,3.058,4.38,3,4,5,70.2,10,Match_80,2025-09-04T00:30:33.951774+00:00,[],0,0,0,0,281,281,0,53.01,7,0,0.72,3,11,11,9,6,3,12,5,1,7,2,40.29,
"Libarnes, Jaro",LW,672.35,68.28,67.01,39.35,21.76,49.66,starter,Mapúa University,16,0.0,0.0,0.0,0.0,71.62,36.96,0.0,0.0,0.0,0.0,0.0,0.0,0.0,67.56,54.74,0.0,0.0,0.0,0.0,0.0,36.96,35.43,46.38,46.28,32.38,45.26,63.45,11663,28.91,192,17,175,8.85,1,0.52,0,7.41,9,33,13,1,39.39,3.03,7,3,42.86,23,12,52.17,7,7,100.0,3,2,3,1,2,1,0,4.417,1.74,0.134,25.701,2.28,23.43,0.134,0.0,0.992,1.205,3.079,1.606,0.937,0.94,13.39,0.402,0.268,0.402,0.134,0.937,0.4,5.74,5.27,0.41,1.18,0.07,6.98,20.83,61.27,72.24,40.87,77.69,62.62,52.21,20.36,73.95,74.76,53.22,30.74,37.04,42.06,0,0,0,0,0,0,0.0,0.0,0.0,0.0,0.0,45.63,4,1,4,23.97,18,Match_243,2025-08-21T00:20:37.951774+00:00,[],0,33,13,1,192,17,175,57.59,1,0,1.64,5,23,12,7,7,3,2,3,1,7,3,39.42,
"Mapula, Paul Joshua",LW,764.31,54.2,36.06,37.19,47.92,72.7,substitute,City United,76,0.0,0.0,0.0,0.0,49.42,61.33,0.0,0.0,0.0,0.0,0.0,0.0,0.0,51.7,32.99,0.0,0.0,0.0,0.0,0.0,70.44,48.55,58.23,31.05,61.27,44.74,44.18,16029,34.95,245,155,90,63.27,1,0.41,0,24.6,10,35,7,1,20.0,2.86,4,2,50.0,10,2,20.0,21,15,71.43,2,13,11,2,2,2,0,4.121,0.824,0.118,28.85,18.25,10.6,0.118,0.0,2.897,1.178,1.178,0.236,2.473,1.77,8.41,0.236,1.531,1.295,0.236,0.471,0.24,5.89,2.36,0.34,7.45,0.05,2.36,43.46,64.07,52.0,71.63,21.76,30.58,66.45,40.53,44.3,27.74,51.93,44.9,64.58,71.58,0,0,0,0,0,0,0.0,0.0,0.0,0.0,0.0,77.52,1,2,2,22.23,15,Match_123,2025-05-26T21:48:31.952798+00:00,[],0,35,7,1,245,155,90,54.12,1,0,1.09,6,10,2,21,15,2,13,11,2,4,2,82.03,
"Taberos, Earl",ST,1072.89,37.17,71.7,50.81,31.28,28.66,starter,Harborview United,47,0.0,0.0,0.0,0.0,46.11,54.42,0.0,0.0,0.0,0.0,0.0,0.0,0.0,30.08,69.14,0.0,0.0,0.0,0.0,0.0,40.07,73.49,56.66,39.69,58.71,62.57,79.89,19702,30.61,822,526,296,63.99,0,0.0,0,17.93,19,41,33,2,80.49,4.88,19,11,57.89,18,18,100.0,10,2,20.0,4,10,10,1,1,2,0,3.439,2.768,0.168,68.954,44.12,24.83,0.0,0.0,1.504,1.594,1.51,1.51,0.839,0.17,1.68,0.336,0.839,0.839,0.084,1.594,0.92,4.86,6.75,0.41,5.37,41.1,8.39,23.64,28.89,39.57,36.55,22.76,52.97,76.71,21.18,56.87,21.1,46.35,68.05,47.79,32.26,0,0,0,0,0,0,0.0,0.0,0.0,0.0,0.0,49.92,4,3,3,54.12,4,Match_381,2025-09-28T07:24:02.953788+00:00,[],0,41,33,2,822,526,296,82.97,0,0,0.97,2,18,18,10,2,4,10,10,1,19,11,41.73,
"Aningalan, Jul",ST,522.65,44.19,53.91,70.95,34.7,42.38,DNP,Coastal Town,5,0.0,0.0,0.0,0.0,69.37,49.55,0.0,0.0,0.0,0.0,0.0,0.0,0.0,40.08,36.93,0.0,0.0,0.0,0.0,0.0,70.87,77.74,55.57,31.03,46.68,47.62,77.56,10897,34.75,164,66,98,40.24,1,0.61,0,28.55,15,20,2,0,10.0,0.0,7,4,57.14,14,3,21.43,5,2,40.0,3,3,4,0,1,1,0,3.444,0.344,0.0,28.241,11.37,16.88,0.172,0.0,4.916,2.583,2.411,0.517,0.861,0.34,6.89,0.517,0.517,0.689,0.0,1.205,0.69,9.84,1.72,67.73,6.93,0.11,3.69,67.81,37.08,48.05,56.64,23.06,69.82,38.89,53.27,34.55,35.77,20.89,49.31,51.79,21.42,0,0,0,0,0,0,0.0,0.0,0.0,0.0,0.0,61.57,4,2,4,52.68,18,Match_122,2025-04-25T17:38:06.953788+00:00,[],0,20,2,0,164,66,98,52.09,1,0,2.67,1,14,3,5,2,3,3,4,0,7,4,35.88,
"Labrador, Sean",RB,940.12,41.47,35.17,24.84,68.06,53.17,substitute,University of the Philippines,25,0.0,0.0,0.0,0.0,37.39,53.9,0.0,0.0,0.0,0.0,0.0,0.0,0.0,65.64,32.43,0.0,0.0,0.0,0.0,0.0,63.54,44.64,48.55,78.18,78.83,69.56,49.63,16792,29.77,524,524,0,100.0,7,1.34,2,28.05,21,21,4,1,19.05,4.76,9,1,11.11,54,13,24.07,3,3,100.0,4,13,14,1,2,2,0,2.01,0.383,0.096,50.164,50.16,41.17,0.67,0.191,2.685,2.01,5.17,1.245,0.287,0.29,9.57,0.383,1.245,1.34,0.096,0.862,0.1,1.06,1.82,0.46,9.57,0.13,2.3,48.44,65.65,66.48,20.81,41.69,32.5,71.93,64.77,27.22,51.84,36.03,50.77,41.53,25.56,0,0,0,0,0,0,0.0,0.0,0.0,0.0,0.0,57.87,2,4,4,67.76,17,Match_98,2025-02-01T18:08:07.954788+00:00,[],0,21,4,1,524,524,0,46.49,7,2,0.53,4,54,13,3,3,4,13,14,1,9,1,27.21,
"Tabelin, Kirvy",RWB,868.19,35.18,32.31,70.72,56.94,28.21,substitute,Hillcrest Athletic,16,0.0,0.0,0.0,0.0,63.72,75.65,0.0,0.0,0.0,0.0,0.0,0.0,0.0,78.21,51.32,0.0,0.0,0.0,0.0,0.0,38.67,64.71,41.65,48.33,72.55,33.66,59.52,10590,20.33,953,132,821,13.85,8,0.84,0,13.57,54,10,4,0,40.0,0.0,9,5,55.56,16,10,62.5,4,4,100.0,4,14,6,3,2,3,0,1.037,0.415,0.0,98.792,13.68,85.11,0.829,0.0,1.407,5.598,1.659,1.037,0.415,0.41,10.37,0.415,1.451,0.622,0.311,0.933,0.52,5.76,4.15,47.97,1.44,0.09,6.48,38.78,79.31,24.17,33.31,45.82,54.72,72.18,45.84,32.45,45.65,60.68,31.7,59.47,74.07,0,0,0,0,0,0,0.0,0.0,0.0,0.0,0.0,34.38,1,5,1,43.78,9,Match_36,2025-07-27T23:39:21.955789+00:00,[],0,10,4,0,953,132,821,68.99,8,0,1.86,3,16,10,4,4,4,14,6,3,9,5,23.55,
"Santos, Bel",GK,925.7,32.68,20.97,20.35,66.69,34.71,substitute,Crown City FC,85,0.0,0.0,0.0,0.0,62.95,74.76,0.0,0.0,0.0,0.0,0.0,0.0,0.0,50.69,61.1,0.0,0.0,0.0,0.0,0.0,53.24,53.85,58.57,61.19,47.16,58.38,69.28,11333,20.4,115,115,0,100.0,1,0.87,0,17.78,8,2,1,0,50.0,0.0,14,7,50.0,9,6,66.67,8,7,87.5,6,11,8,0,1,0,0,0.194,0.097,0.0,11.181,11.18,59.96,0.097,0.0,1.729,0.778,0.875,0.583,0.778,0.68,8.51,0.583,1.069,0.778,0.0,1.361,0.68,4.86,4.86,67.57,9.72,0.08,6.48,70.1,75.01,75.73,45.72,38.19,22.41,49.98,29.17,22.57,29.61,38.87,64.02,56.36,77.14,1,1,0,100.0,1,0,0.097,0.0,0.097,0.097,0.0,9.72,2,0,3,46.04,6,Match_31,2025-05-22T17:03:51.955789+00:00,[],0,2,1,0,115,115,0,52.6,1,0,4.14,5,9,6,8,7,6,11,8,0,14,7,88.77,
"Escodo, Bel",CDM,586.06,67.68,50.25,74.48,23.8,74.41,starter,Metro FC,52,0.0,0.0,0.0,0.0,54.77,35.46,0.0,0.0,0.0,0.0,0.0,0.0,0.0,77.17,62.37,0.0,0.0,0.0,0.0,0.0,59.23,63.42,47.04,65.29,67.6,69.46,43.32,2627,7.47,282,282,0,100.0,7,2.48,1,5.62,13,8,5,0,62.5,0.0,8,3,37.5,51,30,58.82,18,18,100.0,1,6,5,0,1,2,0,1.229,0.768,0.0,43.306,43.31,68.31,1.075,0.154,0.863,1.996,7.832,4.607,2.764,2.76,15.36,0.154,0.921,0.768,0.0,1.229,0.46,5.76,9.6,76.5,15.36,0.38,9.03,49.18,22.82,63.61,29.81,30.31,60.32,42.65,50.21,21.39,52.76,24.5,46.98,28.05,57.88,0,0,0,0,0,0,0.0,0.0,0.0,0.0,0.0,47.72,1,3,3,71.98,12,Match_143,2024-12-09T19:17:55.956789+00:00,[],0,8,5,0,282,282,0,33.5,7,1,1.4,2,51,30,18,18,1,6,5,0,8,3,37.99,
"Libarnes, Jaro",LWB,763.6,26.48,62.19,64.86,44.9,23.37,starter,Valley Rovers,89,0.0,0.0,0.0,0.0,37.45,39.05,0.0,0.0,0.0,0.0,0.0,0.0,0.0,78.6,47.77,0.0,0.0,0.0,0.0,0.0,35.92,35.46,37.33,53.54,55.61,51.85,61.62,1964,4.29,326,146,180,44.79,7,2.15,1,17.72,1,9,2,0,22.22,0.0,5,5,100.0,33,27,81.82,2,2,100.0,3,7,5,1,0,1,0,1.061,0.236,0.0,38.423,17.21,21.22,0.825,0.118,2.089,0.118,3.889,3.182,0.236,0.24,11.79,0.354,0.825,0.589,0.118,0.589,0.59,11.79,2.62,54.6,5.28,0.25,9.64,75.31,56.35,54.68,58.12,38.22,58.42,51.87,63.49,20.52,62.16,46.71,30.38,78.54,66.56,0,0,0,0,0,0,0.0,0.0,0.0,0.0,0.0,48.46,3,3,3,71.48,11,Match_61,2025-01-06T06:17:34.957788+00:00,[],0,9,2,0,326,146,180,32.56,7,1,2.35,4,33,27,2,2,3,7,5,1,5,5,31.32,
"Garces, Josh",CM,787.06,71.08,46.43,36.45,74.93,35.18,starter,Goldenfield Rovers,2,0.0,0.0,0.0,0.0,56.91,69.92,0.0,0.0,0.0,0.0,0.0,0.0,0.0,41.85,68.39,0.0,0.0,0.0,0.0,0.0,63.09,49.09,74.61,45.26,48.6,63.09,36.19,5358,11.35,548,305,243,55.66,5,0.91,3,14.45,25,12,1,1,8.33,8.33,5,2,40.0,23,12,52.17,16,1,6.25,1,21,6,2,0,1,0,1.372,0.114,0.114,62.664,34.88,27.79,0.572,0.343,1.652,2.859,2.63,1.372,1.83,0.11,0.71,0.114,2.401,0.686,0.229,0.572,0.23,4.57,0.95,0.95,6.36,0.1,5.97,20.81,26.9,46.53,37.66,78.23,28.33,55.99,61.88,50.66,39.0,45.65,57.87,38.97,40.62,0,0,0,0,0,0,0.0,0.0,0.0,0.0,0.0,60.17,3,6,3,25.61,11,Match_134,2025-02-27T20:50:42.957788+00:00,[],0,12,1,1,548,305,243,29.37,5,3,4.81,3,23,12,16,1,1,21,6,2,5,2,81.79,
"Andrada, Vince",CDM,999.81,36.33,44.09,49.83,58.49,23.11,starter,De La Salle University,8,0.0,0.0,0.0,0.0,30.49,46.09,0.0,0.0,0.0,0.0,0.0,0.0,0.0,73.53,35.0,0.0,0.0,0.0,0.0,0.0,48.08,50.94,42.78,52.22,51.06,45.99,65.05,1884,3.14,914,828,86,90.59,24,2.63,1,4.95,39,10,3,1,30.0,10.0,10,1,10.0,66,19,28.79,11,7,63.64,3,29,13,2,1,1,0,0.9,0.27,0.09,82.276,74.53,7.74,2.16,0.09,0.446,3.511,5.941,1.71,0.99,0.63,5.73,0.27,2.61,1.17,0.18,0.9,0.09,0.9,2.7,0.9,8.15,0.24,2.59,74.83,32.05,59.11,24.75,38.32,66.32,29.66,28.74,33.91,41.94,58.85,21.89,63.78,28.92,0,0,0,0,0,0,0.0,0.0,0.0,0.0,0.0,74.32,4,5,3,37.79,13,Match_220,2025-09-23T18:19:14.958788+00:00,[],0,10,3,1,914,828,86,48.38,24,1,4.02,3,66,19,11,7,3,29,13,2,10,1,22.74,
"Acebedo, James",ST,517.6,52.5,50.39,73.58,61.19,69.47,starter,Westwood Athletic,87,0.0,0.0,0.0,0.0,71.28,45.52,0.0,0.0,0.0,0.0,0.0,0.0,0.0,54.31,43.08,0.0,0.0,0.0,0.0,0.0,70.92,57.71,37.79,71.1,66.35,74.0,50.16,5957,19.18,378,271,107,71.69,5,1.32,1,20.62,10,2,0,0,0.0,0.0,22,12,54.55,15,5,33.33,6,5,83.33,1,9,4,0,1,2,0,0.348,0.0,0.0,65.726,47.12,18.61,0.869,0.174,3.585,1.739,2.608,0.869,1.043,0.87,14.49,0.174,1.565,0.696,0.0,3.825,2.09,9.49,41.13,57.24,12.47,0.23,5.8,23.39,66.42,31.9,26.54,79.51,42.41,66.45,43.99,73.2,22.75,46.85,57.63,60.73,44.24,0,0,0,0,0,0,0.0,0.0,0.0,0.0,0.0,79.17,6,2,4,58.43,19,Match_213,2025-11-07T22:23:49.959788+00:00,[],0,2,0,0,378,271,107,33.15,5,1,2.1,4,15,5,6,5,1,9,4,0,22,12,76.1,
"Santos, Marco",CDM,1196.61,34.61,70.31,74.19,52.97,63.27,substitute,Riverstone FC,46,0.0,0.0,0.0,0.0,50.02,44.89,0.0,0.0,0.0,0.0,0.0,0.0,0.0,50.54,46.8,0.0,0.0,0.0,0.0,0.0,36.36,73.7,76.33,35.71,32.83,41.28,54.37,9142,12.73,762,407,355,53.41,16,2.1,4,6.57,42,11,9,4,81.82,36.36,19,9,47.37,54,15,27.78,20,20,100.0,8,12,15,1,1,1,0,0.827,0.677,0.301,57.312,30.61,26.7,1.203,0.301,0.494,3.159,4.061,1.128,1.504,1.5,7.52,0.602,0.903,1.128,0.075,1.429,0.68,3.56,6.15,2.73,4.02,0.16,2.09,40.6,55.97,74.02,49.61,38.99,75.92,31.24,35.62,24.19,40.66,39.39,77.74,77.87,64.27,0,0,0,0,0,0,0.0,0.0,0.0,0.0,0.0,66.71,2,2,4,55.75,13,Match_326,2025-07-10T06:17:58.959788+00:00,[],0,11,9,4,762,407,355,37.45,16,4,3.05,1,54,15,20,20,8,12,15,1,19,9,21.82,
"Digal, Hugo",LB,873.59,49.04,67.23,67.35,68.33,32.67,starter,Mapúa University,80,0.0,0.0,0.0,0.0,33.77,72.3,0.0,0.0,0.0,0.0,0.0,0.0,0.0,75.17,50.17,0.0,0.0,0.0,0.0,0.0,44.19,65.07,47.06,48.83,77.7,46.39,65.01,18764,35.8,933,597,336,63.99,14,1.5,2,7.35,50,14,5,1,35.71,7.14,13,5,38.46,60,39,65.0,4,4,100.0,4,19,1,1,4,0,0,1.442,0.515,0.103,96.121,61.5,34.62,1.442,0.206,0.757,5.151,6.181,4.018,0.412,0.41,10.3,0.412,1.957,0.103,0.103,1.339,0.52,3.96,3.68,0.74,6.59,0.15,6.7,66.41,26.17,67.71,44.6,57.67,67.53,72.22,21.31,55.79,46.54,37.49,79.06,56.82,29.9,0,0,0,0,0,0,0.0,0.0,0.0,0.0,0.0,31.67,1,1,4,70.36,5,Match_49,2025-11-13T08:49:31.960792+00:00,[],0,14,5,1,933,597,336,82.81,14,2,1.27,2,60,39,4,4,4,19,1,1,13,5,52.57,
"Bacnis, Hugo",RWB,1096.72,59.59,50.85,21.21,71.2,32.99,starter,Crown City FC,60,0.0,0.0,0.0,0.0,39.63,63.81,0.0,0.0,0.0,0.0,0.0,0.0,0.0,64.75,43.75,0.0,0.0,0.0,0.0,0.0,54.79,34.09,35.1,42.43,59.71,54.05,53.75,6002,9.12,763,739,24,96.85,23,3.01,3,12.02,21,24,6,1,25.0,4.17,15,5,33.33,48,6,12.5,19,11,57.89,6,17,8,1,2,2,0,1.97,0.492,0.082,62.614,60.64,1.97,1.887,0.246,0.986,1.723,3.939,0.492,1.559,0.9,4.75,0.492,1.395,0.657,0.082,1.231,0.41,2.74,2.05,0.34,7.95,0.25,1.03,76.4,34.36,39.73,58.91,34.32,75.98,52.39,67.01,74.98,71.41,57.16,64.55,32.56,61.46,0,0,0,0,0,0,0.0,0.0,0.0,0.0,0.0,56.86,3,3,4,57.93,14,Match_387,2025-05-10T22:29:38.960792+00:00,[],0,24,6,1,763,739,24,56.86,23,3,0.32,4,48,6,19,11,6,17,8,1,15,5,36.85,
"Unabia, Mark",ST,665.48,41.74,29.18,77.47,49.76,51.52,DNP,Far Eastern University,55,0.0,0.0,0.0,0.0,34.5,58.73,0.0,0.0,0.0,0.0,0.0,0.0,0.0,62.05,35.03,0.0,0.0,0.0,0.0,0.0,31.51,35.65,50.38,63.07,48.55,49.79,50.53,12150,30.43,56,10,46,17.86,1,1.79,0,6.83,3,9,3,1,33.33,11.11,5,5,100.0,1,1,100.0,8,8,100.0,3,9,1,1,2,1,0,1.217,0.406,0.135,7.573,1.35,6.22,0.135,0.0,0.924,0.406,0.135,0.135,1.082,1.08,13.52,0.406,1.217,0.135,0.135,0.676,0.68,13.52,4.51,1.5,2.42,0.24,13.52,35.32,49.47,48.88,57.29,67.47,70.86,34.5,56.26,51.03,49.68,39.73,62.02,59.11,57.22,0,0,0,0,0,0,0.0,0.0,0.0,0.0,0.0,68.54,4,2,3,48.33,9,Match_80,2025-02-07T08:43:58.961789+00:00,[],0,9,3,1,56,10,46,77.99,1,0,1.81,4,1,1,8,8,3,9,1,1,5,5,74.28,
"Santos, Pius",LW,812.79,47.3,76.45,33.66,67.58,32.79,DNP,De La Salle University,83,0.0,0.0,0.0,0.0,67.95,72.01,0.0,0.0,0.0,0.0,0.0,0.0,0.0,76.89,64.02,0.0,0.0,0.0,0.0,0.0,40.37,52.59,36.27,78.82,40.55,65.04,76.93,16837,34.53,414,273,141,65.94,4,0.97,0,13.28,3,29,12,1,41.38,3.45,2,1,50.0,35,29,82.86,9,4,44.44,2,14,11,3,1,1,0,3.211,1.329,0.111,45.842,30.23,15.61,0.443,0.0,1.47,0.332,3.876,3.211,0.997,0.44,4.92,0.221,1.55,1.218,0.332,0.221,0.11,5.54,4.58,0.38,7.3,0.11,9.18,37.93,49.71,73.8,72.79,56.98,45.38,25.69,47.89,41.65,23.04,26.75,21.22,21.22,22.6,0,0,0,0,0,0,0.0,0.0,0.0,0.0,0.0,51.31,5,2,3,72.1,16,Match_96,2025-09-13T16:28:32.962784+00:00,[],0,29,12,1,414,273,141,39.53,4,0,0.65,5,35,29,9,4,2,14,11,3,2,1,38.5,
"Nemenzo, Sirach Ethan",CF,766.35,58.82,48.54,31.67,24.6,72.91,starter,Metro FC,66,0.0,0.0,0.0,0.0,47.35,69.27,0.0,0.0,0.0,0.0,0.0,0.0,0.0,40.79,55.36,0.0,0.0,0.0,0.0,0.0,64.25,68.93,75.47,50.74,61.01,75.87,38.54,14971,32.56,307,182,125,59.28,3,0.98,0,11.02,20,18,7,2,38.89,11.11,4,3,75.0,15,6,40.0,12,2,16.67,1,7,3,1,1,1,0,2.114,0.822,0.235,36.054,21.37,14.68,0.352,0.0,1.294,2.349,1.762,0.705,1.409,0.23,1.96,0.117,0.822,0.352,0.117,0.47,0.35,8.81,4.57,1.3,6.96,0.12,4.7,29.81,35.61,67.59,52.34,28.04,59.38,46.67,46.76,31.57,25.82,71.67,37.99,59.25,36.06,0,0,0,0,0,0,0.0,0.0,0.0,0.0,0.0,79.47,3,1,3,54.82,8,Match_86,2025-03-13T01:49:38.962784+00:00,[],0,18,7,2,307,182,125,67.69,3,0,2.21,3,15,6,12,2,1,7,3,1,4,3,64.49,
"Fernandez, Laurence",LW,1269.91,51.56,47.18,79.83,48.61,54.74,DNP,De La Salle University,84,0.0,0.0,0.0,0.0,31.66,74.3,0.0,0.0,0.0,0.0,0.0,0.0,0.0,47.41,56.37,0.0,0.0,0.0,0.0,0.0,56.41,76.94,40.82,35.94,46.16,79.78,50.59,3657,4.8,226,167,59,73.89,10,4.42,2,14.2,5,52,6,2,11.54,3.85,29,5,17.24,37,24,64.86,12,4,33.33,9,13,15,1,2,2,0,3.685,0.425,0.142,16.017,11.84,4.18,0.709,0.142,1.006,0.354,2.622,1.701,0.85,0.28,2.36,0.638,0.921,1.063,0.071,2.055,0.35,1.22,0.82,0.27,5.24,0.31,4.6,36.43,69.72,42.4,45.78,74.71,57.15,68.36,63.69,61.18,67.77,78.12,63.2,23.28,36.22,0,0,0,0,0,0,0.0,0.0,0.0,0.0,0.0,59.46,6,2,3,49.31,6,Match_381,2025-11-23T09:22:58.963794+00:00,[],0,52,6,2,226,167,59,30.35,10,2,3.05,3,37,24,12,4,9,13,15,1,29,5,81.25,
"Aningalan, Jul",CB,497.46,26.17,45.09,25.86,42.51,69.99,starter,Coastal Town,82,0.0,0.0,0.0,0.0,40.57,31.83,0.0,0.0,0.0,0.0,0.0,0.0,0.0,46.43,71.93,0.0,0.0,0.0,0.0,0.0,68.3,47.68,42.54,62.51,53.15,73.33,31.46,7021,23.52,83,83,0,100.0,2,2.41,0,20.88,6,10,1,1,10.0,10.0,3,1,33.33,12,8,66.67,11,2,18.18,1,8,4,0,1,1,0,1.809,0.181,0.181,15.016,15.02,62.55,0.362,0.0,3.778,1.086,2.171,1.447,1.99,0.36,3.29,0.181,1.447,0.724,0.0,0.543,0.18,6.03,1.81,1.81,18.09,0.44,12.06,33.22,70.25,47.77,70.18,67.43,39.32,66.56,72.42,29.89,55.78,77.06,62.56,24.22,73.46,0,0,0,0,0,0,0.0,0.0,0.0,0.0,0.0,69.37,3,4,2,49.26,15,Match_309,2025-11-16T19:24:38.964795+00:00,[],0,10,1,1,83,83,0,55.41,2,0,0.14,6,12,8,11,2,1,8,4,0,3,1,50.4,
"Lagaya, Rick Matthew",CM,865.42,55.25,75.81,33.14,50.79,65.06,starter,Far Eastern University,20,0.0,0.0,0.0,0.0,59.04,67.9,0.0,0.0,0.0,0.0,0.0,0.0,0.0,48.3,30.08,0.0,0.0,0.0,0.0,0.0,35.86,71.66,46.79,70.07,51.94,58.34,53.72,1862,3.59,814,814,0,100.0,20,2.46,2,22.1,64,11,6,1,54.55,9.09,4,2,50.0,17,6,35.29,14,1,7.14,5,13,5,2,1,1,0,1.144,0.624,0.104,84.653,84.65,71.76,2.08,0.208,2.298,6.656,1.768,0.624,1.456,0.1,0.74,0.52,1.352,0.52,0.208,0.416,0.21,5.2,5.67,0.95,10.4,0.26,3.67,52.46,38.66,48.15,70.97,52.35,74.38,29.19,66.66,47.32,57.3,79.17,64.45,52.27,45.85,0,0,0,0,0,0,0.0,0.0,0.0,0.0,0.0,69.57,5,4,3,47.21,8,Match_326,2025-04-06T20:29:31.964795+00:00,[],0,11,6,1,814,814,0,22.67,20,2,0.46,1,17,6,14,1,5,13,5,2,4,2,20.58,
"Mapula, Paul Vincent",LB,597.59,40.43,56.55,69.79,67.75,68.79,DNP,Harborview United,52,0.0,0.0,0.0,0.0,61.28,74.67,0.0,0.0,0.0,0.0,0.0,0.0,0.0,60.52,78.92,0.0,0.0,0.0,0.0,0.0,72.2,54.83,57.33,35.08,54.91,55.99,32.63,8482,23.66,479,479,0,100.0,3,0.63,0,5.63,32,11,1,1,9.09,9.09,5,5,100.0,28,20,71.43,13,9,69.23,2,16,8,0,1,1,0,1.657,0.151,0.151,72.14,72.14,64.86,0.452,0.0,0.848,4.819,4.217,3.012,1.958,1.36,10.43,0.301,2.41,1.205,0.0,0.753,0.75,15.06,1.37,1.37,15.06,0.09,10.76,58.44,46.96,45.21,39.56,54.07,60.21,30.06,68.61,33.0,26.35,74.38,44.5,34.15,79.0,0,0,0,0,0,0,0.0,0.0,0.0,0.0,0.0,64.86,3,1,2,45.3,11,Match_339,2025-09-16T03:56:26.965789+00:00,[],0,11,1,1,479,479,0,76.95,3,0,4.05,3,28,20,13,9,2,16,8,0,5,5,72.12,
"Abad, Ryan",LB,856.33,54.83,21.27,50.03,79.61,77.43,starter,Goldenfield Rovers,69,0.0,0.0,0.0,0.0,64.47,55.9,0.0,0.0,0.0,0.0,0.0,0.0,0.0,54.7,33.27,0.0,0.0,0.0,0.0,0.0,38.87,73.91,47.54,30.22,32.15,73.93,49.58,9126,17.76,631,631,0,100.0,10,1.58,1,29.2,22,6,3,0,50.0,0.0,6,4,66.67,61,19,31.15,19,6,31.58,3,18,7,1,3,1,0,0.631,0.315,0.0,66.318,66.32,35.56,1.051,0.105,3.069,2.312,6.411,1.997,1.997,0.63,3.32,0.315,1.892,0.736,0.105,0.631,0.42,7.01,5.25,56.95,10.51,0.17,3.27,23.0,45.36,75.33,24.36,77.68,37.49,71.61,45.73,58.32,72.27,43.32,26.17,65.55,61.09,0,0,0,0,0,0,0.0,0.0,0.0,0.0,0.0,51.1,2,5,3,28.4,18,Match_18,2025-10-26T11:51:11.966789+00:00,[],0,6,3,0,631,631,0,62.37,10,1,3.51,4,61,19,19,6,3,18,7,1,6,4,41.14,
"Moleje, Josh",CDM,597.21,40.51,38.22,75.79,45.16,58.72,starter,Far Eastern University,88,0.0,0.0,0.0,0.0,51.41,51.5,0.0,0.0,0.0,0.0,0.0,0.0,0.0,67.7,63.69,0.0,0.0,0.0,0.0,0.0,67.89,35.92,68.02,45.79,64.73,41.47,40.95,12593,35.14,698,698,0,100.0,12,1.72,1,16.31,4,2,1,0,50.0,0.0,3,1,33.33,14,8,57.14,8,7,87.5,3,7,4,0,1,0,0,0.301,0.151,0.0,105.189,100.0,55.38,1.808,0.151,2.458,0.603,2.11,1.206,1.206,1.05,13.19,0.452,1.055,0.603,0.0,0.452,0.15,5.02,7.54,47.07,15.07,0.26,8.61,26.03,36.23,77.92,40.77,50.36,32.71,79.72,24.52,54.36,24.97,28.18,71.67,44.21,32.74,0,0,0,0,0,0,0.0,0.0,0.0,0.0,0.0,40.39,3,3,1,65.23,13,Match_307,2025-05-26T11:41:16.966789+00:00,[],0,2,1,0,698,698,0,65.05,12,1,0.07,4,14,8,8,7,3,7,4,0,3,1,81.86,
"Mapula, Paul Vincent",CF,640.35,32.85,76.11,48.23,20.84,65.49,substitute,City United,32,0.0,0.0,0.0,0.0,71.7,35.7,0.0,0.0,0.0,0.0,0.0,0.0,0.0,38.45,59.61,0.0,0.0,0.0,0.0,0.0,40.66,48.88,76.86,77.23,54.42,32.66,35.83,10651,27.72,69,0,69,0.0,2,2.9,0,8.31,4,18,6,1,33.33,5.56,3,1,33.33,11,3,27.27,16,16,100.0,4,4,4,2,3,1,0,2.53,0.843,0.141,9.698,53.32,9.7,0.281,0.0,1.168,0.562,1.546,0.422,2.249,2.25,14.05,0.562,0.562,0.562,0.281,0.422,0.14,4.68,4.68,0.78,41.56,0.41,3.83,56.59,34.53,47.77,73.83,68.95,28.98,78.84,33.22,36.73,35.07,28.68,64.33,54.14,67.86,0,0,0,0,0,0,0.0,0.0,0.0,0.0,0.0,30.86,2,2,3,21.34,1,Match_276,2025-11-29T20:47:20.967789+00:00,[],0,18,6,1,69,0,69,33.54,2,0,1.79,3,11,3,16,16,4,4,4,2,3,1,75.24,
"Espana, Dave",CF,1096.66,35.88,21.17,23.63,41.12,27.98,substitute,Lakeside Athletic,93,0.0,0.0,0.0,0.0,71.9,77.39,0.0,0.0,0.0,0.0,0.0,0.0,0.0,73.02,67.41,0.0,0.0,0.0,0.0,0.0,71.98,56.98,43.25,65.42,67.13,30.59,34.07,6816,10.36,691,511,180,73.95,11,1.59,1,27.52,20,71,17,3,23.94,4.23,2,1,50.0,36,29,80.56,7,3,42.86,4,24,2,1,1,2,0,5.827,1.395,0.246,56.709,41.94,14.77,0.903,0.082,2.258,1.641,2.954,2.38,0.574,0.25,3.52,0.328,1.97,0.164,0.082,0.164,0.08,4.1,1.96,0.35,6.07,0.13,6.61,60.59,45.08,65.34,76.22,59.86,78.32,79.62,42.4,21.21,25.06,31.88,28.14,76.47,64.84,0,0,0,0,0,0,0.0,0.0,0.0,0.0,0.0,39.88,1,1,1,65.95,2,Match_60,2025-08-27T06:12:27.968789+00:00,[],0,71,17,3,691,511,180,30.07,11,1,4.71,5,36,29,7,3,4,24,2,1,2,1,46.95,
"Garces, Josh",CDM,1027.35,59.4,41.83,31.72,58.71,67.53,substitute,2 Worlds FC,58,0.0,0.0,0.0,0.0,59.06,44.01,0.0,0.0,0.0,0.0,0.0,0.0,0.0,30.85,46.32,0.0,0.0,0.0,0.0,0.0,31.98,42.26,59.42,51.27,79.15,39.08,50.8,3013,4.89,502,128,374,25.5,5,1.0,1,5.95,8,1,0,0,0.0,0.0,5,1,20.0,63,39,61.9,11,2,18.18,5,17,4,1,3,0,0,0.088,0.0,0.0,43.977,11.21,32.76,0.438,0.088,0.521,0.701,5.519,3.417,0.964,0.18,1.59,0.438,1.489,0.35,0.088,0.438,0.09,1.75,69.18,40.5,2.23,0.09,5.42,43.34,68.39,39.93,29.51,39.66,43.01,76.36,29.19,52.5,72.61,32.33,36.84,44.47,35.38,0,0,0,0,0,0,0.0,0.0,0.0,0.0,0.0,64.07,4,4,2,70.91,7,Match_368,2025-03-29T14:51:01.968789+00:00,[],0,1,0,0,502,128,374,64.91,5,1,2.19,6,63,39,11,2,5,17,4,1,5,1,69.21,
"Bacaycay, Kurt",LW,883.29,41.65,77.21,65.34,74.77,38.96,starter,Metro FC,77,0.0,0.0,0.0,0.0,61.67,35.68,0.0,0.0,0.0,0.0,0.0,0.0,0.0,76.59,47.35,0.0,0.0,0.0,0.0,0.0,39.26,30.66,62.83,63.21,72.31,76.86,76.62,10261,19.36,156,134,22,85.9,3,1.92,0,26.99,8,25,5,2,20.0,8.0,35,18,51.43,19,0,0.0,10,7,70.0,8,1,8,1,1,2,0,2.547,0.509,0.204,15.895,13.65,2.24,0.306,0.0,2.75,0.815,1.936,0.0,1.019,0.71,7.13,0.815,0.102,0.815,0.102,3.566,1.83,5.24,2.04,0.82,8.75,0.2,73.06,22.07,54.88,56.81,24.4,32.86,30.09,51.72,56.87,60.51,69.38,60.64,76.59,73.38,65.58,0,0,0,0,0,0,0.0,0.0,0.0,0.0,0.0,74.16,1,3,2,46.71,8,Match_106,2025-03-30T12:00:39.969788+00:00,[],0,25,5,2,156,134,22,83.49,3,0,3.52,6,19,0,10,7,8,1,8,1,35,18,79.64,
"Lagaya, Rick Matthew",CF,593.47,60.76,24.56,75.33,23.29,38.27,DNP,Harborview United,10,0.0,0.0,0.0,0.0,35.12,64.54,0.0,0.0,0.0,0.0,0.0,0.0,0.0,58.76,77.55,0.0,0.0,0.0,0.0,0.0,53.86,56.47,42.15,64.14,75.08,53.2,70.34,2001,5.62,448,448,0,100.0,4,0.89,0,16.03,5,8,1,3,12.5,37.5,2,1,50.0,13,10,76.92,10,2,20.0,2,9,3,0,1,1,0,1.213,0.152,0.455,67.939,67.94,64.81,0.607,0.0,2.431,0.758,1.971,1.517,1.517,0.3,3.03,0.303,1.365,0.455,0.0,0.303,0.15,7.58,1.9,5.69,15.17,0.13,11.66,50.75,37.82,34.44,66.27,79.0,54.2,49.29,77.51,42.55,62.96,35.69,27.03,27.29,65.55,0,0,0,0,0,0,0.0,0.0,0.0,0.0,0.0,65.48,3,0,1,37.37,3,Match_180,2025-01-25T08:48:57.969788+00:00,[],0,8,1,3,448,448,0,59.27,4,0,1.85,5,13,10,10,2,2,9,3,0,2,1,66.21,
"Tagara, Pedro",GK,1187.94,30.82,40.64,71.93,30.05,43.77,starter,San Beda University,34,0.0,0.0,0.0,0.0,35.31,53.02,0.0,0.0,0.0,0.0,0.0,0.0,0.0,51.47,49.69,0.0,0.0,0.0,0.0,0.0,72.49,71.49,46.37,44.19,77.67,43.22,63.67,7517,10.55,335,221,114,65.97,5,1.49,1,26.11,8,6,1,1,16.67,16.67,17,17,100.0,25,8,32.0,19,10,52.63,5,9,8,1,3,2,0,0.455,0.076,0.076,25.38,16.74,8.64,0.379,0.076,1.978,0.606,1.894,0.606,1.439,0.76,3.99,0.379,0.682,0.606,0.076,1.288,1.29,7.58,1.26,1.26,5.0,0.11,2.42,53.19,53.99,20.58,40.65,25.81,22.55,78.41,69.54,47.58,59.53,30.85,39.43,33.53,72.05,70,44,26,62.86,70,26,3.334,1.97,5.303,5.303,1.97,4.76,1,4,4,55.86,16,Match_45,2025-04-09T06:07:44.970783+00:00,[],0,6,1,1,335,221,114,39.03,5,1,3.96,4,25,8,19,10,5,9,8,1,17,17,71.48,
"Taberos, Earl",ST,950.92,67.15,54.57,42.67,27.17,34.66,DNP,Ateneo de Manila University,40,0.0,0.0,0.0,0.0,45.39,55.86,0.0,0.0,0.0,0.0,0.0,0.0,0.0,39.57,34.0,0.0,0.0,0.0,0.0,0.0,40.41,59.92,78.65,34.02,30.39,79.37,56.75,3454,6.05,459,459,0,100.0,6,1.31,1,25.9,11,45,14,4,31.11,8.89,21,21,100.0,16,9,56.25,15,6,40.0,6,13,7,1,2,2,0,4.259,1.325,0.379,43.442,43.44,46.23,0.568,0.095,2.451,1.041,1.514,0.852,1.42,0.57,3.79,0.568,1.23,0.663,0.095,1.988,1.99,9.46,2.94,0.84,9.46,0.12,5.32,72.71,41.79,24.48,63.75,40.28,32.42,59.45,21.76,43.75,32.18,71.9,76.05,70.09,69.62,0,0,0,0,0,0,0.0,0.0,0.0,0.0,0.0,68.45,3,1,3,23.88,3,Match_153,2025-12-04T05:05:29.971789+00:00,[],0,45,14,4,459,459,0,38.18,6,1,4.28,3,16,9,15,6,6,13,7,1,21,21,80.18,
"Mapula, Paul Joshua",LWB,1089.02,43.14,77.91,66.89,33.51,35.34,substitute,Mapúa University,51,0.0,0.0,0.0,0.0,67.02,52.27,0.0,0.0,0.0,0.0,0.0,0.0,0.0,58.95,71.21,0.0,0.0,0.0,0.0,0.0,65.78,42.87,47.86,39.82,34.75,78.57,44.86,15704,24.03,900,900,0,100.0,16,1.78,1,18.24,58,7,3,0,42.86,0.0,14,12,85.71,57,57,100.0,11,7,63.64,2,5,2,1,2,1,0,0.579,0.248,0.0,74.379,74.38,33.99,1.322,0.083,1.507,4.793,4.711,4.711,0.909,0.58,5.26,0.165,0.413,0.165,0.083,1.157,0.99,7.08,3.54,47.3,8.26,0.15,8.26,57.99,79.12,72.03,41.65,63.0,63.58,77.04,43.31,64.57,58.57,23.52,50.12,65.77,74.89,0,0,0,0,0,0,0.0,0.0,0.0,0.0,0.0,67.6,4,2,3,69.11,4,Match_195,2025-01-25T14:15:34.971789+00:00,[],0,7,3,0,900,900,0,70.12,16,1,4.33,4,57,57,11,7,2,5,2,1,14,12,85.46,
"Lood, Trevor",LWB,992.9,42.29,52.28,64.61,58.19,69.9,substitute,Westwood Athletic,56,0.0,0.0,0.0,0.0,63.87,67.15,0.0,0.0,0.0,0.0,0.0,0.0,0.0,52.6,31.4,0.0,0.0,0.0,0.0,0.0,68.19,57.75,61.63,55.0,37.01,54.38,66.92,4446,7.46,400,297,103,74.25,14,3.5,2,23.4,2,23,22,1,95.65,4.35,9,8,88.89,6,5,83.33,14,1,7.14,7,13,5,2,3,1,0,2.085,1.994,0.091,36.257,26.92,9.34,1.269,0.181,2.121,0.181,0.544,0.453,1.269,0.09,0.65,0.635,1.178,0.453,0.181,0.816,0.73,8.06,8.67,0.39,6.73,0.32,7.55,58.34,67.08,29.88,28.53,20.21,70.72,76.74,78.74,24.82,21.79,33.64,66.98,40.36,37.06,0,0,0,0,0,0,0.0,0.0,0.0,0.0,0.0,35.46,3,3,4,52.16,17,Match_123,2025-07-20T12:15:40.972795+00:00,[],0,23,22,1,400,297,103,84.18,14,2,3.5,3,6,5,14,1,7,13,5,2,9,8,66.12,
"Salingay, Sam",RW,893.18,26.24,51.24,29.57,39.4,58.7,starter,Summit Peak FC,79,0.0,0.0,0.0,0.0,54.46,76.95,0.0,0.0,0.0,0.0,0.0,0.0,0.0,38.83,44.59,0.0,0.0,0.0,0.0,0.0,50.13,30.14,55.55,38.47,37.88,63.6,47.6,11214,20.93,531,250,281,47.08,14,2.64,2,6.43,7,36,14,2,38.89,5.56,20,12,60.0,15,7,46.67,7,5,71.43,5,17,7,1,2,1,0,3.627,1.411,0.202,53.505,25.19,28.31,1.411,0.202,0.648,0.705,1.511,0.705,0.705,0.5,7.2,0.504,1.713,0.705,0.101,2.015,1.21,6.05,3.92,0.56,4.74,0.27,4.7,26.99,62.59,59.9,46.52,29.05,31.89,20.36,37.74,49.52,67.06,20.77,30.41,30.19,39.38,0,0,0,0,0,0,0.0,0.0,0.0,0.0,0.0,43.13,5,2,4,24.92,18,Match_281,2025-01-27T00:17:49.972795+00:00,[],0,36,14,2,531,250,281,24.06,14,2,0.05,3,15,7,7,5,5,17,7,1,20,12,53.96,
"Aningalan, Pius",CDM,268.21,64.07,76.55,37.09,36.67,44.53,DNP,Far Eastern University,8,0.0,0.0,0.0,0.0,77.4,41.89,0.0,0.0,0.0,0.0,0.0,0.0,0.0,54.38,44.09,0.0,0.0,0.0,0.0,0.0,37.73,70.6,49.0,68.6,78.35,30.85,51.47,4532,28.16,165,165,0,100.0,3,1.82,0,8.04,6,3,0,0,0.0,0.0,1,1,100.0,15,9,60.0,4,4,100.0,1,4,4,0,0,1,0,1.007,0.0,0.0,55.367,55.37,50.68,1.007,0.0,2.698,2.013,5.033,3.02,1.342,1.34,33.56,0.336,1.342,1.342,0.0,0.336,0.34,33.56,66.65,67.82,33.56,0.61,20.13,76.55,48.77,35.58,53.3,41.34,30.17,73.94,53.3,75.3,23.48,60.83,58.93,79.92,76.56,0,0,0,0,0,0,0.0,0.0,0.0,0.0,0.0,52.3,2,5,3,86.51,11,Match_375,2025-06-16T21:38:23.973791+00:00,[],0,3,0,0,165,165,0,45.85,3,0,4.31,2,15,9,4,4,1,4,4,0,1,1,44.86,
"Ladines, Marvin",CF,1154.88,34.28,71.37,68.56,66.28,72.91,substitute,Ateneo de Manila University,45,0.0,0.0,0.0,0.0,76.95,54.89,0.0,0.0,0.0,0.0,0.0,0.0,0.0,40.24,65.81,0.0,0.0,0.0,0.0,0.0,65.94,33.43,33.41,63.72,69.85,77.7,30.5,9057,13.07,200,200,0,100.0,7,3.5,3,7.2,12,35,8,1,22.86,2.86,11,7,63.64,32,20,62.5,14,4,28.57,6,17,7,2,2,1,0,2.728,0.623,0.078,15.586,15.59,67.67,0.546,0.234,0.561,0.935,2.494,1.559,1.091,0.31,2.23,0.468,1.325,0.546,0.156,0.857,0.55,4.96,1.78,0.22,7.79,0.27,4.87,71.01,40.33,20.91,45.98,33.16,20.9,60.24,33.5,23.18,53.72,51.64,21.11,64.26,58.24,0,0,0,0,0,0,0.0,0.0,0.0,0.0,0.0,77.12,1,5,3,51.56,7,Match_273,2025-06-07T12:36:57.974788+00:00,[],0,35,8,1,200,200,0,79.52,7,3,1.99,5,32,20,14,4,6,17,7,2,11,7,35.06,
"Alcantara, Paolo",LW,715.33,40.72,74.88,57.5,53.79,30.8,starter,Riverside FC,78,0.0,0.0,0.0,0.0,38.63,73.76,0.0,0.0,0.0,0.0,0.0,0.0,0.0,67.86,72.87,0.0,0.0,0.0,0.0,0.0,55.88,60.42,51.21,69.51,50.48,72.87,73.78,4833,11.26,517,517,0,100.0,18,3.48,4,5.64,22,27,7,0,25.93,0.0,16,9,56.25,5,1,20.0,17,10,58.82,2,20,10,1,2,2,0,3.397,0.881,0.0,65.047,65.05,62.61,2.265,0.503,0.71,2.768,0.629,0.126,2.139,1.26,7.4,0.252,2.516,1.258,0.126,2.013,1.13,7.08,3.26,78.83,12.58,0.44,2.52,44.54,29.84,48.55,30.04,35.87,33.7,65.36,31.44,71.7,56.95,54.26,79.3,39.59,44.33,0,0,0,0,0,0,0.0,0.0,0.0,0.0,0.0,74.79,5,3,4,31.56,10,Match_353,2025-04-23T12:01:08.974788+00:00,[],0,27,7,0,517,517,0,38.81,18,4,2.79,3,5,1,17,10,2,20,10,1,16,9,79.66,
"Darapan, Jermi",LWB,702.63,73.5,51.53,35.77,37.23,31.31,starter,De La Salle University,28,0.0,0.0,0.0,0.0,43.65,70.01,0.0,0.0,0.0,0.0,0.0,0.0,0.0,48.95,44.53,0.0,0.0,0.0,0.0,0.0,63.94,32.03,55.59,77.58,75.63,47.52,36.65,8320,19.74,14,11,3,78.57,0,0.0,0,7.15,2,10,1,2,10.0,20.0,3,2,66.67,13,2,15.38,11,10,90.91,1,16,3,1,2,2,0,1.281,0.128,0.256,1.793,1.41,0.38,0.0,0.0,0.916,0.256,1.665,0.256,1.409,1.28,11.64,0.128,2.049,0.384,0.128,0.384,0.26,8.54,1.28,2.56,10.06,48.78,1.97,71.57,48.89,27.16,46.25,53.69,44.84,23.92,64.43,37.22,42.91,73.81,21.51,32.3,47.68,0,0,0,0,0,0,0.0,0.0,0.0,0.0,0.0,61.23,1,2,5,70.19,13,Match_383,2024-12-12T10:43:02.975788+00:00,[],0,10,1,2,14,11,3,75.98,0,0,0.53,6,13,2,11,10,1,16,3,1,3,2,57.17,
"Santos, Bel",RB,928.6,64.61,35.88,24.11,61.03,22.26,starter,Ateneo de Manila University,87,0.0,0.0,0.0,0.0,30.36,57.86,0.0,0.0,0.0,0.0,0.0,0.0,0.0,56.79,73.97,0.0,0.0,0.0,0.0,0.0,71.17,43.45,74.56,59.73,75.07,39.23,74.84,11876,21.32,532,160,372,30.08,11,2.07,2,9.07,25,12,3,2,25.0,16.67,1,1,100.0,42,14,33.33,9,3,33.33,2,19,7,2,1,1,0,1.163,0.291,0.194,51.561,15.51,36.05,1.066,0.194,0.879,2.423,4.071,1.357,0.872,0.29,3.23,0.194,1.841,0.678,0.194,0.097,0.1,9.69,2.42,1.62,2.92,0.2,3.23,76.99,27.79,37.06,44.13,62.94,53.34,66.9,45.93,48.04,35.74,42.65,75.65,68.69,47.45,0,0,0,0,0,0,0.0,0.0,0.0,0.0,0.0,74.61,2,5,1,27.76,13,Match_340,2025-12-02T22:10:33.976789+00:00,[],0,12,3,2,532,160,372,57.78,11,2,4.87,4,42,14,9,3,2,19,7,2,1,1,47.97,
"Asignar, Josh Rupert",ST,768.88,65.49,66.86,26.2,24.51,40.72,substitute,Eastview Rangers,63,0.0,0.0,0.0,0.0,53.21,38.28,0.0,0.0,0.0,0.0,0.0,0.0,0.0,59.73,51.5,0.0,0.0,0.0,0.0,0.0,76.14,72.71,68.66,38.16,39.36,49.4,48.52,11222,24.33,305,87,218,28.52,8,2.62,1,12.05,19,21,6,2,28.57,9.52,28,16,57.14,19,8,42.11,2,0,0.0,4,1,16,0,3,0,0,2.458,0.702,0.234,35.701,10.18,25.52,0.936,0.117,1.41,2.224,2.224,0.936,0.234,63.46,52.57,0.468,0.117,1.873,0.0,3.277,1.87,6.69,3.34,1.11,3.34,0.31,4.93,32.45,54.78,41.9,50.23,34.94,75.95,25.3,43.85,23.81,23.08,34.31,50.22,24.36,63.56,0,0,0,0,0,0,0.0,0.0,0.0,0.0,0.0,32.14,1,5,6,63.01,19,Match_7,2025-09-13T11:33:20.976789+00:00,[],0,21,6,2,305,87,218,27.43,8,1,4.72,3,19,8,2,0,4,1,16,0,28,16,20.08,
"Ybanez, Moimoi",CDM,729.56,54.5,63.75,34.58,77.99,30.46,starter,Goldenfield Rovers,54,0.0,0.0,0.0,0.0,48.57,68.38,0.0,0.0,0.0,0.0,0.0,0.0,0.0,44.98,63.65,0.0,0.0,0.0,0.0,0.0,51.81,50.17,74.55,79.67,72.29,36.99,55.42,2328,5.32,358,234,124,65.36,3,0.84,0,4.97,11,16,8,1,50.0,6.25,6,4,66.67,61,47,77.05,13,5,38.46,2,9,5,2,2,0,0,1.974,0.987,0.123,44.164,28.87,15.3,0.37,0.0,0.613,1.357,7.525,5.798,1.604,0.62,4.74,0.247,1.11,0.617,0.247,0.74,0.49,8.22,6.17,0.77,8.06,0.1,9.51,46.32,57.94,68.85,44.86,71.59,25.13,45.91,73.36,69.89,66.87,29.56,79.6,69.06,43.33,0,0,0,0,0,0,0.0,0.0,0.0,0.0,0.0,40.62,5,5,5,62.4,20,Match_16,2025-09-04T22:51:16.977790+00:00,[],0,16,8,1,358,234,124,69.96,3,0,2.31,3,61,47,13,5,2,9,5,2,6,4,66.97,
"Reyes, Hugo",CM,955.55,55.56,59.01,39.91,23.98,34.41,starter,Harborview United,25,0.0,0.0,0.0,0.0,33.02,30.25,0.0,0.0,0.0,0.0,0.0,0.0,0.0,43.01,31.67,0.0,0.0,0.0,0.0,0.0,47.88,31.8,77.22,70.07,54.76,75.89,56.94,4190,7.31,559,0,559,0.0,8,1.43,1,26.38,21,15,3,0,20.0,0.0,8,2,25.0,17,10,58.82,17,11,64.71,1,13,4,1,4,1,0,1.413,0.283,0.0,52.65,45.96,52.65,0.753,0.094,2.485,1.978,1.601,0.942,1.601,1.04,6.09,0.094,1.224,0.377,0.094,0.753,0.19,2.35,1.88,69.18,67.33,0.13,5.54,53.44,71.59,22.95,41.58,48.47,24.47,44.77,52.93,58.66,77.48,44.91,75.89,34.62,34.8,0,0,0,0,0,0,0.0,0.0,0.0,0.0,0.0,42.63,3,4,2,73.52,3,Match_41,2025-06-12T12:50:57.978789+00:00,[],0,15,3,0,559,0,559,88.43,8,1,2.91,6,17,10,17,11,1,13,4,1,8,2,89.8,
"Aningalan, Jul",LB,385.35,49.83,23.73,27.23,48.76,51.02,starter,Hillcrest Athletic,50,0.0,0.0,0.0,0.0,39.36,55.07,0.0,0.0,0.0,0.0,0.0,0.0,0.0,49.62,44.7,0.0,0.0,0.0,0.0,0.0,48.59,37.68,61.43,39.16,77.8,70.31,40.11,3013,13.03,336,177,159,52.68,5,1.49,1,20.25,18,1,0,0,0.0,0.0,2,2,100.0,16,4,25.0,1,0,0.0,2,1,3,0,1,1,0,0.234,0.0,0.0,78.474,41.34,37.14,1.168,0.234,4.729,4.204,3.737,0.934,0.234,61.41,57.38,0.467,0.234,0.701,0.0,0.467,0.47,23.36,35.67,46.65,12.3,0.35,5.84,57.07,67.37,55.26,52.79,24.3,43.88,26.51,20.2,34.05,63.25,32.5,29.71,37.51,33.37,0,0,0,0,0,0,0.0,0.0,0.0,0.0,0.0,37.45,4,5,4,75.37,5,Match_309,2025-03-24T11:33:13.978789+00:00,[],0,1,0,0,336,177,159,39.43,5,1,1.98,3,16,4,1,0,2,1,3,0,2,2,49.22,
"Soria, Stephen",CF,760.83,69.37,44.21,46.9,41.89,48.49,starter,Ateneo de Manila University,9,0.0,0.0,0.0,0.0,62.03,49.2,0.0,0.0,0.0,0.0,0.0,0.0,0.0,42.0,70.58,0.0,0.0,0.0,0.0,0.0,78.54,36.54,70.75,49.92,61.38,41.48,32.33,14427,31.6,387,219,168,56.59,10,2.58,1,5.32,3,32,0,0,0.0,0.0,11,5,45.45,2,1,50.0,13,5,38.46,3,17,2,1,1,1,0,3.785,0.0,0.0,45.779,25.91,19.87,1.183,0.118,0.629,0.355,0.237,0.118,1.538,0.59,4.55,0.355,2.011,0.237,0.118,1.301,0.59,5.38,34.17,35.27,6.69,0.31,5.91,51.29,32.73,28.91,24.27,20.65,74.4,49.72,64.89,20.19,40.45,23.56,73.35,79.44,48.73,0,0,0,0,0,0,0.0,0.0,0.0,0.0,0.0,79.59,5,3,0,68.08,17,Match_26,2025-06-29T19:36:56.979788+00:00,[],0,32,0,0,387,219,168,28.7,10,1,3.11,2,2,1,13,5,3,17,2,1,11,5,52.08,
"Fernandez, Hugo",RB,368.88,44.66,21.0,53.4,36.1,79.97,substitute,City United,34,0.0,0.0,0.0,0.0,70.35,72.44,0.0,0.0,0.0,0.0,0.0,0.0,0.0,30.9,75.74,0.0,0.0,0.0,0.0,0.0,43.54,55.01,36.28,33.92,40.48,52.68,60.26,2238,10.11,244,89,155,36.48,4,1.64,0,18.46,9,6,2,0,33.33,0.0,4,2,50.0,24,23,95.83,9,8,88.89,2,7,1,0,1,1,0,1.464,0.488,0.0,59.532,21.71,37.82,0.976,0.0,4.504,2.196,5.856,5.612,2.196,1.95,21.69,0.488,1.708,0.244,0.0,0.976,0.49,12.2,8.13,42.73,8.9,0.4,23.38,45.08,42.36,34.13,51.49,29.44,57.78,56.48,55.33,46.11,44.02,63.56,52.8,66.88,76.24,0,0,0,0,0,0,0.0,0.0,0.0,0.0,0.0,38.02,2,7,2,21.56,2,Match_292,2025-12-02T04:43:26.979788+00:00,[],0,6,2,0,244,89,155,42.71,4,0,3.17,1,24,23,9,8,2,7,1,0,4,2,73.92,
"Perez, Jul",CB,951.14,66.57,56.4,55.79,75.18,48.53,substitute,2 Worlds FC,43,0.0,0.0,0.0,0.0,42.67,53.48,0.0,0.0,0.0,0.0,0.0,0.0,0.0,69.93,36.53,0.0,0.0,0.0,0.0,0.0,50.26,73.04,50.37,37.5,62.04,30.55,67.06,14330,25.11,246,132,114,53.66,4,1.63,0,10.14,6,4,1,0,25.0,0.0,5,4,80.0,54,12,22.22,9,5,55.56,2,15,0,2,3,1,0,0.378,0.095,0.0,23.277,12.49,10.79,0.378,0.0,0.959,0.568,5.11,1.135,0.852,0.47,5.26,0.189,1.419,0.0,0.189,0.473,0.38,7.57,2.37,59.85,5.08,0.15,2.1,40.56,43.24,71.12,65.35,49.11,76.31,23.44,58.44,76.47,40.91,71.81,78.51,46.52,24.42,0,0,0,0,0,0,0.0,0.0,0.0,0.0,0.0,53.07,4,2,4,58.82,10,Match_84,2024-12-15T19:15:26.980789+00:00,[],0,4,1,0,246,132,114,35.23,4,0,0.73,4,54,12,9,5,2,15,0,2,5,4,36.02,
"Barro, Sam",RWB,1064.64,47.34,54.29,77.36,34.13,43.32,starter,Metro FC,76,0.0,0.0,0.0,0.0,67.55,44.95,0.0,0.0,0.0,0.0,0.0,0.0,0.0,51.09,30.12,0.0,0.0,0.0,0.0,0.0,43.73,72.1,44.75,46.38,44.6,58.91,70.73,18735,29.33,1406,857,549,60.95,5,0.36,0,11.42,80,15,6,1,40.0,6.67,12,7,58.33,54,22,40.74,11,6,54.55,3,1,19,1,2,3,0,1.268,0.507,0.085,118.857,72.45,46.41,0.423,0.0,0.965,6.763,4.565,1.86,0.93,0.51,4.61,0.254,0.085,1.606,0.085,1.014,0.59,4.93,3.38,0.56,5.15,0.03,3.44,49.21,65.99,51.25,70.47,56.26,54.99,56.15,20.49,65.96,51.09,33.92,74.77,79.21,37.82,0,0,0,0,0,0,0.0,0.0,0.0,0.0,0.0,38.02,2,5,1,70.8,4,Match_247,2025-07-12T10:50:15.981788+00:00,[],0,15,6,1,1406,857,549,60.42,5,0,3.29,4,54,22,11,6,3,1,19,1,12,7,52.96,
"Mapula, Paul Vincent",LB,1350.0,51.16,55.9,61.35,60.56,21.12,starter,2 Worlds FC,53,0.0,0.0,0.0,0.0,35.33,66.85,0.0,0.0,0.0,0.0,0.0,0.0,0.0,40.75,69.53,0.0,0.0,0.0,0.0,0.0,69.17,40.68,75.61,63.49,40.63,54.18,36.52,22323,27.56,688,476,212,69.19,0,0.0,0,21.98,3,8,4,0,50.0,0.0,12,6,50.0,27,16,59.26,7,7,100.0,6,2,3,2,2,2,0,0.533,0.267,0.0,45.867,31.73,14.13,0.0,0.0,1.465,0.2,1.8,1.067,0.467,0.47,6.67,0.4,0.133,0.2,0.133,0.8,0.4,3.33,3.33,64.09,4.61,65.93,3.95,59.13,42.32,49.69,47.54,73.44,48.18,21.76,31.48,59.24,57.45,70.28,56.04,30.4,39.34,0,0,0,0,0,0,0.0,0.0,0.0,0.0,0.0,72.59,5,2,3,52.61,16,Match_240,2025-05-10T08:38:43.981788+00:00,[],0,8,4,0,688,476,212,65.87,0,0,3.63,3,27,16,7,7,6,2,3,2,12,6,73.29,
"Tabay, Albin",LW,1026.92,45.12,41.98,69.5,54.02,47.15,starter,Southgate United,33,0.0,0.0,0.0,0.0,76.27,31.1,0.0,0.0,0.0,0.0,0.0,0.0,0.0,54.78,31.75,0.0,0.0,0.0,0.0,0.0,50.59,74.56,37.47,51.17,64.68,47.52,51.77,8218,13.34,156,121,35,77.56,4,2.56,0,10.49,10,28,0,1,0.0,3.57,27,11,40.74,31,9,29.03,13,9,69.23,5,16,10,1,2,0,0,2.454,0.0,0.088,13.672,10.6,3.07,0.351,0.0,0.919,0.876,2.717,0.789,1.139,0.79,6.07,0.438,1.402,0.876,0.088,2.366,0.96,3.57,77.69,0.31,6.8,0.22,2.54,66.66,33.5,37.82,77.83,68.17,69.03,77.95,58.99,37.24,27.92,59.17,42.82,22.9,52.45,0,0,0,0,0,0,0.0,0.0,0.0,0.0,0.0,52.18,4,6,3,66.54,3,Match_56,2025-07-23T08:49:52.982789+00:00,[],0,28,0,1,156,121,35,58.86,4,0,0.27,4,31,9,13,9,5,16,10,1,27,11,79.98,
"Pedimonte, Nhiboy",ST,1350.0,48.11,51.04,78.56,25.59,68.65,starter,Summit Peak FC,19,0.0,0.0,0.0,0.0,78.0,55.65,0.0,0.0,0.0,0.0,0.0,0.0,0.0,35.9,60.84,0.0,0.0,0.0,0.0,0.0,53.85,41.88,73.61,63.96,37.67,34.53,62.74,12106,14.95,503,225,278,44.73,12,2.39,0,8.56,31,3,1,0,33.33,0.0,26,15,57.69,28,21,75.0,51,34,66.67,2,13,7,1,3,3,0,0.2,0.067,0.0,33.533,15.0,18.53,0.8,0.0,0.571,2.067,1.867,1.4,3.4,2.27,4.44,0.133,0.867,0.467,0.067,1.733,1.0,3.85,2.22,52.41,2.98,0.16,5.0,48.82,68.85,63.69,70.52,64.57,31.84,34.49,34.34,39.72,76.32,56.93,74.27,21.2,53.08,0,0,0,0,0,0,0.0,0.0,0.0,0.0,0.0,58.87,5,1,2,56.69,3,Match_231,2025-03-05T09:28:55.983782+00:00,[],0,3,1,0,503,225,278,47.7,12,0,3.72,1,28,21,51,34,2,13,7,1,26,15,21.47,
"Escodo, Bel",LB,898.74,36.02,65.56,36.83,78.73,47.3,substitute,Summit Peak FC,8,0.0,0.0,0.0,0.0,59.1,48.0,0.0,0.0,0.0,0.0,0.0,0.0,0.0,65.25,56.13,0.0,0.0,0.0,0.0,0.0,67.12,72.34,59.04,44.67,57.72,43.59,30.43,14053,26.06,682,199,483,29.18,2,0.29,0,12.91,21,4,1,0,25.0,0.0,3,1,33.33,59,41,69.49,11,7,63.64,4,7,13,1,1,0,0,0.401,0.1,0.0,68.296,19.93,48.37,0.2,0.0,1.293,2.103,5.908,4.106,1.102,0.7,6.37,0.401,0.701,1.302,0.1,0.3,0.1,3.34,2.5,65.74,2.92,0.03,6.96,30.41,35.62,60.49,24.57,56.12,69.33,50.78,30.37,79.14,73.89,26.87,38.0,32.61,40.04,0,0,0,0,0,0,0.0,0.0,0.0,0.0,0.0,66.89,3,5,4,58.21,1,Match_223,2025-01-20T06:27:13.983782+00:00,[],0,4,1,0,682,199,483,68.25,2,0,1.06,2,59,41,11,7,4,7,13,1,3,1,50.24,
"Salingay, Sam",LW,872.4,38.47,62.75,24.68,23.57,57.01,substitute,2 Worlds FC,99,0.0,0.0,0.0,0.0,75.37,31.87,0.0,0.0,0.0,0.0,0.0,0.0,0.0,50.89,41.12,0.0,0.0,0.0,0.0,0.0,74.43,38.31,76.36,42.23,31.18,51.7,40.6,5183,9.9,639,639,0,100.0,8,1.25,1,27.19,27,7,1,1,14.29,14.29,27,21,77.78,13,8,61.54,22,12,54.55,6,10,9,1,2,1,0,0.722,0.103,0.103,65.922,65.92,45.4,0.825,0.103,2.805,2.785,1.341,0.825,2.27,1.24,5.63,0.619,1.032,0.928,0.103,2.785,2.17,8.02,1.47,1.47,10.32,0.13,6.35,59.71,58.68,26.52,57.45,66.94,40.93,55.51,33.11,46.38,39.69,67.44,33.92,38.94,36.37,0,0,0,0,0,0,0.0,0.0,0.0,0.0,0.0,43.4,1,4,2,67.74,15,Match_212,2025-04-04T21:04:30.984790+00:00,[],0,7,1,1,639,639,0,79.76,8,1,3.22,3,13,8,22,12,6,10,9,1,27,21,36.74,
"Garces, Josh",LB,546.1,69.68,60.88,66.14,42.06,40.77,substitute,Far Eastern University,4,0.0,0.0,0.0,0.0,62.87,55.77,0.0,0.0,0.0,0.0,0.0,0.0,0.0,62.33,77.02,0.0,0.0,0.0,0.0,0.0,76.09,33.39,67.66,70.56,34.93,53.32,79.89,9132,27.87,198,198,0,100.0,5,2.53,1,13.19,4,8,2,0,25.0,0.0,3,1,33.33,3,2,66.67,6,2,33.33,1,13,6,0,1,0,0,1.318,0.33,0.0,32.631,32.63,37.19,0.824,0.165,2.174,0.659,0.494,0.33,0.989,0.33,5.49,0.165,2.142,0.989,0.0,0.494,0.16,5.49,4.12,68.07,16.48,0.42,10.99,75.71,79.56,69.14,73.29,38.09,49.87,43.07,40.71,75.45,52.78,33.18,79.05,33.77,34.58,0,0,0,0,0,0,0.0,0.0,0.0,0.0,0.0,66.57,4,1,5,88.89,13,Match_198,2025-06-29T03:54:31.985794+00:00,[],0,8,2,0,198,198,0,84.72,5,1,0.4,2,3,2,6,2,1,13,6,0,3,1,83.66,
"Berciles, Earl",LB,717.04,69.8,74.73,46.85,76.36,68.43,starter,Lakeside Athletic,1,0.0,0.0,0.0,0.0,39.36,69.08,0.0,0.0,0.0,0.0,0.0,0.0,0.0,48.87,68.8,0.0,0.0,0.0,0.0,0.0,75.78,30.94,59.04,65.96,65.96,54.4,58.92,4071,9.46,118,76,42,64.41,1,0.85,0,19.11,6,3,2,0,66.67,0.0,8,5,62.5,37,10,27.03,15,6,40.0,2,17,8,2,0,1,0,0.377,0.251,0.0,14.811,9.54,5.27,0.126,0.0,2.399,0.753,4.644,1.255,1.883,0.75,5.02,0.251,2.134,1.004,0.251,1.004,0.63,7.84,8.37,51.16,8.08,0.11,3.39,50.45,41.4,47.12,39.69,67.68,53.13,21.91,27.93,49.14,73.16,59.78,27.61,35.12,67.59,0,0,0,0,0,0,0.0,0.0,0.0,0.0,0.0,61.27,2,3,3,87.69,18,Match_395,2025-09-02T13:06:41.985794+00:00,[],0,3,2,0,118,76,42,42.67,1,0,0.52,0,37,10,15,6,2,17,8,2,8,5,60.0,
"Acebedo, James",RW,900.24,61.75,57.1,57.81,75.67,73.59,substitute,Eastview Rangers,10,0.0,0.0,0.0,0.0,45.41,52.78,0.0,0.0,0.0,0.0,0.0,0.0,0.0,39.74,59.26,0.0,0.0,0.0,0.0,0.0,47.1,56.1,56.96,63.17,68.14,54.56,57.97,8712,16.13,482,482,0,100.0,6,1.24,1,20.94,12,37,7,1,18.92,2.7,26,20,76.92,41,17,41.46,27,18,66.67,3,9,11,1,2,0,0,3.699,0.7,0.1,48.187,48.19,69.58,0.6,0.1,2.093,1.2,4.099,1.7,2.699,1.8,6.67,0.3,0.9,1.1,0.1,2.599,2.0,7.69,1.89,0.27,10.0,0.12,4.14,24.95,58.32,78.92,44.91,45.22,49.0,79.46,49.32,54.39,40.79,46.58,45.22,28.11,62.06,0,0,0,0,0,0,0.0,0.0,0.0,0.0,0.0,76.01,3,3,2,71.89,4,Match_235,2025-01-23T08:15:01.986789+00:00,[],0,37,7,1,482,482,0,29.44,6,1,1.34,2,41,17,27,18,3,9,11,1,26,20,22.44,
"Salingay, Sam",RWB,597.61,26.91,22.89,43.61,45.8,77.56,DNP,Coastal Town,15,0.0,0.0,0.0,0.0,45.35,60.03,0.0,0.0,0.0,0.0,0.0,0.0,0.0,52.05,37.45,0.0,0.0,0.0,0.0,0.0,30.09,32.43,52.42,45.71,47.08,69.26,46.71,7975,22.24,578,104,474,17.99,9,1.56,1,11.06,1,3,1,0,33.33,0.0,2,1,50.0,25,24,96.0,5,3,60.0,0,16,3,0,3,0,0,0.452,0.151,0.0,87.047,15.66,71.38,1.355,0.151,1.666,0.151,3.765,3.614,0.753,0.45,9.04,0.0,2.41,0.452,0.0,0.301,0.15,7.53,5.02,36.19,2.71,0.23,14.46,34.21,74.47,51.7,73.13,29.87,35.34,52.6,22.36,47.55,68.38,21.53,59.64,48.26,68.6,0,0,0,0,0,0,0.0,0.0,0.0,0.0,0.0,77.64,1,4,2,23.05,4,Match_182,2025-09-01T10:42:20.986789+00:00,[],0,3,1,0,578,104,474,28.46,9,1,4.86,2,25,24,5,3,0,16,3,0,2,1,65.17,
"Garces, Josh",RW,992.3,39.12,62.97,44.13,29.73,66.25,substitute,Coastal Town,68,0.0,0.0,0.0,0.0,57.44,64.22,0.0,0.0,0.0,0.0,0.0,0.0,0.0,75.63,48.49,0.0,0.0,0.0,0.0,0.0,49.07,62.72,40.01,51.48,49.41,33.07,48.8,12476,20.95,254,237,17,93.31,2,0.79,0,24.17,18,16,3,0,18.75,0.0,21,20,95.24,26,1,3.85,13,9,69.23,2,20,12,4,1,2,0,1.451,0.272,0.0,23.037,21.5,1.54,0.181,0.0,2.192,1.633,2.358,0.091,1.179,0.82,6.28,0.181,1.814,1.088,0.363,1.905,1.81,8.64,1.7,65.56,8.46,0.07,0.35,52.28,37.34,70.36,31.62,72.62,21.49,56.71,52.67,21.56,47.78,21.94,21.41,43.56,66.16,0,0,0,0,0,0,0.0,0.0,0.0,0.0,0.0,72.71,4,1,0,71.83,17,Match_45,2025-11-27T03:31:44.987788+00:00,[],0,16,3,0,254,237,17,85.13,2,0,2.81,2,26,1,13,9,2,20,12,4,21,20,69.87,
"Reyes, Sam",CAM,797.77,74.45,20.78,73.34,50.93,45.75,DNP,Goldenfield Rovers,82,0.0,0.0,0.0,0.0,55.65,64.64,0.0,0.0,0.0,0.0,0.0,0.0,0.0,78.99,57.31,0.0,0.0,0.0,0.0,0.0,71.39,40.09,39.27,52.07,45.99,55.28,42.33,5152,10.76,689,689,0,100.0,17,2.47,4,26.13,5,24,4,0,16.67,0.0,20,4,20.0,34,10,29.41,10,6,60.0,3,7,8,1,0,1,0,2.708,0.451,0.0,77.729,77.73,38.49,1.918,0.451,2.948,0.564,3.836,1.128,1.128,0.68,6.77,0.338,0.79,0.903,0.113,2.256,0.45,2.26,1.88,64.16,11.28,0.28,3.32,61.68,26.44,66.31,50.13,38.16,62.13,33.9,43.87,39.11,69.74,47.87,49.02,25.57,28.01,0,0,0,0,0,0,0.0,0.0,0.0,0.0,0.0,39.44,2,2,5,79.74,5,Match_267,2025-05-12T13:11:23.988789+00:00,[],0,24,4,0,689,689,0,82.04,17,4,2.09,3,34,10,10,6,3,7,8,1,20,4,53.29,
"Lopez, Kirvy",CAM,799.5,48.33,78.62,40.57,39.05,46.66,starter,Adamson University,82,0.0,0.0,0.0,0.0,50.5,51.45,0.0,0.0,0.0,0.0,0.0,0.0,0.0,37.29,44.07,0.0,0.0,0.0,0.0,0.0,78.45,70.29,53.49,37.95,59.13,46.33,37.24,16900,35.23,255,164,91,64.31,4,1.57,0,10.89,8,1,0,0,0.0,0.0,21,20,95.24,17,9,52.94,8,3,37.5,3,21,2,1,1,2,0,0.113,0.0,0.0,28.705,18.46,10.24,0.45,0.0,1.226,0.901,1.914,1.013,0.901,0.34,4.22,0.338,2.364,0.225,0.113,2.364,2.25,10.72,66.91,65.81,7.24,0.18,5.96,42.79,54.98,54.18,61.68,63.05,68.67,33.27,69.78,42.44,43.28,74.03,22.04,63.51,78.45,0,0,0,0,0,0,0.0,0.0,0.0,0.0,0.0,70.7,5,2,2,37.85,19,Match_92,2025-05-09T10:09:17.988789+00:00,[],0,1,0,0,255,164,91,82.18,4,0,1.64,3,17,9,8,3,3,21,2,1,21,20,20.68,
"Abad, Ryan",LW,1093.89,63.68,25.5,27.54,65.41,61.0,substitute,National University,65,0.0,0.0,0.0,0.0,48.33,33.2,0.0,0.0,0.0,0.0,0.0,0.0,0.0,52.04,30.08,0.0,0.0,0.0,0.0,0.0,65.66,54.75,64.58,68.03,50.14,73.43,56.83,2415,3.68,672,399,273,59.38,14,2.08,1,9.2,25,36,9,8,25.0,22.22,37,15,40.54,8,4,50.0,13,13,100.0,4,30,6,1,2,1,0,2.962,0.74,0.658,55.289,32.83,22.46,1.152,0.082,0.757,2.057,0.658,0.329,1.07,1.07,8.23,0.329,2.468,0.494,0.082,3.044,1.23,3.34,2.06,1.83,4.89,0.17,4.11,54.78,78.34,74.09,21.04,31.11,64.11,50.53,39.25,61.74,44.52,23.21,69.7,74.51,21.6,0,0,0,0,0,0,0.0,0.0,0.0,0.0,0.0,44.21,4,3,3,70.16,11,Match_44,2025-01-24T08:06:37.989789+00:00,[],0,36,9,8,672,399,273,36.81,14,1,0.25,3,8,4,13,13,4,30,6,1,37,15,37.66,
"Valdez, Alysa",RWB,1143.93,61.47,51.35,21.45,63.15,58.3,starter,Valley Rovers,31,0.0,0.0,0.0,0.0,52.32,37.36,0.0,0.0,0.0,0.0,0.0,0.0,0.0,77.01,60.03,0.0,0.0,0.0,0.0,0.0,62.17,41.99,63.63,66.89,72.45,40.96,78.94,9482,13.81,1080,1080,0,100.0,31,2.87,7,25.88,63,10,2,1,20.0,10.0,1,1,100.0,85,68,80.0,3,3,100.0,5,14,8,1,2,1,0,0.787,0.157,0.079,84.97,84.97,37.57,2.439,0.551,2.036,4.957,6.687,5.35,0.236,0.24,7.87,0.393,1.101,0.629,0.079,0.079,0.08,7.87,1.57,0.79,7.87,0.23,6.29,55.02,40.14,45.24,30.13,62.57,22.43,38.73,35.89,67.38,42.66,46.28,74.35,33.39,71.69,0,0,0,0,0,0,0.0,0.0,0.0,0.0,0.0,40.96,0,2,2,45.33,15,Match_357,2025-06-03T10:28:31.990782+00:00,[],0,10,2,1,1080,1080,0,63.37,31,7,3.25,1,85,68,3,3,5,14,8,1,1,1,25.31,
"Barro, Harvy",ST,743.82,37.99,39.95,51.59,22.61,44.96,substitute,City United,57,0.0,0.0,0.0,0.0,35.65,37.13,0.0,0.0,0.0,0.0,0.0,0.0,0.0,61.41,60.89,0.0,0.0,0.0,0.0,0.0,40.25,35.55,65.2,47.74,66.03,30.94,77.84,9836,22.04,184,0,184,0.0,2,1.09,0,28.79,9,22,4,1,18.18,4.55,22,15,68.18,1,1,100.0,14,10,71.43,3,2,7,1,1,1,0,2.662,0.484,0.121,22.263,33.07,22.26,0.242,0.0,3.484,1.089,0.121,0.121,1.694,1.21,8.64,0.363,0.242,0.847,0.121,2.662,1.81,8.25,2.2,0.55,52.19,0.13,12.1,38.74,47.58,37.89,33.55,59.99,27.14,47.37,22.79,52.15,34.09,41.01,37.17,30.59,75.04,0,0,0,0,0,0,0.0,0.0,0.0,0.0,0.0,45.22,3,2,4,31.72,11,Match_166,2025-09-18T09:45:50.990782+00:00,[],0,22,4,1,184,0,184,51.31,2,0,4.17,4,1,1,14,10,3,2,7,1,22,15,46.76,
"Dela Cruz, Laurence",CAM,899.19,29.95,47.52,24.41,73.2,78.78,substitute,San Beda University,87,0.0,0.0,0.0,0.0,61.55,48.34,0.0,0.0,0.0,0.0,0.0,0.0,0.0,78.27,33.59,0.0,0.0,0.0,0.0,0.0,74.51,77.12,55.17,52.33,50.7,36.56,58.6,9092,16.85,921,507,414,55.05,34,3.69,5,26.83,5,9,5,1,55.56,11.11,11,4,36.36,25,9,36.0,14,13,92.86,3,20,7,1,3,2,0,0.901,0.5,0.1,92.183,50.75,41.44,3.403,0.5,2.685,0.5,2.502,0.901,1.401,1.3,9.29,0.3,2.002,0.701,0.1,1.101,0.4,3.64,5.56,1.11,5.51,0.37,3.6,61.84,74.87,43.11,50.11,40.29,69.65,56.09,69.98,25.77,47.05,36.28,54.2,76.63,20.84,0,0,0,0,0,0,0.0,0.0,0.0,0.0,0.0,78.58,4,2,3,78.68,1,Match_292,2025-01-27T13:36:48.991790+00:00,[],0,9,5,1,921,507,414,23.98,34,5,1.06,5,25,9,14,13,3,20,7,1,11,4,73.97,
"Garcia, John",CAM,1228.69,68.15,66.1,50.69,20.42,34.85,starter,Hillcrest Athletic,16,0.0,0.0,0.0,0.0,68.39,53.33,0.0,0.0,0.0,0.0,0.0,0.0,0.0,33.23,65.31,0.0,0.0,0.0,0.0,0.0,77.31,48.99,63.3,60.43,57.53,44.49,54.71,22197,30.11,764,564,200,73.82,16,2.09,2,23.85,22,13,10,0,76.92,0.0,18,7,38.89,22,17,77.27,6,4,66.67,5,18,12,1,3,3,0,0.952,0.732,0.0,55.962,41.31,14.65,1.172,0.146,1.747,1.611,1.611,1.245,0.439,0.29,4.88,0.366,1.318,0.879,0.073,1.318,0.51,2.85,5.63,31.71,5.41,0.15,5.66,20.03,75.66,47.36,29.23,78.32,71.92,64.17,57.78,67.16,59.34,57.63,23.07,65.35,31.44,0,0,0,0,0,0,0.0,0.0,0.0,0.0,0.0,30.81,2,4,4,53.28,8,Match_88,2025-02-19T06:35:21.992788+00:00,[],0,13,10,0,764,564,200,65.57,16,2,3.31,2,22,17,6,4,5,18,12,1,18,7,46.16,
"Lagaya, Rick Matthew",CDM,564.75,67.6,38.38,30.05,72.92,32.01,starter,Highland Wanderers,99,0.0,0.0,0.0,0.0,59.61,31.85,0.0,0.0,0.0,0.0,0.0,0.0,0.0,63.99,47.99,0.0,0.0,0.0,0.0,0.0,70.67,49.54,56.01,56.61,65.96,48.91,55.33,10229,30.19,133,133,0,100.0,2,1.5,0,20.89,5,13,1,2,7.69,15.38,5,1,20.0,48,20,41.67,7,2,28.57,2,2,3,0,3,2,0,2.072,0.159,0.319,21.195,21.2,70.54,0.319,0.0,3.329,0.797,7.649,3.187,1.116,0.32,4.55,0.319,0.319,0.478,0.0,0.797,0.16,3.19,1.23,2.45,15.94,0.24,6.64,54.96,73.74,69.2,49.24,59.3,56.95,41.07,25.31,56.56,66.27,64.79,76.41,41.57,70.95,0,0,0,0,0,0,0.0,0.0,0.0,0.0,0.0,52.69,2,2,5,56.84,20,Match_89,2025-03-25T06:37:45.992788+00:00,[],0,13,1,2,133,133,0,51.71,2,0,4.55,5,48,20,7,2,2,2,3,0,5,1,63.78,
"Escodo, Bel",CDM,681.68,34.36,55.75,74.99,56.91,63.84,substitute,Eastview Rangers,6,0.0,0.0,0.0,0.0,71.86,35.21,0.0,0.0,0.0,0.0,0.0,0.0,0.0,33.97,45.69,0.0,0.0,0.0,0.0,0.0,45.04,63.41,40.36,64.9,38.2,54.86,34.48,2966,7.25,449,290,159,64.59,17,3.79,3,14.94,2,6,2,0,33.33,0.0,5,1,20.0,55,6,10.91,7,5,71.43,6,16,5,2,1,1,0,0.792,0.264,0.0,59.28,38.29,20.99,2.244,0.396,1.972,0.264,7.261,0.792,0.924,0.66,9.43,0.792,2.112,0.66,0.264,0.66,0.13,2.64,4.4,30.8,8.53,0.5,1.44,25.75,39.7,35.8,52.48,68.58,53.75,56.96,27.26,57.58,50.8,40.23,50.97,52.16,49.02,0,0,0,0,0,0,0.0,0.0,0.0,0.0,0.0,33.61,4,4,4,89.63,7,Match_140,2025-08-02T19:06:06.993789+00:00,[],0,6,2,0,449,290,159,22.44,17,3,4.97,2,55,6,7,5,6,16,5,2,5,1,65.72,
"Alcantara, Paolo",CF,1026.92,50.01,62.13,52.83,45.46,55.99,starter,Eastview Rangers,54,0.0,0.0,0.0,0.0,37.45,42.31,0.0,0.0,0.0,0.0,0.0,0.0,0.0,68.21,35.05,0.0,0.0,0.0,0.0,0.0,49.53,67.65,37.19,61.63,44.4,77.37,50.66,18715,30.37,701,701,0,100.0,20,2.85,1,27.51,42,24,3,0,12.5,0.0,17,4,23.53,8,2,25.0,17,9,52.94,3,10,2,2,1,1,0,2.103,0.263,0.0,61.436,61.44,36.45,1.753,0.088,2.411,3.681,0.701,0.175,1.49,0.79,4.64,0.263,0.876,0.175,0.175,1.49,0.35,2.06,1.1,58.48,8.76,0.25,2.19,20.8,26.24,61.67,53.73,27.66,32.66,71.43,36.39,31.23,57.24,78.87,37.13,49.01,22.23,0,0,0,0,0,0,0.0,0.0,0.0,0.0,0.0,45.53,4,5,6,23.41,13,Match_230,2025-04-24T06:17:34.993789+00:00,[],0,24,3,0,701,701,0,56.71,20,1,1.23,4,8,2,17,9,3,10,2,2,17,4,85.0,
"Pormento, Edzon",CM,816.5,29.03,20.86,35.85,66.49,22.73,starter,Harborview United,87,0.0,0.0,0.0,0.0,41.47,34.6,0.0,0.0,0.0,0.0,0.0,0.0,0.0,65.68,70.63,0.0,0.0,0.0,0.0,0.0,75.83,51.67,74.99,42.51,33.76,36.89,40.7,8659,17.68,2,1,1,50.0,0,0.0,0,7.61,0,14,3,1,21.43,7.14,3,1,33.33,20,11,55.0,2,1,50.0,3,14,9,2,0,1,0,1.543,0.331,0.11,0.22,0.11,0.11,0.0,0.0,0.839,0.0,2.205,1.212,0.22,0.11,5.51,0.331,1.543,0.992,0.22,0.331,0.11,3.67,2.36,0.79,5.51,69.94,6.06,29.24,31.69,38.96,72.08,48.6,40.65,34.95,79.05,69.57,79.56,66.48,65.05,75.85,70.94,0,0,0,0,0,0,0.0,0.0,0.0,0.0,0.0,50.7,4,4,3,23.77,5,Match_145,2025-05-07T11:05:07.994793+00:00,[],0,14,3,1,2,1,1,39.7,0,0,4.2,1,20,11,2,1,3,14,9,2,3,1,86.67,
"Salingay, Sam",RW,865.86,25.3,69.1,61.37,38.68,22.11,starter,Lyceum,59,0.0,0.0,0.0,0.0,72.56,41.13,0.0,0.0,0.0,0.0,0.0,0.0,0.0,57.69,67.5,0.0,0.0,0.0,0.0,0.0,71.27,68.23,59.39,54.85,46.8,38.63,43.6,11907,22.92,582,582,0,100.0,8,1.37,2,8.63,17,23,17,0,73.91,0.0,3,2,66.67,8,4,50.0,22,2,9.09,4,9,14,1,4,1,0,2.391,1.767,0.0,60.495,60.49,74.54,0.832,0.208,0.897,1.767,0.832,0.416,2.287,0.21,0.94,0.416,0.935,1.455,0.104,0.312,0.21,6.93,7.68,49.43,10.39,0.14,5.2,59.98,43.14,65.91,48.94,45.64,74.57,58.93,71.17,51.35,55.43,58.9,31.87,58.7,71.33,0,0,0,0,0,0,0.0,0.0,0.0,0.0,0.0,59.05,3,4,4,20.21,13,Match_353,2025-04-15T09:38:26.995789+00:00,[],0,23,17,0,582,582,0,40.98,8,2,3.92,2,8,4,22,2,4,9,14,1,3,2,22.35,
"Unabia, Mark",LWB,769.36,35.27,58.15,66.53,43.43,76.91,starter,Mapúa University,78,0.0,0.0,0.0,0.0,35.41,64.98,0.0,0.0,0.0,0.0,0.0,0.0,0.0,51.71,59.2,0.0,0.0,0.0,0.0,0.0,48.27,50.2,74.51,67.7,42.49,66.79,53.37,2763,5.99,158,158,0,100.0,2,1.27,0,22.87,7,13,3,1,23.08,7.69,4,4,100.0,33,11,33.33,18,15,83.33,1,17,7,1,2,2,0,1.521,0.351,0.117,18.483,18.48,64.32,0.234,0.0,2.675,0.819,3.86,1.287,2.106,1.75,9.75,0.117,1.989,0.819,0.117,0.468,0.47,11.7,2.7,0.9,11.7,0.15,3.9,51.99,32.73,50.34,24.89,57.91,25.44,75.35,59.92,68.31,42.99,78.05,38.98,60.43,52.38,0,0,0,0,0,0,0.0,0.0,0.0,0.0,0.0,40.01,4,1,2,78.12,1,Match_114,2025-09-10T12:30:43.995789+00:00,[],0,13,3,1,158,158,0,88.27,2,0,3.58,3,33,11,18,15,1,17,7,1,4,4,38.8,
"Mapula, Paul Joshua",LWB,598.08,64.06,61.7,34.51,54.89,38.42,starter,Adamson University,14,0.0,0.0,0.0,0.0,57.13,68.41,0.0,0.0,0.0,0.0,0.0,0.0,0.0,71.58,71.12,0.0,0.0,0.0,0.0,0.0,78.33,51.63,45.12,47.09,47.26,58.54,48.23,3225,8.99,515,515,0,100.0,16,3.11,2,6.67,29,8,1,0,12.5,0.0,8,7,87.5,29,29,100.0,15,15,100.0,3,16,5,0,1,1,0,1.204,0.15,0.0,77.498,77.5,33.19,2.408,0.301,1.004,4.364,4.364,4.364,2.257,2.26,15.05,0.451,2.408,0.752,0.0,1.204,1.05,13.17,1.88,62.08,15.05,0.47,15.05,30.26,34.16,64.61,35.7,54.98,30.35,30.59,42.19,50.98,77.88,30.87,40.85,70.2,24.65,0,0,0,0,0,0,0.0,0.0,0.0,0.0,0.0,58.24,2,2,2,61.36,9,Match_8,2025-09-27T16:52:12.996794+00:00,[],0,8,1,0,515,515,0,71.55,16,2,3.85,1,29,29,15,15,3,16,5,0,8,7,88.05,
"Reyes, Bel",LWB,1095.5,38.89,62.62,58.3,55.55,52.84,starter,City United,51,0.0,0.0,0.0,0.0,48.38,53.58,0.0,0.0,0.0,0.0,0.0,0.0,0.0,78.11,35.71,0.0,0.0,0.0,0.0,0.0,31.04,36.96,42.05,60.3,63.87,35.66,57.75,7749,11.79,256,110,146,42.97,7,2.73,1,17.94,2,14,6,1,42.86,7.14,5,5,100.0,57,47,82.46,3,1,33.33,5,14,7,1,3,3,0,1.15,0.493,0.082,21.031,9.04,11.99,0.575,0.082,1.474,0.164,4.683,3.861,0.246,0.08,2.74,0.411,1.15,0.575,0.082,0.411,0.41,8.22,3.52,0.59,3.53,0.22,6.77,76.56,22.26,30.26,29.04,41.6,63.32,25.29,60.68,77.39,33.67,41.06,72.35,48.49,58.98,0,0,0,0,0,0,0.0,0.0,0.0,0.0,0.0,38.26,1,1,3,27.49,1,Match_60,2025-08-21T09:51:53.997787+00:00,[],0,14,6,1,256,110,146,41.04,7,1,0.3,3,57,47,3,1,5,14,7,1,5,5,46.76,
"Moleje, Josh",LB,423.52,50.33,22.15,42.44,53.74,74.15,starter,Mapúa University,7,0.0,0.0,0.0,0.0,73.92,30.98,0.0,0.0,0.0,0.0,0.0,0.0,0.0,55.47,65.96,0.0,0.0,0.0,0.0,0.0,56.05,38.92,42.15,65.21,69.13,34.97,54.39,1089,4.29,299,66,233,22.07,10,3.34,2,22.63,0,6,1,0,16.67,0.0,5,5,100.0,17,10,58.82,8,7,87.5,3,9,3,0,1,1,0,1.275,0.213,0.0,63.539,14.03,49.51,2.125,0.425,4.809,0.0,3.613,2.125,1.7,1.49,18.59,0.638,1.913,0.638,0.0,1.063,1.06,21.25,3.54,57.7,4.69,0.71,12.5,79.56,33.53,40.07,77.0,44.11,50.55,55.4,23.8,66.21,53.39,72.98,56.75,66.67,37.83,0,0,0,0,0,0,0.0,0.0,0.0,0.0,0.0,77.22,4,4,1,40.29,9,Match_69,2025-11-18T00:18:58.997787+00:00,[],0,6,1,0,299,66,233,77.55,10,2,0.31,2,17,10,8,7,3,9,3,0,5,5,80.47,
"Mapula, Paul Vincent",CDM,706.2,60.59,27.98,32.12,37.37,22.53,substitute,Coastal Town,96,0.0,0.0,0.0,0.0,57.67,39.21,0.0,0.0,0.0,0.0,0.0,0.0,0.0,32.85,32.47,0.0,0.0,0.0,0.0,0.0,35.62,60.45,78.4,60.13,53.04,75.31,58.88,8632,20.37,455,388,67,85.27,10,2.2,1,29.37,1,9,4,0,44.44,0.0,9,5,55.56,54,4,7.41,2,1,50.0,4,15,6,2,2,1,0,1.147,0.51,0.0,57.986,49.45,8.54,1.274,0.127,3.743,0.127,6.882,0.51,0.255,0.13,6.37,0.51,1.912,0.765,0.255,1.147,0.64,7.08,5.66,47.85,10.87,0.28,0.94,34.41,23.68,34.34,23.84,26.3,22.23,45.78,53.82,70.29,26.04,70.86,42.91,34.53,55.5,0,0,0,0,0,0,0.0,0.0,0.0,0.0,0.0,46.38,5,5,5,41.59,3,Match_73,2025-05-05T04:25:09.998790+00:00,[],0,9,4,0,455,388,67,89.98,10,1,1.84,1,54,4,2,1,4,15,6,2,9,5,29.35,
"Mapula, Paul Vincent",LW,910.65,36.79,23.68,55.16,49.3,25.75,substitute,Mapúa University,85,0.0,0.0,0.0,0.0,70.4,33.05,0.0,0.0,0.0,0.0,0.0,0.0,0.0,40.03,79.21,0.0,0.0,0.0,0.0,0.0,31.95,48.28,63.52,46.96,44.75,68.92,66.33,12236,22.39,300,243,57,81.0,0,0.0,0,19.5,4,30,10,2,33.33,6.67,23,19,82.61,19,19,100.0,11,11,100.0,2,13,4,1,0,1,0,2.965,0.988,0.198,29.649,24.02,5.63,0.0,0.0,1.927,0.395,1.878,1.878,1.087,1.09,9.88,0.198,1.285,0.395,0.099,2.273,1.88,8.16,3.29,0.66,8.01,53.59,9.88,75.92,40.14,65.54,56.25,78.39,26.99,76.46,79.85,31.03,36.84,64.19,51.17,44.47,49.29,0,0,0,0,0,0,0.0,0.0,0.0,0.0,0.0,61.85,0,1,3,31.09,7,Match_62,2025-09-16T03:06:55.998790+00:00,[],0,30,10,2,300,243,57,64.48,0,0,3.08,4,19,19,11,11,2,13,4,1,23,19,87.16,
"Moleje, Josh",LW,629.3,52.19,64.47,61.47,31.65,50.15,starter,Lakeside Athletic,26,0.0,0.0,0.0,0.0,53.74,67.99,0.0,0.0,0.0,0.0,0.0,0.0,0.0,36.41,65.07,0.0,0.0,0.0,0.0,0.0,72.27,78.95,32.18,75.12,69.24,72.65,46.44,12410,32.87,197,197,0,100.0,2,1.02,0,4.71,11,4,3,0,75.0,0.0,24,19,79.17,16,11,68.75,12,9,75.0,3,5,7,2,1,1,0,0.572,0.429,0.0,28.174,28.17,58.6,0.286,0.0,0.674,1.573,2.288,1.573,1.716,1.29,10.73,0.429,0.715,1.001,0.286,3.432,2.72,11.32,10.73,62.97,14.3,0.15,9.83,23.84,45.93,55.64,29.95,79.5,76.77,71.25,31.81,63.24,24.96,50.01,75.67,30.6,29.8,0,0,0,0,0,0,0.0,0.0,0.0,0.0,0.0,58.34,4,3,5,80.71,20,Match_151,2025-11-06T14:37:54.999789+00:00,[],0,4,3,0,197,197,0,76.75,2,0,2.66,5,16,11,12,9,3,5,7,2,24,19,77.57,
"Villacarlos, Uriel",GK,760.55,59.71,56.82,31.35,58.56,47.54,starter,Brookside United,21,0.0,0.0,0.0,0.0,42.35,52.69,0.0,0.0,0.0,0.0,0.0,0.0,0.0,47.2,65.31,0.0,0.0,0.0,0.0,0.0,31.83,50.05,35.94,51.36,59.26,49.76,30.77,11102,24.33,231,74,157,32.03,7,3.03,1,16.54,7,8,1,1,12.5,12.5,1,1,100.0,2,2,100.0,6,2,33.33,2,9,1,2,2,1,0,0.947,0.118,0.118,27.335,8.76,18.58,0.828,0.118,1.957,0.828,0.237,0.237,0.71,0.24,3.94,0.237,1.065,0.118,0.237,0.118,0.12,11.83,1.48,1.48,3.79,0.36,11.83,26.78,75.39,71.54,53.17,68.75,73.09,71.83,32.43,51.34,50.51,76.6,41.91,57.45,63.88,35,20,15,57.14,35,15,2.367,1.775,4.142,4.142,1.775,6.76,2,4,6,48.85,11,Match_274,2025-10-01T10:31:27.000789+00:00,[],0,8,1,1,231,74,157,26.11,7,1,0.39,7,2,2,6,2,2,9,1,2,1,1,68.79,
"Nemenzo, Sirach Ethan",RW,1212.53,25.03,30.36,69.13,60.65,42.14,starter,Hillcrest Athletic,85,0.0,0.0,0.0,0.0,53.22,36.6,0.0,0.0,0.0,0.0,0.0,0.0,0.0,75.11,70.35,0.0,0.0,0.0,0.0,0.0,48.56,39.82,59.97,43.47,61.73,52.27,69.53,3591,4.94,827,725,102,87.67,14,1.69,2,20.83,20,28,11,2,39.29,7.14,24,14,58.33,49,15,30.61,23,23,100.0,5,27,3,2,3,5,0,2.078,0.816,0.148,61.384,53.81,7.57,1.039,0.148,1.546,1.484,3.637,1.113,1.707,1.71,7.42,0.371,2.004,0.223,0.148,1.781,1.04,4.33,2.92,0.53,6.51,0.13,2.27,68.11,60.08,35.85,57.55,67.76,64.76,23.73,65.03,42.08,64.33,30.68,38.2,24.3,45.37,0,0,0,0,0,0,0.0,0.0,0.0,0.0,0.0,66.71,2,4,0,81.83,7,Match_243,2025-05-17T18:45:24.000789+00:00,[],0,28,11,2,827,725,102,50.51,14,2,3.63,5,49,15,23,23,5,27,3,2,24,14,58.75,
"Bacnis, Hugo",CM,1206.09,38.32,67.69,22.58,23.9,60.55,starter,Far Eastern University,92,0.0,0.0,0.0,0.0,44.45,49.89,0.0,0.0,0.0,0.0,0.0,0.0,0.0,35.73,59.23,0.0,0.0,0.0,0.0,0.0,79.45,42.5,34.18,73.81,51.18,30.08,68.67,14333,19.81,655,222,433,33.89,15,2.29,1,21.37,34,13,1,0,7.69,0.0,12,9,75.0,22,6,27.27,13,12,92.31,4,34,5,2,2,3,0,0.97,0.075,0.0,48.877,16.57,32.31,1.119,0.075,1.595,2.537,1.642,0.448,0.97,0.9,6.89,0.298,2.537,0.373,0.149,0.895,0.67,5.6,0.57,31.31,2.53,0.17,2.03,76.15,52.01,59.03,21.81,74.82,64.23,34.45,78.08,24.68,79.25,29.81,41.81,64.26,66.28,0,0,0,0,0,0,0.0,0.0,0.0,0.0,0.0,76.87,3,5,4,47.81,16,Match_52,2025-07-16T19:42:55.001788+00:00,[],0,13,1,0,655,222,433,61.14,15,1,3.43,4,22,6,13,12,4,34,5,2,12,9,83.06,
"Santos, Aris",LW,1100.86,57.89,66.76,23.7,30.17,31.54,starter,Goldenfield Rovers,7,0.0,0.0,0.0,0.0,43.97,52.38,0.0,0.0,0.0,0.0,0.0,0.0,0.0,70.9,50.53,0.0,0.0,0.0,0.0,0.0,78.76,37.69,57.63,53.22,54.41,58.51,32.54,5384,8.15,441,188,253,42.63,10,2.27,1,24.82,17,33,21,1,63.64,3.03,34,22,64.71,9,1,11.11,16,12,75.0,9,16,10,1,3,3,0,2.698,1.717,0.082,36.054,15.37,20.68,0.818,0.082,2.029,1.39,0.736,0.082,1.308,0.98,6.13,0.736,1.308,0.818,0.082,2.78,1.8,5.29,5.2,0.25,3.49,0.19,0.91,24.28,70.4,37.61,54.2,79.95,36.99,56.06,20.98,77.46,37.35,73.29,25.14,24.4,47.51,0,0,0,0,0,0,0.0,0.0,0.0,0.0,0.0,55.74,1,4,2,38.67,11,Match_59,2025-07-20T16:08:35.002789+00:00,[],0,33,21,1,441,188,253,34.36,10,1,2.28,3,9,1,16,12,9,16,10,1,34,22,55.27,
"Asignar, Josh Rupert",CAM,1103.53,31.11,24.76,62.56,30.45,63.49,starter,University of the Philippines,43,0.0,0.0,0.0,0.0,38.98,51.61,0.0,0.0,0.0,0.0,0.0,0.0,0.0,56.03,61.74,0.0,0.0,0.0,0.0,0.0,71.49,62.48,67.86,74.59,33.37,45.11,30.9,14710,22.22,555,329,226,59.28,4,0.72,0,16.98,28,15,5,2,33.33,13.33,14,11,78.57,12,8,66.67,17,3,17.65,2,28,15,1,3,4,0,1.223,0.408,0.163,45.264,26.83,18.43,0.326,0.0,1.385,2.284,0.979,0.652,1.386,0.24,1.44,0.163,2.284,1.223,0.082,1.142,0.9,6.41,2.72,1.09,4.83,0.06,5.44,70.76,35.36,65.08,56.98,35.79,22.15,26.3,71.42,77.81,20.63,35.29,61.85,49.93,76.82,0,0,0,0,0,0,0.0,0.0,0.0,0.0,0.0,46.51,0,3,4,67.49,18,Match_378,2025-08-19T06:41:58.002789+00:00,[],0,15,5,2,555,329,226,22.35,4,0,2.05,2,12,8,17,3,2,28,15,1,14,11,22.5,
"Ladines, Marvin",LWB,990.52,74.16,76.64,62.31,36.13,23.54,substitute,Goldenfield Rovers,76,0.0,0.0,0.0,0.0,40.55,54.91,0.0,0.0,0.0,0.0,0.0,0.0,0.0,65.27,33.77,0.0,0.0,0.0,0.0,0.0,70.16,59.88,51.71,50.77,48.77,76.61,30.78,4444,7.48,769,769,0,100.0,20,2.6,3,7.9,21,6,2,2,33.33,33.33,9,7,77.78,42,10,23.81,20,12,60.0,4,18,11,1,3,1,0,0.545,0.182,0.182,69.872,69.87,43.23,1.817,0.273,0.718,1.908,3.816,0.909,1.817,1.09,5.45,0.363,1.636,0.999,0.091,0.818,0.64,7.07,3.03,3.03,9.09,0.24,2.16,68.68,56.67,50.3,29.88,63.13,57.46,76.49,26.64,67.48,28.14,62.05,67.55,31.08,51.25,0,0,0,0,0,0,0.0,0.0,0.0,0.0,0.0,72.27,5,4,3,75.61,3,Match_149,2025-06-24T11:11:00.003788+00:00,[],0,6,2,2,769,769,0,52.6,20,3,4.52,4,42,10,20,12,4,18,11,1,9,7,63.85,
"Reyes, Sam",LWB,1161.53,36.68,43.12,47.53,24.0,49.59,starter,Southgate United,67,0.0,0.0,0.0,0.0,31.39,65.48,0.0,0.0,0.0,0.0,0.0,0.0,0.0,76.8,43.78,0.0,0.0,0.0,0.0,0.0,69.51,72.17,63.47,69.78,79.52,61.98,64.46,17578,25.22,746,630,116,84.45,13,1.74,3,6.18,24,3,1,0,33.33,0.0,9,3,33.33,56,9,16.07,2,2,100.0,7,12,2,0,2,2,0,0.232,0.077,0.0,57.803,48.81,8.99,1.007,0.232,0.479,1.86,4.339,0.697,0.155,0.15,7.75,0.542,0.93,0.155,0.0,0.697,0.23,2.58,2.58,43.11,6.54,0.13,1.25,50.64,73.45,35.09,23.23,56.58,33.39,41.51,62.95,71.67,33.14,64.54,25.83,41.33,54.58,0,0,0,0,0,0,0.0,0.0,0.0,0.0,0.0,45.44,6,1,4,57.0,4,Match_235,2025-06-20T11:47:00.004782+00:00,[],0,3,1,0,746,630,116,70.59,13,3,4.12,2,56,9,2,2,7,12,2,0,9,3,82.98,
"Andrada, Vince",RW,1054.24,69.91,32.98,44.72,66.47,45.05,DNP,Coastal Town,51,0.0,0.0,0.0,0.0,76.47,56.94,0.0,0.0,0.0,0.0,0.0,0.0,0.0,66.46,34.1,0.0,0.0,0.0,0.0,0.0,65.86,37.96,59.44,49.83,70.08,60.13,33.44,15167,23.98,693,284,409,40.98,21,3.03,2,5.39,31,47,8,1,17.02,2.13,18,18,100.0,18,2,11.11,15,5,33.33,3,20,9,1,2,2,0,4.012,0.683,0.085,59.161,24.24,34.92,1.793,0.171,0.46,2.646,1.537,0.171,1.281,0.43,2.85,0.256,1.707,0.768,0.085,1.537,1.54,8.54,1.45,0.18,3.5,0.26,0.95,73.28,32.41,68.97,55.73,78.21,22.64,43.46,44.26,79.84,45.69,67.52,40.42,21.19,58.74,0,0,0,0,0,0,0.0,0.0,0.0,0.0,0.0,68.69,2,2,2,25.12,12,Match_387,2025-08-26T00:16:20.004782+00:00,[],0,47,8,1,693,284,409,47.52,21,2,4.51,5,18,2,15,5,3,20,9,1,18,18,62.47,
"Escodo, Luis",CM,911.99,63.12,50.29,64.52,74.01,56.68,starter,Northbridge FC,16,0.0,0.0,0.0,0.0,64.65,72.86,0.0,0.0,0.0,0.0,0.0,0.0,0.0,65.97,50.71,0.0,0.0,0.0,0.0,0.0,76.91,61.97,38.94,51.1,36.04,60.02,58.12,17577,32.12,0,0,0,77.68,0,1.4,0,25.47,0,5,2,0,40.0,0.0,9,8,88.89,11,4,36.36,23,17,73.91,2,30,2,2,2,1,0,0.493,0.197,0.0,0.0,73.94,55.31,0.0,0.0,2.514,0.0,1.086,0.395,2.27,1.68,7.29,0.197,2.961,0.197,0.197,0.888,0.79,8.77,3.95,41.0,7.87,0.14,3.59,52.2,44.78,51.31,56.59,34.22,70.26,25.62,46.55,53.81,77.34,25.61,27.13,48.69,46.33,0,0,0,0,0,0,0.0,0.0,0.0,0.0,0.0,61.49,3,2,3,52.61,5,Match_80,2025-05-23T11:18:27.005792+00:00,[],0,5,2,0,0,0,0,22.32,0,0,3.73,2,11,4,23,17,2,30,2,2,9,8,51.61,
"Legara, Ezralph",LWB,1156.01,69.43,34.9,59.68,78.86,49.63,substitute,2 Worlds FC,10,0.0,0.0,0.0,0.0,57.04,35.23,0.0,0.0,0.0,0.0,0.0,0.0,0.0,71.52,61.45,0.0,0.0,0.0,0.0,0.0,58.19,78.74,75.98,48.65,46.68,79.95,68.77,17870,25.76,707,623,84,88.12,17,2.4,4,14.53,12,5,0,0,0.0,0.0,1,1,100.0,98,49,50.0,24,8,33.33,5,9,4,1,3,3,0,0.389,0.0,0.0,55.043,48.5,6.54,1.324,0.311,1.131,0.934,7.63,3.815,1.868,0.62,2.59,0.389,0.701,0.311,0.078,0.078,0.08,7.79,42.36,70.31,6.86,0.19,3.89,32.12,76.04,49.79,51.09,30.25,47.49,22.69,69.59,21.55,49.55,25.34,20.13,20.18,58.04,0,0,0,0,0,0,0.0,0.0,0.0,0.0,0.0,60.94,5,1,5,44.43,5,Match_236,2025-09-19T04:07:57.005792+00:00,[],0,5,0,0,707,623,84,29.95,17,4,2.67,4,98,49,24,8,5,9,4,1,1,1,78.93,
"Reyes, Kirvy",CB,1196.59,64.58,76.79,30.16,42.89,64.74,starter,Mapúa University,83,0.0,0.0,0.0,0.0,40.75,73.26,0.0,0.0,0.0,0.0,0.0,0.0,0.0,43.51,54.19,0.0,0.0,0.0,0.0,0.0,56.95,49.75,69.45,58.59,54.03,57.84,69.66,11450,15.95,354,313,41,88.42,10,2.82,2,26.8,13,23,8,1,34.78,4.35,8,3,37.5,47,47,100.0,6,1,16.67,4,21,10,1,3,2,0,1.73,0.602,0.075,26.626,23.54,3.08,0.752,0.15,2.016,0.978,3.535,3.535,0.451,0.08,1.25,0.301,1.579,0.752,0.075,0.602,0.23,2.82,2.62,0.33,6.65,0.21,7.52,30.8,58.98,71.09,44.74,63.26,55.08,74.17,62.44,55.27,42.98,50.43,44.04,35.01,78.68,0,0,0,0,0,0,0.0,0.0,0.0,0.0,0.0,31.98,1,7,4,89.85,13,Match_135,2025-05-14T21:41:50.006790+00:00,[],0,23,8,1,354,313,41,87.33,10,2,1.52,0,47,47,6,1,4,21,10,1,8,3,25.66,
"Mapula, Paul Joshua",ST,623.5,60.52,20.96,29.51,75.95,29.96,starter,Mapúa University,24,0.0,0.0,0.0,0.0,42.77,31.95,0.0,0.0,0.0,0.0,0.0,0.0,0.0,67.03,73.63,0.0,0.0,0.0,0.0,0.0,45.0,55.36,78.41,37.33,31.51,69.49,76.69,7628,20.39,396,249,147,62.88,6,1.52,3,15.11,19,9,1,1,11.11,11.11,9,6,66.67,2,1,50.0,18,18,100.0,4,11,4,0,1,2,0,1.299,0.144,0.144,57.161,35.94,21.22,0.866,0.433,2.181,2.743,0.289,0.144,2.598,2.6,14.43,0.577,1.588,0.577,0.0,1.299,0.87,9.62,1.6,1.6,9.08,0.22,7.22,49.23,76.21,40.51,70.82,37.72,63.47,59.51,39.04,67.37,73.85,29.58,65.33,45.59,44.19,0,0,0,0,0,0,0.0,0.0,0.0,0.0,0.0,67.93,0,2,4,24.39,14,Match_5,2025-05-04T04:15:09.007789+00:00,[],0,9,1,1,396,249,147,50.78,6,3,0.12,4,2,1,18,18,4,11,4,0,9,6,25.05,
"Reyes, Sam",CDM,1350.0,30.99,35.45,56.43,43.48,22.61,substitute,San Beda University,67,0.0,0.0,0.0,0.0,32.33,60.15,0.0,0.0,0.0,0.0,0.0,0.0,0.0,36.29,58.18,0.0,0.0,0.0,0.0,0.0,65.22,78.51,69.92,58.47,53.91,34.93,54.78,6298,7.78,641,139,502,21.68,9,1.4,1,5.61,24,13,2,3,15.38,23.08,9,7,77.78,14,4,28.57,13,9,69.23,6,38,8,1,1,1,0,0.867,0.133,0.2,42.733,9.27,33.47,0.6,0.067,0.374,1.6,0.933,0.267,0.867,0.6,4.62,0.4,2.533,0.533,0.067,0.6,0.47,5.19,1.03,1.54,1.45,0.09,1.9,56.3,44.27,39.84,33.51,61.24,62.58,33.38,24.6,59.77,32.08,48.76,47.98,56.06,79.43,0,0,0,0,0,0,0.0,0.0,0.0,0.0,0.0,43.92,2,6,5,49.26,4,Match_33,2024-12-12T23:41:29.007789+00:00,[],0,13,2,3,641,139,502,70.43,9,1,2.68,5,14,4,13,9,6,38,8,1,9,7,37.64,
"Darapan, Jermi",CF,1052.55,54.74,69.56,23.57,62.66,23.33,substitute,Ateneo de Manila University,26,0.0,0.0,0.0,0.0,50.38,41.92,0.0,0.0,0.0,0.0,0.0,0.0,0.0,51.73,72.16,0.0,0.0,0.0,0.0,0.0,49.72,49.27,77.49,45.51,53.98,50.52,33.24,6125,9.7,320,295,25,92.19,7,2.19,2,11.0,21,26,11,0,42.31,0.0,10,5,50.0,23,21,91.3,20,10,50.0,4,16,12,1,1,2,0,2.223,0.941,0.0,27.362,25.22,2.14,0.599,0.171,0.941,1.796,1.967,1.796,1.71,0.86,4.28,0.342,1.368,1.026,0.086,0.855,0.43,4.28,3.62,64.75,7.88,0.19,7.81,50.5,46.83,72.03,40.04,22.07,39.25,78.31,39.12,67.73,71.02,57.94,69.11,62.78,59.14,0,0,0,0,0,0,0.0,0.0,0.0,0.0,0.0,31.98,2,2,6,58.99,9,Match_152,2024-12-29T18:17:21.008789+00:00,[],0,26,11,0,320,295,25,64.96,7,2,3.44,2,23,21,20,10,4,16,12,1,10,5,51.91,
"Santos, Sam",CDM,1186.23,43.89,21.54,63.54,23.68,63.7,starter,De La Salle University,77,0.0,0.0,0.0,0.0,35.78,57.8,0.0,0.0,0.0,0.0,0.0,0.0,0.0,38.97,49.99,0.0,0.0,0.0,0.0,0.0,37.35,67.57,54.99,63.16,37.2,66.9,75.33,15855,22.28,796,703,93,88.32,18,2.26,3,29.93,33,8,4,0,50.0,0.0,19,4,21.05,52,7,13.46,32,1,3.12,9,8,10,1,2,2,0,0.607,0.303,0.0,60.393,53.34,7.06,1.366,0.228,2.271,2.504,3.945,0.531,2.428,0.08,0.24,0.683,0.607,0.759,0.076,1.442,0.3,1.6,3.79,44.94,6.7,0.17,1.02,29.31,44.74,50.65,32.14,70.94,39.8,56.03,75.25,69.74,46.77,34.96,68.43,53.41,48.65,0,0,0,0,0,0,0.0,0.0,0.0,0.0,0.0,56.4,4,2,5,24.96,9,Match_84,2025-09-09T13:42:11.009788+00:00,[],0,8,4,0,796,703,93,44.71,18,3,4.99,4,52,7,32,1,9,8,10,1,19,4,24.01,
"Escodo, Jaro",RW,569.89,39.92,76.35,30.87,22.95,54.7,starter,Metro FC,85,0.0,0.0,0.0,0.0,34.02,36.72,0.0,0.0,0.0,0.0,0.0,0.0,0.0,30.31,53.82,0.0,0.0,0.0,0.0,0.0,59.76,77.45,68.17,59.78,46.94,43.89,54.97,7969,23.31,269,197,72,73.23,6,2.23,1,15.6,10,22,2,4,9.09,18.18,1,0,0.0,8,6,75.0,10,2,20.0,3,7,4,0,2,2,0,3.474,0.316,0.632,42.482,31.11,11.37,0.948,0.158,2.464,1.579,1.263,0.948,1.579,0.32,3.16,0.474,1.105,0.632,0.0,0.158,63.91,38.37,1.44,2.87,11.56,0.35,11.84,46.28,39.9,73.13,49.69,43.86,50.26,62.52,32.05,59.69,66.03,71.25,20.67,76.69,63.71,0,0,0,0,0,0,0.0,0.0,0.0,0.0,0.0,56.25,4,2,3,67.84,17,Match_272,2025-02-20T01:59:54.009788+00:00,[],0,22,2,4,269,197,72,88.44,6,1,0.48,2,8,6,10,2,3,7,4,0,1,0,24.53,
"Lopez, John",RWB,530.84,44.26,63.44,57.67,62.67,53.48,substitute,Valley Rovers,68,0.0,0.0,0.0,0.0,63.36,39.47,0.0,0.0,0.0,0.0,0.0,0.0,0.0,54.66,70.38,0.0,0.0,0.0,0.0,0.0,57.63,72.68,73.7,62.81,39.15,76.19,31.74,8554,26.86,363,163,200,44.9,10,2.75,2,5.69,8,3,1,0,33.33,0.0,4,1,25.0,30,0,0.0,1,0,0.0,3,10,5,0,1,0,0,0.509,0.17,0.0,61.544,27.64,33.91,1.695,0.339,0.965,1.356,5.086,0.0,0.17,41.79,51.08,0.509,1.695,0.848,0.0,0.678,0.17,4.24,5.65,44.19,7.61,0.47,46.83,57.31,52.36,47.08,31.96,73.83,35.3,59.43,49.26,38.44,68.31,26.22,41.06,52.99,31.61,0,0,0,0,0,0,0.0,0.0,0.0,0.0,0.0,36.3,0,2,4,36.51,20,Match_105,2025-02-07T06:27:10.010789+00:00,[],0,3,1,0,363,163,200,48.39,10,2,1.2,4,30,0,1,0,3,10,5,0,4,1,75.51,
"Espana, Dave",CM,1082.07,31.93,38.72,54.17,57.75,30.88,DNP,De La Salle University,65,0.0,0.0,0.0,0.0,76.19,31.74,0.0,0.0,0.0,0.0,0.0,0.0,0.0,43.55,33.4,0.0,0.0,0.0,0.0,0.0,54.06,77.05,54.25,40.49,62.29,36.01,68.9,3921,6.04,405,405,0,100.0,6,1.48,1,29.51,24,23,7,2,30.43,8.7,5,4,80.0,17,13,76.47,12,12,100.0,3,15,10,1,3,3,0,1.913,0.582,0.166,33.685,33.69,36.98,0.499,0.083,2.454,1.996,1.414,1.081,0.998,1.0,8.32,0.25,1.248,0.832,0.083,0.416,0.33,6.65,2.53,0.72,8.32,0.12,6.36,35.46,44.29,78.51,75.7,45.42,22.54,61.22,26.15,70.53,25.52,36.06,59.94,41.56,56.58,0,0,0,0,0,0,0.0,0.0,0.0,0.0,0.0,78.64,4,1,3,52.56,17,Match_238,2025-03-26T09:20:15.011789+00:00,[],0,23,7,2,405,405,0,52.91,6,1,3.54,4,17,13,12,12,3,15,10,1,5,4,56.29,
"Aningalan, Jul",CM,1017.99,55.29,69.6,27.02,25.83,70.87,starter,Riverside FC,86,0.0,0.0,0.0,0.0,58.1,54.52,0.0,0.0,0.0,0.0,0.0,0.0,0.0,49.46,37.48,0.0,0.0,0.0,0.0,0.0,78.43,36.73,66.53,32.75,39.21,61.95,32.14,9660,15.82,289,289,0,100.0,7,2.42,1,28.65,10,5,1,0,20.0,0.0,14,2,14.29,22,4,18.18,16,3,18.75,2,23,7,1,3,1,0,0.442,0.088,0.0,25.55,25.55,37.9,0.619,0.088,2.533,0.884,1.945,0.354,1.415,0.27,1.66,0.177,2.033,0.619,0.088,1.238,0.18,1.26,1.77,49.08,8.84,0.21,1.61,74.1,37.86,34.63,31.79,44.01,37.76,40.93,79.26,71.31,77.66,34.69,61.66,64.26,63.47,0,0,0,0,0,0,0.0,0.0,0.0,0.0,0.0,76.5,0,0,5,71.1,1,Match_148,2025-04-19T05:42:07.011789+00:00,[],0,5,1,0,289,289,0,87.1,7,1,3.63,3,22,4,16,3,2,23,7,1,14,2,32.67,
"Dela Cruz, Bel",CM,734.51,65.18,78.37,46.22,46.01,45.16,substitute,Valley Rovers,88,0.0,0.0,0.0,0.0,50.42,62.27,0.0,0.0,0.0,0.0,0.0,0.0,0.0,48.5,75.24,0.0,0.0,0.0,0.0,0.0,54.83,38.87,43.78,75.34,74.05,46.65,53.73,8762,19.88,477,477,0,100.0,1,0.21,0,11.14,28,4,2,0,50.0,0.0,7,2,28.57,0,0,35.38,12,1,8.33,4,7,5,1,1,1,0,0.49,0.245,0.0,58.447,58.45,32.67,0.123,0.0,1.365,3.431,0.0,0.0,1.47,0.12,1.02,0.49,0.858,0.613,0.123,0.858,0.25,3.5,6.13,62.92,12.25,0.03,4.34,71.1,38.02,60.14,63.16,73.87,50.47,27.02,59.7,75.85,31.64,27.94,44.75,46.91,31.57,0,0,0,0,0,0,0.0,0.0,0.0,0.0,0.0,66.21,4,4,4,35.4,9,Match_208,2025-05-25T22:32:01.012788+00:00,[],0,4,2,0,477,477,0,66.49,1,0,0.63,4,0,0,12,1,4,7,5,1,7,2,80.19,
"Garces, Josh",CAM,1049.89,30.24,73.33,66.86,77.04,60.65,DNP,Riverstone FC,6,0.0,0.0,0.0,0.0,70.46,36.85,0.0,0.0,0.0,0.0,0.0,0.0,0.0,56.19,58.38,0.0,0.0,0.0,0.0,0.0,59.15,68.34,44.52,52.7,38.9,75.73,47.36,22028,34.97,1174,1093,81,93.1,14,1.19,0,17.54,82,18,12,1,66.67,5.56,21,9,42.86,28,28,100.0,31,13,41.94,6,5,3,1,2,2,0,1.543,1.029,0.086,100.639,93.7,6.94,1.2,0.0,1.504,7.029,2.4,2.4,2.657,1.11,3.6,0.514,0.429,0.257,0.086,1.8,0.77,3.67,5.72,0.48,7.98,0.1,8.57,42.05,40.96,37.88,79.06,24.72,53.53,65.12,63.39,78.62,50.77,77.0,22.29,63.64,71.3,0,0,0,0,0,0,0.0,0.0,0.0,0.0,0.0,71.41,5,3,1,43.54,1,Match_182,2025-05-10T19:33:13.012788+00:00,[],0,18,12,1,1174,1093,81,44.94,14,0,1.08,2,28,28,31,13,6,5,3,1,21,9,54.44,
"Garces, Josh",CF,1086.83,36.75,37.57,49.41,44.98,77.26,substitute,Southgate United,9,0.0,0.0,0.0,0.0,51.88,70.94,0.0,0.0,0.0,0.0,0.0,0.0,0.0,39.51,43.03,0.0,0.0,0.0,0.0,0.0,79.32,76.91,74.98,74.27,78.78,44.22,58.07,11254,17.26,486,486,0,100.0,3,0.62,0,9.63,19,27,9,2,33.33,7.41,16,14,87.5,13,6,46.15,14,9,64.29,5,20,16,1,2,2,0,2.236,0.745,0.166,40.245,40.25,67.68,0.248,0.0,0.797,1.573,1.077,0.497,1.159,0.75,5.32,0.414,1.656,1.325,0.083,1.325,1.16,7.25,2.76,0.61,8.28,0.05,3.82,54.14,21.08,70.46,42.12,54.44,52.52,32.24,43.88,74.06,79.4,73.39,79.22,45.23,51.19,0,0,0,0,0,0,0.0,0.0,0.0,0.0,0.0,45.68,3,3,4,68.59,2,Match_136,2025-10-02T14:38:34.013782+00:00,[],0,27,9,2,486,486,0,50.89,3,0,1.26,2,13,6,14,9,5,20,16,1,16,14,52.3,
"Tabay, Albin",LW,1337.01,62.1,53.7,77.97,69.21,52.37,DNP,Highland Wanderers,70,0.0,0.0,0.0,0.0,36.89,32.75,0.0,0.0,0.0,0.0,0.0,0.0,0.0,78.41,77.24,0.0,0.0,0.0,0.0,0.0,78.36,79.33,32.86,33.46,34.26,48.11,57.4,7414,9.24,835,314,521,37.6,8,0.96,2,11.52,3,26,10,2,38.46,7.69,28,4,14.29,42,12,28.57,8,3,37.5,6,0,10,2,1,2,0,1.75,0.673,0.135,56.208,21.14,35.07,0.539,0.135,0.775,0.202,2.827,0.808,0.539,0.2,2.52,0.404,0.0,0.673,0.135,1.885,0.27,0.96,2.59,0.52,2.53,0.06,1.92,71.85,38.03,55.76,22.59,44.71,53.08,62.06,39.36,78.89,25.84,44.27,63.93,29.78,36.97,0,0,0,0,0,0,0.0,0.0,0.0,0.0,0.0,58.64,4,3,5,80.06,8,Match_249,2024-12-30T12:31:15.014799+00:00,[],0,26,10,2,835,314,521,37.92,8,2,1.12,3,42,12,8,3,6,0,10,2,28,4,84.33,
"Santos, Aris",GK,847.79,58.84,51.87,79.23,39.59,74.7,starter,Summit Peak FC,66,0.0,0.0,0.0,0.0,48.91,69.6,0.0,0.0,0.0,0.0,0.0,0.0,0.0,74.08,53.81,0.0,0.0,0.0,0.0,0.0,70.21,66.19,48.33,36.35,45.22,53.33,44.44,10166,19.99,232,108,124,46.55,3,1.29,0,13.22,7,4,0,0,0.0,0.0,9,9,100.0,15,10,66.67,14,10,71.43,3,22,11,1,2,1,0,0.425,0.0,0.0,24.629,11.47,13.16,0.318,0.0,1.403,0.743,1.592,1.062,1.486,1.06,7.58,0.318,2.335,1.168,0.106,0.955,0.96,10.62,57.0,62.04,4.94,0.14,7.08,52.39,58.07,49.04,67.45,56.52,69.13,52.66,31.5,21.42,47.13,32.37,24.95,23.1,78.03,27,25,2,92.59,27,2,2.654,0.212,2.866,2.866,0.212,9.83,2,1,4,76.15,8,Match_36,2025-01-12T20:21:01.014799+00:00,[],0,4,0,0,232,108,124,23.32,3,0,3.81,5,15,10,14,10,3,22,11,1,9,9,64.12,
"Andrada, Vince",LB,746.74,68.73,54.96,60.7,29.92,39.61,starter,University of the Philippines,2,0.0,0.0,0.0,0.0,57.6,40.29,0.0,0.0,0.0,0.0,0.0,0.0,0.0,39.33,75.8,0.0,0.0,0.0,0.0,0.0,51.91,66.72,49.2,41.44,64.91,35.91,79.13,8977,20.04,116,77,39,66.38,2,1.72,0,12.67,6,7,2,0,28.57,0.0,11,5,45.45,29,26,89.66,3,1,33.33,3,6,1,2,2,2,0,0.844,0.241,0.0,13.981,9.28,4.7,0.241,0.0,1.527,0.723,3.495,3.134,0.362,0.12,4.02,0.362,0.723,0.121,0.241,1.326,0.6,5.48,3.44,33.65,8.0,0.21,10.81,34.94,54.33,28.77,70.51,45.88,36.29,26.07,29.32,77.66,65.79,66.77,78.65,52.52,23.67,0,0,0,0,0,0,0.0,0.0,0.0,0.0,0.0,35.4,1,3,3,42.77,18,Match_238,2025-06-14T03:35:42.015789+00:00,[],0,7,2,0,116,77,39,84.08,2,0,3.31,2,29,26,3,1,3,6,1,2,11,5,46.69,
"Perez, Luis",GK,88.24,35.35,78.63,21.38,45.19,54.78,starter,University of Santo Tomas,91,0.0,0.0,0.0,0.0,78.32,60.68,0.0,0.0,0.0,0.0,0.0,0.0,0.0,55.28,31.6,0.0,0.0,0.0,0.0,0.0,49.61,52.04,69.28,65.99,34.92,60.77,36.18,1382,26.1,15,12,3,80.0,0,0.0,0,16.65,1,1,0,0,0.0,0.0,2,0,0.0,1,1,100.0,3,2,66.67,0,2,1,0,0,1,0,1.02,0.0,0.0,15.299,12.24,3.06,0.0,0.0,16.982,1.02,1.02,1.02,3.06,2.04,68.0,0.0,2.04,1.02,0.0,2.04,49.78,30.46,38.24,62.2,81.6,31.36,100.0,42.89,78.9,57.54,43.41,47.88,34.74,33.28,63.62,67.93,79.07,43.29,38.45,37.61,38.44,2,1,1,50.0,2,1,1.02,1.02,2.04,2.04,1.02,51.0,3,4,3,55.67,1,Match_208,2025-02-19T16:08:57.016798+00:00,[],0,1,0,0,15,12,3,41.41,0,0,3.2,4,1,1,3,2,0,2,1,0,2,0,55.06,
"Santos, Luis",RB,417.13,70.26,54.35,64.86,64.97,25.04,substitute,Redwood Borough,59,0.0,0.0,0.0,0.0,39.67,66.09,0.0,0.0,0.0,0.0,0.0,0.0,0.0,44.54,39.16,0.0,0.0,0.0,0.0,0.0,47.21,75.33,50.35,41.17,64.28,39.14,35.87,7045,28.15,97,27,70,27.84,2,2.06,0,17.9,3,5,1,0,20.0,0.0,7,1,14.29,28,8,28.57,6,1,16.67,1,4,3,0,1,1,0,1.079,0.216,0.0,20.929,5.83,15.1,0.432,0.0,3.862,0.647,6.041,1.726,1.295,0.22,3.6,0.216,0.863,0.647,0.0,1.51,0.22,3.08,4.32,71.92,6.01,0.44,6.16,40.37,25.46,38.72,41.44,78.48,42.08,57.36,35.36,57.62,28.43,25.76,31.89,53.1,28.49,0,0,0,0,0,0,0.0,0.0,0.0,0.0,0.0,41.64,3,2,1,35.22,7,Match_213,2025-04-14T19:45:05.016798+00:00,[],0,5,1,0,97,27,70,61.25,2,0,2.07,6,28,8,6,1,1,4,3,0,7,1,28.74,
"Amador, Roniel",RB,925.15,35.98,20.91,26.79,23.95,45.46,substitute,Mapúa University,9,0.0,0.0,0.0,0.0,51.95,76.15,0.0,0.0,0.0,0.0,0.0,0.0,0.0,56.92,30.78,0.0,0.0,0.0,0.0,0.0,63.43,68.86,43.19,70.46,72.98,57.53,44.21,10935,19.7,767,693,74,90.35,3,0.39,0,18.65,43,3,0,0,0.0,0.0,12,3,25.0,61,25,40.98,19,18,94.74,4,8,8,0,1,1,0,0.292,0.0,0.0,74.615,67.42,7.2,0.292,0.0,1.814,4.183,5.934,2.432,1.848,1.75,9.22,0.389,0.778,0.778,0.0,1.167,0.29,2.43,39.33,56.64,8.79,0.04,3.99,69.97,31.09,36.92,47.9,48.69,60.67,60.62,77.87,42.28,59.83,57.03,64.34,73.49,77.95,0,0,0,0,0,0,0.0,0.0,0.0,0.0,0.0,64.09,5,3,2,45.39,11,Match_241,2024-12-16T21:39:17.017795+00:00,[],0,3,0,0,767,693,74,24.0,3,0,3.92,4,61,25,19,18,4,8,8,0,12,3,55.33,
"Digal, Diego",CB,743.71,40.71,59.49,66.86,58.1,27.69,substitute,Lyceum,64,0.0,0.0,0.0,0.0,32.14,50.2,0.0,0.0,0.0,0.0,0.0,0.0,0.0,67.42,78.83,0.0,0.0,0.0,0.0,0.0,49.64,45.36,45.37,43.22,38.8,67.05,38.35,9922,22.24,393,357,36,90.84,4,1.02,0,6.9,33,2,0,0,0.0,0.0,10,1,10.0,34,14,41.18,4,4,100.0,7,14,2,2,1,1,0,0.242,0.0,0.0,47.559,43.2,4.36,0.484,0.0,0.835,3.993,4.115,1.694,0.484,0.48,12.1,0.847,1.694,0.242,0.242,1.21,0.12,1.21,30.71,79.57,10.99,0.12,4.98,25.71,28.64,70.6,69.9,68.87,78.38,63.93,28.54,77.37,42.16,54.2,33.4,58.94,74.59,0,0,0,0,0,0,0.0,0.0,0.0,0.0,0.0,34.46,2,3,4,54.61,7,Match_141,2025-09-19T02:18:36.018790+00:00,[],0,2,0,0,393,357,36,30.76,4,0,3.05,3,34,14,4,4,7,14,2,2,10,1,79.1,
"Digal, Diego",RB,547.33,45.12,27.81,44.19,30.66,70.43,starter,San Beda University,24,0.0,0.0,0.0,0.0,76.78,36.78,0.0,0.0,0.0,0.0,0.0,0.0,0.0,43.24,30.75,0.0,0.0,0.0,0.0,0.0,75.47,33.24,48.89,42.19,79.47,57.84,44.33,2814,8.57,0,0,0,65.13,0,4.1,0,16.94,0,7,3,1,42.86,14.29,2,1,50.0,34,19,55.88,4,2,50.0,1,15,5,0,1,1,0,1.151,0.493,0.164,0.0,74.7,69.89,0.0,0.0,2.786,0.0,5.591,3.124,0.658,0.33,8.22,0.164,2.467,0.822,0.0,0.329,0.16,8.22,7.05,2.35,13.52,0.67,9.19,40.34,50.57,63.28,37.14,42.58,54.85,32.39,24.15,36.87,58.82,49.81,71.86,51.15,21.38,0,0,0,0,0,0,0.0,0.0,0.0,0.0,0.0,40.02,1,2,4,55.14,3,Match_185,2025-03-06T08:59:38.018790+00:00,[],0,7,3,1,0,0,0,33.39,0,0,1.48,4,34,19,4,2,1,15,5,0,2,1,25.07,
"Diola, Ezekiel",LW,986.52,46.91,51.07,37.5,62.02,47.77,starter,Northbridge FC,54,0.0,0.0,0.0,0.0,59.67,71.64,0.0,0.0,0.0,0.0,0.0,0.0,0.0,69.33,37.46,0.0,0.0,0.0,0.0,0.0,61.52,79.37,30.51,78.01,78.13,49.5,34.89,6822,11.53,753,124,629,16.47,9,1.2,2,15.88,39,5,1,0,20.0,0.0,14,8,57.14,26,14,53.85,20,15,75.0,5,19,12,2,3,1,0,0.456,0.091,0.0,68.696,11.31,57.38,0.821,0.182,1.449,3.558,2.372,1.277,1.825,1.37,6.84,0.456,1.733,1.095,0.182,1.277,0.73,5.21,1.82,30.49,1.5,0.11,4.91,34.1,79.26,58.53,58.41,58.44,69.77,74.22,26.27,44.92,39.63,37.09,69.17,67.47,36.64,0,0,0,0,0,0,0.0,0.0,0.0,0.0,0.0,53.68,1,3,3,26.44,14,Match_46,2025-01-25T08:57:41.019789+00:00,[],0,5,1,0,753,124,629,45.94,9,2,2.26,3,26,14,20,15,5,19,12,2,14,8,59.92,
"Ebrada, Zraim Uichi",CF,686.24,49.9,37.32,51.91,45.86,29.36,starter,Goldenfield Rovers,14,0.0,0.0,0.0,0.0,65.61,53.66,0.0,0.0,0.0,0.0,0.0,0.0,0.0,72.56,59.46,0.0,0.0,0.0,0.0,0.0,53.17,48.86,58.96,58.21,63.45,37.2,39.36,5955,14.46,101,66,35,65.35,3,2.97,0,22.57,6,39,13,3,33.33,7.69,5,3,60.0,7,6,85.71,11,7,63.64,2,8,7,0,3,2,0,5.115,1.705,0.393,13.246,8.66,4.59,0.393,0.0,2.96,0.787,0.918,0.787,1.443,0.92,8.35,0.262,1.049,0.918,0.0,0.656,0.39,7.87,4.37,1.01,8.57,0.39,11.24,59.0,38.48,29.34,72.75,36.18,46.27,29.27,64.66,66.93,21.42,27.63,36.51,20.21,37.55,0,0,0,0,0,0,0.0,0.0,0.0,0.0,0.0,64.69,3,5,3,44.18,8,Match_46,2025-07-01T22:04:44.019789+00:00,[],0,39,13,3,101,66,35,73.44,3,0,2.11,2,7,6,11,7,2,8,7,0,5,3,48.6,
"Ladines, Marvin",CDM,1003.78,50.99,36.35,41.07,33.05,35.0,substitute,2 Worlds FC,70,0.0,0.0,0.0,0.0,67.02,58.74,0.0,0.0,0.0,0.0,0.0,0.0,0.0,55.56,50.38,0.0,0.0,0.0,0.0,0.0,74.21,35.25,34.4,31.84,79.48,44.36,32.02,8415,13.97,515,352,163,68.35,4,0.78,0,25.59,35,8,0,1,0.0,12.5,9,7,77.78,26,11,42.31,12,7,58.33,5,7,1,2,2,3,0,0.717,0.0,0.09,46.175,31.56,14.61,0.359,0.0,2.294,3.138,2.331,0.986,1.076,0.63,5.23,0.448,0.628,0.09,0.179,0.807,0.63,6.97,54.67,1.12,6.13,0.07,3.79,74.42,24.33,74.33,21.64,21.99,73.32,30.24,52.27,42.52,44.23,22.05,23.51,67.37,28.63,0,0,0,0,0,0,0.0,0.0,0.0,0.0,0.0,78.57,1,1,3,31.19,8,Match_27,2025-06-03T22:58:59.020789+00:00,[],0,8,0,1,515,352,163,73.58,4,0,1.13,4,26,11,12,7,5,7,1,2,9,7,85.84,
"Bacaycay, Kurt",ST,430.06,26.65,49.17,43.51,73.2,58.47,starter,Redwood Borough,51,0.0,0.0,0.0,0.0,35.79,51.52,0.0,0.0,0.0,0.0,0.0,0.0,0.0,61.47,38.63,0.0,0.0,0.0,0.0,0.0,40.51,49.17,51.69,65.65,71.09,67.01,67.14,5781,22.4,285,285,0,100.0,6,2.11,2,16.84,16,13,4,0,30.77,0.0,3,3,100.0,4,1,25.0,7,7,100.0,2,7,3,0,0,2,0,2.721,0.837,0.0,59.643,59.64,77.63,1.256,0.419,3.524,3.348,0.837,0.209,1.465,1.46,20.93,0.419,1.465,0.628,0.0,0.628,0.63,20.93,6.44,42.37,20.93,0.44,5.23,60.06,51.79,77.33,74.33,65.78,50.96,27.09,23.82,32.4,59.17,30.33,76.06,29.02,32.47,0,0,0,0,0,0,0.0,0.0,0.0,0.0,0.0,68.53,4,1,1,80.09,2,Match_259,2025-07-14T02:54:29.021788+00:00,[],0,13,4,0,285,285,0,64.86,6,2,2.31,5,4,1,7,7,2,7,3,0,3,3,21.99,
"Salingay, Sam",CB,1141.59,44.04,64.48,56.76,64.66,22.09,substitute,Lyceum,86,0.0,0.0,0.0,0.0,37.97,53.36,0.0,0.0,0.0,0.0,0.0,0.0,0.0,36.83,74.27,0.0,0.0,0.0,0.0,0.0,63.87,55.58,31.02,76.85,74.04,71.16,31.08,6262,9.14,629,294,335,46.74,5,0.79,2,9.35,17,2,2,0,100.0,0.0,15,4,26.67,83,0,0.0,29,23,79.31,3,28,12,2,2,2,0,0.158,0.158,0.0,49.589,23.18,26.41,0.394,0.158,0.737,1.34,6.544,0.0,2.286,1.81,6.25,0.237,2.207,0.946,0.158,1.183,0.32,2.1,7.88,32.7,3.68,0.06,46.06,48.41,42.8,23.03,77.91,71.44,59.72,58.91,79.26,35.81,24.95,64.89,65.45,35.91,49.36,0,0,0,0,0,0,0.0,0.0,0.0,0.0,0.0,68.05,6,1,1,67.13,11,Match_318,2025-09-14T17:52:22.021788+00:00,[],0,2,2,0,629,294,335,59.87,5,2,4.32,2,83,0,29,23,3,28,12,2,15,4,84.95,
"Moleje, Josh",CB,494.33,50.43,26.84,40.86,62.69,60.89,substitute,De La Salle University,63,0.0,0.0,0.0,0.0,62.42,51.87,0.0,0.0,0.0,0.0,0.0,0.0,0.0,45.29,72.23,0.0,0.0,0.0,0.0,0.0,62.66,38.85,60.75,58.25,36.24,51.77,46.25,6003,20.24,17,16,1,94.12,0,0.0,0,8.21,0,0,0,0,45.88,3.88,2,0,0.0,17,10,58.82,8,2,25.0,2,5,2,0,1,1,0,0.0,0.0,0.0,3.095,2.91,0.18,0.0,0.0,1.495,0.0,3.095,1.821,1.457,0.36,4.55,0.364,0.91,0.364,0.0,0.364,79.55,33.02,8.35,0.71,17.14,59.75,10.71,30.71,78.05,24.63,55.81,76.65,65.77,27.84,70.89,28.52,40.89,52.78,24.24,46.58,67.44,0,0,0,0,0,0,0.0,0.0,0.0,0.0,0.0,31.58,5,0,3,35.91,16,Match_56,2024-12-19T05:43:44.022788+00:00,[],0,0,0,0,17,16,1,83.26,0,0,4.16,1,17,10,8,2,2,5,2,0,2,0,81.13,
"Mapula, Paul Joshua",GK,848.95,36.93,21.51,31.18,28.59,79.93,starter,Riverside FC,43,0.0,0.0,0.0,0.0,60.63,44.57,0.0,0.0,0.0,0.0,0.0,0.0,0.0,55.45,49.8,0.0,0.0,0.0,0.0,0.0,34.51,67.9,65.42,58.06,40.7,73.8,69.58,15463,30.36,198,143,55,72.22,6,3.03,3,9.92,9,13,4,0,30.77,0.0,7,2,28.57,7,5,71.43,6,0,0.0,3,1,10,1,1,1,0,1.378,0.424,0.0,20.991,15.16,5.83,0.636,0.318,1.052,0.954,0.742,0.53,0.636,34.79,58.24,0.318,0.106,1.06,0.106,0.742,0.21,3.03,3.26,64.26,7.66,0.32,7.57,20.81,32.1,44.55,68.85,36.85,72.42,57.13,53.62,34.09,33.33,68.1,35.89,60.93,32.96,25,12,13,48.0,25,13,1.272,1.378,2.65,2.65,1.378,5.09,4,1,3,39.58,14,Match_11,2025-03-22T03:02:38.023796+00:00,[],0,13,4,0,198,143,55,32.32,6,3,2.13,3,7,5,6,0,3,1,10,1,7,2,38.91,
"Aningalan, Marco",LW,566.39,54.99,53.68,23.74,21.16,32.47,starter,Harborview United,4,0.0,0.0,0.0,0.0,38.12,69.26,0.0,0.0,0.0,0.0,0.0,0.0,0.0,56.55,70.7,0.0,0.0,0.0,0.0,0.0,64.17,44.53,75.93,36.52,35.97,42.36,78.73,4664,13.72,214,214,0,100.0,6,2.8,2,13.06,10,18,10,0,55.56,0.0,6,6,100.0,6,5,83.33,11,9,81.82,2,6,8,0,1,1,0,2.86,1.589,0.0,34.005,34.0,56.16,0.953,0.318,2.075,1.589,0.953,0.795,1.748,1.43,13.0,0.318,0.953,1.271,0.0,0.953,0.95,15.89,8.83,45.4,15.89,0.44,13.24,43.64,30.62,28.8,36.12,38.13,69.74,31.14,41.56,35.54,43.38,33.95,28.03,62.22,62.36,0,0,0,0,0,0,0.0,0.0,0.0,0.0,0.0,34.29,4,3,5,83.82,3,Match_84,2025-03-29T02:06:06.023796+00:00,[],0,18,10,0,214,214,0,35.87,6,2,4.64,4,6,5,11,9,2,6,8,0,6,6,39.11,
"Bacaycay, Kurt",RW,693.03,25.23,64.13,40.46,47.86,70.63,starter,Goldenfield Rovers,93,0.0,0.0,0.0,0.0,54.35,53.68,0.0,0.0,0.0,0.0,0.0,0.0,0.0,32.59,58.36,0.0,0.0,0.0,0.0,0.0,35.78,73.38,52.7,56.75,74.08,43.89,52.39,12207,29.36,218,210,8,96.33,4,1.83,0,13.49,14,23,12,0,52.17,0.0,19,1,5.26,17,8,47.06,5,3,60.0,2,15,5,2,1,1,0,2.987,1.558,0.0,28.31,27.27,1.04,0.519,0.0,1.752,1.818,2.208,1.039,0.649,0.39,7.79,0.26,1.948,0.649,0.26,2.467,0.13,0.68,6.78,62.14,12.51,0.24,6.11,58.48,44.37,64.63,74.41,48.73,78.57,25.61,25.14,74.75,28.08,20.23,29.3,64.21,27.12,0,0,0,0,0,0,0.0,0.0,0.0,0.0,0.0,59.15,4,3,3,20.44,7,Match_207,2025-10-30T10:20:38.024793+00:00,[],0,23,12,0,218,210,8,27.09,4,0,1.1,1,17,8,5,3,2,15,5,2,19,1,51.76,
"Lood, Trevor",LWB,866.17,38.45,73.24,35.12,29.3,56.43,starter,San Beda University,95,0.0,0.0,0.0,0.0,35.14,71.31,0.0,0.0,0.0,0.0,0.0,0.0,0.0,38.94,36.13,0.0,0.0,0.0,0.0,0.0,67.31,40.85,71.49,60.51,46.96,79.83,35.57,14111,27.15,670,505,165,75.37,19,2.84,1,21.74,1,14,3,1,21.43,7.14,8,8,100.0,5,1,20.0,21,16,76.19,4,17,10,3,3,1,0,1.455,0.312,0.104,69.617,52.47,17.14,1.974,0.104,2.259,0.104,0.52,0.104,2.182,1.66,7.92,0.416,1.766,1.039,0.312,0.831,0.83,10.39,2.23,0.74,7.83,0.3,2.08,71.09,29.32,31.85,49.85,48.16,36.29,74.04,28.87,28.71,71.47,60.78,27.87,58.74,68.61,0,0,0,0,0,0,0.0,0.0,0.0,0.0,0.0,34.99,4,5,5,65.25,6,Match_327,2025-09-26T21:23:44.025791+00:00,[],0,14,3,1,670,505,165,86.15,19,1,4.46,1,5,1,21,16,4,17,10,3,8,8,86.35,
"Reyes, Edvard",LWB,1146.59,73.31,73.63,42.84,75.79,31.74,starter,Westwood Athletic,81,0.0,0.0,0.0,0.0,35.71,35.71,0.0,0.0,0.0,0.0,0.0,0.0,0.0,57.63,76.97,0.0,0.0,0.0,0.0,0.0,63.78,77.73,54.12,50.89,56.17,43.0,63.12,4330,6.29,851,559,292,65.69,20,2.35,3,18.02,10,9,2,1,22.22,11.11,9,4,44.44,0,0,34.27,18,5,27.78,5,17,4,1,3,2,0,0.706,0.157,0.078,66.798,43.88,22.92,1.57,0.235,1.414,0.785,0.0,0.0,1.413,0.39,2.18,0.392,1.334,0.314,0.078,0.706,0.31,3.49,1.74,0.87,5.16,0.18,2.69,40.89,46.77,25.11,41.51,35.63,79.46,34.59,58.34,50.35,73.97,39.42,26.47,68.05,52.67,0,0,0,0,0,0,0.0,0.0,0.0,0.0,0.0,69.96,3,1,1,78.97,18,Match_345,2025-08-28T19:10:58.025791+00:00,[],0,9,2,1,851,559,292,26.2,20,3,1.55,2,0,0,18,5,5,17,4,1,9,4,33.55,
"Mapula, Paul Joshua",CDM,1078.94,48.3,37.45,43.16,45.86,45.76,starter,National University,54,0.0,0.0,0.0,0.0,59.47,55.47,0.0,0.0,0.0,0.0,0.0,0.0,0.0,59.57,40.16,0.0,0.0,0.0,0.0,0.0,77.16,68.2,70.63,44.1,58.26,55.31,63.88,22548,34.83,1205,803,402,66.64,15,1.24,1,23.91,57,13,3,0,23.08,0.0,2,2,100.0,39,29,74.36,21,0,0.0,6,9,13,0,3,2,0,1.084,0.25,0.0,100.515,66.98,33.53,1.251,0.083,1.994,4.755,3.253,2.419,1.752,66.77,71.09,0.5,0.751,1.084,0.0,0.167,0.17,8.34,1.93,32.32,5.56,0.1,6.2,20.65,36.36,33.59,60.92,49.05,60.09,61.66,34.22,48.18,27.62,62.05,49.03,45.06,65.17,0,0,0,0,0,0,0.0,0.0,0.0,0.0,0.0,69.13,2,3,4,59.38,18,Match_382,2024-12-30T02:41:10.026795+00:00,[],0,13,3,0,1205,803,402,45.19,15,1,1.4,2,39,29,21,0,6,9,13,0,2,2,20.47,
"Omitade, Edvard",RW,1053.13,47.65,40.09,67.96,35.63,70.28,starter,Riverstone FC,16,0.0,0.0,0.0,0.0,46.25,49.27,0.0,0.0,0.0,0.0,0.0,0.0,0.0,68.58,51.29,0.0,0.0,0.0,0.0,0.0,53.56,79.64,68.62,69.82,36.86,37.67,46.09,12568,19.89,117,104,13,88.89,2,1.71,0,21.16,8,43,18,6,41.86,13.95,26,10,38.46,21,10,47.62,20,1,5.0,8,9,18,1,1,2,0,3.675,1.538,0.513,9.999,8.89,1.11,0.171,0.0,1.808,0.684,1.795,0.855,1.709,0.09,0.43,0.684,0.769,1.538,0.085,2.222,0.85,3.29,3.58,1.19,7.6,0.15,4.07,46.07,37.7,34.04,70.74,74.15,36.31,33.6,72.38,27.54,42.72,40.18,40.74,45.09,55.34,0,0,0,0,0,0,0.0,0.0,0.0,0.0,0.0,69.82,1,2,3,42.26,10,Match_306,2025-08-08T05:54:32.027789+00:00,[],0,43,18,6,117,104,13,84.93,2,0,3.6,1,21,10,20,1,8,9,18,1,26,10,39.34,
"Abellana, Marco",RW,646.69,57.36,79.3,33.59,61.54,31.77,starter,2 Worlds FC,92,0.0,0.0,0.0,0.0,53.17,74.81,0.0,0.0,0.0,0.0,0.0,0.0,0.0,69.24,53.81,0.0,0.0,0.0,0.0,0.0,79.74,51.01,38.5,74.78,41.42,69.2,64.51,13697,35.3,296,60,236,20.27,3,1.01,0,17.07,7,7,2,0,28.57,0.0,11,3,27.27,22,20,90.91,7,2,28.57,4,7,8,1,1,2,0,0.974,0.278,0.0,41.194,8.35,32.84,0.418,0.0,2.376,0.974,3.062,2.783,0.974,0.28,3.98,0.557,0.974,1.113,0.139,1.531,0.42,3.8,3.98,70.41,2.82,0.14,12.65,44.31,50.16,25.82,47.69,26.95,68.46,42.25,32.73,58.22,55.82,39.97,78.63,56.33,75.51,0,0,0,0,0,0,0.0,0.0,0.0,0.0,0.0,74.0,2,1,5,76.78,13,Match_230,2025-10-28T13:13:26.027789+00:00,[],0,7,2,0,296,60,236,50.28,3,0,1.93,1,22,20,7,2,4,7,8,1,11,3,40.25,
"Taberos, Earl",CM,982.52,70.49,53.01,77.12,49.68,21.98,substitute,Far Eastern University,40,0.0,0.0,0.0,0.0,49.84,60.14,0.0,0.0,0.0,0.0,0.0,0.0,0.0,68.45,54.47,0.0,0.0,0.0,0.0,0.0,43.89,39.74,78.06,76.9,38.23,71.8,42.1,7949,13.48,929,929,0,100.0,13,1.4,1,12.33,25,12,7,0,58.33,0.0,14,5,35.71,0,0,36.12,12,12,100.0,6,13,15,1,2,1,0,1.099,0.641,0.0,85.098,85.1,67.61,1.191,0.092,1.129,2.29,0.0,0.0,1.099,1.1,9.16,0.55,1.191,1.374,0.092,1.282,0.46,3.27,5.34,65.03,9.16,0.13,3.31,21.36,66.68,29.53,60.18,49.09,61.44,79.51,67.42,32.06,35.09,47.71,42.82,68.81,68.86,0,0,0,0,0,0,0.0,0.0,0.0,0.0,0.0,44.07,4,4,1,28.69,19,Match_85,2025-10-24T00:04:06.028789+00:00,[],0,12,7,0,929,929,0,89.82,13,1,4.06,4,0,0,12,12,6,13,15,1,14,5,34.24,
"Dela Cruz, John",GK,966.99,27.24,66.98,25.62,46.47,74.17,starter,Crown City FC,46,0.0,0.0,0.0,0.0,57.63,47.29,0.0,0.0,0.0,0.0,0.0,0.0,0.0,52.59,55.94,0.0,0.0,0.0,0.0,0.0,39.75,38.04,51.29,57.26,42.48,49.38,45.62,17145,29.55,246,231,15,93.9,3,1.22,0,7.55,7,15,3,1,20.0,6.67,15,9,60.0,25,10,40.0,20,13,65.0,5,16,7,1,1,0,0,1.396,0.279,0.093,22.896,21.5,1.4,0.279,0.0,0.703,0.652,2.327,0.931,1.861,1.21,6.05,0.465,1.489,0.652,0.093,1.396,0.84,5.58,1.86,0.62,8.74,0.11,3.72,69.74,46.75,57.01,23.29,40.85,42.21,27.59,48.9,31.27,57.08,35.15,77.61,49.67,48.81,48,32,16,66.67,48,16,2.978,1.489,4.467,4.467,1.489,6.21,4,4,5,23.49,11,Match_307,2024-12-17T20:47:46.029789+00:00,[],0,15,3,1,246,231,15,37.84,3,0,1.24,4,25,10,20,13,5,16,7,1,15,9,60.26,
"Santos, Miguel",LW,713.54,74.04,32.23,63.1,59.08,76.12,starter,Riverstone FC,81,0.0,0.0,0.0,0.0,40.36,60.53,0.0,0.0,0.0,0.0,0.0,0.0,0.0,47.39,32.28,0.0,0.0,0.0,0.0,0.0,59.91,67.28,38.75,42.39,57.13,74.94,56.84,10600,24.76,183,161,22,87.98,4,2.19,0,17.73,0,44,16,3,36.36,6.82,20,10,50.0,27,11,40.74,27,4,14.81,0,18,11,1,0,1,0,5.55,2.018,0.378,23.082,20.31,2.77,0.505,0.0,2.236,0.0,3.406,1.387,3.406,0.5,1.87,0.0,2.27,1.387,0.126,2.523,1.26,6.31,4.59,0.86,11.1,0.28,5.14,62.52,22.55,65.49,70.06,74.96,26.66,63.18,29.11,78.56,57.53,51.88,25.52,42.97,21.01,0,0,0,0,0,0,0.0,0.0,0.0,0.0,0.0,53.91,4,1,4,31.49,15,Match_33,2025-10-28T18:59:13.029789+00:00,[],0,44,16,3,183,161,22,32.69,4,0,2.62,3,27,11,27,4,0,18,11,1,20,10,80.03,
"Escodo, Pedro",RB,1134.76,59.7,51.4,34.94,78.78,62.08,starter,Harborview United,58,0.0,0.0,0.0,0.0,49.91,76.95,0.0,0.0,0.0,0.0,0.0,0.0,0.0,62.1,70.13,0.0,0.0,0.0,0.0,0.0,41.41,57.44,31.37,79.74,36.36,53.65,50.52,5891,8.65,922,384,538,41.65,3,0.33,0,7.6,59,7,1,0,14.29,0.0,13,7,53.85,28,23,82.14,3,3,100.0,4,16,11,2,1,3,0,0.555,0.079,0.0,73.126,30.46,42.67,0.238,0.0,0.603,4.679,2.221,1.824,0.238,0.24,7.93,0.317,1.269,0.872,0.159,1.031,0.56,4.27,1.13,51.84,3.3,0.03,6.51,29.75,68.44,59.81,33.89,62.14,78.07,28.63,33.53,48.49,40.7,24.52,39.25,56.43,56.09,0,0,0,0,0,0,0.0,0.0,0.0,0.0,0.0,59.68,3,3,4,47.12,17,Match_162,2025-08-13T21:14:26.030788+00:00,[],0,7,1,0,922,384,538,56.6,3,0,2.93,3,28,23,3,3,4,16,11,2,13,7,49.89,
"Fernandez, Pius",ST,822.51,74.1,61.96,74.21,75.48,60.79,starter,Westwood Athletic,15,0.0,0.0,0.0,0.0,64.68,30.04,0.0,0.0,0.0,0.0,0.0,0.0,0.0,44.15,34.58,0.0,0.0,0.0,0.0,0.0,73.82,42.07,32.16,41.4,47.73,79.69,64.06,4017,8.14,408,200,208,49.02,6,1.47,1,24.21,13,23,7,1,30.43,4.35,15,9,60.0,14,10,71.43,15,15,100.0,4,13,7,1,3,1,0,2.517,0.766,0.109,44.644,21.88,22.76,0.657,0.109,2.649,1.422,1.532,1.094,1.641,1.64,10.94,0.438,1.422,0.766,0.109,1.641,0.98,6.57,3.33,0.48,5.36,0.16,7.82,60.71,38.16,38.49,70.95,49.48,28.47,46.79,23.42,26.29,63.67,61.48,71.33,47.97,78.41,0,0,0,0,0,0,0.0,0.0,0.0,0.0,0.0,34.22,3,3,6,66.09,11,Match_23,2025-08-22T19:49:13.030788+00:00,[],0,23,7,1,408,200,208,42.02,6,1,1.87,5,14,10,15,15,4,13,7,1,15,9,36.81,
"Encaya, Pius",LW,1108.24,46.32,75.62,59.31,32.69,62.12,starter,Harborview United,78,0.0,0.0,0.0,0.0,64.17,35.79,0.0,0.0,0.0,0.0,0.0,0.0,0.0,34.64,71.68,0.0,0.0,0.0,0.0,0.0,50.94,77.23,46.39,42.6,38.03,69.07,39.1,13919,20.93,586,538,48,91.81,19,3.24,1,13.11,32,43,27,3,62.79,6.98,37,8,21.62,19,11,57.89,6,2,33.33,3,20,3,1,1,1,0,3.492,2.193,0.244,47.589,43.69,3.9,1.543,0.081,1.065,2.599,1.543,0.893,0.487,0.16,2.71,0.244,1.624,0.244,0.081,3.005,0.65,1.76,5.1,0.57,7.46,0.26,4.7,67.81,29.5,26.21,43.23,46.21,51.95,56.67,27.08,29.85,37.14,29.62,71.2,32.85,41.87,0,0,0,0,0,0,0.0,0.0,0.0,0.0,0.0,77.38,1,4,2,75.44,5,Match_275,2025-06-25T04:43:24.031782+00:00,[],0,43,27,3,586,538,48,76.74,19,1,1.23,1,19,11,6,2,3,20,3,1,37,8,54.51,
"Digal, Kirvy",CDM,1003.05,41.16,49.8,63.37,39.29,53.64,starter,Riverstone FC,85,0.0,0.0,0.0,0.0,79.29,49.75,0.0,0.0,0.0,0.0,0.0,0.0,0.0,39.42,47.44,0.0,0.0,0.0,0.0,0.0,63.46,75.62,41.84,60.31,57.1,33.45,78.94,17018,28.28,410,410,0,100.0,7,1.71,0,20.05,20,22,13,2,59.09,9.09,4,3,75.0,20,13,65.0,3,1,33.33,6,6,11,2,3,2,0,1.974,1.166,0.179,36.788,36.79,38.78,0.628,0.0,1.799,1.795,1.795,1.166,0.269,0.09,2.99,0.538,0.538,0.987,0.179,0.359,0.27,6.73,5.3,0.82,8.97,0.15,5.83,71.69,76.46,23.14,47.84,63.78,54.86,75.4,71.86,24.0,42.44,58.47,38.78,28.24,79.86,0,0,0,0,0,0,0.0,0.0,0.0,0.0,0.0,78.05,5,2,1,29.84,4,Match_291,2025-02-20T07:54:24.032790+00:00,[],0,22,13,2,410,410,0,89.67,7,0,4.85,4,20,13,3,1,6,6,11,2,4,3,89.55,
"Barro, John",LB,573.86,73.95,72.73,28.06,49.56,34.61,starter,Crown City FC,49,0.0,0.0,0.0,0.0,42.86,68.03,0.0,0.0,0.0,0.0,0.0,0.0,0.0,51.67,41.69,0.0,0.0,0.0,0.0,0.0,72.68,67.77,30.78,32.76,48.85,64.72,49.55,2053,5.96,207,207,0,100.0,2,0.97,0,29.74,17,8,2,0,25.0,0.0,2,1,50.0,6,6,100.0,6,2,33.33,3,15,4,0,1,1,0,1.255,0.314,0.0,32.464,32.46,66.87,0.314,0.0,4.664,2.666,0.941,0.941,0.941,0.31,5.23,0.47,2.352,0.627,0.0,0.314,0.16,7.84,3.92,37.31,15.68,0.15,15.68,77.38,25.76,72.28,50.69,35.81,71.18,57.8,38.91,25.85,60.38,76.87,36.55,65.23,53.62,0,0,0,0,0,0,0.0,0.0,0.0,0.0,0.0,37.37,5,4,2,32.08,16,Match_69,2025-08-31T22:43:39.032790+00:00,[],0,8,2,0,207,207,0,88.78,2,0,1.22,2,6,6,6,2,3,15,4,0,2,1,50.03,
"Apostol, Carlo",RW,488.91,46.16,32.6,71.04,53.87,56.61,starter,Lyceum,78,0.0,0.0,0.0,0.0,63.9,48.82,0.0,0.0,0.0,0.0,0.0,0.0,0.0,33.56,56.97,0.0,0.0,0.0,0.0,0.0,55.14,71.55,48.73,42.67,50.61,65.89,75.31,5314,18.12,232,43,189,18.53,2,0.86,0,10.8,13,11,2,2,18.18,18.18,15,15,100.0,18,8,44.44,5,1,20.0,1,5,4,0,1,0,0,2.025,0.368,0.368,42.707,7.92,34.79,0.368,0.0,1.988,2.393,3.313,1.473,0.92,0.18,3.68,0.184,0.92,0.736,0.0,2.761,2.76,18.41,3.35,3.35,3.41,0.16,8.18,25.78,72.22,38.87,20.18,60.35,65.08,56.31,43.37,70.98,57.11,47.14,58.93,36.15,21.68,0,0,0,0,0,0,0.0,0.0,0.0,0.0,0.0,51.08,4,6,2,64.23,17,Match_357,2025-04-10T18:49:23.033788+00:00,[],0,11,2,2,232,43,189,30.16,2,0,4.3,4,18,8,5,1,1,5,4,0,15,15,31.06,
"Digal, John",CM,1349.92,57.87,21.78,71.46,44.12,74.49,substitute,Northbridge FC,49,0.0,0.0,0.0,0.0,54.9,59.49,0.0,0.0,0.0,0.0,0.0,0.0,0.0,49.27,67.71,0.0,0.0,0.0,0.0,0.0,44.7,60.42,69.75,59.31,68.73,71.98,43.79,23308,28.78,554,319,235,57.58,10,1.81,1,7.55,8,9,2,0,22.22,0.0,1,1,100.0,36,21,58.33,40,19,47.5,1,4,6,2,2,1,0,0.6,0.133,0.0,36.936,21.27,15.67,0.667,0.067,0.503,0.533,2.4,1.4,2.667,1.27,3.17,0.067,0.267,0.4,0.133,0.067,0.07,6.67,1.48,63.93,3.84,0.12,3.89,45.43,36.54,32.68,41.9,26.03,69.03,35.75,71.73,32.3,70.87,38.79,66.58,41.6,69.79,0,0,0,0,0,0,0.0,0.0,0.0,0.0,0.0,77.61,5,5,2,21.16,4,Match_267,2025-11-04T12:39:30.034789+00:00,[],0,9,2,0,554,319,235,37.52,10,1,0.99,3,36,21,40,19,1,4,6,2,1,1,58.71,
"Unabia, Mark",RW,888.27,46.16,32.27,41.51,72.0,61.7,starter,Eastview Rangers,85,0.0,0.0,0.0,0.0,78.03,59.03,0.0,0.0,0.0,0.0,0.0,0.0,0.0,42.01,48.86,0.0,0.0,0.0,0.0,0.0,71.13,68.65,32.24,45.36,59.62,30.82,32.84,2487,4.67,460,198,262,43.04,4,0.87,0,21.38,19,30,10,4,33.33,13.33,29,21,72.41,18,3,16.67,14,5,35.71,4,5,9,0,2,0,0,3.04,1.013,0.405,46.607,20.06,26.55,0.405,0.0,2.166,1.925,1.824,0.304,1.418,0.51,3.62,0.405,0.507,0.912,0.0,2.938,2.13,7.34,3.38,1.35,4.36,0.09,1.69,36.11,61.56,34.56,52.44,48.41,62.4,49.88,20.16,53.67,25.31,67.01,61.31,62.3,25.24,0,0,0,0,0,0,0.0,0.0,0.0,0.0,0.0,42.14,3,5,3,55.0,14,Match_335,2025-06-13T03:04:45.034789+00:00,[],0,30,10,4,460,198,262,86.51,4,0,0.58,1,18,3,14,5,4,5,9,0,29,21,30.27,
"Tabelin, Kirvy",LB,1054.79,36.96,39.08,56.22,50.89,72.61,starter,Westwood Athletic,92,0.0,0.0,0.0,0.0,46.17,32.88,0.0,0.0,0.0,0.0,0.0,0.0,0.0,44.88,38.39,0.0,0.0,0.0,0.0,0.0,78.3,58.53,75.32,62.38,74.63,47.92,56.44,9155,14.47,429,429,0,100.0,13,3.03,3,16.96,14,4,0,0,0.0,0.0,2,2,100.0,39,26,66.67,34,26,76.47,3,6,4,3,3,2,0,0.341,0.0,0.0,36.604,36.6,60.91,1.109,0.256,1.447,1.195,3.328,2.218,2.901,2.22,6.52,0.256,0.512,0.341,0.256,0.171,0.17,8.53,56.71,36.71,8.53,0.26,5.69,53.71,44.92,35.32,41.2,26.68,65.53,68.07,78.34,60.12,40.44,57.33,21.02,62.2,71.94,0,0,0,0,0,0,0.0,0.0,0.0,0.0,0.0,33.58,3,6,4,80.69,9,Match_313,2025-08-10T18:30:40.035789+00:00,[],0,4,0,0,429,429,0,30.53,13,3,1.83,3,39,26,34,26,3,6,4,3,2,2,23.78,
"Berciles, Earl",CAM,977.1,67.83,56.79,75.65,49.19,45.11,starter,Riverstone FC,43,0.0,0.0,0.0,0.0,63.96,65.85,0.0,0.0,0.0,0.0,0.0,0.0,0.0,59.08,76.58,0.0,0.0,0.0,0.0,0.0,77.78,30.05,33.36,30.78,38.35,68.54,35.11,14694,25.06,750,674,76,89.87,9,1.2,0,14.11,34,9,2,1,22.22,11.11,23,10,43.48,45,24,53.33,32,15,46.88,4,22,12,2,1,1,0,0.829,0.184,0.092,69.082,62.08,7.0,0.829,0.0,1.3,3.132,4.145,2.211,2.947,1.38,4.32,0.368,2.026,1.105,0.184,2.119,0.92,4.0,2.05,1.02,8.28,0.11,4.91,42.08,37.27,30.54,25.54,77.18,20.52,23.21,29.85,50.85,76.7,69.41,36.07,47.42,66.5,0,0,0,0,0,0,0.0,0.0,0.0,0.0,0.0,71.99,5,2,1,60.33,12,Match_291,2025-04-02T17:54:04.036802+00:00,[],0,9,2,1,750,674,76,81.04,9,0,0.6,1,45,24,32,15,4,22,12,2,23,10,89.4,
"Ybanez, Moimoi",ST,785.51,57.94,65.81,37.33,35.04,70.06,starter,Goldenfield Rovers,19,0.0,0.0,0.0,0.0,77.84,40.45,0.0,0.0,0.0,0.0,0.0,0.0,0.0,70.18,40.82,0.0,0.0,0.0,0.0,0.0,61.33,61.45,35.55,32.71,64.57,43.34,39.13,8956,19.0,248,171,77,68.95,5,2.02,1,23.66,19,1,0,0,0.0,0.0,23,17,73.91,16,8,50.0,15,8,53.33,6,19,11,2,1,1,0,0.115,0.0,0.0,28.415,19.59,8.82,0.573,0.115,2.711,2.177,1.833,0.917,1.719,0.92,6.11,0.687,2.177,1.26,0.229,2.635,1.95,8.47,65.68,67.64,7.9,0.23,5.73,79.5,60.73,46.87,41.64,33.86,35.43,20.11,35.77,43.06,26.05,37.01,35.52,45.24,68.06,0,0,0,0,0,0,0.0,0.0,0.0,0.0,0.0,78.81,3,5,2,42.34,7,Match_125,2025-09-14T17:36:21.036802+00:00,[],0,1,0,0,248,171,77,51.36,5,1,2.52,5,16,8,15,8,6,19,11,2,23,17,83.18,
"Reyes, Hugo",ST,1075.29,66.79,29.79,26.94,79.73,78.24,starter,City United,33,0.0,0.0,0.0,0.0,42.76,51.38,0.0,0.0,0.0,0.0,0.0,0.0,0.0,64.63,48.62,0.0,0.0,0.0,0.0,0.0,59.64,72.64,36.16,70.4,66.32,70.49,71.36,18242,28.27,644,545,99,84.63,19,2.95,2,15.17,24,42,26,0,61.9,0.0,3,3,100.0,42,3,7.14,11,4,36.36,1,17,6,0,2,1,0,3.515,2.176,0.0,53.902,45.62,8.29,1.59,0.167,1.27,2.009,3.515,0.251,0.921,0.33,3.04,0.084,1.423,0.502,0.0,0.251,0.25,8.37,5.18,33.79,7.08,0.25,0.6,79.3,20.09,32.21,51.62,32.63,65.44,31.16,48.49,30.83,78.48,71.33,74.83,22.61,37.85,0,0,0,0,0,0,0.0,0.0,0.0,0.0,0.0,68.26,2,1,3,74.31,5,Match_370,2025-11-24T21:03:14.037802+00:00,[],0,42,26,0,644,545,99,58.08,19,2,4.79,5,42,3,11,4,1,17,6,0,3,3,34.47,
"Reyes, Luis",CAM,865.14,53.2,61.34,50.95,62.6,25.6,starter,Harborview United,65,0.0,0.0,0.0,0.0,38.0,45.62,0.0,0.0,0.0,0.0,0.0,0.0,0.0,72.38,35.45,0.0,0.0,0.0,0.0,0.0,74.6,32.21,69.18,67.18,39.7,73.33,71.59,8001,15.41,164,164,0,100.0,3,1.83,0,25.08,8,14,1,0,7.14,0.0,15,15,100.0,7,6,85.71,12,3,25.0,1,21,1,1,2,1,0,1.456,0.104,0.0,17.061,17.06,59.43,0.312,0.0,2.609,0.832,0.728,0.624,1.248,0.31,2.6,0.104,2.185,0.104,0.104,1.56,1.56,10.4,0.74,60.59,10.4,0.19,8.92,27.35,25.98,77.26,57.22,30.88,27.21,69.07,62.65,34.11,28.09,58.55,44.7,31.38,59.48,0,0,0,0,0,0,0.0,0.0,0.0,0.0,0.0,58.81,3,1,3,79.4,15,Match_100,2025-01-23T17:19:33.037802+00:00,[],0,14,1,0,164,164,0,28.49,3,0,0.56,5,7,6,12,3,1,21,1,1,15,15,35.99,
"Lood, Trevor",LW,476.61,57.77,59.9,65.89,30.24,35.27,starter,Westwood Athletic,67,0.0,0.0,0.0,0.0,71.01,59.64,0.0,0.0,0.0,0.0,0.0,0.0,0.0,36.61,35.17,0.0,0.0,0.0,0.0,0.0,74.45,69.14,66.52,64.7,43.25,37.3,33.83,1390,4.86,299,100,199,33.44,4,1.34,0,25.2,17,24,9,1,37.5,4.17,15,1,6.67,5,4,80.0,5,5,100.0,1,2,4,0,2,2,0,4.532,1.7,0.189,56.461,18.88,37.58,0.755,0.0,4.759,3.21,0.944,0.755,0.944,0.94,18.88,0.189,0.378,0.755,0.0,2.833,0.19,1.26,7.08,0.79,6.31,0.25,15.11,50.16,70.34,64.2,75.37,27.13,28.12,74.64,30.02,49.75,68.67,76.55,45.9,56.01,24.69,0,0,0,0,0,0,0.0,0.0,0.0,0.0,0.0,52.62,4,5,3,58.3,7,Match_384,2025-05-22T11:50:55.038795+00:00,[],0,24,9,1,299,100,199,72.52,4,0,1.5,1,5,4,5,5,1,2,4,0,15,1,24.15,
"Mapula, Paul Vincent",GK,1090.05,48.34,43.39,27.03,71.92,33.34,DNP,Harborview United,19,0.0,0.0,0.0,0.0,78.21,74.89,0.0,0.0,0.0,0.0,0.0,0.0,0.0,73.28,71.9,0.0,0.0,0.0,0.0,0.0,42.29,56.9,30.51,75.87,65.51,59.91,43.66,3100,4.74,300,92,208,30.67,7,2.33,0,24.65,12,4,1,0,25.0,0.0,11,5,45.45,19,15,78.95,26,24,92.31,7,26,13,1,2,4,0,0.33,0.083,0.0,24.77,7.6,17.17,0.578,0.0,2.035,0.991,1.569,1.238,2.147,1.98,7.62,0.578,2.147,1.073,0.083,0.908,0.41,3.75,2.06,50.35,2.53,0.19,6.52,43.34,40.37,48.28,25.53,78.97,21.16,43.16,44.66,52.25,48.29,38.74,55.14,75.88,48.49,1,1,0,100.0,1,0,0.083,0.0,0.083,0.083,0.0,8.26,5,2,4,37.03,9,Match_186,2025-01-04T05:52:47.039797+00:00,[],0,4,1,0,300,92,208,38.9,7,0,2.89,6,19,15,26,24,7,26,13,1,11,5,34.4,
"Lagaya, Rick Matthew",ST,1000.74,33.0,79.75,54.55,39.56,70.93,DNP,Westwood Athletic,45,0.0,0.0,0.0,0.0,73.55,71.59,0.0,0.0,0.0,0.0,0.0,0.0,0.0,46.56,36.73,0.0,0.0,0.0,0.0,0.0,68.64,68.73,55.87,30.92,41.01,69.18,77.08,8935,14.88,500,500,0,100.0,4,0.8,0,8.12,31,21,8,0,38.1,0.0,30,11,36.67,6,2,33.33,21,4,19.05,4,23,8,0,1,3,0,1.889,0.719,0.0,44.967,44.97,51.39,0.36,0.0,0.73,2.788,0.54,0.18,1.889,0.36,1.71,0.36,2.068,0.719,0.0,2.698,0.99,3.3,3.43,58.46,8.99,0.07,3.0,68.09,40.2,69.01,62.23,36.71,42.56,68.7,45.95,25.53,42.23,73.96,77.13,23.21,43.09,0,0,0,0,0,0,0.0,0.0,0.0,0.0,0.0,77.0,4,3,5,82.54,10,Match_372,2025-06-04T04:01:32.039797+00:00,[],0,21,8,0,500,500,0,34.34,4,0,4.35,3,6,2,21,4,4,23,8,0,30,11,42.18,
"Lopez, Harvy",RB,833.73,49.11,57.04,76.56,59.3,43.89,starter,Mapúa University,30,0.0,0.0,0.0,0.0,55.73,74.58,0.0,0.0,0.0,0.0,0.0,0.0,0.0,32.71,66.3,0.0,0.0,0.0,0.0,0.0,67.62,31.87,48.72,79.94,36.74,47.63,57.76,7659,15.31,792,707,85,89.27,16,2.02,0,12.27,37,6,2,0,33.33,0.0,4,1,25.0,40,5,12.5,18,6,33.33,2,23,5,2,1,1,0,0.648,0.216,0.0,85.495,76.32,9.18,1.727,0.0,1.325,3.994,4.318,0.54,1.943,0.65,3.6,0.216,2.483,0.54,0.216,0.432,0.11,2.7,3.6,75.89,9.64,0.22,1.35,61.68,31.34,71.03,68.22,57.34,74.75,33.33,26.51,22.78,40.88,70.75,34.07,73.05,56.18,0,0,0,0,0,0,0.0,0.0,0.0,0.0,0.0,74.8,4,2,1,46.88,7,Match_189,2025-09-19T10:52:41.040795+00:00,[],0,6,2,0,792,707,85,56.19,16,0,1.32,1,40,5,18,6,2,23,5,2,4,1,60.19,
"Ladines, Marvin",RW,1094.82,38.0,40.97,37.55,29.72,54.85,substitute,Crown City FC,62,0.0,0.0,0.0,0.0,79.81,53.99,0.0,0.0,0.0,0.0,0.0,0.0,0.0,47.9,49.25,0.0,0.0,0.0,0.0,0.0,48.41,30.53,72.79,72.37,42.23,46.04,65.99,5679,8.65,0,0,0,71.7,0,2.41,0,8.71,0,29,5,4,17.24,13.79,23,14,60.87,26,6,23.08,20,1,5.0,7,8,15,1,3,1,0,2.384,0.411,0.329,0.0,48.26,62.98,0.0,0.0,0.716,0.0,2.137,0.493,1.644,0.08,0.41,0.575,0.658,1.233,0.082,1.891,1.15,5.0,1.42,1.13,6.8,0.2,1.9,79.01,63.87,70.89,32.78,51.81,67.84,39.6,50.91,55.11,49.68,60.31,39.67,68.41,73.39,0,0,0,0,0,0,0.0,0.0,0.0,0.0,0.0,66.68,2,1,2,65.34,5,Match_277,2025-02-15T14:42:49.041800+00:00,[],0,29,5,4,0,0,0,30.34,0,0,3.77,3,26,6,20,1,7,8,15,1,23,14,82.9,
"Libarnes, Jaro",GK,771.29,61.41,57.36,67.52,72.11,58.44,substitute,Redwood Borough,19,0.0,0.0,0.0,0.0,35.24,60.64,0.0,0.0,0.0,0.0,0.0,0.0,0.0,43.48,56.57,0.0,0.0,0.0,0.0,0.0,68.81,54.54,64.84,40.2,70.9,73.89,54.53,9467,20.46,214,214,0,100.0,3,1.4,0,16.54,7,0,0,0,32.82,4.62,9,5,55.56,9,0,0.0,16,10,62.5,3,16,7,2,1,1,0,0.0,0.0,0.0,24.971,24.97,59.86,0.35,0.0,1.93,0.817,1.05,0.0,1.867,1.17,7.29,0.35,1.867,0.817,0.233,1.05,0.58,6.48,3.83,0.54,11.67,0.16,40.56,31.43,24.42,65.98,70.84,41.05,23.34,32.23,30.87,53.76,34.74,24.58,61.04,21.21,37.31,22,16,6,72.73,22,6,1.867,0.7,2.567,2.567,0.7,8.49,3,2,3,68.77,2,Match_324,2025-08-29T04:53:58.041800+00:00,[],0,0,0,0,214,214,0,68.38,3,0,4.23,4,9,0,16,10,3,16,7,2,9,5,38.49,
"Darapan, Jermi",CM,956.08,73.74,68.12,67.68,46.85,56.58,starter,Eastview Rangers,14,0.0,0.0,0.0,0.0,41.18,55.0,0.0,0.0,0.0,0.0,0.0,0.0,0.0,30.37,52.59,0.0,0.0,0.0,0.0,0.0,46.76,54.35,32.03,63.2,62.48,40.23,58.61,16670,29.06,355,355,0,100.0,7,1.97,0,18.15,14,11,2,1,18.18,9.09,1,1,100.0,30,10,33.33,25,7,28.0,8,31,10,2,0,2,0,1.035,0.188,0.094,33.418,33.42,78.28,0.659,0.0,1.709,1.318,2.824,0.941,2.353,0.66,2.64,0.753,2.918,0.941,0.188,0.094,0.09,9.41,1.71,0.86,9.41,0.19,3.14,49.42,44.83,22.84,22.59,78.17,58.24,74.73,68.89,48.24,23.09,55.66,47.72,23.78,32.92,0,0,0,0,0,0,0.0,0.0,0.0,0.0,0.0,37.54,3,1,5,30.49,1,Match_277,2024-12-22T13:45:09.042795+00:00,[],0,11,2,1,355,355,0,46.64,7,0,1.98,3,30,10,25,7,8,31,10,2,1,1,82.26,
"Omitade, Edvard",GK,679.14,46.82,51.09,48.61,23.89,70.33,substitute,Brookside United,60,0.0,0.0,0.0,0.0,43.06,64.6,0.0,0.0,0.0,0.0,0.0,0.0,0.0,30.87,57.54,0.0,0.0,0.0,0.0,0.0,59.76,61.69,76.55,33.22,40.92,66.01,64.34,3517,8.63,346,103,243,29.77,6,1.73,1,26.73,27,9,2,0,22.22,0.0,10,7,70.0,26,15,57.69,9,0,0.0,4,0,5,2,1,1,0,1.193,0.265,0.0,45.852,13.65,32.2,0.795,0.133,3.542,3.578,3.446,1.988,1.193,57.71,79.01,0.53,0.0,0.663,0.265,1.325,0.93,9.28,2.94,69.65,3.95,0.23,7.65,26.59,56.83,24.76,67.49,76.41,79.54,33.76,30.77,28.99,29.11,26.72,42.87,66.38,74.73,13,12,1,92.31,13,1,1.59,0.133,1.723,1.723,0.133,12.23,3,1,2,48.78,17,Match_157,2025-03-20T08:19:47.043816+00:00,[],0,9,2,0,346,103,243,64.04,6,1,2.25,2,26,15,9,0,4,0,5,2,10,7,73.79,
"Aningalan, Pedro",LWB,1053.41,41.02,50.19,49.86,27.5,61.18,starter,Lakeside Athletic,81,0.0,0.0,0.0,0.0,69.48,47.48,0.0,0.0,0.0,0.0,0.0,0.0,0.0,77.25,64.22,0.0,0.0,0.0,0.0,0.0,50.36,62.72,51.1,79.51,39.59,67.31,37.44,12174,19.26,584,384,200,65.75,4,0.68,0,4.28,22,21,10,2,47.62,9.52,12,9,75.0,25,2,8.0,7,7,100.0,3,28,1,1,2,2,0,1.794,0.854,0.171,49.895,32.81,17.09,0.342,0.0,0.366,1.88,2.136,0.171,0.598,0.6,8.54,0.256,2.392,0.085,0.085,1.025,0.77,6.41,4.07,0.81,5.62,0.06,0.68,31.66,20.14,21.0,25.41,32.38,68.12,27.82,34.11,66.69,44.92,45.52,63.92,69.0,36.8,0,0,0,0,0,0,0.0,0.0,0.0,0.0,0.0,57.7,4,3,4,79.09,14,Match_21,2024-12-23T13:10:47.043816+00:00,[],0,21,10,2,584,384,200,69.72,4,0,2.33,5,25,2,7,7,3,28,1,1,12,9,82.56,
"Lopez, Laurence",RWB,1350.0,61.65,74.56,40.65,47.71,76.8,substitute,Hillcrest Athletic,34,0.0,0.0,0.0,0.0,64.2,49.07,0.0,0.0,0.0,0.0,0.0,0.0,0.0,35.38,41.11,0.0,0.0,0.0,0.0,0.0,47.76,36.93,60.37,37.6,38.95,54.27,47.74,17215,21.25,717,10,707,1.39,14,1.95,1,12.33,30,5,2,0,40.0,0.0,19,0,0.0,41,41,100.0,28,16,57.14,2,3,12,2,2,1,0,0.333,0.133,0.0,47.8,0.67,47.13,0.933,0.067,0.822,2.0,2.733,2.733,1.867,1.07,3.81,0.133,0.2,0.8,0.133,1.267,69.12,41.28,2.67,74.83,0.09,0.13,6.67,34.71,68.91,58.0,26.68,31.85,30.04,50.12,54.92,58.14,30.47,74.54,47.86,32.9,76.24,0,0,0,0,0,0,0.0,0.0,0.0,0.0,0.0,61.18,2,1,3,58.37,6,Match_233,2025-01-27T20:30:06.044802+00:00,[],0,5,2,0,717,10,707,65.57,14,1,4.94,5,41,41,28,16,2,3,12,2,19,0,28.7,
"Dela Cruz, Harvy",LWB,1330.12,37.23,40.95,45.03,68.54,79.15,starter,2 Worlds FC,93,0.0,0.0,0.0,0.0,31.34,65.11,0.0,0.0,0.0,0.0,0.0,0.0,0.0,41.29,63.73,0.0,0.0,0.0,0.0,0.0,41.35,56.82,41.38,51.14,44.08,59.53,61.38,26054,32.65,592,457,135,77.2,20,3.38,2,19.9,20,27,6,4,22.22,14.81,5,3,60.0,53,6,11.32,4,3,75.0,4,16,16,1,1,4,0,1.827,0.406,0.271,40.057,30.92,9.13,1.353,0.135,1.346,1.353,3.586,0.406,0.271,0.2,5.07,0.271,1.083,1.083,0.068,0.338,0.2,4.06,1.5,1.0,5.22,0.23,0.77,66.45,51.43,77.8,65.91,68.96,66.22,60.25,38.2,74.1,28.93,20.32,67.23,33.26,61.99,0,0,0,0,0,0,0.0,0.0,0.0,0.0,0.0,61.04,2,3,3,39.66,8,Match_209,2025-05-20T04:07:52.044802+00:00,[],0,27,6,4,592,457,135,46.39,20,2,2.43,2,53,6,4,3,4,16,16,1,5,3,35.07,
"Merino, Josh",RB,1005.02,66.01,56.33,67.13,28.23,72.31,starter,Riverstone FC,57,0.0,0.0,0.0,0.0,49.26,42.0,0.0,0.0,0.0,0.0,0.0,0.0,0.0,44.5,31.67,0.0,0.0,0.0,0.0,0.0,52.14,34.23,35.27,68.89,57.2,42.53,35.15,9299,15.42,383,383,0,100.0,11,2.87,0,17.68,7,9,4,0,44.44,0.0,10,8,80.0,47,10,21.28,29,9,31.03,8,1,20,2,4,1,0,0.806,0.358,0.0,34.298,34.3,61.46,0.985,0.0,1.583,0.627,4.209,0.896,2.597,0.81,2.78,0.716,0.09,1.791,0.179,0.896,0.72,7.16,3.98,50.6,8.96,0.26,1.91,42.24,22.31,76.31,53.4,25.55,21.83,54.69,35.89,33.26,22.13,47.57,33.52,65.0,60.64,0,0,0,0,0,0,0.0,0.0,0.0,0.0,0.0,32.35,1,4,5,61.48,15,Match_154,2025-07-31T08:36:44.045804+00:00,[],0,9,4,0,383,383,0,26.5,11,0,1.81,1,47,10,29,9,8,1,20,2,10,8,75.3,
"Lopez, Bel",CB,1223.22,61.69,70.02,63.67,72.32,23.79,starter,Adamson University,65,0.0,0.0,0.0,0.0,43.73,52.07,0.0,0.0,0.0,0.0,0.0,0.0,0.0,78.84,39.15,0.0,0.0,0.0,0.0,0.0,41.85,32.56,68.98,30.99,33.21,63.35,65.9,12863,17.53,272,272,0,100.0,4,1.47,0,25.41,8,9,1,0,11.11,0.0,14,5,35.71,68,3,4.41,19,3,15.79,8,29,13,1,3,2,0,0.662,0.074,0.0,20.013,20.01,40.17,0.294,0.0,1.87,0.589,5.003,0.221,1.398,0.22,1.16,0.589,2.134,0.956,0.074,1.03,0.37,2.63,0.82,47.09,7.36,0.11,0.32,49.83,62.52,28.06,52.41,55.7,38.78,38.64,23.07,51.94,59.4,35.57,53.46,55.04,49.31,0,0,0,0,0,0,0.0,0.0,0.0,0.0,0.0,32.21,3,2,3,75.79,11,Match_12,2025-09-19T09:53:52.046795+00:00,[],0,9,1,0,272,272,0,76.56,4,0,0.53,1,68,3,19,3,8,29,13,1,14,5,44.41,
"Nemenzo, Sirach Ethan",CDM,539.16,54.73,70.98,32.9,53.99,68.07,DNP,Redwood Borough,56,0.0,0.0,0.0,0.0,35.99,68.73,0.0,0.0,0.0,0.0,0.0,0.0,0.0,45.14,75.04,0.0,0.0,0.0,0.0,0.0,63.72,59.27,65.81,54.11,30.58,32.94,36.69,5547,17.15,6,4,2,66.67,0,0.0,0,8.57,0,4,2,0,50.0,0.0,3,1,33.33,42,29,69.05,11,9,81.82,2,13,0,0,2,1,0,0.668,0.334,0.0,1.002,0.67,0.33,0.0,0.0,1.431,0.0,7.011,4.841,1.836,1.5,13.66,0.334,2.17,0.0,0.0,0.501,0.17,5.56,8.35,74.32,11.13,61.87,11.53,75.58,63.86,20.5,64.76,57.73,27.67,40.78,41.07,31.72,40.08,59.53,71.98,42.15,61.59,0,0,0,0,0,0,0.0,0.0,0.0,0.0,0.0,70.83,3,6,3,80.28,18,Match_36,2025-09-13T03:08:39.046795+00:00,[],0,4,2,0,6,4,2,24.44,0,0,1.39,3,42,29,11,9,2,13,0,0,3,1,71.32,
"Asignar, Josh Rupert",CAM,805.0,28.5,75.91,33.86,77.06,73.04,starter,Highland Wanderers,61,0.0,0.0,0.0,0.0,33.53,69.43,0.0,0.0,0.0,0.0,0.0,0.0,0.0,75.02,77.8,0.0,0.0,0.0,0.0,0.0,65.01,62.65,35.26,47.07,62.25,47.94,42.06,3104,6.43,547,360,187,65.81,18,3.29,2,6.14,28,14,2,0,14.29,0.0,13,6,46.15,11,3,27.27,17,11,64.71,5,20,0,2,2,1,0,1.565,0.224,0.0,61.155,40.25,20.91,2.012,0.224,0.686,3.13,1.23,0.335,1.901,1.23,7.23,0.559,2.236,0.0,0.224,1.453,0.67,5.16,1.6,62.59,7.36,0.37,3.05,32.95,73.76,60.14,60.85,25.03,23.38,40.99,69.25,52.31,66.28,79.66,39.85,29.54,74.52,0,0,0,0,0,0,0.0,0.0,0.0,0.0,0.0,78.93,5,4,4,53.8,1,Match_112,2025-02-19T14:19:49.047799+00:00,[],0,14,2,0,547,360,187,69.48,18,2,4.39,5,11,3,17,11,5,20,0,2,13,6,31.58,
"Reyes, Laurence",ST,722.66,46.02,69.3,34.19,25.96,74.31,substitute,Lyceum,11,0.0,0.0,0.0,0.0,50.09,42.52,0.0,0.0,0.0,0.0,0.0,0.0,0.0,57.19,68.12,0.0,0.0,0.0,0.0,0.0,39.97,72.47,76.42,32.8,60.91,34.08,64.46,14469,33.37,357,257,100,71.99,6,1.68,2,7.18,12,26,6,1,23.08,3.85,19,19,100.0,3,2,66.67,13,5,38.46,1,5,1,1,1,1,0,3.238,0.747,0.125,44.461,32.01,12.45,0.747,0.249,0.894,1.494,0.374,0.249,1.619,0.62,4.79,0.125,0.623,0.125,0.125,2.366,2.37,12.45,2.87,0.48,8.97,0.21,8.3,25.23,42.89,58.23,52.52,38.73,21.71,43.21,70.58,25.96,22.48,62.99,59.38,20.59,34.73,0,0,0,0,0,0,0.0,0.0,0.0,0.0,0.0,63.4,6,4,3,58.9,19,Match_280,2024-12-30T01:03:56.047799+00:00,[],0,26,6,1,357,257,100,75.85,6,2,3.0,6,3,2,13,5,1,5,1,1,19,19,86.64,
"Lood, Trevor",CDM,1081.11,50.07,25.83,34.67,65.47,73.14,substitute,Hillcrest Athletic,13,0.0,0.0,0.0,0.0,44.22,72.36,0.0,0.0,0.0,0.0,0.0,0.0,0.0,46.23,55.69,0.0,0.0,0.0,0.0,0.0,57.9,52.29,41.3,71.38,46.78,73.24,41.65,2246,3.46,115,76,39,66.09,2,1.74,0,15.1,2,22,6,2,27.27,9.09,6,3,50.0,14,2,14.29,29,11,37.93,4,9,9,1,2,2,0,1.831,0.499,0.166,9.573,6.33,3.25,0.166,0.0,1.257,0.166,1.165,0.166,2.414,0.92,3.16,0.333,0.749,0.749,0.083,0.499,0.25,4.16,2.27,0.76,5.5,0.14,1.19,33.3,67.12,73.33,62.35,31.81,39.95,64.08,47.8,50.34,42.78,72.49,47.19,23.5,69.64,0,0,0,0,0,0,0.0,0.0,0.0,0.0,0.0,57.81,2,7,1,83.27,6,Match_141,2025-12-03T08:12:54.048803+00:00,[],0,22,6,2,115,76,39,21.0,2,0,1.17,4,14,2,29,11,4,9,9,1,6,3,40.63,
"Lopez, Pedro",RW,712.16,64.38,43.27,20.43,72.91,53.13,substitute,2 Worlds FC,75,0.0,0.0,0.0,0.0,46.3,58.12,0.0,0.0,0.0,0.0,0.0,0.0,0.0,36.12,74.68,0.0,0.0,0.0,0.0,0.0,65.6,47.27,55.32,74.81,57.46,56.85,77.94,13582,31.79,319,179,140,56.11,7,2.19,1,19.87,3,22,10,3,45.45,13.64,25,2,8.0,17,10,58.82,2,1,50.0,2,15,8,1,1,2,0,2.78,1.264,0.379,40.314,22.62,17.69,0.885,0.126,2.511,0.379,2.148,1.264,0.253,0.13,6.32,0.253,1.896,1.011,0.126,3.159,0.25,1.01,5.74,1.72,7.09,0.28,7.43,61.18,20.46,50.82,26.34,57.93,51.87,53.08,55.55,62.66,54.9,58.46,48.61,53.98,50.36,0,0,0,0,0,0,0.0,0.0,0.0,0.0,0.0,56.26,4,2,3,88.31,4,Match_249,2025-11-06T06:31:55.049801+00:00,[],0,22,10,3,319,179,140,25.84,7,1,1.88,2,17,10,2,1,2,15,8,1,25,2,68.6,
"Andrada, Vince",CB,1178.39,28.88,25.01,56.86,68.23,74.05,starter,Coastal Town,26,0.0,0.0,0.0,0.0,52.7,72.63,0.0,0.0,0.0,0.0,0.0,0.0,0.0,61.9,40.5,0.0,0.0,0.0,0.0,0.0,41.66,60.26,39.85,68.84,65.1,55.96,32.25,12524,17.71,824,824,0,100.0,21,2.55,5,12.78,15,6,1,0,16.67,0.0,9,3,33.33,22,4,18.18,25,24,96.0,8,25,9,1,0,1,0,0.458,0.076,0.0,62.933,62.93,57.67,1.604,0.382,0.976,1.146,1.68,0.306,1.909,1.83,7.33,0.611,1.909,0.687,0.076,0.687,0.23,2.55,1.27,74.81,7.64,0.19,1.39,54.16,26.94,39.57,62.79,67.59,49.33,77.01,68.01,67.01,40.68,57.01,77.15,45.38,42.19,0,0,0,0,0,0,0.0,0.0,0.0,0.0,0.0,38.58,5,3,4,42.52,3,Match_141,2025-04-02T10:13:42.049801+00:00,[],0,6,1,0,824,824,0,22.62,21,5,0.51,2,22,4,25,24,8,25,9,1,9,3,43.5,
"Lood, Trevor",CDM,833.96,50.76,73.33,79.64,33.06,78.84,starter,Far Eastern University,15,0.0,0.0,0.0,0.0,60.37,39.45,0.0,0.0,0.0,0.0,0.0,0.0,0.0,62.2,68.21,0.0,0.0,0.0,0.0,0.0,64.56,34.9,32.37,43.56,79.06,68.24,74.75,7588,15.16,277,277,0,100.0,3,1.08,0,21.23,16,7,1,0,14.29,0.0,7,3,42.86,18,8,44.44,11,7,63.64,1,2,6,2,1,1,0,0.755,0.108,0.0,29.894,29.89,58.97,0.324,0.0,2.291,1.727,1.943,0.863,1.187,0.76,6.87,0.108,0.216,0.648,0.216,0.755,0.32,4.63,1.54,69.31,10.79,0.12,4.8,59.57,26.34,27.63,39.8,39.56,52.6,49.38,48.26,69.28,73.99,41.08,33.08,23.91,23.98,0,0,0,0,0,0,0.0,0.0,0.0,0.0,0.0,38.88,4,3,2,44.99,7,Match_72,2025-03-03T12:09:08.051313+00:00,[],0,7,1,0,277,277,0,66.64,3,0,3.09,2,18,8,11,7,1,2,6,2,7,3,48.57,
"Salingay, Sam",RW,1350.0,46.08,42.95,45.31,29.42,62.78,substitute,Southgate United,58,0.0,0.0,0.0,0.0,49.34,71.12,0.0,0.0,0.0,0.0,0.0,0.0,0.0,60.95,67.91,0.0,0.0,0.0,0.0,0.0,35.75,30.77,72.5,39.21,40.98,52.55,41.13,26517,32.74,873,738,135,84.54,25,2.86,5,6.91,58,51,28,3,54.9,5.88,21,7,33.33,26,2,7.69,22,10,45.45,3,0,15,1,1,1,0,3.4,1.867,0.2,58.2,49.2,9.0,1.667,0.333,0.461,3.867,1.733,0.133,1.467,0.67,3.03,0.2,0.0,1.0,0.067,1.4,0.47,2.22,3.66,0.39,5.64,0.19,0.51,22.56,45.26,49.93,22.96,34.18,56.41,32.84,42.55,71.3,49.22,35.36,70.81,22.01,64.12,0,0,0,0,0,0,0.0,0.0,0.0,0.0,0.0,35.91,3,0,1,42.81,16,Match_268,2025-02-05T08:27:02.051313+00:00,[],0,51,28,3,873,738,135,43.46,25,5,3.55,2,26,2,22,10,3,0,15,1,21,7,26.86,
"Libarnes, Jaro",CAM,1158.32,70.3,57.33,51.56,50.72,38.27,substitute,Coastal Town,92,0.0,0.0,0.0,0.0,50.67,49.87,0.0,0.0,0.0,0.0,0.0,0.0,0.0,34.79,49.17,0.0,0.0,0.0,0.0,0.0,62.66,30.92,45.92,70.27,58.51,64.88,32.18,20668,29.74,515,136,379,26.41,15,2.91,1,27.61,25,19,1,2,5.26,10.53,6,1,16.67,24,11,45.83,15,5,33.33,3,6,6,1,3,2,0,1.476,0.078,0.155,40.015,10.57,29.45,1.165,0.078,2.145,1.942,1.865,0.855,1.165,0.39,2.59,0.233,0.466,0.466,0.078,0.466,0.08,1.3,0.41,0.82,2.05,0.23,3.56,71.21,57.54,63.52,57.15,72.76,47.91,54.86,25.12,37.54,55.93,47.49,77.72,70.56,45.0,0,0,0,0,0,0,0.0,0.0,0.0,0.0,0.0,68.27,1,4,4,21.34,5,Match_199,2025-12-04T03:19:40.052321+00:00,[],0,19,1,2,515,136,379,36.87,15,1,3.97,2,24,11,15,5,3,6,6,1,6,1,49.2,
"Asignar, Josh Rupert",GK,1301.23,62.75,22.36,46.58,44.42,70.63,starter,University of the Philippines,35,0.0,0.0,0.0,0.0,49.31,64.74,0.0,0.0,0.0,0.0,0.0,0.0,0.0,33.21,63.63,0.0,0.0,0.0,0.0,0.0,46.25,76.25,33.82,38.01,58.75,79.04,33.15,15536,19.9,48,0,48,0.0,1,2.08,0,22.68,1,9,2,1,22.22,11.11,8,2,25.0,33,30,90.91,26,7,26.92,3,28,12,1,4,2,0,0.622,0.138,0.069,3.32,73.69,3.32,0.069,0.0,1.569,0.069,2.282,2.075,1.798,0.48,1.86,0.207,1.937,0.83,0.069,0.553,0.14,1.73,1.54,0.77,54.44,0.14,6.29,79.91,33.38,40.24,70.35,36.93,42.41,46.23,34.92,79.37,65.19,45.05,61.36,79.63,52.4,56,56,0,100.0,56,0,3.873,0.0,3.873,3.873,0.0,6.92,5,1,2,23.07,7,Match_70,2025-02-07T13:40:16.052321+00:00,[],0,9,2,1,48,0,48,77.97,1,0,2.83,4,33,30,26,7,3,28,12,1,8,2,51.26,
"Pormento, Edzon",RW,1166.46,33.91,79.09,23.03,51.19,39.91,starter,Brookside United,9,0.0,0.0,0.0,0.0,40.52,42.23,0.0,0.0,0.0,0.0,0.0,0.0,0.0,72.6,60.42,0.0,0.0,0.0,0.0,0.0,51.1,49.3,47.51,31.01,74.65,36.04,67.58,3968,5.67,159,159,0,100.0,3,1.89,0,27.0,7,3,0,0,0.0,0.0,26,0,0.0,26,10,38.46,16,13,81.25,10,14,8,1,1,1,0,0.231,0.0,0.0,12.268,12.27,70.28,0.231,0.0,2.083,0.54,2.006,0.772,1.235,1.0,6.27,0.772,1.08,0.617,0.077,2.006,64.54,53.98,76.29,56.99,7.72,0.15,2.97,75.36,38.71,78.34,21.77,30.52,26.24,60.64,21.92,44.27,35.09,73.07,67.89,63.37,33.06,0,0,0,0,0,0,0.0,0.0,0.0,0.0,0.0,74.91,3,2,1,45.31,9,Match_230,2025-01-01T10:42:31.053324+00:00,[],0,3,0,0,159,159,0,24.17,3,0,3.69,4,26,10,16,13,10,14,8,1,26,0,37.5,
"Fernandez, Laurence",CM,905.29,71.66,61.03,45.31,24.81,28.63,substitute,San Beda University,94,0.0,0.0,0.0,0.0,58.95,72.19,0.0,0.0,0.0,0.0,0.0,0.0,0.0,66.04,58.73,0.0,0.0,0.0,0.0,0.0,69.2,62.47,34.78,39.04,66.37,32.57,37.45,4699,8.65,40,0,40,0.0,1,2.5,0,24.02,3,6,2,0,33.33,0.0,8,5,62.5,30,30,100.0,11,2,18.18,6,18,7,1,4,0,1,0.596,0.199,0.0,3.977,64.68,3.98,0.099,0.0,2.388,0.298,2.982,2.982,1.094,0.2,1.81,0.596,1.789,0.696,0.099,0.795,0.5,6.21,3.31,34.59,46.34,0.25,9.94,61.25,59.75,63.59,36.47,43.37,24.82,74.02,61.95,78.43,39.14,56.62,43.53,48.89,36.58,0,0,0,0,0,0,0.0,0.0,0.0,0.0,0.0,30.33,6,2,1,20.88,19,Match_130,2025-02-08T20:22:08.054324+00:00,[],0,6,2,0,40,0,40,33.27,1,0,2.8,6,30,30,11,2,6,18,7,1,8,5,64.35,
"Espana, Dave",CF,1006.93,74.52,37.41,31.76,61.96,20.64,starter,Lakeside Athletic,65,0.0,0.0,0.0,0.0,57.44,34.77,0.0,0.0,0.0,0.0,0.0,0.0,0.0,63.54,46.84,0.0,0.0,0.0,0.0,0.0,56.39,36.34,74.28,39.09,56.1,51.42,73.46,7552,12.5,527,65,462,12.33,7,1.33,2,16.65,19,52,14,2,26.92,3.85,2,0,0.0,27,21,77.78,28,7,25.0,4,20,5,0,1,1,0,4.648,1.251,0.179,47.104,5.81,41.29,0.626,0.179,1.488,1.698,2.413,1.877,2.503,0.63,2.23,0.358,1.788,0.447,0.0,0.179,35.28,75.19,2.41,0.34,1.1,0.12,6.95,56.39,49.82,58.23,22.4,79.26,78.02,45.42,77.09,70.01,38.45,55.81,59.52,71.32,44.88,0,0,0,0,0,0,0.0,0.0,0.0,0.0,0.0,43.55,4,2,0,89.43,12,Match_158,2025-04-23T13:40:10.054324+00:00,[],0,52,14,2,527,65,462,27.55,7,2,3.33,4,27,21,28,7,4,20,5,0,2,0,62.53,
"Pedimonte, Nhiboy",CB,924.51,25.95,24.56,29.82,43.59,65.15,starter,Lakeside Athletic,48,0.0,0.0,0.0,0.0,78.95,44.02,0.0,0.0,0.0,0.0,0.0,0.0,0.0,52.67,57.26,0.0,0.0,0.0,0.0,0.0,63.14,41.24,66.62,49.72,58.83,58.11,45.85,16225,29.25,545,545,0,100.0,4,0.73,0,9.24,23,1,0,0,0.0,0.0,7,4,57.14,48,30,62.5,2,1,50.0,5,2,3,0,1,1,0,0.097,0.0,0.0,53.055,53.06,33.98,0.389,0.0,0.9,2.239,4.673,2.92,0.195,0.1,4.87,0.487,0.195,0.292,0.0,0.681,0.39,5.56,52.51,62.66,9.73,0.07,6.08,61.53,42.41,65.62,54.32,70.3,38.91,78.06,58.81,46.61,25.88,66.21,29.04,77.43,45.31,0,0,0,0,0,0,0.0,0.0,0.0,0.0,0.0,62.11,0,5,1,64.33,6,Match_368,2025-09-04T19:36:45.055328+00:00,[],0,1,0,0,545,545,0,33.73,4,0,0.04,1,48,30,2,1,5,2,3,0,7,4,89.18,
"Dela Cruz, Nico",LWB,459.45,65.95,53.23,32.62,63.18,43.91,substitute,Valley Rovers,58,0.0,0.0,0.0,0.0,61.88,56.59,0.0,0.0,0.0,0.0,0.0,0.0,0.0,78.98,66.5,0.0,0.0,0.0,0.0,0.0,52.35,34.46,60.5,56.36,46.71,68.0,43.74,4504,16.34,353,314,39,88.95,2,0.57,0,10.13,5,5,1,0,20.0,0.0,6,4,66.67,13,0,0.0,11,10,90.91,1,8,4,0,0,1,0,0.979,0.196,0.0,69.148,61.51,7.64,0.392,0.0,1.984,0.979,2.547,0.0,2.155,1.96,17.81,0.196,1.567,0.784,0.0,1.175,0.78,13.06,3.92,78.65,17.42,0.11,41.51,54.85,51.76,40.73,27.37,46.84,53.44,63.2,78.01,26.15,79.87,40.92,64.57,34.97,22.23,0,0,0,0,0,0,0.0,0.0,0.0,0.0,0.0,45.72,2,3,3,37.12,12,Match_110,2025-07-05T11:44:25.056327+00:00,[],0,5,1,0,353,314,39,88.49,2,0,0.66,4,13,0,11,10,1,8,4,0,6,4,84.62,
"Diola, Ezekiel",CF,998.61,73.09,60.24,33.74,56.11,24.51,substitute,Hillcrest Athletic,53,0.0,0.0,0.0,0.0,51.16,69.01,0.0,0.0,0.0,0.0,0.0,0.0,0.0,45.95,64.81,0.0,0.0,0.0,0.0,0.0,56.13,74.99,60.36,43.9,71.75,67.83,52.96,12727,21.24,117,117,0,100.0,2,1.71,0,18.46,7,18,4,2,22.22,11.11,14,2,14.29,20,12,60.0,20,11,55.0,5,14,1,0,4,1,0,1.622,0.361,0.18,10.545,10.54,76.31,0.18,0.0,1.664,0.631,1.803,1.082,1.803,0.99,4.96,0.451,1.262,0.09,0.0,1.262,0.18,1.29,2.0,1.0,9.01,0.15,5.41,79.75,79.0,22.72,59.12,46.27,74.44,50.08,67.24,73.68,33.66,21.98,32.93,49.15,22.57,0,0,0,0,0,0,0.0,0.0,0.0,0.0,0.0,77.65,4,4,1,74.72,17,Match_69,2025-08-10T06:27:46.056327+00:00,[],0,18,4,2,117,117,0,69.66,2,0,0.53,2,20,12,20,11,5,14,1,0,14,2,77.53,
"Tabay, Albin",LWB,506.03,26.35,57.31,55.33,50.66,46.02,starter,Harborview United,2,0.0,0.0,0.0,0.0,53.56,42.27,0.0,0.0,0.0,0.0,0.0,0.0,0.0,39.26,60.19,0.0,0.0,0.0,0.0,0.0,43.57,51.55,34.0,53.66,33.52,52.15,47.18,5888,19.39,291,291,0,100.0,3,1.03,0,25.74,12,9,6,0,66.67,0.0,3,1,33.33,6,1,16.67,9,9,100.0,3,5,2,0,1,3,0,1.601,1.067,0.0,51.756,51.76,59.53,0.534,0.0,4.578,2.134,1.067,0.178,1.601,1.6,17.79,0.534,0.889,0.356,0.0,0.534,0.18,5.93,11.86,77.99,17.79,0.18,2.96,61.21,62.0,29.66,61.84,36.06,67.84,79.34,61.41,75.79,23.89,36.04,21.72,50.19,48.03,0,0,0,0,0,0,0.0,0.0,0.0,0.0,0.0,58.03,2,3,5,87.3,10,Match_70,2025-10-07T17:59:49.057328+00:00,[],0,9,6,0,291,291,0,24.92,3,0,0.17,2,6,1,9,9,3,5,2,0,3,1,41.11,
"Legara, Ezralph",ST,1350.0,48.52,73.57,46.21,53.78,71.38,substitute,Summit Peak FC,79,0.0,0.0,0.0,0.0,50.68,76.7,0.0,0.0,0.0,0.0,0.0,0.0,0.0,72.69,33.1,0.0,0.0,0.0,0.0,0.0,74.82,71.63,66.93,33.88,51.41,47.29,72.36,13176,16.27,714,538,176,75.35,23,3.22,3,24.03,24,32,12,2,37.5,6.25,31,9,29.03,2,1,50.0,23,16,69.57,5,6,7,1,1,1,0,2.133,0.8,0.133,47.6,35.87,11.73,1.533,0.2,1.602,1.6,0.133,0.067,1.533,1.07,4.64,0.333,0.4,0.467,0.067,2.067,0.6,1.94,2.5,0.42,5.02,0.21,3.33,61.51,73.83,26.5,41.5,72.25,42.64,55.66,20.59,75.84,50.94,72.36,29.3,77.39,22.25,0,0,0,0,0,0,0.0,0.0,0.0,0.0,0.0,79.0,1,3,2,70.09,9,Match_99,2025-09-28T22:46:13.057328+00:00,[],0,32,12,2,714,538,176,82.48,23,3,0.8,3,2,1,23,16,5,6,7,1,31,9,45.88,
"Bacnis, Hugo",GK,735.03,46.7,39.63,74.73,48.9,40.95,starter,De La Salle University,41,0.0,0.0,0.0,0.0,58.88,66.79,0.0,0.0,0.0,0.0,0.0,0.0,0.0,45.58,60.72,0.0,0.0,0.0,0.0,0.0,64.77,75.19,33.69,36.84,71.04,47.35,58.69,2083,4.72,225,225,0,100.0,6,2.67,3,19.03,8,1,0,0,0.0,0.0,8,7,87.5,25,5,20.0,6,3,50.0,1,6,3,2,1,1,0,0.122,0.0,0.0,27.55,27.55,30.96,0.735,0.367,2.33,0.98,3.061,0.612,0.735,0.37,6.12,0.122,0.735,0.367,0.245,0.98,0.86,10.71,60.26,67.47,12.24,0.33,2.45,59.56,65.83,55.86,62.5,20.78,45.88,69.03,44.67,26.72,67.12,68.47,51.13,49.08,22.46,24,12,12,50.0,24,12,1.469,1.469,2.939,2.939,1.469,6.12,4,1,6,51.29,9,Match_203,2025-07-14T08:50:59.058327+00:00,[],0,1,0,0,225,225,0,89.0,6,3,0.5,4,25,5,6,3,1,6,3,2,8,7,86.06,
"Tabelin, Kirvy",LW,736.28,74.94,54.04,39.56,56.8,53.1,substitute,City United,96,0.0,0.0,0.0,0.0,61.56,39.04,0.0,0.0,0.0,0.0,0.0,0.0,0.0,62.13,40.4,0.0,0.0,0.0,0.0,0.0,74.0,56.72,69.11,44.61,38.47,45.26,31.62,1749,3.96,345,123,222,35.65,3,0.87,0,16.27,14,15,7,2,46.67,13.33,14,9,64.29,7,3,42.86,14,13,92.86,0,9,1,2,0,2,0,1.834,0.856,0.244,42.171,15.04,27.14,0.367,0.0,1.989,1.711,0.856,0.367,1.711,1.59,11.35,0.0,1.1,0.122,0.244,1.711,1.1,7.86,5.7,1.63,4.36,0.11,5.24,52.88,36.31,77.68,55.65,34.51,76.63,69.8,41.19,38.47,24.16,66.25,74.27,58.49,76.53,0,0,0,0,0,0,0.0,0.0,0.0,0.0,0.0,70.5,2,4,1,76.74,9,Match_148,2025-07-24T13:56:37.059321+00:00,[],0,15,7,2,345,123,222,58.69,3,0,2.67,4,7,3,14,13,0,9,1,2,14,9,81.63,
"Barro, Harvy",CAM,1115.84,49.24,73.48,32.77,68.27,54.38,substitute,Riverside FC,43,0.0,0.0,0.0,0.0,75.16,52.77,0.0,0.0,0.0,0.0,0.0,0.0,0.0,43.94,67.25,0.0,0.0,0.0,0.0,0.0,59.66,50.95,42.11,35.33,50.99,31.44,62.6,19303,28.83,247,0,247,0.0,4,1.62,0,7.24,9,18,8,0,44.44,0.0,39,14,35.9,31,10,32.26,31,16,51.61,3,8,2,2,3,3,0,1.452,0.645,0.0,19.922,34.26,19.92,0.323,0.0,0.584,0.726,2.5,0.807,2.5,1.29,4.16,0.242,0.645,0.161,0.161,3.146,1.13,2.9,3.58,42.85,79.14,0.13,2.6,78.04,55.02,75.6,38.5,35.99,47.7,72.58,70.6,22.5,31.44,72.18,24.96,67.44,66.56,0,0,0,0,0,0,0.0,0.0,0.0,0.0,0.0,46.53,5,2,3,29.7,17,Match_198,2025-03-19T04:19:49.059321+00:00,[],0,18,8,0,247,0,247,40.95,4,0,4.49,3,31,10,31,16,3,8,2,2,39,14,79.29,
"Dela Cruz, John",RW,1230.58,29.89,35.79,78.69,34.99,52.04,substitute,Highland Wanderers,32,0.0,0.0,0.0,0.0,79.55,49.83,0.0,0.0,0.0,0.0,0.0,0.0,0.0,63.14,58.0,0.0,0.0,0.0,0.0,0.0,31.98,47.1,68.63,79.27,32.05,61.55,77.85,17346,23.49,472,243,229,51.48,5,1.06,1,22.6,18,54,4,6,7.41,11.11,8,8,100.0,28,18,64.29,23,22,95.65,3,1,7,2,2,2,0,3.949,0.293,0.439,34.52,17.77,16.75,0.366,0.073,1.653,1.316,2.048,1.316,1.682,1.61,7.0,0.219,0.073,0.512,0.146,0.585,0.59,7.31,0.54,0.81,3.77,0.08,4.7,66.1,20.78,38.52,33.01,31.77,72.92,50.9,35.86,29.2,41.86,39.19,77.86,74.44,43.56,0,0,0,0,0,0,0.0,0.0,0.0,0.0,0.0,52.1,4,2,4,52.43,17,Match_151,2025-06-03T19:55:25.060322+00:00,[],0,54,4,6,472,243,229,21.28,5,1,0.03,2,28,18,23,22,3,1,7,2,8,8,84.88,
"Lopez, Diego",CF,838.52,42.38,65.46,58.08,67.23,26.85,starter,Summit Peak FC,15,0.0,0.0,0.0,0.0,60.63,55.95,0.0,0.0,0.0,0.0,0.0,0.0,0.0,38.35,50.44,0.0,0.0,0.0,0.0,0.0,33.36,50.36,37.35,36.39,53.83,36.01,64.18,8019,15.94,530,311,219,58.68,13,2.45,1,12.65,24,5,2,0,40.0,0.0,3,2,66.67,9,6,66.67,17,17,100.0,5,24,1,1,1,2,0,0.537,0.215,0.0,56.886,33.38,23.51,1.395,0.107,1.358,2.576,0.966,0.644,1.825,1.82,10.73,0.537,2.576,0.107,0.107,0.322,0.21,7.16,4.29,51.41,6.3,0.26,7.16,37.7,45.66,25.56,55.8,55.63,35.15,47.25,22.13,72.06,44.4,41.81,70.6,74.64,43.45,0,0,0,0,0,0,0.0,0.0,0.0,0.0,0.0,73.62,1,1,5,41.33,5,Match_107,2025-01-18T11:51:33.061339+00:00,[],0,5,2,0,530,311,219,68.19,13,1,4.09,1,9,6,17,17,5,24,1,1,3,2,64.12,
"Tagara, Pedro",CAM,647.1,57.96,65.11,32.05,59.5,24.92,substitute,Highland Wanderers,8,0.0,0.0,0.0,0.0,35.11,56.94,0.0,0.0,0.0,0.0,0.0,0.0,0.0,72.73,36.08,0.0,0.0,0.0,0.0,0.0,61.62,43.93,61.93,45.68,68.8,40.99,42.91,3667,9.44,365,298,67,81.64,8,2.19,2,24.96,26,13,7,0,53.85,0.0,8,3,37.5,5,2,40.0,9,2,22.22,1,7,1,1,2,1,0,1.808,0.974,0.0,50.765,41.45,9.32,1.113,0.278,3.471,3.616,0.695,0.278,1.252,0.28,3.09,0.139,0.974,0.139,0.139,1.113,0.42,5.22,7.49,77.66,11.35,0.3,5.56,31.98,60.65,31.82,45.86,68.91,76.77,73.8,29.83,50.41,48.49,37.83,47.37,69.83,67.32,0,0,0,0,0,0,0.0,0.0,0.0,0.0,0.0,53.93,4,1,1,83.83,17,Match_44,2025-07-09T17:27:21.061339+00:00,[],0,13,7,0,365,298,67,89.29,8,2,3.75,1,5,2,9,2,1,7,1,1,8,3,52.96,
"Ladines, Marvin",LW,1087.12,42.36,40.49,49.11,54.3,70.92,starter,Redwood Borough,63,0.0,0.0,0.0,0.0,73.72,56.74,0.0,0.0,0.0,0.0,0.0,0.0,0.0,37.41,59.79,0.0,0.0,0.0,0.0,0.0,69.37,71.63,39.74,45.28,34.37,69.3,63.16,12160,18.64,654,255,399,38.99,14,2.14,2,15.07,31,34,12,2,35.29,5.88,14,7,50.0,1,0,0.0,17,15,88.24,3,19,2,2,0,4,0,2.815,0.993,0.166,54.143,21.11,33.03,1.159,0.166,1.248,2.566,0.083,0.0,1.407,1.24,7.31,0.248,1.573,0.166,0.166,1.159,0.58,4.14,2.92,0.49,3.23,0.18,76.4,43.09,50.41,34.57,37.35,28.96,27.46,50.36,55.84,35.64,38.79,55.1,76.95,27.56,26.27,0,0,0,0,0,0,0.0,0.0,0.0,0.0,0.0,38.86,1,2,2,78.77,19,Match_217,2025-03-15T09:45:02.062329+00:00,[],0,34,12,2,654,255,399,59.16,14,2,3.33,6,1,0,17,15,3,19,2,2,14,7,72.18,
"Espana, Dave",CAM,849.41,56.46,50.41,20.94,20.35,26.68,starter,Mapúa University,10,0.0,0.0,0.0,0.0,79.02,68.21,0.0,0.0,0.0,0.0,0.0,0.0,0.0,54.73,58.37,0.0,0.0,0.0,0.0,0.0,69.49,46.5,75.06,40.54,74.48,54.36,31.22,12824,25.16,956,744,212,77.82,21,2.2,2,14.25,32,1,0,0,0.0,0.0,15,10,66.67,0,0,45.41,23,21,91.3,3,29,9,1,1,1,1,0.106,0.0,0.0,101.294,78.83,22.46,2.225,0.212,1.51,3.391,0.0,0.0,2.437,2.23,9.67,0.318,3.073,0.954,0.106,1.589,1.06,7.06,61.58,36.45,8.25,0.23,4.81,42.46,58.54,59.42,37.95,40.69,38.7,41.51,36.79,71.43,59.09,39.61,66.49,52.56,71.45,0,0,0,0,0,0,0.0,0.0,0.0,0.0,0.0,46.7,3,1,4,35.69,11,Match_200,2025-08-10T14:19:58.063328+00:00,[],0,1,0,0,956,744,212,51.07,21,2,2.02,4,0,0,23,21,3,29,9,1,15,10,25.68,
"Alonzo, Kaye",ST,1143.61,48.97,32.66,21.71,49.58,69.45,starter,De La Salle University,66,0.0,0.0,0.0,0.0,30.87,49.16,0.0,0.0,0.0,0.0,0.0,0.0,0.0,68.06,67.25,0.0,0.0,0.0,0.0,0.0,76.1,55.68,36.86,42.74,38.39,30.22,63.31,16146,23.53,666,544,122,81.68,6,0.9,1,12.51,37,46,3,7,6.52,15.22,12,12,100.0,15,6,40.0,25,25,100.0,6,5,8,2,1,0,0,3.62,0.236,0.551,52.413,42.81,9.6,0.472,0.079,0.985,2.912,1.18,0.472,1.967,1.97,7.87,0.472,0.393,0.63,0.157,0.944,0.94,7.87,0.51,1.2,6.43,0.07,3.15,34.35,79.68,68.47,47.42,29.98,66.93,33.32,45.6,71.43,23.56,69.87,28.77,58.94,73.44,0,0,0,0,0,0,0.0,0.0,0.0,0.0,0.0,42.28,2,2,3,77.3,8,Match_318,2025-08-12T17:19:03.063328+00:00,[],0,46,3,7,666,544,122,58.62,6,1,0.24,4,15,6,25,25,6,5,8,2,12,12,88.42,
"Darapan, Jermi",RWB,1187.17,37.12,75.01,43.21,25.47,24.13,starter,Eastview Rangers,90,0.0,0.0,0.0,0.0,37.36,68.6,0.0,0.0,0.0,0.0,0.0,0.0,0.0,66.59,64.25,0.0,0.0,0.0,0.0,0.0,66.26,43.5,45.23,67.96,68.75,71.73,61.97,20400,28.64,303,155,148,51.16,4,1.32,0,17.54,9,18,3,0,16.67,0.0,7,6,85.71,33,10,30.3,31,26,83.87,6,25,5,1,2,2,0,1.365,0.227,0.0,22.971,11.75,11.22,0.303,0.0,1.33,0.682,2.502,0.758,2.35,1.97,6.36,0.455,1.895,0.379,0.076,0.531,0.45,6.5,1.26,70.26,3.88,0.1,2.3,56.9,25.34,32.01,42.03,38.63,22.96,58.45,65.67,61.89,75.45,73.11,30.4,22.44,44.76,0,0,0,0,0,0,0.0,0.0,0.0,0.0,0.0,60.49,1,1,1,89.86,4,Match_66,2025-02-05T04:04:29.064328+00:00,[],0,18,3,0,303,155,148,86.68,4,0,4.35,2,33,10,31,26,6,25,5,1,7,6,28.85,
"Garces, Josh",LW,766.59,45.39,40.82,47.24,32.61,64.11,starter,Riverside FC,63,0.0,0.0,0.0,0.0,56.34,59.37,0.0,0.0,0.0,0.0,0.0,0.0,0.0,67.96,32.65,0.0,0.0,0.0,0.0,0.0,57.63,69.73,50.73,30.14,57.04,58.2,58.67,15732,34.2,439,439,0,100.0,6,1.37,3,12.62,20,12,2,2,16.67,16.67,10,4,40.0,8,4,50.0,23,23,100.0,2,16,5,2,1,1,0,1.409,0.235,0.235,51.54,51.54,73.85,0.704,0.352,1.482,2.348,0.939,0.47,2.7,2.7,11.74,0.235,1.878,0.587,0.235,1.174,0.47,4.7,1.96,1.96,11.74,0.16,5.87,24.7,27.66,24.28,33.47,65.61,61.99,50.95,41.39,32.61,66.62,67.11,30.71,38.08,64.23,0,0,0,0,0,0,0.0,0.0,0.0,0.0,0.0,54.37,4,3,4,40.29,14,Match_28,2025-04-18T05:58:40.064328+00:00,[],0,12,2,2,439,439,0,61.04,6,3,2.25,3,8,4,23,23,2,16,5,2,10,4,32.64,
"Espana, Dave",CAM,841.32,73.61,35.35,26.12,41.48,66.77,substitute,Redwood Borough,20,0.0,0.0,0.0,0.0,57.37,34.45,0.0,0.0,0.0,0.0,0.0,0.0,0.0,32.79,63.24,0.0,0.0,0.0,0.0,0.0,57.59,53.51,39.35,35.41,52.8,50.28,67.74,2821,5.59,113,48,65,42.48,1,0.88,0,7.99,5,7,2,2,28.57,28.57,32,9,28.12,22,10,45.45,19,9,47.37,2,9,11,2,1,1,0,0.749,0.214,0.214,12.088,5.13,6.95,0.107,0.0,0.855,0.535,2.353,1.07,2.033,0.96,5.07,0.214,0.963,1.177,0.214,3.423,0.96,3.01,3.06,3.06,4.54,0.09,4.86,44.91,26.32,52.73,59.87,24.61,68.05,69.16,29.74,73.41,62.94,32.58,40.3,41.8,30.73,0,0,0,0,0,0,0.0,0.0,0.0,0.0,0.0,78.83,1,4,3,82.65,3,Match_200,2025-07-15T22:16:37.065327+00:00,[],0,7,2,2,113,48,65,49.95,1,0,0.01,4,22,10,19,9,2,9,11,2,32,9,68.22,
"Villacarlos, Uriel",CF,899.98,46.14,37.91,31.74,30.49,61.17,substitute,Adamson University,23,0.0,0.0,0.0,0.0,47.96,65.92,0.0,0.0,0.0,0.0,0.0,0.0,0.0,71.47,48.06,0.0,0.0,0.0,0.0,0.0,60.99,75.58,38.22,40.43,33.89,48.43,55.58,10449,19.35,344,133,211,38.66,5,1.45,1,29.14,18,46,1,4,2.17,8.7,7,5,71.43,16,7,43.75,8,1,12.5,1,11,12,1,1,2,0,4.6,0.1,0.4,34.401,13.3,21.1,0.5,0.1,2.914,1.8,1.6,0.7,0.8,0.1,1.25,0.1,1.1,1.2,0.1,0.7,0.5,7.14,0.22,0.87,3.87,0.15,4.38,31.41,41.32,36.12,56.65,22.44,31.54,43.21,64.17,62.34,25.19,72.58,71.17,46.67,54.05,0,0,0,0,0,0,0.0,0.0,0.0,0.0,0.0,57.97,4,5,1,30.53,4,Match_183,2025-10-30T18:12:47.066321+00:00,[],0,46,1,4,344,133,211,74.04,5,1,0.11,2,16,7,8,1,1,11,12,1,7,5,70.88,
"Taberos, Earl",RW,608.89,74.91,27.4,73.68,54.09,53.72,substitute,University of the Philippines,73,0.0,0.0,0.0,0.0,41.29,47.51,0.0,0.0,0.0,0.0,0.0,0.0,0.0,57.54,55.1,0.0,0.0,0.0,0.0,0.0,50.69,33.45,51.23,74.5,66.18,72.73,43.34,4594,12.57,160,0,160,0.0,6,3.75,1,16.31,8,28,6,2,21.43,7.14,10,2,20.0,9,5,55.56,10,5,50.0,1,7,4,0,1,0,0,4.139,0.887,0.296,23.65,43.4,23.65,0.887,0.148,2.411,1.182,1.33,0.739,1.478,0.74,7.39,0.148,1.035,0.591,0.0,1.478,0.3,2.96,3.17,1.06,51.36,0.55,8.21,69.08,60.92,36.37,27.06,34.07,59.57,55.92,59.73,22.17,37.34,41.74,26.78,70.89,39.61,0,0,0,0,0,0,0.0,0.0,0.0,0.0,0.0,51.46,1,4,2,32.16,8,Match_96,2025-06-22T23:50:44.066321+00:00,[],0,28,6,2,160,0,160,63.15,6,1,3.0,0,9,5,10,5,1,7,4,0,10,2,87.82,
"Barro, Harvy",RB,722.76,59.02,79.9,66.35,47.66,54.4,substitute,Brookside United,27,0.0,0.0,0.0,0.0,60.1,66.58,0.0,0.0,0.0,0.0,0.0,0.0,0.0,67.11,60.35,0.0,0.0,0.0,0.0,0.0,64.93,34.66,66.75,41.69,45.74,69.0,42.35,2434,5.61,656,656,0,100.0,12,1.83,0,29.1,22,9,8,1,88.89,11.11,2,1,50.0,24,3,12.5,9,2,22.22,2,13,3,1,1,1,0,1.121,0.996,0.125,81.687,81.69,30.08,1.494,0.0,3.624,2.739,2.989,0.374,1.121,0.25,2.77,0.249,1.619,0.374,0.125,0.249,0.12,6.23,11.07,1.38,12.45,0.23,1.56,22.49,75.24,52.75,54.69,39.84,42.98,47.08,31.34,39.9,51.28,32.23,74.1,31.3,35.7,0,0,0,0,0,0,0.0,0.0,0.0,0.0,0.0,34.19,3,2,1,54.4,19,Match_337,2025-10-03T10:47:44.067320+00:00,[],0,9,8,1,656,656,0,60.3,12,0,1.44,0,24,3,9,2,2,13,3,1,2,1,47.89,
"Ybanez, Moimoi",CM,589.24,73.51,61.28,74.53,67.02,35.28,substitute,Crown City FC,21,0.0,0.0,0.0,0.0,64.74,43.19,0.0,0.0,0.0,0.0,0.0,0.0,0.0,64.86,68.69,0.0,0.0,0.0,0.0,0.0,71.21,51.85,44.67,50.89,66.01,31.9,78.06,5543,15.68,385,385,0,100.0,6,1.56,1,13.55,9,7,2,0,28.57,0.0,7,2,28.57,20,6,30.0,15,11,73.33,3,3,4,0,1,2,0,1.069,0.305,0.0,58.805,58.8,44.8,0.916,0.153,2.07,1.375,3.055,0.916,2.291,1.68,11.2,0.458,0.458,0.611,0.0,1.069,0.31,4.36,4.36,59.78,15.27,0.24,4.58,73.34,30.31,44.72,47.13,39.22,36.02,33.15,54.49,71.79,37.12,32.71,75.69,43.87,70.84,0,0,0,0,0,0,0.0,0.0,0.0,0.0,0.0,52.39,4,3,3,68.56,10,Match_360,2025-10-26T13:05:35.068324+00:00,[],0,7,2,0,385,385,0,72.29,6,1,0.56,3,20,6,15,11,3,3,4,0,7,2,72.17,
"Unabia, Mark",LB,956.87,33.07,56.48,70.52,55.22,20.92,substitute,Coastal Town,1,0.0,0.0,0.0,0.0,72.02,71.58,0.0,0.0,0.0,0.0,0.0,0.0,0.0,53.97,45.66,0.0,0.0,0.0,0.0,0.0,38.75,58.09,62.51,68.81,74.13,60.46,74.75,18795,32.74,189,189,0,100.0,5,2.65,1,12.02,5,6,1,0,16.67,0.0,10,7,70.0,58,29,50.0,19,13,68.42,5,9,1,2,1,2,0,0.564,0.094,0.0,17.777,17.78,75.22,0.47,0.094,1.131,0.47,5.455,2.728,1.787,1.22,6.44,0.47,0.847,0.094,0.188,0.941,0.66,6.58,1.57,61.07,9.41,0.25,4.7,46.12,34.81,72.01,26.09,69.84,39.09,24.64,48.15,58.96,34.14,46.39,28.12,70.73,73.72,0,0,0,0,0,0,0.0,0.0,0.0,0.0,0.0,65.24,2,3,4,41.46,2,Match_103,2025-09-23T11:43:27.068324+00:00,[],0,6,1,0,189,189,0,86.33,5,1,3.08,3,58,29,19,13,5,9,1,2,10,7,60.36,
"Unabia, Charles",CB,1107.88,55.51,79.22,65.03,61.54,29.47,starter,Valley Rovers,30,0.0,0.0,0.0,0.0,37.19,57.63,0.0,0.0,0.0,0.0,0.0,0.0,0.0,73.01,72.91,0.0,0.0,0.0,0.0,0.0,51.59,39.82,41.45,63.83,35.6,35.83,68.91,11605,17.46,379,83,296,21.9,9,2.37,3,13.86,9,13,6,0,46.15,0.0,8,1,12.5,41,41,100.0,10,2,20.0,4,23,16,1,2,4,0,1.056,0.487,0.0,30.789,6.74,24.05,0.731,0.244,1.126,0.731,3.331,3.331,0.812,0.16,1.62,0.325,1.868,1.3,0.081,0.65,0.08,1.02,3.75,45.5,1.78,0.19,8.12,44.74,45.94,25.21,38.16,32.74,55.58,70.02,21.76,32.38,77.79,76.62,61.49,27.05,24.56,0,0,0,0,0,0,0.0,0.0,0.0,0.0,0.0,41.57,2,3,3,36.25,14,Match_136,2025-01-25T11:33:19.069323+00:00,[],0,13,6,0,379,83,296,82.22,9,3,2.03,0,41,41,10,2,4,23,16,1,8,1,40.93,
"Unabia, Charles",LW,928.01,73.96,43.25,20.39,45.99,25.3,substitute,Coastal Town,1,0.0,0.0,0.0,0.0,35.66,69.99,0.0,0.0,0.0,0.0,0.0,0.0,0.0,34.26,33.24,0.0,0.0,0.0,0.0,0.0,35.09,72.41,40.65,58.01,36.85,39.18,40.31,13781,24.75,472,472,0,100.0,14,2.97,2,18.85,19,55,11,5,20.0,9.09,26,26,100.0,16,7,43.75,20,20,100.0,3,12,10,0,3,1,0,5.334,1.067,0.485,45.775,45.78,40.71,1.358,0.194,1.828,1.843,1.552,0.679,1.94,1.94,9.7,0.291,1.164,0.97,0.0,2.522,2.52,9.7,1.94,0.88,9.7,0.29,4.24,31.78,61.52,67.2,58.44,39.41,22.45,38.49,78.8,50.18,20.5,76.79,73.4,20.87,43.99,0,0,0,0,0,0,0.0,0.0,0.0,0.0,0.0,60.73,5,4,1,50.45,13,Match_387,2025-09-02T17:04:57.070321+00:00,[],0,55,11,5,472,472,0,23.52,14,2,4.45,1,16,7,20,20,3,12,10,0,26,26,62.16,
"Merino, Josh",LB,558.51,60.46,20.29,67.28,61.46,32.37,starter,Valley Rovers,53,0.0,0.0,0.0,0.0,38.02,60.54,0.0,0.0,0.0,0.0,0.0,0.0,0.0,43.17,73.45,0.0,0.0,0.0,0.0,0.0,57.78,71.79,50.39,36.96,42.45,69.91,71.67,9336,27.86,663,485,178,73.15,15,2.26,1,23.1,25,1,0,0,0.0,0.0,3,1,33.33,13,5,38.46,4,1,25.0,2,10,1,0,1,1,0,0.161,0.0,0.0,106.838,78.15,28.68,2.417,0.161,3.722,4.029,2.095,0.806,0.645,0.16,4.03,0.322,1.611,0.161,0.0,0.483,0.16,5.37,58.16,35.65,11.79,0.36,6.2,27.96,56.9,53.66,68.15,63.13,76.95,68.71,69.79,20.07,58.46,45.02,71.66,27.24,54.0,0,0,0,0,0,0,0.0,0.0,0.0,0.0,0.0,48.94,3,2,1,47.48,7,Match_231,2025-03-22T11:28:03.070321+00:00,[],0,1,0,0,663,485,178,64.44,15,1,2.06,3,13,5,4,1,2,10,1,0,3,1,26.74,
"Nemenzo, Sirach Ethan",CDM,806.54,55.75,57.24,31.4,63.9,77.19,starter,Brookside United,48,0.0,0.0,0.0,0.0,44.37,52.46,0.0,0.0,0.0,0.0,0.0,0.0,0.0,68.32,64.15,0.0,0.0,0.0,0.0,0.0,65.79,61.95,73.45,34.99,77.29,57.12,59.56,3368,6.96,765,435,330,56.86,11,1.44,2,4.64,37,12,3,1,25.0,8.33,3,1,33.33,38,12,31.58,4,4,100.0,2,13,8,1,1,1,0,1.339,0.335,0.112,85.365,48.54,36.82,1.227,0.223,0.518,4.129,4.24,1.339,0.446,0.45,11.16,0.223,1.451,0.893,0.112,0.335,0.11,3.72,2.79,0.93,6.34,0.16,3.52,47.11,55.95,74.67,50.28,67.81,22.6,54.11,31.47,68.84,72.71,33.35,64.16,77.34,64.2,0,0,0,0,0,0,0.0,0.0,0.0,0.0,0.0,59.9,5,0,4,34.58,20,Match_52,2024-12-24T19:55:50.071326+00:00,[],0,12,3,1,765,435,330,21.46,11,2,3.14,2,38,12,4,4,2,13,8,1,3,1,41.43,
"Apostol, Carlo",RW,531.54,52.05,59.68,56.1,46.34,79.48,starter,Summit Peak FC,32,0.0,0.0,0.0,0.0,77.23,42.43,0.0,0.0,0.0,0.0,0.0,0.0,0.0,75.18,49.78,0.0,0.0,0.0,0.0,0.0,52.74,53.8,33.95,41.12,32.66,41.08,74.86,7765,24.35,109,109,0,100.0,1,0.92,0,11.04,4,23,9,2,39.13,8.7,15,10,66.67,9,3,33.33,4,1,25.0,3,13,5,0,1,1,0,3.894,1.524,0.339,18.456,18.46,76.51,0.169,0.0,1.869,0.677,1.524,0.508,0.677,0.17,4.23,0.508,2.201,0.847,0.0,2.54,1.69,11.29,6.63,1.47,16.93,0.16,5.64,43.4,46.26,52.01,29.38,43.49,58.09,62.86,30.94,55.59,42.99,72.35,70.87,44.49,26.24,0,0,0,0,0,0,0.0,0.0,0.0,0.0,0.0,46.93,4,1,2,21.57,1,Match_219,2025-04-19T16:12:06.071326+00:00,[],0,23,9,2,109,109,0,21.32,1,0,1.35,0,9,3,4,1,3,13,5,0,15,10,85.63,
"Lood, Trevor",CB,598.59,62.74,24.53,77.61,46.28,44.61,starter,Highland Wanderers,15,0.0,0.0,0.0,0.0,79.09,38.54,0.0,0.0,0.0,0.0,0.0,0.0,0.0,51.39,72.08,0.0,0.0,0.0,0.0,0.0,76.8,65.94,69.38,32.85,69.55,41.47,33.05,9802,27.29,364,276,88,75.82,7,1.92,1,28.74,9,6,3,0,50.0,0.0,3,3,100.0,20,6,30.0,17,13,76.47,1,4,5,0,2,2,0,0.902,0.451,0.0,54.729,41.5,13.23,1.052,0.15,4.321,1.353,3.007,0.902,2.556,1.95,11.5,0.15,0.601,0.752,0.0,0.451,0.45,15.04,7.52,30.87,11.4,0.29,4.51,73.57,21.27,40.26,20.08,47.27,77.11,54.29,40.39,72.08,36.97,70.81,30.25,25.81,70.43,0,0,0,0,0,0,0.0,0.0,0.0,0.0,0.0,70.88,3,2,1,81.72,6,Match_59,2025-04-30T14:28:18.072322+00:00,[],0,6,3,0,364,276,88,78.81,7,1,1.99,2,20,6,17,13,1,4,5,0,3,3,75.99,
"Abellana, Marco",RWB,1076.04,45.55,29.52,44.86,63.76,56.06,starter,National University,61,0.0,0.0,0.0,0.0,41.56,67.45,0.0,0.0,0.0,0.0,0.0,0.0,0.0,63.15,45.29,0.0,0.0,0.0,0.0,0.0,75.26,39.92,52.85,66.26,74.84,72.53,70.82,9835,15.23,565,2,563,0.35,10,1.77,2,21.8,28,4,1,0,25.0,0.0,12,11,91.67,56,0,0.0,14,11,78.57,5,20,10,1,2,2,0,0.335,0.084,0.0,47.257,0.17,47.09,0.836,0.167,1.823,2.342,4.684,0.0,1.171,0.92,6.57,0.418,1.673,0.836,0.084,1.004,0.92,7.67,2.09,68.38,0.03,0.15,51.37,27.33,39.58,41.61,72.62,52.04,51.58,25.02,45.9,38.89,51.02,79.6,27.12,36.97,66.58,0,0,0,0,0,0,0.0,0.0,0.0,0.0,0.0,65.54,8,5,2,36.41,3,Match_399,2025-01-07T03:48:14.073321+00:00,[],0,4,1,0,565,2,563,32.96,10,2,3.2,5,56,0,14,11,5,20,10,1,12,11,23.74,
"Perez, Bel",CAM,988.48,29.87,36.24,22.89,26.82,28.43,starter,Northbridge FC,2,0.0,0.0,0.0,0.0,39.53,48.58,0.0,0.0,0.0,0.0,0.0,0.0,0.0,58.03,36.57,0.0,0.0,0.0,0.0,0.0,51.48,44.4,59.64,45.57,38.85,50.27,50.57,7613,12.84,98,54,44,55.1,2,2.04,0,5.99,1,4,1,0,25.0,0.0,10,10,100.0,40,20,50.0,9,5,55.56,4,14,11,1,2,1,0,0.364,0.091,0.0,8.923,4.92,4.01,0.182,0.0,0.545,0.091,3.642,1.821,0.819,0.46,5.06,0.364,1.275,1.002,0.091,0.91,0.91,9.1,2.28,55.17,5.02,0.19,4.55,34.54,45.73,68.73,43.95,69.02,43.71,28.57,25.7,53.66,30.8,51.72,57.97,53.36,72.25,0,0,0,0,0,0,0.0,0.0,0.0,0.0,0.0,56.17,9,4,3,78.17,8,Match_94,2025-03-16T06:31:23.073321+00:00,[],0,4,1,0,98,54,44,30.32,2,0,3.46,6,40,20,9,5,4,14,11,1,10,10,37.27,
"Tabay, Albin",LW,982.99,26.05,65.61,38.55,54.03,51.95,substitute,Redwood Borough,30,0.0,0.0,0.0,0.0,48.18,31.43,0.0,0.0,0.0,0.0,0.0,0.0,0.0,64.74,55.08,0.0,0.0,0.0,0.0,0.0,75.4,33.75,42.82,43.37,45.79,33.08,43.62,19001,32.22,315,256,59,81.27,8,2.54,2,21.33,14,32,16,2,50.0,6.25,37,35,94.59,30,15,50.0,19,6,31.58,1,23,13,2,2,0,0,2.93,1.465,0.183,28.841,23.44,5.4,0.732,0.183,1.953,1.282,2.747,1.373,1.74,0.55,2.89,0.092,2.106,1.19,0.183,3.388,3.2,8.66,4.58,0.57,7.44,0.23,4.58,55.32,28.8,39.66,44.76,38.02,75.92,65.04,65.64,75.79,55.44,45.19,63.21,56.54,34.8,0,0,0,0,0,0,0.0,0.0,0.0,0.0,0.0,69.21,3,4,1,89.57,2,Match_343,2025-02-14T19:51:17.074324+00:00,[],0,32,16,2,315,256,59,43.01,8,2,4.72,3,30,15,19,6,1,23,13,2,37,35,55.05,
"Mapula, Paul Vincent",CDM,921.73,36.32,36.85,73.81,23.35,42.19,starter,Southgate United,18,0.0,0.0,0.0,0.0,74.19,56.21,0.0,0.0,0.0,0.0,0.0,0.0,0.0,64.74,42.19,0.0,0.0,0.0,0.0,0.0,30.88,31.38,66.06,78.2,69.34,78.63,36.57,18599,33.63,424,229,195,54.01,5,1.18,2,8.1,27,15,11,1,73.33,6.67,3,2,66.67,10,9,90.0,23,1,4.35,1,14,13,1,2,1,0,1.465,1.074,0.098,41.4,22.36,19.04,0.488,0.195,0.791,2.636,0.976,0.879,2.246,0.1,0.42,0.098,1.367,1.269,0.098,0.293,0.2,6.51,7.16,0.65,5.27,0.12,8.79,28.53,75.43,49.91,47.67,24.98,33.35,54.24,71.21,59.01,44.22,21.54,78.32,24.46,20.46,0,0,0,0,0,0,0.0,0.0,0.0,0.0,0.0,66.83,4,1,3,52.31,18,Match_18,2024-12-22T10:16:09.075325+00:00,[],0,15,11,1,424,229,195,36.45,5,2,2.99,2,10,9,23,1,1,14,13,1,3,2,22.31,
"Fernandez, Laurence",CF,629.94,44.41,40.79,71.42,61.58,26.05,starter,Riverside FC,41,0.0,0.0,0.0,0.0,42.4,37.24,0.0,0.0,0.0,0.0,0.0,0.0,0.0,42.27,56.11,0.0,0.0,0.0,0.0,0.0,37.4,61.51,43.64,51.71,47.53,61.49,37.13,9063,23.98,155,18,137,11.61,2,1.29,0,18.81,2,19,16,2,84.21,10.53,6,2,33.33,14,10,71.43,15,7,46.67,6,4,3,0,1,1,0,2.715,2.286,0.286,22.145,2.57,19.57,0.286,0.0,2.687,0.286,2.0,1.429,2.143,1.0,6.67,0.857,0.571,0.429,0.0,0.857,0.29,4.76,12.03,1.5,1.66,0.18,10.21,45.7,43.7,45.18,25.71,47.5,67.56,26.73,24.99,27.13,22.34,49.65,26.27,61.33,21.06,0,0,0,0,0,0,0.0,0.0,0.0,0.0,0.0,73.8,4,4,3,47.66,15,Match_279,2025-04-05T01:35:02.075325+00:00,[],0,19,16,2,155,18,137,88.08,2,0,2.25,3,14,10,15,7,6,4,3,0,6,2,51.91,
"Bacaycay, Kurt",CF,1090.51,54.63,72.45,70.46,52.41,33.01,starter,Far Eastern University,21,0.0,0.0,0.0,0.0,64.07,62.44,0.0,0.0,0.0,0.0,0.0,0.0,0.0,62.21,62.51,0.0,0.0,0.0,0.0,0.0,65.61,69.26,50.03,30.6,30.35,30.71,73.01,21620,33.04,425,409,16,96.24,7,1.65,1,11.91,13,44,11,1,25.0,2.27,14,12,85.71,23,9,39.13,19,4,21.05,4,15,5,2,3,1,0,3.631,0.908,0.083,35.075,33.75,1.32,0.578,0.083,0.983,1.073,1.898,0.743,1.568,0.33,1.74,0.33,1.238,0.413,0.165,1.155,0.99,7.07,2.06,0.19,7.94,0.14,3.23,69.57,27.43,61.4,23.87,34.43,74.06,52.65,69.58,20.58,20.82,20.44,34.84,75.94,72.5,0,0,0,0,0,0,0.0,0.0,0.0,0.0,0.0,69.1,4,5,5,27.94,8,Match_165,2025-05-27T15:28:26.076330+00:00,[],0,44,11,1,425,409,16,78.6,7,1,1.69,0,23,9,19,4,4,15,5,2,14,12,68.04,
"Bacaycay, Kurt",CF,389.06,44.02,44.51,74.56,44.88,44.78,starter,Highland Wanderers,25,0.0,0.0,0.0,0.0,69.36,30.41,0.0,0.0,0.0,0.0,0.0,0.0,0.0,56.18,70.2,0.0,0.0,0.0,0.0,0.0,49.13,41.1,63.85,54.25,60.24,61.38,66.14,8038,34.43,125,102,23,81.6,3,2.4,0,20.45,2,4,1,0,25.0,0.0,3,2,66.67,16,1,6.25,3,3,100.0,1,6,2,0,1,2,0,0.925,0.231,0.0,28.916,23.6,5.32,0.694,0.0,4.731,0.463,3.701,0.231,0.694,0.69,23.13,0.231,1.388,0.463,0.0,0.694,0.46,15.42,5.78,43.01,18.88,0.56,1.45,31.63,77.21,60.31,48.5,23.99,75.03,47.46,31.11,44.66,75.38,54.23,37.95,60.4,30.8,0,0,0,0,0,0,0.0,0.0,0.0,0.0,0.0,67.67,4,4,4,47.86,5,Match_59,2025-01-12T17:45:52.077328+00:00,[],0,4,1,0,125,102,23,27.0,3,0,3.89,4,16,1,3,3,1,6,2,0,3,2,25.55,
"Reyes, Bel",CM,641.78,43.4,21.5,33.54,54.44,75.21,starter,Northbridge FC,92,0.0,0.0,0.0,0.0,33.72,33.43,0.0,0.0,0.0,0.0,0.0,0.0,0.0,71.08,49.59,0.0,0.0,0.0,0.0,0.0,62.45,72.92,46.29,66.77,43.15,67.67,76.46,1689,4.39,485,117,368,24.12,0,0.0,0,12.08,17,11,2,0,18.18,0.0,7,3,42.86,15,6,40.0,3,2,66.67,4,8,8,1,1,0,0,1.543,0.28,0.0,68.014,16.41,51.61,0.0,0.0,1.694,2.384,2.104,0.841,0.421,0.28,9.35,0.561,1.122,1.122,0.14,0.982,0.42,6.01,2.55,48.27,3.38,57.93,5.61,32.05,47.68,46.29,36.7,62.92,37.93,30.09,26.07,36.59,57.41,59.38,52.28,38.58,53.13,0,0,0,0,0,0,0.0,0.0,0.0,0.0,0.0,55.87,3,2,4,21.51,6,Match_234,2025-05-31T21:23:49.077328+00:00,[],0,11,2,0,485,117,368,63.74,0,0,0.72,4,15,6,3,2,4,8,8,1,7,3,70.5,
"Fernandez, Edvard",RW,702.52,58.26,23.43,74.16,53.98,20.18,starter,Summit Peak FC,92,0.0,0.0,0.0,0.0,60.57,68.19,0.0,0.0,0.0,0.0,0.0,0.0,0.0,67.69,77.49,0.0,0.0,0.0,0.0,0.0,61.41,73.42,76.48,46.91,74.21,62.24,34.73,4578,10.86,367,172,195,46.87,8,2.18,1,22.58,7,34,18,2,52.94,5.88,26,10,38.46,12,8,66.67,18,7,38.89,1,13,6,1,2,0,0,4.356,2.306,0.256,47.016,22.03,24.98,1.025,0.128,2.893,0.897,1.537,1.025,2.306,0.9,4.98,0.128,1.665,0.769,0.128,3.331,1.28,4.93,6.78,0.75,6.0,0.28,8.54,57.22,61.7,63.27,56.65,75.66,57.99,67.53,69.16,70.71,69.43,73.46,43.81,45.16,47.92,0,0,0,0,0,0,0.0,0.0,0.0,0.0,0.0,49.41,2,3,1,20.56,8,Match_260,2025-07-13T00:51:11.078324+00:00,[],0,34,18,2,367,172,195,43.19,8,1,1.63,4,12,8,18,7,1,13,6,1,26,10,74.66,
"Fernandez, Hugo",LB,1304.85,65.1,74.31,31.24,29.83,47.06,starter,Riverside FC,20,0.0,0.0,0.0,0.0,74.31,54.21,0.0,0.0,0.0,0.0,0.0,0.0,0.0,76.04,75.81,0.0,0.0,0.0,0.0,0.0,59.88,44.76,50.8,66.36,43.52,65.81,50.13,11624,14.85,1039,1035,4,99.62,41,3.95,4,9.03,106,17,0,0,0.0,0.0,13,7,53.85,33,17,51.52,25,5,20.0,7,33,4,1,2,2,0,1.173,0.0,0.0,71.663,71.39,0.28,2.828,0.276,0.623,7.311,2.276,1.173,1.724,0.34,1.38,0.483,2.276,0.276,0.069,0.897,0.48,3.71,47.24,58.78,6.87,0.27,3.55,52.44,30.73,75.26,32.73,62.03,39.23,47.57,27.05,33.61,48.69,43.55,64.46,78.0,59.9,0,0,0,0,0,0,0.0,0.0,0.0,0.0,0.0,33.77,3,3,3,25.92,9,Match_322,2025-03-30T06:20:25.079334+00:00,[],0,17,0,0,1039,1035,4,61.65,41,4,0.52,4,33,17,25,5,7,33,4,1,13,7,48.55,
"Lopez, Kirvy",CF,772.76,44.72,37.96,25.27,61.73,30.77,substitute,Highland Wanderers,48,0.0,0.0,0.0,0.0,71.02,44.11,0.0,0.0,0.0,0.0,0.0,0.0,0.0,38.33,40.26,0.0,0.0,0.0,0.0,0.0,30.62,67.14,56.03,76.9,40.77,39.62,73.82,8094,17.46,416,416,0,100.0,3,0.72,0,10.75,18,15,2,0,13.33,0.0,6,1,16.67,13,7,53.85,12,10,83.33,6,0,8,2,1,0,0,1.747,0.233,0.0,48.45,48.45,71.78,0.349,0.0,1.252,2.096,1.514,0.815,1.398,1.16,9.71,0.699,0.0,0.932,0.233,0.699,0.12,1.94,1.55,59.23,11.65,0.08,6.27,28.25,54.07,35.92,52.29,27.65,59.15,60.11,77.16,25.47,40.75,31.02,51.28,78.52,32.47,0,0,0,0,0,0,0.0,0.0,0.0,0.0,0.0,46.94,2,3,4,76.74,5,Match_198,2025-06-15T12:58:18.079334+00:00,[],0,15,2,0,416,416,0,37.45,3,0,1.44,3,13,7,12,10,6,0,8,2,6,1,62.5,
"Lood, Trevor",ST,1067.1,59.3,21.82,69.23,39.46,52.1,substitute,San Beda University,43,0.0,0.0,0.0,0.0,71.62,58.81,0.0,0.0,0.0,0.0,0.0,0.0,0.0,35.57,61.2,0.0,0.0,0.0,0.0,0.0,41.51,67.69,56.9,58.1,37.53,47.79,57.97,10073,15.73,333,53,280,15.92,5,1.5,0,17.82,13,39,5,3,12.82,7.69,31,17,54.84,40,0,0.0,17,5,29.41,3,17,15,1,1,1,0,3.289,0.422,0.253,28.085,4.47,23.62,0.422,0.0,1.503,1.096,3.374,0.0,1.434,0.42,2.48,0.253,1.434,1.265,0.084,2.615,1.43,4.63,1.08,0.65,1.34,0.13,46.67,37.76,30.53,69.38,44.32,35.71,44.42,25.56,63.27,71.45,66.31,40.77,25.15,23.82,73.53,0,0,0,0,0,0,0.0,0.0,0.0,0.0,0.0,77.59,5,1,2,41.61,11,Match_182,2025-01-07T18:31:15.080320+00:00,[],0,39,5,3,333,53,280,40.99,5,0,3.03,1,40,0,17,5,3,17,15,1,31,17,87.66,
"Fernandez, Harvy",ST,1282.07,43.06,49.18,47.14,67.63,75.99,substitute,Redwood Borough,77,0.0,0.0,0.0,0.0,39.44,33.08,0.0,0.0,0.0,0.0,0.0,0.0,0.0,41.38,62.9,0.0,0.0,0.0,0.0,0.0,30.38,45.63,78.27,47.55,55.87,53.52,59.78,22945,29.83,417,212,205,50.84,1,0.24,0,26.2,16,17,7,2,41.18,11.76,44,44,100.0,43,34,79.07,15,2,13.33,2,26,9,1,3,3,0,1.193,0.491,0.14,29.273,14.88,14.39,0.07,0.0,1.839,1.123,3.019,2.387,1.053,0.14,0.94,0.14,1.825,0.632,0.07,3.089,3.09,7.02,2.89,0.83,3.57,0.02,5.55,75.18,26.88,52.58,28.37,76.44,30.79,67.89,47.79,27.46,32.86,24.84,23.01,28.59,64.8,0,0,0,0,0,0,0.0,0.0,0.0,0.0,0.0,40.06,5,1,4,81.28,9,Match_143,2025-10-28T06:57:27.080320+00:00,[],0,17,7,2,417,212,205,28.79,1,0,0.16,4,43,34,15,2,2,26,9,1,44,44,35.45,
"Salingay, Sam",RW,912.41,50.52,65.42,45.62,48.45,74.04,DNP,Lakeside Athletic,41,0.0,0.0,0.0,0.0,36.99,39.98,0.0,0.0,0.0,0.0,0.0,0.0,0.0,68.35,37.34,0.0,0.0,0.0,0.0,0.0,40.51,39.35,41.35,42.68,58.68,56.6,38.26,3305,6.04,279,279,0,100.0,4,1.43,0,7.82,14,16,3,1,18.75,6.25,18,15,83.33,40,21,52.5,20,1,5.0,4,12,11,1,1,0,0,1.578,0.296,0.099,27.521,27.52,65.27,0.395,0.0,0.771,1.381,3.946,2.071,1.973,0.1,0.49,0.395,1.184,1.085,0.099,1.776,1.48,8.22,1.85,0.62,9.86,0.14,5.18,31.37,23.2,28.62,74.89,43.54,56.61,36.6,53.84,78.65,63.58,56.11,42.78,75.8,21.69,0,0,0,0,0,0,0.0,0.0,0.0,0.0,0.0,34.84,2,4,3,67.08,10,Match_183,2025-08-12T03:58:17.081321+00:00,[],0,16,3,1,279,279,0,41.46,4,0,3.86,3,40,21,20,1,4,12,11,1,18,15,31.12,
"Salingay, Sam",GK,1073.76,57.27,50.47,24.7,43.0,36.73,starter,University of the Philippines,18,0.0,0.0,0.0,0.0,68.97,41.97,0.0,0.0,0.0,0.0,0.0,0.0,0.0,46.1,76.67,0.0,0.0,0.0,0.0,0.0,49.8,50.37,68.33,33.3,33.72,71.34,34.02,3573,5.55,473,473,0,100.0,4,0.85,0,11.46,24,19,4,1,21.05,5.26,3,0,0.0,42,7,16.67,12,8,66.67,2,19,12,1,2,1,0,1.593,0.335,0.084,39.646,39.65,79.21,0.335,0.0,0.961,2.012,3.52,0.587,1.006,0.67,5.59,0.168,1.593,1.006,0.084,0.251,78.81,75.8,1.76,0.44,8.38,0.07,1.4,39.48,70.41,62.9,60.15,29.91,33.8,20.47,65.98,71.58,47.12,48.57,24.64,23.24,22.77,7,5,2,71.43,7,2,0.419,0.168,0.587,0.587,0.168,5.99,5,0,1,85.99,7,Match_244,2025-11-08T21:04:35.082324+00:00,[],0,19,4,1,473,473,0,89.76,4,0,0.83,3,42,7,12,8,2,19,12,1,3,0,60.49,
"Mapula, Paul Vincent",LB,561.38,70.58,60.82,72.76,28.96,77.16,starter,Adamson University,12,0.0,0.0,0.0,0.0,52.8,30.45,0.0,0.0,0.0,0.0,0.0,0.0,0.0,35.96,49.68,0.0,0.0,0.0,0.0,0.0,56.88,41.82,58.15,69.25,72.61,53.71,47.19,9951,29.54,505,489,16,96.83,2,0.4,0,22.99,16,1,0,0,0.0,0.0,2,1,50.0,14,14,100.0,3,3,100.0,2,10,3,0,1,1,0,0.16,0.0,0.0,80.961,78.4,2.57,0.321,0.0,3.686,2.565,2.244,2.244,0.481,0.48,16.03,0.321,1.603,0.481,0.0,0.321,0.16,8.02,35.06,48.4,15.52,0.06,16.03,41.94,50.08,56.81,31.73,57.0,61.36,21.26,52.61,36.03,27.66,66.53,39.79,21.24,44.75,0,0,0,0,0,0,0.0,0.0,0.0,0.0,0.0,72.5,6,6,3,36.25,7,Match_229,2025-06-08T19:49:28.082324+00:00,[],0,1,0,0,505,489,16,32.09,2,0,3.89,4,14,14,3,3,2,10,3,0,2,1,73.71,
"Amador, Roniel",CF,736.48,39.34,50.81,62.52,68.45,68.02,DNP,Riverside FC,68,0.0,0.0,0.0,0.0,67.03,41.39,0.0,0.0,0.0,0.0,0.0,0.0,0.0,59.67,71.69,0.0,0.0,0.0,0.0,0.0,48.11,52.26,42.44,39.75,62.06,79.98,64.19,6364,14.4,328,291,37,88.72,8,2.44,1,24.31,19,1,0,0,0.0,0.0,15,6,40.0,13,6,46.15,11,1,9.09,1,7,5,1,0,1,0,0.122,0.0,0.0,40.083,35.56,4.52,0.978,0.122,2.971,2.322,1.589,0.733,1.344,0.12,1.11,0.122,0.855,0.611,0.122,1.833,0.73,4.89,32.42,45.61,10.84,0.3,5.64,20.87,71.41,53.29,40.7,62.72,28.11,31.42,31.25,68.17,41.0,70.31,49.45,24.26,29.28,0,0,0,0,0,0,0.0,0.0,0.0,0.0,0.0,50.73,3,2,4,39.99,8,Match_39,2025-09-09T03:24:25.083328+00:00,[],0,1,0,0,328,291,37,24.46,8,1,3.56,1,13,6,11,1,1,7,5,1,15,6,67.62,
"Santos, Aris",RB,1262.02,69.49,71.72,72.96,79.27,48.3,substitute,University of Santo Tomas,10,0.0,0.0,0.0,0.0,42.1,66.52,0.0,0.0,0.0,0.0,0.0,0.0,0.0,75.61,49.72,0.0,0.0,0.0,0.0,0.0,54.53,36.59,54.76,61.11,71.51,73.85,74.13,12884,17.02,255,155,100,60.78,8,3.14,1,26.08,8,19,6,2,31.58,10.53,0,0,44.87,42,15,35.71,22,14,63.64,6,2,8,0,3,3,0,1.355,0.428,0.143,18.185,11.05,7.13,0.571,0.071,1.86,0.571,2.995,1.07,1.569,1.0,4.54,0.428,0.143,0.571,0.0,0.0,48.41,3.2,2.25,0.75,4.33,0.22,2.55,61.19,77.63,22.41,72.32,30.73,79.29,41.54,27.88,30.01,52.51,34.1,63.11,43.01,65.98,0,0,0,0,0,0,0.0,0.0,0.0,0.0,0.0,60.17,5,1,2,86.86,13,Match_300,2025-01-15T14:55:49.084328+00:00,[],0,19,6,2,255,155,100,79.7,8,1,1.19,4,42,15,22,14,6,2,8,0,0,0,28.87,
"Villacarlos, Uriel",GK,1350.0,25.78,69.34,77.12,27.6,47.78,starter,Lyceum,44,0.0,0.0,0.0,0.0,62.27,40.2,0.0,0.0,0.0,0.0,0.0,0.0,0.0,41.73,47.89,0.0,0.0,0.0,0.0,0.0,53.22,78.09,40.44,41.29,33.83,39.14,54.42,21770,26.88,256,121,135,47.27,7,2.73,0,14.71,4,19,7,2,36.84,10.53,11,6,54.55,24,16,66.67,16,16,100.0,4,20,11,0,2,3,0,1.267,0.467,0.133,17.067,8.07,9.0,0.467,0.0,0.981,0.267,1.6,1.067,1.067,1.07,6.67,0.267,1.333,0.733,0.0,0.733,0.4,3.64,2.46,0.7,3.15,0.18,4.44,70.12,23.65,61.45,60.34,29.27,74.46,74.89,59.66,76.62,56.51,35.43,65.99,64.59,45.88,29,18,11,62.07,29,11,1.2,0.733,1.933,1.933,0.733,4.14,5,3,3,77.38,15,Match_281,2025-06-27T03:12:16.084328+00:00,[],0,19,7,2,256,121,135,31.92,7,0,0.85,1,24,16,16,16,4,20,11,0,11,6,85.61,
"Reyes, Harvy",LWB,1182.17,27.22,40.54,27.12,49.63,42.14,substitute,Mapúa University,43,0.0,0.0,0.0,0.0,49.23,67.23,0.0,0.0,0.0,0.0,0.0,0.0,0.0,57.06,54.08,0.0,0.0,0.0,0.0,0.0,57.83,34.72,76.85,57.61,78.52,62.76,44.02,6636,9.36,485,435,50,89.69,21,4.33,5,19.03,16,13,7,1,53.85,7.69,22,7,31.82,67,18,26.87,8,4,50.0,2,30,13,3,4,2,0,0.99,0.533,0.076,36.924,33.12,3.81,1.599,0.381,1.449,1.218,5.101,1.37,0.609,0.3,3.81,0.152,2.284,0.99,0.228,1.675,0.53,2.42,4.1,0.59,6.83,0.33,2.05,52.34,45.29,68.88,24.71,61.9,23.03,21.14,41.09,25.18,79.23,51.78,42.87,58.65,36.09,0,0,0,0,0,0,0.0,0.0,0.0,0.0,0.0,65.28,3,0,5,89.93,9,Match_99,2025-09-17T08:11:42.085328+00:00,[],0,13,7,1,485,435,50,66.74,21,5,0.34,1,67,18,8,4,2,30,13,3,22,7,39.93,
"Andrada, Vince",CAM,1295.88,51.8,58.29,20.99,60.06,57.86,starter,Mapúa University,50,0.0,0.0,0.0,0.0,47.62,62.55,0.0,0.0,0.0,0.0,0.0,0.0,0.0,73.07,66.7,0.0,0.0,0.0,0.0,0.0,57.65,40.13,34.59,41.23,70.88,69.64,59.72,23392,30.09,1477,1253,224,84.83,24,1.62,4,4.99,27,24,5,3,20.83,12.5,3,2,66.67,28,22,78.57,12,3,25.0,10,32,7,1,1,2,0,1.667,0.347,0.208,102.579,87.02,15.56,1.667,0.278,0.347,1.875,1.945,1.528,0.833,0.21,1.74,0.695,2.222,0.486,0.069,0.208,0.14,4.63,1.45,0.87,5.89,0.11,5.46,25.26,50.39,62.89,74.35,37.9,26.55,76.46,30.62,33.55,77.07,64.39,79.45,47.21,23.94,0,0,0,0,0,0,0.0,0.0,0.0,0.0,0.0,47.41,5,1,4,84.01,3,Match_324,2025-07-25T08:00:01.086321+00:00,[],0,24,5,3,1477,1253,224,42.48,24,4,3.27,4,28,22,12,3,10,32,7,1,3,2,20.34,
"Legara, Ezralph",CDM,507.15,34.34,54.63,71.81,62.37,79.22,starter,Redwood Borough,72,0.0,0.0,0.0,0.0,74.99,39.65,0.0,0.0,0.0,0.0,0.0,0.0,0.0,66.83,58.35,0.0,0.0,0.0,0.0,0.0,76.49,38.33,55.5,41.27,44.45,59.2,46.65,9278,30.49,488,195,293,39.96,4,0.82,0,14.51,14,4,1,0,25.0,0.0,6,2,33.33,17,14,82.35,12,3,25.0,2,2,3,0,2,1,0,0.71,0.177,0.0,86.602,34.61,52.0,0.71,0.0,2.575,2.484,3.017,2.484,2.13,0.53,4.44,0.355,0.355,0.532,0.0,1.065,0.35,5.91,4.44,68.16,7.09,0.15,14.61,38.79,45.85,33.16,53.73,34.25,55.11,39.31,79.32,61.46,31.89,77.47,54.7,78.92,28.08,0,0,0,0,0,0,0.0,0.0,0.0,0.0,0.0,47.34,3,2,6,20.17,10,Match_392,2025-04-15T06:04:07.086321+00:00,[],0,4,1,0,488,195,293,23.67,4,0,4.17,0,17,14,12,3,2,2,3,0,6,2,75.22,
"Abellana, Marco",ST,817.26,43.41,57.58,77.24,35.24,37.39,substitute,Harborview United,59,0.0,0.0,0.0,0.0,32.28,62.74,0.0,0.0,0.0,0.0,0.0,0.0,0.0,36.64,59.33,0.0,0.0,0.0,0.0,0.0,74.52,31.76,41.7,33.72,62.7,79.55,66.43,2545,5.19,615,506,109,82.28,5,0.81,1,16.91,14,32,10,1,31.25,3.12,14,11,78.57,14,7,50.0,11,11,100.0,3,12,8,1,2,1,0,3.524,1.101,0.11,67.726,55.72,12.0,0.551,0.11,1.862,1.542,1.542,0.771,1.211,1.21,11.01,0.33,1.321,0.881,0.11,1.542,1.21,8.65,3.44,0.34,9.06,0.09,5.51,25.81,71.4,22.35,51.06,70.57,37.42,53.45,52.78,75.28,73.62,70.03,74.19,46.44,79.31,0,0,0,0,0,0,0.0,0.0,0.0,0.0,0.0,35.01,5,4,6,68.71,7,Match_319,2025-08-06T03:17:38.087323+00:00,[],0,32,10,1,615,506,109,74.97,5,1,4.2,2,14,7,11,11,3,12,8,1,14,11,79.0,
"Mapula, Paul Joshua",GK,895.84,62.58,72.59,25.41,34.33,70.01,starter,Ateneo de Manila University,4,0.0,0.0,0.0,0.0,51.75,47.4,0.0,0.0,0.0,0.0,0.0,0.0,0.0,74.16,52.26,0.0,0.0,0.0,0.0,0.0,33.93,65.91,70.67,66.98,42.94,33.51,64.69,3462,6.44,60,58,2,96.67,1,1.67,0,11.5,2,5,2,0,40.0,0.0,13,7,53.85,1,0,0.0,21,10,47.62,3,28,2,1,6,2,0,0.502,0.201,0.0,6.028,5.83,0.2,0.1,0.0,1.155,0.201,0.1,0.0,2.11,1.0,4.78,0.301,2.813,0.201,0.1,1.306,0.7,5.41,4.02,50.45,9.71,0.17,43.96,61.23,30.11,27.05,69.47,55.33,35.32,20.48,25.62,69.26,34.83,67.23,58.55,29.7,41.31,3,1,2,33.33,3,2,0.1,0.201,0.301,0.301,0.201,3.35,4,0,5,35.0,4,Match_83,2025-04-21T15:02:37.088339+00:00,[],0,5,2,0,60,58,2,20.29,1,0,1.36,1,1,0,21,10,3,28,2,1,13,7,79.76,
"Moleje, Josh",CF,585.83,36.14,51.33,27.88,64.75,40.85,starter,Valley Rovers,29,0.0,0.0,0.0,0.0,33.52,34.48,0.0,0.0,0.0,0.0,0.0,0.0,0.0,45.27,53.07,0.0,0.0,0.0,0.0,0.0,74.91,31.01,74.74,61.95,38.55,74.86,79.11,1449,4.12,178,154,24,86.52,1,0.56,0,21.55,2,16,2,0,12.5,0.0,7,7,100.0,1,1,100.0,14,5,35.71,2,4,1,0,1,1,0,2.458,0.307,0.0,27.346,23.66,3.69,0.154,0.0,3.311,0.307,0.154,0.154,2.151,0.77,5.49,0.307,0.615,0.154,0.0,1.075,1.08,15.36,1.92,44.47,13.29,0.09,15.36,27.28,48.21,58.1,66.73,42.72,73.21,28.14,44.19,61.01,54.82,43.1,70.75,70.63,72.34,0,0,0,0,0,0,0.0,0.0,0.0,0.0,0.0,33.61,5,1,5,44.92,4,Match_300,2025-06-27T14:37:32.088339+00:00,[],0,16,2,0,178,154,24,55.24,1,0,1.03,3,1,1,14,5,2,4,1,0,7,7,84.51,
"Barro, Harvy",LWB,794.5,53.3,36.74,66.34,61.47,75.6,starter,Goldenfield Rovers,29,0.0,0.0,0.0,0.0,73.74,56.92,0.0,0.0,0.0,0.0,0.0,0.0,0.0,71.51,71.48,0.0,0.0,0.0,0.0,0.0,34.2,67.54,67.27,32.8,44.66,77.85,46.94,12944,27.15,313,313,0,100.0,8,2.56,1,5.73,15,18,4,1,22.22,5.56,3,2,66.67,33,3,9.09,17,5,29.41,5,17,3,1,0,1,0,2.039,0.453,0.113,35.456,35.46,59.11,0.906,0.113,0.649,1.699,3.738,0.34,1.926,0.57,3.33,0.566,1.926,0.34,0.113,0.34,0.23,7.55,2.52,0.63,11.33,0.29,1.03,63.13,46.04,53.74,44.26,40.27,23.13,34.75,69.14,74.28,42.08,70.41,20.18,64.61,41.56,0,0,0,0,0,0,0.0,0.0,0.0,0.0,0.0,33.62,3,4,1,23.28,13,Match_32,2025-07-18T09:57:21.089323+00:00,[],0,18,4,1,313,313,0,28.3,8,1,0.16,2,33,3,17,5,5,17,3,1,3,2,70.44,
"Alcantara, Paolo",LW,576.22,58.11,24.99,64.45,33.49,38.39,starter,Adamson University,88,0.0,0.0,0.0,0.0,53.19,70.64,0.0,0.0,0.0,0.0,0.0,0.0,0.0,45.2,75.69,0.0,0.0,0.0,0.0,0.0,60.3,77.48,62.92,34.53,37.5,30.39,44.77,5284,15.28,104,64,40,61.54,1,0.96,0,9.25,3,5,2,0,40.0,0.0,10,9,90.0,8,0,0.0,9,4,44.44,2,8,4,0,2,1,0,0.781,0.312,0.0,16.244,10.0,6.25,0.156,0.0,1.445,0.469,1.25,0.0,1.406,0.62,6.94,0.312,1.25,0.625,0.0,1.562,1.41,14.06,6.25,46.62,9.61,0.15,49.57,57.48,53.78,49.52,73.57,47.25,58.29,78.29,37.12,64.55,49.28,26.71,46.39,66.28,37.59,0,0,0,0,0,0,0.0,0.0,0.0,0.0,0.0,40.87,3,0,5,38.31,13,Match_87,2025-03-31T07:16:52.090324+00:00,[],0,5,2,0,104,64,40,70.67,1,0,0.62,5,8,0,9,4,2,8,4,0,10,9,20.14,
"Aningalan, Hugo",GK,1350.0,48.24,20.44,67.16,62.95,54.34,starter,Lakeside Athletic,16,0.0,0.0,0.0,0.0,56.8,43.42,0.0,0.0,0.0,0.0,0.0,0.0,0.0,38.33,54.23,0.0,0.0,0.0,0.0,0.0,60.56,72.52,68.76,54.33,72.72,30.42,56.21,3058,3.78,462,433,29,93.72,7,1.52,1,28.01,24,19,16,1,84.21,5.26,16,15,93.75,22,15,68.18,23,21,91.3,13,17,13,1,0,3,0,1.267,1.067,0.067,30.8,28.87,1.93,0.467,0.067,1.867,1.6,1.467,1.0,1.533,1.4,6.09,0.867,1.133,0.867,0.067,1.067,1.0,6.25,5.61,0.35,6.25,0.1,4.55,55.91,62.99,22.7,68.6,74.6,71.98,53.02,60.1,21.34,30.35,34.54,79.54,54.96,43.86,64,57,7,89.06,64,7,3.8,0.467,4.267,4.267,0.467,5.94,3,4,3,67.17,2,Match_223,2025-07-22T16:27:31.090324+00:00,[],0,19,16,1,462,433,29,83.13,7,1,2.62,3,22,15,23,21,13,17,13,1,16,15,35.18,
"Alonzo, Kaye",RWB,675.46,38.1,39.53,73.96,39.02,59.09,starter,Brookside United,38,0.0,0.0,0.0,0.0,60.71,79.52,0.0,0.0,0.0,0.0,0.0,0.0,0.0,44.71,54.13,0.0,0.0,0.0,0.0,0.0,64.01,70.88,43.71,63.8,56.22,69.81,59.18,7311,18.04,394,190,204,48.22,6,1.52,2,11.12,23,4,2,0,50.0,0.0,7,7,100.0,7,4,57.14,15,1,6.67,2,11,7,1,1,2,0,0.533,0.266,0.0,52.498,25.32,27.18,0.799,0.266,1.482,3.065,0.933,0.533,1.999,0.13,0.89,0.266,1.466,0.933,0.133,0.933,0.93,13.32,6.66,39.12,6.42,0.2,7.61,23.86,54.0,44.79,33.86,35.58,21.18,43.57,46.11,45.62,68.49,66.78,48.79,50.44,25.95,0,0,0,0,0,0,0.0,0.0,0.0,0.0,0.0,62.41,2,1,3,25.78,18,Match_77,2025-08-19T01:43:20.091334+00:00,[],0,4,2,0,394,190,204,81.29,6,2,0.37,1,7,4,15,1,2,11,7,1,7,7,39.97,
"Tabay, Albin",RW,834.54,73.96,34.13,50.99,65.38,62.68,starter,Harborview United,36,0.0,0.0,0.0,0.0,62.97,45.57,0.0,0.0,0.0,0.0,0.0,0.0,0.0,58.18,40.67,0.0,0.0,0.0,0.0,0.0,48.93,69.65,56.09,53.01,63.58,41.07,43.54,5935,11.85,249,132,117,53.01,3,1.2,0,26.65,8,10,3,0,30.0,0.0,10,4,40.0,24,9,37.5,1,1,100.0,3,17,7,1,3,0,0,1.078,0.324,0.0,26.853,14.24,12.62,0.324,0.0,2.874,0.863,2.588,0.971,0.108,0.11,10.78,0.324,1.833,0.755,0.108,1.078,0.43,4.31,3.24,45.26,5.72,0.13,4.04,63.97,53.65,54.55,29.49,21.03,22.92,56.34,79.63,71.53,34.35,60.57,76.53,59.53,69.09,0,0,0,0,0,0,0.0,0.0,0.0,0.0,0.0,46.48,4,3,1,32.79,16,Match_366,2025-04-24T08:27:10.092323+00:00,[],0,10,3,0,249,132,117,49.95,3,0,0.16,4,24,9,1,1,3,17,7,1,10,4,75.09,
"Valdez, Alysa",RW,857.38,31.12,62.92,46.2,49.49,68.58,starter,Lakeside Athletic,52,0.0,0.0,0.0,0.0,41.62,47.24,0.0,0.0,0.0,0.0,0.0,0.0,0.0,48.54,70.02,0.0,0.0,0.0,0.0,0.0,58.85,76.97,37.88,70.36,67.06,48.69,40.85,7916,15.39,273,125,148,45.79,5,1.83,1,25.55,16,34,21,2,61.76,5.88,18,16,88.89,1,0,0.0,9,3,33.33,1,22,10,1,3,2,0,3.569,2.204,0.21,28.657,13.12,15.54,0.525,0.105,2.682,1.68,0.105,0.0,0.945,0.31,3.5,0.105,2.309,1.05,0.105,1.889,1.68,9.33,6.48,0.62,4.81,0.19,51.61,25.69,28.44,76.93,72.03,34.23,76.76,62.19,53.9,34.93,32.57,32.38,74.35,34.83,45.91,0,0,0,0,0,0,0.0,0.0,0.0,0.0,0.0,69.88,2,4,4,50.07,4,Match_339,2025-02-17T04:14:00.092323+00:00,[],0,34,21,2,273,125,148,67.06,5,1,4.07,0,1,0,9,3,1,22,10,1,18,16,83.36,
"Aningalan, Jul",LWB,1350.0,39.24,72.0,77.64,73.49,58.34,starter,Hillcrest Athletic,83,0.0,0.0,0.0,0.0,70.4,66.84,0.0,0.0,0.0,0.0,0.0,0.0,0.0,41.69,41.9,0.0,0.0,0.0,0.0,0.0,39.39,74.05,72.12,45.19,75.43,37.1,67.4,20146,24.87,698,434,264,62.18,16,2.29,1,25.15,26,14,7,1,50.0,7.14,14,8,57.14,54,14,25.93,22,6,27.27,3,37,13,2,1,1,0,0.933,0.467,0.067,46.533,28.93,17.6,1.067,0.067,1.677,1.733,3.6,0.933,1.467,0.4,1.82,0.2,2.467,0.867,0.133,0.933,0.53,3.81,3.33,0.48,4.15,0.15,1.73,46.35,33.84,78.26,29.74,74.37,77.48,35.13,71.36,32.0,79.1,53.37,32.89,50.75,24.72,0,0,0,0,0,0,0.0,0.0,0.0,0.0,0.0,70.45,1,1,4,47.73,16,Match_296,2025-10-07T05:06:00.093325+00:00,[],0,14,7,1,698,434,264,36.63,16,1,1.4,5,54,14,22,6,3,37,13,2,14,8,40.09,
"Lopez, Pius",CB,605.36,52.51,61.84,46.97,39.09,68.55,starter,San Beda University,97,0.0,0.0,0.0,0.0,52.75,73.3,0.0,0.0,0.0,0.0,0.0,0.0,0.0,65.79,40.55,0.0,0.0,0.0,0.0,0.0,45.75,59.65,40.78,55.91,69.59,78.27,31.18,8209,22.6,180,61,119,33.89,4,2.22,0,26.51,7,3,1,0,33.33,0.0,8,1,12.5,49,12,24.49,9,5,55.56,1,8,1,0,1,1,0,0.446,0.149,0.0,26.761,9.07,17.69,0.595,0.0,3.941,1.041,7.285,1.784,1.338,0.74,8.26,0.149,1.189,0.149,0.0,1.189,0.15,1.86,4.96,58.45,5.04,0.33,3.64,49.65,63.02,67.05,64.63,60.13,21.66,45.68,30.68,67.5,20.03,62.36,76.33,31.23,38.05,0,0,0,0,0,0,0.0,0.0,0.0,0.0,0.0,38.85,4,5,2,41.56,7,Match_282,2025-09-17T03:47:49.094323+00:00,[],0,3,1,0,180,61,119,63.96,4,0,3.57,4,49,12,9,5,1,8,1,0,8,1,76.69,
"Acebedo, James",LB,546.54,42.82,57.57,20.23,62.2,55.6,DNP,Northbridge FC,17,0.0,0.0,0.0,0.0,50.12,44.33,0.0,0.0,0.0,0.0,0.0,0.0,0.0,46.49,42.81,0.0,0.0,0.0,0.0,0.0,76.31,54.42,34.06,55.37,51.71,62.63,33.87,9340,28.48,596,569,27,95.47,17,2.85,0,25.78,15,1,0,0,0.0,0.0,1,0,0.0,21,9,42.86,13,9,69.23,2,9,7,0,1,1,0,0.165,0.0,0.0,98.145,93.7,4.45,2.799,0.0,4.245,2.47,3.458,1.482,2.141,1.48,11.4,0.329,1.482,1.153,0.0,0.165,60.55,39.81,43.96,65.66,15.72,0.47,7.06,66.04,31.73,40.73,35.55,53.89,32.69,63.79,49.39,66.71,27.84,70.75,54.81,30.05,25.21,0,0,0,0,0,0,0.0,0.0,0.0,0.0,0.0,46.92,5,1,1,52.02,20,Match_74,2025-01-02T08:27:53.094323+00:00,[],0,1,0,0,596,569,27,63.45,17,0,1.21,1,21,9,13,9,2,9,7,0,1,0,84.66,
"Libarnes, Jaro",CF,910.54,52.1,28.91,42.87,50.38,73.45,starter,Riverstone FC,49,0.0,0.0,0.0,0.0,72.32,47.12,0.0,0.0,0.0,0.0,0.0,0.0,0.0,68.9,53.86,0.0,0.0,0.0,0.0,0.0,64.14,46.41,56.53,40.05,77.76,76.28,60.05,19412,35.53,591,298,293,50.42,1,0.17,0,24.26,30,58,36,2,62.07,3.45,15,5,33.33,24,8,33.33,4,2,50.0,3,23,2,1,3,3,0,5.733,3.558,0.198,58.416,29.46,28.96,0.099,0.0,2.398,2.965,2.372,0.791,0.395,0.2,4.94,0.297,2.273,0.198,0.099,1.483,0.49,3.29,6.14,0.34,4.98,0.02,3.29,53.72,55.13,69.31,29.7,60.48,52.48,27.02,41.49,66.84,28.42,71.61,45.0,42.99,22.73,0,0,0,0,0,0,0.0,0.0,0.0,0.0,0.0,32.42,3,1,4,81.13,2,Match_112,2025-05-17T22:34:23.095322+00:00,[],0,58,36,2,591,298,293,78.97,1,0,1.53,1,24,8,4,2,3,23,2,1,15,5,54.65,
"Reyes, Hugo",CAM,1131.85,73.89,79.69,71.62,68.57,63.93,starter,2 Worlds FC,40,0.0,0.0,0.0,0.0,55.17,70.3,0.0,0.0,0.0,0.0,0.0,0.0,0.0,36.81,65.56,0.0,0.0,0.0,0.0,0.0,32.25,36.16,38.14,58.61,73.22,63.48,61.94,24411,35.95,492,492,0,100.0,9,1.83,0,10.04,24,21,11,3,52.38,14.29,15,12,80.0,24,6,25.0,2,1,50.0,6,13,7,1,2,3,0,1.67,0.875,0.239,39.122,39.12,60.73,0.716,0.0,0.798,1.908,1.908,0.477,0.159,0.08,3.98,0.477,1.034,0.557,0.08,1.193,0.95,6.36,4.17,1.14,7.95,0.15,1.99,54.02,65.76,40.39,57.25,73.25,65.53,39.44,49.09,67.26,38.12,60.29,59.3,23.1,48.06,0,0,0,0,0,0,0.0,0.0,0.0,0.0,0.0,66.04,3,1,3,59.85,2,Match_74,2025-07-23T10:23:05.096335+00:00,[],0,21,11,3,492,492,0,72.59,9,0,4.41,5,24,6,2,1,6,13,7,1,15,12,68.87,
"Alcantara, Paolo",CAM,983.65,55.59,55.84,73.67,57.44,63.51,substitute,Southgate United,44,0.0,0.0,0.0,0.0,40.59,63.84,0.0,0.0,0.0,0.0,0.0,0.0,0.0,35.33,38.62,0.0,0.0,0.0,0.0,0.0,33.91,65.68,72.9,42.13,52.01,57.74,63.17,12639,21.42,733,0,733,0.0,9,1.23,1,14.66,28,8,2,0,25.0,0.0,6,6,100.0,17,6,35.29,3,1,33.33,3,9,2,4,1,0,0,0.732,0.183,0.0,67.067,40.92,67.07,0.823,0.091,1.341,2.562,1.555,0.549,0.274,0.09,3.05,0.274,0.823,0.183,0.366,0.549,0.55,9.15,2.29,53.49,56.77,0.11,3.23,43.18,60.28,40.15,48.55,33.97,59.25,45.38,52.92,36.72,25.29,67.34,74.08,21.39,65.87,0,0,0,0,0,0,0.0,0.0,0.0,0.0,0.0,39.51,2,5,5,45.56,18,Match_202,2025-11-23T15:02:06.096335+00:00,[],0,8,2,0,733,0,733,44.31,9,1,4.88,3,17,6,3,1,3,9,2,4,6,6,63.6,
"Perez, Pedro",RWB,634.47,26.43,79.72,57.02,22.96,22.8,starter,Southgate United,27,0.0,0.0,0.0,0.0,65.28,74.98,0.0,0.0,0.0,0.0,0.0,0.0,0.0,62.87,31.12,0.0,0.0,0.0,0.0,0.0,60.76,31.27,49.46,73.79,55.93,41.25,37.06,5587,14.68,627,627,0,100.0,9,1.44,3,25.74,25,9,3,0,33.33,0.0,4,3,75.0,34,29,85.29,5,5,100.0,5,17,5,1,1,1,0,1.277,0.426,0.0,88.94,88.94,68.08,1.277,0.426,3.651,3.546,4.823,4.114,0.709,0.71,14.19,0.709,2.411,0.709,0.142,0.567,0.43,10.64,4.73,36.61,14.19,0.2,12.1,72.71,22.01,20.34,55.19,44.04,52.46,56.17,62.09,31.29,78.29,73.71,25.15,48.24,77.57,0,0,0,0,0,0,0.0,0.0,0.0,0.0,0.0,53.24,2,3,2,53.34,17,Match_244,2025-06-26T00:18:00.097329+00:00,[],0,9,3,0,627,627,0,53.69,9,3,3.43,3,34,29,5,5,5,17,5,1,4,3,73.92,
"Mapula, Paul Vincent",LWB,812.41,46.73,63.98,39.94,73.06,77.87,starter,Goldenfield Rovers,94,0.0,0.0,0.0,0.0,40.31,42.01,0.0,0.0,0.0,0.0,0.0,0.0,0.0,36.28,65.49,0.0,0.0,0.0,0.0,0.0,75.04,62.81,39.5,40.7,43.1,53.29,53.39,15291,31.37,424,62,362,14.62,9,2.12,1,16.07,12,7,1,2,14.29,28.57,12,11,91.67,46,18,39.13,6,2,33.33,2,11,2,2,2,1,0,0.775,0.111,0.222,46.971,6.87,40.1,0.997,0.111,1.78,1.329,5.096,1.994,0.665,0.22,3.69,0.222,1.219,0.222,0.222,1.329,1.22,10.16,1.58,3.17,1.62,0.23,4.33,35.35,47.73,50.6,67.58,66.14,44.62,52.9,63.92,20.43,57.66,67.84,64.49,72.39,79.6,0,0,0,0,0,0,0.0,0.0,0.0,0.0,0.0,61.55,6,2,2,26.83,20,Match_144,2025-08-14T02:20:28.098329+00:00,[],0,7,1,2,424,62,362,82.43,9,1,2.98,3,46,18,6,2,2,11,2,2,12,11,74.25,
"Unabia, Mark",CDM,934.49,64.82,21.17,35.24,59.51,28.34,starter,Summit Peak FC,90,0.0,0.0,0.0,0.0,69.48,43.2,0.0,0.0,0.0,0.0,0.0,0.0,0.0,44.32,38.27,0.0,0.0,0.0,0.0,0.0,72.64,73.19,35.43,72.39,42.4,73.64,61.86,10147,18.1,932,759,173,81.44,16,1.72,4,21.14,4,3,1,0,33.33,0.0,4,2,50.0,36,17,47.22,7,7,100.0,1,5,13,1,3,0,0,0.289,0.096,0.0,89.76,73.1,16.66,1.541,0.385,2.036,0.385,3.467,1.637,0.674,0.67,9.63,0.096,0.482,1.252,0.096,0.385,0.19,4.82,3.21,41.94,7.84,0.17,4.55,78.73,56.5,72.9,38.93,25.55,40.32,37.9,41.0,38.08,79.08,54.09,78.69,41.17,55.71,0,0,0,0,0,0,0.0,0.0,0.0,0.0,0.0,60.94,5,6,3,45.85,11,Match_226,2025-02-03T06:25:58.098329+00:00,[],0,3,1,0,932,759,173,57.22,16,4,1.01,1,36,17,7,7,1,5,13,1,4,2,34.5,
"Andrada, Vince",CDM,512.71,34.09,78.04,34.44,70.27,65.98,substitute,Eastview Rangers,39,0.0,0.0,0.0,0.0,72.79,60.62,0.0,0.0,0.0,0.0,0.0,0.0,0.0,78.84,32.47,0.0,0.0,0.0,0.0,0.0,43.7,65.14,54.66,72.7,45.73,62.41,59.85,5515,17.93,331,71,260,21.45,6,1.81,1,6.68,16,7,5,0,71.43,0.0,5,2,40.0,5,5,100.0,8,2,25.0,3,5,1,0,1,1,0,1.229,0.878,0.0,58.103,12.46,45.64,1.053,0.176,1.173,2.809,0.878,0.878,1.404,0.35,4.39,0.527,0.878,0.176,0.0,0.878,0.35,7.02,12.54,51.64,3.77,0.32,17.55,48.85,55.62,20.54,75.26,40.83,53.44,26.15,27.86,42.13,23.5,48.37,53.04,46.13,39.64,0,0,0,0,0,0,0.0,0.0,0.0,0.0,0.0,31.74,6,2,4,61.41,15,Match_88,2024-12-14T15:45:40.099321+00:00,[],0,7,5,0,331,71,260,20.44,6,1,2.13,4,5,5,8,2,3,5,1,0,5,2,23.07,
"Garcia, Marco",LW,739.09,31.4,32.14,66.48,27.96,57.67,DNP,Goldenfield Rovers,71,0.0,0.0,0.0,0.0,57.89,47.89,0.0,0.0,0.0,0.0,0.0,0.0,0.0,69.2,40.23,0.0,0.0,0.0,0.0,0.0,66.42,40.68,49.69,49.39,47.14,75.54,71.11,4171,9.41,203,157,46,77.34,2,0.99,0,11.67,4,21,5,1,23.81,4.76,10,9,90.0,21,3,14.29,11,5,45.45,3,17,10,2,1,0,0,2.557,0.609,0.122,24.72,19.12,5.6,0.244,0.0,1.421,0.487,2.557,0.365,1.339,0.61,5.53,0.365,2.07,1.218,0.244,1.218,1.1,10.96,2.9,0.58,9.42,0.12,1.74,23.45,29.96,71.73,61.04,22.59,69.8,72.16,43.94,64.05,21.02,47.19,52.67,66.26,63.1,0,0,0,0,0,0,0.0,0.0,0.0,0.0,0.0,38.88,3,5,4,82.81,16,Match_13,2025-12-05T08:30:08.100327+00:00,[],0,21,5,1,203,157,46,50.3,2,0,3.97,4,21,3,11,5,3,17,10,2,10,9,88.52,
"Alonzo, Kaye",GK,1128.95,29.8,65.49,53.12,66.89,22.78,starter,Far Eastern University,21,0.0,0.0,0.0,0.0,62.9,66.43,0.0,0.0,0.0,0.0,0.0,0.0,0.0,30.6,72.31,0.0,0.0,0.0,0.0,0.0,46.36,49.23,34.27,52.66,40.92,69.78,57.74,10231,15.1,327,0,327,0.0,4,1.22,0,22.0,9,29,15,5,51.72,17.24,8,4,50.0,33,13,39.39,8,5,62.5,3,20,14,2,3,2,0,2.312,1.196,0.399,26.068,30.41,26.07,0.319,0.0,1.754,0.717,2.631,1.036,0.638,0.4,4.98,0.239,1.594,1.116,0.159,0.638,0.32,3.99,4.12,1.37,60.9,0.1,3.14,20.19,50.71,72.16,25.02,62.05,73.87,69.73,40.17,35.77,68.75,60.39,73.86,76.88,65.21,31,20,11,64.52,31,11,1.594,0.877,2.471,2.471,0.877,5.14,2,3,5,23.57,8,Match_162,2025-04-24T19:25:23.100327+00:00,[],0,29,15,5,327,0,327,84.21,4,0,1.76,6,33,13,8,5,3,20,14,2,8,4,66.98,
"Diola, Ezekiel",RB,390.01,35.41,20.35,76.1,31.09,78.68,substitute,Redwood Borough,23,0.0,0.0,0.0,0.0,33.52,51.28,0.0,0.0,0.0,0.0,0.0,0.0,0.0,65.63,62.78,0.0,0.0,0.0,0.0,0.0,35.34,43.62,58.35,59.77,48.09,30.33,62.8,941,4.02,479,381,98,79.54,11,2.3,1,12.24,33,4,2,0,50.0,0.0,0,0,56.87,9,3,33.33,9,5,55.56,0,12,5,0,2,1,0,0.923,0.462,0.0,110.536,87.92,22.61,2.538,0.231,2.825,7.615,2.077,0.692,2.077,1.15,12.82,0.0,2.769,1.154,0.0,0.0,42.94,13.12,11.54,40.81,18.35,0.53,7.69,27.74,78.07,47.01,44.15,43.1,33.68,33.03,63.81,64.16,71.15,61.63,74.97,68.67,57.35,0,0,0,0,0,0,0.0,0.0,0.0,0.0,0.0,72.35,3,6,2,34.58,7,Match_181,2025-01-09T11:52:31.101322+00:00,[],0,4,2,0,479,381,98,87.5,11,1,2.58,1,9,3,9,5,0,12,5,0,0,0,28.78,
"Unabia, Mark",CDM,917.84,34.3,75.41,38.68,40.42,43.22,starter,Goldenfield Rovers,43,0.0,0.0,0.0,0.0,70.44,66.36,0.0,0.0,0.0,0.0,0.0,0.0,0.0,31.43,54.23,0.0,0.0,0.0,0.0,0.0,36.14,78.62,53.88,37.3,50.45,72.43,42.51,6407,11.63,720,720,0,100.0,24,3.33,4,18.14,40,12,3,0,25.0,0.0,9,2,22.22,55,28,50.91,0,0,46.65,3,13,1,2,1,0,0,1.177,0.294,0.0,70.601,70.6,56.14,2.353,0.392,1.779,3.922,5.393,2.746,0.0,42.34,4.57,0.294,1.275,0.098,0.196,0.883,0.2,2.18,2.45,63.12,9.81,0.33,4.99,45.06,68.65,62.6,25.34,32.01,70.51,41.5,48.33,57.97,28.13,66.35,66.73,33.81,54.42,0,0,0,0,0,0,0.0,0.0,0.0,0.0,0.0,38.78,4,5,4,81.09,17,Match_37,2025-03-25T02:17:21.102327+00:00,[],0,12,3,0,720,720,0,45.76,24,4,1.46,3,55,28,0,0,3,13,1,2,9,2,48.89,
"Escodo, Bel",CB,565.07,52.21,76.91,53.48,28.7,32.81,starter,Summit Peak FC,60,0.0,0.0,0.0,0.0,49.75,53.67,0.0,0.0,0.0,0.0,0.0,0.0,0.0,61.97,51.86,0.0,0.0,0.0,0.0,0.0,42.83,46.41,39.06,34.37,62.42,31.86,54.64,9122,26.91,379,379,0,100.0,6,1.58,0,16.05,7,3,2,0,66.67,0.0,5,5,100.0,20,20,100.0,11,9,81.82,3,7,5,0,1,0,0,0.478,0.319,0.0,60.364,60.36,77.68,0.956,0.0,2.556,1.115,3.185,3.185,1.752,1.43,13.03,0.478,1.115,0.796,0.0,0.796,0.8,15.93,10.62,38.79,15.93,0.25,15.93,62.82,60.74,58.06,67.9,36.71,67.34,60.06,38.12,38.23,41.31,59.89,66.7,67.46,64.11,0,0,0,0,0,0,0.0,0.0,0.0,0.0,0.0,30.56,4,1,6,27.97,20,Match_223,2025-10-08T17:59:30.102327+00:00,[],0,3,2,0,379,379,0,37.77,6,0,0.03,3,20,20,11,9,3,7,5,0,5,5,22.33,
"Dela Cruz, Hugo",LB,919.24,56.93,60.03,23.62,57.21,60.58,starter,Lakeside Athletic,57,0.0,0.0,0.0,0.0,59.2,65.61,0.0,0.0,0.0,0.0,0.0,0.0,0.0,55.44,73.39,0.0,0.0,0.0,0.0,0.0,71.77,73.45,78.23,62.81,52.7,59.35,63.68,9062,16.43,515,110,405,21.36,13,2.52,4,17.44,12,1,0,0,0.0,0.0,12,7,58.33,38,13,34.21,21,7,33.33,6,17,8,2,3,1,0,0.098,0.0,0.0,50.422,10.77,39.65,1.273,0.392,1.707,1.175,3.72,1.273,2.056,0.69,3.26,0.587,1.664,0.783,0.196,1.175,0.69,5.71,61.2,38.06,2.09,0.25,3.35,53.7,34.47,56.69,63.49,35.32,53.56,29.65,62.87,40.62,76.83,32.73,26.95,55.96,65.65,0,0,0,0,0,0,0.0,0.0,0.0,0.0,0.0,31.66,4,8,0,30.2,12,Match_284,2025-03-18T23:33:04.103323+00:00,[],0,1,0,0,515,110,405,75.97,13,4,0.77,2,38,13,21,7,6,17,8,2,12,7,61.73,
"Alonzo, Kaye",CF,783.88,40.49,69.08,69.69,77.5,38.3,starter,Crown City FC,23,0.0,0.0,0.0,0.0,66.46,66.24,0.0,0.0,0.0,0.0,0.0,0.0,0.0,57.23,68.83,0.0,0.0,0.0,0.0,0.0,33.84,40.31,36.1,38.18,53.63,54.31,55.67,2483,5.28,359,352,7,98.05,6,1.67,1,21.04,25,42,16,1,38.1,2.38,4,2,50.0,18,11,61.11,20,8,40.0,2,22,6,1,0,2,0,4.822,1.837,0.115,41.218,40.41,0.8,0.689,0.115,2.416,2.87,2.067,1.263,2.296,0.92,4.59,0.23,2.526,0.689,0.115,0.459,0.23,5.74,4.37,0.27,11.26,0.19,7.02,72.3,44.57,69.54,41.05,62.57,71.55,55.57,47.14,32.22,22.1,37.76,43.1,32.75,52.65,0,0,0,0,0,0,0.0,0.0,0.0,0.0,0.0,48.67,3,3,5,63.53,5,Match_297,2024-12-21T00:32:14.104325+00:00,[],0,42,16,1,359,352,7,29.15,6,1,3.06,3,18,11,20,8,2,22,6,1,4,2,52.38,
"Berciles, Earl",CF,1350.0,45.19,51.83,61.8,29.53,29.88,starter,Ateneo de Manila University,88,0.0,0.0,0.0,0.0,43.16,31.43,0.0,0.0,0.0,0.0,0.0,0.0,0.0,37.69,73.51,0.0,0.0,0.0,0.0,0.0,72.49,34.62,60.89,55.83,31.35,70.46,47.61,27967,34.53,204,132,72,64.71,3,1.47,0,9.65,7,50,24,8,48.0,16.0,7,3,42.86,32,23,71.88,14,8,57.14,7,31,15,1,2,2,0,3.333,1.6,0.533,13.6,8.8,4.8,0.2,0.0,0.643,0.467,2.133,1.533,0.933,0.53,3.81,0.467,2.067,1.0,0.067,0.467,0.2,2.86,3.2,1.07,4.31,0.1,4.79,62.45,46.9,23.62,75.82,59.97,55.9,79.31,48.85,33.28,61.45,37.62,59.52,31.12,59.94,0,0,0,0,0,0,0.0,0.0,0.0,0.0,0.0,34.08,3,2,4,68.56,13,Match_280,2025-05-28T11:27:18.104325+00:00,[],0,50,24,8,204,132,72,30.67,3,0,3.49,1,32,23,14,8,7,31,15,1,7,3,50.9,
"Acebedo, James",GK,357.36,41.01,33.63,26.05,68.63,76.22,substitute,City United,48,0.0,0.0,0.0,0.0,34.95,37.41,0.0,0.0,0.0,0.0,0.0,0.0,0.0,37.21,63.77,0.0,0.0,0.0,0.0,0.0,62.18,53.26,52.35,74.15,56.29,51.29,43.0,2445,11.4,84,84,0,100.0,5,5.95,1,28.98,0,2,0,0,0.0,0.0,3,1,33.33,12,3,25.0,9,4,44.44,0,11,4,0,1,2,0,0.504,0.0,0.0,21.155,21.16,73.8,1.259,0.252,7.299,0.0,3.022,0.756,2.267,1.01,11.19,0.0,2.77,1.007,0.0,0.756,0.25,8.39,40.69,78.81,25.18,1.5,6.3,64.23,74.38,66.71,53.1,39.46,69.58,39.03,29.25,69.43,55.75,67.91,20.82,78.02,68.98,33,20,13,60.61,33,13,5.037,3.274,8.311,8.311,3.274,15.26,2,1,5,36.44,16,Match_161,2025-02-10T02:16:55.105325+00:00,[],0,2,0,0,84,84,0,41.65,5,1,0.46,1,12,3,9,4,0,11,4,0,3,1,24.58,
"Dela Cruz, Hugo",GK,755.98,69.8,22.7,78.75,73.19,58.24,substitute,Crown City FC,18,0.0,0.0,0.0,0.0,59.28,36.77,0.0,0.0,0.0,0.0,0.0,0.0,0.0,31.24,75.94,0.0,0.0,0.0,0.0,0.0,74.58,70.26,49.79,65.97,45.86,66.67,46.73,4347,9.58,196,121,75,61.73,8,4.08,1,26.93,11,7,1,0,14.29,0.0,4,2,50.0,15,9,60.0,11,0,0.0,4,12,5,1,1,2,0,0.833,0.119,0.0,23.334,14.41,8.93,0.952,0.119,3.206,1.31,1.786,1.071,1.31,67.56,58.06,0.476,1.429,0.595,0.119,0.476,0.24,5.95,1.7,42.37,7.35,0.49,7.14,40.97,30.99,57.23,68.23,20.28,76.67,54.21,79.75,56.13,46.57,64.05,50.76,25.0,75.86,13,4,9,30.77,13,9,0.476,1.071,1.548,1.548,1.071,3.66,4,4,5,24.62,1,Match_92,2025-06-06T19:59:05.105325+00:00,[],0,7,1,0,196,121,75,77.68,8,1,1.47,3,15,9,11,0,4,12,5,1,4,2,52.72,
"Abad, Ryan",GK,717.98,59.48,33.79,66.84,61.5,75.83,starter,Coastal Town,52,0.0,0.0,0.0,0.0,45.5,42.13,0.0,0.0,0.0,0.0,0.0,0.0,0.0,46.89,72.43,0.0,0.0,0.0,0.0,0.0,76.17,63.91,32.34,35.71,37.79,77.96,49.42,10364,24.06,214,91,123,42.52,5,2.34,0,23.85,13,5,1,0,20.0,0.0,8,2,25.0,21,8,38.1,5,2,40.0,2,15,4,1,1,1,0,0.627,0.125,0.0,26.825,11.41,15.42,0.627,0.0,2.99,1.63,2.632,1.003,0.627,0.25,5.01,0.251,1.88,0.501,0.125,1.003,0.25,3.13,2.51,43.63,5.33,0.29,4.78,38.59,66.47,55.78,38.29,74.23,59.27,68.62,31.16,77.27,50.08,28.32,72.76,79.99,49.42,21,18,3,85.71,21,3,2.256,0.376,2.632,2.632,0.376,10.74,4,2,6,79.69,9,Match_241,2025-02-02T01:35:32.106325+00:00,[],0,5,1,0,214,91,123,55.12,5,0,3.91,3,21,8,5,2,2,15,4,1,8,2,78.2,
"Fernandez, Laurence",GK,994.97,51.17,61.62,67.1,54.3,66.39,starter,Brookside United,72,0.0,0.0,0.0,0.0,66.55,31.25,0.0,0.0,0.0,0.0,0.0,0.0,0.0,49.76,69.45,0.0,0.0,0.0,0.0,0.0,34.08,71.0,48.26,58.35,44.68,36.65,56.04,9399,15.74,311,311,0,100.0,10,3.22,3,8.49,16,8,5,1,62.5,12.5,8,5,62.5,27,1,3.7,13,6,46.15,2,19,7,2,2,2,0,0.724,0.452,0.09,28.132,28.13,76.63,0.905,0.271,0.768,1.447,2.442,0.09,1.176,0.54,4.17,0.181,1.719,0.633,0.181,0.724,0.45,5.65,5.65,1.13,9.05,0.29,0.33,36.19,23.19,25.38,27.75,68.4,58.82,68.73,48.04,62.02,25.59,38.8,48.5,46.17,79.64,51,40,11,78.43,51,11,3.618,0.995,4.613,4.613,0.995,7.09,4,2,2,42.46,13,Match_169,2025-05-25T13:37:58.107337+00:00,[],0,8,5,1,311,311,0,64.18,10,3,3.82,5,27,1,13,6,2,19,7,2,8,5,83.74,
"Espana, Dave",RW,570.93,49.19,61.94,54.3,28.95,67.02,substitute,Brookside United,1,0.0,0.0,0.0,0.0,56.46,50.16,0.0,0.0,0.0,0.0,0.0,0.0,0.0,50.59,64.84,0.0,0.0,0.0,0.0,0.0,39.99,75.03,49.93,40.92,72.82,38.2,49.44,10157,29.65,446,401,45,89.91,9,2.02,1,9.23,17,1,0,0,0.0,0.0,18,7,38.89,25,22,88.0,7,0,0.0,4,7,11,0,3,2,0,0.158,0.0,0.0,70.306,63.21,7.09,1.419,0.158,1.455,2.68,3.941,3.468,1.103,65.01,61.33,0.631,1.103,1.734,0.0,2.837,1.1,6.13,68.78,70.58,14.17,0.32,13.87,66.43,62.05,63.21,51.39,46.26,21.53,72.76,76.52,34.45,69.67,38.15,63.97,41.02,54.93,0,0,0,0,0,0,0.0,0.0,0.0,0.0,0.0,64.26,3,6,1,60.73,12,Match_216,2025-02-27T14:29:36.108322+00:00,[],0,1,0,0,446,401,45,55.57,9,1,3.37,1,25,22,7,0,4,7,11,0,18,7,72.14,
"Encaya, Pius",RWB,849.7,56.65,30.0,73.64,21.07,65.57,starter,Riverstone FC,63,0.0,0.0,0.0,0.0,68.57,46.55,0.0,0.0,0.0,0.0,0.0,0.0,0.0,58.6,50.69,0.0,0.0,0.0,0.0,0.0,60.67,69.69,61.81,35.84,62.52,41.41,41.72,8123,15.93,753,362,391,48.07,4,0.53,0,9.27,41,8,3,0,37.5,0.0,5,2,40.0,25,12,48.0,18,12,66.67,2,16,9,2,3,1,0,0.847,0.318,0.0,79.758,38.34,41.41,0.424,0.0,0.982,4.343,2.648,1.271,1.907,1.27,7.06,0.212,1.695,0.953,0.212,0.53,0.21,4.24,3.97,47.5,5.09,0.06,5.08,21.26,52.39,67.97,27.75,61.01,28.79,77.48,20.98,60.92,30.34,48.36,20.51,58.27,63.84,0,0,0,0,0,0,0.0,0.0,0.0,0.0,0.0,31.34,4,3,3,58.28,12,Match_103,2025-04-10T12:42:57.108322+00:00,[],0,8,3,0,753,362,391,36.7,4,0,4.62,3,25,12,18,12,2,16,9,2,5,2,49.43,
"Bacnis, Hugo",CAM,973.44,29.07,65.45,55.05,55.69,52.52,starter,Eastview Rangers,86,0.0,0.0,0.0,0.0,60.72,76.94,0.0,0.0,0.0,0.0,0.0,0.0,0.0,36.28,43.86,0.0,0.0,0.0,0.0,0.0,74.49,46.32,47.41,35.55,40.67,31.22,42.5,8368,14.33,439,204,235,46.47,9,2.05,1,20.72,16,2,0,0,0.0,0.0,26,7,26.92,2,2,100.0,2,2,100.0,0,25,5,3,2,1,0,0.185,0.0,0.0,40.588,18.86,21.73,0.832,0.092,1.916,1.479,0.185,0.185,0.185,0.18,9.25,0.0,2.311,0.462,0.277,2.404,0.65,2.49,78.63,32.38,4.3,0.19,9.25,60.16,79.45,29.84,61.15,31.49,30.59,76.37,38.07,65.26,79.19,27.17,55.02,46.68,22.72,0,0,0,0,0,0,0.0,0.0,0.0,0.0,0.0,43.1,1,2,2,60.87,6,Match_278,2025-02-21T07:02:53.109323+00:00,[],0,2,0,0,439,204,235,87.98,9,1,3.69,1,2,2,2,2,0,25,5,3,26,7,43.94,
"Diola, Ezekiel",LWB,751.18,50.76,68.35,58.87,51.48,67.0,starter,Coastal Town,33,0.0,0.0,0.0,0.0,50.77,79.43,0.0,0.0,0.0,0.0,0.0,0.0,0.0,34.61,75.6,0.0,0.0,0.0,0.0,0.0,36.3,55.34,30.55,34.88,48.1,56.25,60.12,11452,25.41,846,184,662,21.75,24,2.84,4,17.49,29,19,3,0,15.79,0.0,3,2,66.67,45,30,66.67,12,7,58.33,3,8,2,1,2,1,0,2.276,0.359,0.0,101.361,22.05,79.32,2.875,0.479,2.096,3.475,5.392,3.594,1.438,0.84,6.99,0.359,0.958,0.24,0.12,0.359,0.24,7.99,1.89,75.41,2.61,0.34,7.99,46.28,36.13,33.34,64.05,65.11,73.31,79.4,44.01,20.27,58.89,53.04,20.12,77.05,49.25,0,0,0,0,0,0,0.0,0.0,0.0,0.0,0.0,69.77,3,4,5,55.02,18,Match_260,2025-01-18T06:49:02.110341+00:00,[],0,19,3,0,846,184,662,24.08,24,4,4.58,3,45,30,12,7,3,8,2,1,3,2,28.82,
"Apostol, Carlo",CB,1045.13,30.99,64.59,74.09,47.69,57.92,DNP,Riverstone FC,68,0.0,0.0,0.0,0.0,30.08,45.23,0.0,0.0,0.0,0.0,0.0,0.0,0.0,64.8,71.17,0.0,0.0,0.0,0.0,0.0,35.89,66.7,37.19,46.89,37.03,49.95,57.76,17164,27.37,423,423,0,100.0,4,0.95,0,5.65,2,8,3,0,37.5,0.0,11,11,100.0,23,9,39.13,29,1,3.45,3,15,5,0,1,1,0,0.689,0.258,0.0,36.426,36.43,38.76,0.344,0.0,0.487,0.172,1.981,0.775,2.497,0.09,0.3,0.258,1.292,0.431,0.0,0.947,0.95,8.61,3.23,30.69,8.61,0.08,3.37,29.28,52.46,72.76,67.85,41.19,29.59,59.42,65.26,39.66,26.95,46.99,34.73,78.41,29.07,0,0,0,0,0,0,0.0,0.0,0.0,0.0,0.0,77.01,1,4,2,44.02,7,Match_200,2025-02-07T14:41:41.110341+00:00,[],0,8,3,0,423,423,0,56.48,4,0,1.41,4,23,9,29,1,3,15,5,0,11,11,46.36,
"Unabia, Charles",GK,1153.27,35.96,60.58,20.12,75.19,53.6,DNP,Northbridge FC,18,0.0,0.0,0.0,0.0,49.16,48.55,0.0,0.0,0.0,0.0,0.0,0.0,0.0,38.88,31.98,0.0,0.0,0.0,0.0,0.0,36.04,32.88,56.93,78.75,54.14,47.94,53.48,5117,7.39,0,0,0,66.93,0,0.53,0,27.96,0,15,5,2,33.33,13.33,4,3,75.0,13,4,30.77,32,27,84.38,7,8,9,2,1,2,0,1.171,0.39,0.156,0.0,31.64,61.8,0.0,0.0,2.182,0.0,1.015,0.312,2.497,2.11,6.58,0.546,0.624,0.702,0.156,0.312,0.23,5.85,2.6,1.04,5.21,0.04,2.4,33.46,27.24,52.01,68.32,27.22,39.21,38.78,61.08,79.56,31.76,57.52,23.29,70.41,50.57,70,20,50,28.57,70,50,1.561,3.902,5.463,5.463,3.902,2.23,5,5,3,22.6,19,Match_186,2025-11-22T04:57:06.111335+00:00,[],0,15,5,2,0,0,0,57.17,0,0,1.25,1,13,4,32,27,7,8,9,2,4,3,75.96,
"Tabelin, Kirvy",CAM,941.5,44.81,72.45,25.65,22.34,30.71,substitute,Hillcrest Athletic,70,0.0,0.0,0.0,0.0,72.75,35.67,0.0,0.0,0.0,0.0,0.0,0.0,0.0,36.25,79.29,0.0,0.0,0.0,0.0,0.0,75.5,34.92,40.66,53.58,52.67,56.19,68.13,2002,3.54,1121,234,887,20.87,37,3.3,3,26.02,53,7,2,0,28.57,0.0,18,14,77.78,28,22,78.57,20,11,55.0,6,19,13,1,2,2,0,0.669,0.191,0.0,107.159,22.37,84.79,3.537,0.287,2.487,5.066,2.677,2.103,1.912,1.05,5.26,0.574,1.816,1.243,0.096,1.721,1.34,7.44,2.73,61.05,2.0,0.32,7.51,36.59,45.73,47.6,44.88,31.79,22.42,33.35,23.82,43.25,24.04,54.29,35.45,43.58,22.34,0,0,0,0,0,0,0.0,0.0,0.0,0.0,0.0,66.91,2,3,1,52.88,6,Match_215,2025-02-20T03:52:29.112321+00:00,[],0,7,2,0,1121,234,887,25.01,37,3,4.88,5,28,22,20,11,6,19,13,1,18,14,37.97,
"Amador, Roniel",CM,1350.0,32.91,61.23,70.56,30.08,66.71,starter,Crown City FC,48,0.0,0.0,0.0,0.0,50.97,69.27,0.0,0.0,0.0,0.0,0.0,0.0,0.0,79.87,39.25,0.0,0.0,0.0,0.0,0.0,59.23,71.54,73.23,72.76,71.54,62.17,79.35,10189,12.58,364,116,248,31.87,3,0.82,0,20.99,17,9,4,3,44.44,33.33,4,2,50.0,37,16,43.24,16,10,62.5,5,36,21,1,1,1,0,0.6,0.267,0.2,24.267,7.73,16.53,0.2,0.0,1.399,1.133,2.467,1.067,1.067,0.67,4.17,0.333,2.4,1.4,0.067,0.267,0.13,3.33,2.96,2.22,2.12,0.05,2.88,63.78,75.98,60.01,34.48,71.92,62.06,33.3,24.07,43.17,77.49,34.03,29.52,47.72,65.43,0,0,0,0,0,0,0.0,0.0,0.0,0.0,0.0,50.26,4,3,5,21.2,16,Match_171,2025-07-16T15:38:44.112321+00:00,[],0,9,4,3,364,116,248,38.77,3,0,1.47,7,37,16,16,10,5,36,21,1,4,2,88.65,
"Reyes, Harvy",RW,1144.26,25.97,34.49,69.62,20.12,75.18,substitute,Metro FC,99,0.0,0.0,0.0,0.0,49.23,59.67,0.0,0.0,0.0,0.0,0.0,0.0,0.0,39.61,32.96,0.0,0.0,0.0,0.0,0.0,77.13,72.26,55.11,30.57,73.68,45.55,37.46,6018,8.77,590,590,0,100.0,1,0.17,0,9.4,26,38,14,2,36.84,5.26,40,38,95.0,36,17,47.22,12,1,8.33,5,24,6,1,1,2,0,2.989,1.101,0.157,46.406,46.41,40.35,0.079,0.0,0.739,2.045,2.832,1.337,0.944,0.08,0.66,0.393,1.888,0.472,0.079,3.146,2.99,7.47,2.9,0.41,7.87,0.01,3.71,52.62,23.86,66.93,21.4,48.93,62.17,52.43,78.36,27.01,70.18,69.91,29.39,44.52,48.6,0,0,0,0,0,0,0.0,0.0,0.0,0.0,0.0,47.9,2,5,4,65.13,16,Match_186,2025-07-26T13:16:26.113329+00:00,[],0,38,14,2,590,590,0,28.29,1,0,1.74,2,36,17,12,1,5,24,6,1,40,38,27.95,
"Diola, Ezekiel",LW,863.33,26.19,75.52,53.48,46.96,66.24,substitute,Lakeside Athletic,40,0.0,0.0,0.0,0.0,74.29,45.65,0.0,0.0,0.0,0.0,0.0,0.0,0.0,47.4,48.09,0.0,0.0,0.0,0.0,0.0,48.86,72.14,74.32,69.95,40.01,66.34,78.36,4836,9.34,130,18,112,13.85,2,1.54,0,16.8,6,34,10,2,29.41,5.88,17,8,47.06,22,13,59.09,0,0,68.38,4,17,8,2,2,1,0,3.544,1.042,0.208,13.552,1.88,11.68,0.208,0.0,1.751,0.625,2.293,1.355,0.0,40.76,7.13,0.417,1.772,0.834,0.208,1.772,0.83,4.91,3.07,0.61,1.44,0.16,6.16,64.74,27.54,20.34,66.31,27.24,48.34,56.56,51.91,29.92,47.16,25.12,53.65,39.03,63.23,0,0,0,0,0,0,0.0,0.0,0.0,0.0,0.0,34.25,5,6,1,25.9,6,Match_322,2025-05-20T06:45:32.113329+00:00,[],0,34,10,2,130,18,112,83.54,2,0,0.46,5,22,13,0,0,4,17,8,2,17,8,88.99,
"Pedimonte, Nhiboy",RWB,492.2,34.16,52.47,73.0,50.0,21.68,starter,Coastal Town,87,0.0,0.0,0.0,0.0,53.48,42.71,0.0,0.0,0.0,0.0,0.0,0.0,0.0,66.33,70.05,0.0,0.0,0.0,0.0,0.0,70.25,52.03,66.26,62.33,35.23,57.05,49.49,3718,12.59,160,160,0,100.0,2,1.25,0,17.34,15,7,1,0,14.29,0.0,7,7,100.0,16,2,12.5,9,3,33.33,4,6,1,0,0,1,0,1.28,0.183,0.0,29.256,29.26,41.91,0.366,0.0,3.171,2.743,2.926,0.366,1.646,0.55,6.09,0.731,1.097,0.183,0.0,1.28,1.28,18.29,2.61,53.55,18.29,0.23,2.29,73.68,72.02,41.29,61.83,23.5,35.92,31.17,53.75,24.17,29.4,65.72,27.06,37.5,74.86,0,0,0,0,0,0,0.0,0.0,0.0,0.0,0.0,77.01,3,5,4,51.27,3,Match_303,2025-09-14T05:22:59.114322+00:00,[],0,7,1,0,160,160,0,52.13,2,0,2.9,1,16,2,9,3,4,6,1,0,7,7,46.52,
"Garces, Josh",LB,1299.81,46.33,34.98,50.77,25.47,54.2,starter,Southgate United,96,0.0,0.0,0.0,0.0,33.8,41.24,0.0,0.0,0.0,0.0,0.0,0.0,0.0,73.01,47.94,0.0,0.0,0.0,0.0,0.0,46.84,72.76,78.25,33.85,66.33,51.74,39.53,6162,7.9,792,630,162,79.55,7,0.88,1,24.42,29,12,4,0,33.33,0.0,2,1,50.0,56,15,26.79,10,5,50.0,5,14,5,1,3,2,0,0.831,0.277,0.0,54.839,43.62,11.22,0.485,0.069,1.691,2.008,3.877,1.039,0.692,0.35,3.46,0.346,0.969,0.346,0.069,0.138,0.07,3.46,2.31,71.7,5.51,0.06,1.85,22.35,76.17,52.37,65.23,40.82,68.39,54.92,32.85,35.13,76.15,25.95,70.14,41.81,30.48,0,0,0,0,0,0,0.0,0.0,0.0,0.0,0.0,34.49,2,3,2,63.07,7,Match_345,2025-11-27T09:25:27.115324+00:00,[],0,12,4,0,792,630,162,80.65,7,1,2.06,6,56,15,10,5,5,14,5,1,2,1,79.42,
"Diola, Ezekiel",LW,1164.22,25.55,46.63,73.64,44.43,52.61,starter,Adamson University,73,0.0,0.0,0.0,0.0,33.92,44.39,0.0,0.0,0.0,0.0,0.0,0.0,0.0,63.5,31.34,0.0,0.0,0.0,0.0,0.0,56.66,61.54,39.43,54.97,34.76,78.6,78.16,13336,19.09,211,169,42,80.09,5,2.37,1,4.66,7,9,2,1,22.22,11.11,33,11,33.33,34,19,55.88,19,13,68.42,7,5,14,2,3,4,0,0.696,0.155,0.077,16.311,13.06,3.25,0.387,0.077,0.36,0.541,2.628,1.469,1.469,1.0,5.29,0.541,0.387,1.082,0.155,2.551,0.85,2.58,1.72,0.86,6.19,0.18,4.32,44.04,30.86,65.29,57.29,37.94,56.53,54.7,71.4,22.31,32.52,63.22,30.19,77.77,26.68,0,0,0,0,0,0,0.0,0.0,0.0,0.0,0.0,79.69,1,1,1,56.61,11,Match_10,2025-08-15T13:04:17.116337+00:00,[],0,9,2,1,211,169,42,39.08,5,1,3.26,3,34,19,19,13,7,5,14,2,33,11,60.79,
"Pedimonte, Nhiboy",LW,817.43,37.13,52.42,22.77,52.33,43.5,starter,Riverside FC,80,0.0,0.0,0.0,0.0,55.76,55.38,0.0,0.0,0.0,0.0,0.0,0.0,0.0,49.9,32.11,0.0,0.0,0.0,0.0,0.0,78.46,39.86,43.9,43.89,33.49,77.6,74.84,9683,19.74,249,0,249,0.0,7,2.81,3,15.62,15,12,3,0,25.0,0.0,26,8,30.77,10,6,60.0,6,2,33.33,2,27,7,2,1,1,0,1.321,0.33,0.0,27.415,56.5,27.42,0.771,0.33,1.72,1.652,1.101,0.661,0.661,0.22,3.67,0.22,2.973,0.771,0.22,2.863,0.88,3.39,2.75,55.43,56.28,0.31,6.61,22.0,20.36,76.74,70.8,33.73,60.23,26.29,42.47,31.49,46.25,45.33,72.17,72.8,22.0,0,0,0,0,0,0,0.0,0.0,0.0,0.0,0.0,41.12,4,5,2,31.72,2,Match_34,2025-09-17T18:10:58.116337+00:00,[],0,12,3,0,249,0,249,62.83,7,3,2.33,4,10,6,6,2,2,27,7,2,26,8,41.32,
"Pormento, Edzon",RWB,1093.24,29.17,58.43,79.65,65.88,37.6,substitute,Adamson University,24,0.0,0.0,0.0,0.0,31.5,71.51,0.0,0.0,0.0,0.0,0.0,0.0,0.0,43.7,52.13,0.0,0.0,0.0,0.0,0.0,42.55,46.57,54.71,45.83,33.27,71.99,73.22,11110,16.94,475,425,50,89.47,12,2.53,1,28.96,18,7,3,1,42.86,14.29,3,2,66.67,43,22,51.16,13,10,76.92,5,1,12,1,2,1,0,0.576,0.247,0.082,39.104,34.99,4.12,0.988,0.082,2.384,1.482,3.54,1.811,1.07,0.82,6.33,0.412,0.082,0.988,0.082,0.247,0.16,5.49,3.53,1.18,7.37,0.21,4.21,47.68,73.72,75.42,47.73,43.81,51.25,58.26,40.51,40.36,63.3,60.19,38.72,67.48,71.71,0,0,0,0,0,0,0.0,0.0,0.0,0.0,0.0,51.27,6,1,3,20.51,17,Match_150,2025-04-25T20:36:29.117321+00:00,[],0,7,3,1,475,425,50,57.12,12,1,0.14,4,43,22,13,10,5,1,12,1,3,2,68.62,
"Lopez, Kirvy",GK,1123.9,56.73,53.85,32.06,29.64,49.09,starter,Westwood Athletic,52,0.0,0.0,0.0,0.0,78.22,32.06,0.0,0.0,0.0,0.0,0.0,0.0,0.0,51.08,46.1,0.0,0.0,0.0,0.0,0.0,61.14,75.6,32.62,56.49,67.21,58.15,79.21,7738,11.47,0,0,0,64.41,0,4.7,0,24.98,0,7,2,2,28.57,28.57,5,3,60.0,31,22,70.97,18,13,72.22,2,22,14,2,1,2,0,0.561,0.16,0.16,0.0,45.28,64.49,0.0,0.0,2.0,0.0,2.482,1.762,1.441,1.04,5.78,0.16,1.762,1.121,0.16,0.4,0.24,4.8,2.29,2.29,6.3,0.38,5.68,39.74,69.23,32.64,51.24,63.54,33.49,59.24,35.81,34.94,29.28,71.06,50.67,75.86,61.15,21,8,13,38.1,21,13,0.641,1.041,1.682,1.682,1.041,3.05,5,3,2,62.88,4,Match_314,2025-08-06T18:36:56.118326+00:00,[],0,7,2,2,0,0,0,35.15,0,0,0.57,3,31,22,18,13,2,22,14,2,5,3,81.56,
"Reyes, Miguel",ST,854.1,25.18,71.82,56.53,37.7,65.87,starter,Riverside FC,45,0.0,0.0,0.0,0.0,34.09,54.54,0.0,0.0,0.0,0.0,0.0,0.0,0.0,66.13,79.28,0.0,0.0,0.0,0.0,0.0,58.5,74.47,45.94,40.09,37.52,39.29,56.89,11659,22.75,520,486,34,93.46,6,1.15,1,24.45,36,25,9,1,36.0,4.0,6,6,100.0,13,7,53.85,29,15,51.72,4,13,6,1,5,1,0,2.634,0.948,0.105,54.795,51.21,3.58,0.632,0.105,2.576,3.793,1.37,0.738,3.056,1.58,5.45,0.421,1.37,0.632,0.105,0.632,0.63,10.54,3.79,0.42,9.85,0.12,5.67,41.27,65.48,29.25,68.78,54.43,41.69,32.08,32.17,39.66,55.13,73.51,78.57,24.38,55.54,0,0,0,0,0,0,0.0,0.0,0.0,0.0,0.0,67.66,3,1,3,37.25,17,Match_195,2025-08-30T06:02:37.118326+00:00,[],0,25,9,1,520,486,34,78.86,6,1,1.41,5,13,7,29,15,4,13,6,1,6,6,38.95,
"Libarnes, Jaro",CM,516.06,66.99,78.0,33.28,40.91,37.89,starter,Eastview Rangers,4,0.0,0.0,0.0,0.0,62.95,58.74,0.0,0.0,0.0,0.0,0.0,0.0,0.0,74.93,36.16,0.0,0.0,0.0,0.0,0.0,57.29,60.66,46.84,73.13,54.97,31.03,32.35,4890,15.79,231,28,203,12.12,3,1.3,0,28.41,10,3,1,0,33.33,0.0,6,3,50.0,4,4,100.0,3,1,33.33,3,13,2,0,1,1,0,0.523,0.174,0.0,40.286,4.88,35.4,0.523,0.0,4.955,1.744,0.698,0.698,0.523,0.17,5.81,0.523,2.267,0.349,0.0,1.046,0.52,8.72,5.81,61.35,2.11,0.23,17.44,42.79,53.67,64.2,61.68,51.7,54.66,31.22,77.09,56.57,47.23,72.34,31.56,58.87,46.72,0,0,0,0,0,0,0.0,0.0,0.0,0.0,0.0,49.35,1,1,4,89.32,13,Match_164,2025-08-28T02:58:35.119324+00:00,[],0,3,1,0,231,28,203,76.5,3,0,1.0,5,4,4,3,1,3,13,2,0,6,3,45.26,
"Amador, Roniel",CM,1313.6,43.04,59.75,54.06,35.59,28.87,substitute,Lyceum,33,0.0,0.0,0.0,0.0,54.08,36.54,0.0,0.0,0.0,0.0,0.0,0.0,0.0,31.3,35.53,0.0,0.0,0.0,0.0,0.0,66.21,73.66,73.81,70.64,40.46,35.57,75.1,17985,22.82,1062,739,323,69.59,21,1.98,3,14.59,16,17,6,1,35.29,5.88,6,1,16.67,54,1,1.85,14,0,0.0,6,12,13,1,1,4,0,1.165,0.411,0.069,72.762,50.63,22.13,1.439,0.206,1.0,1.096,3.7,0.069,0.959,62.22,50.43,0.411,0.822,0.891,0.069,0.411,0.07,1.14,2.42,0.4,4.77,0.14,0.13,75.79,20.27,22.25,65.67,50.26,59.97,20.1,47.12,34.81,64.74,45.77,70.86,76.55,24.0,0,0,0,0,0,0,0.0,0.0,0.0,0.0,0.0,62.28,2,1,3,87.97,15,Match_253,2025-01-17T08:53:55.120321+00:00,[],0,17,6,1,1062,739,323,45.47,21,3,0.92,3,54,1,14,0,6,12,13,1,6,1,21.08,
"Bacnis, Hugo",ST,1142.01,48.28,20.55,42.79,60.77,58.77,substitute,Goldenfield Rovers,5,0.0,0.0,0.0,0.0,64.51,52.4,0.0,0.0,0.0,0.0,0.0,0.0,0.0,58.43,65.83,0.0,0.0,0.0,0.0,0.0,32.42,58.9,45.11,51.79,52.86,45.26,30.93,12354,18.03,180,180,0,100.0,3,1.67,0,17.55,7,23,3,2,13.04,8.7,5,3,60.0,36,18,50.0,28,28,100.0,5,11,10,1,3,1,0,1.813,0.236,0.158,14.186,14.19,40.46,0.236,0.0,1.383,0.552,2.837,1.419,2.207,2.21,7.88,0.394,0.867,0.788,0.079,0.394,0.24,4.73,1.03,0.69,7.88,0.13,3.94,28.5,34.42,65.52,77.79,79.47,65.49,31.27,53.69,74.32,60.02,59.58,40.03,47.73,41.86,0,0,0,0,0,0,0.0,0.0,0.0,0.0,0.0,32.73,4,2,2,74.87,20,Match_105,2025-09-20T00:07:55.120321+00:00,[],0,23,3,2,180,180,0,30.78,3,0,1.63,4,36,18,28,28,5,11,10,1,5,3,68.19,
"Perez, Harvy",LWB,959.81,46.2,41.81,66.72,21.79,51.81,substitute,Riverside FC,33,0.0,0.0,0.0,0.0,63.93,41.59,0.0,0.0,0.0,0.0,0.0,0.0,0.0,45.1,37.98,0.0,0.0,0.0,0.0,0.0,58.25,51.71,54.29,77.73,55.88,67.16,43.61,18567,32.24,481,475,6,98.75,8,1.66,1,18.02,25,4,1,0,25.0,0.0,15,15,100.0,18,9,50.0,7,2,28.57,4,17,10,1,1,2,0,0.375,0.094,0.0,45.103,44.54,0.56,0.75,0.094,1.69,2.344,1.688,0.844,0.656,0.19,2.68,0.375,1.594,0.938,0.094,1.407,1.41,9.38,2.34,30.82,9.26,0.16,4.69,67.64,78.67,64.38,73.95,25.11,38.92,29.93,32.73,49.7,70.69,68.84,27.26,75.87,36.58,0,0,0,0,0,0,0.0,0.0,0.0,0.0,0.0,42.03,3,4,3,85.52,5,Match_74,2025-05-05T14:19:05.121326+00:00,[],0,4,1,0,481,475,6,41.02,8,1,4.85,2,18,9,7,2,4,17,10,1,15,15,76.21,
"Tabelin, Kirvy",RW,1031.76,32.32,41.57,62.48,69.48,38.73,starter,Southgate United,27,0.0,0.0,0.0,0.0,63.62,63.88,0.0,0.0,0.0,0.0,0.0,0.0,0.0,66.3,59.11,0.0,0.0,0.0,0.0,0.0,67.11,30.95,56.94,43.39,61.72,36.94,30.99,8400,13.57,616,494,122,80.19,15,2.44,2,12.27,36,17,7,2,41.18,11.76,3,2,66.67,27,16,59.26,3,3,100.0,7,17,12,1,4,2,0,1.483,0.611,0.174,53.733,43.09,10.64,1.308,0.174,1.07,3.14,2.355,1.396,0.262,0.26,8.72,0.611,1.483,1.047,0.087,0.262,0.17,5.82,3.59,1.03,6.99,0.21,5.17,36.76,71.49,65.78,30.39,45.46,23.48,77.65,41.32,31.45,67.52,78.53,56.54,47.0,61.34,0,0,0,0,0,0,0.0,0.0,0.0,0.0,0.0,47.62,4,3,4,43.49,6,Match_65,2025-05-12T00:54:53.123329+00:00,[],0,17,7,2,616,494,122,58.9,15,2,4.07,2,27,16,3,3,7,17,12,1,3,2,23.33,
"Pedimonte, Nhiboy",LB,467.45,64.75,71.39,74.51,55.21,24.07,DNP,Lyceum,81,0.0,0.0,0.0,0.0,54.61,61.74,0.0,0.0,0.0,0.0,0.0,0.0,0.0,49.26,30.49,0.0,0.0,0.0,0.0,0.0,40.85,79.68,30.43,79.8,32.21,71.18,54.8,5726,20.42,359,93,266,25.91,9,2.51,2,26.21,17,10,3,1,30.0,10.0,3,1,33.33,1,0,0.0,13,5,38.46,2,0,3,0,1,1,0,1.925,0.578,0.193,69.12,17.91,51.21,1.733,0.385,5.046,3.273,0.193,0.0,2.503,0.96,7.4,0.385,0.0,0.578,0.0,0.578,0.19,6.42,5.78,1.93,4.99,0.48,52.64,60.55,72.83,54.2,33.15,21.71,34.69,49.5,50.61,39.24,51.65,26.17,36.1,66.42,61.63,0,0,0,0,0,0,0.0,0.0,0.0,0.0,0.0,56.57,7,4,3,77.28,19,Match_143,2025-11-06T14:23:02.123329+00:00,[],0,10,3,1,359,93,266,61.54,9,2,0.37,1,1,0,13,5,2,0,3,0,3,1,85.53,
"Valdez, Alysa",CB,873.03,66.18,63.75,72.93,50.42,58.5,starter,Lakeside Athletic,2,0.0,0.0,0.0,0.0,52.06,41.69,0.0,0.0,0.0,0.0,0.0,0.0,0.0,73.36,52.48,0.0,0.0,0.0,0.0,0.0,68.01,35.54,64.22,45.76,37.43,58.53,65.83,11315,21.6,162,162,0,100.0,5,3.09,0,23.1,7,3,1,0,33.33,0.0,6,3,50.0,30,7,23.33,13,2,15.38,4,24,14,1,2,3,0,0.309,0.103,0.0,16.7,16.7,47.29,0.515,0.0,2.381,0.722,3.093,0.722,1.34,0.21,1.59,0.412,2.474,1.443,0.103,0.619,0.31,5.15,3.44,70.79,10.31,0.32,2.41,41.37,44.36,58.89,35.65,23.62,22.91,58.34,78.64,66.68,44.23,66.09,48.89,56.61,40.6,0,0,0,0,0,0,0.0,0.0,0.0,0.0,0.0,35.45,3,6,4,42.21,12,Match_23,2025-08-16T09:55:28.124325+00:00,[],0,3,1,0,162,162,0,31.59,5,0,0.71,4,30,7,13,2,4,24,14,1,6,3,54.58,
"Garcia, Laurence",CDM,843.15,74.7,72.52,46.57,66.51,24.72,substitute,Summit Peak FC,27,0.0,0.0,0.0,0.0,62.48,42.57,0.0,0.0,0.0,0.0,0.0,0.0,0.0,38.12,36.55,0.0,0.0,0.0,0.0,0.0,72.57,39.78,37.24,36.32,48.51,51.17,68.41,3686,7.29,683,683,0,100.0,13,1.9,3,8.93,20,6,3,0,50.0,0.0,7,7,100.0,24,24,100.0,14,14,100.0,1,14,2,2,0,1,0,0.64,0.32,0.0,72.905,72.91,79.27,1.388,0.32,0.953,2.135,2.562,2.562,1.494,1.49,10.67,0.107,1.494,0.213,0.213,0.747,0.75,10.67,5.34,64.31,10.67,0.2,10.67,23.44,59.24,70.43,43.71,66.25,24.0,24.27,61.51,65.72,63.82,72.29,59.12,53.98,49.7,0,0,0,0,0,0,0.0,0.0,0.0,0.0,0.0,77.34,1,1,1,87.5,18,Match_191,2025-12-06T16:19:48.125325+00:00,[],0,6,3,0,683,683,0,87.48,13,3,3.61,4,24,24,14,14,1,14,2,2,7,7,49.9,
"Bacaycay, Kurt",CDM,784.47,70.23,76.57,65.22,36.89,59.0,starter,Riverstone FC,43,0.0,0.0,0.0,0.0,70.98,66.78,0.0,0.0,0.0,0.0,0.0,0.0,0.0,54.56,62.22,0.0,0.0,0.0,0.0,0.0,33.25,57.21,70.31,44.36,69.37,40.01,37.74,5998,12.74,433,0,433,0.0,7,1.62,1,18.4,32,12,3,2,25.0,16.67,6,2,33.33,67,43,64.18,10,2,20.0,4,10,5,2,0,1,0,1.377,0.344,0.229,49.677,73.85,49.68,0.803,0.115,2.111,3.671,7.687,4.933,1.147,0.23,2.29,0.459,1.147,0.574,0.229,0.688,0.23,3.82,2.87,1.91,71.25,0.19,7.36,66.72,69.84,66.86,69.11,46.44,51.92,35.01,73.05,59.99,51.08,39.76,38.08,30.61,29.7,0,0,0,0,0,0,0.0,0.0,0.0,0.0,0.0,64.05,2,2,4,78.52,19,Match_1,2025-11-04T09:32:49.126329+00:00,[],0,12,3,2,433,0,433,76.72,7,1,4.43,5,67,43,10,2,4,10,5,2,6,2,34.07,
"Digal, Diego",GK,1142.37,33.35,46.66,63.62,40.75,36.17,substitute,Valley Rovers,33,0.0,0.0,0.0,0.0,55.91,45.19,0.0,0.0,0.0,0.0,0.0,0.0,0.0,41.39,69.11,0.0,0.0,0.0,0.0,0.0,60.87,47.71,60.2,67.68,45.79,48.23,52.18,16229,23.68,348,348,0,100.0,2,0.57,0,26.57,14,16,5,1,31.25,6.25,4,4,100.0,37,16,43.24,35,6,17.14,10,28,4,1,1,2,0,1.261,0.394,0.079,27.417,27.42,63.48,0.158,0.0,2.093,1.103,2.915,1.261,2.757,0.47,1.35,0.788,2.206,0.315,0.079,0.315,0.32,7.88,2.46,0.49,7.88,0.04,3.41,68.68,47.61,34.3,32.65,35.49,71.19,27.53,38.69,51.29,51.21,77.97,70.35,59.04,64.92,46,46,0,100.0,46,0,3.624,0.0,3.624,3.624,0.0,7.88,3,3,3,75.47,11,Match_96,2025-04-29T15:10:21.127323+00:00,[],0,16,5,1,348,348,0,58.13,2,0,3.4,2,37,16,35,6,10,28,4,1,4,4,76.38,
"Amador, Roniel",RWB,1042.27,73.28,79.98,31.26,60.67,52.7,substitute,Mapúa University,18,0.0,0.0,0.0,0.0,45.78,34.56,0.0,0.0,0.0,0.0,0.0,0.0,0.0,30.32,63.17,0.0,0.0,0.0,0.0,0.0,44.33,59.36,54.96,61.57,69.27,55.58,69.56,13095,20.94,640,323,317,50.47,17,2.66,1,23.0,43,8,1,0,12.5,0.0,4,0,0.0,57,19,33.33,23,3,13.04,3,16,12,0,2,2,0,0.691,0.086,0.0,55.264,27.89,27.37,1.468,0.086,1.986,3.713,4.922,1.641,1.986,0.26,1.13,0.259,1.382,1.036,0.0,0.345,71.46,56.37,1.08,62.67,4.36,0.23,2.88,58.44,53.18,42.38,66.09,32.61,70.14,67.63,27.52,38.83,63.65,34.39,31.9,42.65,53.95,0,0,0,0,0,0,0.0,0.0,0.0,0.0,0.0,45.28,1,7,5,40.87,18,Match_316,2024-12-10T18:59:15.128323+00:00,[],0,8,1,0,640,323,317,66.2,17,1,4.22,1,57,19,23,3,3,16,12,0,4,0,78.16,
"Libarnes, Jaro",CDM,1140.49,64.65,68.63,56.19,25.84,35.58,starter,Lyceum,24,0.0,0.0,0.0,0.0,54.14,75.59,0.0,0.0,0.0,0.0,0.0,0.0,0.0,52.6,38.41,0.0,0.0,0.0,0.0,0.0,45.92,33.09,41.6,67.34,37.54,56.37,38.87,22041,32.21,567,489,78,86.24,16,2.82,2,6.49,41,38,8,1,21.05,2.63,8,3,37.5,60,50,83.33,16,15,93.75,8,20,16,1,2,1,0,2.999,0.631,0.079,44.744,38.59,6.16,1.263,0.158,0.512,3.235,4.735,3.946,1.263,1.18,7.4,0.631,1.578,1.263,0.079,0.631,0.24,2.96,1.66,0.21,6.81,0.22,6.58,26.74,50.64,37.72,67.62,47.38,65.37,60.64,35.55,54.43,24.24,60.47,60.53,73.03,76.62,0,0,0,0,0,0,0.0,0.0,0.0,0.0,0.0,36.05,1,2,3,80.99,15,Match_359,2025-04-28T18:21:41.129327+00:00,[],0,38,8,1,567,489,78,36.15,16,2,3.48,1,60,50,16,15,8,20,16,1,8,3,58.48,
"Escodo, Edvard",CM,713.97,65.95,60.2,45.96,30.07,53.87,starter,Riverside FC,95,0.0,0.0,0.0,0.0,56.23,61.04,0.0,0.0,0.0,0.0,0.0,0.0,0.0,31.1,79.61,0.0,0.0,0.0,0.0,0.0,75.05,36.22,54.94,30.1,73.28,58.62,41.76,4834,11.28,553,120,433,21.7,8,1.45,1,20.95,33,10,4,1,40.0,10.0,1,0,0.0,5,2,40.0,16,0,0.0,5,14,5,1,1,1,0,1.261,0.504,0.126,69.709,15.13,54.58,1.008,0.126,2.641,4.16,0.63,0.252,2.017,36.54,45.34,0.63,1.765,0.63,0.126,0.126,41.13,57.16,5.04,1.26,2.74,0.18,5.04,52.89,33.11,66.42,37.91,25.86,42.91,67.93,70.6,54.89,64.3,32.28,55.23,42.3,29.9,0,0,0,0,0,0,0.0,0.0,0.0,0.0,0.0,62.88,4,2,4,23.22,1,Match_101,2025-06-26T19:24:04.130324+00:00,[],0,10,4,1,553,120,433,42.33,8,1,2.18,1,5,2,16,0,5,14,5,1,1,0,82.29,
"Lagaya, Rick Matthew",LB,958.54,72.1,60.16,50.26,65.75,61.19,starter,Southgate United,64,0.0,0.0,0.0,0.0,38.43,57.8,0.0,0.0,0.0,0.0,0.0,0.0,0.0,49.14,47.73,0.0,0.0,0.0,0.0,0.0,33.45,45.2,75.34,46.45,47.78,72.35,59.21,12288,21.37,450,174,276,38.67,15,3.33,3,11.51,1,15,4,0,26.67,0.0,18,5,27.78,19,16,84.21,5,2,40.0,1,16,11,1,1,1,0,1.408,0.376,0.0,42.252,16.34,25.91,1.408,0.282,1.081,0.094,1.784,1.502,0.469,0.19,3.76,0.094,1.502,1.033,0.094,1.69,0.47,2.61,2.5,44.05,3.63,0.31,7.91,62.81,40.57,63.2,53.37,47.74,77.14,21.26,65.09,24.63,23.88,68.36,65.71,54.98,63.07,0,0,0,0,0,0,0.0,0.0,0.0,0.0,0.0,34.37,7,3,0,76.63,1,Match_209,2025-04-07T21:25:23.130324+00:00,[],0,15,4,0,450,174,276,51.55,15,3,2.2,2,19,16,5,2,1,16,11,1,18,5,76.11,
"Garcia, John",RWB,699.12,66.71,27.23,71.74,29.04,57.6,starter,Metro FC,5,0.0,0.0,0.0,0.0,73.53,60.15,0.0,0.0,0.0,0.0,0.0,0.0,0.0,41.17,40.37,0.0,0.0,0.0,0.0,0.0,48.29,43.48,32.49,72.56,56.28,46.1,71.08,5158,12.3,177,177,0,100.0,3,1.69,0,13.33,1,6,2,0,33.33,0.0,3,1,33.33,34,11,32.35,14,1,7.14,0,11,1,1,0,2,0,0.772,0.257,0.0,22.786,22.79,40.16,0.386,0.0,1.716,0.129,4.377,1.416,1.802,0.13,0.92,0.0,1.416,0.129,0.129,0.386,0.13,4.29,4.29,45.48,12.87,0.22,4.16,35.57,59.29,54.5,67.81,58.38,74.07,44.02,72.31,26.01,40.1,50.72,20.47,46.09,46.54,0,0,0,0,0,0,0.0,0.0,0.0,0.0,0.0,35.65,4,1,4,74.28,1,Match_15,2025-08-24T10:08:21.131323+00:00,[],0,6,2,0,177,177,0,52.51,3,0,4.38,2,34,11,14,1,0,11,1,1,3,1,67.05,
"Villacarlos, Uriel",RW,971.31,49.99,62.36,28.77,28.59,40.04,substitute,Adamson University,97,0.0,0.0,0.0,0.0,60.74,51.87,0.0,0.0,0.0,0.0,0.0,0.0,0.0,57.27,52.28,0.0,0.0,0.0,0.0,0.0,77.77,53.01,74.43,74.18,59.4,30.34,63.45,5772,9.9,249,148,101,59.44,1,0.4,0,5.37,8,13,4,1,30.77,7.69,27,6,22.22,27,10,37.04,11,3,27.27,1,17,3,1,1,1,0,1.205,0.371,0.093,23.072,13.71,9.36,0.093,0.0,0.498,0.741,2.502,0.927,1.019,0.28,2.53,0.093,1.575,0.278,0.093,2.502,0.56,2.06,2.85,0.71,5.51,0.04,3.43,43.48,62.72,67.44,42.89,26.65,70.77,79.18,67.72,52.02,23.47,39.22,26.16,70.67,29.7,0,0,0,0,0,0,0.0,0.0,0.0,0.0,0.0,45.41,3,0,1,81.21,4,Match_392,2025-03-18T10:24:21.132324+00:00,[],0,13,4,1,249,148,101,27.59,1,0,0.3,2,27,10,11,3,1,17,3,1,27,6,62.37,
"Taberos, Earl",CB,1129.16,26.08,67.08,75.53,61.27,43.82,starter,Metro FC,94,0.0,0.0,0.0,0.0,59.27,34.85,0.0,0.0,0.0,0.0,0.0,0.0,0.0,73.5,74.79,0.0,0.0,0.0,0.0,0.0,57.46,73.58,76.72,78.53,43.68,37.05,35.82,3332,4.92,250,194,56,77.6,2,0.8,0,26.89,9,20,5,1,25.0,5.0,12,7,58.33,26,16,61.54,26,6,23.08,8,15,9,0,3,0,0,1.594,0.399,0.08,19.926,15.46,4.46,0.159,0.0,2.143,0.717,2.072,1.275,2.072,0.48,1.84,0.638,1.196,0.717,0.0,0.956,0.56,4.65,1.99,0.4,6.19,0.06,4.91,26.7,42.27,46.3,58.53,79.67,79.06,72.05,70.38,64.4,71.9,52.1,46.97,51.47,60.47,0,0,0,0,0,0,0.0,0.0,0.0,0.0,0.0,31.68,4,1,3,42.11,2,Match_373,2025-03-16T04:20:37.133323+00:00,[],0,20,5,1,250,194,56,47.2,2,0,0.62,4,26,16,26,6,8,15,9,0,12,7,66.71,
"Apostol, Carlo",LB,1048.65,65.75,74.22,38.13,52.23,53.77,starter,Northbridge FC,71,0.0,0.0,0.0,0.0,52.49,55.79,0.0,0.0,0.0,0.0,0.0,0.0,0.0,31.77,34.95,0.0,0.0,0.0,0.0,0.0,75.57,48.11,78.51,67.22,40.34,36.08,39.2,20015,31.81,772,582,190,75.39,16,2.07,3,25.66,14,6,2,0,33.33,0.0,9,8,88.89,69,9,13.04,1,0,0.0,3,28,10,1,2,2,0,0.515,0.172,0.0,66.257,49.95,16.31,1.373,0.257,2.202,1.202,5.922,0.772,0.086,39.47,37.66,0.257,2.403,0.858,0.086,0.772,0.69,7.63,2.86,72.71,6.47,0.18,1.12,62.99,32.89,63.38,74.93,25.55,33.9,40.11,46.84,62.1,68.71,64.68,64.41,57.79,62.5,0,0,0,0,0,0,0.0,0.0,0.0,0.0,0.0,57.5,3,1,4,77.52,2,Match_331,2025-03-25T11:36:51.133323+00:00,[],0,6,2,0,772,582,190,28.96,16,3,4.6,1,69,9,1,0,3,28,10,1,9,8,44.03,
"Espana, Dave",ST,829.58,53.05,25.25,52.93,61.26,62.86,substitute,Harborview United,56,0.0,0.0,0.0,0.0,73.75,48.25,0.0,0.0,0.0,0.0,0.0,0.0,0.0,60.28,38.32,0.0,0.0,0.0,0.0,0.0,60.99,78.62,63.16,52.05,68.78,39.71,32.69,12162,24.43,434,401,33,92.4,2,0.46,0,6.27,32,18,5,2,27.78,11.11,21,12,57.14,14,12,85.71,8,8,100.0,5,16,7,0,0,2,0,1.953,0.542,0.217,47.084,43.5,3.58,0.217,0.0,0.68,3.472,1.519,1.302,0.868,0.87,10.85,0.542,1.736,0.759,0.0,2.278,1.3,6.2,3.01,1.21,10.02,0.05,9.3,33.09,34.98,31.86,34.11,46.02,47.36,66.01,78.29,76.66,44.28,37.95,76.53,37.03,60.39,0,0,0,0,0,0,0.0,0.0,0.0,0.0,0.0,51.66,7,5,2,58.86,1,Match_11,2025-01-28T05:16:06.134327+00:00,[],0,18,5,2,434,401,33,76.46,2,0,3.61,0,14,12,8,8,5,16,7,0,21,12,21.35,
"Digal, Diegocarl",LW,486.71,49.04,33.78,63.64,28.5,73.69,substitute,Brookside United,1,0.0,0.0,0.0,0.0,42.64,75.78,0.0,0.0,0.0,0.0,0.0,0.0,0.0,46.83,65.54,0.0,0.0,0.0,0.0,0.0,35.94,67.31,74.31,32.88,32.16,42.92,52.23,8683,29.73,119,112,7,94.12,2,1.68,0,10.93,7,14,2,1,14.29,7.14,19,13,68.42,16,11,68.75,8,6,75.0,4,10,7,0,1,1,0,2.589,0.37,0.185,22.005,20.71,1.29,0.37,0.0,2.021,1.294,2.959,2.034,1.479,1.11,13.87,0.74,1.849,1.294,0.0,3.513,2.4,12.65,2.64,1.32,17.4,0.31,12.71,70.96,74.99,49.86,79.79,46.39,34.22,22.08,57.49,65.67,36.05,20.35,76.79,32.21,65.7,0,0,0,0,0,0,0.0,0.0,0.0,0.0,0.0,60.84,3,3,6,47.85,12,Match_1,2025-08-27T21:09:15.135328+00:00,[],0,14,2,1,119,112,7,69.93,2,0,3.11,1,16,11,8,6,4,10,7,0,19,13,77.93,
"Dela Cruz, Edvard",CB,629.51,74.15,38.05,40.89,39.32,61.21,starter,Redwood Borough,20,0.0,0.0,0.0,0.0,57.92,73.5,0.0,0.0,0.0,0.0,0.0,0.0,0.0,69.78,65.66,0.0,0.0,0.0,0.0,0.0,33.52,77.72,54.11,38.06,35.84,66.48,62.88,11665,30.88,432,127,305,29.4,10,2.31,1,14.84,6,8,3,0,37.5,0.0,8,5,62.5,37,19,51.35,9,3,33.33,5,6,6,2,2,2,0,1.144,0.429,0.0,61.762,18.16,43.61,1.43,0.143,2.122,0.858,5.29,2.716,1.287,0.43,4.77,0.715,0.858,0.858,0.286,1.144,0.71,8.94,5.36,59.67,4.2,0.33,7.34,32.2,23.36,42.59,29.46,70.37,37.61,73.74,76.75,48.11,67.05,67.25,70.04,75.26,56.66,0,0,0,0,0,0,0.0,0.0,0.0,0.0,0.0,62.09,2,3,3,71.68,2,Match_133,2025-01-17T00:41:02.135328+00:00,[],0,8,3,0,432,127,305,57.04,10,1,1.84,4,37,19,9,3,5,6,6,2,8,5,77.84,
"Omitade, Edvard",RB,1301.22,74.26,38.6,74.57,76.5,69.45,substitute,Valley Rovers,4,0.0,0.0,0.0,0.0,61.6,38.62,0.0,0.0,0.0,0.0,0.0,0.0,0.0,45.1,69.45,0.0,0.0,0.0,0.0,0.0,74.71,38.34,65.03,60.48,78.98,53.34,78.63,2947,3.77,192,132,60,68.75,5,2.6,1,7.3,4,17,6,0,35.29,0.0,9,5,55.56,29,1,3.45,18,11,61.11,9,26,10,1,1,3,0,1.176,0.415,0.0,13.28,9.13,4.15,0.346,0.069,0.505,0.277,2.006,0.069,1.245,0.76,4.23,0.622,1.798,0.692,0.069,0.622,0.35,3.84,2.44,47.42,4.76,0.18,0.24,36.46,53.83,42.4,22.58,38.03,58.61,64.43,59.49,25.23,64.89,20.86,35.56,68.44,65.58,0,0,0,0,0,0,0.0,0.0,0.0,0.0,0.0,33.72,3,6,2,44.94,10,Match_239,2025-11-10T08:14:06.136324+00:00,[],0,17,6,0,192,132,60,45.02,5,1,3.58,4,29,1,18,11,9,26,10,1,9,5,88.42,
"Tabay, Albin",LW,1072.06,48.67,23.2,50.48,71.5,68.98,starter,Summit Peak FC,48,0.0,0.0,0.0,0.0,47.69,39.96,0.0,0.0,0.0,0.0,0.0,0.0,0.0,50.8,46.51,0.0,0.0,0.0,0.0,0.0,54.28,32.59,52.8,50.95,40.61,46.01,55.02,17832,27.72,22,20,2,90.91,0,0.0,0,15.77,1,37,32,5,86.49,13.51,26,10,38.46,2,1,50.0,25,15,60.0,8,16,11,1,3,2,0,3.106,2.686,0.42,1.847,1.68,0.17,0.0,0.0,1.324,0.084,0.168,0.084,2.099,1.26,5.04,0.672,1.343,0.923,0.084,2.183,0.84,3.23,7.26,1.13,7.63,54.0,4.2,32.1,50.45,43.59,22.14,25.74,26.0,33.49,70.35,33.19,62.8,55.09,26.74,65.14,62.31,0,0,0,0,0,0,0.0,0.0,0.0,0.0,0.0,39.83,1,5,4,47.34,6,Match_20,2025-02-15T13:36:50.137331+00:00,[],0,37,32,5,22,20,2,58.43,0,0,3.04,4,2,1,25,15,8,16,11,1,26,10,40.82,
"Lopez, Marco",RW,659.82,36.91,24.03,68.86,70.08,72.3,substitute,Lakeside Athletic,26,0.0,0.0,0.0,0.0,58.51,49.78,0.0,0.0,0.0,0.0,0.0,0.0,0.0,76.02,33.37,0.0,0.0,0.0,0.0,0.0,70.29,72.77,53.1,66.96,76.15,48.75,79.3,6690,16.9,57,0,57,0.0,0,0.0,0,15.7,1,13,6,1,46.15,7.69,19,5,26.32,20,7,35.0,13,10,76.92,3,19,2,1,1,1,0,1.773,0.818,0.136,7.775,45.77,7.77,0.0,0.0,2.141,0.136,2.728,0.955,1.773,1.36,10.49,0.409,2.592,0.273,0.136,2.592,0.68,3.59,6.29,1.05,32.56,59.52,4.77,61.83,42.86,71.59,41.17,44.18,53.08,72.05,23.56,29.38,28.21,58.31,21.08,31.4,62.4,0,0,0,0,0,0,0.0,0.0,0.0,0.0,0.0,51.98,7,3,1,78.33,8,Match_207,2025-08-26T06:42:18.137331+00:00,[],0,13,6,1,57,0,57,88.53,0,0,1.08,6,20,7,13,10,3,19,2,1,19,5,70.12,
"Andrada, Vince",GK,933.65,36.02,26.59,75.7,68.31,38.54,starter,Summit Peak FC,94,0.0,0.0,0.0,0.0,74.38,32.32,0.0,0.0,0.0,0.0,0.0,0.0,0.0,33.22,62.12,0.0,0.0,0.0,0.0,0.0,64.97,74.06,55.85,63.65,43.35,35.48,53.61,15037,26.84,366,325,41,88.8,8,2.19,1,4.6,10,18,6,2,33.33,11.11,14,11,78.57,10,4,40.0,10,1,10.0,3,35,3,1,3,1,0,1.735,0.578,0.193,35.281,31.33,3.95,0.771,0.096,0.443,0.964,0.964,0.386,0.964,0.1,0.96,0.289,3.374,0.289,0.096,1.35,1.06,7.57,3.21,1.07,8.56,0.21,3.86,56.41,53.89,32.17,25.72,41.56,59.03,34.46,57.0,47.85,75.6,32.12,49.66,39.64,69.03,57,16,41,28.07,57,41,1.542,3.952,5.495,5.495,3.952,2.71,4,1,3,42.08,11,Match_385,2025-09-13T12:38:30.138332+00:00,[],0,18,6,2,366,325,41,75.55,8,1,0.55,1,10,4,10,1,3,35,3,1,14,11,81.29,
"Garcia, Jul",CF,1189.13,56.8,55.12,72.3,62.55,37.82,starter,University of Santo Tomas,15,0.0,0.0,0.0,0.0,58.8,43.91,0.0,0.0,0.0,0.0,0.0,0.0,0.0,50.23,52.03,0.0,0.0,0.0,0.0,0.0,53.7,35.17,34.37,43.6,47.41,45.83,37.49,25089,35.16,542,156,386,28.78,19,3.51,3,23.26,3,2,2,0,100.0,0.0,13,13,100.0,25,5,20.0,10,10,100.0,2,14,4,1,3,1,0,0.151,0.151,0.0,41.022,11.81,29.21,1.438,0.227,1.76,0.227,1.892,0.378,0.757,0.76,7.57,0.151,1.06,0.303,0.076,0.984,0.98,7.57,7.57,45.69,2.18,0.27,1.51,43.26,33.95,73.49,36.71,37.13,48.1,55.49,31.21,58.56,44.96,67.2,68.8,71.07,57.06,0,0,0,0,0,0,0.0,0.0,0.0,0.0,0.0,67.88,3,2,5,88.94,17,Match_333,2025-05-18T09:05:30.139331+00:00,[],0,2,2,0,542,156,386,36.66,19,3,4.2,1,25,5,10,10,2,14,4,1,13,13,62.69,
"Aningalan, Jul",LB,418.12,27.53,26.38,61.22,20.45,56.43,substitute,National University,3,0.0,0.0,0.0,0.0,70.07,73.59,0.0,0.0,0.0,0.0,0.0,0.0,0.0,44.63,36.9,0.0,0.0,0.0,0.0,0.0,53.26,51.69,74.15,69.3,62.36,60.89,51.33,3906,15.57,366,222,144,60.66,10,2.73,1,29.28,0,8,5,0,62.5,0.0,1,1,100.0,22,18,81.82,12,6,50.0,1,7,1,0,1,0,0,1.722,1.076,0.0,78.781,47.79,31.0,2.152,0.215,6.302,0.0,4.735,3.874,2.583,1.29,10.76,0.215,1.507,0.215,0.0,0.215,0.22,21.52,13.45,42.79,13.06,0.59,17.61,24.21,58.57,20.75,40.66,78.46,48.09,67.56,30.09,71.11,74.38,35.14,38.34,64.17,37.28,0,0,0,0,0,0,0.0,0.0,0.0,0.0,0.0,75.86,4,3,4,45.73,11,Match_62,2025-09-20T16:28:24.139331+00:00,[],0,8,5,0,366,222,144,77.38,10,1,3.45,3,22,18,12,6,1,7,1,0,1,1,86.25,
"Lood, Trevor",LB,639.03,63.05,57.91,74.52,69.64,46.63,starter,Riverside FC,28,0.0,0.0,0.0,0.0,60.05,74.22,0.0,0.0,0.0,0.0,0.0,0.0,0.0,41.08,30.21,0.0,0.0,0.0,0.0,0.0,67.45,32.8,48.07,79.22,38.27,62.52,44.87,10982,28.64,335,335,0,100.0,4,1.19,0,18.55,9,11,4,0,36.36,0.0,2,0,0.0,8,1,12.5,11,3,27.27,1,12,7,0,1,1,0,1.549,0.563,0.0,47.181,47.18,60.01,0.563,0.0,2.613,1.268,1.127,0.141,1.549,0.42,3.84,0.141,1.69,0.986,0.0,0.282,78.7,72.53,5.12,63.11,14.08,0.17,1.76,23.15,77.44,30.01,51.52,65.86,65.13,48.89,38.73,35.7,72.6,28.44,78.02,37.55,29.6,0,0,0,0,0,0,0.0,0.0,0.0,0.0,0.0,56.98,4,2,4,75.57,4,Match_192,2025-04-29T04:03:08.140332+00:00,[],0,11,4,0,335,335,0,48.45,4,0,0.16,2,8,1,11,3,1,12,7,0,2,0,26.78,
"Santos, Pedro",LB,1172.33,32.49,24.3,37.1,44.55,33.94,starter,Ateneo de Manila University,53,0.0,0.0,0.0,0.0,77.08,49.64,0.0,0.0,0.0,0.0,0.0,0.0,0.0,50.02,60.41,0.0,0.0,0.0,0.0,0.0,53.58,43.86,50.87,70.02,34.11,50.44,43.3,5596,7.96,1044,279,765,26.72,22,2.11,5,23.43,61,23,9,4,39.13,17.39,5,1,20.0,27,13,48.15,21,19,90.48,1,26,8,1,1,1,0,1.766,0.691,0.307,80.148,21.42,58.73,1.689,0.384,1.799,4.683,2.073,0.998,1.612,1.46,6.95,0.077,1.996,0.614,0.077,0.384,0.08,1.54,3.0,1.34,2.05,0.16,3.7,41.07,46.27,67.78,34.83,23.53,71.75,39.3,40.83,69.31,61.38,31.46,57.82,27.18,35.91,0,0,0,0,0,0,0.0,0.0,0.0,0.0,0.0,77.32,2,1,5,39.21,12,Match_115,2025-10-08T08:09:13.140332+00:00,[],0,23,9,4,1044,279,765,26.19,22,5,0.97,2,27,13,21,19,1,26,8,1,5,1,85.42,
"Valdez, Alysa",CDM,1350.0,45.77,70.81,32.07,65.34,33.84,starter,Crown City FC,30,0.0,0.0,0.0,0.0,37.9,58.98,0.0,0.0,0.0,0.0,0.0,0.0,0.0,30.85,52.05,0.0,0.0,0.0,0.0,0.0,36.38,63.0,63.93,72.48,48.9,45.14,44.55,23522,29.04,4,1,3,25.0,0,0.0,0,28.51,0,24,5,1,20.83,4.17,11,10,90.91,29,21,72.41,38,6,15.79,6,5,12,1,1,3,0,1.6,0.333,0.067,0.267,0.07,0.2,0.0,0.0,1.901,0.0,1.933,1.4,2.533,0.4,1.05,0.4,0.333,0.8,0.067,0.733,0.67,6.06,1.39,0.28,1.67,76.46,4.83,26.73,25.89,43.65,23.18,23.6,71.84,56.47,39.72,32.37,21.24,30.3,65.06,52.36,73.36,0,0,0,0,0,0,0.0,0.0,0.0,0.0,0.0,30.91,1,5,3,86.58,10,Match_209,2025-12-04T08:52:48.141334+00:00,[],0,24,5,1,4,1,3,30.72,0,0,1.74,2,29,21,38,6,6,5,12,1,11,10,26.77,
"Fernandez, Jaro",RW,724.73,68.39,29.83,26.31,39.48,28.97,substitute,Hillcrest Athletic,44,0.0,0.0,0.0,0.0,59.73,67.64,0.0,0.0,0.0,0.0,0.0,0.0,0.0,32.55,54.15,0.0,0.0,0.0,0.0,0.0,34.05,49.77,69.31,33.99,44.37,56.63,72.51,1858,4.27,194,156,38,80.41,2,1.03,0,23.15,1,25,7,1,28.0,4.0,13,13,100.0,26,18,69.23,17,10,58.82,1,19,5,1,1,1,0,3.105,0.869,0.124,24.092,19.37,4.72,0.248,0.0,2.875,0.124,3.229,2.235,2.111,1.24,7.3,0.124,2.359,0.621,0.124,1.614,1.61,12.42,3.48,0.5,9.99,0.13,8.6,68.16,28.01,44.82,70.71,77.29,52.32,69.64,73.5,75.79,64.08,23.69,32.51,23.92,25.54,0,0,0,0,0,0,0.0,0.0,0.0,0.0,0.0,53.25,2,4,3,41.02,2,Match_146,2025-11-18T02:58:27.141334+00:00,[],0,25,7,1,194,156,38,29.53,2,0,4.46,3,26,18,17,10,1,19,5,1,13,13,50.57,
"Escodo, Nico",LB,832.79,63.57,63.64,54.91,24.57,50.01,starter,Adamson University,82,0.0,0.0,0.0,0.0,51.67,47.23,0.0,0.0,0.0,0.0,0.0,0.0,0.0,47.29,60.67,0.0,0.0,0.0,0.0,0.0,69.43,31.74,33.61,32.26,53.82,48.81,30.28,15599,31.22,308,220,88,71.43,4,1.3,0,5.24,19,2,0,0,0.0,0.0,5,2,40.0,42,22,52.38,9,6,66.67,6,13,2,1,3,1,0,0.216,0.0,0.0,33.286,23.78,9.51,0.432,0.0,0.566,2.053,4.539,2.378,0.973,0.65,7.21,0.648,1.405,0.216,0.108,0.54,0.22,4.32,77.64,31.3,7.72,0.14,5.66,65.29,59.86,41.9,45.12,57.33,24.46,50.22,47.23,73.87,26.21,43.04,42.99,78.05,54.42,0,0,0,0,0,0,0.0,0.0,0.0,0.0,0.0,64.28,4,2,5,87.21,5,Match_190,2025-09-18T03:58:09.142338+00:00,[],0,2,0,0,308,220,88,81.55,4,0,1.84,3,42,22,9,6,6,13,2,1,5,2,37.78,
"Reyes, Luis",CAM,408.53,74.53,43.0,58.84,72.93,63.94,starter,Metro FC,70,0.0,0.0,0.0,0.0,43.23,42.84,0.0,0.0,0.0,0.0,0.0,0.0,0.0,66.95,32.75,0.0,0.0,0.0,0.0,0.0,37.22,50.62,63.95,61.17,69.06,41.39,68.09,7538,30.75,341,317,24,92.96,1,0.29,0,6.54,0,7,2,1,28.57,14.29,3,1,33.33,1,1,100.0,2,0,0.0,2,6,3,0,2,1,0,1.542,0.441,0.22,75.123,69.84,5.29,0.22,0.0,1.441,0.0,0.22,0.22,0.441,40.81,37.06,0.441,1.322,0.661,0.0,0.661,0.22,7.34,6.29,3.15,20.48,0.06,22.03,49.4,69.66,33.84,42.51,33.82,42.33,48.51,44.18,21.11,68.12,41.67,20.67,20.54,53.53,0,0,0,0,0,0,0.0,0.0,0.0,0.0,0.0,77.73,3,6,3,25.88,3,Match_367,2025-07-02T12:22:15.143331+00:00,[],0,7,2,1,341,317,24,54.18,1,0,0.19,3,1,1,2,0,2,6,3,0,3,1,35.14,
"Alcantara, Paolo",CDM,812.25,66.38,53.69,43.88,79.57,70.96,starter,Coastal Town,90,0.0,0.0,0.0,0.0,64.66,33.31,0.0,0.0,0.0,0.0,0.0,0.0,0.0,37.41,42.26,0.0,0.0,0.0,0.0,0.0,77.47,43.44,42.04,59.97,64.77,76.52,63.29,12991,26.66,590,232,358,39.32,7,1.19,1,13.5,7,1,0,0,0.0,0.0,4,4,100.0,41,15,36.59,9,3,33.33,4,12,4,1,3,1,0,0.111,0.0,0.0,65.374,25.71,39.67,0.776,0.111,1.496,0.776,4.543,1.662,0.997,0.33,3.69,0.443,1.33,0.443,0.111,0.443,0.44,11.08,75.77,41.29,4.36,0.13,4.05,41.29,49.87,23.15,74.42,52.67,51.8,31.83,54.25,31.86,78.14,63.8,35.9,57.36,62.71,0,0,0,0,0,0,0.0,0.0,0.0,0.0,0.0,37.33,4,5,5,27.8,17,Match_25,2025-06-21T03:10:04.143331+00:00,[],0,1,0,0,590,232,358,41.96,7,1,0.16,4,41,15,9,3,4,12,4,1,4,4,37.72,
"Digal, Diego",CAM,433.69,27.18,33.94,62.89,63.57,22.76,substitute,Riverside FC,70,0.0,0.0,0.0,0.0,60.07,41.47,0.0,0.0,0.0,0.0,0.0,0.0,0.0,54.76,46.08,0.0,0.0,0.0,0.0,0.0,62.62,63.8,41.02,78.73,47.33,40.47,73.38,5594,21.5,55,55,0,100.0,1,1.82,0,19.66,3,12,9,1,75.0,8.33,8,2,25.0,12,2,16.67,12,4,33.33,2,9,3,0,1,1,0,2.49,1.868,0.208,11.414,11.41,31.16,0.208,0.0,4.08,0.623,2.49,0.415,2.49,0.83,6.92,0.415,1.868,0.623,0.0,1.66,0.42,5.19,15.56,1.73,20.75,0.38,3.46,75.48,75.06,54.14,48.19,42.99,60.11,23.14,29.61,21.49,75.17,61.34,45.81,66.38,33.03,0,0,0,0,0,0,0.0,0.0,0.0,0.0,0.0,65.0,4,2,0,82.32,14,Match_74,2024-12-22T15:43:47.144331+00:00,[],0,12,9,1,55,55,0,50.61,1,0,3.81,3,12,2,12,4,2,9,3,0,8,2,54.84,
"Moleje, Josh",RB,683.66,68.75,44.46,50.67,56.96,48.92,starter,Southgate United,84,0.0,0.0,0.0,0.0,43.26,55.14,0.0,0.0,0.0,0.0,0.0,0.0,0.0,70.78,78.64,0.0,0.0,0.0,0.0,0.0,54.9,77.02,59.06,53.07,42.0,63.21,74.2,1578,3.85,686,456,230,66.47,14,2.04,1,4.55,4,2,0,0,0.0,0.0,4,4,100.0,22,10,45.45,12,8,66.67,2,6,1,1,2,1,0,0.263,0.0,0.0,90.308,60.03,30.28,1.843,0.132,0.599,0.527,2.896,1.316,1.58,1.05,8.78,0.263,0.79,0.132,0.132,0.527,0.53,13.16,79.33,63.48,8.75,0.27,5.98,60.59,49.46,23.56,63.76,63.58,62.7,25.96,61.55,71.31,44.32,37.96,68.7,50.61,76.83,0,0,0,0,0,0,0.0,0.0,0.0,0.0,0.0,67.02,2,1,0,57.05,20,Match_146,2025-05-23T07:56:28.144331+00:00,[],0,2,0,0,686,456,230,39.58,14,1,0.88,3,22,10,12,8,2,6,1,1,4,4,75.9,
"Tabelin, Kirvy",LW,847.69,55.89,22.23,31.47,60.28,64.59,substitute,Summit Peak FC,62,0.0,0.0,0.0,0.0,37.04,58.54,0.0,0.0,0.0,0.0,0.0,0.0,0.0,40.06,32.67,0.0,0.0,0.0,0.0,0.0,31.45,37.28,45.2,34.21,59.01,58.25,38.61,13213,25.98,337,235,102,69.73,10,2.97,2,6.35,9,12,3,1,25.0,8.33,7,0,0.0,14,9,64.29,13,10,76.92,3,14,12,0,3,1,0,1.274,0.319,0.106,35.78,24.95,10.83,1.062,0.212,0.674,0.956,1.486,0.956,1.38,1.06,8.17,0.319,1.486,1.274,0.0,0.743,53.43,73.33,2.65,0.88,7.4,0.32,6.83,39.97,63.14,50.42,69.93,40.45,63.81,35.1,30.83,70.22,47.09,77.12,33.79,64.64,47.75,0,0,0,0,0,0,0.0,0.0,0.0,0.0,0.0,66.58,4,3,3,68.46,3,Match_41,2025-07-01T20:27:33.145331+00:00,[],0,12,3,1,337,235,102,75.5,10,2,2.61,2,14,9,13,10,3,14,12,0,7,0,55.36,
"Asignar, Josh Rupert",RWB,618.12,69.86,23.82,37.08,58.69,43.81,substitute,Lyceum,22,0.0,0.0,0.0,0.0,46.71,78.64,0.0,0.0,0.0,0.0,0.0,0.0,0.0,77.33,33.04,0.0,0.0,0.0,0.0,0.0,53.09,67.62,30.35,69.17,68.77,75.09,40.85,9801,26.43,277,117,160,42.24,9,3.25,3,25.07,5,1,0,0,0.0,0.0,1,1,100.0,12,5,41.67,8,7,87.5,1,8,6,0,2,1,0,0.146,0.0,0.0,40.332,17.04,23.3,1.31,0.437,3.65,0.728,1.747,0.728,1.165,1.02,12.74,0.146,1.165,0.874,0.0,0.146,0.15,14.56,59.65,61.91,6.15,0.47,6.07,38.89,73.86,33.17,62.11,25.08,57.68,26.54,72.96,24.2,75.75,71.87,30.65,33.57,26.95,0,0,0,0,0,0,0.0,0.0,0.0,0.0,0.0,37.44,3,4,2,84.75,5,Match_375,2025-08-12T01:22:11.146331+00:00,[],0,1,0,0,277,117,160,86.8,9,3,4.47,5,12,5,8,7,1,8,6,0,1,1,32.57,
"Perez, Diego",CF,953.77,62.68,27.91,56.8,32.13,55.43,starter,Highland Wanderers,83,0.0,0.0,0.0,0.0,38.06,52.67,0.0,0.0,0.0,0.0,0.0,0.0,0.0,40.64,53.2,0.0,0.0,0.0,0.0,0.0,54.55,67.31,69.76,47.63,37.6,42.97,63.22,11724,20.49,192,192,0,100.0,3,1.56,0,7.59,4,22,2,3,9.09,13.64,14,10,71.43,13,1,7.69,25,10,40.0,3,14,8,0,3,1,0,2.076,0.189,0.283,18.118,18.12,58.03,0.283,0.0,0.716,0.377,1.227,0.094,2.359,0.94,3.77,0.283,1.321,0.755,0.0,1.321,0.94,6.74,0.86,1.29,9.44,0.15,0.73,28.68,65.88,32.41,47.88,35.18,39.31,62.01,32.99,79.88,44.58,20.96,29.86,37.92,22.09,0,0,0,0,0,0,0.0,0.0,0.0,0.0,0.0,64.44,4,3,1,60.57,7,Match_179,2025-01-05T23:59:27.146331+00:00,[],0,22,2,3,192,192,0,60.7,3,0,1.57,3,13,1,25,10,3,14,8,0,14,10,76.56,
"Berciles, Earl",RW,1248.22,64.22,29.48,27.5,22.14,69.39,substitute,City United,41,0.0,0.0,0.0,0.0,53.96,59.83,0.0,0.0,0.0,0.0,0.0,0.0,0.0,68.6,64.35,0.0,0.0,0.0,0.0,0.0,69.3,59.04,37.59,61.88,61.56,63.05,52.77,13988,18.68,186,91,95,48.92,1,0.54,0,4.22,8,47,8,5,17.02,10.64,8,1,12.5,53,39,73.58,13,13,100.0,3,35,0,1,1,2,0,3.389,0.577,0.361,13.411,6.56,6.85,0.072,0.0,0.304,0.577,3.821,2.812,0.937,0.94,7.21,0.216,2.524,0.0,0.072,0.577,0.07,0.9,1.23,0.77,3.53,0.04,5.31,65.58,32.72,43.86,26.6,42.94,43.44,63.03,61.09,56.8,65.26,32.66,24.36,79.84,69.76,0,0,0,0,0,0,0.0,0.0,0.0,0.0,0.0,79.34,3,4,6,29.91,8,Match_126,2025-07-08T23:26:01.147331+00:00,[],0,47,8,5,186,91,95,85.19,1,0,1.95,2,53,39,13,13,3,35,0,1,8,1,71.99,
"Moleje, Josh",RW,592.5,63.37,70.69,43.74,28.76,43.29,substitute,Hillcrest Athletic,39,0.0,0.0,0.0,0.0,47.5,48.5,0.0,0.0,0.0,0.0,0.0,0.0,0.0,62.1,74.85,0.0,0.0,0.0,0.0,0.0,56.09,78.79,40.16,36.43,40.91,66.52,56.63,1270,3.57,144,144,0,100.0,6,4.17,1,9.73,7,20,12,1,60.0,5.0,7,7,100.0,19,8,42.11,7,4,57.14,3,11,4,0,1,1,0,3.038,1.823,0.152,21.873,21.87,76.36,0.911,0.152,1.478,1.063,2.886,1.215,1.063,0.61,8.68,0.456,1.671,0.608,0.0,1.063,1.06,15.19,9.11,0.76,15.19,0.63,6.4,65.36,22.1,58.14,55.77,22.91,60.77,27.97,78.56,51.58,57.05,31.24,20.05,66.28,47.9,0,0,0,0,0,0,0.0,0.0,0.0,0.0,0.0,71.13,3,4,5,76.9,2,Match_30,2025-04-19T08:31:11.147331+00:00,[],0,20,12,1,144,144,0,47.51,6,1,1.35,0,19,8,7,4,3,11,4,0,7,7,64.16,
