{
    "team": "San Beda University",
    "trained_at": "2025-12-07T14:44:26.868763+00:00",
    "total_matches": 4,
    "total_samples": 71,
    "models": {
        "attacker": {
            "status": "fallback",
            "reason": "low_test_r2",
            "validation": {
                "status": "validated",
                "samples_total": 22,
                "samples_train": 17,
                "samples_test": 5,
                "train_metrics": {
                    "r2": 0.9938098475177647,
                    "mae": 0.5647058823529647,
                    "mse": 1.0164705882353184
                },
                "test_metrics": {
                    "r2": -24.74392208346147,
                    "mae": 10.441769059676867,
                    "mse": 133.55946776899813
                },
                "cross_validation": {
                    "cv_mean_r2": -4.520884130777754,
                    "cv_std_r2": 8.06249331093623,
                    "cv_scores": [
                        0.6487479169942691,
                        0.49962543486635813,
                        -1.7354652388391578,
                        -20.525681681925068,
                        -1.491647084985169
                    ]
                },
                "overfitting_detected": true,
                "model_quality": "poor"
            }
        },
        "midfielder": {
            "status": "fallback",
            "reason": "low_test_r2",
            "validation": {
                "status": "validated",
                "samples_total": 22,
                "samples_train": 17,
                "samples_test": 5,
                "train_metrics": {
                    "r2": 0.8312269696010339,
                    "mae": 4.7117647058824295,
                    "mse": 125.80411764705883
                },
                "test_metrics": {
                    "r2": -52.50092312634948,
                    "mae": 127.4000000000002,
                    "mse": 26044.249377906926
                },
                "cross_validation": {
                    "cv_mean_r2": -36.220492470179096,
                    "cv_std_r2": 38.74922736404535,
                    "cv_scores": [
                        -11.66190840101902,
                        0.025968919988819228,
                        -80.11337629185167,
                        -86.63480988177565,
                        -2.718336696237981
                    ]
                },
                "overfitting_detected": true,
                "model_quality": "poor"
            }
        },
        "defender": {
            "status": "fallback",
            "reason": "low_test_r2",
            "validation": {
                "status": "validated",
                "samples_total": 23,
                "samples_train": 18,
                "samples_test": 5,
                "train_metrics": {
                    "r2": 0.680843944231128,
                    "mae": 10.736806686027089,
                    "mse": 140.27582424937432
                },
                "test_metrics": {
                    "r2": -1.3368266344225286,
                    "mae": 26.1564111149288,
                    "mse": 973.3574633053619
                },
                "cross_validation": {
                    "cv_mean_r2": -69.37835032374053,
                    "cv_std_r2": 47.99867319780907,
                    "cv_scores": [
                        -12.745258434603869,
                        -85.03411354266707,
                        -12.374216680788795,
                        -115.42812976670913,
                        -121.31003319393383
                    ]
                },
                "overfitting_detected": true,
                "model_quality": "poor"
            }
        },
        "goalkeeper": {
            "status": "trained_validated",
            "model_path": "python_scripts/models_players\\role_goalkeeper_understat.pkl",
            "validation": {
                "status": "validated",
                "samples_total": 66,
                "samples_train": 52,
                "samples_test": 14,
                "train_metrics": {
                    "r2": -80.0,
                    "mae": 1.9184653865522705e-13,
                    "mse": 3.6805094393991527e-26
                },
                "test_metrics": {
                    "r2": null,
                    "mae": 1.9184653865522705e-13,
                    "mse": 3.6805094393991527e-26
                },
                "cross_validation": {
                    "cv_mean_r2": 0.0,
                    "cv_std_r2": 0.0,
                    "cv_scores": [
                        0.0,
                        0.0,
                        0.0,
                        0.0,
                        0.0
                    ]
                },
                "overfitting_detected": false,
                "model_quality": "poor"
            },
            "note": "Understat percentile rank -> DPR scale"
        }
    }
}