{
    "team": "San Beda",
    "trained_at": "2025-11-16T18:29:04.657157+00:00",
    "total_matches": 3,
    "total_samples": 48,
    "models": {
        "attacker": {
            "status": "fallback",
            "reason": "low_test_r2",
            "validation": {
                "status": "validated",
                "samples_total": 18,
                "samples_train": 14,
                "samples_test": 4,
                "train_metrics": {
                    "r2": 0.989943526500319,
                    "mae": 1.2123468611921582,
                    "mse": 5.21901677458095
                },
                "test_metrics": {
                    "r2": -2.7140531166535258,
                    "mae": 10.781846237182616,
                    "mse": 221.69879438264266
                },
                "cross_validation": {
                    "cv_mean_r2": -7.764931094197648,
                    "cv_std_r2": 9.658864151911922,
                    "cv_scores": [
                        -26.374972568959585,
                        -7.793227422405428,
                        -0.5796793670270965,
                        -3.246569838617461,
                        -0.83020627397867
                    ]
                },
                "overfitting_detected": true,
                "model_quality": "poor"
            }
        },
        "midfielder": {
            "status": "fallback",
            "reason": "low_test_r2",
            "validation": {
                "status": "validated",
                "samples_total": 12,
                "samples_train": 9,
                "samples_test": 3,
                "train_metrics": {
                    "r2": 0.996069812293867,
                    "mae": 0.4079371982150614,
                    "mse": 0.3483873649391018
                },
                "test_metrics": {
                    "r2": -0.46985474727811827,
                    "mae": 5.352702585856119,
                    "mse": 42.10643899369384
                },
                "cross_validation": {
                    "cv_mean_r2": NaN,
                    "cv_std_r2": NaN,
                    "cv_scores": [
                        0.22931593366732594,
                        0.8619318231112492,
                        -1.3102567356953418,
                        -8.37035375040392,
                        NaN
                    ]
                },
                "overfitting_detected": true,
                "model_quality": "poor"
            }
        },
        "defender": {
            "status": "fallback",
            "reason": "low_test_r2",
            "validation": {
                "status": "validated",
                "samples_total": 15,
                "samples_train": 12,
                "samples_test": 3,
                "train_metrics": {
                    "r2": 0.9963004190489749,
                    "mae": 0.457062482833862,
                    "mse": 0.6309088082290961
                },
                "test_metrics": {
                    "r2": -0.9177592854209671,
                    "mae": 10.89028542836507,
                    "mse": 128.05944170581037
                },
                "cross_validation": {
                    "cv_mean_r2": -4.829525245313199,
                    "cv_std_r2": 3.9961122165420364,
                    "cv_scores": [
                        -10.00972116894448,
                        -0.19279610162511585,
                        -3.3123597183600015,
                        -1.525923364962638,
                        -9.106825872673758
                    ]
                },
                "overfitting_detected": true,
                "model_quality": "poor"
            }
        },
        "goalkeeper": {
            "status": "trained_validated",
            "model_path": "python_scripts/models_players\\sanbeda_role_goalkeeper_understat.pkl",
            "validation": {
                "status": "validated",
                "samples_total": 98,
                "samples_train": 78,
                "samples_test": 20,
                "train_metrics": {
                    "r2": -224.0,
                    "mae": 1.0658141036401503e-13,
                    "mse": 1.135959703518257e-26
                },
                "test_metrics": {
                    "r2": null,
                    "mae": 1.0658141036401503e-13,
                    "mse": 1.135959703518257e-26
                },
                "cross_validation": {
                    "cv_mean_r2": 0.0,
                    "cv_std_r2": 0.0,
                    "cv_scores": [
                        0.0,
                        0.0,
                        0.0,
                        0.0,
                        0.0
                    ]
                },
                "overfitting_detected": false,
                "model_quality": "poor"
            },
            "note": "Understat percentile rank -> DPR scale"
        }
    }
}