{
    "team": "San Beda University",
    "trained_at": "2025-12-05T10:23:32.330931+00:00",
    "total_matches": 4,
    "total_samples": 71,
    "models": {
        "attacker": {
            "status": "fallback",
            "reason": "low_test_r2",
            "validation": {
                "status": "validated",
                "samples_total": 22,
                "samples_train": 17,
                "samples_test": 5,
                "train_metrics": {
                    "r2": 0.9971618831364534,
                    "mae": 0.42782956536949257,
                    "mse": 0.37885226553123913
                },
                "test_metrics": {
                    "r2": -0.6977518399804719,
                    "mae": 7.546964692709606,
                    "mse": 121.62422541325702
                },
                "cross_validation": {
                    "cv_mean_r2": -6.276230856636871,
                    "cv_std_r2": 8.438938736252831,
                    "cv_scores": [
                        -9.526873249260332,
                        -1.6395582042568275,
                        0.9322701098180268,
                        0.26895611347281456,
                        -21.415949052958037
                    ]
                },
                "overfitting_detected": true,
                "model_quality": "poor"
            }
        },
        "midfielder": {
            "status": "fallback",
            "reason": "low_test_r2",
            "validation": {
                "status": "validated",
                "samples_total": 22,
                "samples_train": 17,
                "samples_test": 5,
                "train_metrics": {
                    "r2": 0.8186636312091147,
                    "mae": 5.025882352941188,
                    "mse": 134.1910588235294
                },
                "test_metrics": {
                    "r2": -419.33669767151406,
                    "mae": 138.3250410082002,
                    "mse": 45609.894390940644
                },
                "cross_validation": {
                    "cv_mean_r2": -7.205119467282573,
                    "cv_std_r2": 15.104193403790903,
                    "cv_scores": [
                        0.8694021565518324,
                        0.3500468860795456,
                        -37.39156983220579,
                        0.8585650356653525,
                        -0.7120415825037996
                    ]
                },
                "overfitting_detected": true,
                "model_quality": "poor"
            }
        },
        "defender": {
            "status": "fallback",
            "reason": "low_test_r2",
            "validation": {
                "status": "validated",
                "samples_total": 23,
                "samples_train": 18,
                "samples_test": 5,
                "train_metrics": {
                    "r2": 0.8843396907031492,
                    "mae": 6.298640728616127,
                    "mse": 55.72362700962912
                },
                "test_metrics": {
                    "r2": -13.913194435200523,
                    "mae": 43.65595129170339,
                    "mse": 2184.341554201595
                },
                "cross_validation": {
                    "cv_mean_r2": -34.71465817443901,
                    "cv_std_r2": 54.53412441260259,
                    "cv_scores": [
                        -8.604606108561867,
                        -7.296645019234937,
                        -10.670483651127146,
                        -143.6774224698197,
                        -3.3241336234513774
                    ]
                },
                "overfitting_detected": true,
                "model_quality": "poor"
            }
        },
        "goalkeeper": {
            "status": "trained_validated",
            "model_path": "python_scripts/models_players\\role_goalkeeper_understat.pkl",
            "validation": {
                "status": "validated",
                "samples_total": 98,
                "samples_train": 78,
                "samples_test": 20,
                "train_metrics": {
                    "r2": -224.0,
                    "mae": 1.0658141036401503e-13,
                    "mse": 1.135959703518257e-26
                },
                "test_metrics": {
                    "r2": null,
                    "mae": 1.0658141036401503e-13,
                    "mse": 1.135959703518257e-26
                },
                "cross_validation": {
                    "cv_mean_r2": 0.0,
                    "cv_std_r2": 0.0,
                    "cv_scores": [
                        0.0,
                        0.0,
                        0.0,
                        0.0,
                        0.0
                    ]
                },
                "overfitting_detected": false,
                "model_quality": "poor"
            },
            "note": "Understat percentile rank -> DPR scale"
        }
    }
}