{
    "team": "San Beda University",
    "trained_at": "2025-12-05T10:07:07.238534+00:00",
    "total_matches": 3,
    "total_samples": 50,
    "models": {
        "attacker": {
            "status": "fallback",
            "reason": "low_test_r2",
            "validation": {
                "status": "validated",
                "samples_total": 15,
                "samples_train": 12,
                "samples_test": 3,
                "train_metrics": {
                    "r2": 0.9602556841120464,
                    "mae": 1.2993060972390638,
                    "mse": 4.461056576492359
                },
                "test_metrics": {
                    "r2": -180.70160476352072,
                    "mae": 37.62679650568969,
                    "mse": 1910.6933194243986
                },
                "cross_validation": {
                    "cv_mean_r2": -272.20676314843024,
                    "cv_std_r2": 501.00060866021164,
                    "cv_scores": [
                        -89.81099336575802,
                        -0.31715376221569036,
                        0.7845397096053601,
                        0.08961548963798216,
                        -1271.7798238134208
                    ]
                },
                "overfitting_detected": true,
                "model_quality": "poor"
            }
        },
        "midfielder": {
            "status": "fallback",
            "reason": "low_test_r2",
            "validation": {
                "status": "validated",
                "samples_total": 15,
                "samples_train": 12,
                "samples_test": 3,
                "train_metrics": {
                    "r2": 0.7824952143343431,
                    "mae": 6.675000000000036,
                    "mse": 178.2225
                },
                "test_metrics": {
                    "r2": -882.83185967722,
                    "mae": 122.08333333333339,
                    "mse": 16718.17064349443
                },
                "cross_validation": {
                    "cv_mean_r2": -54.61317085950768,
                    "cv_std_r2": 103.55511367613933,
                    "cv_scores": [
                        -5.139046864971395,
                        -2.2199350528939155,
                        0.7025282024529915,
                        -261.68132108173654,
                        -4.728079500389507
                    ]
                },
                "overfitting_detected": true,
                "model_quality": "poor"
            }
        },
        "defender": {
            "status": "fallback",
            "reason": "low_test_r2",
            "validation": {
                "status": "validated",
                "samples_total": 17,
                "samples_train": 13,
                "samples_test": 4,
                "train_metrics": {
                    "r2": 0.9204217554984343,
                    "mae": 4.682976821394549,
                    "mse": 31.396329708461337
                },
                "test_metrics": {
                    "r2": -34.23763694317805,
                    "mae": 60.40196599956268,
                    "mse": 5427.543100742269
                },
                "cross_validation": {
                    "cv_mean_r2": -508.2634039156811,
                    "cv_std_r2": 988.1613399747745,
                    "cv_scores": [
                        -3.229053359397578,
                        -9.237981934913812,
                        -31.403411113938112,
                        -12.95005219731495,
                        -2484.496520972841
                    ]
                },
                "overfitting_detected": true,
                "model_quality": "poor"
            }
        },
        "goalkeeper": {
            "status": "trained_validated",
            "model_path": "python_scripts/models_players\\role_goalkeeper_understat.pkl",
            "validation": {
                "status": "validated",
                "samples_total": 98,
                "samples_train": 78,
                "samples_test": 20,
                "train_metrics": {
                    "r2": -224.0,
                    "mae": 1.0658141036401503e-13,
                    "mse": 1.135959703518257e-26
                },
                "test_metrics": {
                    "r2": null,
                    "mae": 1.0658141036401503e-13,
                    "mse": 1.135959703518257e-26
                },
                "cross_validation": {
                    "cv_mean_r2": 0.0,
                    "cv_std_r2": 0.0,
                    "cv_scores": [
                        0.0,
                        0.0,
                        0.0,
                        0.0,
                        0.0
                    ]
                },
                "overfitting_detected": false,
                "model_quality": "poor"
            },
            "note": "Understat percentile rank -> DPR scale"
        }
    }
}