team_name,possession__your_possession_time_seconds,possession__attacking_third_possession_seconds,possession__attacking_third_possession_pct_of_team,possession__possession_pct,distribution__passes,distribution__successful_passes,distribution__intercepted_passes,distribution__unsuccessful_passes,distribution__short_passes,distribution__long_passes,distribution__crosses,distribution__through_passes,distribution__header_passes,distribution__forward_passes,distribution__lateral_passes,distribution__back_passes,distribution__passing_accuracy_pct,distribution__assists,distribution__key_passes,attack__goals,attack__shots,attack__shots_on_target,attack__shots_off_target,attack__blocked_shots,attack__shot_creating_actions,defense__tackles,defense__successful_tackles,defense__tackles_success_rate_pct,defense__clearances,defense__interceptions,defense__recoveries,defense__recoveries_attacking_third,defense__recoveries_attacking_third_pct,defense__blocks,defense__saves,general__duels,general__duels_won,general__duels_success_rate_pct,general__aerial_duels,general__ground_duels,general__offsides,general__corner_awarded,discipline__fouls_conceded,discipline__yellow_cards,discipline__red_cards,match_rating_attack,match_rating_defense,match_rating_distribution,match_rating_general,match_rating_discipline,overall_rating,outcome_score,added_at,match_number,match_id,is_synthetic,match_rating_overall
San Beda University,1476.0,308.0,20.87,52.027,272,227,23,22,215,27,7.0,23,0,77,26,169,83.46,3.0,3,4,18,7,6,5,30.0,7,5,71.43,5,3,19.0,3.0,15.79,2.0,0,31,16,51.61,8,15,3.0,5.0,15,1,0,6.43,6.21,7.38,7.11,6.11,6.65,0.5,2025-12-07T14:40:59.053446+00:00,1,San_Beda_University_20251207224059_1,0,
San Beda University,1056.24385374821,319.9124823021715,18.92152583975332,56.91820289068679,335,185,21,22,221,31,7.490593055625426,26,1,95,33,139,64.39435826279998,3.039497714007441,3,4,16,7,6,5,35.47439030051069,6,5,101.0,5,3,20.48544565232547,3.715848157506053,10.306196054846488,2.4513172568570325,0,33,16,57.0,9,13,3.351599972633577,3.94761978070074,16,1,0,71.2,45.27,67.45,82.2,71.7,5.779059348984245,0.0,2025-12-07T14:40:59.054415+00:00,1,San_Beda_University_20251207224059_1,1,64.7
San Beda University,1476.8581905028143,308.1616729506152,18.470508740428524,44.65802689962743,246,247,21,23,127,27,8.660487994169921,16,0,93,26,178,68.97735161095926,2.8012261591911054,3,5,22,6,8,6,26.86917463878871,6,4,56.0,3,3,24.87579025365872,3.3578516202023763,17.61075898966906,2.0645014917926026,0,34,15,56.0,7,19,3.7017128549968152,5.739872858139576,13,1,0,56.38,50.47,66.05,78.64,73.58,7.680338432806355,0.3734275069897593,2025-12-07T14:40:59.054415+00:00,2,San_Beda_University_20251207224059_2,1,66.57
San Beda University,1770.7604291831117,307.5739791449681,18.39293849392735,44.89322230476377,296,267,30,20,206,31,6.626996522152059,22,1,78,18,164,79.61598368379204,3.082640019156677,4,3,21,5,6,4,32.31068432413287,6,5,70.0,4,3,25.65317703659764,2.36485663009387,15.390180607549702,1.913873796144753,0,21,16,71.0,8,19,2.0641348555562065,5.703614984639202,13,1,1,50.91,53.81,79.25,95.0,71.32,8.436860937701299,0.3637743577105441,2025-12-07T14:40:59.054415+00:00,3,San_Beda_University_20251207224059_3,1,68.36
San Beda University,1733.1572489884766,339.5367625959668,20.03597464099086,54.837592359061205,306,235,18,27,213,24,7.377685179518522,28,0,85,30,166,90.8382417174357,3.497026811289828,2,3,16,10,7,5,34.137070171678374,6,5,64.0,4,3,22.729495536697712,3.581882078472491,14.777589113402245,1.950031942493886,1,19,14,59.0,9,16,3.2022483249010487,5.4308588321148905,16,1,1,51.9,47.95,92.02,95.0,70.37,5.48725602153959,1.014539272682999,2025-12-07T14:40:59.055397+00:00,4,San_Beda_University_20251207224059_4,1,73.27
San Beda University,960.9562454636828,267.0138337959937,20.919790158880257,48.2918549855523,205,228,17,18,154,29,6.6200123352940965,30,0,73,33,200,70.95261942933638,2.8496754270036453,3,3,17,9,4,5,33.28540176127735,10,4,74.0,5,3,17.915434304093143,2.435421128828428,17.623110545995985,1.5912371977106157,0,29,18,28.0,6,17,2.031610535476289,5.03718540912267,12,1,1,53.7,59.64,72.72,95.0,77.49,8.512388933897462,0.0,2025-12-07T14:40:59.055397+00:00,5,San_Beda_University_20251207224059_5,1,64.75
San Beda University,1892.8137642306287,288.84310999089365,16.560203146310677,56.19215288699635,210,270,17,24,141,31,7.310775616357697,25,0,80,32,161,70.81083948521247,3.246335348736012,3,3,20,6,9,6,26.05891593869837,11,6,55.0,5,3,13.08938384035607,3.2954111167153544,24.737803487229016,2.520080244445847,0,34,12,53.0,8,12,3.646255045723176,4.264237697912898,16,1,0,56.78,52.96,79.8,75.23,71.59,7.426968349564645,0.0,2025-12-07T14:40:59.056368+00:00,6,San_Beda_University_20251207224059_6,1,70.26
San Beda University,1355.9467409035967,250.892916785942,25.49094390573093,53.05903092630376,179,132,23,22,189,28,6.083154289427562,16,1,69,30,182,73.44545953744932,2.8805477258119447,2,4,20,7,7,5,31.34734898708172,6,6,56.0,6,2,21.65697798645596,3.139547047071222,17.300529605613164,1.8907981441995327,2,31,18,47.0,8,18,3.041966208628225,5.78294001526105,14,1,1,56.38,52.88,70.87,87.09,66.83,7.212735345813058,0.6764653694605454,2025-12-07T14:40:59.056368+00:00,7,San_Beda_University_20251207224059_7,1,63.91
San Beda University,2190.104242235584,288.74366960057307,22.471134936161683,37.80916153312854,242,161,19,24,214,26,6.563171468784579,18,0,92,29,161,71.93109683369579,2.822962864774196,3,3,18,6,5,8,28.94159874089636,8,5,58.0,3,3,25.61539149438093,2.699194677637108,13.899438344304528,1.3758279030674054,1,28,15,30.0,8,15,2.5994738644292017,3.8598292782208223,13,1,2,58.91,38.77,71.2,85.39,62.16,5.230341060016793,0.0,2025-12-07T14:40:59.057344+00:00,8,San_Beda_University_20251207224059_8,1,57.9
San Beda University,1476.1911076046233,306.2909813634864,25.16081844099847,73.50390264284594,269,248,20,18,332,23,5.6660767336098665,24,0,64,25,112,90.58685383580594,3.2878710925325425,2,4,14,6,7,6,24.887395499254552,6,5,71.0,4,2,15.742689411340509,1.9723860197585792,12.492398747787766,1.880967736225394,0,22,19,53.0,7,12,2.656367799556665,5.834876575181085,12,0,0,51.14,48.19,82.44,95.0,74.55,6.505679894072047,1.0061657558266806,2025-12-07T14:40:59.057344+00:00,9,San_Beda_University_20251207224059_9,1,67.85
San Beda University,1140.2538801201856,208.03390102610075,16.53962437046124,50.01022132075614,294,138,26,21,146,24,6.356094589370671,21,2,59,27,212,117.69193078949084,3.18285610002462,4,3,22,5,7,6,32.09398590271759,9,5,77.0,5,3,16.930643303651717,2.871283507095421,17.3341522373253,2.6242459613356908,1,35,15,64.0,6,15,1.828427724285148,4.169396231193071,12,0,1,52.01,39.05,95.0,78.18,71.23,6.228310209569437,0.0,2025-12-07T14:40:59.058323+00:00,10,San_Beda_University_20251207224059_10,1,66.03
San Beda University,1196.340073667482,336.70660680552834,17.36695635001439,40.18853066918931,270,254,27,26,209,19,6.848255175585869,24,0,91,32,181,71.74429701741552,3.190440613297461,2,4,18,5,7,4,30.08073644275518,7,5,59.0,6,3,17.614923865647214,3.30858453260274,9.581357971470318,1.949819794764912,0,23,16,52.0,8,14,3.763191852230504,5.123025454478379,19,1,1,54.14,50.12,75.91,94.88,63.69,5.261752924076983,1.2383848236089952,2025-12-07T14:40:59.058323+00:00,11,San_Beda_University_20251207224059_11,1,64.5
San Beda University,1768.196809355164,387.8089110316776,22.98112158804688,51.78080218258175,336,263,23,25,201,19,8.324695340816229,24,1,86,27,177,76.84388698939618,2.399025158635012,3,4,17,7,5,6,26.069339613561137,3,4,49.0,5,2,18.726308312366186,2.5881798188761618,17.21958077762327,2.124960896132396,0,33,11,53.0,8,12,2.889498093175104,6.521406400185029,13,1,1,48.12,44.99,72.59,73.53,68.79,6.710286922779161,0.2918320059638063,2025-12-07T14:40:59.058323+00:00,12,San_Beda_University_20251207224059_12,1,61.44
San Beda University,1946.5904570675448,436.9963667931867,19.26768656751561,40.13907268031599,292,234,28,20,194,30,4.767016711162949,20,1,78,23,102,74.38615692908822,3.713626958231273,4,5,20,9,7,4,24.36317084080157,9,3,98.0,6,3,16.684836752502566,2.805359794711531,20.115770277322515,2.129250067031533,1,21,16,66.0,8,19,3.0907785794117104,6.436126602048625,21,1,0,59.26,58.64,71.99,90.39,69.5,7.778281383981077,0.020108769868377,2025-12-07T14:40:59.059294+00:00,13,San_Beda_University_20251207224059_13,1,68.06
San Beda University,1386.436207805289,357.5849017103132,22.70604253850108,43.84858448033117,168,292,19,22,196,32,6.459143322618791,28,2,82,26,135,86.49099804702972,2.818396944710183,3,4,18,9,6,5,47.48690725951093,7,5,67.0,4,3,27.6457258743268,3.304352101928368,18.667318951471763,2.2672470166930268,1,26,19,44.0,10,17,2.774606451953676,3.8207665238071984,18,1,1,62.95,44.19,85.58,95.0,68.0,4.944186838751762,0.574713177618042,2025-12-07T14:40:59.059294+00:00,14,San_Beda_University_20251207224059_14,1,67.23
San Beda University,1672.979321547136,215.80029854591143,30.83678212223965,57.07445080636828,337,198,21,26,220,32,10.341828248722557,23,1,76,23,154,96.58377072355508,1.6507431525098246,4,5,10,7,6,4,40.17789036192495,9,4,65.0,6,3,24.33104430262744,3.869445342114267,13.33523940577762,1.548806860366447,0,29,13,54.0,6,13,2.6388445680591217,4.953374358399475,15,1,0,52.47,46.16,93.66,71.19,73.4,7.9023033025019505,0.8147610131200367,2025-12-07T14:40:59.060276+00:00,15,San_Beda_University_20251207224059_15,1,64.32
San Beda University,1654.6601930851452,357.04518600583555,24.654780012144407,56.37943748217917,303,288,23,31,212,23,8.80354611733876,27,0,92,25,153,65.85893625824185,2.736166589189817,3,4,22,7,7,4,31.29874762540635,7,2,58.0,4,3,26.01114399938153,3.0077566039532795,13.02109110874332,1.8465292711898984,0,32,14,56.0,7,14,3.329109730211746,4.793235106637432,14,0,2,51.72,50.43,65.71,79.88,64.9,5.752558795771004,0.1706647270287106,2025-12-07T14:40:59.060276+00:00,16,San_Beda_University_20251207224059_16,1,63.12
San Beda University,1880.3398548118728,379.64372444006426,16.634068045761037,63.33048727003626,344,177,23,17,236,32,7.9483683669142895,24,0,62,26,168,91.52261973541216,4.0843011549561705,2,4,14,5,6,6,35.98277123018933,9,5,77.0,5,3,24.14780834565757,3.397166593534843,12.016196446388951,2.8714315477840806,0,26,16,57.0,8,16,3.305941378676714,3.600694893416266,13,1,0,62.73,41.98,85.57,93.94,76.92,7.545184166663043,1.104870751724182,2025-12-07T14:40:59.061255+00:00,17,San_Beda_University_20251207224059_17,1,69.04
San Beda University,1533.9353231315608,302.56145622768446,20.14080950401405,40.6397669540106,286,244,24,30,262,20,6.725849591322931,23,1,82,28,149,85.17870251291386,3.676836912271665,4,4,23,5,7,3,24.96388332792193,7,5,49.0,4,4,22.538185370979985,2.199754033095599,12.592311250499536,2.064962666167463,0,26,19,42.0,8,16,3.030221504189922,6.034754144606442,11,1,2,54.59,57.1,84.97,94.96,65.19,5.937714637307632,0.6225363532557078,2025-12-07T14:40:59.061255+00:00,18,San_Beda_University_20251207224059_18,1,67.86
San Beda University,1149.0743304454404,317.5141381458227,20.06577537301455,56.56704910869873,218,153,26,20,218,34,4.0731656737878215,18,0,68,33,172,87.6308482461519,2.6773775711711107,2,4,16,11,7,5,25.484119078584136,6,5,66.0,5,3,20.71405530142294,3.2063766426861724,15.915513962510769,2.54049069460864,0,24,13,48.0,8,15,3.62236507859784,4.066323385502056,9,1,2,63.51,55.84,86.84,89.3,64.79,5.818316500346071,0.0872298726153061,2025-12-07T14:40:59.062227+00:00,19,San_Beda_University_20251207224059_19,1,72.82
San Beda University,1758.7771888791056,255.152740911414,19.74599973218597,69.40822280646564,300,236,24,15,141,27,6.475013233655377,24,1,72,33,132,79.89256547154739,3.499718225635257,2,4,19,8,8,5,31.212277282142463,9,5,54.0,6,4,19.81747069205513,2.4358011605610432,12.632841298939432,1.7043993503796249,0,29,18,30.0,10,14,3.3424061776124603,4.26551286270302,16,1,0,51.74,52.56,85.97,95.0,72.76,5.947151436784687,0.8064796929187842,2025-12-07T14:40:59.062227+00:00,20,San_Beda_University_20251207224059_20,1,68.3
San Beda University,1575.8959482310313,346.1812994642975,11.889402408961796,64.60040119477337,232,250,17,19,223,21,8.722609304834586,23,0,62,18,203,98.28882861667446,1.4840922463275472,2,4,13,6,8,5,24.19750584505428,7,5,81.0,5,3,24.110142922745613,1.8751704029901777,18.45296642946532,2.15722191367852,1,36,16,34.0,7,13,3.42212016135979,4.806677881887437,14,1,0,44.69,44.89,95.0,79.91,71.6,5.816217404991043,1.5087217758521134,2025-12-07T14:40:59.063202+00:00,21,San_Beda_University_20251207224059_21,1,67.11
San Beda University,1647.9839609844807,321.4072750519212,18.94886594452932,47.73669311793881,253,193,24,10,226,26,5.679336225978318,20,0,81,33,138,77.17342274988945,2.4193583752215075,3,4,17,7,5,7,29.97297254577181,5,5,72.0,3,4,18.29767780723899,3.352347581563237,13.59949020910839,2.2202835254687274,0,34,20,50.0,6,14,3.599659917815814,6.079162023539889,18,0,1,47.29,51.73,76.04,84.55,70.15,5.318943553190255,1.1225919779234748,2025-12-07T14:40:59.063202+00:00,22,San_Beda_University_20251207224059_22,1,67.17
San Beda University,1800.3804983657212,244.2179236872608,22.04597788175296,50.189687675854046,273,219,27,28,209,23,6.936956335186772,15,1,62,29,177,79.0033906504186,3.936281001079792,3,3,23,5,6,4,23.893968951958435,6,5,85.0,5,3,19.414305746062045,2.614576889624004,20.162033019729844,2.389158498028264,1,29,7,51.0,7,19,3.621797028600442,4.747174382540135,12,1,1,67.38,49.67,79.68,67.16,65.63,6.408906529419272,0.8020814340299522,2025-12-07T14:40:59.063202+00:00,23,San_Beda_University_20251207224059_23,1,62.36
San Beda University,1579.488283983501,280.1119625050443,20.349239824202595,40.438050721378254,320,161,17,19,144,28,8.102202251663485,20,2,60,28,159,111.73590203960262,2.4008304320449336,4,5,19,9,8,5,27.609845895459195,6,5,86.0,4,4,17.0662778570214,2.9513508919405003,15.708231149710238,1.8588259570558217,0,36,12,41.0,9,15,3.342419403991162,6.06095780607645,15,1,0,62.69,47.46,95.0,69.35,74.65,4.048831739941488,0.8781701701218858,2025-12-07T14:40:59.064179+00:00,24,San_Beda_University_20251207224059_24,1,69.59
San Beda University,1178.9272451730058,274.4663539670869,22.49068853400492,58.44162653933603,306,251,24,20,224,24,10.396711706580987,26,2,85,18,189,62.838306864683744,2.204725574387781,3,4,19,6,4,4,17.635991505930495,7,4,68.0,5,3,19.28935502000438,2.4701881221129818,12.48070636741363,1.476547233226424,0,23,17,34.0,8,15,4.287392327899996,5.41201949547772,15,1,1,54.62,54.09,64.62,95.0,78.88,4.118386493938504,0.0777486259599087,2025-12-07T14:40:59.064179+00:00,25,San_Beda_University_20251207224059_25,1,69.32
San Beda University,1673.0390790758463,411.3018092720435,19.0769438946022,41.1789246224103,186,285,25,21,197,33,5.853997111314039,24,0,69,38,160,83.55917290130164,3.494858780216424,2,3,24,6,6,3,20.90759572806209,6,3,84.0,6,3,18.6790888873591,1.1839719528589374,24.414717832508284,2.092698238880042,0,22,16,44.0,7,12,4.089820153391019,4.900392685241552,16,2,0,52.22,53.89,80.77,95.0,66.29,3.4995317949857263,0.3225109854788701,2025-12-07T14:40:59.065156+00:00,26,San_Beda_University_20251207224059_26,1,65.32
San Beda University,1271.8355194541282,233.79016714786536,23.54470256467817,61.18670500929744,261,320,20,21,186,22,8.880198688514708,25,1,85,20,143,63.05675456211935,1.9880118277980656,3,3,19,9,5,5,32.14456839259586,8,4,70.0,5,3,20.65514870924141,2.769042368767082,11.482105963404193,2.2592007855084737,2,33,11,43.0,10,14,2.7154172160000045,4.274969270428723,14,1,1,53.03,54.02,56.89,72.13,68.07,5.964736654357258,1.291954006798012,2025-12-07T14:40:59.065156+00:00,27,San_Beda_University_20251207224059_27,1,62.07
San Beda University,1269.740876606538,285.6731964767459,19.353442162383715,41.450810967744005,207,257,21,26,340,32,7.627149372057552,29,1,72,31,262,72.06497032058866,3.3186646164634506,2,3,16,7,5,6,36.51326503463413,9,6,51.0,6,3,17.95334324245596,2.732272686188044,14.682281407625045,1.2500757918891852,0,38,11,62.0,7,22,3.641591012431502,4.950165391590106,15,1,1,56.03,54.12,72.1,69.89,71.55,5.113250025160559,1.3154074907692022,2025-12-07T14:40:59.065156+00:00,28,San_Beda_University_20251207224059_28,1,64.38
San Beda University,1064.5684936176865,302.4566106728952,16.224142337988184,46.54637444244436,256,219,31,19,191,25,7.409570911839152,29,0,76,15,164,91.8170484183532,4.044268079212703,2,5,16,6,6,4,39.57485471346978,7,4,67.0,3,3,22.12433552033776,2.330384105069071,14.85411881782435,1.8105359215513608,1,25,21,66.0,7,13,3.1797354170548555,4.946588475794998,15,1,3,58.73,50.94,89.96,95.0,63.34,7.592046933272204,0.896757376020221,2025-12-07T14:40:59.066136+00:00,29,San_Beda_University_20251207224059_29,1,70.94
San Beda University,1669.7679898259712,353.92821850867256,23.825086250477355,56.01693542466389,240,182,18,24,181,32,8.51892891551298,31,0,83,24,176,86.60917842485937,3.2347455668202074,3,3,17,6,8,5,25.248094340457968,8,4,58.0,4,3,17.334365034293665,2.63171585106941,13.5354809128038,2.157086779412594,1,31,15,70.0,8,12,3.3288345153401373,4.671422588116923,17,1,1,58.43,54.23,87.92,83.12,65.17,6.454492914140729,1.2215801566790685,2025-12-07T14:40:59.066136+00:00,30,San_Beda_University_20251207224059_30,1,64.28
San Beda University,1309.5179234062289,249.62506426962096,13.619525641560417,31.186807275858225,221,319,18,25,215,23,6.579637742456435,29,0,72,30,155,67.93276011665057,2.0769036299225787,3,5,23,4,6,5,24.87118397223185,7,6,75.0,6,2,23.073619010044847,3.687309641883497,16.137826519892347,1.3495484311362025,1,35,12,53.0,7,17,3.86468181666833,4.606864345436359,15,1,1,47.98,58.33,74.01,74.01,74.42,4.411595931736088,0.5765227746648376,2025-12-07T14:40:59.067107+00:00,31,San_Beda_University_20251207224059_31,1,62.98
San Beda University,2007.963075690387,218.9356306394724,26.450836900200507,49.88120060430451,323,242,23,22,177,27,7.23264945863836,20,1,60,31,180,89.37856606043842,2.755240755607151,3,5,22,8,5,6,26.400806347703387,3,6,80.0,5,3,19.271376183967668,3.728562022034864,17.66485356210453,3.12595701778178,1,35,12,62.0,6,14,2.2440272975735494,6.0665673529274855,19,1,0,52.65,47.22,95.0,73.75,71.9,5.547809306452871,0.5688712453934226,2025-12-07T14:40:59.067107+00:00,32,San_Beda_University_20251207224059_32,1,66.3
San Beda University,1087.419805451808,294.31593116269346,15.703029784523617,52.17555102680029,202,257,23,23,183,25,4.039782761593541,22,0,57,25,193,45.67908081398345,3.833904227781349,3,5,17,9,5,6,40.29861630218265,7,5,103.0,4,2,20.6123766408436,2.7020399428326463,22.10610964760439,1.9046052388220127,1,31,18,61.0,7,16,2.9554357990478195,6.09981243023078,16,1,2,56.73,54.45,47.85,93.59,62.31,6.00034320522464,0.4114788247806799,2025-12-07T14:40:59.068092+00:00,33,San_Beda_University_20251207224059_33,1,60.2
San Beda University,1029.0814781639378,296.3301570889015,14.955034225387124,51.773889903189534,265,205,22,21,158,24,5.842674091402762,27,1,74,24,121,81.51565575547787,2.885241859322542,3,5,19,8,5,6,28.729788231045124,8,6,78.0,5,3,24.209960395421128,2.864812989573013,11.364295828472343,1.1278903718545132,1,41,15,59.0,12,16,3.478451676908181,7.02777480515562,18,2,0,59.22,55.55,88.84,76.6,70.44,6.115907900908392,0.5767337310302746,2025-12-07T14:40:59.069062+00:00,34,San_Beda_University_20251207224059_34,1,67.96
San Beda University,2029.5698148794888,188.81513551620407,11.514517583728832,68.53495989542168,252,218,22,22,235,23,4.804924067535678,18,0,75,22,184,89.80536197814632,3.617745113383308,2,3,17,4,5,6,23.95305743845575,7,6,101.0,5,3,13.153711749815646,3.5981137816059627,14.784000372878689,2.4978880871939584,0,26,16,63.0,10,14,3.801127627066661,5.117638886361952,13,1,1,60.96,51.45,93.61,95.0,71.12,6.506254745549323,0.0,2025-12-07T14:40:59.069062+00:00,35,San_Beda_University_20251207224059_35,1,72.24
San Beda University,1811.0734370249963,316.0847830937124,17.382498956368085,38.28514735043998,289,193,23,20,172,33,8.333519678852266,25,1,70,29,129,66.07109724780322,2.686727259270869,4,5,18,8,6,3,29.27903496100243,7,3,62.0,6,2,32.74197059921092,3.4264965501022204,12.219992747240129,2.7404342351944058,1,25,20,40.0,6,15,3.821292875882799,2.72912301375136,18,1,1,53.94,47.76,63.13,95.0,71.08,7.501835774033871,0.5611009350046434,2025-12-07T14:40:59.069062+00:00,36,San_Beda_University_20251207224059_36,1,61.69
San Beda University,1634.337719089697,351.8533693030939,27.04036836715038,49.07595100347866,358,246,28,20,185,30,6.926729935896665,32,1,79,17,181,85.17310706258469,3.33518302631085,2,4,19,7,5,4,28.64664546956029,5,6,76.0,7,2,15.63967479917847,2.9195430681740016,13.49435944873761,1.91817550156586,1,29,17,48.0,11,14,3.314740834337312,4.4005693826994285,16,2,1,62.3,54.64,91.02,86.32,62.17,5.645542821499727,0.0,2025-12-07T14:40:59.070040+00:00,37,San_Beda_University_20251207224059_37,1,74.25
San Beda University,1616.7373632743463,392.3556667049715,24.791622611471286,53.07229467207036,368,167,24,26,253,29,4.019046451694666,30,3,95,31,213,74.06591805407372,4.426483493481744,3,5,22,7,3,6,34.48582149488935,7,5,63.0,5,3,11.60572221488268,4.137830854624283,9.803308669884853,1.9258950301803783,1,35,14,40.0,7,18,2.7475218989424675,7.110604542577961,19,2,0,60.62,43.0,72.55,70.52,72.23,5.016334354075699,0.6225086960815472,2025-12-07T14:40:59.070040+00:00,38,San_Beda_University_20251207224059_38,1,55.9
San Beda University,1390.551052680623,340.20075128255905,22.62431011334172,41.42332350006584,241,223,25,18,206,35,7.72301693972467,23,0,73,25,182,49.46722529466636,3.81851491256702,3,3,17,9,7,5,26.571631365142057,6,6,90.0,7,3,17.163515963953994,2.7195354600750226,15.161325284061087,1.5060968236373389,1,34,21,43.0,5,19,3.1007914183614647,4.114603528140512,13,1,0,56.06,46.46,50.0,90.15,69.16,8.613600395675888,0.782013066401201,2025-12-07T14:40:59.071015+00:00,39,San_Beda_University_20251207224059_39,1,63.66
San Beda University,1490.8669518332572,259.7686763531788,15.948241449125744,65.20253739989515,451,229,23,17,173,29,8.59580574144334,13,1,67,26,144,78.68549024639728,2.103765343187435,3,3,20,7,6,6,39.028999754221445,8,6,67.0,7,3,20.447072151467584,2.9568794215376752,16.322145130428073,2.3767051929078167,1,32,12,70.0,10,19,3.405212785632124,5.374203437783459,12,1,1,48.29,55.55,76.71,74.76,69.3,6.360796522800168,1.1979439721226366,2025-12-07T14:40:59.071015+00:00,40,San_Beda_University_20251207224059_40,1,60.35
San Beda University,1306.38215247536,306.83016340254767,24.230879362755577,54.034916805767686,402,156,24,24,258,30,4.9793271155191485,22,0,60,26,169,86.71622081631513,2.99598243536665,2,4,19,8,6,5,27.986108266156705,6,4,27.0,3,2,15.174736973839323,1.7359352418837493,18.565617554573542,2.432443593916037,0,29,11,33.0,8,19,2.003939361101171,4.743206069316049,12,1,1,59.55,48.17,90.64,76.16,67.04,7.385951567843307,0.2324205000590745,2025-12-07T14:40:59.071993+00:00,41,San_Beda_University_20251207224059_41,1,66.04
San Beda University,1413.0934160529366,233.90234668507475,22.58120683293685,56.26791720066169,262,240,21,26,179,24,7.632823942335431,30,1,73,20,186,56.55555065552401,2.9318371740209264,3,5,20,6,7,7,25.84121149663164,10,4,79.0,5,4,22.187537757560307,3.388206664501108,12.57382494398903,2.6674884697081453,1,31,16,67.0,7,15,2.2908622424715834,4.585965095843293,14,1,0,53.01,52.2,60.46,80.21,72.99,7.761666931332707,1.126863884172954,2025-12-07T14:40:59.071993+00:00,42,San_Beda_University_20251207224059_42,1,56.12
San Beda University,1474.129009495679,383.2504823404822,19.3375611141279,58.586707377058616,320,166,24,19,241,30,4.65638129325409,19,0,92,27,187,99.90925163197164,3.133588868107501,3,4,13,6,6,5,23.38768509731032,6,6,77.0,6,3,20.87959887180785,2.84598398071573,17.944380300630126,1.9256238742948832,0,28,22,54.0,5,17,2.5069208086692574,4.974775121612239,17,0,1,51.79,55.7,94.37,95.0,68.75,7.126544362572304,0.0,2025-12-07T14:40:59.072972+00:00,43,San_Beda_University_20251207224059_43,1,69.74
San Beda University,1459.7254004305605,218.6918431557332,26.153673032878974,59.74989730809198,231,206,17,26,208,30,6.4873706563753295,18,0,64,33,171,112.5062688210514,3.717309160045501,2,4,26,5,5,3,24.7339852076568,6,6,80.0,6,3,19.365088461963705,3.9852858755411193,17.52787229399679,2.319312363793105,0,33,17,61.0,8,11,2.612634918148875,3.764012651279221,20,1,1,46.23,61.31,95.0,84.66,67.14,3.520089875433159,0.0,2025-12-07T14:40:59.072972+00:00,44,San_Beda_University_20251207224059_44,1,65.87
San Beda University,1892.798129174444,304.9548921849005,22.09406291760105,60.40172717663592,285,270,22,25,242,31,6.039500515754468,14,2,65,29,153,72.07416857695954,2.8992689830453253,3,5,17,8,7,5,23.17600482706872,8,5,102.0,6,2,13.952609448797595,2.162736901224995,15.051465693854109,1.9843694769992928,1,32,19,56.0,9,14,3.0516309555154097,4.150859477216232,16,1,0,70.09,52.94,70.5,92.71,74.21,7.68222183360292,0.4200546689116103,2025-12-07T14:40:59.073942+00:00,45,San_Beda_University_20251207224059_45,1,67.42
San Beda University,1456.213605952139,379.4481399194595,27.77025516225796,42.23839311145164,182,238,21,20,235,29,8.329915671645391,23,0,106,25,153,80.42718702734507,2.332531458720482,3,5,20,6,6,7,35.17262894613465,8,4,102.0,6,3,25.204110139377264,2.666906429772528,12.761996940762645,2.0405456633192385,2,25,16,51.0,10,18,3.553176336172468,4.56632211665487,15,1,1,57.0,42.63,89.66,93.93,68.71,6.051219066024646,0.0,2025-12-07T14:40:59.073942+00:00,46,San_Beda_University_20251207224059_46,1,68.33
San Beda University,1468.1640841949202,223.5836056868773,25.01478481520649,56.40418779191646,203,212,20,26,270,28,7.206140392408108,27,1,93,29,163,59.55242525270847,2.707122816732236,2,3,20,6,8,4,19.23413689566713,7,5,90.0,4,3,17.168152149587403,2.4079433159531622,20.25600996803492,2.123728541839605,0,36,15,48.0,7,13,3.603321609420212,4.701490526727331,13,1,1,51.19,48.84,59.04,80.03,74.38,6.716254011141522,0.0,2025-12-07T14:40:59.074926+00:00,47,San_Beda_University_20251207224059_47,1,60.27
San Beda University,1481.2170085314797,250.149536232184,19.275828691741985,41.17009502461066,256,187,27,25,209,28,6.4107171295176215,18,1,67,30,120,101.61146731588263,3.06679826193212,3,4,15,5,5,6,20.79727811304308,7,6,80.0,4,3,17.360538997220168,2.743501854291212,16.66988935109169,1.5513794439923714,1,30,12,49.0,8,17,2.728942309305632,6.16341218574334,19,0,0,56.57,54.78,95.0,82.78,73.82,6.485272156165374,1.4015580871465891,2025-12-07T14:40:59.074926+00:00,48,San_Beda_University_20251207224059_48,1,72.92
San Beda University,1316.9800311511765,277.25418321023864,20.190346663142744,57.70109897079111,291,253,18,33,119,21,6.856470502285757,29,1,59,23,126,93.74228804991716,3.238508731307523,3,4,22,7,6,6,36.37928697634418,10,7,67.0,6,4,13.629195618961893,4.332043210334538,14.428983237088577,2.3700987993715565,1,28,28,67.0,10,14,2.6967619357261743,6.699063590710237,18,1,0,58.61,42.91,95.0,95.0,66.45,8.071972467299222,0.2103717924557256,2025-12-07T14:40:59.074926+00:00,49,San_Beda_University_20251207224059_49,1,67.86
San Beda University,1433.6144823372715,298.9705575190929,20.19149698275358,40.26802064198453,173,153,19,30,144,30,5.734002389276506,18,1,92,25,191,107.3811261436795,3.785775527076248,3,4,17,5,7,4,39.623468416638325,7,6,74.0,4,4,16.443938637579254,3.735901518904981,19.46674240089501,1.783580204652366,0,17,17,61.0,9,19,2.6583903783022387,4.726619257148775,13,0,2,50.24,51.86,95.0,95.0,65.46,5.505196540712007,0.4273258936603619,2025-12-07T14:40:59.075898+00:00,50,San_Beda_University_20251207224059_50,1,66.1
San Beda University,1941.0,324.0,16.69,58.89,289,233,11,45,220,25,17.0,27,0,164,26,99,80.62,1.0,0,3,13,7,5,1,32.0,6,4,66.67,11,27,3.0,2.0,66.67,1.0,0,24,21,87.5,12,6,2.0,2.0,14,2,0,8.0,6.09,7.23,7.38,6.14,6.97,1.0,2025-12-07T14:42:18.014106+00:00,51,San_Beda_University_20251207224218_51,0,
San Beda University,2254.886531170258,411.2139132458841,14.822984578329724,70.39812122047259,222,273,11,39,221,31,12.739864323848124,34,1,176,27,110,104.03818962838452,1.402669603225692,1,4,14,7,6,1,35.39758631886528,5,4,48.0,10,27,2.760926465207318,1.6750509089487526,62.97029631546669,0.4845876532412213,1,26,16,67.0,7,4,0.8530681540380702,1.221693333474446,15,2,1,57.53,57.09,95.0,87.85,69.88,6.923963780935611,1.078816841503672,2025-12-07T14:42:18.015072+00:00,2,San_Beda_University_20251207224218_2,1,70.59
San Beda University,1766.791816791285,375.9461025903406,18.06867249166395,47.29165859175612,282,220,9,39,135,24,21.867178258295,33,0,171,30,95,91.38402662405626,0.7935398669560404,1,3,15,7,4,1,27.973554736565266,7,4,89.0,10,31,3.3636649392084674,1.8240510542812145,76.46206841187205,0.6948364304621606,1,30,22,61.0,16,5,2.074005016564837,2.2196798225729486,14,2,0,50.03,51.88,86.66,95.0,67.59,7.85510412698712,1.0094649340329038,2025-12-07T14:42:18.015072+00:00,3,San_Beda_University_20251207224218_3,1,68.72
San Beda University,2102.203586254024,369.4604654032517,13.042931772289377,71.23760993288529,278,157,10,36,241,28,18.88445180682022,30,2,118,33,93,75.27274521344243,0.797650118825891,0,3,10,9,5,0,37.74975699419692,5,5,53.0,8,37,2.305926824242994,1.33495306602783,90.1338049251741,0.8951913398067078,1,16,23,90.0,6,7,2.5312273033746737,1.5952981460506404,16,3,2,56.55,51.35,78.68,95.0,62.25,6.327579729275449,0.9936833773230508,2025-12-07T14:42:18.015072+00:00,4,San_Beda_University_20251207224218_4,1,66.45
San Beda University,1978.9650781525208,327.97312982145473,15.82181271036064,56.69432340684624,228,212,6,47,246,26,16.253124459643733,35,1,165,25,108,57.12018697432592,1.2778793960899275,1,3,9,8,5,2,47.62234089437586,7,1,55.0,12,20,2.420377765034983,2.3190173725861425,72.75980568836763,1.3115165482752174,1,28,20,97.0,9,6,2.0402873096002905,1.808955338658392,14,2,1,53.97,59.68,66.31,93.08,64.0,5.432540839302961,0.0,2025-12-07T14:42:18.016049+00:00,5,San_Beda_University_20251207224218_5,1,64.97
San Beda University,2337.800319165616,303.8254857434379,11.683264065335022,55.57707506174548,259,320,11,53,228,27,13.966100775969132,28,0,155,18,93,108.1314323326946,0.9346831476982652,0,2,11,8,6,2,38.53653854556645,8,4,84.0,8,21,3.828666488416078,1.801895278434564,51.22403031984281,1.1019683135359015,1,25,19,106.0,11,5,2.5898068741132967,1.0248454360345476,18,1,0,54.9,53.49,95.0,95.0,72.16,7.453928212167524,1.4333427211270728,2025-12-07T14:42:18.016049+00:00,6,San_Beda_University_20251207224218_6,1,70.15
San Beda University,2525.4269405344185,279.19760302011724,10.0,49.63193645619816,208,259,11,38,218,31,20.06870902519792,25,0,225,35,103,98.4064385604819,1.8988764752483616,1,3,14,4,5,2,28.27768677819116,8,3,57.0,7,31,2.0684097520149285,1.991955215163198,65.35002654390085,0.8498627386870071,0,23,22,58.0,14,8,2.1173362648033907,1.9732014896469607,15,2,0,57.04,56.37,94.35,95.0,70.81,6.954604310808456,1.1084645318925923,2025-12-07T14:42:18.016049+00:00,7,San_Beda_University_20251207224218_7,1,76.92
San Beda University,2456.4367059077103,393.6367042938693,17.200137184401857,63.77997697513205,275,175,14,44,191,24,17.263098604371645,23,1,127,23,87,68.62668444062685,0.5931427420533213,1,2,10,5,6,1,17.573109605243868,3,4,60.0,12,30,3.852072322284213,2.2668788684766907,67.14696184016086,1.1236292705085449,0,17,29,120.0,12,7,2.2303407148422623,2.198599863642786,19,1,0,58.5,48.04,72.02,95.0,69.75,4.840932630458366,0.3472303434324264,2025-12-07T14:42:18.017036+00:00,8,San_Beda_University_20251207224218_8,1,69.35
San Beda University,2361.9239105778443,392.9564155732284,18.83009022979488,67.23711618047307,212,309,8,36,238,27,15.325868696127865,34,0,151,24,126,80.44859578733866,1.5090792245086735,1,3,11,6,6,0,31.74900199628424,9,5,79.0,10,24,3.931891032690897,1.9309200187615696,73.72395462474988,1.469482419381508,3,34,26,76.0,10,8,1.848277552126092,2.7291828987717146,14,1,0,54.04,50.27,80.66,95.0,71.93,5.349415743720988,0.4576726932099286,2025-12-07T14:42:18.017036+00:00,9,San_Beda_University_20251207224218_9,1,66.22
San Beda University,2908.9707404593,322.69065344740363,17.5131966939479,58.72401838504101,358,167,14,35,190,29,16.76497681896924,25,2,197,20,84,74.896218167715,1.0862760587574056,0,3,16,7,4,2,21.73087012517636,5,5,56.0,11,34,1.7991707974129478,1.379635675781495,56.678768764534375,1.3970479734972812,1,21,17,86.0,14,7,2.030991998168923,1.0891332918372736,16,2,1,44.85,55.55,70.52,95.0,72.03,5.788656236683318,0.5289022328563353,2025-12-07T14:42:18.017036+00:00,10,San_Beda_University_20251207224218_10,1,64.92
San Beda University,2958.9577710935064,347.87768698655304,16.300187960373897,48.91202458098316,273,206,11,40,150,23,15.864523426762991,10,1,148,25,97,75.62466719764868,0.0,1,3,10,6,5,1,24.150591678569214,5,4,41.0,12,22,2.7653464089491964,1.5381479310580484,94.37701427059348,0.8987214815134592,1,24,19,77.0,7,7,3.1309139169467324,2.523919469783596,8,2,0,58.15,49.27,73.28,95.0,70.7,6.7021441655264615,0.9124691816877686,2025-12-07T14:42:18.018012+00:00,11,San_Beda_University_20251207224218_11,1,70.15
San Beda University,2205.542219451469,318.68003953889746,19.152349501511143,71.80060342252824,291,152,14,50,277,24,16.133890368231338,16,1,129,29,99,100.66839097375208,1.058850396650027,1,3,16,7,4,1,37.43637732686493,4,4,53.0,5,23,3.0086039076587743,1.4620231750789765,66.36720867965583,1.197576816722303,2,28,20,87.0,17,5,1.9736713304152504,1.3472403449184869,20,3,0,47.5,54.7,92.57,95.0,69.22,7.344481291476381,0.1456990247885607,2025-12-07T14:42:18.018012+00:00,12,San_Beda_University_20251207224218_12,1,64.09
San Beda University,1198.4241681189046,377.0206700732887,18.49306298023102,63.4109274512826,255,143,11,51,186,33,11.253830680530545,24,0,145,29,115,77.72800937819329,0.1857285048703838,0,4,6,9,5,1,38.12309518898053,6,4,80.0,9,19,2.682267903683736,1.4243960699905078,78.26082781267972,0.8390402275626305,1,21,24,72.0,12,6,2.031511878178568,1.9322941898752464,9,2,2,46.75,47.97,82.17,95.0,63.97,8.11649658734633,0.9983068708647588,2025-12-07T14:42:18.018012+00:00,13,San_Beda_University_20251207224218_13,1,65.94
San Beda University,1946.4828092071727,355.07582544821213,15.817785980940634,57.520585127995176,266,246,10,58,220,25,25.053634625321635,19,1,204,25,114,90.35116012444288,0.8832933189895922,1,3,11,5,4,2,33.32649042071277,8,5,81.0,10,27,3.252391651422588,2.197832346649977,54.605139094927,1.875228961468029,1,33,21,73.0,11,6,1.621056046775895,1.3048893374325714,10,1,1,56.51,56.37,93.61,95.0,71.97,8.063374221182867,0.74458930856157,2025-12-07T14:42:18.018989+00:00,14,San_Beda_University_20251207224218_14,1,74.89
San Beda University,2068.3218136827745,460.7038777122388,18.40009062086755,50.66184178324449,311,209,13,42,185,21,11.033494443600684,25,1,181,29,112,92.48580963996488,1.1647136698150866,1,3,13,7,4,2,32.23187764289335,4,4,66.0,8,20,3.178490739370469,2.5017443905484944,68.39263398902237,0.0,0,27,18,97.0,15,9,2.179813824316996,2.188743116722901,11,3,2,53.98,46.81,88.83,94.63,63.72,6.387926289817878,1.0578494639398557,2025-12-07T14:42:18.018989+00:00,15,San_Beda_University_20251207224218_15,1,69.78
San Beda University,1841.006209772771,293.9212251224443,10.677761224321811,52.32759066733459,231,242,10,49,287,28,13.00783031354911,27,0,210,25,91,84.1441228032987,1.7694807688634069,1,3,8,8,6,0,38.40480339127487,6,4,70.0,9,30,2.8119673447857734,1.8207135221306017,67.30504235810835,1.1326840938730165,1,25,19,88.0,11,6,1.0626444872293337,2.6677571224216683,12,2,1,60.29,53.2,79.06,95.0,70.59,6.5001081158130365,2.2251473737898584,2025-12-07T14:42:18.018989+00:00,16,San_Beda_University_20251207224218_16,1,69.97
San Beda University,1425.6870965391452,390.2640892147416,16.388933979772226,69.70507899444246,295,212,12,30,246,18,15.844039508241442,29,1,165,37,101,55.653966530917,1.518299079489771,1,2,13,8,6,1,23.48769760993404,6,3,70.0,11,27,2.3626089471705707,2.5323840776034703,58.46790468317823,0.91127694232848,0,20,22,85.0,12,3,1.464741508461787,2.530547472048928,13,2,0,47.16,49.13,57.12,95.0,77.12,6.869780481587253,0.4440652434915015,2025-12-07T14:42:18.019964+00:00,17,San_Beda_University_20251207224218_17,1,67.63
San Beda University,1688.9212620509502,344.52926627012783,21.83076362057143,56.57749386636955,286,277,12,55,224,29,14.015579231829497,17,1,167,27,71,72.71940197988934,1.952634278659743,0,2,10,6,5,1,38.60372563327063,6,3,54.0,14,25,2.736206452545724,1.3379478772787006,54.45525134492351,1.4110089778375874,1,16,22,80.0,16,7,1.928275055667883,1.9710707747444416,18,3,0,51.59,54.02,66.84,95.0,69.91,6.191801887995556,1.0549122987184891,2025-12-07T14:42:18.019964+00:00,18,San_Beda_University_20251207224218_18,1,60.89
San Beda University,1636.6215449633617,381.8642623294669,21.12259348665889,83.36765943326533,212,196,9,48,216,30,13.348357191425372,25,2,168,22,77,104.2560723147416,1.0396468194404684,1,3,12,5,6,2,40.18488481378066,7,3,56.0,12,16,2.9177200273004456,3.080434157328463,47.9565215637556,0.3127375664321152,0,25,28,78.0,14,6,1.6973572880274543,3.070607638744656,15,2,1,57.58,56.69,95.0,95.0,71.11,5.819231083146196,0.5889296701919645,2025-12-07T14:42:18.019964+00:00,19,San_Beda_University_20251207224218_19,1,76.71
San Beda University,2317.4622516452814,295.84813565138523,16.533562951299288,58.21566277648199,289,227,9,54,183,27,14.587192651332856,21,1,229,25,84,85.80134486315515,1.1850945476092043,0,4,12,10,5,1,25.48563823094016,4,3,67.0,13,24,4.01564948823427,2.692900995382345,46.63313376260447,0.9335542480373096,0,15,23,99.0,11,7,1.2266208993699752,1.677802478396805,15,2,0,64.42,51.42,91.22,95.0,67.46,7.677125466239201,0.7852279198522832,2025-12-07T14:42:18.020875+00:00,20,San_Beda_University_20251207224218_20,1,72.13
San Beda University,1372.5860205048275,362.0186020576047,17.968483402126015,41.776451172448034,315,219,13,35,182,28,16.943398028003628,31,0,157,29,98,39.49571851671407,1.2340194526840262,2,3,13,5,5,1,34.841765049400536,5,3,45.0,9,27,3.049002637444357,1.758363599868722,78.14862514672876,0.6878294617671132,1,35,12,100.0,12,6,2.131606246809156,1.7523974733644427,12,1,1,52.13,50.61,39.48,76.24,71.95,5.807031866997927,1.521414776425282,2025-12-07T14:42:18.020875+00:00,21,San_Beda_University_20251207224218_21,1,54.79
San Beda University,2298.761839026855,286.5433876450877,15.394378312891815,63.698255057562086,401,175,7,47,197,26,18.67215732647381,26,0,138,30,98,84.47863518626515,0.6536601632255779,1,2,12,8,5,1,29.825266393942822,7,6,68.0,12,28,3.4021008302997693,1.1972200194125693,71.4848366854237,0.595171064394811,0,23,21,83.0,15,6,0.9752643081358408,2.4279552186699123,13,3,1,57.06,54.14,84.98,95.0,65.54,8.129964245734465,0.5492111413381224,2025-12-07T14:42:18.020875+00:00,22,San_Beda_University_20251207224218_22,1,74.94
San Beda University,1899.084658977512,293.69867650943235,14.439956798764994,51.337538371953386,286,272,7,34,164,28,15.593025604084715,22,1,142,22,85,64.402915700639,1.333747526540327,2,5,9,5,6,1,39.101375660757256,5,5,70.0,5,33,1.886330326060536,1.6706384486348225,75.9329363369695,1.0511145237677213,1,22,22,55.0,10,7,0.9175299738627358,1.5961450949196934,18,2,0,61.56,50.61,61.52,95.0,74.88,7.249971596671215,0.9817725357355584,2025-12-07T14:42:18.021857+00:00,23,San_Beda_University_20251207224218_23,1,66.27
San Beda University,1553.5451480937686,334.8259872471857,14.77868661141416,71.00179054148016,296,285,9,34,175,24,19.403974028142308,24,1,169,28,113,84.51846240224549,1.599202519613951,2,2,16,7,5,1,29.74259589859594,8,2,65.0,6,22,3.0487255376354416,1.360962318269253,65.72166369223483,0.3641569232142447,1,26,28,115.0,12,5,2.4047106745871583,2.934334595666848,8,2,0,49.32,36.54,85.47,95.0,75.38,9.850912176851258,0.977593657355768,2025-12-07T14:42:18.021857+00:00,24,San_Beda_University_20251207224218_24,1,62.69
San Beda University,2169.290882184404,398.11121383686,19.77082907226711,72.21466186425519,257,155,11,51,266,30,21.496331977777583,40,1,205,28,69,86.34571685140958,1.061181666075097,0,3,15,7,5,1,46.72049974778622,4,4,55.0,8,25,3.19406446032352,2.098509557606953,38.65803563016896,1.3115395473357716,0,14,20,104.0,9,6,1.73134886389772,2.562491705593642,15,2,0,56.25,56.35,85.74,95.0,69.01,9.024793231300624,0.8083939581544608,2025-12-07T14:42:18.021857+00:00,25,San_Beda_University_20251207224218_25,1,69.55
San Beda University,1318.4796890204016,324.96551663799534,22.51992868910824,70.0730573700429,299,250,13,40,249,27,13.844619315027,37,0,148,26,75,89.87093562226605,1.5947067093112,1,2,9,8,6,2,33.44158456596624,8,4,87.0,10,17,3.2363557550278106,2.4970223381337733,63.70804537757863,1.2993357652393067,1,21,16,91.0,13,5,2.1665761337736003,2.18823903180547,17,2,1,49.2,50.65,92.47,95.0,70.91,8.167167979443755,0.8415291722322104,2025-12-07T14:42:18.022833+00:00,26,San_Beda_University_20251207224218_26,1,69.68
San Beda University,2473.8073475970614,335.22176611835147,13.931821182444644,63.24855671164393,364,255,8,38,192,27,14.315028266283424,37,2,173,36,113,90.75629802806344,0.3173958220414269,0,3,14,6,6,2,28.511438129006056,5,5,49.0,14,23,3.660433074274344,2.627598763080772,71.61301699542908,0.9665103373520062,0,29,29,87.0,12,6,2.797800874433245,2.078333423692482,13,2,1,44.19,50.56,90.87,95.0,66.87,8.238546795506878,1.5701833523319233,2025-12-07T14:42:18.022833+00:00,27,San_Beda_University_20251207224218_27,1,73.7
San Beda University,1135.4258836771623,288.8445547307823,14.456627727226197,42.90280176934514,336,360,11,54,183,26,17.599211824286293,23,0,186,29,72,72.2965358515473,1.384465804369254,1,2,14,9,3,1,29.6058097752562,7,4,49.0,11,30,3.0724304142371963,1.795660229491148,82.24760373320807,1.6574263493260846,1,23,24,89.0,15,7,1.3477520359778086,1.4345848168914737,17,1,0,59.06,55.85,71.79,95.0,65.98,6.264565025990788,0.90852080144317,2025-12-07T14:42:18.022833+00:00,28,San_Beda_University_20251207224218_28,1,73.19
San Beda University,2107.370987520676,188.717662059368,20.721100886986203,48.90017102916136,167,257,12,30,179,21,18.983548364750348,32,0,196,23,96,65.05066913983505,0.4914168961441362,2,3,13,7,5,1,30.688764281086133,6,3,75.0,10,18,2.4685034737553804,1.805236989617991,66.0292368518079,1.2598004129177174,2,24,20,95.0,13,7,2.0233021488100404,1.6339202716830243,12,3,2,53.24,46.09,60.5,95.0,67.15,7.013044337890323,0.7565129291338275,2025-12-07T14:42:18.023809+00:00,29,San_Beda_University_20251207224218_29,1,66.67
San Beda University,1692.3684868293728,388.8093279114684,20.39770073285821,60.46107007184686,340,325,9,55,196,30,12.790334996671806,28,1,172,22,102,101.41500285563892,0.3807734740463158,1,3,11,10,6,2,27.19623197135166,4,5,71.0,11,26,4.245239214960092,1.5623719908126623,70.88987906067922,0.0,0,24,28,74.0,12,4,1.5343215482570451,1.7605795955159842,14,3,1,56.53,54.38,95.0,95.0,72.12,6.41123048574368,1.5570373621843314,2025-12-07T14:42:18.023809+00:00,30,San_Beda_University_20251207224218_30,1,74.98
San Beda University,1953.4019255042992,358.07342642966915,14.893155316098817,53.02998596418994,310,204,11,31,223,31,18.32523416228604,23,0,130,17,134,108.96710591114744,0.3541420084679562,0,3,12,9,4,1,29.16493118228381,6,4,90.0,11,19,2.868620635214243,1.233929910058453,56.96315583473334,1.3863332215631916,0,18,16,88.0,15,6,2.164974508692583,2.3675963171183563,14,2,0,55.52,51.69,95.0,95.0,71.38,7.175373307052399,1.5760862860280889,2025-12-07T14:42:18.024785+00:00,31,San_Beda_University_20251207224218_31,1,68.67
San Beda University,1505.0912407965752,312.9558999320304,18.4289013019949,54.290375153651496,354,241,9,43,235,26,21.07104085194245,23,0,87,28,100,84.11036404644501,0.8765098147841315,1,3,13,8,6,2,28.42173056385301,6,3,50.0,13,20,2.866102784951448,1.8264358482485497,75.50796905386768,1.5088801567474084,1,22,13,114.0,18,6,2.3819730548039546,1.4814125288966018,11,2,1,57.2,51.41,89.7,87.93,69.52,7.2479895201021,1.1083239576193349,2025-12-07T14:42:18.024785+00:00,32,San_Beda_University_20251207224218_32,1,69.08
San Beda University,2603.0586236033614,206.71492101954195,14.502310051445896,79.22154275744072,331,249,9,48,246,31,14.408185037906367,23,1,183,30,124,66.77459048655119,1.612418603462214,1,2,11,8,6,1,30.641444527242943,4,5,89.0,12,32,3.0120289460285803,2.2667729890069417,78.42479222818353,1.3325438493166322,0,29,22,100.0,12,7,2.634234940363621,1.3404657224125054,17,3,2,61.41,66.16,60.69,95.0,58.22,6.828332035760786,0.9848736940305964,2025-12-07T14:42:18.024785+00:00,33,San_Beda_University_20251207224218_33,1,69.78
San Beda University,1450.9390119388163,302.7714954938479,12.737127316780676,60.42849876907242,296,264,17,45,223,28,15.942296503938568,30,0,164,26,105,45.49665212504564,1.4795500728540434,1,3,7,5,6,2,28.78113030702369,8,3,73.0,10,20,2.6211938901398617,2.1862110611269543,68.59280469523371,1.286275449610382,0,31,30,88.0,12,3,1.4557064562237023,1.8618667475333552,12,1,2,55.2,42.41,52.64,95.0,71.74,6.71548313422413,0.9468853941328468,2025-12-07T14:42:18.025762+00:00,34,San_Beda_University_20251207224218_34,1,60.7
San Beda University,1286.1771179038535,400.4383218491711,27.32816565708849,47.35600925960512,345,324,14,54,221,24,22.63014130015807,41,1,220,31,118,96.58917953476748,0.96638314902764,0,4,17,7,4,2,30.577961455174663,7,4,89.0,11,24,2.175135341662787,1.7164492036576662,74.47029148459985,0.800581104844219,0,22,26,117.0,10,6,2.573895473362977,1.999706849945008,14,2,1,52.75,58.5,95.0,95.0,65.34,5.0872997137456135,1.0471138626690073,2025-12-07T14:42:18.025762+00:00,35,San_Beda_University_20251207224218_35,1,73.52
San Beda University,2484.6686532051685,311.0365194778536,18.029114083965577,39.64041344107987,165,252,10,50,169,22,19.5960567443976,22,0,107,22,113,65.41090569565651,0.2794006802711425,2,3,13,4,5,1,51.04133840527141,7,4,59.0,14,38,2.916779296188264,2.085324904237816,69.85852047861559,0.6267854530837482,1,26,17,79.0,12,8,1.821411615882532,1.130538701958673,15,1,0,61.76,63.6,61.88,92.64,78.32,8.835977539746912,0.6591949551433586,2025-12-07T14:42:18.025762+00:00,36,San_Beda_University_20251207224218_36,1,67.07
San Beda University,2338.295384301331,257.6108500706162,11.510054032959802,43.29625343520628,280,191,12,43,249,24,16.57080073771339,28,0,153,27,77,81.4594311131046,1.536392187610797,0,4,10,5,6,1,38.54033489624709,4,4,73.0,9,18,2.678280979626684,1.7956483780290546,45.89311793414927,1.2171935661577808,0,33,25,78.0,9,6,2.0127934517316333,2.449047921824469,15,2,1,50.17,59.79,83.95,95.0,72.69,6.62054443582393,1.622344089249676,2025-12-07T14:42:18.026740+00:00,37,San_Beda_University_20251207224218_37,1,68.87
San Beda University,2406.5264400313645,335.09219797478016,15.988248719241938,53.42266977127802,359,257,15,46,249,21,16.953379032926087,26,1,165,24,80,60.025391648064186,1.851154909741568,0,3,18,8,5,1,23.44940094586184,7,3,74.0,10,18,3.5654587582141786,1.6663673317536112,70.69604573868574,0.8326000378063582,1,19,21,89.0,13,4,1.9005386102361432,0.98037168361663,14,2,1,47.23,47.47,64.82,95.0,67.05,6.31218292631651,0.4067181124214911,2025-12-07T14:42:18.026740+00:00,38,San_Beda_University_20251207224218_38,1,63.3
San Beda University,2329.8626413832694,214.1958413245403,16.49570692361221,62.83038340432107,326,237,10,51,270,22,17.199743648134888,22,2,168,29,82,81.45049036656667,1.3676846267202458,0,3,13,5,3,1,25.52733691573045,4,5,52.0,10,30,3.5062508972642954,1.611226476558436,72.92169785446993,1.2322224462134774,1,26,23,67.0,14,6,2.607637261727487,2.4063479470524087,15,2,0,52.13,46.24,85.61,95.0,69.68,6.497967688101495,1.100261640351639,2025-12-07T14:42:18.026740+00:00,39,San_Beda_University_20251207224218_39,1,67.63
San Beda University,1786.1241948893455,327.976828546785,15.795513005106674,59.41516258213336,223,163,10,69,219,25,15.532016301938754,26,1,181,20,52,71.37925479411214,0.7256900408356883,0,3,15,8,4,1,35.61457320539969,6,4,54.0,8,32,2.982850341087205,2.5747473824707345,56.383376419130826,1.5184847281405278,1,26,17,70.0,13,6,2.75366871762778,2.1856224930106944,17,2,0,60.16,69.73,71.57,89.25,77.78,6.383708327030701,1.3190440086014417,2025-12-07T14:42:18.027715+00:00,40,San_Beda_University_20251207224218_40,1,74.49
San Beda University,2635.7424168622983,308.4777553767438,17.308029456896016,69.98632438109473,346,274,9,33,240,26,17.809449796230886,26,1,201,33,91,87.44277336342445,1.4016922099723286,0,2,12,7,4,1,30.47115034154029,8,4,61.0,14,32,2.598577640406787,2.255324442844158,70.6238279639619,1.011743314306308,1,23,32,74.0,14,7,1.4237676805813675,2.5367825390670817,20,2,1,53.57,50.05,85.07,95.0,67.69,7.742944298755004,1.378691327184263,2025-12-07T14:42:18.027715+00:00,41,San_Beda_University_20251207224218_41,1,73.99
San Beda University,1105.905280303531,249.40018884637183,17.784618262538405,71.65214271151359,329,265,11,45,209,28,18.87486976305996,35,1,102,21,95,68.90635973869969,0.5312430957347642,2,3,14,5,4,1,37.46420174046569,7,3,78.0,12,19,3.2217299320346644,1.697290544280641,61.61202604509635,0.9459456955513744,0,13,29,87.0,8,6,2.070903773607905,1.0533031813261453,10,2,1,50.39,51.28,65.5,95.0,67.49,7.922448656434692,1.0909555270573237,2025-12-07T14:42:18.028692+00:00,42,San_Beda_University_20251207224218_42,1,62.24
San Beda University,2515.8945733303594,363.50290839631793,13.832143197505552,63.674457955574816,379,287,10,44,308,21,19.75469382129265,22,1,203,26,88,78.53781672052662,1.1607397416082197,1,3,11,5,4,1,26.10171098541516,6,4,62.0,15,22,2.6021288810802843,1.95263313614072,84.36453764978737,1.4323263748233035,0,29,20,108.0,14,6,2.1367628945357544,2.2974552768853105,13,3,1,46.95,54.25,80.12,91.3,67.0,7.674617957959956,0.7201707271422755,2025-12-07T14:42:18.028692+00:00,43,San_Beda_University_20251207224218_43,1,65.99
San Beda University,2144.997303211192,233.5639320023984,11.792434619236348,60.33248986199886,233,166,11,41,196,16,16.53708394378239,28,2,138,22,146,98.53885026497277,1.0177919877898105,1,3,11,7,4,1,35.9953800650926,5,3,51.0,9,22,3.944514560387806,1.737532677227632,60.93401655216916,1.3028649311543852,1,13,16,96.0,11,6,1.5286941936055394,1.8386213233149773,13,2,0,63.6,50.51,95.0,95.0,76.61,3.733079036603043,0.5760057345422833,2025-12-07T14:42:18.028692+00:00,44,San_Beda_University_20251207224218_44,1,73.42
San Beda University,1885.747277793156,285.4247061180399,16.284000230851085,47.36488773694317,190,218,12,36,235,24,16.94894218164242,30,0,172,34,89,77.28160304778152,1.357305987720546,2,3,13,6,5,1,23.566415060702447,5,4,55.0,9,34,3.5391078427533,0.8946432411782927,64.14538080485616,0.544791553380386,1,12,27,82.0,10,8,0.9767599292353976,1.0080611559766668,14,2,1,57.09,43.53,75.62,95.0,66.17,7.724323938183508,1.4894256426052273,2025-12-07T14:42:18.029668+00:00,45,San_Beda_University_20251207224218_45,1,66.53
San Beda University,2019.6569306954607,188.6954825365047,20.800897429010544,67.7095729594121,283,236,13,41,277,24,15.428538614729057,22,0,65,27,114,86.36481820604237,0.5200948988434999,1,4,8,8,2,0,35.7098387443902,7,4,73.0,10,30,3.538356323621384,1.383671365313346,43.33355298809345,0.9666173636024372,2,18,24,81.0,7,6,2.2182680202628444,1.5407800356348185,18,2,0,53.61,46.28,81.44,95.0,67.13,5.890083452996777,1.4722075201376232,2025-12-07T14:42:18.029668+00:00,46,San_Beda_University_20251207224218_46,1,72.0
San Beda University,2054.200307758225,238.7165531756737,16.20072474776601,66.73699751610151,205,216,11,51,262,23,24.94514653732047,21,0,171,28,97,85.03040853154526,1.4991280919811678,2,3,13,7,5,0,22.424778077434816,5,4,69.0,6,26,2.7740302316926906,2.186088463770382,64.36420930450419,0.6779534145863882,1,24,24,101.0,11,9,2.584699155836556,2.0837407045399234,17,2,0,46.92,48.0,89.02,95.0,69.78,5.343418269400964,1.386307704699867,2025-12-07T14:42:18.029668+00:00,47,San_Beda_University_20251207224218_47,1,64.59
San Beda University,1935.5657579474257,276.90810892248675,17.49226186049045,52.10549248261172,253,284,13,47,213,34,16.771261839615715,31,0,157,34,121,80.09327389140418,1.2994186700612225,0,3,10,7,4,2,35.89655030269743,9,3,66.0,13,19,3.516183126847006,2.334452078035217,65.55189174205272,1.466884584349963,0,24,21,74.0,12,7,2.275368134301836,2.2472388778019217,15,1,1,61.31,52.71,82.14,95.0,70.48,7.528795112582732,0.0,2025-12-07T14:42:18.030644+00:00,48,San_Beda_University_20251207224218_48,1,74.42
San Beda University,1560.0842572994572,411.7645075686339,20.84074113557315,32.29069066225665,384,285,12,41,157,33,15.849871912870622,46,1,148,27,82,86.90845646844085,1.6891781467151863,1,3,13,8,6,2,31.983864848877005,7,4,64.0,11,35,1.9862840933610504,2.32518121131178,62.35659995717725,0.0,1,35,20,84.0,8,4,1.4342763624681083,2.3044383660757166,17,2,0,58.28,50.73,90.15,87.81,68.67,7.351048130528305,1.3112449034840472,2025-12-07T14:42:18.030644+00:00,49,San_Beda_University_20251207224218_49,1,68.79
San Beda University,1964.0099052142168,330.899935286931,16.812000816706725,64.74609750186538,402,199,8,49,199,24,18.078132630264665,30,1,134,25,137,97.0912124786066,0.6011911338991334,1,4,16,5,5,1,44.303063282785416,6,4,37.0,14,20,2.5392066593148046,1.783624906323075,50.05768200562565,1.643516893721579,0,31,28,63.0,10,5,1.2911482026609278,2.252285309440173,17,2,2,54.63,57.84,91.75,95.0,69.8,6.042702191835656,0.9187745939075014,2025-12-07T14:42:18.031625+00:00,50,San_Beda_University_20251207224218_50,1,73.43
San Beda University,1618.6144355668423,220.57317364819235,15.600557942201496,51.50734118165638,285,163,13,48,203,23,14.777310990736131,32,1,118,27,93,97.60611951946032,0.2273095910410189,0,3,10,5,5,1,23.57259380028158,7,3,65.0,13,20,3.3055652645834512,2.394192524705502,78.4869296034413,1.2916124214624052,0,26,11,126.0,10,7,1.963591365933704,1.988814043668692,15,2,1,55.6,56.85,95.0,79.85,66.5,6.775057208045348,0.3623311656560396,2025-12-07T14:42:18.031625+00:00,51,San_Beda_University_20251207224218_51,1,67.07
San Beda University,1416.0,126.0,8.9,54.693,244,202,14,28,183,35,5.0,18,0,144,15,85,82.79,0.0,3,0,5,1,4,0,4.0,4,4,100.0,18,61,1.0,0.0,0.0,6.0,0,44,38,86.36,26,13,2.0,3.0,8,0,0,5.55,6.51,7.08,6.85,7.04,6.61,0.0,2025-12-07T14:43:26.555552+00:00,52,San_Beda_University_20251207224326_52,0,
San Beda University,1263.2189906503208,91.31525779005136,11.152840058056988,29.353099802048696,292,200,10,32,204,35,5.955798123582525,17,0,127,15,80,72.69737210515838,1.0451912036300428,4,1,5,1,3,1,4.212715446126229,4,4,108.0,18,54,1.2632816413182986,0.5529480101488741,0.33414650165672,6.446479128505524,2,55,35,56.0,32,10,2.6937017964995458,4.234239567615566,9,0,1,60.06,55.61,75.05,89.77,72.56,8.483419868921327,1.4024655890898932,2025-12-07T14:43:26.556528+00:00,52,San_Beda_University_20251207224326_52,1,70.7
San Beda University,1350.8764723792588,53.67940894094207,11.922927194378149,65.29171231488901,243,169,16,24,221,33,6.1976739574267485,17,1,127,15,99,89.58764105063067,0.6057039572214459,2,0,5,0,5,2,2.264430058214166,4,5,130.0,13,68,0.6362139238194007,1.2718377073264389,0.2793088083023761,7.119732684802671,0,33,37,109.0,36,15,1.9781693062665056,2.323281391867168,6,1,2,60.14,54.17,82.67,95.0,70.27,5.888011866015942,0.4879956276756395,2025-12-07T14:43:26.556528+00:00,53,San_Beda_University_20251207224326_53,1,71.64
San Beda University,1851.523496303664,157.54046441657994,10.0,56.320396276271445,276,197,12,32,235,47,4.119237984642276,19,1,78,17,78,106.80872725435782,0.7854084192699775,4,1,5,2,4,1,2.573465926781308,4,3,89.0,22,64,0.4243673248655459,1.985164073499475,0.6069535152939093,6.8796883966446885,1,43,36,77.0,22,14,2.1884159439694137,3.220981942845787,10,0,0,53.91,54.54,95.0,95.0,73.18,4.490139856649127,0.0694588721522743,2025-12-07T14:43:26.556528+00:00,54,San_Beda_University_20251207224326_54,1,73.31
San Beda University,1482.5074476290374,107.39138718508156,10.988656150720129,37.16163731402443,204,206,16,26,216,28,4.518670464217039,15,2,156,14,63,77.23672560275175,2.38724320293754,3,0,3,1,4,0,4.77113283467869,4,4,72.0,16,74,0.6412750728927139,0.0048679541330581,0.94158581731729,5.288882493590057,0,35,40,104.0,19,12,1.3771668176230558,3.330334637924363,9,1,1,52.33,58.51,84.86,95.0,71.65,7.778502117998373,0.0910867348079346,2025-12-07T14:43:26.556528+00:00,55,San_Beda_University_20251207224326_55,1,69.77
San Beda University,985.1495382890824,131.29955727433486,11.433201108643807,56.16401455531685,252,149,17,28,212,31,4.800191435633347,14,1,139,18,45,72.24543151374705,0.6435622819343955,4,0,6,1,5,1,2.863469690132893,3,4,100.0,19,55,1.3511356528181415,0.8923049097982219,2.160582168715455,5.628678880107689,1,46,42,96.0,24,14,2.367268986893002,2.735917533323597,10,1,0,46.16,57.97,71.0,95.0,71.45,4.636062633431002,0.346918137184441,2025-12-07T14:43:26.557505+00:00,56,San_Beda_University_20251207224326_56,1,64.16
San Beda University,1415.8618084512275,82.23441478284411,10.817403791200114,54.43621628258168,187,190,11,26,221,33,6.5698908408996575,17,0,143,14,71,87.22264699751048,2.016419750676862,4,2,5,1,4,0,3.5654667873692865,4,4,122.0,23,47,1.4294553654230342,0.3825713922255032,0.1935623992393881,5.953746896955019,1,48,38,84.0,26,15,1.5002976292632244,2.889669254640648,11,1,0,61.99,56.33,80.24,95.0,68.81,5.459878240023045,1.022476279592981,2025-12-07T14:43:26.557505+00:00,57,San_Beda_University_20251207224326_57,1,69.46
San Beda University,1706.574407702235,167.88297805354256,10.0,47.16253167451471,309,210,13,32,269,44,4.96281398446755,15,1,156,15,86,55.6758638540535,0.6098579242160832,3,1,4,0,4,1,4.861099388698133,2,3,125.0,11,74,1.2843647004406469,1.11577554679195,1.012814697852886,4.495776099519177,0,38,36,98.0,22,17,1.888939353136005,3.235929545939869,8,0,0,39.71,58.28,57.83,95.0,77.47,5.616366290115542,1.2110632374894768,2025-12-07T14:43:26.557505+00:00,58,San_Beda_University_20251207224326_58,1,69.82
San Beda University,1502.544830323923,106.8521555766574,10.51911029972012,60.73130272357698,238,206,18,29,153,38,4.486339317704803,10,1,108,16,88,77.34000265147323,0.7436979260460029,2,1,8,1,5,1,4.577188038907591,4,3,115.0,14,63,1.44619654677624,0.028022214739417,0.5296935982172223,8.464761978292715,1,41,22,77.0,24,11,1.643256356970992,2.38152336716801,7,1,2,44.45,66.82,81.94,86.44,69.38,7.889727465899232,0.4050023949823457,2025-12-07T14:43:26.558483+00:00,59,San_Beda_University_20251207224326_59,1,68.96
San Beda University,2039.6404432273248,110.48921166749882,11.316594193048656,43.5176307991939,170,218,13,33,155,29,4.491376390158608,19,1,119,14,107,86.62694986119087,0.4144807625497886,2,0,6,1,4,1,3.92264769222228,4,3,82.0,19,78,0.3156559315996886,0.7242194939605653,1.601502989317188,6.550694960970171,1,41,42,80.0,30,5,2.2177572623504664,3.212330232872445,9,2,1,48.4,55.17,88.6,95.0,74.68,5.681200409403382,0.5005889804332372,2025-12-07T14:43:26.558483+00:00,60,San_Beda_University_20251207224326_60,1,69.66
San Beda University,1158.0717086188852,112.84287843589618,10.03420812041264,52.26690132221992,258,212,16,19,198,35,5.616141831421699,27,0,162,12,87,88.33978832911617,1.5119735889646015,2,1,6,1,5,0,3.4597805812585003,4,3,130.0,19,55,0.8914582878400892,0.2274617136262093,1.6056816515212673,7.911959088042998,0,49,35,91.0,27,8,2.3679911442755426,2.243914326493604,7,1,1,46.38,49.6,83.54,95.0,71.49,6.48924120243609,0.3196945374327687,2025-12-07T14:43:26.558483+00:00,61,San_Beda_University_20251207224326_61,1,67.34
San Beda University,1346.6826397425905,115.40791180277814,10.0,56.57487428753596,192,176,11,31,138,30,6.298436052312693,20,0,150,16,91,95.09102178564598,0.6615608925960218,2,0,4,1,5,1,3.75920977912145,5,4,88.0,15,58,1.3255312664108787,1.8645159791653256,1.1059265695421467,8.177938548487404,1,42,33,85.0,30,16,0.7819312318131943,3.376293755556356,12,1,1,56.24,56.07,95.0,95.0,67.28,8.513910704848374,1.3167901687293193,2025-12-07T14:43:26.559450+00:00,62,San_Beda_University_20251207224326_62,1,71.97
San Beda University,1619.9413680880589,112.56472431742876,10.437651008202376,50.146503596093474,322,210,17,26,164,32,3.827745269846031,19,1,161,23,86,104.29786693310167,0.3433463963857592,3,2,4,1,6,2,5.285520311879771,3,4,123.0,25,57,1.325291753078802,0.2124450474993855,2.1872391220652694,4.354536217290625,0,47,34,93.0,28,10,2.2409426205227883,2.3262992623834062,6,0,1,51.15,49.24,95.0,95.0,76.93,7.227192057314819,1.4708756395203548,2025-12-07T14:43:26.559450+00:00,63,San_Beda_University_20251207224326_63,1,75.36
San Beda University,1550.1791734972244,107.10722431216092,10.0,60.69202327476177,270,201,14,30,169,36,6.581583935868155,19,0,121,20,114,63.31274681385479,0.0550296618520737,3,1,2,2,4,1,2.9378708927301926,4,5,124.0,15,69,1.4172755880946009,1.6968054016186007,0.3048010793217507,7.421978922427501,1,39,32,80.0,29,11,2.4266678347793285,3.280725742003426,9,1,1,44.93,48.62,65.78,95.0,72.8,7.4189303920721885,0.8534202481757485,2025-12-07T14:43:26.559450+00:00,64,San_Beda_University_20251207224326_64,1,58.85
San Beda University,1216.857646218221,125.65832772725769,10.0,76.04040845601067,166,233,16,27,125,45,5.881775409221162,23,1,137,17,98,81.78283182943092,0.1541575978913039,3,0,5,1,4,2,4.400908571311912,5,5,118.0,23,80,1.1217961789188724,0.3350372955156531,0.052741420529708,6.094433436637567,2,45,38,111.0,27,14,2.631971543380697,2.5912748318228376,5,0,1,51.23,56.52,82.58,95.0,77.98,7.252703452369957,1.328758085488749,2025-12-07T14:43:26.560428+00:00,65,San_Beda_University_20251207224326_65,1,70.84
San Beda University,1226.848280710179,118.44387791640284,11.291896775610962,50.84369249154028,226,211,16,27,201,46,4.62725034054465,23,0,134,18,82,104.43533120005446,1.4621913444654189,3,1,4,1,3,0,4.03414141282612,4,5,96.0,13,80,0.6233364873102705,0.3880777437642655,0.5695824548121925,4.140549310361467,1,41,43,94.0,23,14,1.803204458654744,3.75642626341556,7,1,0,50.39,63.41,95.0,95.0,77.62,7.665534762966905,1.029411341153566,2025-12-07T14:43:26.560428+00:00,66,San_Beda_University_20251207224326_66,1,75.74
San Beda University,1128.6368819873733,107.75142820971756,10.0,52.59839726612792,395,246,14,41,191,44,6.21302965425299,21,0,170,15,66,80.43088510023686,0.1899172292328629,4,1,6,0,4,0,4.756726100316831,5,3,99.0,16,59,0.4917008833542248,1.207510446236284,0.3343642705691825,6.24904447908206,1,43,43,92.0,27,11,2.8462231464210554,2.5433248600840543,11,0,1,50.38,54.87,75.31,95.0,65.48,5.794197969357901,2.1610702936099764,2025-12-07T14:43:26.560428+00:00,67,San_Beda_University_20251207224326_67,1,64.57
San Beda University,1400.116500111334,109.44441044738024,10.0,47.77658097142315,240,191,10,21,211,48,4.812770617202036,16,1,193,17,100,30.726514833917754,0.6541584870542164,3,0,6,2,4,1,3.208518668865491,5,4,77.0,19,65,0.2771226232038353,0.4685808437552098,1.6259729430749512,4.897833824657452,1,49,36,97.0,23,14,2.1917083027139936,2.789811418028047,10,1,1,51.71,50.36,30.0,95.0,73.78,8.432764373813985,0.4018849205821363,2025-12-07T14:43:26.560428+00:00,68,San_Beda_University_20251207224326_68,1,57.57
San Beda University,1116.5476645780386,151.6454182159024,10.0,59.063170045488825,322,241,6,34,161,38,5.092955696928195,18,1,113,11,109,92.1997979580188,0.2174935921514419,2,0,5,0,3,1,2.88450355922499,4,4,117.0,23,75,0.402315002038968,1.820945148738066,1.3322382956510046,4.789602565636689,0,33,32,94.0,30,14,2.04725489343006,2.938734782408354,9,1,1,53.36,57.75,86.3,95.0,70.64,5.981794529256202,0.07238081055896,2025-12-07T14:43:26.561401+00:00,69,San_Beda_University_20251207224326_69,1,73.11
San Beda University,1399.213560580858,139.9403980732027,11.104499295004429,55.32326465777197,189,139,18,29,180,49,3.852164789476492,20,2,134,12,89,93.17442051798167,0.4237229011651785,3,0,5,2,4,0,3.182318757640989,3,4,64.0,13,56,2.042331969602825,0.2055124130293404,0.412057240685625,6.25247967009469,0,42,45,76.0,35,14,1.917582241717539,2.821104096921086,10,0,1,42.96,59.46,89.67,95.0,72.84,5.264093944781156,0.0780688648467869,2025-12-07T14:43:26.561401+00:00,70,San_Beda_University_20251207224326_70,1,68.27
San Beda University,1558.1642643961682,115.16465415248764,10.0,48.15567277266511,255,238,14,27,171,42,3.508469416097259,16,1,127,11,101,88.48556600684701,0.9167431268174971,3,1,7,0,4,1,4.108937540066061,4,4,81.0,20,60,1.6896197659505932,0.8165902793066203,0.4432127974002546,7.375900152467366,1,56,30,63.0,26,15,2.0149871864132773,2.969810503494198,11,0,1,54.29,55.94,91.28,93.24,78.6,5.71687304450093,1.598090787214331,2025-12-07T14:43:26.561401+00:00,71,San_Beda_University_20251207224326_71,1,74.13
San Beda University,1821.956759596124,134.8491659488422,10.0,37.28006137046332,166,216,16,24,218,39,6.036358254583845,20,1,221,18,52,99.3951420139854,0.2422731115870489,3,1,6,1,3,1,5.055030581132595,4,4,125.0,14,66,0.2168318907823543,0.5655262998734153,0.7126118016351085,7.124326575475648,0,39,24,85.0,31,17,2.251767562461393,2.8859111603638365,7,1,1,45.16,63.73,95.0,95.0,67.8,6.890360618103865,0.89270742562032,2025-12-07T14:43:26.562320+00:00,72,San_Beda_University_20251207224326_72,1,74.74
San Beda University,1640.2284259235475,118.54288810743068,10.0,48.8330622698204,244,168,17,29,224,27,6.735181754454676,19,0,103,14,63,72.92373650322985,1.7978199867931268,4,0,6,0,5,2,3.419730101856441,3,4,100.0,10,76,0.915667137599352,0.3582711825537706,0.1317659405514662,6.638179083549084,0,33,42,47.0,20,12,1.552020679858155,3.369513742216572,11,1,0,41.77,62.82,69.71,95.0,71.57,6.454565738702041,0.2434618932870922,2025-12-07T14:43:26.562320+00:00,73,San_Beda_University_20251207224326_73,1,67.23
San Beda University,1116.0454254781882,112.05597785058428,10.0,69.03283241148084,253,189,17,33,144,48,6.461858755763067,15,0,131,16,83,76.92383225906539,0.7330310423549595,3,1,2,1,3,2,5.314773633802902,4,2,92.0,20,46,1.104437190621139,1.7840184068759688,0.5631010194096511,7.6140858933759965,1,37,42,91.0,19,10,2.439542694450565,3.2184911791988537,6,0,1,58.31,51.64,79.6,95.0,75.62,7.73983857439366,1.1222204565344949,2025-12-07T14:43:26.562320+00:00,74,San_Beda_University_20251207224326_74,1,71.6
San Beda University,1694.6282432690837,88.26631018037992,10.0,65.76800370838299,159,119,17,30,173,37,2.721132579840004,14,0,167,19,82,103.43157742552287,0.1693100794363777,3,0,5,1,4,0,3.962586666384228,4,4,109.0,15,84,0.6863293087790632,1.818860703155318,0.4855638796212198,5.160921043024093,2,48,41,122.0,26,16,0.9032629279127592,3.1504719838352497,6,0,1,46.37,61.87,95.0,95.0,73.95,3.8637301164333113,0.719573091873652,2025-12-07T14:43:26.563359+00:00,75,San_Beda_University_20251207224326_75,1,71.36
San Beda University,1006.8672642775769,71.58024592844367,10.692007826265511,53.37818580721285,245,193,18,31,145,42,6.4682850087132255,17,1,192,15,80,64.91573664976062,1.2850259775941475,3,1,4,1,2,0,3.0873600233535186,5,5,82.0,22,66,1.446308745765614,0.5213961091709468,0.0996809903702767,5.839642140781332,0,48,33,94.0,19,17,1.19945967512709,3.436790425942193,11,1,0,52.29,48.13,67.29,95.0,75.69,4.853988127340562,0.0878069957816738,2025-12-07T14:43:26.563359+00:00,76,San_Beda_University_20251207224326_76,1,68.52
San Beda University,1746.4146305681777,105.11080731547874,10.0,57.95028959882375,172,158,13,23,188,39,4.744976429953039,19,1,147,20,63,55.10976823218242,0.5746440910643161,3,0,4,1,3,0,3.6109903724122168,5,5,97.0,18,56,1.2494088501624283,0.0624402220183063,0.3788820088282744,5.568089347929517,0,51,27,119.0,22,8,1.698611064592389,3.13709559587307,6,1,1,46.68,55.86,62.27,87.56,71.2,7.979934638213789,0.1494135661897314,2025-12-07T14:43:26.563359+00:00,77,San_Beda_University_20251207224326_77,1,65.3
San Beda University,1279.7627539421846,118.13059205664104,10.0,43.85260874184986,259,229,15,28,152,29,4.711374907281295,15,0,171,17,92,77.87527161268962,0.8834032885206494,3,1,5,2,6,1,4.739597735044094,3,4,95.0,20,49,0.4931232445091593,0.4322948267347483,1.2880071306105902,6.6130763687210665,0,34,53,114.0,20,11,1.961803277976972,2.4193748444895,8,0,1,53.13,55.46,79.66,95.0,68.44,6.215051497077038,1.3820050416218197,2025-12-07T14:43:26.564349+00:00,78,San_Beda_University_20251207224326_78,1,67.06
San Beda University,936.2186003563472,118.26288614391724,13.185083436312446,57.94733752837927,323,238,11,36,124,35,6.41808406404735,14,0,117,14,55,98.25649533832772,2.093600268752703,3,0,4,2,4,1,3.987695764126003,4,4,90.0,21,59,1.8534702499142008,0.2377754218740767,0.7869186652082281,5.703684796935872,1,30,43,82.0,23,10,2.183061447716605,3.981301584427962,8,1,0,56.79,64.67,95.0,95.0,75.51,6.596951505602392,1.3923827036630727,2025-12-07T14:43:26.564349+00:00,79,San_Beda_University_20251207224326_79,1,75.67
San Beda University,1459.9331319691196,164.0407768296296,10.0,59.11496300970492,246,214,15,34,151,32,5.044886536356709,23,0,106,19,93,96.4795697541434,0.4506197776177325,3,0,5,2,5,0,3.938582192006833,6,5,71.0,17,58,0.5763781816198779,1.1853369223821948,1.1449602632544038,4.893585728870392,0,49,34,78.0,24,10,1.7612794006073345,2.313098723055767,8,1,1,49.16,51.8,87.25,95.0,71.24,6.462875732061828,0.3039588669318094,2025-12-07T14:43:26.564349+00:00,80,San_Beda_University_20251207224326_80,1,66.31
San Beda University,1368.1103814173418,160.568402411995,10.0,50.691666886311744,188,195,13,32,209,25,4.927053748650461,19,1,150,18,104,85.61948553431421,0.1186520621933639,3,0,4,1,4,0,4.472085483082007,5,4,115.0,26,52,1.800331924760051,0.3597740281887561,1.3155031123614374,7.435183866088813,0,42,49,105.0,22,14,2.266541702184218,3.736248521504419,13,2,2,48.65,51.26,86.48,95.0,68.89,5.403783988116096,0.4207287799062343,2025-12-07T14:43:26.565311+00:00,81,San_Beda_University_20251207224326_81,1,66.08
San Beda University,1090.322204976656,157.37621584466893,10.0,55.51452941386751,289,178,13,27,190,34,5.014853560762325,15,0,156,18,72,89.72396753859421,0.960252569613304,3,1,5,0,2,1,2.882203674778551,5,4,128.0,22,61,0.5430391539011656,0.8934040292190648,1.1855649777708583,6.752592782076443,0,51,27,117.0,24,13,2.687053225800339,2.907948286259109,9,1,0,37.86,54.01,94.72,83.68,71.34,7.632495765105001,0.0174722834542701,2025-12-07T14:43:26.565311+00:00,82,San_Beda_University_20251207224326_82,1,66.93
San Beda University,1681.059711886831,70.4406287713015,11.270319290631054,62.64300685078776,202,245,11,21,178,40,4.865117095779802,20,0,176,12,125,89.89291633059496,0.4944119642157211,3,1,5,2,3,1,5.43924211605391,3,4,98.0,12,88,1.401806331186604,0.2007951218023426,0.4551558011076543,7.055952222779991,1,30,33,96.0,26,15,1.2265459998190071,3.710516255352516,9,1,1,42.82,53.8,86.15,95.0,70.51,6.7697619395474895,0.5067563160099154,2025-12-07T14:43:26.565311+00:00,83,San_Beda_University_20251207224326_83,1,66.03
San Beda University,1535.5067733084911,108.4455577815518,11.498975007112964,41.7571491515389,267,249,15,31,177,38,6.078279607811384,12,1,186,14,75,95.60776692947144,0.0349263307725883,3,0,5,0,5,1,3.2906068987866868,6,4,112.0,17,70,1.2738064379741671,1.0621221495044937,0.2766647199986633,6.745803386870678,1,55,54,104.0,20,15,1.3264631319264608,3.382016570612176,9,2,1,59.7,65.0,95.0,95.0,72.02,6.313773320864067,1.45573802800796,2025-12-07T14:43:26.566292+00:00,84,San_Beda_University_20251207224326_84,1,76.41
San Beda University,1860.753031307954,98.82064739165467,10.0,40.10107383455495,179,192,12,28,198,26,4.734968868672642,16,0,135,13,75,77.80331107397339,0.0946208639988454,2,1,3,1,4,1,3.732004927497437,3,5,102.0,15,78,1.2521261287969836,0.846937529565214,0.0412702177125042,7.60289636201728,0,50,35,95.0,16,12,1.6122000631296234,2.397617968846472,9,2,0,57.47,57.7,82.61,95.0,73.0,7.4531545815153155,0.7749304967823993,2025-12-07T14:43:26.566292+00:00,85,San_Beda_University_20251207224326_85,1,70.79
San Beda University,1837.0554708052591,84.49186782444751,10.0,46.13979762776084,199,244,15,40,234,39,4.746502666070062,21,0,146,16,72,99.76462422497688,0.3704978744691585,4,0,5,1,6,0,4.158089300865596,4,3,97.0,18,56,0.7366983255871251,0.3249206487016467,0.6840544872239246,7.248030277848612,1,45,48,64.0,28,8,2.389352668130486,3.2300396273656475,7,1,0,59.67,47.66,94.57,95.0,76.04,7.059127467540867,1.9519729961350896,2025-12-07T14:43:26.566292+00:00,86,San_Beda_University_20251207224326_86,1,72.32
San Beda University,1420.9331993236076,114.14114254579768,10.0,41.49397956658719,250,143,14,41,169,39,4.761522696533806,21,2,115,18,76,81.71819696270391,0.7708511349522371,3,1,6,1,3,2,2.3605971284353444,6,3,89.0,22,65,0.1737528571851755,1.5984168773972869,0.3579052503363675,4.771585862990754,1,50,43,57.0,35,19,1.8139262046592624,3.1973277244553,8,0,0,38.85,58.24,75.37,95.0,79.92,7.659779634165644,0.90362433466445,2025-12-07T14:43:26.567269+00:00,87,San_Beda_University_20251207224326_87,1,61.78
San Beda University,1233.517005454866,116.51090772261053,10.0,43.57561483496834,274,226,11,25,191,27,5.203002561973796,15,1,131,18,58,102.68963550016284,0.5165740170816633,3,0,5,1,4,0,3.610644675012354,3,3,95.0,17,79,0.5738407599827136,1.6750259230518,0.8831925017215595,6.314251198047205,2,36,47,77.0,31,13,2.5904558412825054,1.831816365525514,9,0,0,49.43,49.1,95.0,95.0,74.67,8.825741625634716,0.4773209763384272,2025-12-07T14:43:26.567269+00:00,88,San_Beda_University_20251207224326_88,1,66.83
San Beda University,1517.6634205912512,166.02985523743834,10.0,55.45643346761248,191,227,12,25,216,39,4.049045169179575,21,1,144,16,106,80.36044583032844,0.832691914677353,4,2,4,1,3,1,4.9671003206749225,4,4,109.0,17,54,1.2947166225003115,1.359885293146555,0.8766383909823754,5.270162596629078,0,48,44,55.0,18,12,3.15046134101572,2.391730896261125,7,2,0,50.04,62.17,90.42,95.0,75.63,6.958521425717144,1.383306362706143,2025-12-07T14:43:26.567269+00:00,89,San_Beda_University_20251207224326_89,1,70.51
San Beda University,1933.3775538970128,144.516055696283,10.0,40.256286519548325,186,168,18,28,205,39,5.455166710344808,20,1,182,9,103,68.38111685152154,0.0691310487546837,4,1,6,1,4,1,4.391189711380712,5,5,87.0,12,65,1.5144029975410949,0.2418762461605452,0.932859001428394,6.273463840737554,1,42,48,80.0,27,8,1.6750082920856664,2.326120607642584,10,1,1,46.1,61.3,68.69,95.0,71.49,6.136116084723754,0.7500924081804623,2025-12-07T14:43:26.568254+00:00,90,San_Beda_University_20251207224326_90,1,65.01
San Beda University,2204.331843843843,145.35138037922712,10.0,62.966682461690574,276,232,11,28,192,48,5.032143808836844,18,2,144,19,101,88.49218328237379,0.2050581328014716,2,0,6,2,3,1,2.982504449654577,4,5,77.0,23,53,0.9910535211193046,1.1157316232977672,0.222283704134541,8.434675462300795,0,37,43,106.0,32,15,1.9998814944848624,3.8071566037611966,7,1,0,53.8,57.33,94.96,95.0,75.48,5.812430892666087,0.088729002112202,2025-12-07T14:43:26.568254+00:00,91,San_Beda_University_20251207224326_91,1,76.41
San Beda University,1169.5170092566332,172.8324678090741,10.0,46.56407556281136,273,196,14,28,215,14,6.1238636617987865,10,1,105,17,79,99.72343464921548,0.6736212181006277,4,0,5,2,3,0,4.436457462656795,4,6,101.0,16,58,0.5988141368462992,1.298431218734852,0.6546218304132412,7.664811806771542,1,61,42,86.0,28,13,2.505136678354282,3.638538507261308,8,1,0,52.41,53.55,95.0,95.0,73.49,5.973842227290279,1.625567514900235,2025-12-07T14:43:26.568254+00:00,92,San_Beda_University_20251207224326_92,1,75.81
San Beda University,1536.0425147335184,127.1824426895506,10.66982244758147,48.07272593093313,309,159,12,29,133,37,4.629119499703321,19,0,116,12,79,72.12990605957673,0.3298124087074737,4,3,4,1,5,0,4.169179878844916,4,5,100.0,16,64,1.018417539161723,1.3283866878510255,1.00035253999387,6.09417878360449,1,42,38,94.0,24,17,2.1895315465896243,3.431111246394181,10,1,0,58.35,63.51,77.01,95.0,74.65,6.292258909271526,0.4937589649514525,2025-12-07T14:43:26.569227+00:00,93,San_Beda_University_20251207224326_93,1,71.28
San Beda University,1674.771684170918,121.2690031715728,10.2875033629009,66.50196121376649,205,182,12,27,117,32,4.106153158122571,18,0,105,11,81,88.39151572925215,0.7407617795923387,3,0,4,1,4,1,4.07832560669955,4,5,83.0,18,47,0.9766638547698382,1.4046355328580566,1.4694694453289068,5.3815152035290685,0,45,37,88.0,30,18,1.9548745929913027,1.7633025144045305,7,0,0,57.03,51.47,94.19,95.0,79.22,8.870509172298771,0.2950694457665513,2025-12-07T14:43:26.569227+00:00,94,San_Beda_University_20251207224326_94,1,72.92
San Beda University,1674.1860713857448,148.7836595035796,10.0,59.339908414295294,124,237,15,25,173,40,4.2071040236683,12,0,166,14,92,83.13854510798814,1.5328166782059276,3,0,5,1,3,1,4.982313732954332,6,3,74.0,16,42,1.267409121669812,0.0503014971858006,0.4388707485862057,6.182128392224727,0,31,31,73.0,35,13,2.334456359066073,3.7592519795320256,7,1,0,54.85,53.75,84.92,95.0,76.11,7.304646287610274,0.4987711321668648,2025-12-07T14:43:26.570133+00:00,95,San_Beda_University_20251207224326_95,1,68.08
San Beda University,1816.5111087407904,123.10557592551964,10.0,59.148465482584506,262,145,16,20,158,16,4.459440542680637,17,0,113,15,96,122.88527663920522,1.2671195697071156,2,1,5,1,5,1,4.485679847701383,3,3,134.0,22,65,1.807551685232324,0.8102580064369483,1.204204148347327,4.035431725066996,0,29,29,114.0,15,16,2.218254164187011,2.291004697506962,7,1,0,43.45,59.75,95.0,95.0,75.24,5.449930124123925,1.4790459360522177,2025-12-07T14:43:26.570133+00:00,96,San_Beda_University_20251207224326_96,1,72.17
San Beda University,1414.7299177926975,132.00290045521683,10.0,44.98301918960856,253,184,13,18,198,25,4.753788761384295,16,0,117,16,63,67.69657572624095,0.3178567121063982,3,2,3,1,4,0,3.465470811526842,3,3,74.0,22,53,0.6964826315984516,0.2237057051618927,1.6155622931810794,10.467711340755931,0,32,35,122.0,30,13,1.0516663001753552,3.775501943126446,9,1,1,51.55,62.35,67.22,95.0,71.7,4.8920562570385,0.3104543193059818,2025-12-07T14:43:26.570133+00:00,97,San_Beda_University_20251207224326_97,1,64.2
San Beda University,1443.6252769811083,162.5941830689264,10.0,67.76590816418675,284,240,17,31,153,26,6.308246541992038,17,0,172,17,103,91.3217322318452,1.270428702999424,3,0,7,1,5,1,4.394635272955371,3,3,108.0,19,64,1.0920702939723208,0.5497643442477357,0.5466915318742779,6.713098374775289,0,43,39,96.0,27,9,2.282009751019909,2.907184743211577,10,1,1,55.02,66.7,92.46,95.0,68.93,5.834606295308422,0.4159078340249412,2025-12-07T14:43:26.571178+00:00,98,San_Beda_University_20251207224326_98,1,77.76
San Beda University,1386.4718328394583,98.06633403922798,10.218548482395764,40.20422091576881,178,167,18,30,155,31,6.633025628011904,14,1,173,15,107,60.115237075484806,0.7005950295705973,3,1,6,1,4,1,3.615489210321593,4,4,110.0,20,90,0.7237955483686467,0.6041747993369103,0.0431060186000524,6.848699773085681,1,42,49,104.0,28,11,2.168811702900295,2.929255749943949,10,1,1,48.41,59.32,53.16,95.0,73.98,4.587722467298841,0.4156259459477778,2025-12-07T14:43:26.571178+00:00,99,San_Beda_University_20251207224326_99,1,65.07
San Beda University,1027.0492861483765,115.39119785471075,10.0,48.74343078150932,230,288,17,30,165,42,6.566289992123241,16,0,147,16,89,111.6217706115356,0.6043883282307817,4,1,4,1,4,1,5.505125664695882,5,6,103.0,18,39,0.7351144438590287,0.5852948576975396,1.5382317595628383,6.436684748380884,1,50,38,62.0,34,6,2.489489915308647,3.913724470758634,7,1,0,54.26,55.0,95.0,95.0,74.2,7.222391139263218,1.393067398661212,2025-12-07T14:43:26.571178+00:00,100,San_Beda_University_20251207224326_100,1,74.72
San Beda University,1472.2880713299098,165.03177395727596,10.0,44.7932253225507,282,197,12,23,186,32,4.860117322908649,20,0,82,14,53,76.9617699018357,0.3154269273659425,4,1,5,1,4,2,3.941193220912879,4,4,126.0,8,66,0.0,1.2735443501339714,0.6078585482436252,8.076981057239601,0,62,51,77.0,19,8,0.9306105346897362,2.804202914417364,10,0,0,45.58,60.97,81.6,95.0,79.82,8.597579883647423,0.3437782061873685,2025-12-07T14:43:26.572157+00:00,101,San_Beda_University_20251207224326_101,1,73.94
San Beda University,1848.0,234.0,12.66,54.804,363,312,12,39,293,34,19.0,17,0,206,55,102,85.95,0.0,1,1,14,2,9,3,21.0,5,4,80.0,11,51,0.0,0.0,0.0,3.0,0,19,17,89.47,12,2,0.0,4.0,8,0,0,6.34,6.28,7.25,7.28,7.04,6.84,0.0,2025-12-07T14:44:33.211887+00:00,102,San_Beda_University_20251207224433_102,0,
San Beda University,1947.7768353141155,247.82273285662487,12.974139268377352,47.78898431295536,341,402,9,38,366,35,18.39352683231315,13,0,251,54,118,95.21753124139042,0.073283593664077,2,1,11,2,12,3,19.392273861613152,7,4,116.0,6,52,0.9305180726700396,0.363409355902007,0.0482221516640798,2.9388736873368746,2,18,10,108.0,12,3,1.660676171048756,5.156462698301084,10,0,0,54.33,49.76,94.57,81.93,76.73,6.9391732721644495,1.4884723168683016,2025-12-07T14:44:33.212841+00:00,53,San_Beda_University_20251207224433_53,1,64.0
San Beda University,1745.0687482990324,96.1596448931719,11.668715494846069,52.11389948207434,318,365,14,54,245,38,18.101252972168098,17,1,200,43,115,91.72434470114622,1.3360035175467742,2,1,10,2,9,3,18.20819610738531,5,3,76.0,13,49,0.3588652696831668,0.4698805577865336,1.1176489624844352,3.140000114185085,1,15,21,90.0,13,2,0.7592545552558381,3.4510255919579182,7,0,1,49.14,48.42,94.74,95.0,74.96,5.827844284508519,0.0952224729307792,2025-12-07T14:44:33.212841+00:00,54,San_Beda_University_20251207224433_54,1,66.89
San Beda University,2269.15700975185,248.4085548764564,12.659518673310323,53.51874060248015,472,432,9,47,296,38,13.003945985002764,12,1,216,50,122,78.29192217905145,0.6625799285725152,1,2,17,3,8,3,20.155162325904463,5,3,64.0,11,56,0.1076276703181658,0.4923548420350586,0.6017391171343994,2.8693736706853263,2,21,20,75.0,13,2,0.9414737580328484,4.192902095539769,5,0,1,56.42,53.33,79.26,95.0,71.74,6.766252211645713,0.9876911605760856,2025-12-07T14:44:33.213827+00:00,55,San_Beda_University_20251207224433_55,1,66.05
San Beda University,1743.5264267858186,285.71501552870143,21.10335274286724,58.14542593336514,318,281,13,31,262,31,20.773356063960524,11,0,181,47,120,94.8118666144972,0.2358244953174359,0,1,18,2,7,3,19.85334161319276,6,5,95.0,11,54,0.1201488459028714,0.1228642908083993,2.055013321393205,2.889439745117405,1,19,20,69.0,20,2,0.6354533939467926,2.9215145981697166,6,2,2,53.63,57.74,89.01,95.0,73.92,7.596242752454197,0.8128157801386251,2025-12-07T14:44:33.213827+00:00,56,San_Beda_University_20251207224433_56,1,69.42
San Beda University,1549.921087122858,268.6542701625319,14.009743515213824,72.58345464138016,396,342,13,40,289,20,14.279542245926118,15,1,228,70,135,101.96373762292752,0.6036223566092976,2,1,11,2,8,3,13.495093412000642,6,3,104.0,11,48,1.4289941256673675,1.0519245965642612,0.5991323592360102,3.944243964297413,1,21,16,103.0,12,2,0.5210650399802419,3.844031842689324,9,1,0,49.74,62.7,95.0,95.0,75.96,6.795133551875452,1.2833154777536675,2025-12-07T14:44:33.214801+00:00,57,San_Beda_University_20251207224433_57,1,72.53
San Beda University,1504.281473535323,279.7803825305596,14.69356324357602,40.61259135345567,449,295,9,34,307,35,19.26060575120104,23,0,179,77,98,54.52725243040763,1.4884045056906092,1,2,16,2,10,3,21.63041492928264,6,3,58.0,11,62,0.5192653237541665,0.0827791913795912,0.5357677770335039,3.3637798655208173,0,20,18,114.0,13,2,0.0506836267993248,4.708290306808115,8,1,1,58.1,53.86,54.74,95.0,72.47,6.780334987058838,0.0411811069734412,2025-12-07T14:44:33.214801+00:00,58,San_Beda_University_20251207224433_58,1,62.19
San Beda University,1936.351683156948,300.6940506552698,12.170296258152767,75.79307284705273,478,343,14,44,304,36,19.52421587355685,15,1,135,70,111,77.97051051557698,0.5942773896785062,1,1,12,2,9,2,22.70636148300565,5,4,87.0,9,68,0.0862959996899121,0.17177007401963,0.6004094575247786,2.817418681626651,2,23,18,88.0,10,2,0.0182114990467355,5.397022038877781,11,0,1,49.7,57.41,90.19,95.0,75.59,3.8716892714138655,0.3668525529444391,2025-12-07T14:44:33.214801+00:00,59,San_Beda_University_20251207224433_59,1,70.6
San Beda University,1739.2999489234876,316.1811653069351,13.47422187135508,44.47653936363006,232,430,10,48,216,37,16.384726919651026,25,1,230,55,105,113.20321589632157,1.87546499359055,2,2,17,2,10,3,21.77852599808949,5,4,76.0,7,71,0.8671277778200918,0.8839419236119979,1.0698941659216807,3.173959498560629,0,21,23,106.0,10,3,0.571027435270938,5.533761442673478,7,0,0,55.73,56.75,95.0,95.0,75.59,7.660005135691236,1.0381388561390534,2025-12-07T14:44:33.215776+00:00,60,San_Beda_University_20251207224433_60,1,80.87
San Beda University,2109.0019856790827,240.0007755486673,14.414218351956343,60.1895716173885,202,262,12,42,256,29,21.498743423961937,13,1,148,57,93,92.995666961592,1.469850432969339,0,1,9,2,7,2,14.29886362888938,4,4,82.0,13,47,0.4900800545085761,0.3448772258721337,0.0990251113884975,3.6821424628336414,2,20,21,79.0,9,2,0.722149522290868,4.34801770959669,9,2,0,49.97,59.1,95.0,95.0,66.01,6.034323857179017,0.2070382145822468,2025-12-07T14:44:33.215776+00:00,61,San_Beda_University_20251207224433_61,1,68.12
San Beda University,1626.4768213266125,171.2823554237858,18.3399623713385,69.22380193907756,426,216,11,35,279,24,7.396528162411576,22,0,170,64,99,95.37289350970892,2.3719305712751373,2,2,17,3,11,3,26.494746114309816,7,5,101.0,11,75,0.4037579998053118,0.1604663688655143,0.1540465365034078,3.41909908082236,2,17,15,90.0,9,2,2.175576770691092,3.221822607231597,7,1,0,57.65,57.61,95.0,95.0,75.4,7.184158428102601,0.2709889522155358,2025-12-07T14:44:33.215776+00:00,62,San_Beda_University_20251207224433_62,1,71.17
San Beda University,2783.2117168736268,223.1161696391613,13.014270271007057,79.47159755327817,306,238,12,34,276,30,15.978427154807898,21,1,186,61,99,118.26514141198398,0.0591682804651128,1,0,9,2,9,3,27.59013615677677,5,4,89.0,11,51,0.37441527447969,1.377593881315607,0.8128030614516536,2.4349322232609474,0,19,8,108.0,11,1,2.147483442185978,4.361025913778677,10,2,1,49.83,56.99,95.0,76.43,78.17,6.496927640781836,0.7048698160399923,2025-12-07T14:44:33.216756+00:00,63,San_Beda_University_20251207224433_63,1,69.53
San Beda University,2344.0009976920974,219.86355296314227,12.31604332709086,61.19788627653663,442,457,9,37,212,39,9.424276225493127,20,0,279,58,77,85.81536438557274,1.6484375886032858,1,1,13,2,13,2,16.64704191126545,5,3,69.0,12,56,0.6104252146308253,0.5404167261035383,0.1986886619274787,2.7452407422175664,2,21,21,116.0,8,2,0.2781754683106194,3.6692693264779934,6,0,0,52.04,55.74,91.63,95.0,77.39,8.819913453833221,0.1043319449938991,2025-12-07T14:44:33.216756+00:00,64,San_Beda_University_20251207224433_64,1,67.53
San Beda University,2192.5349786025745,264.03971788540014,12.863544304662408,64.05427880516059,355,314,12,31,237,36,23.0501053961334,21,1,170,61,79,87.28173193087997,1.1305538043921932,1,1,14,1,12,3,14.154021268038504,5,5,78.0,8,56,0.1060576507105249,2.0365247842954046,0.8220940059263904,2.5887484368533715,0,18,17,99.0,13,2,0.5036468515326985,2.4183265880396707,10,1,0,44.9,62.87,90.03,95.0,73.98,5.583184281738772,0.9482165131794256,2025-12-07T14:44:33.216756+00:00,65,San_Beda_University_20251207224433_65,1,69.21
San Beda University,1449.4501827941965,276.36753771675257,12.240297863197048,70.58073832697738,322,342,9,30,378,32,18.76195832490085,12,1,169,56,90,87.28643118837904,0.5891485035972236,1,1,15,2,8,2,19.470711714092488,4,4,75.0,9,62,0.5456161730401392,0.486511234198845,1.81351175326307,2.7414282679065898,1,20,17,66.0,14,2,0.1536888050738211,3.4052695044335404,6,0,3,46.16,63.51,77.97,95.0,65.06,5.770696118345934,0.0361255783069162,2025-12-07T14:44:33.217730+00:00,66,San_Beda_University_20251207224433_66,1,68.05
San Beda University,1703.7106743520762,102.77770712524745,10.0,42.230058905096016,426,329,11,45,292,25,19.8993575924977,14,2,191,55,107,39.93291577192429,1.0314622020634188,1,1,18,1,10,3,13.46131844941566,5,4,74.0,10,53,0.6767503290326671,0.7472136806250129,0.7470382687507662,3.0949547733016463,1,16,19,68.0,8,3,1.1524610556493913,3.8107407333258574,9,1,1,56.9,52.43,35.86,95.0,75.64,6.683021244175683,1.644727221554934,2025-12-07T14:44:33.217730+00:00,67,San_Beda_University_20251207224433_67,1,66.88
San Beda University,1589.7940113239856,296.16201319041323,12.826546389066063,27.502888388311696,235,403,11,48,301,42,19.98191985288696,18,1,255,66,117,77.98375177484422,1.416085607598479,2,1,12,1,11,3,25.113475177802474,6,4,69.0,7,45,0.2809647171000672,0.4371721484541876,0.9622855873524376,2.8656450708716323,1,21,12,87.0,10,2,1.1164731861597597,3.1934355335213898,10,1,1,44.43,53.96,76.74,90.3,76.95,6.706285603373833,0.5262129044409496,2025-12-07T14:44:33.217730+00:00,68,San_Beda_University_20251207224433_68,1,65.32
San Beda University,1915.3290651926288,240.96386484030944,10.0,61.14371862412936,367,415,8,40,217,35,13.566788604577074,16,2,227,61,135,88.87022798131517,0.5271431105870732,1,2,16,3,13,2,17.499313336829882,3,3,88.0,7,34,0.4581634266089789,0.5131547729605864,0.7751098768073448,4.371177096689914,2,19,14,103.0,14,2,0.3900265485512214,3.551667587864916,9,1,1,56.7,51.22,92.54,95.0,73.9,6.105074063484679,0.2846459502866081,2025-12-07T14:44:33.218727+00:00,69,San_Beda_University_20251207224433_69,1,72.25
San Beda University,2243.309437970828,229.81282376349765,15.940389892475068,31.928049851097384,345,353,15,49,262,34,21.72433293267331,15,1,156,44,82,94.3392774449107,0.4418429748057218,0,3,14,2,8,4,23.638078150221418,6,4,76.0,13,56,1.0778020425578496,1.6797643811765903,0.4792656012370969,3.433080095842294,0,17,15,81.0,17,3,1.9917656996811404,4.54186295487838,10,2,1,52.92,57.9,95.0,95.0,73.61,7.444899710202399,0.8702958408517736,2025-12-07T14:44:33.218727+00:00,70,San_Beda_University_20251207224433_70,1,71.9
San Beda University,1878.2369847111888,172.73681095554477,11.673679043473276,47.77523231663648,447,252,12,35,324,41,17.889697655119342,23,1,176,40,105,69.1447171097014,0.2600801386969362,1,1,15,1,9,3,23.253307674285534,5,5,87.0,14,52,1.2181395394019296,0.4035351759432347,0.6480185265057097,4.077234522484373,1,24,18,109.0,14,1,1.8559265502943287,5.095036120314901,8,0,1,55.0,49.69,64.75,95.0,73.92,5.538723160879881,0.067960958148394,2025-12-07T14:44:33.218727+00:00,71,San_Beda_University_20251207224433_71,1,65.79
San Beda University,1773.415452161726,286.50902057008705,12.321093502497042,21.69134829804469,313,363,6,44,262,25,20.92390819855008,17,1,124,36,143,88.58544142064497,0.0957413456196349,1,2,15,1,8,2,15.099625074575435,5,4,81.0,9,51,1.1899053118722984,1.683539593642907,0.2435146986029647,2.7010268810308,2,22,21,100.0,14,2,0.7893130368340617,3.781800657230327,10,2,0,47.51,64.59,85.35,95.0,78.29,5.536842682041453,2.373125160390708,2025-12-07T14:44:33.219700+00:00,72,San_Beda_University_20251207224433_72,1,70.54
San Beda University,2386.146596093331,220.50033741874068,10.17725222856009,55.46324526249046,286,378,12,21,234,36,17.516209992015195,21,2,182,45,97,104.53701084810558,0.8287076506839106,1,1,11,2,9,3,29.977293234735058,5,4,80.0,9,56,0.0058630702823632,0.9490996704555358,0.1997135570145074,3.15079594518074,0,18,19,92.0,10,2,0.0531837685919449,1.9152597097361963,6,0,0,59.46,52.95,95.0,95.0,77.81,7.228184946489725,0.8423069640826739,2025-12-07T14:44:33.219700+00:00,73,San_Beda_University_20251207224433_73,1,77.7
San Beda University,1800.1658600419885,239.0853223780737,11.37038149983425,66.6123816420434,255,454,12,55,414,40,29.8719691787626,18,1,184,71,100,111.00670634918484,1.33286154246185,1,1,12,2,9,3,20.683783830983486,6,4,77.0,13,39,0.4138310258931748,0.3911024938175927,0.5438415320075505,3.1116790481552288,1,16,25,104.0,11,2,0.435805906989109,3.5156689342904075,9,0,1,50.88,58.37,95.0,95.0,75.42,8.155126901897454,0.8044334095630633,2025-12-07T14:44:33.219700+00:00,74,San_Beda_University_20251207224433_74,1,72.43
San Beda University,1620.1572513680635,174.93043839487095,15.219360896190114,44.68338497519223,378,221,16,43,400,35,21.07344122453653,13,0,180,57,130,60.720810624464505,1.8793851979335088,1,1,16,2,7,2,20.319059773586616,5,5,61.0,12,46,0.94884977371934,1.713504670811644,0.3205792127856227,3.0908532128389727,1,19,23,76.0,14,2,2.375340743621773,4.1943229907333714,7,1,0,48.94,56.12,60.32,95.0,78.76,5.044695866614124,0.6985801080640281,2025-12-07T14:44:33.220699+00:00,75,San_Beda_University_20251207224433_75,1,63.98
San Beda University,2159.9850479614515,327.0383777532767,10.690010402001064,48.966919939532985,351,218,14,49,421,44,17.311804860116734,22,0,243,54,88,90.43443694743286,0.1242543582491833,0,1,10,1,8,3,14.426904725362224,5,4,100.0,12,60,0.8666740939840266,0.9118402069761528,0.8124120932547041,2.87649532694902,0,14,15,110.0,12,1,1.2645743663190732,3.908613038965608,7,1,1,50.69,63.53,95.0,95.0,74.84,9.111543753683678,0.2026959334597547,2025-12-07T14:44:33.220699+00:00,76,San_Beda_University_20251207224433_76,1,70.19
San Beda University,2132.7797699591533,189.43690349520767,14.031444019696211,41.21438694654282,473,258,13,34,279,37,12.211760925539316,14,1,274,59,98,67.46492802019318,0.324023510453431,1,1,16,2,11,3,24.280863385859742,4,4,108.0,13,52,1.392252211131576,0.4211560946459294,0.6244879572031491,2.686188273877784,1,21,12,106.0,9,2,0.5724478432822377,4.243220909069141,9,1,1,52.61,49.78,69.5,84.81,69.91,9.001203689222125,0.1082659036982439,2025-12-07T14:44:33.220699+00:00,77,San_Beda_University_20251207224433_77,1,62.97
San Beda University,1866.644335276356,254.61057572132967,13.269610770517993,49.42683499380991,475,323,14,26,242,29,16.29509442575457,17,1,209,51,54,85.27242784784512,0.5431436214645053,1,0,12,2,7,3,25.40183401063032,6,3,89.0,11,39,0.4059934394034927,1.1049307070843306,0.4035035216393698,4.007112916712075,2,16,20,116.0,10,1,1.210487772601938,2.0961559424406544,6,1,0,52.27,54.24,84.04,95.0,73.64,7.976098668060967,0.6983652788842448,2025-12-07T14:44:33.220699+00:00,78,San_Beda_University_20251207224433_78,1,69.0
San Beda University,1721.8830704933544,302.011463806051,10.312817478103844,39.23066454646519,403,316,14,35,194,29,22.00063638964677,19,0,217,65,91,79.1917425770027,0.8292014428575071,0,1,14,2,9,2,15.115284087520418,4,4,75.0,11,47,1.6249185729997933,1.33944598070612,0.1381882591795832,2.73750300000225,1,15,13,94.0,14,2,0.7352679586930794,6.831101891282321,8,0,1,40.33,61.37,73.59,95.0,77.61,7.932091860863252,0.0284765318894974,2025-12-07T14:44:33.221630+00:00,79,San_Beda_University_20251207224433_79,1,69.77
San Beda University,1232.8587083511673,160.86844954213288,14.057474691788553,53.94036262337672,375,216,13,33,336,41,12.80978479197185,18,2,193,51,135,89.3400386548287,1.1399780032046731,1,1,12,2,11,4,22.07535343295581,3,4,69.0,16,40,0.6253638707245301,1.7206752020594036,0.864872727236343,3.450812208133259,0,15,15,96.0,15,2,0.1130266009513027,3.43073010135262,8,1,1,46.2,52.19,84.45,95.0,66.22,5.6495148833506175,0.541380035143461,2025-12-07T14:44:33.221630+00:00,80,San_Beda_University_20251207224433_80,1,67.92
San Beda University,2123.1582184791914,243.2644426604108,10.0,57.768390594996745,286,355,13,27,218,45,17.653709648889745,20,1,174,26,132,88.27440480678777,0.5157883163384893,1,2,11,2,11,3,23.637107099603384,4,4,80.0,11,50,2.196650139235778,0.2069641971766084,0.2792858696917885,2.530178218311454,0,17,14,108.0,10,2,0.1125352624586456,4.824925528859225,8,1,1,50.9,54.31,84.05,95.0,74.07,7.3307302359881295,1.2806551216965174,2025-12-07T14:44:33.221630+00:00,81,San_Beda_University_20251207224433_81,1,64.15
San Beda University,1700.93585915037,211.72000229788927,11.582333182113413,30.469640222465344,410,385,13,46,286,27,25.190814067816035,17,0,209,50,118,86.38003017405566,0.0151292885418418,0,1,17,2,10,3,23.28778602424739,6,4,78.0,11,50,1.5785015875740436,1.1559714305186133,0.8736524699647077,2.9804329048137084,2,18,14,92.0,13,2,1.033806497344336,4.20346163854698,10,1,1,60.85,57.71,77.92,95.0,76.17,7.972575659490669,0.2204690737783086,2025-12-07T14:44:33.222616+00:00,82,San_Beda_University_20251207224433_82,1,70.66
San Beda University,2071.389029761566,263.3345989001505,11.604660085691275,31.10465984466117,511,365,14,23,333,32,15.18693219210951,13,1,199,56,107,69.79004247042656,0.6098496966936869,1,1,11,2,5,2,27.76262207163489,6,4,65.0,10,42,0.0516753060085749,0.8240807651183338,0.6602506407349099,3.205401730164146,1,13,20,61.0,9,2,0.2951745949141154,3.439871975970544,10,1,0,54.73,61.24,67.37,95.0,74.15,5.130448289014539,0.7180946247453057,2025-12-07T14:44:33.222616+00:00,83,San_Beda_University_20251207224433_83,1,60.82
San Beda University,1668.9213010536246,274.49626815195387,16.690371407992735,54.27926736601257,264,191,12,34,328,43,26.00937032088968,12,0,217,44,84,88.48136999318491,0.3876883271344371,1,1,9,2,9,4,17.626551723648706,6,3,62.0,14,52,2.4944249958503417,1.115645990092453,0.977928183143297,4.237922323897431,1,15,24,101.0,9,1,1.435566402929436,3.320616815813688,7,1,0,47.43,66.53,86.97,95.0,76.67,8.118256051687183,0.3222586224374911,2025-12-07T14:44:33.222616+00:00,84,San_Beda_University_20251207224433_84,1,77.4
San Beda University,2340.7565099280264,172.78646944019837,10.821098838877294,56.06926929378202,337,369,15,43,270,41,17.993010220469166,14,0,162,71,74,84.53682723193734,0.1230153156615526,1,1,14,2,7,2,22.11765347175612,5,5,73.0,11,57,1.2569291288913904,1.212139728089641,0.0009420499483713,4.298523551238729,1,23,16,101.0,11,2,0.8862687932519773,3.923815401795744,5,0,1,50.16,54.8,86.08,95.0,73.82,6.362765274030123,0.2168625101093939,2025-12-07T14:44:33.223601+00:00,85,San_Beda_University_20251207224433_85,1,67.98
San Beda University,1487.6698366170615,284.69188865567844,15.88893944730083,71.73397898508478,268,262,14,33,188,27,18.80527407759601,16,0,189,70,97,61.1961721005279,1.5574297138550068,1,1,12,2,11,4,27.23060760620108,6,2,48.0,13,39,0.7254104283108932,1.7756014848202393,0.2154866944581053,3.1103164990486927,2,22,17,121.0,11,2,1.6476682338821766,4.696367349820267,9,1,1,55.97,56.57,66.36,92.58,68.84,5.225112171862538,0.4297848722491944,2025-12-07T14:44:33.223601+00:00,86,San_Beda_University_20251207224433_86,1,66.2
San Beda University,2209.0972845402903,256.44089465352806,10.0,30.950563635205103,380,279,6,43,247,29,17.314262075433412,10,1,190,64,130,108.6647603321682,0.0425052339781686,1,2,16,2,9,3,20.282579037393624,7,3,78.0,6,28,0.9481791993141032,1.050641462347112,0.0333213208724185,3.389945917299489,1,23,21,61.0,12,2,0.7983228534389387,3.0825143934289074,8,2,0,45.63,48.15,95.0,95.0,78.32,6.0186541264975775,0.4009561517269044,2025-12-07T14:44:33.223601+00:00,87,San_Beda_University_20251207224433_87,1,72.47
San Beda University,1087.6427766359295,214.3801633941528,10.0,34.99307369587635,436,258,11,44,323,35,24.102813082578017,23,0,221,55,77,83.6343853125908,1.135294421286011,1,1,18,2,8,4,26.398725764599742,5,4,63.0,12,51,1.493328358677669,0.1093419547773273,1.9290985208794,2.2245993221096296,1,26,14,88.0,13,2,0.2243933052835937,4.512092472310247,8,2,2,59.0,53.94,79.57,86.84,67.01,5.659646987485598,1.315224647190559,2025-12-07T14:44:33.224586+00:00,88,San_Beda_University_20251207224433_88,1,62.7
San Beda University,2015.432026748984,242.9584292930172,13.751738890104606,39.95429489069558,335,308,9,32,227,37,27.95647861503847,16,2,208,43,143,69.42968628396707,1.589934735523592,2,0,14,2,10,3,13.792679996778652,4,5,87.0,12,53,0.255806127985752,0.6960374406015464,0.262582396454134,2.9927591679701675,0,23,21,73.0,17,2,0.2231710712677406,2.7546709917448853,8,0,0,57.45,61.05,73.38,95.0,78.57,7.142098568931727,2.36612325081848,2025-12-07T14:44:33.224586+00:00,89,San_Beda_University_20251207224433_89,1,73.03
San Beda University,2337.1280271790865,224.7401313753984,10.0,54.83270379745943,296,228,16,44,346,37,16.02112633536897,18,0,224,40,89,103.50732501450592,0.345905176854835,1,1,11,2,13,3,18.84426644763558,4,3,63.0,11,44,0.1304837455420666,0.4591663189359268,0.638631634016425,2.053702044322511,1,15,21,59.0,14,2,0.3094698598656565,6.20937371835491,7,0,0,56.79,55.65,95.0,95.0,72.39,7.010095682674368,0.0057335735683979,2025-12-07T14:44:33.224586+00:00,90,San_Beda_University_20251207224433_90,1,71.46
San Beda University,1190.181614829499,228.2557611872045,14.537926048266923,48.62115341523848,306,483,13,38,391,37,18.173338213173448,15,1,126,45,107,82.15445913008436,0.9022830050122816,0,1,11,4,10,3,18.48674189320521,7,5,59.0,13,54,0.536749072309002,0.7181202951837354,0.2735735500202621,2.240940890598916,0,21,11,118.0,8,2,3.20799061735396,4.84787496078966,8,1,1,51.48,54.97,73.76,76.54,74.24,5.892281775140978,1.7266453059133005,2025-12-07T14:44:33.225558+00:00,91,San_Beda_University_20251207224433_91,1,64.84
San Beda University,1968.0961960660409,143.0327184327735,12.000637009878012,53.54393475876443,350,327,13,54,302,31,24.0374961586718,18,0,185,54,116,82.08177865078807,2.213097146434792,1,1,15,1,12,2,17.986821826334353,4,3,81.0,11,49,0.5898213504545289,1.862700897627388,0.7010797695310915,3.376408475393633,1,15,16,86.0,14,2,1.2322151443483451,3.992154969343453,10,1,1,55.23,60.84,82.83,95.0,71.97,6.806643812486925,0.0724264214121336,2025-12-07T14:44:33.225558+00:00,92,San_Beda_University_20251207224433_92,1,75.26
San Beda University,2052.078749202771,284.8051069156609,12.008130401359224,48.39075227351254,533,365,12,36,287,14,15.949897118160958,17,0,258,48,138,112.20921268078058,0.7942063114745305,1,1,11,2,12,3,20.454482978158207,5,5,83.0,11,66,1.386478331233035,0.2666768150547333,4.33168964884469,3.420640531860748,1,22,15,112.0,10,2,1.3929282159543854,3.758150597520331,5,1,0,59.72,52.17,95.0,91.7,70.9,7.84672918129435,0.3489672822681532,2025-12-07T14:44:33.225558+00:00,93,San_Beda_University_20251207224433_93,1,68.5
San Beda University,1283.4827423609338,110.63516686496835,10.75245965215224,46.898712207193874,424,270,12,49,259,41,22.89796980923636,17,2,135,50,93,99.47068464849468,0.9278303111922782,2,1,13,2,12,3,19.94866289911084,5,4,105.0,10,61,0.1025748970625186,1.0520240597401598,1.3155166459437526,3.3656047318029905,0,20,18,73.0,13,2,0.9025969420262318,4.794778395708523,8,2,0,44.33,59.12,95.0,95.0,71.13,6.736686638393876,0.533636947086439,2025-12-07T14:44:33.225558+00:00,94,San_Beda_University_20251207224433_94,1,71.86
San Beda University,1396.7346400221795,234.6986319800821,12.059127485950077,49.5916856519478,327,264,16,31,262,33,13.89750858524988,17,1,182,41,100,83.02535982030935,1.0115156800870433,1,1,14,2,8,3,23.87398082205888,6,2,103.0,9,78,1.0894937441127692,0.7863367336060818,1.0183302469022617,3.226769125835133,1,14,20,105.0,14,2,0.3386462392360548,3.939450408516955,8,0,1,49.37,60.71,78.41,95.0,71.04,6.640169317489593,0.8869584893660298,2025-12-07T14:44:33.226519+00:00,95,San_Beda_University_20251207224433_95,1,69.93
San Beda University,1833.514000775442,270.5770921034332,12.948299861227412,37.0314649623004,329,300,10,32,219,37,19.565736326936616,18,1,199,44,125,70.3150354334838,0.1112365367665086,1,0,11,2,6,3,18.91976620173933,5,5,92.0,10,46,0.0564218045634256,0.1196894021401915,0.3439441962463069,4.498451513184108,1,29,18,95.0,14,1,0.8921568688129515,3.0746443471914064,7,0,1,51.96,52.6,67.42,95.0,70.18,5.881430384319933,1.459412250484644,2025-12-07T14:44:33.226519+00:00,96,San_Beda_University_20251207224433_96,1,65.3
San Beda University,2105.4532694205923,170.43500642196432,12.734569034771088,35.67009625511708,334,301,13,43,255,29,10.222645236693074,18,1,220,72,114,109.95179803409272,1.2401620222856855,1,1,13,2,11,3,30.799249387208803,5,5,60.0,12,49,0.0173747037485333,0.7003578873246145,0.1461491813777809,3.300140646432301,0,22,24,87.0,7,2,0.3389881513318932,3.5329112057080967,9,1,0,53.89,53.57,95.0,95.0,72.06,7.328570016198282,1.0538164992690235,2025-12-07T14:44:33.226519+00:00,97,San_Beda_University_20251207224433_97,1,72.48
San Beda University,2111.1875749917667,210.1137122408608,14.994854695369195,67.30395410150032,411,266,9,37,285,35,20.14017933560432,20,0,174,85,97,80.90895995021498,1.0570742496713212,1,2,15,2,9,3,22.40515644313801,5,3,73.0,11,71,0.7905368154132469,1.1793126711701791,0.2352713638472298,3.019446420585915,0,25,17,113.0,8,2,0.9921846482175484,4.364917529233874,8,0,1,55.37,55.74,81.89,95.0,76.93,6.712517808667294,1.9851375941567395,2025-12-07T14:44:33.227496+00:00,98,San_Beda_University_20251207224433_98,1,69.66
San Beda University,2051.057511064908,273.56870648385325,11.86565703183824,62.119440951496834,281,279,9,56,207,30,25.6650737498172,20,1,202,67,79,87.95589456267105,2.012315971892088,1,0,21,2,12,2,22.728467117234565,5,3,112.0,11,37,1.3317709138114535,0.7116164105186608,1.5639736087904144,2.949195077168956,0,21,17,81.0,12,3,0.299397536884229,4.258075199050691,7,1,1,53.31,52.5,82.73,95.0,72.7,5.048459678350382,0.6770899466359382,2025-12-07T14:44:33.227496+00:00,99,San_Beda_University_20251207224433_99,1,66.4
San Beda University,2280.001465559862,211.6466851687425,14.208346916159485,40.525445153208565,424,306,10,48,224,41,18.94010044450857,16,1,251,52,91,83.1777481291305,1.4623608734052354,1,1,12,2,10,3,21.815397076692257,6,4,72.0,10,60,0.2249363379645351,2.3256823975574843,0.0639419539243022,2.59019057712696,2,19,16,66.0,12,1,0.9856366736232404,3.4052375253602847,7,1,1,53.58,43.5,85.08,95.0,72.55,7.700684677653961,0.416516026772779,2025-12-07T14:44:33.227496+00:00,100,San_Beda_University_20251207224433_100,1,65.67
San Beda University,2114.593173129594,289.27821830726845,13.515061483599917,50.04721414303485,290,350,12,40,403,43,15.537831709781209,16,0,218,59,92,48.62073097973786,0.3384571792055204,1,1,10,2,7,3,31.233790826977994,5,3,74.0,12,54,0.1181840529490087,0.8916198146160841,0.3197849152272792,2.858411983564695,1,19,18,72.0,14,2,0.8137543815873668,5.231849619399844,8,1,0,49.92,54.25,47.13,95.0,75.43,5.484097286226521,0.1271553976925,2025-12-07T14:44:33.228488+00:00,101,San_Beda_University_20251207224433_101,1,61.35
San Beda University,1127.651663548579,227.90132295725203,11.49143042190563,49.533386570303975,449,288,11,45,236,47,17.283258103088226,18,1,190,57,68,123.85889695218388,0.4318827599804306,2,0,11,1,11,3,26.01910507328657,6,4,106.0,13,61,0.9813598700718956,0.7196426981527443,0.1794077690499807,3.1925647332955065,1,22,18,89.0,10,2,1.042175969337179,5.535457274258313,11,2,1,43.8,48.69,95.0,95.0,72.05,6.978173506564987,0.9623941843166042,2025-12-07T14:44:33.228488+00:00,102,San_Beda_University_20251207224433_102,1,71.73
University of the Philippines,2399.715,306.204,12.76,47.44,156,109,14,47,95,16,11.0,5,3,15,10,3,69.83,0.0,2,1,5,2,3,0,6.0,8,5,62.5,8,5,5.0,1.0,20.0,1.0,2,21,15,71.43,9,12,1.0,1.0,2,0,0,5.34,4.44,4.99,3.27,7.98,4.99,0.443,2025-10-18T04:20:51.009930+00:00,26,University_of_the_Philippines_20251208181114_26,1,4.99
Mapúa University,2445.175,331.321,13.55,45.45,129,76,28,53,97,22,6.0,3,2,0,0,7,58.64,0.0,1,0,4,1,3,0,4.0,9,5,55.56,11,10,5.0,1.0,20.0,2.0,1,11,6,54.55,3,8,1.0,1.0,8,2,0,4.16,5.22,4.97,4.16,5.67,4.77,0.419,2025-10-13T12:37:21.010933+00:00,465,Mapúa_University_20251208181114_465,1,4.77
University of Santo Tomas,2087.975,197.522,9.46,40.02,68,42,7,26,48,12,7.0,1,2,0,0,5,62.02,0.0,2,0,4,1,3,0,6.0,5,3,60.0,3,2,6.0,1.0,16.67,1.0,2,10,6,60.0,2,8,0.0,1.0,0,2,0,4.81,4.34,4.5,3.92,5.52,4.56,0.396,2025-03-11T13:36:31.010933+00:00,812,University_of_Santo_Tomas_20251208181114_812,1,4.56
Far Eastern University,1182.348,150.986,12.77,22.41,55,38,4,17,36,7,5.0,2,1,1,3,11,69.58,0.0,1,0,2,1,1,0,2.0,5,3,60.0,8,15,5.0,1.0,20.0,2.0,0,16,11,68.75,2,14,0.0,0.0,1,0,0,4.53,5.54,3.83,3.97,6.61,4.8,0.422,2025-01-12T14:36:15.010933+00:00,676,Far_Eastern_University_20251208181114_676,1,4.8
Ateneo de Manila University,2245.796,124.642,5.55,44.57,128,92,9,36,93,18,0.0,5,5,4,3,12,71.5,0.0,1,0,4,1,3,0,3.0,12,4,33.33,8,6,1.0,0.0,0.0,1.0,0,4,2,50.0,0,4,0.0,1.0,6,0,0,4.89,5.63,4.91,4.07,7.63,5.26,0.473,2025-11-08T23:41:52.010933+00:00,413,Ateneo_de_Manila_University_20251208181114_413,1,5.26
De La Salle University,2017.048,187.989,9.32,39.64,74,43,9,31,54,11,3.0,1,1,1,3,8,57.81,0.0,2,0,4,2,2,0,4.0,12,8,66.67,11,16,9.0,2.0,22.22,1.0,2,26,9,34.62,6,20,0.0,2.0,2,0,0,3.59,5.46,4.91,3.85,7.76,4.83,0.426,2025-10-01T08:33:30.011928+00:00,872,De_La_Salle_University_20251208181114_872,1,4.83
University of the Philippines,3184.434,749.616,23.54,61.9,89,69,6,20,65,16,5.0,4,3,0,0,10,78.03,0.0,2,0,4,1,3,1,3.0,13,7,53.85,11,1,1.0,0.0,0.0,1.0,1,31,21,67.74,4,27,1.0,0.0,4,1,0,4.74,4.33,3.71,4.64,6.92,4.62,0.402,2025-09-16T11:44:28.011928+00:00,912,University_of_the_Philippines_20251208181114_912,1,4.62
Riverside FC,3794.866,1095.578,28.87,74.64,114,79,12,35,86,13,4.0,5,4,1,1,10,69.41,0.0,3,1,9,2,7,1,12.0,16,12,75.0,5,2,6.0,1.0,16.67,0.0,1,36,16,44.44,0,36,0.0,3.0,3,0,0,6.39,5.03,4.88,4.49,7.05,5.51,0.501,2025-11-16T02:18:40.011928+00:00,26,Riverside_FC_20251208181114_26,1,5.51
San Beda University,3452.885,486.166,14.08,63.54,117,80,10,37,80,15,5.0,2,1,8,4,9,68.19,0.0,3,1,7,3,4,1,10.0,19,9,47.37,4,6,7.0,1.0,14.29,0.0,0,14,6,42.86,4,10,0.0,2.0,4,0,0,4.66,4.47,4.55,4.99,7.2,4.88,0.431,2025-08-15T10:56:14.011928+00:00,533,San_Beda_University_20251208181114_533,1,4.88
Far Eastern University,1352.944,373.007,27.57,27.07,60,41,2,19,37,10,2.0,2,1,3,5,6,68.35,0.0,2,0,3,1,2,0,2.0,6,4,66.67,9,10,14.0,1.0,7.14,1.0,2,1,1,100.0,1,0,0.0,2.0,5,1,0,5.39,3.97,4.33,3.89,7.08,4.74,0.416,2025-04-03T19:22:05.011928+00:00,26,Far_Eastern_University_20251208181114_26,1,4.74
National University,1403.891,309.979,22.08,27.42,60,49,5,11,44,8,3.0,2,1,1,1,3,80.85,0.0,1,0,3,1,2,0,4.0,0,0,44.62,15,12,4.0,0.0,0.0,1.0,0,6,3,50.0,1,5,0.0,0.0,2,0,0,3.39,5.08,5.27,4.61,6.9,4.76,0.418,2025-01-03T17:12:02.011928+00:00,282,National_University_20251208181114_282,1,4.76
De La Salle University,1152.942,277.859,24.1,22.67,57,38,6,19,36,7,4.0,1,2,2,3,6,67.21,0.0,1,0,2,1,1,0,2.0,4,3,75.0,8,6,8.0,2.0,25.0,3.0,0,13,3,23.08,1,12,0.0,0.0,10,2,0,4.99,5.52,3.97,3.69,5.85,4.84,0.427,2025-02-07T19:21:01.011928+00:00,659,De_La_Salle_University_20251208181114_659,1,4.84
National University,2419.932,353.794,14.62,44.65,153,124,10,29,89,17,9.0,1,3,21,14,16,81.28,0.0,1,0,3,1,2,0,3.0,12,6,50.0,4,11,5.0,0.0,0.0,1.0,0,19,15,78.95,5,14,1.0,1.0,2,0,0,3.94,5.73,4.77,3.86,7.44,4.95,0.439,2025-07-17T20:28:55.011928+00:00,105,National_University_20251208181114_105,1,4.95
Mapúa University,4118.247,786.173,19.09,81.98,145,123,6,22,102,9,6.0,2,3,9,14,13,84.57,0.0,4,1,8,2,6,1,7.0,13,8,61.54,4,2,4.0,1.0,25.0,0.0,0,48,21,43.75,0,48,0.0,2.0,3,0,0,5.42,4.38,5.15,4.11,7.7,5.12,0.458,2024-12-16T13:35:23.011928+00:00,570,Mapúa_University_20251208181114_570,1,5.12
Coastal Town,2497.832,273.762,10.96,45.14,90,65,7,25,64,19,7.0,0,2,0,0,8,72.4,0.0,2,0,3,2,1,0,4.0,4,2,50.0,13,2,9.0,3.0,33.33,0.0,1,7,3,42.86,3,4,0.0,1.0,9,1,0,5.05,4.84,5.15,3.61,6.22,4.93,0.437,2025-08-12T07:41:52.011928+00:00,106,Coastal_Town_20251208181114_106,1,4.93
Lyceum,2632.323,419.066,15.92,51.42,141,110,15,31,84,11,9.0,5,3,15,14,11,77.86,0.0,3,0,4,2,2,0,3.0,6,4,66.67,3,4,1.0,0.0,0.0,1.0,1,20,8,40.0,1,19,0.0,1.0,5,0,0,4.75,4.09,4.62,3.9,6.96,4.64,0.404,2025-04-28T19:04:32.012927+00:00,720,Lyceum_20251208181114_720,1,4.64
Coastal Town,4770.742,685.079,14.36,94.9,210,143,23,67,122,19,21.0,4,9,18,17,7,68.16,0.0,2,0,7,3,4,1,7.0,14,8,57.14,3,1,1.0,0.0,0.0,0.0,0,10,6,60.0,6,4,2.0,1.0,1,1,0,5.68,5.81,6.25,4.51,6.17,5.72,0.524,2025-10-08T18:36:18.012927+00:00,993,Coastal_Town_20251208181114_993,1,5.72
Far Eastern University,3179.655,496.344,15.61,58.61,122,93,10,29,76,16,9.0,5,1,5,11,11,76.01,0.0,0,0,8,3,5,1,8.0,4,2,50.0,8,2,3.0,1.0,33.33,1.0,2,14,8,57.14,4,10,0.0,3.0,3,0,0,5.51,5.78,4.57,3.93,7.07,5.33,0.481,2025-11-20T13:35:27.012927+00:00,511,Far_Eastern_University_20251208181114_511,1,5.33
Valley Rovers,2216.686,614.909,27.74,41.43,56,45,3,11,41,3,4.0,1,2,3,3,7,80.25,0.0,1,0,5,1,4,0,4.0,12,7,58.33,0,7,8.0,1.0,12.5,0.0,1,13,7,53.85,1,12,0.0,0.0,8,1,0,4.42,5.43,4.49,4.52,6.79,4.97,0.441,2025-02-22T11:37:54.012927+00:00,989,Valley_Rovers_20251208181114_989,1,4.97
University of Santo Tomas,3914.955,968.56,24.74,72.91,223,151,27,72,167,35,13.0,9,8,0,0,29,67.87,0.0,6,1,9,3,6,0,9.0,15,10,66.67,3,3,2.0,0.0,0.0,2.0,2,26,12,46.15,11,15,0.0,0.0,5,0,0,5.96,5.3,4.75,3.27,6.86,5.25,0.472,2025-01-25T09:03:44.012927+00:00,180,University_of_Santo_Tomas_20251208181114_180,1,5.25
Far Eastern University,3216.797,534.632,16.62,63.94,138,107,4,31,94,15,10.0,6,2,4,7,13,77.26,0.0,2,1,6,2,4,1,5.0,10,7,70.0,2,3,6.0,1.0,16.67,0.0,0,5,3,60.0,1,4,0.0,0.0,5,1,0,5.62,5.35,4.87,3.6,6.11,5.16,0.462,2024-12-28T09:40:27.012927+00:00,644,Far_Eastern_University_20251208181114_644,1,5.16
Coastal Town,1216.911,79.829,6.56,23.49,36,29,3,7,23,3,2.0,0,1,3,4,8,79.38,0.0,1,0,2,0,2,0,2.0,1,0,0.0,17,4,15.0,2.0,13.33,3.0,0,6,3,50.0,2,4,0.0,2.0,2,2,0,4.49,6.51,4.64,3.83,5.68,5.11,0.457,2025-08-21T18:49:25.012927+00:00,26,Coastal_Town_20251208181114_26,1,5.11
Brookside United,2118.278,406.709,19.2,42.52,91,76,7,15,70,17,7.0,3,2,0,0,5,83.03,0.0,3,0,4,2,2,0,5.0,6,5,83.33,10,6,13.0,3.0,23.08,1.0,0,16,6,37.5,4,12,0.0,2.0,8,1,0,4.82,4.53,5.25,2.64,6.67,4.7,0.411,2025-11-07T00:44:53.012927+00:00,995,Brookside_United_20251208181114_995,1,4.7
Metro FC,2314.693,243.506,10.52,41.65,114,84,6,30,78,13,6.0,6,1,4,6,15,73.71,0.0,2,0,5,2,3,0,5.0,9,6,66.67,8,9,4.0,1.0,25.0,2.0,1,10,7,70.0,6,4,2.0,2.0,7,1,0,5.11,4.52,4.15,3.61,6.3,4.66,0.407,2025-06-10T02:47:19.012927+00:00,437,Metro_FC_20251208181114_437,1,4.66
Ateneo de Manila University,2797.284,468.545,16.75,54.27,124,93,13,31,87,5,8.0,2,4,9,8,13,75.11,0.0,1,0,4,1,3,0,4.0,3,2,66.67,8,5,0.0,0.0,0.0,2.0,1,37,22,59.46,12,25,0.0,0.0,5,0,0,4.63,6.18,4.27,3.15,6.73,4.99,0.443,2025-09-20T12:27:22.012927+00:00,992,Ateneo_de_Manila_University_20251208181114_992,1,4.99
Brookside United,2313.667,301.934,13.05,42.87,81,61,8,20,55,15,7.0,3,1,0,0,2,74.87,0.0,2,0,4,1,3,0,5.0,8,5,62.5,8,4,3.0,1.0,33.33,0.0,0,14,7,50.0,4,10,2.0,1.0,9,0,0,4.54,5.0,4.12,4.07,6.87,4.75,0.417,2025-01-26T01:26:09.013925+00:00,51,Brookside_United_20251208181114_51,1,4.75
City United,3698.797,883.643,23.89,70.44,178,124,17,54,128,29,4.0,6,7,2,2,19,69.49,0.0,3,1,9,3,6,1,10.0,16,11,68.75,7,6,6.0,1.0,16.67,0.0,0,15,4,26.67,0,15,0.0,1.0,7,1,0,6.1,4.39,4.28,3.52,6.2,4.91,0.434,2025-11-01T06:53:09.013925+00:00,91,City_United_20251208181114_91,1,4.91
Lakeside Athletic,3147.048,615.877,19.57,61.06,63,49,4,14,49,9,2.0,3,2,0,0,10,77.91,0.0,1,0,5,2,3,0,6.0,12,7,58.33,5,4,4.0,0.0,0.0,0.0,0,42,14,33.33,17,25,0.0,1.0,3,0,0,4.28,4.89,4.43,5.29,7.73,4.97,0.441,2025-09-23T06:03:00.013925+00:00,463,Lakeside_Athletic_20251208181114_463,1,4.97
De La Salle University,2363.253,548.984,23.23,43.78,84,69,6,15,52,14,8.0,4,2,2,3,4,81.57,0.0,4,1,5,2,3,0,4.0,8,5,62.5,7,6,5.0,1.0,20.0,1.0,2,7,3,42.86,2,5,0.0,0.0,1,0,0,4.7,5.83,5.11,3.04,6.59,5.06,0.451,2025-04-28T16:35:48.013925+00:00,597,De_La_Salle_University_20251208181114_597,1,5.06
Riverside FC,2281.035,305.431,13.39,43.4,117,101,7,16,72,16,5.0,6,0,9,9,2,86.53,0.0,2,0,5,1,4,0,6.0,10,6,60.0,3,1,6.0,1.0,16.67,2.0,0,31,14,45.16,17,14,1.0,2.0,8,1,0,4.7,5.46,5.1,4.38,6.52,5.13,0.459,2025-05-31T10:00:44.013925+00:00,374,Riverside_FC_20251208181114_374,1,5.13
San Beda University,5181.193,1211.881,23.39,93.0,175,134,13,41,116,18,20.0,5,3,6,8,7,76.84,1.0,3,1,6,2,4,0,6.0,24,16,66.67,1,0,0.0,0.0,0.0,1.0,1,24,12,50.0,8,16,1.0,0.0,0,0,0,5.74,5.07,5.21,3.32,7.12,5.25,0.472,2025-03-23T22:00:41.013925+00:00,327,San_Beda_University_20251208181114_327,1,5.25
San Beda University,2657.362,438.73,16.51,50.92,105,74,8,31,72,14,7.0,5,3,2,2,8,70.26,0.0,3,0,3,1,2,0,3.0,14,10,71.43,8,5,9.0,3.0,33.33,2.0,0,29,16,55.17,4,25,1.0,1.0,4,2,0,4.33,5.41,4.29,3.6,5.25,4.61,0.401,2025-05-25T05:50:36.013925+00:00,400,San_Beda_University_20251208181114_400,1,4.61
University of Santo Tomas,3079.799,295.353,9.59,56.86,173,123,20,50,126,14,13.0,7,3,4,5,17,71.24,0.0,1,1,6,3,3,0,7.0,6,2,33.33,8,4,5.0,1.0,20.0,0.0,0,25,13,52.0,9,16,0.0,1.0,4,0,0,6.19,4.69,5.02,4.49,7.56,5.44,0.493,2025-06-02T04:38:34.013925+00:00,509,University_of_Santo_Tomas_20251208181114_509,1,5.44
Lakeside Athletic,2850.167,563.478,19.77,54.75,131,83,17,48,94,15,10.0,6,3,1,2,12,63.21,0.0,4,0,2,1,1,0,2.0,6,2,33.33,10,0,12.0,2.0,16.67,1.0,0,30,18,60.0,13,17,0.0,0.0,4,1,0,4.69,4.13,4.18,4.3,6.0,4.51,0.39,2025-03-01T13:27:45.013925+00:00,782,Lakeside_Athletic_20251208181114_782,1,4.51
Brookside United,2065.312,163.779,7.93,41.11,156,111,11,45,96,20,1.0,10,5,9,15,7,71.26,0.0,4,0,3,1,2,0,3.0,6,4,66.67,11,7,12.0,2.0,16.67,0.0,0,18,8,44.44,3,15,0.0,2.0,8,0,0,4.52,4.92,5.11,3.62,6.66,4.84,0.427,2025-02-02T05:53:42.013925+00:00,906,Brookside_United_20251208181114_906,1,4.84
Northbridge FC,2475.242,408.415,16.5,49.53,77,70,1,7,49,5,2.0,3,0,8,10,4,91.0,0.0,2,0,4,2,2,0,3.0,10,7,70.0,6,9,7.0,0.0,0.0,2.0,0,26,12,46.15,11,15,0.0,2.0,7,1,0,4.31,5.41,4.68,3.87,6.15,4.81,0.423,2025-07-01T11:16:33.014989+00:00,43,Northbridge_FC_20251208181114_43,1,4.81
University of Santo Tomas,3606.602,180.33,5.0,64.25,163,103,13,60,114,14,13.0,5,5,6,5,15,62.98,0.0,2,0,7,2,5,1,8.0,17,10,58.82,5,2,4.0,1.0,25.0,2.0,0,36,13,36.11,7,29,0.0,3.0,4,1,0,4.96,5.71,5.08,3.96,6.47,5.21,0.468,2025-11-19T13:11:53.014989+00:00,511,University_of_Santo_Tomas_20251208181114_511,1,5.21
2 Worlds FC,1755.145,338.216,19.27,32.74,63,42,6,21,42,7,7.0,2,1,3,2,7,66.39,0.0,1,0,3,1,2,0,2.0,5,2,40.0,14,8,17.0,3.0,17.65,1.0,0,5,3,60.0,2,3,0.0,0.0,10,2,0,4.55,5.63,4.2,4.21,5.96,4.88,0.431,2025-05-11T23:55:00.014989+00:00,824,2_Worlds_FC_20251208181114_824,1,4.88
Brookside United,3452.099,847.145,24.54,65.46,106,69,11,37,66,0,2.0,2,2,20,14,7,65.39,0.0,1,1,5,1,4,0,7.0,11,5,45.45,11,7,5.0,1.0,20.0,0.0,0,0,0,32.41,0,0,0.0,0.0,3,1,0,4.84,4.75,4.52,5.34,6.66,5.0,0.444,2025-10-29T05:34:36.014989+00:00,943,Brookside_United_20251208181114_943,1,5.0
Lakeside Athletic,2414.348,627.489,25.99,47.35,52,37,6,15,36,5,2.0,1,1,5,3,1,72.07,0.0,1,0,4,1,3,0,2.0,0,0,64.81,5,8,18.0,3.0,16.67,2.0,0,8,3,37.5,2,6,0.0,2.0,5,0,0,4.03,4.81,4.89,2.75,7.23,4.56,0.396,2025-07-13T16:49:24.014989+00:00,672,Lakeside_Athletic_20251208181114_672,1,4.56
San Beda University,2350.168,390.598,16.62,41.93,113,87,6,26,70,12,13.0,2,2,7,8,11,76.71,0.0,2,0,6,2,4,0,6.0,13,5,38.46,10,3,13.0,3.0,23.08,1.0,1,23,11,47.83,8,15,0.0,0.0,4,2,0,4.37,5.26,4.17,4.31,5.46,4.68,0.409,2025-03-26T06:51:54.014989+00:00,306,San_Beda_University_20251208181114_306,1,4.68
University of the Philippines,3413.742,522.303,15.3,61.38,197,126,20,71,145,31,20.0,3,3,0,0,13,63.95,1.0,4,1,6,1,5,1,7.0,9,5,55.56,5,2,4.0,1.0,25.0,1.0,1,31,17,54.84,6,25,0.0,0.0,4,0,0,5.52,5.02,5.33,4.5,6.6,5.31,0.479,2025-05-20T08:55:22.014989+00:00,655,University_of_the_Philippines_20251208181114_655,1,5.31
San Beda University,2573.571,531.957,20.67,49.09,86,70,5,16,72,13,8.0,2,2,0,0,10,81.54,0.0,0,1,7,1,6,1,7.0,18,9,50.0,12,9,15.0,6.0,40.0,1.0,2,17,9,52.94,0,17,0.0,2.0,3,0,0,4.82,5.78,4.86,5.33,7.21,5.41,0.49,2025-01-04T02:55:24.014989+00:00,764,San_Beda_University_20251208181114_764,1,5.41
Brookside United,2476.831,544.407,21.98,44.43,117,73,12,44,86,7,9.0,4,2,5,4,11,62.63,0.0,2,0,5,2,3,1,5.0,5,3,60.0,5,10,0.0,0.0,0.0,1.0,2,6,2,33.33,3,3,1.0,1.0,5,0,0,5.53,4.84,3.68,3.42,7.38,4.86,0.429,2025-09-04T22:36:07.014989+00:00,785,Brookside_United_20251208181114_785,1,4.86
Coastal Town,2980.239,393.392,13.2,54.92,107,66,14,41,57,9,5.0,3,2,17,15,3,61.4,0.0,2,0,5,2,3,1,3.0,13,10,76.92,5,1,0.0,0.0,0.0,0.0,3,24,13,54.17,6,18,1.0,1.0,4,1,0,5.3,5.04,4.03,3.46,6.03,4.79,0.421,2025-07-28T05:05:35.015929+00:00,247,Coastal_Town_20251208181114_247,1,4.79
Valley Rovers,2392.774,815.457,34.08,45.23,102,74,15,28,74,16,5.0,1,3,2,2,10,72.89,0.0,1,0,5,2,3,0,7.0,8,4,50.0,5,9,0.0,0.0,0.0,0.0,3,25,17,68.0,0,25,0.0,0.0,5,0,0,4.96,4.64,5.37,4.16,6.79,5.02,0.447,2025-01-20T09:45:40.015929+00:00,904,Valley_Rovers_20251208181114_904,1,5.02
De La Salle University,2828.075,622.176,22.0,53.73,173,130,10,43,146,15,10.0,5,2,0,0,25,75.18,0.0,3,1,5,1,4,1,6.0,6,3,50.0,5,4,3.0,1.0,33.33,3.0,0,23,11,47.83,4,19,0.0,1.0,9,1,0,4.75,4.03,5.26,4.18,6.35,4.73,0.414,2025-04-29T18:42:25.015929+00:00,725,De_La_Salle_University_20251208181114_725,1,4.73
2 Worlds FC,2377.196,776.154,32.65,42.44,107,77,13,30,72,18,4.0,2,2,6,4,6,72.34,0.0,2,1,5,2,3,0,6.0,1,1,100.0,7,2,6.0,2.0,33.33,0.0,0,17,5,29.41,4,13,0.0,1.0,3,1,0,5.51,4.0,4.13,2.7,5.8,4.45,0.383,2025-06-24T17:06:31.015929+00:00,580,2_Worlds_FC_20251208181114_580,1,4.45
Mapúa University,3339.559,588.43,17.62,64.24,169,128,12,41,111,11,16.0,7,4,5,14,17,76.0,0.0,1,1,5,2,3,0,5.0,11,7,63.64,6,6,3.0,1.0,33.33,2.0,2,34,15,44.12,13,21,0.0,2.0,8,2,0,5.95,5.38,4.9,4.63,5.82,5.38,0.487,2025-03-31T12:52:27.015929+00:00,803,Mapúa_University_20251208181114_803,1,5.38
De La Salle University,2996.512,326.919,10.91,57.08,163,130,10,33,118,20,17.0,4,3,1,1,17,79.97,0.0,1,1,5,2,3,1,3.0,10,4,40.0,13,5,8.0,3.0,37.5,0.0,1,8,4,50.0,2,6,1.0,1.0,2,1,0,5.57,4.78,4.32,2.61,6.09,4.74,0.416,2025-04-16T10:33:15.015929+00:00,172,De_La_Salle_University_20251208181114_172,1,4.74
Lakeside Athletic,2335.843,663.146,28.39,42.48,94,79,3,15,56,11,6.0,5,2,3,11,18,83.6,0.0,2,0,4,1,3,0,4.0,12,6,50.0,7,5,9.0,1.0,11.11,0.0,3,24,11,45.83,3,21,0.0,0.0,6,0,0,3.89,4.27,4.83,3.76,6.82,4.46,0.384,2024-12-25T20:45:27.015929+00:00,817,Lakeside_Athletic_20251208181114_817,1,4.46
Valley Rovers,2733.864,580.946,21.25,52.66,86,57,10,29,68,16,9.0,3,2,0,0,8,66.09,0.0,1,1,5,2,3,0,5.0,4,2,50.0,5,7,7.0,2.0,28.57,2.0,0,21,13,61.9,6,15,1.0,1.0,5,0,0,4.91,5.49,3.8,4.42,7.84,5.07,0.452,2025-11-05T21:10:00.015929+00:00,155,Valley_Rovers_20251208181114_155,1,5.07
University of the Philippines,2809.737,414.717,14.76,54.25,109,93,3,16,82,9,4.0,2,1,4,7,4,85.05,0.0,1,0,4,1,3,0,4.0,8,5,62.5,6,2,5.0,1.0,20.0,1.0,0,9,2,22.22,0,9,0.0,1.0,6,1,0,5.06,5.14,5.11,3.96,6.81,5.11,0.457,2025-03-24T18:24:35.015929+00:00,819,University_of_the_Philippines_20251208181114_819,1,5.11
Coastal Town,806.882,51.963,6.44,14.91,40,25,5,15,28,7,3.0,1,1,0,0,3,62.88,0.0,1,0,2,1,1,0,1.0,5,4,80.0,14,0,7.0,2.0,28.57,3.0,0,9,4,44.44,1,8,1.0,0.0,14,1,0,3.68,4.75,3.55,3.8,5.85,4.19,0.354,2025-09-14T19:45:14.015929+00:00,419,Coastal_Town_20251208181114_419,1,4.19
Far Eastern University,2531.769,571.927,22.59,50.57,111,81,16,30,71,12,6.0,2,2,12,6,16,73.04,0.0,3,0,2,1,1,0,3.0,8,6,75.0,10,1,5.0,1.0,20.0,0.0,0,24,8,33.33,1,23,1.0,1.0,4,2,0,5.1,5.94,4.57,4.06,5.53,5.13,0.459,2025-04-17T19:04:25.016928+00:00,804,Far_Eastern_University_20251208181114_804,1,5.13
City United,1274.8,168.401,13.21,25.45,50,34,7,16,36,6,6.0,1,2,0,0,3,68.11,0.0,1,0,2,1,1,0,3.0,4,3,75.0,10,7,8.0,1.0,12.5,2.0,0,7,3,42.86,1,6,2.0,1.0,11,0,0,5.28,4.29,3.81,4.69,7.2,4.82,0.424,2025-10-01T20:34:20.016928+00:00,871,City_United_20251208181114_871,1,4.82
National University,2557.107,438.032,17.13,47.19,100,87,6,13,67,13,9.0,4,2,2,4,5,87.31,0.0,3,0,4,2,2,0,4.0,6,3,50.0,6,2,9.0,2.0,22.22,0.0,0,21,11,52.38,2,19,0.0,3.0,4,1,0,5.46,3.96,5.28,3.66,6.51,4.86,0.429,2025-01-05T07:12:17.016928+00:00,532,National_University_20251208181114_532,1,4.86
Adamson University,1442.723,297.489,20.62,26.91,64,48,5,16,39,8,2.0,1,2,5,7,4,74.83,0.0,1,0,2,1,1,0,2.0,7,4,57.14,10,7,10.0,2.0,20.0,3.0,0,9,6,66.67,2,7,0.0,0.0,10,0,0,4.2,5.79,5.52,4.43,7.16,5.24,0.471,2025-06-24T03:57:41.016928+00:00,531,Adamson_University_20251208181114_531,1,5.24
Northbridge FC,2675.151,211.069,7.89,49.68,125,97,8,28,94,14,8.0,8,4,0,0,17,77.51,0.0,2,1,5,2,3,0,4.0,11,5,45.45,3,8,11.0,1.0,9.09,3.0,0,29,12,41.38,8,21,1.0,1.0,2,0,0,5.4,5.62,4.63,5.05,7.67,5.49,0.499,2025-10-10T09:52:17.016928+00:00,650,Northbridge_FC_20251208181114_650,1,5.49
Valley Rovers,1752.285,375.339,21.42,35.07,59,40,7,19,42,10,7.0,2,1,0,0,3,68.61,0.0,0,0,3,1,2,0,4.0,5,3,60.0,0,8,9.0,1.0,11.11,1.0,0,12,6,50.0,4,8,1.0,1.0,12,0,0,4.61,4.35,4.36,4.89,6.8,4.75,0.417,2025-08-05T12:42:19.016928+00:00,3,Valley_Rovers_20251208181114_3,1,4.75
San Beda University,2045.319,423.995,20.73,39.39,83,61,6,22,58,10,2.0,0,2,4,6,4,73.04,0.0,2,0,4,2,2,0,5.0,6,3,50.0,11,6,11.0,2.0,18.18,1.0,0,12,7,58.33,3,9,0.0,2.0,7,0,0,4.62,5.38,4.95,4.3,7.3,5.12,0.458,2025-09-20T14:20:26.016928+00:00,955,San_Beda_University_20251208181114_955,1,5.12
University of Santo Tomas,1568.88,169.125,10.78,29.77,88,65,7,23,61,10,7.0,3,2,2,3,1,73.34,0.0,2,0,3,1,2,0,4.0,3,2,66.67,10,4,13.0,3.0,23.08,0.0,0,13,7,53.85,5,8,0.0,2.0,12,0,0,5.22,4.58,4.28,4.19,7.12,4.9,0.433,2025-11-05T10:59:15.016928+00:00,461,University_of_Santo_Tomas_20251208181114_461,1,4.9
Lakeside Athletic,3797.09,1100.776,28.99,68.97,170,119,17,51,112,21,2.0,3,3,13,15,12,70.06,0.0,4,1,11,5,6,1,12.0,6,4,66.67,6,3,5.0,1.0,20.0,2.0,0,10,6,60.0,0,10,1.0,1.0,1,0,0,5.08,5.09,4.86,4.48,7.36,5.18,0.464,2025-07-18T16:03:15.017927+00:00,829,Lakeside_Athletic_20251208181114_829,1,5.18
Coastal Town,4014.624,545.989,13.6,77.21,175,98,15,77,130,21,17.0,6,1,0,0,0,56.28,0.0,1,1,9,3,6,1,11.0,7,3,42.86,2,2,6.0,2.0,33.33,3.0,0,48,23,47.92,13,35,1.0,3.0,4,1,0,5.57,3.97,3.81,4.06,6.61,4.66,0.407,2025-06-26T16:01:08.017927+00:00,543,Coastal_Town_20251208181114_543,1,4.66
San Beda University,1162.877,115.241,9.91,21.26,48,37,5,11,37,5,4.0,1,1,0,0,5,77.1,0.0,1,0,2,1,1,0,2.0,4,2,50.0,8,7,8.0,3.0,37.5,3.0,2,6,1,16.67,4,2,0.0,0.0,1,0,0,4.42,5.33,5.14,3.84,7.19,5.01,0.446,2025-06-28T12:04:29.017927+00:00,152,San_Beda_University_20251208181114_152,1,5.01
De La Salle University,2045.048,176.488,8.63,37.68,54,39,1,15,39,6,4.0,2,1,1,1,4,71.98,0.0,1,0,3,1,2,0,4.0,3,2,66.67,7,11,13.0,2.0,15.38,2.0,0,19,11,57.89,5,14,0.0,1.0,5,0,0,4.06,5.35,5.57,4.84,7.92,5.22,0.469,2025-09-19T16:14:15.017927+00:00,842,De_La_Salle_University_20251208181114_842,1,5.22
University of the Philippines,2737.533,612.386,22.37,50.51,87,69,4,18,60,13,5.0,3,0,2,3,9,79.44,0.0,2,0,4,1,3,0,5.0,17,11,64.71,6,7,2.0,0.0,0.0,2.0,1,39,16,41.03,14,25,0.0,2.0,5,1,0,4.71,5.73,4.01,4.4,5.37,4.88,0.431,2025-02-10T09:54:14.017927+00:00,340,University_of_the_Philippines_20251208181114_340,1,4.88
Highland Wanderers,2118.032,445.634,21.04,38.42,53,31,7,22,35,2,4.0,1,1,6,4,2,58.96,0.0,1,1,4,1,3,0,4.0,6,3,50.0,7,0,15.0,0.0,0.0,2.0,0,15,11,73.33,5,10,0.0,0.0,8,1,0,5.47,3.96,4.48,3.7,6.06,4.66,0.407,2025-05-08T14:05:26.017927+00:00,63,Highland_Wanderers_20251208181114_63,1,4.66
Riverside FC,3228.16,822.535,25.48,59.13,181,144,11,37,121,20,9.0,9,3,10,8,8,79.41,0.0,3,1,7,2,5,0,10.0,9,6,66.67,6,0,6.0,1.0,16.67,1.0,0,38,18,47.37,8,30,0.0,2.0,6,0,0,5.38,4.55,5.61,3.89,7.38,5.19,0.466,2025-04-03T23:22:56.017927+00:00,154,Riverside_FC_20251208181114_154,1,5.19
City United,3669.742,684.774,18.66,73.33,145,110,12,35,92,19,3.0,3,3,13,13,9,75.7,1.0,4,1,7,3,4,0,8.0,8,5,62.5,6,0,6.0,1.0,16.67,1.0,2,26,19,73.08,8,18,0.0,4.0,4,0,0,5.05,5.13,4.96,3.8,6.81,5.06,0.451,2024-12-24T17:51:48.017927+00:00,841,City_United_20251208181114_841,1,5.06
Coastal Town,2953.082,625.758,21.19,53.82,165,124,12,41,133,16,9.0,3,6,0,0,9,75.25,0.0,4,0,4,3,1,0,6.0,4,2,50.0,5,9,3.0,1.0,33.33,1.0,1,38,25,65.79,8,30,0.0,2.0,5,0,0,5.31,4.76,4.49,4.55,7.66,5.12,0.458,2025-07-10T08:44:31.017927+00:00,934,Coastal_Town_20251208181114_934,1,5.12
Riverside FC,2642.163,758.829,28.72,50.62,115,70,14,45,78,13,4.0,0,2,10,7,5,60.49,0.0,3,1,5,2,3,0,6.0,2,1,50.0,12,4,8.0,1.0,12.5,2.0,2,16,9,56.25,3,13,2.0,0.0,6,0,0,4.58,4.49,4.82,4.5,6.91,4.82,0.424,2025-07-09T03:08:48.018926+00:00,415,Riverside_FC_20251208181114_415,1,4.82
Ateneo de Manila University,2683.478,401.985,14.98,52.64,102,72,9,30,78,10,4.0,5,2,1,2,6,70.8,0.0,2,1,7,3,4,1,5.0,14,9,64.29,5,3,10.0,2.0,20.0,2.0,1,21,8,38.1,9,12,1.0,3.0,4,0,0,5.1,4.47,4.83,4.65,7.57,5.05,0.45,2025-07-09T07:35:55.018926+00:00,892,Ateneo_de_Manila_University_20251208181114_892,1,5.05
Lakeside Athletic,3746.495,397.878,10.62,70.62,156,123,11,33,104,26,9.0,5,2,6,4,6,78.95,0.0,4,1,9,3,6,1,12.0,6,3,50.0,1,2,2.0,0.0,0.0,1.0,1,39,23,58.97,13,26,2.0,2.0,2,0,0,5.52,4.89,5.49,3.54,6.77,5.19,0.466,2025-05-08T14:22:03.018926+00:00,746,Lakeside_Athletic_20251208181114_746,1,5.19
Valley Rovers,2167.061,306.639,14.15,39.57,69,48,6,21,50,3,6.0,2,1,3,4,0,69.42,0.0,1,0,4,2,2,0,3.0,13,6,46.15,14,8,13.0,2.0,15.38,0.0,1,19,11,57.89,0,19,1.0,0.0,5,0,0,5.32,5.53,3.56,4.22,6.99,5.04,0.449,2025-04-27T19:32:53.018926+00:00,737,Valley_Rovers_20251208181114_737,1,5.04
Mapúa University,2069.439,279.995,13.53,38.02,117,89,10,28,87,5,9.0,3,1,3,9,14,75.86,0.0,2,0,4,1,3,0,4.0,5,2,40.0,4,1,3.0,1.0,33.33,0.0,0,0,0,50.81,0,0,0.0,1.0,6,1,0,4.07,3.93,4.74,5.03,6.18,4.51,0.39,2025-03-17T23:08:30.018926+00:00,900,Mapúa_University_20251208181114_900,1,4.51
Brookside United,1448.384,327.624,22.62,27.43,44,32,3,12,34,8,4.0,1,2,0,0,2,73.72,0.0,1,0,2,1,1,0,2.0,2,1,50.0,15,9,8.0,1.0,12.5,0.0,2,10,6,60.0,3,7,1.0,0.0,10,0,0,3.46,4.27,3.58,3.72,6.85,4.09,0.343,2025-11-11T10:04:16.018926+00:00,98,Brookside_United_20251208181114_98,1,4.09
Lakeside Athletic,2743.854,335.025,12.21,51.47,89,64,11,25,54,15,8.0,3,3,4,2,0,71.78,0.0,2,1,5,2,3,0,4.0,13,9,69.23,14,3,9.0,2.0,22.22,0.0,2,37,15,40.54,3,34,0.0,0.0,6,1,0,5.08,5.15,4.43,5.25,6.1,5.1,0.456,2025-04-04T23:40:46.018926+00:00,340,Lakeside_Athletic_20251208181114_340,1,5.1
University of Santo Tomas,1415.849,178.822,12.63,28.03,56,51,2,5,43,5,0.0,3,2,1,2,4,91.82,0.0,1,0,3,1,2,0,3.0,8,3,37.5,17,5,12.0,4.0,33.33,1.0,0,0,0,21.35,0,0,0.0,1.0,6,0,0,3.64,4.82,4.93,3.48,7.19,4.56,0.396,2025-07-15T02:48:31.018926+00:00,709,University_of_Santo_Tomas_20251208181114_709,1,4.56
San Beda University,1064.82,173.672,16.31,21.14,55,42,6,13,40,8,0.0,1,1,3,2,6,76.49,0.0,1,0,1,0,1,0,1.0,2,1,50.0,10,6,3.0,1.0,33.33,2.0,1,4,1,25.0,3,1,1.0,1.0,16,2,0,3.33,4.25,4.0,3.34,5.99,3.99,0.332,2025-02-03T11:02:03.018926+00:00,536,San_Beda_University_20251208181114_536,1,3.99
Adamson University,499.619,121.607,24.34,9.96,28,21,2,7,20,4,2.0,1,1,1,0,3,74.28,0.0,0,0,1,0,1,0,1.0,2,1,50.0,22,12,0.0,0.0,0.0,0.0,1,6,2,33.33,3,3,1.0,0.0,7,2,0,3.1,4.37,3.91,3.46,5.48,3.91,0.323,2025-06-14T01:57:40.019929+00:00,302,Adamson_University_20251208181114_302,1,3.91
National University,2284.511,515.386,22.56,42.43,117,73,13,44,86,8,11.0,5,3,2,2,8,62.06,0.0,1,0,3,1,2,0,3.0,9,7,77.78,7,2,7.0,2.0,28.57,2.0,1,20,9,45.0,7,13,0.0,1.0,3,0,0,4.2,5.14,5.22,4.31,7.24,4.99,0.443,2025-09-08T09:00:56.019929+00:00,927,National_University_20251208181114_927,1,4.99
Highland Wanderers,2004.426,315.096,15.72,39.03,79,51,9,28,54,10,3.0,1,1,3,7,6,64.71,0.0,1,0,4,1,3,0,5.0,4,2,50.0,6,3,7.0,1.0,14.29,0.0,0,10,6,60.0,5,5,2.0,0.0,6,0,0,3.9,4.64,4.1,4.08,6.79,4.46,0.384,2025-10-26T07:05:38.019929+00:00,73,Highland_Wanderers_20251208181114_73,1,4.46
Adamson University,2074.769,358.313,17.27,38.08,98,70,9,28,61,13,7.0,2,1,7,5,12,71.87,0.0,2,0,3,1,2,0,4.0,9,3,33.33,4,3,14.0,3.0,21.43,2.0,0,8,4,50.0,1,7,0.0,2.0,9,2,0,3.19,5.71,4.28,3.91,5.04,4.4,0.378,2025-07-20T05:05:56.019929+00:00,767,Adamson_University_20251208181114_767,1,4.4
Far Eastern University,2366.879,118.344,5.0,44.93,103,75,10,28,68,12,2.0,1,2,7,11,5,72.69,0.0,2,0,4,1,3,0,3.0,1,0,0.0,3,5,13.0,3.0,23.08,1.0,0,33,16,48.48,5,28,0.0,1.0,3,1,0,5.13,4.23,3.93,4.03,5.97,4.57,0.397,2025-09-07T21:34:01.019929+00:00,696,Far_Eastern_University_20251208181114_696,1,4.57
Northbridge FC,2581.23,642.468,24.89,46.65,151,114,8,37,105,18,6.0,4,4,5,9,6,75.79,0.0,5,0,6,2,4,1,8.0,6,3,50.0,2,3,6.0,1.0,16.67,2.0,1,19,16,84.21,5,14,1.0,1.0,3,1,1,3.95,4.22,5.32,4.26,4.88,4.44,0.382,2025-07-18T10:29:11.019929+00:00,676,Northbridge_FC_20251208181114_676,1,4.44
Far Eastern University,3213.223,833.51,25.94,58.45,110,84,11,26,75,15,5.0,2,1,4,8,6,76.78,0.0,3,1,7,3,4,0,9.0,5,3,60.0,10,3,9.0,1.0,11.11,2.0,0,40,15,37.5,11,29,0.0,3.0,6,1,0,4.96,5.39,4.37,4.99,6.88,5.16,0.462,2025-11-03T09:49:12.019929+00:00,192,Far_Eastern_University_20251208181114_192,1,5.16
Metro FC,1979.019,523.846,26.47,39.16,108,68,11,40,69,16,3.0,5,4,3,8,3,62.53,0.0,3,0,5,1,4,1,5.0,4,1,25.0,13,5,4.0,1.0,25.0,1.0,0,21,5,23.81,7,14,0.0,0.0,7,1,0,3.46,4.52,3.89,3.97,6.44,4.21,0.357,2025-12-04T21:08:37.019929+00:00,395,Metro_FC_20251208181114_395,1,4.21
Valley Rovers,1761.414,302.259,17.16,34.53,72,43,8,29,55,11,3.0,2,1,1,1,0,59.97,0.0,2,0,3,1,2,0,1.0,1,0,0.0,7,8,10.0,2.0,20.0,1.0,1,12,3,25.0,3,9,0.0,0.0,7,1,0,3.54,5.13,3.39,3.43,6.26,4.21,0.357,2025-07-27T10:06:47.020929+00:00,121,Valley_Rovers_20251208181114_121,1,4.21
City United,2384.235,367.649,15.42,44.46,46,40,2,6,35,4,6.0,2,1,0,0,6,87.62,0.0,1,0,5,2,3,0,5.0,4,2,50.0,13,7,8.0,1.0,12.5,2.0,0,18,9,50.0,3,15,0.0,0.0,5,0,0,4.46,4.71,4.87,4.74,7.1,4.92,0.436,2025-05-15T21:15:20.020929+00:00,82,City_United_20251208181114_82,1,4.92
San Beda University,2960.811,752.342,25.41,55.55,106,81,6,25,81,16,6.0,5,2,0,0,5,76.4,0.0,2,0,7,2,5,0,8.0,10,7,70.0,7,3,4.0,0.0,0.0,0.0,0,18,9,50.0,7,11,0.0,3.0,3,1,0,4.85,4.59,5.09,3.87,6.38,4.84,0.427,2025-09-02T00:01:10.020929+00:00,268,San_Beda_University_20251208181114_268,1,4.84
Adamson University,854.796,182.243,21.32,15.7,35,23,3,12,26,4,2.0,2,1,0,0,1,65.02,0.0,1,0,1,0,1,0,1.0,1,0,0.0,13,11,10.0,2.0,20.0,3.0,1,2,1,50.0,0,2,0.0,0.0,6,2,0,3.69,5.09,3.98,4.2,6.11,4.45,0.383,2025-06-25T05:01:19.020929+00:00,241,Adamson_University_20251208181114_241,1,4.45
Brookside United,2403.086,644.267,26.81,46.92,79,62,7,17,51,12,6.0,4,1,3,2,6,78.33,0.0,2,1,5,2,3,0,4.0,14,11,78.57,12,10,10.0,3.0,30.0,3.0,0,16,8,50.0,2,14,0.0,1.0,2,1,0,5.43,4.99,4.17,3.64,6.21,4.88,0.431,2025-02-24T21:53:23.020929+00:00,883,Brookside_United_20251208181114_883,1,4.88
Mapúa University,2959.623,834.022,28.18,59.42,186,116,23,70,128,13,7.0,8,7,8,15,24,62.6,0.0,4,0,5,2,3,0,6.0,6,3,50.0,3,6,5.0,1.0,20.0,2.0,1,20,13,65.0,5,15,1.0,2.0,3,0,0,4.19,4.95,4.78,3.99,6.62,4.74,0.416,2024-12-15T15:16:20.020929+00:00,353,Mapúa_University_20251208181114_353,1,4.74
Adamson University,2396.711,476.706,19.89,42.99,100,71,10,29,71,7,7.0,3,2,4,6,12,71.1,0.0,3,0,5,1,4,0,6.0,15,7,46.67,0,7,13.0,2.0,15.38,3.0,0,15,5,33.33,5,10,1.0,0.0,4,0,0,4.42,5.46,4.66,4.39,7.0,5.01,0.446,2025-12-03T18:11:02.020929+00:00,171,Adamson_University_20251208181114_171,1,5.01
Valley Rovers,2853.615,621.232,21.77,52.27,111,85,5,26,75,6,7.0,2,4,8,8,3,76.56,1.0,3,0,4,2,2,0,3.0,7,5,71.43,9,1,6.0,1.0,16.67,0.0,2,13,6,46.15,3,10,0.0,1.0,6,0,0,4.91,4.85,4.35,4.94,8.06,5.1,0.456,2025-11-27T11:25:03.020929+00:00,835,Valley_Rovers_20251208181114_835,1,5.1
University of the Philippines,2465.574,715.263,29.01,45.33,120,82,17,38,76,15,5.0,7,4,6,8,11,67.94,0.0,0,1,5,2,3,0,6.0,11,4,36.36,13,8,8.0,3.0,37.5,0.0,2,20,10,50.0,2,18,1.0,1.0,4,0,0,5.06,5.79,4.52,3.84,7.19,5.2,0.467,2025-08-29T05:03:53.020929+00:00,289,University_of_the_Philippines_20251208181114_289,1,5.2
Ateneo de Manila University,3670.392,846.392,23.06,67.97,155,109,8,46,109,21,3.0,3,4,9,6,11,70.11,1.0,4,1,7,3,4,0,6.0,10,7,70.0,5,4,6.0,2.0,33.33,2.0,2,19,8,42.11,8,11,0.0,3.0,3,0,0,4.94,4.27,4.64,3.38,7.08,4.69,0.41,2025-02-21T11:23:33.021927+00:00,885,Ateneo_de_Manila_University_20251208181114_885,1,4.69
Highland Wanderers,2265.741,567.342,25.04,40.97,55,36,6,19,41,9,0.0,2,1,1,1,5,65.8,0.0,0,0,4,1,3,0,6.0,9,4,44.44,5,1,10.0,3.0,30.0,0.0,1,24,19,79.17,8,16,0.0,1.0,8,1,0,4.27,3.75,3.81,4.32,6.29,4.24,0.36,2025-08-16T20:07:31.021927+00:00,357,Highland_Wanderers_20251208181114_357,1,4.24
De La Salle University,2540.831,510.453,20.09,45.61,146,103,6,43,100,18,7.0,0,2,7,13,15,70.63,0.0,3,1,6,2,4,1,5.0,12,6,50.0,7,3,7.0,1.0,14.29,1.0,0,30,18,60.0,5,25,1.0,0.0,1,0,0,5.58,5.24,4.64,4.86,7.2,5.36,0.484,2025-06-11T06:42:47.021927+00:00,14,De_La_Salle_University_20251208181114_14,1,5.36
Highland Wanderers,3017.249,362.975,12.03,56.1,128,101,9,27,90,22,4.0,6,3,1,2,0,79.23,0.0,2,1,6,3,3,1,10.0,11,7,63.64,7,0,9.0,0.0,0.0,0.0,1,20,9,45.0,5,15,0.0,3.0,4,1,0,4.77,4.87,4.63,4.35,6.19,4.85,0.428,2025-04-02T21:12:27.021927+00:00,333,Highland_Wanderers_20251208181114_333,1,4.85
University of the Philippines,3355.96,1019.205,30.37,62.33,131,99,5,32,103,20,6.0,5,2,0,0,9,75.48,0.0,4,0,5,1,4,1,6.0,17,8,47.06,8,6,8.0,3.0,37.5,1.0,0,36,20,55.56,10,26,0.0,0.0,6,0,0,4.15,5.52,4.42,3.92,6.56,4.8,0.422,2025-04-05T21:49:26.021927+00:00,610,University_of_the_Philippines_20251208181114_610,1,4.8
Adamson University,1790.364,421.989,23.57,33.58,99,77,8,22,70,15,2.0,4,2,3,4,5,77.45,0.0,2,0,2,1,1,0,2.0,4,2,50.0,12,6,8.0,1.0,12.5,1.0,0,8,4,50.0,2,6,0.0,0.0,4,2,0,3.86,4.97,4.84,3.61,4.96,4.44,0.382,2025-03-03T00:36:03.021927+00:00,500,Adamson_University_20251208181114_500,1,4.44
Brookside United,2316.787,335.471,14.48,41.29,56,32,9,24,45,5,3.0,2,1,0,0,3,57.54,0.0,2,0,3,1,2,0,3.0,16,5,31.25,15,1,8.0,2.0,25.0,0.0,0,24,19,79.17,2,22,0.0,3.0,8,1,0,5.16,5.11,4.56,3.93,6.67,5.0,0.444,2025-03-27T08:08:35.021927+00:00,748,Brookside_United_20251208181114_748,1,5.0
Ateneo de Manila University,2658.038,662.383,24.92,47.33,173,126,20,47,129,19,8.0,7,5,3,2,4,72.63,0.0,2,0,6,2,4,1,5.0,13,9,69.23,2,3,8.0,2.0,25.0,0.0,1,14,9,64.29,2,12,0.0,0.0,6,0,0,4.74,5.06,4.62,3.82,7.54,4.96,0.44,2025-05-11T03:12:51.021927+00:00,641,Ateneo_de_Manila_University_20251208181114_641,1,4.96
Lyceum,2739.751,612.06,22.34,50.26,89,59,7,30,59,11,7.0,7,2,1,2,4,66.82,0.0,2,0,7,3,4,1,10.0,10,6,60.0,10,4,7.0,1.0,14.29,2.0,2,27,13,48.15,6,21,0.0,2.0,6,1,0,5.02,3.98,4.05,4.63,6.13,4.59,0.399,2025-11-16T20:03:12.021927+00:00,454,Lyceum_20251208181114_454,1,4.59
Metro FC,2211.797,594.531,26.88,40.59,70,52,3,18,55,5,2.0,2,1,2,3,9,73.78,0.0,2,0,4,1,3,0,4.0,5,4,80.0,4,7,7.0,1.0,14.29,0.0,1,8,4,50.0,2,6,0.0,0.0,5,0,0,4.25,4.04,4.63,3.5,7.33,4.47,0.386,2025-08-02T06:23:17.022926+00:00,738,Metro_FC_20251208181114_738,1,4.47
University of Santo Tomas,3413.946,928.935,27.21,62.72,171,134,12,37,116,18,2.0,9,3,12,11,21,78.12,0.0,2,1,7,2,5,1,9.0,12,6,50.0,0,4,7.0,3.0,42.86,0.0,1,40,20,50.0,1,39,0.0,1.0,3,0,0,6.25,4.96,4.4,5.48,7.23,5.51,0.501,2025-07-18T19:37:21.022926+00:00,736,University_of_Santo_Tomas_20251208181114_736,1,5.51
Highland Wanderers,2533.048,406.048,16.03,50.02,105,80,6,25,80,8,8.0,2,2,2,3,6,76.19,0.0,1,0,3,1,2,0,2.0,10,5,50.0,6,7,6.0,1.0,16.67,0.0,0,24,11,45.83,4,20,0.0,1.0,4,0,0,4.17,5.64,4.06,4.05,6.85,4.81,0.423,2024-12-12T07:43:52.022926+00:00,840,Highland_Wanderers_20251208181114_840,1,4.81
Riverside FC,979.885,170.892,17.44,17.76,42,31,4,11,25,4,2.0,1,0,6,5,0,74.63,0.0,1,0,1,0,1,0,1.0,2,1,50.0,12,9,7.0,1.0,14.29,1.0,0,6,4,66.67,2,4,0.0,0.0,11,0,0,3.19,6.12,4.72,4.61,6.99,4.9,0.433,2025-04-10T16:53:34.022926+00:00,624,Riverside_FC_20251208181114_624,1,4.9
Far Eastern University,3135.306,766.269,24.44,56.71,148,109,9,39,113,5,14.0,5,1,4,6,11,73.54,0.0,2,0,5,2,3,0,6.0,6,4,66.67,8,6,7.0,2.0,28.57,1.0,1,9,4,44.44,2,7,1.0,0.0,5,0,0,5.15,5.37,5.3,4.1,7.6,5.34,0.482,2025-04-04T23:58:51.022926+00:00,494,Far_Eastern_University_20251208181114_494,1,5.34
Far Eastern University,2964.649,148.232,5.0,57.14,131,106,9,25,99,16,6.0,6,2,0,0,10,80.75,0.0,3,0,5,2,3,1,3.0,19,14,73.68,9,5,5.0,1.0,20.0,0.0,2,19,12,63.16,6,13,0.0,1.0,6,2,0,5.72,5.74,5.45,3.65,5.5,5.36,0.484,2024-12-13T07:52:26.022926+00:00,195,Far_Eastern_University_20251208181114_195,1,5.36
Northbridge FC,2980.514,695.056,23.32,53.74,122,73,11,49,104,17,11.0,4,3,0,0,7,59.85,0.0,1,0,6,2,4,1,6.0,20,14,70.0,6,1,11.0,3.0,27.27,1.0,0,37,19,51.35,4,33,1.0,1.0,5,0,0,5.37,4.59,5.4,5.32,6.99,5.31,0.479,2025-11-05T00:52:51.022926+00:00,251,Northbridge_FC_20251208181114_251,1,5.31
University of the Philippines,3295.159,699.562,21.23,62.43,112,80,14,32,87,9,7.0,3,2,2,3,8,71.5,0.0,1,1,6,2,4,0,6.0,19,5,26.32,8,2,4.0,1.0,25.0,0.0,0,19,5,26.32,8,11,1.0,1.0,5,0,0,5.4,4.3,4.06,3.06,6.78,4.63,0.403,2025-06-24T00:11:26.022926+00:00,360,University_of_the_Philippines_20251208181114_360,1,4.63
Ateneo de Manila University,2648.119,575.966,21.75,49.55,87,76,3,11,61,5,3.0,3,1,5,8,9,87.79,0.0,3,0,2,1,1,0,3.0,4,2,50.0,0,5,8.0,1.0,12.5,3.0,1,20,11,55.0,5,15,0.0,0.0,2,1,0,4.45,4.3,4.42,4.29,6.5,4.58,0.398,2025-02-27T04:11:05.023926+00:00,93,Ateneo_de_Manila_University_20251208181114_93,1,4.58
City United,2870.102,419.035,14.6,54.79,183,151,15,32,129,20,9.0,9,2,8,7,14,82.25,0.0,5,0,4,1,3,0,4.0,14,7,50.0,9,5,7.0,0.0,0.0,1.0,0,33,14,42.42,10,23,0.0,0.0,5,0,0,4.08,4.37,5.07,4.79,6.68,4.72,0.413,2025-07-18T01:15:34.023926+00:00,861,City_United_20251208181114_861,1,4.72
Valley Rovers,1486.291,246.724,16.6,28.99,44,32,1,12,29,3,1.0,1,0,3,7,3,73.77,0.0,1,0,2,0,2,0,2.0,4,2,50.0,7,13,10.0,3.0,30.0,0.0,0,7,3,42.86,2,5,0.0,0.0,12,2,0,3.68,5.0,4.12,5.03,4.9,4.45,0.383,2025-09-21T18:11:18.023926+00:00,81,Valley_Rovers_20251208181114_81,1,4.45
Lakeside Athletic,1611.2,277.61,17.23,29.34,69,36,11,33,49,10,3.0,3,2,2,2,5,51.76,0.0,1,0,2,1,1,0,3.0,8,4,50.0,8,9,14.0,2.0,14.29,3.0,0,5,3,60.0,0,5,0.0,0.0,7,2,0,4.12,4.94,4.54,5.4,5.83,4.78,0.42,2025-01-16T05:18:18.023926+00:00,379,Lakeside_Athletic_20251208181114_379,1,4.78
Riverside FC,3737.909,417.898,11.18,72.09,176,141,10,35,116,15,12.0,1,3,8,20,16,79.97,0.0,2,1,6,2,4,0,7.0,8,5,62.5,4,4,5.0,1.0,20.0,2.0,1,0,0,29.73,0,0,1.0,2.0,5,1,0,3.87,5.63,4.56,3.34,6.39,4.68,0.409,2025-10-30T18:55:48.023926+00:00,626,Riverside_FC_20251208181114_626,1,4.68
Lakeside Athletic,3575.43,690.058,19.3,63.7,95,70,13,25,57,11,11.0,3,2,2,10,16,73.34,0.0,2,1,8,3,5,0,10.0,17,7,41.18,6,4,7.0,1.0,14.29,1.0,2,26,12,46.15,2,24,1.0,2.0,3,0,0,5.69,5.02,4.62,3.86,6.54,5.12,0.458,2025-04-08T02:18:40.023926+00:00,945,Lakeside_Athletic_20251208181114_945,1,5.12
Metro FC,2227.465,118.501,5.32,44.43,117,89,13,28,77,6,10.0,5,3,7,9,9,76.23,0.0,2,0,6,2,4,1,6.0,8,6,75.0,14,5,7.0,2.0,28.57,2.0,0,17,7,41.18,4,13,0.0,1.0,8,1,0,5.12,3.65,4.12,4.06,6.79,4.53,0.392,2025-11-30T16:50:19.023926+00:00,865,Metro_FC_20251208181114_865,1,4.53
2 Worlds FC,737.569,123.248,16.71,14.22,27,23,2,4,22,1,1.0,1,0,1,1,1,84.27,0.0,0,0,2,1,1,0,3.0,2,1,50.0,6,14,17.0,4.0,23.53,2.0,0,2,1,50.0,2,0,0.0,0.0,16,1,0,3.69,4.41,4.3,3.44,7.33,4.34,0.371,2025-08-21T16:31:39.023926+00:00,58,2_Worlds_FC_20251208181114_58,1,4.34
Northbridge FC,2244.91,472.554,21.05,44.37,81,54,12,27,51,9,5.0,2,3,6,4,2,66.12,0.0,2,0,4,2,2,0,5.0,9,3,33.33,7,4,5.0,1.0,20.0,0.0,1,15,8,53.33,6,9,1.0,1.0,7,0,1,4.84,4.5,4.62,3.99,4.76,4.57,0.397,2025-03-06T23:42:30.024935+00:00,178,Northbridge_FC_20251208181114_178,1,4.57
National University,3612.162,540.379,14.96,66.07,151,106,11,45,123,12,0.0,3,3,4,5,11,70.48,0.0,2,1,8,2,6,1,9.0,10,6,60.0,2,5,9.0,2.0,22.22,0.0,1,22,9,40.91,6,16,0.0,3.0,4,1,0,4.96,4.92,4.24,4.38,6.26,4.85,0.428,2025-01-30T01:37:18.024935+00:00,476,National_University_20251208181114_476,1,4.85
University of Santo Tomas,1892.351,445.27,23.53,37.15,82,65,6,17,57,11,3.0,2,2,4,3,2,79.82,0.0,2,0,5,3,2,0,4.0,6,4,66.67,0,5,10.0,3.0,30.0,1.0,0,20,10,50.0,8,12,0.0,3.0,12,0,0,4.69,5.64,4.81,4.09,6.78,5.1,0.456,2025-05-21T00:44:16.024935+00:00,397,University_of_Santo_Tomas_20251208181114_397,1,5.1
University of the Philippines,2518.067,708.836,28.15,47.61,124,97,11,27,78,16,11.0,4,7,5,3,11,78.08,0.0,1,1,6,2,4,1,8.0,15,6,40.0,3,9,7.0,1.0,14.29,2.0,0,19,6,31.58,3,16,0.0,1.0,9,0,0,4.94,4.95,3.78,3.91,7.3,4.8,0.422,2025-05-26T04:52:36.024935+00:00,464,University_of_the_Philippines_20251208181114_464,1,4.8
Lakeside Athletic,3283.457,646.841,19.7,60.94,110,66,12,44,78,11,5.0,5,1,3,8,9,59.83,0.0,1,0,5,2,3,0,5.0,7,5,71.43,0,4,2.0,0.0,0.0,2.0,0,27,11,40.74,2,25,2.0,1.0,6,2,0,4.46,4.99,4.51,3.98,5.7,4.68,0.409,2025-09-24T00:07:00.024935+00:00,634,Lakeside_Athletic_20251208181114_634,1,4.68
Far Eastern University,2747.563,533.851,19.43,53.87,97,84,4,13,73,16,4.0,1,3,0,0,8,86.48,0.0,2,0,4,2,2,0,3.0,10,4,40.0,6,2,8.0,2.0,25.0,0.0,0,14,8,57.14,5,9,0.0,0.0,11,1,0,4.41,5.03,5.06,3.75,5.56,4.74,0.416,2025-09-21T12:18:59.024935+00:00,896,Far_Eastern_University_20251208181114_896,1,4.74
National University,3020.378,590.786,19.56,59.81,146,115,13,31,100,17,7.0,6,2,8,6,14,79.06,0.0,2,1,6,2,4,0,8.0,14,8,57.14,5,2,4.0,2.0,50.0,2.0,2,33,20,60.61,6,27,0.0,0.0,5,0,0,5.13,5.34,5.44,3.65,7.31,5.26,0.473,2025-01-14T11:04:56.024935+00:00,120,National_University_20251208181114_120,1,5.26
Northbridge FC,2586.135,599.725,23.19,50.59,127,77,9,50,90,8,10.0,6,3,5,5,14,60.75,0.0,3,1,6,3,3,0,7.0,13,10,76.92,6,8,10.0,0.0,0.0,2.0,0,28,6,21.43,0,28,1.0,2.0,8,2,0,5.61,3.94,5.42,5.48,6.01,5.13,0.459,2025-05-30T14:58:01.024935+00:00,540,Northbridge_FC_20251208181114_540,1,5.13
San Beda University,2073.183,284.441,13.72,40.8,71,59,2,12,53,8,5.0,1,0,2,2,4,82.8,0.0,1,0,6,2,4,1,5.0,11,8,72.73,8,8,14.0,2.0,14.29,3.0,0,16,7,43.75,3,13,0.0,1.0,6,2,0,4.99,5.25,4.31,4.05,5.57,4.85,0.428,2025-09-25T06:32:53.024935+00:00,420,San_Beda_University_20251208181114_420,1,4.85
Lakeside Athletic,3599.761,596.12,16.56,66.45,145,95,10,50,113,19,8.0,4,5,0,0,13,65.74,0.0,2,1,6,3,3,1,4.0,21,10,47.62,7,3,6.0,1.0,16.67,2.0,0,34,16,47.06,10,24,1.0,2.0,1,0,0,4.9,4.37,5.11,3.85,6.51,4.81,0.423,2025-05-09T01:25:17.025967+00:00,900,Lakeside_Athletic_20251208181114_900,1,4.81
De La Salle University,3235.86,161.793,5.0,61.3,151,115,13,36,115,7,3.0,2,2,14,9,23,76.31,1.0,5,1,7,3,4,1,9.0,11,6,54.55,7,1,7.0,1.0,14.29,1.0,0,26,13,50.0,8,18,0.0,1.0,5,0,0,5.84,4.71,4.75,4.35,7.74,5.29,0.477,2025-02-15T05:31:23.025967+00:00,120,De_La_Salle_University_20251208181114_120,1,5.29
City United,1130.932,224.49,19.85,20.48,34,25,3,9,24,5,0.0,0,1,2,2,3,74.02,0.0,1,0,3,1,2,0,3.0,7,5,71.43,18,12,10.0,1.0,10.0,2.0,0,3,2,66.67,0,3,0.0,1.0,14,2,0,4.76,5.66,3.54,3.58,4.89,4.62,0.402,2025-08-14T22:01:12.025967+00:00,165,City_United_20251208181114_165,1,4.62
Riverside FC,3464.697,599.393,17.3,62.73,166,120,18,46,127,18,17.0,5,3,0,0,3,72.51,0.0,4,0,3,1,2,0,3.0,13,8,61.54,6,2,5.0,1.0,20.0,0.0,0,9,5,55.56,0,9,1.0,1.0,2,0,0,4.33,4.62,4.89,4.08,6.91,4.75,0.417,2025-10-01T17:06:19.025967+00:00,298,Riverside_FC_20251208181114_298,1,4.75
University of the Philippines,2435.095,671.843,27.59,48.68,140,106,5,34,96,15,6.0,4,2,10,6,16,75.37,1.0,3,0,4,1,3,0,6.0,5,3,60.0,9,7,6.0,1.0,16.67,2.0,0,1,0,0.0,0,1,1.0,0.0,5,0,0,4.17,4.26,4.55,3.61,6.72,4.45,0.383,2025-04-08T21:42:59.025967+00:00,756,University_of_the_Philippines_20251208181114_756,1,4.45
University of Santo Tomas,3118.561,619.97,19.88,58.28,124,81,14,43,88,11,12.0,5,3,3,3,12,65.37,0.0,1,1,7,3,4,0,8.0,10,7,70.0,10,6,7.0,1.0,14.29,2.0,2,27,10,37.04,9,18,0.0,2.0,4,0,0,4.89,5.75,4.38,4.5,7.1,5.2,0.467,2025-03-28T23:52:56.025967+00:00,519,University_of_Santo_Tomas_20251208181114_519,1,5.2
2 Worlds FC,2100.412,275.154,13.1,39.14,77,54,8,23,54,11,0.0,1,1,8,2,9,69.91,0.0,1,0,4,1,3,0,4.0,3,2,66.67,17,5,6.0,1.0,16.67,0.0,0,7,4,57.14,0,7,0.0,1.0,7,0,0,3.38,6.55,4.76,3.96,6.75,4.96,0.44,2025-01-15T22:47:30.025967+00:00,171,2_Worlds_FC_20251208181114_171,1,4.96
Brookside United,2656.219,281.294,10.59,49.79,84,72,5,12,57,12,7.0,4,1,2,1,4,85.97,0.0,2,0,6,2,4,0,5.0,11,7,63.64,7,10,3.0,1.0,33.33,0.0,2,21,12,57.14,6,15,0.0,0.0,7,3,0,4.7,5.3,4.88,3.88,4.15,4.73,0.414,2025-05-14T04:57:18.025967+00:00,874,Brookside_United_20251208181114_874,1,4.73
De La Salle University,1742.932,302.922,17.38,31.24,81,63,5,18,63,13,4.0,4,0,0,0,5,77.86,0.0,2,0,3,1,2,0,4.0,9,5,55.56,11,11,8.0,2.0,25.0,2.0,0,18,8,44.44,2,16,1.0,3.0,5,1,0,4.39,5.15,4.74,4.89,6.29,4.93,0.437,2025-01-03T16:11:48.025967+00:00,407,De_La_Salle_University_20251208181114_407,1,4.93
National University,2046.169,328.206,16.04,36.61,83,61,10,22,67,15,7.0,2,2,0,0,9,73.26,0.0,2,0,4,2,2,0,3.0,7,3,42.86,18,7,14.0,0.0,0.0,0.0,2,5,3,60.0,0,5,1.0,0.0,3,0,0,5.03,5.03,3.84,4.14,7.74,4.94,0.438,2025-01-20T02:02:37.026996+00:00,260,National_University_20251208181114_260,1,4.94
Far Eastern University,2846.444,392.525,13.79,54.45,118,89,7,29,85,2,6.0,5,1,11,9,4,75.63,0.0,1,0,5,2,3,1,4.0,13,9,69.23,14,10,5.0,1.0,20.0,3.0,0,5,2,40.0,2,3,0.0,1.0,4,0,0,5.03,5.73,5.2,4.22,7.13,5.36,0.484,2025-03-14T02:20:37.026996+00:00,4,Far_Eastern_University_20251208181114_4,1,5.36
Lakeside Athletic,2430.099,361.599,14.88,44.75,155,114,11,41,110,14,7.0,5,4,5,10,17,73.83,0.0,2,0,5,2,3,1,3.0,4,3,75.0,7,5,10.0,3.0,30.0,0.0,0,4,2,50.0,0,4,0.0,1.0,4,1,0,6.07,5.6,4.87,3.86,6.4,5.42,0.491,2025-07-31T23:49:03.026996+00:00,848,Lakeside_Athletic_20251208181114_848,1,5.42
Brookside United,2258.228,286.343,12.68,43.73,134,94,17,40,91,12,7.0,0,3,10,11,9,70.47,0.0,3,0,5,2,3,1,4.0,0,0,86.06,3,3,8.0,2.0,25.0,2.0,2,17,11,64.71,7,10,0.0,0.0,8,1,0,5.26,4.29,4.83,3.51,7.32,4.86,0.429,2025-11-18T02:06:44.026996+00:00,391,Brookside_United_20251208181114_391,1,4.86
City United,2507.373,368.584,14.7,47.03,113,73,11,40,75,12,9.0,3,4,5,6,1,64.48,1.0,3,1,7,2,5,1,10.0,13,8,61.54,9,3,17.0,4.0,23.53,2.0,1,18,9,50.0,1,17,0.0,1.0,5,0,0,6.33,5.35,5.16,2.83,7.48,5.45,0.494,2025-02-20T13:28:44.026996+00:00,727,City_United_20251208181114_727,1,5.45
Adamson University,3478.187,731.463,21.03,67.18,169,137,13,32,129,18,8.0,6,7,0,1,25,81.28,1.0,5,1,9,3,6,0,7.0,14,6,42.86,4,3,3.0,0.0,0.0,0.0,2,16,6,37.5,3,13,1.0,0.0,2,0,0,5.99,4.37,5.2,4.07,7.11,5.22,0.469,2025-03-29T22:59:23.026996+00:00,884,Adamson_University_20251208181114_884,1,5.22
Valley Rovers,2089.363,104.468,5.0,40.52,100,76,8,24,71,18,11.0,4,1,0,0,9,75.89,0.0,2,0,5,2,3,0,5.0,8,4,50.0,9,5,7.0,2.0,28.57,2.0,2,12,8,66.67,1,11,0.0,0.0,4,2,0,4.56,5.94,5.06,3.11,5.11,4.9,0.433,2025-10-15T02:23:36.026996+00:00,86,Valley_Rovers_20251208181114_86,1,4.9
Highland Wanderers,2792.083,506.205,18.13,54.97,88,72,5,16,72,4,3.0,2,0,2,5,4,82.04,0.0,1,1,6,2,4,0,10.0,11,5,45.45,4,2,2.0,0.0,0.0,1.0,0,32,15,46.88,8,24,0.0,1.0,3,0,0,5.9,4.98,4.3,4.84,7.27,5.31,0.479,2025-12-04T14:26:58.026996+00:00,19,Highland_Wanderers_20251208181114_19,1,5.31
Riverside FC,2432.844,419.422,17.24,44.09,69,43,9,26,47,5,4.0,1,1,4,7,1,62.95,0.0,1,0,4,2,2,0,4.0,9,6,66.67,7,5,7.0,1.0,14.29,2.0,1,22,17,77.27,4,18,1.0,2.0,2,1,0,5.03,4.77,5.09,3.75,5.82,4.87,0.43,2025-04-11T12:17:17.028004+00:00,426,Riverside_FC_20251208181114_426,1,4.87
Brookside United,2337.229,687.145,29.4,43.28,122,91,12,31,82,13,0.0,7,2,9,8,11,74.39,0.0,2,1,6,2,4,0,8.0,7,4,57.14,9,8,6.0,2.0,33.33,3.0,1,22,10,45.45,3,19,0.0,0.0,9,1,0,5.51,5.8,4.59,4.59,6.59,5.39,0.488,2025-02-24T16:39:33.028004+00:00,213,Brookside_United_20251208181114_213,1,5.39
Valley Rovers,747.223,160.653,21.5,14.72,31,23,2,8,24,3,0.0,0,1,1,1,3,75.51,0.0,1,0,1,0,1,0,1.0,3,2,66.67,21,4,16.0,3.0,18.75,4.0,0,8,5,62.5,4,4,0.0,1.0,7,0,0,2.52,4.32,4.45,3.93,7.18,4.07,0.341,2025-06-18T06:43:32.028004+00:00,108,Valley_Rovers_20251208181114_108,1,4.07
Metro FC,2760.554,555.976,20.14,50.56,84,68,4,16,60,9,2.0,1,1,3,6,6,80.81,0.0,1,1,7,3,4,0,7.0,15,7,46.67,5,6,1.0,0.0,0.0,0.0,1,9,4,44.44,2,7,0.0,2.0,3,1,0,6.64,4.92,5.87,4.16,5.94,5.59,0.51,2025-01-17T12:21:39.028004+00:00,791,Metro_FC_20251208181114_791,1,5.59
San Beda University,2360.475,300.961,12.75,42.57,107,88,8,19,69,8,8.0,3,0,8,10,14,82.38,0.0,3,0,4,1,3,0,5.0,3,1,33.33,0,3,1.0,0.0,0.0,2.0,0,13,6,46.15,1,12,1.0,2.0,8,2,0,5.75,4.88,5.21,3.71,5.69,5.11,0.457,2025-05-05T13:27:07.028004+00:00,29,San_Beda_University_20251208181114_29,1,5.11
Coastal Town,1875.144,379.342,20.23,35.32,59,44,5,15,39,8,2.0,2,0,5,4,0,75.24,0.0,1,0,4,2,2,0,4.0,7,5,71.43,9,0,1.0,0.0,0.0,0.0,1,20,11,55.0,5,15,0.0,3.0,6,1,0,5.17,5.99,5.03,4.41,6.61,5.41,0.49,2025-04-02T18:06:41.028004+00:00,220,Coastal_Town_20251208181114_220,1,5.41
University of the Philippines,2167.944,498.627,23.0,41.74,67,44,7,23,44,12,2.0,0,2,2,5,3,66.22,0.0,1,0,5,1,4,0,4.0,8,4,50.0,11,12,6.0,1.0,16.67,0.0,0,3,1,33.33,1,2,0.0,2.0,9,1,0,5.3,5.43,4.9,4.19,6.82,5.25,0.472,2025-11-29T13:48:29.028004+00:00,561,University_of_the_Philippines_20251208181114_561,1,5.25
Highland Wanderers,3005.212,501.57,16.69,58.91,119,85,11,34,80,13,4.0,3,1,6,11,13,71.42,0.0,2,0,5,3,2,1,4.0,14,10,71.43,10,8,6.0,1.0,16.67,2.0,1,13,7,53.85,3,10,1.0,1.0,8,0,0,4.9,5.38,5.38,4.75,6.22,5.24,0.471,2025-07-24T15:58:47.028004+00:00,185,Highland_Wanderers_20251208181114_185,1,5.24
2 Worlds FC,2506.082,489.939,19.55,47.05,88,71,7,17,51,15,6.0,2,2,6,7,2,80.39,0.0,0,0,3,1,2,0,4.0,11,9,81.82,5,4,8.0,2.0,25.0,0.0,0,21,11,52.38,7,14,0.0,1.0,9,3,0,4.42,4.59,5.0,4.52,5.22,4.68,0.409,2025-11-03T07:14:29.028004+00:00,476,2_Worlds_FC_20251208181114_476,1,4.68
De La Salle University,2153.388,118.436,5.5,39.6,136,99,11,37,98,23,11.0,0,5,0,0,19,72.6,0.0,4,0,5,2,3,0,6.0,11,5,45.45,9,6,10.0,3.0,30.0,1.0,0,18,11,61.11,2,16,0.0,0.0,7,0,0,5.57,4.57,4.72,3.81,7.59,5.08,0.453,2025-12-04T13:38:41.029078+00:00,405,De_La_Salle_University_20251208181114_405,1,5.08
Lakeside Athletic,1467.258,195.732,13.34,26.32,77,58,8,19,54,12,4.0,4,2,1,1,11,74.81,0.0,1,0,4,1,3,0,5.0,3,2,66.67,5,3,10.0,1.0,10.0,0.0,0,14,7,50.0,5,9,0.0,0.0,6,0,0,4.47,2.88,3.92,3.84,6.74,4.05,0.339,2025-07-31T21:47:39.029078+00:00,380,Lakeside_Athletic_20251208181114_380,1,4.05
Lakeside Athletic,3711.783,526.702,14.19,66.53,269,160,36,109,132,47,14.0,14,3,28,31,23,59.5,1.0,7,1,8,3,5,1,10.0,22,13,59.09,6,3,5.0,1.0,20.0,1.0,1,23,7,30.43,7,16,0.0,1.0,2,1,0,5.65,5.7,5.37,4.2,6.66,5.51,0.501,2025-02-03T19:37:47.029078+00:00,3,Lakeside_Athletic_20251208181114_3,1,5.51
Lakeside Athletic,790.212,115.292,14.59,15.71,45,37,3,8,30,3,5.0,1,0,4,2,5,83.05,0.0,1,0,2,1,1,0,2.0,2,1,50.0,4,5,7.0,1.0,14.29,2.0,0,3,1,33.33,2,1,0.0,0.0,8,3,0,4.35,3.61,5.21,4.46,5.14,4.41,0.379,2025-06-10T02:51:32.029078+00:00,783,Lakeside_Athletic_20251208181114_783,1,4.41
Coastal Town,2098.237,312.847,14.91,41.49,105,84,5,21,66,10,5.0,2,1,8,13,11,80.25,0.0,1,1,4,1,3,0,4.0,6,3,50.0,2,13,7.0,1.0,14.29,2.0,0,18,6,33.33,6,12,1.0,0.0,5,1,0,6.01,5.64,5.47,3.66,6.9,5.56,0.507,2024-12-19T09:48:12.029078+00:00,743,Coastal_Town_20251208181114_743,1,5.56
Lakeside Athletic,1959.216,119.904,6.12,38.37,101,71,9,30,59,9,8.0,3,2,11,9,8,70.35,0.0,1,0,4,1,3,0,4.0,9,5,55.56,12,7,6.0,1.0,16.67,2.0,0,17,8,47.06,2,15,0.0,1.0,8,0,0,4.68,5.83,4.89,4.31,6.67,5.19,0.466,2025-04-30T15:48:25.029078+00:00,639,Lakeside_Athletic_20251208181114_639,1,5.19
University of the Philippines,2723.116,422.355,15.51,53.49,79,55,9,24,53,13,1.0,0,2,3,7,8,69.37,0.0,2,0,4,2,2,0,3.0,8,3,37.5,8,2,9.0,2.0,22.22,2.0,0,29,17,58.62,14,15,0.0,1.0,8,1,0,3.96,4.6,3.79,3.9,6.75,4.38,0.376,2025-08-10T03:46:23.029078+00:00,148,University_of_the_Philippines_20251208181114_148,1,4.38
Adamson University,2022.909,304.852,15.07,38.58,104,70,11,34,68,18,9.0,3,3,1,1,10,67.68,0.0,1,0,3,1,2,0,3.0,8,6,75.0,13,5,14.0,2.0,14.29,1.0,1,20,12,60.0,3,17,0.0,1.0,4,0,0,3.38,5.91,4.79,4.99,7.8,5.04,0.449,2025-03-05T08:40:47.030013+00:00,314,Adamson_University_20251208181114_314,1,5.04
San Beda University,2192.377,666.263,30.39,40.04,87,67,6,20,53,8,2.0,3,2,7,12,5,77.02,0.0,1,0,4,1,3,0,3.0,6,4,66.67,9,1,9.0,3.0,33.33,0.0,0,14,7,50.0,4,10,1.0,0.0,4,1,0,3.55,4.24,5.19,3.96,7.09,4.48,0.387,2025-09-28T12:35:30.030013+00:00,789,San_Beda_University_20251208181114_789,1,4.48
2 Worlds FC,2772.473,287.228,10.36,51.57,128,77,20,51,71,17,11.0,3,2,14,10,14,59.83,0.0,3,0,5,2,3,0,4.0,11,7,63.64,6,5,12.0,3.0,25.0,1.0,0,28,11,39.29,8,20,0.0,0.0,4,2,0,5.43,5.32,4.64,3.33,5.86,4.99,0.443,2025-04-09T12:24:23.030013+00:00,582,2_Worlds_FC_20251208181114_582,1,4.99
Brookside United,3456.194,501.839,14.52,65.29,128,85,8,43,95,15,11.0,5,3,0,0,19,66.31,0.0,3,0,5,2,3,0,5.0,10,7,70.0,6,3,5.0,2.0,40.0,1.0,1,22,9,40.91,5,17,1.0,1.0,5,0,0,4.53,4.65,5.69,3.15,7.3,4.88,0.431,2025-02-28T13:46:25.030013+00:00,589,Brookside_United_20251208181114_589,1,4.88
City United,3491.707,203.567,5.83,63.98,142,100,17,42,103,17,10.0,7,3,1,1,6,70.08,0.0,3,0,6,3,3,1,8.0,13,9,69.23,7,4,2.0,0.0,0.0,1.0,3,20,9,45.0,8,12,1.0,2.0,7,2,0,5.18,5.95,5.11,4.58,5.29,5.31,0.479,2025-04-26T16:26:55.030013+00:00,79,City_United_20251208181114_79,1,5.31
Valley Rovers,1875.896,173.145,9.23,37.26,65,49,5,16,44,7,3.0,2,1,5,2,5,75.2,0.0,1,0,2,1,1,0,3.0,4,2,50.0,14,8,11.0,1.0,9.09,0.0,1,11,5,45.45,3,8,1.0,1.0,12,1,0,4.51,4.8,4.89,3.68,6.31,4.73,0.414,2025-08-19T03:13:11.030013+00:00,657,Valley_Rovers_20251208181114_657,1,4.73
Lyceum,2412.908,512.26,21.23,45.05,74,49,2,25,48,10,3.0,4,1,5,3,5,65.79,0.0,1,0,3,1,2,0,4.0,8,3,37.5,5,3,12.0,3.0,25.0,2.0,0,4,1,25.0,0,4,2.0,1.0,2,1,0,4.74,5.11,4.52,5.36,6.61,5.07,0.452,2025-02-05T02:01:54.030013+00:00,786,Lyceum_20251208181114_786,1,5.07
2 Worlds FC,2427.872,677.376,27.9,44.46,44,31,4,13,29,4,5.0,2,1,2,2,0,70.27,0.0,1,0,3,1,2,0,3.0,16,9,56.25,10,7,7.0,1.0,14.29,1.0,0,9,5,55.56,2,7,1.0,2.0,4,1,0,4.61,5.09,4.62,4.66,6.19,4.91,0.434,2025-04-06T15:16:27.030013+00:00,138,2_Worlds_FC_20251208181114_138,1,4.91
City United,2064.775,222.789,10.79,39.61,84,66,5,18,55,15,10.0,0,2,1,1,7,78.92,0.0,1,0,4,2,2,0,5.0,5,2,40.0,15,8,18.0,6.0,33.33,1.0,0,9,5,55.56,1,8,1.0,0.0,8,1,0,4.73,5.12,4.98,4.51,6.3,5.02,0.447,2025-04-29T08:53:37.030013+00:00,408,City_United_20251208181114_408,1,5.02
City United,2236.227,187.619,8.39,42.95,125,95,12,30,82,17,0.0,4,1,12,9,17,75.83,0.0,3,0,4,1,3,0,4.0,8,5,62.5,7,3,5.0,0.0,0.0,3.0,0,13,4,30.77,4,9,0.0,1.0,9,0,0,4.71,5.19,3.7,3.76,6.56,4.69,0.41,2025-09-26T08:23:33.031011+00:00,522,City_United_20251208181114_522,1,4.69
Adamson University,2016.479,357.925,17.75,36.98,95,72,9,23,73,17,9.0,2,2,0,0,12,76.01,0.0,2,0,3,1,2,0,3.0,13,8,61.54,6,12,8.0,0.0,0.0,2.0,1,18,9,50.0,6,12,0.0,2.0,6,0,1,4.6,6.76,4.59,3.56,4.59,5.06,0.451,2025-11-17T14:39:41.031011+00:00,953,Adamson_University_20251208181114_953,1,5.06
Adamson University,2733.671,312.732,11.44,51.53,137,108,7,29,80,17,5.0,3,2,10,19,9,78.75,0.0,3,0,3,1,2,0,4.0,2,1,50.0,8,5,10.0,3.0,30.0,3.0,0,31,13,41.94,1,30,0.0,1.0,9,1,0,4.31,6.02,5.57,3.05,6.35,5.07,0.452,2025-08-10T20:05:45.031011+00:00,535,Adamson_University_20251208181114_535,1,5.07
Coastal Town,1471.236,290.863,19.77,27.01,67,47,2,20,43,4,4.0,2,1,4,9,8,70.65,0.0,2,0,3,1,2,0,3.0,0,0,48.38,20,2,4.0,1.0,25.0,1.0,1,8,6,75.0,4,4,2.0,1.0,5,1,0,4.34,5.85,3.7,3.72,5.94,4.71,0.412,2025-01-18T00:16:32.031011+00:00,410,Coastal_Town_20251208181114_410,1,4.71
De La Salle University,1120.086,327.625,29.25,20.68,33,20,3,13,20,3,1.0,1,0,2,5,4,61.24,0.0,1,0,2,1,1,0,2.0,3,2,66.67,15,14,0.0,0.0,0.0,2.0,0,14,3,21.43,3,11,1.0,0.0,2,0,0,4.18,5.76,3.32,3.54,7.25,4.67,0.408,2025-07-10T10:13:02.031011+00:00,815,De_La_Salle_University_20251208181114_815,1,4.67
Coastal Town,1505.595,310.153,20.6,29.74,42,28,5,14,28,3,1.0,3,2,4,1,3,66.31,0.0,0,0,2,1,1,0,2.0,5,2,40.0,9,6,12.0,2.0,16.67,0.0,1,10,7,70.0,0,10,0.0,0.0,2,0,0,3.58,4.67,4.51,5.04,7.47,4.66,0.407,2025-05-21T14:38:39.031011+00:00,697,Coastal_Town_20251208181114_697,1,4.66
Far Eastern University,4034.319,279.175,6.92,73.95,167,127,19,40,102,16,11.0,8,5,11,14,17,76.31,0.0,3,1,7,2,5,0,3.0,26,9,34.62,6,4,4.0,1.0,25.0,1.0,2,18,7,38.89,8,10,0.0,2.0,3,0,0,5.85,4.83,5.68,3.35,7.63,5.36,0.484,2024-12-29T18:12:41.031011+00:00,332,Far_Eastern_University_20251208181114_332,1,5.36
De La Salle University,1190.2,248.99,20.92,22.82,39,25,2,14,29,5,4.0,2,1,0,0,0,63.26,0.0,1,0,3,0,3,1,3.0,5,3,60.0,9,0,6.0,1.0,16.67,2.0,1,2,1,50.0,1,1,1.0,0.0,10,0,0,4.45,5.67,4.67,4.74,7.19,5.15,0.461,2025-04-24T06:44:39.032019+00:00,797,De_La_Salle_University_20251208181114_797,1,5.15
University of the Philippines,2356.007,450.704,19.13,46.64,85,63,7,22,55,19,7.0,1,2,0,1,6,74.09,0.0,1,0,2,1,1,0,2.0,5,1,20.0,6,4,12.0,3.0,25.0,1.0,0,20,12,60.0,8,12,0.0,0.0,5,0,0,4.52,4.87,4.96,3.24,7.79,4.85,0.428,2025-05-18T01:34:57.032019+00:00,41,University_of_the_Philippines_20251208181114_41,1,4.85
De La Salle University,2579.532,654.427,25.37,47.61,104,68,10,36,70,0,6.0,2,1,14,11,11,65.38,0.0,2,0,5,2,3,0,6.0,13,9,69.23,12,6,5.0,1.0,20.0,1.0,1,20,5,25.0,10,10,0.0,1.0,6,0,0,4.5,4.52,5.34,4.04,6.95,4.85,0.428,2025-03-01T08:19:07.032019+00:00,968,De_La_Salle_University_20251208181114_968,1,4.85
Brookside United,1182.487,308.511,26.09,21.31,68,51,6,17,50,8,0.0,1,1,4,4,3,74.67,0.0,1,0,3,1,2,0,3.0,0,0,36.86,4,4,18.0,7.0,38.89,2.0,0,14,10,71.43,3,11,0.0,0.0,14,0,0,4.31,5.43,4.75,4.72,7.43,5.08,0.453,2025-11-09T15:06:28.032019+00:00,102,Brookside_United_20251208181114_102,1,5.08
Lyceum,2514.467,461.908,18.37,45.14,132,99,11,33,88,18,7.0,1,3,6,9,5,74.83,1.0,3,1,6,2,4,0,6.0,8,7,87.5,1,9,5.0,1.0,20.0,1.0,3,21,5,23.81,6,15,1.0,2.0,7,2,0,5.52,4.91,5.28,3.5,4.92,4.96,0.44,2025-10-09T07:37:35.032019+00:00,568,Lyceum_20251208181114_568,1,4.96
Lyceum,2471.504,560.29,22.67,45.38,91,62,7,29,59,19,2.0,1,3,4,4,4,68.54,0.0,2,1,6,3,3,0,7.0,12,8,66.67,12,7,9.0,2.0,22.22,0.0,1,13,5,38.46,4,9,0.0,1.0,5,0,0,5.55,4.82,4.25,4.56,6.69,5.06,0.451,2025-08-29T14:09:29.032019+00:00,495,Lyceum_20251208181114_495,1,5.06
Adamson University,3490.866,310.338,8.89,69.9,202,156,8,46,137,27,19.0,5,3,4,8,21,77.41,0.0,2,1,8,2,6,1,7.0,14,8,57.14,5,5,7.0,1.0,14.29,0.0,0,47,22,46.81,7,40,1.0,0.0,4,0,0,5.65,6.01,5.12,5.53,6.23,5.69,0.521,2025-08-04T02:33:44.032019+00:00,292,Adamson_University_20251208181114_292,1,5.69
Adamson University,2229.125,127.506,5.72,41.11,86,63,5,23,68,10,4.0,2,2,0,0,15,73.03,0.0,2,0,4,1,3,0,4.0,5,3,60.0,2,6,7.0,2.0,28.57,1.0,0,21,11,52.38,5,16,2.0,2.0,7,2,0,4.92,5.27,4.79,3.93,5.54,4.92,0.436,2025-12-01T22:05:53.032019+00:00,486,Adamson_University_20251208181114_486,1,4.92
Far Eastern University,2806.81,624.515,22.25,53.96,70,51,6,19,45,9,6.0,2,1,4,3,8,72.37,0.0,2,1,6,2,4,0,7.0,7,4,57.14,11,5,3.0,1.0,33.33,1.0,1,35,13,37.14,12,23,0.0,0.0,7,1,0,5.09,5.11,3.9,5.1,6.19,4.97,0.441,2025-09-13T20:22:22.032019+00:00,340,Far_Eastern_University_20251208181114_340,1,4.97
Mapúa University,3315.54,558.005,16.83,59.34,257,198,13,59,192,48,6.0,8,4,0,0,9,77.18,0.0,4,0,5,2,3,0,5.0,17,8,47.06,1,4,5.0,2.0,40.0,1.0,2,31,12,38.71,7,24,0.0,0.0,4,1,0,6.53,5.3,5.7,4.07,6.83,5.71,0.523,2025-01-18T20:09:15.033008+00:00,714,Mapúa_University_20251208181114_714,1,5.71
City United,3088.495,480.57,15.56,61.5,100,78,7,22,63,9,4.0,6,3,7,8,5,78.26,0.0,3,1,8,3,5,1,8.0,5,2,40.0,1,2,3.0,1.0,33.33,0.0,2,30,9,30.0,10,20,2.0,2.0,2,0,0,5.28,5.32,5.18,4.28,7.63,5.37,0.486,2025-09-06T18:36:37.033008+00:00,333,City_United_20251208181114_333,1,5.37
Lyceum,2047.908,645.91,31.54,37.25,79,65,5,14,59,12,1.0,3,1,2,1,10,82.86,0.0,1,0,4,2,2,0,5.0,7,3,42.86,15,4,9.0,2.0,22.22,1.0,1,2,1,50.0,1,1,0.0,0.0,7,0,0,4.78,4.98,5.41,4.74,7.32,5.21,0.468,2025-03-05T07:23:00.033008+00:00,22,Lyceum_20251208181114_22,1,5.21
University of the Philippines,2691.401,476.378,17.7,48.56,122,86,4,36,91,11,10.0,3,5,1,1,3,70.7,0.0,0,0,5,3,2,0,6.0,13,8,61.54,6,6,8.0,1.0,12.5,1.0,2,32,12,37.5,6,26,0.0,2.0,4,0,0,4.87,4.5,5.45,4.43,6.43,4.98,0.442,2025-09-22T18:18:30.033008+00:00,524,University_of_the_Philippines_20251208181114_524,1,4.98
Far Eastern University,3132.666,754.973,24.1,57.12,184,124,12,60,139,27,11.0,4,3,0,0,15,67.51,1.0,3,0,5,2,3,0,8.0,5,3,60.0,3,3,4.0,1.0,25.0,2.0,0,20,11,55.0,3,17,1.0,1.0,5,2,0,4.75,5.71,4.9,4.91,5.1,5.11,0.457,2025-09-28T07:27:28.033008+00:00,328,Far_Eastern_University_20251208181114_328,1,5.11
Lakeside Athletic,3795.318,189.766,5.0,68.89,130,93,8,37,94,17,14.0,6,4,0,0,17,71.56,0.0,3,0,5,1,4,0,5.0,16,9,56.25,4,4,2.0,0.0,0.0,0.0,1,43,20,46.51,10,33,0.0,1.0,3,0,0,4.91,4.75,4.51,4.49,7.54,4.99,0.443,2025-05-06T01:38:49.033008+00:00,148,Lakeside_Athletic_20251208181114_148,1,4.99
Highland Wanderers,3336.842,166.842,5.0,63.04,119,84,14,35,96,25,0.0,3,3,0,0,7,70.65,0.0,4,1,5,2,3,0,5.0,13,6,46.15,6,1,5.0,1.0,20.0,2.0,1,23,11,47.83,10,13,1.0,2.0,4,0,0,5.19,4.69,4.59,5.72,6.73,5.16,0.462,2025-04-05T16:31:27.033008+00:00,729,Highland_Wanderers_20251208181114_729,1,5.16
Ateneo de Manila University,2054.605,224.568,10.93,40.86,142,95,24,47,74,12,9.0,3,4,23,17,18,66.71,0.0,1,0,4,1,3,0,3.0,6,4,66.67,15,10,12.0,3.0,25.0,1.0,1,23,15,65.22,10,13,0.0,2.0,6,0,0,4.26,5.61,4.96,3.22,6.54,4.86,0.429,2025-11-18T04:04:27.034007+00:00,323,Ateneo_de_Manila_University_20251208181114_323,1,4.86
National University,3751.758,668.563,17.82,67.13,52,36,4,16,37,6,3.0,1,2,1,2,6,68.96,0.0,1,1,8,2,6,0,11.0,0,0,80.27,4,0,6.0,2.0,33.33,0.0,0,25,15,60.0,3,22,0.0,1.0,4,0,0,5.06,4.31,3.82,5.48,6.34,4.79,0.421,2025-11-16T19:35:29.034007+00:00,214,National_University_20251208181114_214,1,4.79
Ateneo de Manila University,2851.232,213.557,7.49,53.48,142,114,4,28,90,22,10.0,3,4,4,8,8,80.4,0.0,2,1,6,3,3,1,5.0,9,5,55.56,4,8,8.0,3.0,37.5,2.0,0,14,8,57.14,5,9,0.0,0.0,5,0,0,5.69,5.12,3.64,4.49,7.87,5.17,0.463,2025-05-06T08:21:45.034007+00:00,759,Ateneo_de_Manila_University_20251208181114_759,1,5.17
Mapúa University,2611.7,562.038,21.52,51.39,164,131,8,33,126,13,11.0,6,7,0,0,15,79.85,0.0,4,1,6,3,3,0,6.0,0,0,65.37,1,3,0.0,0.0,0.0,2.0,1,16,6,37.5,1,15,0.0,0.0,5,0,0,6.04,3.91,4.81,4.89,7.06,5.14,0.46,2025-12-07T01:46:59.034007+00:00,651,Mapúa_University_20251208181114_651,1,5.14
Far Eastern University,2013.734,425.099,21.11,38.29,95,79,5,16,85,7,7.0,4,3,0,0,15,83.04,0.0,3,0,6,2,4,0,6.0,2,1,50.0,10,4,14.0,1.0,7.14,1.0,1,11,6,54.55,1,10,0.0,0.0,10,1,0,4.35,3.88,4.03,5.37,5.37,4.4,0.378,2025-10-16T14:55:25.034007+00:00,650,Far_Eastern_University_20251208181114_650,1,4.4
San Beda University,2943.504,490.093,16.65,53.97,92,60,15,32,59,8,7.0,1,2,6,9,8,65.26,0.0,3,0,5,2,3,0,7.0,11,5,45.45,11,3,4.0,1.0,25.0,1.0,2,8,4,50.0,2,6,0.0,1.0,9,1,0,4.03,4.86,4.31,4.29,6.02,4.55,0.394,2025-02-27T03:56:18.034007+00:00,632,San_Beda_University_20251208181114_632,1,4.55
Adamson University,2235.021,535.511,23.96,41.5,62,52,4,10,42,3,0.0,3,2,4,8,5,84.2,0.0,0,0,5,1,4,0,5.0,4,2,50.0,10,2,10.0,2.0,20.0,1.0,0,24,13,54.17,6,18,0.0,0.0,7,1,0,4.89,5.5,4.56,4.22,7.1,5.12,0.458,2025-05-29T08:42:13.034007+00:00,632,Adamson_University_20251208181114_632,1,5.12
Ateneo de Manila University,2728.688,544.1,19.94,54.76,167,134,12,33,137,30,12.0,6,3,0,0,25,80.31,1.0,3,0,6,2,4,1,6.0,1,1,100.0,4,3,9.0,2.0,22.22,2.0,0,6,3,50.0,3,3,0.0,4.0,5,0,0,4.94,4.02,5.32,3.56,6.53,4.72,0.413,2025-08-20T04:54:08.034007+00:00,282,Ateneo_de_Manila_University_20251208181114_282,1,4.72
University of the Philippines,2315.723,363.337,15.69,45.33,111,82,6,29,59,13,10.0,5,2,8,14,8,73.75,0.0,1,0,5,2,3,0,3.0,12,5,41.67,5,4,15.0,4.0,26.67,1.0,0,17,5,29.41,2,15,0.0,0.0,8,0,0,5.17,5.0,4.79,3.35,7.16,4.99,0.443,2025-07-10T20:12:02.034007+00:00,921,University_of_the_Philippines_20251208181114_921,1,4.99
Valley Rovers,2331.464,467.692,20.06,42.45,95,61,12,34,67,14,5.0,3,2,2,2,5,63.71,0.0,3,1,5,2,3,0,5.0,2,1,50.0,15,4,6.0,1.0,16.67,0.0,0,23,12,52.17,7,16,0.0,1.0,6,0,0,4.61,4.93,3.98,4.24,7.9,4.85,0.428,2025-02-17T18:01:05.035022+00:00,361,Valley_Rovers_20251208181114_361,1,4.85
Lakeside Athletic,2563.854,509.694,19.88,50.74,92,66,11,26,63,11,6.0,0,2,4,7,9,71.36,0.0,3,0,4,1,3,0,7.0,9,7,77.78,3,6,6.0,1.0,16.67,3.0,3,29,10,34.48,8,21,0.0,1.0,0,1,1,4.24,4.88,4.52,4.22,4.32,4.48,0.387,2025-11-14T07:06:31.035022+00:00,292,Lakeside_Athletic_20251208181114_292,1,4.48
De La Salle University,2130.763,564.013,26.47,38.78,102,74,8,28,77,16,10.0,5,2,0,0,12,72.46,0.0,2,1,4,1,3,0,4.0,7,5,71.43,8,7,0.0,0.0,0.0,0.0,0,19,10,52.63,5,14,1.0,1.0,7,0,0,5.3,3.84,5.3,3.78,7.22,4.87,0.43,2025-04-19T18:19:44.035022+00:00,271,De_La_Salle_University_20251208181114_271,1,4.87
Far Eastern University,1901.936,422.61,22.22,35.92,57,39,9,18,48,9,2.0,2,1,0,0,6,69.03,0.0,1,0,5,1,4,0,8.0,7,3,42.86,5,5,19.0,5.0,26.32,2.0,1,12,6,50.0,3,9,0.0,0.0,2,0,0,5.11,4.45,3.81,3.57,7.22,4.66,0.407,2024-12-25T16:22:18.035022+00:00,869,Far_Eastern_University_20251208181114_869,1,4.66
National University,2957.638,598.33,20.23,53.31,108,94,4,14,70,12,10.0,2,1,7,6,10,86.82,0.0,1,1,6,2,4,0,6.0,14,11,78.57,2,2,9.0,1.0,11.11,2.0,1,31,6,19.35,11,20,0.0,0.0,12,1,0,5.71,5.6,5.72,4.1,6.38,5.52,0.502,2025-08-04T00:58:54.035022+00:00,982,National_University_20251208181114_982,1,5.52
University of the Philippines,2644.858,132.243,5.0,48.1,95,68,1,27,60,12,7.0,4,2,4,5,3,71.98,0.0,2,1,5,2,3,0,7.0,4,3,75.0,1,4,6.0,1.0,16.67,0.0,1,29,10,34.48,11,18,1.0,1.0,9,2,0,5.21,5.89,5.04,3.08,4.81,5.03,0.448,2025-01-21T22:20:51.035022+00:00,47,University_of_the_Philippines_20251208181114_47,1,5.03
Lakeside Athletic,3011.266,450.184,14.95,54.18,132,94,14,38,74,9,7.0,5,1,13,23,12,70.9,0.0,1,0,4,1,3,0,5.0,7,3,42.86,5,6,8.0,2.0,25.0,2.0,0,24,13,54.17,5,19,0.0,1.0,2,2,0,5.42,5.05,5.53,3.47,6.1,5.13,0.459,2025-10-25T08:19:57.035022+00:00,982,Lakeside_Athletic_20251208181114_982,1,5.13
Far Eastern University,2209.909,343.199,15.53,43.37,97,71,11,26,75,7,10.0,2,1,1,1,7,73.58,0.0,1,0,4,1,3,0,4.0,9,4,44.44,7,9,11.0,1.0,9.09,0.0,1,12,6,50.0,2,10,0.0,2.0,4,0,0,4.65,5.08,4.56,2.7,6.84,4.7,0.411,2025-05-07T14:58:04.035022+00:00,751,Far_Eastern_University_20251208181114_751,1,4.7
Far Eastern University,3661.208,410.055,11.2,68.51,149,114,5,35,122,11,17.0,6,5,0,0,2,76.75,0.0,2,0,7,3,4,0,5.0,4,2,50.0,6,2,2.0,0.0,0.0,1.0,0,25,14,56.0,6,19,1.0,1.0,4,1,0,5.92,4.34,4.58,3.8,6.61,4.98,0.442,2025-10-07T23:15:40.036012+00:00,630,Far_Eastern_University_20251208181114_630,1,4.98
University of the Philippines,2616.496,130.825,5.0,51.3,118,93,5,25,84,18,10.0,7,2,0,0,4,78.61,0.0,3,0,3,1,2,0,4.0,7,4,57.14,3,3,7.0,1.0,14.29,0.0,0,8,5,62.5,3,5,1.0,1.0,5,0,0,4.89,5.43,4.63,4.68,6.85,5.16,0.462,2025-11-17T05:16:20.036012+00:00,254,University_of_the_Philippines_20251208181114_254,1,5.16
Far Eastern University,2957.487,377.967,12.78,59.46,171,141,7,30,125,17,15.0,3,2,4,4,19,82.33,0.0,2,0,5,2,3,0,6.0,13,6,46.15,10,4,8.0,3.0,37.5,0.0,1,39,14,35.9,7,32,0.0,0.0,6,0,0,4.99,4.1,5.85,4.18,7.07,5.01,0.446,2025-08-09T14:20:55.036012+00:00,480,Far_Eastern_University_20251208181114_480,1,5.01
University of Santo Tomas,3166.395,578.5,18.27,57.09,131,104,8,27,97,23,13.0,7,4,0,0,4,79.46,0.0,2,1,8,3,5,1,10.0,13,8,61.54,8,5,1.0,0.0,0.0,2.0,0,29,21,72.41,11,18,0.0,1.0,5,1,0,5.64,4.69,5.54,3.04,6.42,5.07,0.452,2025-02-19T00:56:21.036012+00:00,746,University_of_Santo_Tomas_20251208181114_746,1,5.07
Valley Rovers,1622.075,483.054,29.78,29.38,65,48,5,17,39,4,3.0,2,1,7,9,4,74.02,0.0,1,0,2,1,1,0,2.0,6,4,66.67,6,6,3.0,1.0,33.33,0.0,0,8,2,25.0,1,7,1.0,0.0,11,1,0,4.44,5.18,4.4,4.96,6.08,4.88,0.431,2025-11-07T09:36:32.036012+00:00,361,Valley_Rovers_20251208181114_361,1,4.88
Coastal Town,3770.03,345.335,9.16,68.67,169,119,16,50,100,19,12.0,1,5,22,10,7,70.35,0.0,3,1,6,2,4,0,8.0,0,0,91.25,7,3,5.0,2.0,40.0,0.0,2,30,12,40.0,11,19,1.0,2.0,2,0,0,4.41,4.16,4.15,4.54,7.46,4.61,0.401,2025-10-21T20:45:23.036012+00:00,75,Coastal_Town_20251208181114_75,1,4.61
San Beda University,2247.148,409.206,18.21,42.92,59,43,6,16,41,9,0.0,2,1,3,3,6,72.76,0.0,0,0,5,2,3,0,6.0,6,4,66.67,7,4,1.0,0.0,0.0,0.0,0,10,6,60.0,4,6,0.0,2.0,4,0,0,4.69,5.6,3.41,3.7,7.21,4.8,0.422,2025-09-28T23:13:07.036012+00:00,233,San_Beda_University_20251208181114_233,1,4.8
National University,2474.943,326.445,13.19,47.51,106,80,5,26,86,12,4.0,2,3,0,0,12,75.19,0.0,3,0,5,1,4,0,6.0,11,6,54.55,10,7,11.0,2.0,18.18,0.0,1,20,14,70.0,1,19,2.0,0.0,1,0,0,5.15,4.22,4.27,4.64,7.19,4.85,0.428,2025-10-13T22:02:33.036012+00:00,313,National_University_20251208181114_313,1,4.85
Metro FC,2349.18,280.727,11.95,43.22,76,59,5,17,51,6,3.0,2,1,4,9,9,77.31,0.0,2,0,5,2,3,0,7.0,11,5,45.45,5,3,2.0,0.0,0.0,0.0,2,14,8,57.14,5,9,1.0,0.0,7,2,0,4.81,4.97,4.69,4.44,5.48,4.85,0.428,2025-01-29T22:06:35.037010+00:00,976,Metro_FC_20251208181114_976,1,4.85
2 Worlds FC,3066.048,604.931,19.73,56.11,159,122,15,37,122,26,14.0,7,4,0,0,22,76.55,0.0,2,1,6,3,3,1,6.0,6,2,33.33,3,7,4.0,1.0,25.0,2.0,0,22,10,45.45,9,13,0.0,0.0,1,0,0,4.83,4.51,5.75,4.58,6.94,5.1,0.456,2025-07-10T19:32:39.037010+00:00,977,2_Worlds_FC_20251208181114_977,1,5.1
San Beda University,1828.058,310.587,16.99,35.11,85,68,5,17,58,11,7.0,2,0,3,3,2,80.35,0.0,1,1,4,2,2,0,2.0,4,1,25.0,3,3,4.0,1.0,25.0,1.0,0,6,2,33.33,1,5,0.0,1.0,11,2,0,4.73,4.39,5.12,3.28,6.58,4.69,0.41,2024-12-19T09:24:40.037010+00:00,165,San_Beda_University_20251208181114_165,1,4.69
Lakeside Athletic,3105.651,500.32,16.11,61.87,125,91,11,34,81,19,8.0,7,3,4,2,21,72.67,0.0,4,0,4,1,3,0,4.0,5,3,60.0,8,6,7.0,1.0,14.29,1.0,1,33,17,51.52,2,31,0.0,1.0,7,0,0,4.87,4.2,4.93,4.13,6.88,4.79,0.421,2025-10-04T03:32:22.037010+00:00,751,Lakeside_Athletic_20251208181114_751,1,4.79
Highland Wanderers,3120.799,903.471,28.95,57.48,210,142,26,68,135,5,0.0,11,5,20,33,24,67.57,0.0,4,1,5,2,3,0,7.0,4,3,75.0,9,2,4.0,1.0,25.0,0.0,0,0,0,25.23,1,0,0.0,0.0,6,1,0,4.9,4.98,4.54,3.72,6.63,4.86,0.429,2025-09-26T16:39:38.037010+00:00,248,Highland_Wanderers_20251208181114_248,1,4.86
Adamson University,1599.852,270.375,16.9,29.81,87,64,10,23,64,12,0.0,4,1,4,1,13,73.18,0.0,1,0,3,1,2,0,5.0,8,4,50.0,10,7,11.0,2.0,18.18,2.0,0,8,2,25.0,2,6,0.0,1.0,5,0,0,4.2,6.35,4.77,2.62,7.18,4.99,0.443,2025-06-10T15:18:31.037010+00:00,441,Adamson_University_20251208181114_441,1,4.99
National University,2060.646,443.039,21.5,41.08,81,58,5,23,59,9,4.0,1,0,4,3,7,71.63,0.0,2,0,5,1,4,1,5.0,12,7,58.33,7,7,14.0,2.0,14.29,1.0,0,13,6,46.15,1,12,0.0,1.0,9,0,0,4.75,5.33,5.28,3.5,6.83,5.05,0.45,2025-08-09T18:58:08.037010+00:00,745,National_University_20251208181114_745,1,5.05
City United,766.857,112.651,14.69,13.85,31,28,1,3,20,2,1.0,0,0,3,4,3,91.63,0.0,0,0,2,1,1,0,3.0,2,1,50.0,9,10,20.0,2.0,10.0,3.0,0,5,2,40.0,2,3,1.0,0.0,5,0,0,3.37,4.68,5.21,4.38,7.63,4.67,0.408,2025-08-18T05:48:51.037010+00:00,496,City_United_20251208181114_496,1,4.67
Ateneo de Manila University,2809.386,577.61,20.56,53.43,132,107,8,25,89,27,15.0,3,2,0,0,7,80.78,0.0,3,0,4,2,2,0,4.0,14,11,78.57,6,2,10.0,2.0,20.0,2.0,1,13,6,46.15,6,7,0.0,1.0,2,0,0,4.79,5.26,4.94,3.47,6.75,4.96,0.44,2025-11-21T08:16:03.038008+00:00,316,Ateneo_de_Manila_University_20251208181114_316,1,4.96
University of the Philippines,2644.747,212.109,8.02,52.34,103,68,15,35,75,13,5.0,1,2,4,4,11,65.65,0.0,3,0,4,1,3,0,4.0,13,7,53.85,8,7,5.0,1.0,20.0,1.0,1,17,4,23.53,4,13,0.0,1.0,8,1,0,4.16,5.46,4.93,4.24,6.8,4.95,0.439,2025-08-12T01:54:34.038008+00:00,833,University_of_the_Philippines_20251208181114_833,1,4.95
City United,2443.012,343.976,14.08,45.81,107,73,8,34,56,15,8.0,4,1,10,13,11,68.1,0.0,2,0,5,3,2,0,6.0,10,5,50.0,13,5,8.0,1.0,12.5,0.0,0,13,9,69.23,2,11,1.0,0.0,5,0,0,4.97,4.52,4.42,4.12,6.96,4.81,0.423,2025-10-07T12:08:11.038008+00:00,489,City_United_20251208181114_489,1,4.81
Adamson University,2920.532,452.39,15.49,52.7,92,68,9,24,61,11,8.0,2,2,4,5,13,73.7,0.0,1,1,8,2,6,0,8.0,14,4,28.57,3,7,4.0,1.0,25.0,0.0,3,21,13,61.9,8,13,0.0,2.0,6,1,0,6.24,4.89,4.67,4.35,6.23,5.28,0.476,2025-01-23T01:07:22.038008+00:00,449,Adamson_University_20251208181114_449,1,5.28
Brookside United,2486.09,211.318,8.5,49.61,73,55,2,18,52,10,6.0,3,1,1,1,3,75.74,0.0,1,1,5,2,3,0,6.0,13,9,69.23,11,3,5.0,0.0,0.0,0.0,0,17,6,35.29,5,12,0.0,2.0,5,0,0,6.57,5.65,4.95,4.25,7.2,5.73,0.526,2025-11-12T13:12:01.038008+00:00,161,Brookside_United_20251208181114_161,1,5.73
Valley Rovers,1490.273,325.327,21.83,28.77,59,42,8,17,38,6,2.0,2,1,6,4,0,71.22,0.0,0,0,2,1,1,0,2.0,6,2,33.33,5,6,9.0,2.0,22.22,0.0,0,3,2,66.67,2,1,2.0,0.0,5,0,0,4.79,4.65,4.44,4.0,7.13,4.8,0.422,2025-06-03T08:56:54.038008+00:00,827,Valley_Rovers_20251208181114_827,1,4.8
Valley Rovers,2676.319,442.663,16.54,53.78,140,101,8,39,90,26,8.0,4,3,4,5,11,72.42,0.0,2,1,6,3,3,0,5.0,12,5,41.67,3,5,5.0,1.0,20.0,1.0,1,5,3,60.0,0,5,2.0,1.0,10,0,0,4.47,3.7,4.31,4.25,7.05,4.45,0.383,2025-02-11T04:51:09.038008+00:00,944,Valley_Rovers_20251208181114_944,1,4.45
Valley Rovers,3374.839,519.725,15.4,61.24,138,113,10,25,102,11,8.0,3,2,6,6,13,81.88,0.0,4,1,6,2,4,1,5.0,9,4,44.44,4,4,8.0,2.0,25.0,2.0,3,20,10,50.0,3,17,0.0,1.0,4,0,0,4.48,5.2,4.16,5.06,7.29,4.98,0.442,2024-12-12T07:44:07.039008+00:00,15,Valley_Rovers_20251208181114_15,1,4.98
University of Santo Tomas,2601.842,416.035,15.99,51.43,147,100,21,47,123,20,12.0,4,2,0,0,12,68.16,0.0,1,0,5,2,3,0,4.0,8,4,50.0,4,7,1.0,0.0,0.0,2.0,0,20,9,45.0,5,15,0.0,1.0,5,1,0,5.25,5.57,5.16,3.58,6.68,5.23,0.47,2025-02-10T16:57:18.039008+00:00,286,University_of_Santo_Tomas_20251208181114_286,1,5.23
2 Worlds FC,3245.064,714.888,22.03,58.45,186,124,14,62,116,36,13.0,8,5,5,3,15,66.47,0.0,2,0,4,1,3,0,4.0,5,3,60.0,13,5,7.0,3.0,42.86,1.0,0,28,10,35.71,5,23,0.0,2.0,3,1,0,3.15,4.74,4.65,3.96,6.03,4.3,0.367,2025-11-11T14:53:46.039008+00:00,719,2_Worlds_FC_20251208181114_719,1,4.3
Lyceum,1468.791,300.662,20.47,26.88,51,40,4,11,36,9,6.0,1,1,0,0,5,78.43,0.0,1,0,2,1,1,0,3.0,1,1,100.0,6,10,3.0,1.0,33.33,1.0,1,17,11,64.71,7,10,0.0,0.0,3,0,0,4.55,4.13,4.51,4.2,7.74,4.69,0.41,2025-08-10T04:44:52.039008+00:00,812,Lyceum_20251208181114_812,1,4.69
City United,2528.691,455.164,18.0,47.21,109,85,6,24,77,18,9.0,4,3,0,0,10,77.62,0.0,3,1,5,2,3,0,4.0,14,10,71.43,4,8,5.0,1.0,20.0,1.0,1,27,13,48.15,7,20,0.0,0.0,4,0,0,5.19,5.63,4.56,2.89,6.5,5.0,0.444,2024-12-09T05:59:17.039008+00:00,349,City_United_20251208181114_349,1,5.0
Highland Wanderers,2481.472,554.609,22.35,47.68,40,31,2,9,27,4,2.0,0,2,2,3,3,78.34,0.0,1,1,4,2,2,0,4.0,4,2,50.0,12,4,15.0,2.0,13.33,1.0,1,12,8,66.67,2,10,0.0,3.0,6,0,0,5.37,4.09,4.38,3.75,7.33,4.78,0.42,2025-04-17T19:42:51.039008+00:00,996,Highland_Wanderers_20251208181114_996,1,4.78
National University,3273.833,202.323,6.18,60.15,110,96,7,14,84,15,12.0,7,1,0,0,0,87.25,0.0,3,1,4,2,2,0,4.0,19,8,42.11,5,4,7.0,2.0,28.57,1.0,1,17,9,52.94,2,15,0.0,1.0,1,1,0,5.06,3.96,5.73,3.28,6.26,4.76,0.418,2025-05-14T10:38:45.039008+00:00,941,National_University_20251208181114_941,1,4.76
San Beda University,1987.245,432.822,21.78,37.95,69,49,3,20,41,7,5.0,3,1,6,5,6,70.9,0.0,1,0,3,1,2,0,3.0,10,4,40.0,11,6,6.0,1.0,16.67,0.0,0,27,7,25.93,4,23,0.0,1.0,8,2,0,4.35,5.84,4.15,4.86,5.7,4.93,0.437,2025-09-13T19:27:31.039008+00:00,801,San_Beda_University_20251208181114_801,1,4.93
City United,293.01,81.047,27.66,5.88,16,12,2,4,10,2,1.0,0,0,1,1,2,76.81,0.0,0,0,1,0,1,0,1.0,1,0,0.0,8,7,11.0,3.0,27.27,4.0,0,1,0,0.0,0,1,1.0,0.0,1,0,0,3.93,4.81,4.14,4.73,6.97,4.63,0.403,2025-09-11T14:36:27.039008+00:00,579,City_United_20251208181114_579,1,4.63
Metro FC,3316.134,832.35,25.1,61.51,123,88,14,35,77,19,11.0,6,2,3,4,0,71.59,0.0,1,0,7,3,4,0,4.0,5,4,80.0,1,5,7.0,2.0,28.57,1.0,1,20,12,60.0,6,14,0.0,1.0,4,0,0,3.69,4.59,5.31,4.76,7.55,4.8,0.422,2025-06-22T12:23:19.040074+00:00,595,Metro_FC_20251208181114_595,1,4.8
National University,2566.773,394.77,15.38,47.07,90,64,2,26,56,10,2.0,4,4,5,9,2,71.42,0.0,0,0,4,1,3,0,5.0,9,5,55.56,1,8,4.0,1.0,25.0,1.0,1,6,2,33.33,1,5,0.0,0.0,4,0,0,4.07,4.45,4.62,4.73,6.59,4.63,0.403,2025-08-05T08:43:16.040074+00:00,474,National_University_20251208181114_474,1,4.63
2 Worlds FC,2908.18,415.288,14.28,53.71,154,112,10,42,116,22,10.0,4,3,0,0,7,72.65,0.0,2,0,5,2,3,0,5.0,8,3,37.5,2,5,8.0,2.0,25.0,0.0,1,13,8,61.54,4,9,0.0,0.0,6,1,0,4.67,4.6,4.26,3.1,7.03,4.58,0.398,2025-01-11T12:01:47.040074+00:00,303,2_Worlds_FC_20251208181114_303,1,4.58
Valley Rovers,3060.494,958.547,31.32,61.49,153,123,15,30,104,22,8.0,9,4,2,5,8,80.09,0.0,1,0,3,1,2,0,3.0,7,3,42.86,8,5,9.0,2.0,22.22,0.0,2,1,1,100.0,0,1,0.0,2.0,4,0,0,4.44,4.67,5.78,4.04,6.81,4.95,0.439,2025-10-23T11:16:09.040074+00:00,494,Valley_Rovers_20251208181114_494,1,4.95
De La Salle University,2041.923,317.315,15.54,36.77,92,69,8,23,73,7,4.0,0,1,2,4,12,75.15,0.0,2,0,3,1,2,0,3.0,4,3,75.0,15,6,6.0,1.0,16.67,0.0,0,15,5,33.33,3,12,0.0,0.0,6,1,0,4.35,5.55,4.68,3.53,6.27,4.83,0.426,2025-04-27T14:07:44.040074+00:00,928,De_La_Salle_University_20251208181114_928,1,4.83
University of Santo Tomas,4111.393,765.13,18.61,77.6,159,111,18,48,112,10,17.0,7,2,6,4,15,69.88,0.0,3,0,9,3,6,0,8.0,17,12,70.59,3,3,2.0,0.0,0.0,1.0,0,46,16,34.78,13,33,0.0,3.0,2,1,0,5.44,4.75,4.41,5.02,6.57,5.1,0.456,2025-07-04T02:42:10.040074+00:00,500,University_of_Santo_Tomas_20251208181114_500,1,5.1
Northbridge FC,2036.864,704.551,34.59,37.29,105,75,8,30,76,11,5.0,2,2,4,4,6,71.17,0.0,2,0,3,1,2,0,3.0,2,1,50.0,10,8,10.0,2.0,20.0,0.0,0,27,12,44.44,0,27,2.0,1.0,4,1,0,4.44,5.11,5.07,3.55,6.3,4.82,0.424,2025-07-16T14:08:41.040074+00:00,403,Northbridge_FC_20251208181114_403,1,4.82
Coastal Town,2913.75,469.988,16.13,52.02,89,63,4,26,68,7,2.0,2,1,4,4,2,71.03,0.0,1,0,5,2,3,0,5.0,15,8,53.33,7,1,7.0,2.0,28.57,1.0,2,50,25,50.0,22,28,1.0,1.0,3,0,0,5.09,6.65,3.66,4.97,6.84,5.4,0.489,2025-11-21T23:49:46.041012+00:00,138,Coastal_Town_20251208181114_138,1,5.4
2 Worlds FC,3238.675,541.506,16.72,60.91,180,121,16,59,128,29,15.0,7,4,0,0,13,66.96,0.0,3,1,8,3,5,1,7.0,0,0,63.17,8,6,1.0,0.0,0.0,1.0,1,16,7,43.75,7,9,1.0,2.0,3,1,0,4.51,3.92,4.4,3.78,6.63,4.43,0.381,2025-06-09T21:11:05.041012+00:00,810,2_Worlds_FC_20251208181114_810,1,4.43
Far Eastern University,3978.077,764.189,19.21,72.74,239,178,24,61,171,38,4.0,0,3,9,14,26,74.6,1.0,4,1,7,4,3,1,9.0,24,8,33.33,5,2,6.0,1.0,16.67,0.0,2,21,12,57.14,2,19,1.0,3.0,4,1,0,5.05,4.58,5.17,3.3,6.44,4.84,0.427,2025-06-29T03:04:23.041012+00:00,194,Far_Eastern_University_20251208181114_194,1,4.84
Adamson University,3796.867,639.013,16.83,73.0,180,125,8,55,125,22,13.0,3,5,5,9,27,69.54,0.0,4,1,11,5,6,1,9.0,18,10,55.56,3,2,5.0,1.0,20.0,1.0,2,46,23,50.0,10,36,2.0,0.0,2,0,0,5.79,6.41,5.14,3.64,7.16,5.67,0.519,2025-09-07T04:53:44.041012+00:00,216,Adamson_University_20251208181114_216,1,5.67
University of the Philippines,1141.474,137.205,12.02,22.5,39,33,1,6,23,5,3.0,1,0,3,3,3,84.75,0.0,1,0,2,1,1,0,2.0,3,2,66.67,11,0,13.0,3.0,23.08,1.0,1,6,3,50.0,0,6,0.0,1.0,12,0,0,4.9,4.88,3.81,4.32,6.99,4.8,0.422,2025-08-17T23:26:47.041012+00:00,806,University_of_the_Philippines_20251208181114_806,1,4.8
Far Eastern University,2880.194,467.167,16.22,57.36,163,118,9,45,118,18,10.0,6,2,3,5,23,72.31,1.0,3,0,4,2,2,0,4.0,11,6,54.55,10,4,9.0,2.0,22.22,1.0,3,25,14,56.0,8,17,0.0,0.0,3,1,0,4.22,5.24,4.64,5.0,6.21,4.9,0.433,2025-07-17T18:19:22.041012+00:00,825,Far_Eastern_University_20251208181114_825,1,4.9
Valley Rovers,2386.356,536.691,22.49,46.01,88,66,5,22,72,11,2.0,5,3,0,0,4,75.47,0.0,2,1,7,3,4,1,7.0,6,3,50.0,12,0,5.0,2.0,40.0,0.0,3,26,11,42.31,10,16,1.0,2.0,4,0,0,4.63,4.48,4.1,4.79,7.34,4.78,0.42,2025-03-07T09:47:52.041012+00:00,947,Valley_Rovers_20251208181114_947,1,4.78
Valley Rovers,2206.247,447.427,20.28,43.47,67,61,2,6,51,4,7.0,4,0,0,0,4,91.42,0.0,1,0,2,1,1,0,3.0,10,6,60.0,5,5,13.0,2.0,15.38,1.0,0,18,11,61.11,1,17,1.0,0.0,6,2,0,4.1,5.07,5.1,4.0,5.91,4.74,0.416,2025-05-17T13:41:31.041012+00:00,171,Valley_Rovers_20251208181114_171,1,4.74
Northbridge FC,2454.883,467.901,19.06,45.43,119,74,18,45,91,11,4.0,1,2,4,7,8,61.96,0.0,1,1,6,3,3,0,4.0,1,1,100.0,10,5,14.0,2.0,14.29,1.0,0,11,6,54.55,2,9,0.0,1.0,0,0,0,4.86,4.89,3.66,3.96,7.26,4.74,0.416,2025-10-16T07:59:08.042012+00:00,968,Northbridge_FC_20251208181114_968,1,4.74
Mapúa University,2505.735,659.76,26.33,47.82,102,73,10,29,74,13,7.0,2,1,2,3,7,71.17,0.0,1,0,4,1,3,0,5.0,4,2,50.0,11,0,6.0,1.0,16.67,1.0,0,1,0,0.0,0,1,0.0,0.0,6,0,0,3.22,5.06,4.46,3.14,7.3,4.38,0.376,2025-11-25T10:19:18.042012+00:00,927,Mapúa_University_20251208181114_927,1,4.38
Northbridge FC,1370.004,287.838,21.01,27.49,73,54,8,19,47,8,0.0,2,3,4,10,12,74.06,0.0,2,0,3,1,2,0,3.0,2,1,50.0,15,3,17.0,5.0,29.41,0.0,1,9,2,22.22,2,7,2.0,2.0,10,0,0,4.11,5.43,4.75,4.04,7.82,4.97,0.441,2025-06-12T05:55:03.042012+00:00,186,Northbridge_FC_20251208181114_186,1,4.97
Lakeside Athletic,2167.464,458.419,21.15,42.69,110,79,14,31,74,18,5.0,2,2,4,6,8,72.12,1.0,3,0,3,1,2,0,3.0,9,6,66.67,12,2,13.0,1.0,7.69,0.0,0,21,11,52.38,3,18,2.0,4.0,8,1,0,4.83,3.98,5.68,4.6,6.61,4.91,0.434,2025-11-27T19:53:50.042012+00:00,918,Lakeside_Athletic_20251208181114_918,1,4.91
Coastal Town,3009.648,150.482,5.0,57.3,103,78,6,25,76,8,6.0,0,1,4,7,10,75.93,0.0,2,0,3,2,1,0,4.0,14,6,42.86,11,3,1.0,0.0,0.0,1.0,0,18,6,33.33,9,9,1.0,1.0,6,0,0,3.17,5.52,4.81,4.28,6.82,4.68,0.409,2025-04-28T00:05:14.042012+00:00,859,Coastal_Town_20251208181114_859,1,4.68
Northbridge FC,4511.002,1224.737,27.15,90.54,153,121,11,32,117,14,9.0,4,1,6,3,11,79.26,0.0,3,1,7,2,5,0,6.0,11,8,72.73,2,3,2.0,0.0,0.0,0.0,2,30,21,70.0,0,30,2.0,3.0,1,0,0,5.87,5.03,5.2,4.52,7.88,5.51,0.501,2025-09-08T11:35:19.042012+00:00,447,Northbridge_FC_20251208181114_447,1,5.51
San Beda University,2503.104,429.533,17.16,44.94,102,78,10,24,75,10,2.0,4,1,2,8,9,76.47,0.0,2,0,5,2,3,0,6.0,13,9,69.23,10,7,10.0,2.0,20.0,1.0,0,19,10,52.63,5,14,0.0,1.0,7,1,0,4.15,5.39,5.03,3.68,6.04,4.8,0.422,2025-03-09T10:14:12.042012+00:00,665,San_Beda_University_20251208181114_665,1,4.8
City United,3720.171,255.576,6.87,69.45,86,65,12,21,57,4,6.0,3,2,6,9,11,76.1,0.0,1,1,5,2,3,1,6.0,18,9,50.0,0,0,8.0,1.0,12.5,2.0,0,38,23,60.53,14,24,0.0,2.0,3,2,0,4.76,5.98,4.94,3.61,5.93,5.09,0.454,2024-12-10T20:39:53.042012+00:00,100,City_United_20251208181114_100,1,5.09
University of the Philippines,1035.508,153.462,14.82,19.52,31,25,3,6,21,3,2.0,1,1,2,3,4,79.39,0.0,0,0,2,1,1,0,2.0,2,2,100.0,11,9,3.0,1.0,33.33,2.0,0,1,0,0.0,0,1,0.0,0.0,3,1,0,4.3,5.07,4.62,4.42,5.68,4.73,0.414,2025-03-22T23:06:35.042012+00:00,869,University_of_the_Philippines_20251208181114_869,1,4.73
University of Santo Tomas,1837.511,475.364,25.87,33.06,140,106,12,34,110,11,11.0,5,3,0,0,24,75.55,0.0,4,0,3,1,2,0,4.0,12,7,58.33,3,12,11.0,2.0,18.18,1.0,1,9,3,33.33,1,8,0.0,1.0,11,0,0,4.53,4.73,4.4,4.31,7.8,4.86,0.429,2025-04-03T08:57:38.042012+00:00,521,University_of_Santo_Tomas_20251208181114_521,1,4.86
Brookside United,1772.344,167.309,9.44,32.98,74,49,13,25,54,10,8.0,4,3,0,0,6,66.16,0.0,1,0,4,1,3,0,4.0,5,4,80.0,15,13,2.0,0.0,0.0,1.0,3,10,5,50.0,3,7,2.0,2.0,12,1,0,4.11,5.44,4.08,3.79,6.33,4.65,0.406,2025-03-26T11:18:26.042012+00:00,11,Brookside_United_20251208181114_11,1,4.65
Adamson University,2259.871,593.668,26.27,40.48,91,70,7,21,69,9,7.0,5,1,0,0,7,76.45,0.0,2,0,3,1,2,0,3.0,6,3,50.0,9,6,6.0,1.0,16.67,0.0,1,34,15,44.12,11,23,1.0,1.0,3,1,0,4.54,5.04,4.46,4.99,6.26,4.9,0.433,2025-01-10T00:50:28.042012+00:00,743,Adamson_University_20251208181114_743,1,4.9
Northbridge FC,2393.05,365.658,15.28,45.86,94,57,14,37,63,8,6.0,5,2,2,8,9,60.19,0.0,2,0,4,0,4,0,5.0,14,7,50.0,9,9,9.0,3.0,33.33,0.0,0,14,6,42.86,1,13,1.0,0.0,7,2,0,4.37,4.89,4.1,3.63,5.54,4.48,0.387,2024-12-09T11:14:04.043515+00:00,661,Northbridge_FC_20251208181114_661,1,4.48
Northbridge FC,3802.613,546.435,14.37,69.44,161,116,24,45,126,11,7.0,6,2,5,5,6,71.96,0.0,1,0,6,2,4,1,8.0,19,10,52.63,4,3,5.0,1.0,20.0,2.0,0,6,2,33.33,1,5,0.0,0.0,3,1,0,5.02,4.29,4.3,3.29,5.85,4.51,0.39,2025-11-20T14:39:12.043515+00:00,200,Northbridge_FC_20251208181114_200,1,4.51
De La Salle University,2203.997,669.795,30.39,44.24,76,53,6,23,55,12,4.0,2,0,1,2,7,69.64,0.0,2,0,4,2,2,0,6.0,13,8,61.54,10,9,6.0,1.0,16.67,0.0,0,19,8,42.11,10,9,2.0,1.0,5,2,0,5.19,5.36,3.61,2.53,4.99,4.53,0.392,2025-06-06T02:08:00.043515+00:00,88,De_La_Salle_University_20251208181114_88,1,4.53
Northbridge FC,3375.961,1063.09,31.49,60.32,176,135,20,41,151,7,12.0,5,5,0,0,11,76.47,0.0,3,0,3,1,2,0,3.0,3,1,33.33,10,4,4.0,1.0,25.0,1.0,0,40,25,62.5,7,33,0.0,1.0,4,1,0,4.44,4.82,5.08,3.25,6.24,4.69,0.41,2025-03-01T17:02:42.043515+00:00,586,Northbridge_FC_20251208181114_586,1,4.69
Far Eastern University,2772.383,274.466,9.9,49.49,107,84,3,23,76,16,5.0,6,2,1,1,5,78.5,0.0,2,0,3,2,1,0,2.0,9,7,77.78,3,8,10.0,2.0,20.0,2.0,2,23,10,43.48,9,14,0.0,2.0,9,1,1,3.37,5.17,5.72,4.71,4.0,4.59,0.399,2025-09-19T20:58:12.043515+00:00,893,Far_Eastern_University_20251208181114_893,1,4.59
Lakeside Athletic,3284.354,302.817,9.22,65.21,209,144,23,65,154,38,15.0,7,4,0,0,18,69.07,0.0,4,1,8,2,6,1,11.0,13,8,61.54,3,0,6.0,1.0,16.67,2.0,1,30,6,20.0,5,25,1.0,1.0,5,0,0,5.88,4.33,4.95,3.42,6.82,5.01,0.446,2025-07-15T10:14:27.043515+00:00,647,Lakeside_Athletic_20251208181114_647,1,5.01
Riverside FC,2095.809,360.689,17.21,38.09,54,35,4,19,30,6,6.0,2,1,3,6,7,64.58,0.0,2,0,4,1,3,0,4.0,3,1,33.33,14,6,8.0,2.0,25.0,3.0,1,7,4,57.14,2,5,0.0,2.0,6,0,0,4.52,5.25,3.6,5.05,6.84,4.85,0.428,2025-05-16T01:18:26.043515+00:00,257,Riverside_FC_20251208181114_257,1,4.85
Lakeside Athletic,3190.713,873.617,27.38,61.15,180,108,33,72,129,15,13.0,4,2,9,8,21,60.14,1.0,6,1,6,2,4,0,7.0,17,13,76.47,7,3,8.0,2.0,25.0,0.0,2,13,6,46.15,2,11,2.0,3.0,3,0,0,4.74,5.32,4.57,4.74,7.74,5.17,0.463,2025-06-17T19:13:59.044523+00:00,464,Lakeside_Athletic_20251208181114_464,1,5.17
Lyceum,2292.467,246.899,10.77,42.7,72,51,8,21,50,6,7.0,3,2,2,3,6,70.4,0.0,2,0,6,1,5,0,4.0,8,4,50.0,14,4,0.0,0.0,0.0,1.0,0,14,5,35.71,5,9,0.0,0.0,4,0,0,5.75,5.5,4.72,3.24,7.12,5.26,0.473,2025-07-25T15:45:02.044523+00:00,701,Lyceum_20251208181114_701,1,5.26
Lakeside Athletic,2689.299,155.71,5.79,52.25,184,144,8,40,138,24,8.0,4,5,2,4,18,78.44,0.0,7,0,4,2,2,0,5.0,14,10,71.43,7,3,8.0,1.0,12.5,1.0,0,19,9,47.37,6,13,1.0,1.0,5,0,0,5.37,4.57,4.93,3.56,6.64,4.93,0.437,2025-10-14T08:13:39.044523+00:00,399,Lakeside_Athletic_20251208181114_399,1,4.93
Lakeside Athletic,1777.541,240.146,13.51,34.88,63,46,6,17,42,8,4.0,1,2,3,2,9,72.88,0.0,1,0,4,2,2,0,3.0,11,8,72.73,10,6,2.0,0.0,0.0,1.0,1,18,12,66.67,7,11,1.0,1.0,8,1,0,4.76,5.42,4.95,4.28,5.8,5.02,0.447,2025-03-03T14:55:47.044523+00:00,283,Lakeside_Athletic_20251208181114_283,1,5.02
Adamson University,3364.996,941.862,27.99,60.84,159,90,26,69,110,18,5.0,2,3,10,12,14,56.89,0.0,3,1,8,2,6,0,7.0,20,12,60.0,4,4,5.0,1.0,20.0,1.0,1,29,18,62.07,5,24,1.0,1.0,4,0,0,5.0,4.72,4.17,4.61,7.54,4.96,0.44,2025-07-30T06:00:33.044523+00:00,460,Adamson_University_20251208181114_460,1,4.96
Adamson University,1542.86,155.366,10.07,27.8,69,60,4,9,50,12,4.0,2,1,0,0,7,86.75,0.0,1,0,3,1,2,0,3.0,4,2,50.0,12,8,20.0,5.0,25.0,0.0,0,16,5,31.25,5,11,2.0,0.0,9,2,0,4.33,5.06,4.18,3.82,6.75,4.67,0.408,2025-08-03T15:21:34.044523+00:00,335,Adamson_University_20251208181114_335,1,4.67
Brookside United,3677.428,327.291,8.9,68.49,154,121,5,33,116,16,5.0,7,3,3,4,13,78.45,1.0,4,1,8,4,4,1,10.0,11,9,81.82,7,1,5.0,2.0,40.0,1.0,2,33,16,48.48,9,24,2.0,2.0,4,0,0,5.46,4.04,5.76,4.28,7.28,5.14,0.46,2024-12-26T04:26:45.044523+00:00,110,Brookside_United_20251208181114_110,1,5.14
San Beda University,2762.611,593.961,21.5,52.22,119,89,9,30,81,16,7.0,4,1,4,5,15,74.5,0.0,2,1,5,2,3,1,5.0,3,1,33.33,10,3,7.0,2.0,28.57,1.0,1,9,5,55.56,3,6,1.0,0.0,7,2,0,5.99,5.32,5.01,3.48,5.67,5.22,0.469,2025-07-12T12:48:44.044523+00:00,39,San_Beda_University_20251208181114_39,1,5.22
Coastal Town,1848.782,300.612,16.26,35.23,44,34,4,10,29,7,0.0,2,1,2,3,6,76.21,0.0,0,0,3,1,2,0,3.0,7,3,42.86,8,6,7.0,2.0,28.57,1.0,0,14,9,64.29,3,11,0.0,2.0,6,0,0,4.18,4.36,3.57,3.91,6.98,4.35,0.372,2025-02-16T05:24:11.045524+00:00,692,Coastal_Town_20251208181114_692,1,4.35
Riverside FC,1982.352,512.636,25.86,36.34,76,58,6,18,56,11,4.0,4,2,0,0,6,75.67,0.0,2,0,2,1,1,0,2.0,6,4,66.67,9,8,16.0,4.0,25.0,1.0,0,10,6,60.0,3,7,0.0,0.0,7,0,0,4.74,4.95,4.51,4.02,7.21,4.9,0.433,2025-06-28T05:23:23.045524+00:00,705,Riverside_FC_20251208181114_705,1,4.9
San Beda University,2061.108,103.055,5.0,39.51,82,62,8,20,54,6,1.0,5,1,7,8,10,75.95,0.0,1,0,4,1,3,0,5.0,7,3,42.86,10,6,6.0,2.0,33.33,1.0,0,16,11,68.75,7,9,0.0,0.0,3,0,0,4.43,5.77,4.18,3.7,7.71,4.98,0.442,2024-12-15T23:22:25.045524+00:00,262,San_Beda_University_20251208181114_262,1,4.98
Coastal Town,2976.229,502.387,16.88,53.6,143,109,5,34,109,20,10.0,5,2,0,0,11,76.04,0.0,4,1,6,2,4,0,8.0,7,3,42.86,8,5,5.0,1.0,20.0,2.0,1,12,7,58.33,3,9,0.0,0.0,4,0,0,5.2,5.7,4.79,3.83,7.27,5.27,0.474,2025-07-27T05:09:58.045524+00:00,179,Coastal_Town_20251208181114_179,1,5.27
Coastal Town,2091.813,371.715,17.77,37.56,98,75,6,23,72,13,7.0,5,1,0,0,0,76.58,0.0,1,0,4,1,3,0,4.0,4,3,75.0,14,6,8.0,2.0,25.0,0.0,1,20,8,40.0,5,15,0.0,0.0,6,1,0,3.7,5.85,4.03,4.47,6.54,4.76,0.418,2025-11-04T00:47:43.045524+00:00,411,Coastal_Town_20251208181114_411,1,4.76
Valley Rovers,2234.777,407.176,18.22,41.89,144,121,8,23,93,18,12.0,6,3,7,5,4,84.29,0.0,4,0,3,1,2,0,3.0,3,2,66.67,4,6,6.0,1.0,16.67,1.0,0,20,10,50.0,10,10,1.0,2.0,9,0,0,5.11,3.49,5.45,3.84,7.67,4.8,0.422,2025-06-24T06:58:06.045524+00:00,75,Valley_Rovers_20251208181114_75,1,4.8
Coastal Town,1350.991,255.337,18.9,24.51,42,31,3,11,28,3,3.0,1,1,4,3,5,72.66,0.0,1,0,1,0,1,0,1.0,4,3,75.0,15,16,12.0,3.0,25.0,1.0,0,6,3,50.0,3,3,0.0,0.0,6,0,0,3.65,5.53,3.73,4.71,7.0,4.68,0.409,2025-07-11T18:56:13.045524+00:00,524,Coastal_Town_20251208181114_524,1,4.68
National University,2523.554,346.989,13.75,47.12,116,86,11,30,72,11,9.0,3,0,7,14,10,73.92,0.0,3,0,4,1,3,1,5.0,13,9,69.23,5,6,3.0,0.0,0.0,1.0,0,14,7,50.0,2,12,0.0,1.0,6,0,0,2.85,5.23,4.97,3.68,7.15,4.49,0.388,2025-10-20T02:46:36.046521+00:00,211,National_University_20251208181114_211,1,4.49
Adamson University,3086.11,379.283,12.29,62.04,137,95,17,42,94,22,9.0,7,2,1,2,1,69.64,0.0,4,1,7,3,4,0,8.0,12,7,58.33,6,0,6.0,2.0,33.33,3.0,1,36,19,52.78,11,25,0.0,2.0,4,1,0,4.98,5.02,4.44,4.48,6.95,5.01,0.446,2025-04-26T12:42:43.046521+00:00,41,Adamson_University_20251208181114_41,1,5.01
Metro FC,3160.364,367.234,11.62,58.89,158,125,7,33,133,8,10.0,3,3,0,1,13,79.03,0.0,1,0,4,1,3,0,5.0,16,8,50.0,7,4,8.0,1.0,12.5,0.0,1,24,16,66.67,1,23,1.0,0.0,5,0,0,5.1,4.87,5.19,4.19,7.49,5.17,0.463,2025-06-04T08:43:34.046521+00:00,872,Metro_FC_20251208181114_872,1,5.17
Coastal Town,3309.137,991.417,29.96,61.44,85,68,6,17,69,2,2.0,4,3,2,2,11,79.92,0.0,2,1,5,2,3,1,5.0,12,8,66.67,3,4,6.0,1.0,16.67,0.0,2,16,9,56.25,6,10,2.0,0.0,4,2,0,5.16,5.79,4.57,4.73,5.69,5.21,0.468,2025-04-15T22:02:14.046521+00:00,162,Coastal_Town_20251208181114_162,1,5.21
City United,2770.749,376.822,13.6,54.5,123,96,11,27,79,17,10.0,5,1,7,6,7,77.92,0.0,3,0,4,1,3,0,3.0,11,6,54.55,5,4,6.0,1.0,16.67,1.0,1,3,2,66.67,0,3,0.0,2.0,3,0,0,4.01,4.38,4.03,3.58,7.37,4.39,0.377,2025-05-14T12:06:39.046521+00:00,741,City_United_20251208181114_741,1,4.39
Valley Rovers,1157.659,208.61,18.02,22.69,40,30,2,10,27,7,1.0,2,1,1,1,3,75.19,0.0,1,0,3,1,2,0,3.0,4,2,50.0,12,12,5.0,1.0,20.0,0.0,0,10,8,80.0,4,6,2.0,0.0,8,1,0,3.75,4.39,4.88,4.37,6.11,4.48,0.387,2025-04-08T16:42:43.046521+00:00,879,Valley_Rovers_20251208181114_879,1,4.48
Coastal Town,3184.359,748.324,23.5,61.28,252,204,16,48,224,40,25.0,7,6,0,0,32,81.03,0.0,5,1,5,1,4,1,6.0,15,5,33.33,6,7,7.0,1.0,14.29,0.0,2,35,16,45.71,6,29,0.0,1.0,2,1,0,6.35,5.35,4.93,4.68,6.49,5.57,0.508,2025-10-01T11:06:22.046521+00:00,70,Coastal_Town_20251208181114_70,1,5.57
Riverside FC,3141.346,935.179,29.77,56.7,115,80,13,35,86,14,9.0,3,4,0,0,10,69.21,0.0,2,1,5,1,4,0,4.0,6,4,66.67,10,3,0.0,0.0,0.0,1.0,0,29,12,41.38,2,27,0.0,1.0,0,0,0,5.77,4.6,4.72,4.65,6.56,5.15,0.461,2025-05-15T16:19:12.046521+00:00,583,Riverside_FC_20251208181114_583,1,5.15
Northbridge FC,2642.773,459.05,17.37,48.16,119,79,18,40,78,17,16.0,3,3,2,2,13,66.48,0.0,1,1,6,2,4,0,7.0,11,7,63.64,5,6,5.0,1.0,20.0,1.0,1,22,16,72.73,0,22,0.0,0.0,4,0,0,4.87,5.33,4.73,3.89,7.54,5.1,0.456,2025-10-27T14:31:21.047523+00:00,308,Northbridge_FC_20251208181114_308,1,5.1
De La Salle University,2580.371,441.76,17.12,48.52,104,92,3,12,86,11,0.0,0,3,2,2,16,88.94,0.0,3,0,4,1,3,0,5.0,15,9,60.0,12,5,8.0,1.0,12.5,1.0,0,19,7,36.84,3,16,0.0,1.0,5,0,0,4.72,5.14,5.72,3.81,6.72,5.11,0.457,2025-11-22T03:51:52.047523+00:00,85,De_La_Salle_University_20251208181114_85,1,5.11
2 Worlds FC,1762.026,183.779,10.43,34.73,91,65,7,26,62,7,1.0,0,3,9,9,0,71.58,0.0,1,0,4,1,3,0,4.0,6,3,50.0,5,5,12.0,2.0,16.67,2.0,1,8,3,37.5,2,6,0.0,0.0,0,0,0,4.05,5.02,4.49,4.66,6.59,4.75,0.417,2025-05-23T11:23:41.047523+00:00,681,2_Worlds_FC_20251208181114_681,1,4.75
Coastal Town,2188.378,264.575,12.09,40.32,99,72,10,27,61,21,4.0,4,3,3,4,8,73.19,0.0,0,0,5,2,3,0,6.0,0,0,74.01,4,2,11.0,1.0,9.09,0.0,0,25,13,52.0,8,17,0.0,1.0,9,0,0,3.94,3.96,3.63,5.02,7.18,4.36,0.373,2025-01-29T11:01:38.047523+00:00,475,Coastal_Town_20251208181114_475,1,4.36
Riverside FC,3783.434,533.464,14.1,71.89,130,86,21,44,76,13,11.0,4,1,13,11,12,66.33,0.0,1,0,6,2,4,1,5.0,10,7,70.0,5,3,5.0,1.0,20.0,1.0,3,37,14,37.84,12,25,0.0,2.0,3,0,0,4.15,3.45,4.47,4.11,7.36,4.33,0.37,2025-07-04T20:19:59.047523+00:00,789,Riverside_FC_20251208181114_789,1,4.33
Ateneo de Manila University,1613.648,328.377,20.35,28.77,92,67,7,25,68,12,14.0,2,2,0,0,7,72.87,0.0,1,0,3,1,2,0,3.0,2,1,50.0,16,8,13.0,5.0,38.46,2.0,1,10,5,50.0,6,4,0.0,1.0,7,1,0,5.45,4.63,5.84,4.61,6.69,5.3,0.478,2025-10-06T23:57:58.047523+00:00,509,Ateneo_de_Manila_University_20251208181114_509,1,5.3
Highland Wanderers,1717.155,299.815,17.46,32.0,69,47,7,22,51,9,5.0,1,1,1,1,10,67.49,0.0,1,0,3,1,2,0,2.0,10,5,50.0,20,8,11.0,1.0,9.09,2.0,0,15,6,40.0,2,13,0.0,0.0,13,1,0,5.23,4.73,4.0,3.87,6.23,4.75,0.417,2025-11-17T16:51:46.047523+00:00,477,Highland_Wanderers_20251208181114_477,1,4.75
Lakeside Athletic,2985.726,156.452,5.24,60.07,237,158,20,79,156,13,21.0,14,4,19,10,28,66.56,1.0,5,0,2,1,1,0,2.0,9,6,66.67,4,3,11.0,2.0,18.18,3.0,0,28,14,50.0,7,21,1.0,1.0,5,0,0,4.78,5.19,5.38,4.17,7.28,5.18,0.464,2025-07-16T06:15:15.047523+00:00,193,Lakeside_Athletic_20251208181114_193,1,5.18
University of Santo Tomas,2884.991,579.883,20.1,54.35,114,83,12,31,96,22,7.0,2,3,0,0,8,72.6,0.0,2,0,3,1,2,0,3.0,14,6,42.86,11,3,10.0,2.0,20.0,2.0,0,18,7,38.89,9,9,0.0,1.0,5,0,0,5.56,4.85,4.96,4.26,7.71,5.27,0.474,2025-08-04T15:12:05.048519+00:00,729,University_of_Santo_Tomas_20251208181114_729,1,5.27
2 Worlds FC,3860.747,1060.547,27.47,75.88,176,131,19,45,137,10,12.0,8,6,2,1,4,74.51,0.0,2,0,5,1,4,0,4.0,20,9,45.0,3,4,3.0,1.0,33.33,3.0,1,27,18,66.67,11,16,0.0,1.0,5,0,0,4.61,4.17,4.97,3.18,6.86,4.58,0.398,2025-02-14T13:49:09.048519+00:00,173,2_Worlds_FC_20251208181114_173,1,4.58
National University,2336.201,305.575,13.08,45.54,114,92,5,22,63,21,7.0,4,3,7,9,15,80.93,0.0,2,1,5,2,3,0,3.0,4,3,75.0,7,10,9.0,1.0,11.11,1.0,0,0,0,48.95,1,0,0.0,1.0,9,1,0,5.27,4.56,4.78,4.1,5.69,4.85,0.428,2025-09-27T07:52:03.048519+00:00,136,National_University_20251208181114_136,1,4.85
Mapúa University,3301.715,998.439,30.24,62.96,122,86,13,36,83,11,12.0,1,3,5,7,15,70.8,1.0,3,1,7,2,5,0,7.0,9,6,66.67,5,4,2.0,0.0,0.0,0.0,0,24,11,45.83,0,24,0.0,2.0,6,1,0,4.4,4.57,4.05,4.26,5.93,4.51,0.39,2025-09-05T19:20:24.048519+00:00,182,Mapúa_University_20251208181114_182,1,4.51
Coastal Town,4316.611,792.961,18.37,83.33,142,123,4,19,99,17,9.0,5,2,6,3,11,86.65,0.0,2,0,4,1,3,0,3.0,19,9,47.37,4,1,3.0,0.0,0.0,0.0,0,23,16,69.57,10,13,0.0,3.0,2,1,0,5.32,5.51,5.43,4.03,6.83,5.37,0.486,2025-08-19T04:41:03.048519+00:00,542,Coastal_Town_20251208181114_542,1,5.37
University of the Philippines,3350.568,812.513,24.25,65.26,162,120,19,42,113,30,3.0,9,5,1,1,11,73.98,0.0,3,1,6,3,3,0,7.0,2,1,50.0,4,8,5.0,1.0,20.0,1.0,1,25,12,48.0,4,21,0.0,1.0,1,1,0,6.24,4.39,4.26,4.49,7.1,5.17,0.463,2025-08-11T16:32:29.048519+00:00,38,University_of_the_Philippines_20251208181114_38,1,5.17
University of Santo Tomas,2700.304,375.072,13.89,52.34,154,94,11,60,106,17,8.0,1,1,12,8,13,60.75,1.0,4,0,4,1,3,0,5.0,12,5,41.67,9,6,10.0,2.0,20.0,0.0,1,34,15,44.12,0,34,0.0,1.0,0,0,0,4.52,5.38,5.04,3.5,7.05,4.98,0.442,2025-04-23T02:43:04.048519+00:00,201,University_of_Santo_Tomas_20251208181114_201,1,4.98
University of Santo Tomas,2190.295,268.53,12.26,39.75,76,62,5,14,46,11,0.0,3,2,7,8,3,81.77,0.0,1,0,6,2,4,0,6.0,6,3,50.0,3,6,7.0,2.0,28.57,3.0,0,31,18,58.06,6,25,0.0,1.0,6,0,0,4.79,4.55,3.86,4.88,7.33,4.8,0.422,2025-08-25T13:06:02.048519+00:00,626,University_of_Santo_Tomas_20251208181114_626,1,4.8
National University,1983.673,230.304,11.61,36.92,127,97,11,30,75,13,7.0,5,2,17,8,19,76.23,0.0,1,0,2,1,1,0,2.0,6,3,50.0,7,3,11.0,1.0,9.09,2.0,1,19,10,52.63,5,14,1.0,1.0,5,0,0,3.67,4.83,4.19,4.41,7.41,4.58,0.398,2025-02-15T22:31:34.049596+00:00,716,National_University_20251208181114_716,1,4.58
Coastal Town,1611.78,328.158,20.36,30.49,76,58,6,18,61,4,5.0,2,2,1,2,6,76.13,0.0,1,0,2,1,1,0,2.0,6,3,50.0,12,2,15.0,0.0,0.0,1.0,0,11,6,54.55,1,10,0.0,0.0,7,0,0,4.39,4.41,4.07,3.61,7.29,4.51,0.39,2025-11-29T19:27:13.049596+00:00,295,Coastal_Town_20251208181114_295,1,4.51
Valley Rovers,2825.613,558.341,19.76,51.49,150,84,16,66,105,25,17.0,1,3,0,0,10,56.19,0.0,2,0,6,2,4,1,6.0,6,3,50.0,7,9,9.0,2.0,22.22,0.0,0,19,9,47.37,3,16,0.0,1.0,8,0,0,4.69,4.7,3.43,4.23,7.5,4.66,0.407,2025-04-16T16:42:10.049596+00:00,190,Valley_Rovers_20251208181114_190,1,4.66
Metro FC,2533.617,385.87,15.23,45.4,117,82,11,35,79,12,14.0,5,4,1,2,5,69.66,1.0,3,0,4,1,3,0,4.0,0,0,46.28,0,4,9.0,2.0,22.22,2.0,0,8,4,50.0,1,7,0.0,0.0,2,0,0,4.42,3.14,5.01,2.59,7.13,4.19,0.354,2025-08-20T10:34:49.049596+00:00,299,Metro_FC_20251208181114_299,1,4.19
City United,3146.592,556.947,17.7,57.16,159,114,7,45,101,20,12.0,6,4,6,12,8,71.79,0.0,1,1,6,3,3,0,6.0,15,8,53.33,8,7,2.0,0.0,0.0,0.0,0,4,2,50.0,1,3,1.0,0.0,5,0,0,5.71,5.07,4.92,4.32,7.88,5.4,0.489,2025-11-22T20:50:54.049596+00:00,199,City_United_20251208181114_199,1,5.4
University of the Philippines,2486.045,363.957,14.64,49.22,54,40,4,14,38,9,1.0,2,1,2,2,5,73.53,0.0,1,0,5,2,3,1,5.0,11,7,63.64,10,6,1.0,0.0,0.0,1.0,1,27,7,25.93,8,19,0.0,0.0,4,0,0,5.52,4.91,4.2,3.95,6.86,5.0,0.444,2025-05-08T15:23:35.049596+00:00,343,University_of_the_Philippines_20251208181114_343,1,5.0
De La Salle University,2887.417,385.759,13.36,51.81,75,50,8,25,59,5,7.0,3,1,1,1,3,66.98,0.0,0,1,7,3,4,1,8.0,9,6,66.67,8,8,7.0,2.0,28.57,2.0,1,23,11,47.83,8,15,1.0,1.0,9,2,0,5.56,4.82,4.74,4.41,5.17,4.99,0.443,2025-09-06T02:18:16.049596+00:00,262,De_La_Salle_University_20251208181114_262,1,4.99
Northbridge FC,1099.469,211.538,19.24,20.97,25,21,2,4,14,1,2.0,0,1,3,4,2,82.39,0.0,0,0,2,1,1,0,3.0,2,1,50.0,13,14,9.0,2.0,22.22,3.0,0,7,4,57.14,1,6,1.0,0.0,11,1,0,5.17,4.83,4.19,4.17,6.54,4.88,0.431,2025-02-04T21:19:58.050523+00:00,112,Northbridge_FC_20251208181114_112,1,4.88
Brookside United,1864.647,353.351,18.95,34.7,49,40,3,9,39,5,5.0,1,1,0,0,1,81.67,0.0,1,0,3,1,2,0,4.0,9,5,55.56,10,4,9.0,0.0,0.0,0.0,1,16,9,56.25,5,11,0.0,1.0,9,2,0,4.41,4.73,5.09,3.55,4.45,4.52,0.391,2025-04-10T12:32:38.050523+00:00,966,Brookside_United_20251208181114_966,1,4.52
Metro FC,3670.66,955.106,26.02,65.57,205,135,19,70,143,18,22.0,4,3,7,9,11,65.66,1.0,5,0,7,3,4,0,10.0,18,6,33.33,8,2,5.0,1.0,20.0,1.0,0,41,22,53.66,8,33,0.0,1.0,2,0,0,5.44,4.49,4.4,4.66,7.87,5.1,0.456,2025-11-30T21:43:59.050523+00:00,656,Metro_FC_20251208181114_656,1,5.1
Coastal Town,3126.484,406.13,12.99,59.62,106,77,13,29,78,7,6.0,6,2,3,4,11,73.07,0.0,2,1,5,2,3,0,5.0,12,6,50.0,6,8,6.0,1.0,16.67,1.0,1,43,25,58.14,12,31,0.0,2.0,5,0,0,4.72,4.92,4.78,4.96,7.4,5.09,0.454,2025-01-28T18:35:02.050523+00:00,829,Coastal_Town_20251208181114_829,1,5.09
Mapúa University,2369.191,644.657,27.21,42.89,109,79,7,30,79,4,0.0,3,4,8,12,8,72.39,0.0,3,1,7,2,5,1,7.0,16,8,50.0,7,1,6.0,1.0,16.67,1.0,1,4,1,25.0,1,3,0.0,2.0,8,1,0,4.52,4.91,4.18,4.54,5.91,4.7,0.411,2025-11-04T11:04:40.050523+00:00,83,Mapúa_University_20251208181114_83,1,4.7
Adamson University,2388.996,505.512,21.16,45.4,127,88,13,39,85,18,7.0,5,2,2,8,13,69.38,1.0,5,0,4,1,3,0,5.0,12,9,75.0,0,5,12.0,0.0,0.0,0.0,0,0,0,60.29,0,0,0.0,0.0,3,1,0,5.58,4.51,4.96,5.09,6.6,5.19,0.466,2025-05-02T08:09:38.050523+00:00,208,Adamson_University_20251208181114_208,1,5.19
Lyceum,2503.48,568.791,22.72,48.8,146,110,12,36,107,20,1.0,5,2,4,7,12,75.08,0.0,3,0,5,1,4,0,5.0,12,6,50.0,5,4,11.0,1.0,9.09,1.0,0,0,0,51.86,2,0,0.0,1.0,2,0,0,4.31,4.33,5.14,3.72,7.17,4.69,0.41,2024-12-13T20:45:24.050523+00:00,55,Lyceum_20251208181114_55,1,4.69
Highland Wanderers,1707.248,85.362,5.0,31.73,109,82,8,27,82,21,9.0,0,2,0,0,8,74.79,0.0,2,0,4,2,2,0,5.0,10,7,70.0,13,9,7.0,2.0,28.57,0.0,0,12,8,66.67,3,9,0.0,1.0,5,1,0,4.78,5.05,5.57,4.81,6.26,5.17,0.463,2025-03-10T08:24:39.050523+00:00,737,Highland_Wanderers_20251208181114_737,1,5.17
National University,1944.389,230.993,11.88,35.51,85,74,2,11,69,16,8.0,1,3,0,0,8,87.33,0.0,2,0,3,1,2,0,3.0,8,3,37.5,7,6,13.0,3.0,23.08,0.0,2,11,7,63.64,3,8,2.0,2.0,6,1,0,3.77,5.23,4.99,4.08,6.8,4.77,0.419,2025-05-28T15:20:52.051519+00:00,441,National_University_20251208181114_441,1,4.77
Brookside United,2271.486,317.554,13.98,41.8,70,53,5,17,45,3,3.0,1,1,4,13,6,75.92,0.0,1,0,4,1,3,0,4.0,7,4,57.14,13,6,9.0,2.0,22.22,1.0,0,25,12,48.0,3,22,0.0,1.0,6,1,0,4.87,4.56,4.67,3.84,6.62,4.77,0.419,2025-03-15T03:52:20.051519+00:00,66,Brookside_United_20251208181114_66,1,4.77
Lakeside Athletic,2308.19,470.409,20.38,41.94,86,60,11,26,61,19,3.0,1,3,0,0,8,69.66,0.0,1,0,3,1,2,0,3.0,10,5,50.0,8,1,10.0,2.0,20.0,2.0,1,16,9,56.25,4,12,0.0,0.0,2,0,0,5.32,5.65,3.6,4.72,7.14,5.17,0.463,2025-01-12T00:21:37.051519+00:00,608,Lakeside_Athletic_20251208181114_608,1,5.17
Valley Rovers,2812.826,745.68,26.51,50.34,130,106,10,24,92,8,8.0,5,2,8,8,17,81.66,0.0,1,1,6,2,4,0,6.0,11,6,54.55,3,5,8.0,2.0,25.0,0.0,1,12,6,50.0,3,9,0.0,1.0,3,1,0,4.5,4.23,5.31,4.1,6.82,4.76,0.418,2025-06-29T16:31:12.051519+00:00,270,Valley_Rovers_20251208181114_270,1,4.76
San Beda University,1159.884,70.753,6.1,22.9,51,35,4,16,34,10,5.0,2,1,0,0,0,69.56,0.0,0,0,2,1,1,0,3.0,4,3,75.0,2,6,2.0,1.0,50.0,3.0,1,5,1,20.0,2,3,1.0,0.0,2,1,0,4.08,5.47,5.28,4.58,5.26,4.9,0.433,2024-12-31T08:00:25.051519+00:00,983,San_Beda_University_20251208181114_983,1,4.9
Highland Wanderers,2357.436,117.872,5.0,45.44,78,68,3,10,50,8,2.0,3,2,10,4,4,86.54,0.0,1,1,6,3,3,0,6.0,4,2,50.0,14,7,18.0,6.0,33.33,3.0,0,22,6,27.27,6,16,0.0,1.0,7,1,0,6.1,5.41,4.95,3.81,7.14,5.46,0.496,2025-03-14T19:43:35.051519+00:00,648,Highland_Wanderers_20251208181114_648,1,5.46
Metro FC,470.976,29.201,6.2,8.91,12,9,1,3,9,1,0.0,0,0,1,0,1,70.88,0.0,0,0,1,0,1,0,1.0,0,0,60.5,20,12,3.0,1.0,33.33,2.0,1,3,1,33.33,1,2,0.0,0.0,9,2,0,3.84,6.1,4.48,3.75,5.62,4.77,0.419,2025-09-15T01:00:53.051519+00:00,396,Metro_FC_20251208181114_396,1,4.77
Metro FC,2153.522,173.143,8.04,42.37,117,95,8,22,76,15,11.0,3,2,5,5,13,81.53,0.0,2,1,5,2,3,0,4.0,7,4,57.14,16,8,6.0,0.0,0.0,1.0,0,17,5,29.41,5,12,0.0,2.0,4,0,0,5.54,6.06,4.97,5.24,7.43,5.72,0.524,2025-05-12T11:57:16.052519+00:00,532,Metro_FC_20251208181114_532,1,5.72
University of the Philippines,2243.184,260.658,11.62,42.77,151,117,4,34,110,15,8.0,6,2,2,7,24,77.37,0.0,2,0,5,2,3,1,6.0,8,4,50.0,8,4,10.0,3.0,30.0,1.0,0,27,12,44.44,7,20,0.0,2.0,3,1,1,4.24,4.63,4.47,4.45,4.71,4.47,0.386,2024-12-31T20:29:29.052519+00:00,751,University_of_the_Philippines_20251208181114_751,1,4.47
Lakeside Athletic,1603.513,266.344,16.61,31.81,41,26,7,15,27,7,0.0,1,1,3,3,4,63.18,0.0,1,1,4,2,2,0,5.0,5,4,80.0,1,2,15.0,2.0,13.33,0.0,1,15,7,46.67,1,14,0.0,2.0,9,2,0,6.24,4.45,4.33,2.09,5.63,4.71,0.412,2025-07-19T07:11:17.052519+00:00,778,Lakeside_Athletic_20251208181114_778,1,4.71
National University,2017.792,523.415,25.94,38.66,105,81,7,24,67,9,7.0,6,0,9,7,4,76.8,0.0,2,0,5,3,2,1,5.0,6,4,66.67,12,8,5.0,2.0,40.0,2.0,0,18,9,50.0,4,14,0.0,1.0,5,0,0,5.43,5.41,4.99,4.97,6.53,5.38,0.487,2025-04-17T03:15:20.052519+00:00,945,National_University_20251208181114_945,1,5.38
Lakeside Athletic,2440.137,391.398,16.04,45.52,101,78,5,23,76,15,7.0,4,3,0,0,2,77.7,0.0,0,0,2,1,1,0,2.0,4,2,50.0,5,8,6.0,1.0,16.67,2.0,0,14,7,50.0,2,12,1.0,0.0,6,0,0,4.49,5.81,5.12,4.09,7.43,5.22,0.469,2025-07-15T04:30:47.052519+00:00,771,Lakeside_Athletic_20251208181114_771,1,5.22
Far Eastern University,2596.3,230.292,8.87,47.1,70,53,8,17,59,7,0.0,4,2,0,0,1,76.29,0.0,1,0,4,1,3,0,4.0,9,5,55.56,11,4,9.0,1.0,11.11,2.0,0,41,22,53.66,18,23,0.0,4.0,6,1,0,4.26,5.45,4.79,4.08,6.4,4.89,0.432,2025-02-04T19:38:05.052519+00:00,18,Far_Eastern_University_20251208181114_18,1,4.89
Ateneo de Manila University,2150.398,107.52,5.0,40.98,96,84,5,12,68,13,5.0,5,3,1,1,7,87.95,0.0,1,0,3,1,2,0,3.0,1,0,0.0,4,8,13.0,2.0,15.38,0.0,0,19,6,31.58,6,13,1.0,1.0,4,0,0,4.13,4.87,4.98,3.74,7.02,4.74,0.416,2025-02-27T16:01:29.052519+00:00,454,Ateneo_de_Manila_University_20251208181114_454,1,4.74
University of the Philippines,2777.312,594.9,21.42,50.72,147,106,14,41,87,14,10.0,3,3,17,12,9,72.17,0.0,3,0,5,1,4,1,6.0,7,4,57.14,8,8,9.0,2.0,22.22,1.0,1,7,5,71.43,2,5,0.0,3.0,4,0,0,4.87,5.3,5.08,4.69,7.25,5.25,0.472,2025-06-12T22:49:45.052519+00:00,817,University_of_the_Philippines_20251208181114_817,1,5.25
Valley Rovers,2042.912,486.622,23.82,38.94,94,77,7,17,66,12,7.0,5,2,1,1,2,81.48,0.0,1,1,5,1,4,1,7.0,0,0,43.62,4,14,12.0,2.0,16.67,2.0,1,4,2,50.0,1,3,0.0,0.0,4,1,0,5.52,4.35,4.45,2.68,6.14,4.64,0.404,2025-11-03T21:41:31.053519+00:00,693,Valley_Rovers_20251208181114_693,1,4.64
Mapúa University,3290.021,595.494,18.1,58.6,216,129,18,87,171,29,1.0,6,3,3,2,26,59.5,1.0,5,0,6,2,4,0,5.0,13,6,46.15,3,3,3.0,1.0,33.33,2.0,1,28,11,39.29,7,21,0.0,2.0,3,1,0,5.86,4.22,4.6,3.61,7.52,5.0,0.444,2025-04-24T17:39:13.053519+00:00,588,Mapúa_University_20251208181114_588,1,5.0
De La Salle University,1305.94,218.223,16.71,23.74,101,80,8,21,56,14,8.0,5,2,10,6,4,79.67,0.0,2,0,2,0,2,0,2.0,1,0,0.0,7,11,14.0,2.0,14.29,1.0,0,17,8,47.06,7,10,0.0,1.0,10,3,0,4.35,4.68,4.46,4.09,4.72,4.46,0.384,2025-11-01T22:17:08.053519+00:00,729,De_La_Salle_University_20251208181114_729,1,4.46
Metro FC,2379.343,634.095,26.65,46.91,181,155,7,26,138,16,11.0,3,8,2,3,3,85.58,1.0,3,0,5,1,4,0,4.0,9,6,66.67,5,5,2.0,1.0,50.0,0.0,0,17,9,52.94,3,14,1.0,2.0,3,0,0,4.7,6.28,4.54,4.0,6.64,5.21,0.468,2025-07-25T16:37:01.053519+00:00,916,Metro_FC_20251208181114_916,1,5.21
Northbridge FC,2601.796,759.724,29.2,50.85,176,120,9,56,132,27,14.0,2,4,0,0,22,68.16,0.0,2,1,5,1,4,0,4.0,1,1,100.0,4,5,8.0,1.0,12.5,0.0,0,10,6,60.0,2,8,0.0,0.0,6,0,0,5.07,4.99,5.1,3.79,7.36,5.1,0.456,2025-06-08T21:04:13.053519+00:00,364,Northbridge_FC_20251208181114_364,1,5.1
National University,2146.471,298.359,13.9,40.33,148,112,15,36,121,15,8.0,7,3,0,0,18,75.91,1.0,3,1,6,1,5,0,7.0,8,4,50.0,21,11,14.0,4.0,28.57,2.0,0,0,0,41.15,0,0,0.0,0.0,4,0,0,5.27,5.57,4.92,4.47,7.51,5.4,0.489,2025-03-22T14:45:02.053519+00:00,846,National_University_20251208181114_846,1,5.4
Metro FC,2296.043,304.915,13.28,41.95,44,36,2,8,37,5,1.0,1,1,0,0,5,81.55,0.0,1,0,2,1,1,0,2.0,2,1,50.0,10,5,3.0,0.0,0.0,0.0,0,18,9,50.0,1,17,1.0,0.0,8,0,0,4.49,5.06,4.87,3.85,7.43,4.93,0.437,2025-05-20T19:22:26.053519+00:00,341,Metro_FC_20251208181114_341,1,4.93
Metro FC,2516.423,636.655,25.3,46.62,57,40,6,17,38,4,3.0,1,1,6,4,1,69.62,0.0,1,0,3,1,2,0,3.0,6,3,50.0,10,1,10.0,2.0,20.0,3.0,0,20,8,40.0,5,15,0.0,0.0,2,0,0,3.91,4.94,4.67,5.75,7.09,4.93,0.437,2025-02-15T08:43:28.053519+00:00,970,Metro_FC_20251208181114_970,1,4.93
2 Worlds FC,2295.784,398.778,17.37,42.86,126,121,1,5,90,7,5.0,2,6,7,9,12,96.33,0.0,2,0,6,1,5,0,5.0,10,5,50.0,9,9,0.0,0.0,0.0,3.0,0,15,7,46.67,0,15,1.0,1.0,0,0,0,5.37,5.41,4.86,4.03,6.9,5.24,0.471,2025-05-15T04:18:22.053519+00:00,382,2_Worlds_FC_20251208181114_382,1,5.24
Far Eastern University,1656.945,150.285,9.07,31.95,77,62,5,15,49,6,2.0,4,3,6,7,1,80.21,0.0,2,0,4,1,3,0,3.0,5,3,60.0,9,8,12.0,2.0,16.67,0.0,3,19,12,63.16,1,18,0.0,3.0,0,0,1,5.12,5.6,4.38,4.7,5.66,5.1,0.456,2025-03-29T21:50:28.054589+00:00,875,Far_Eastern_University_20251208181114_875,1,5.1
Far Eastern University,2556.502,572.401,22.39,46.19,163,120,16,43,110,20,9.0,6,2,10,7,13,73.65,0.0,3,0,4,1,3,0,5.0,17,8,47.06,7,3,11.0,1.0,9.09,2.0,0,32,15,46.88,6,26,1.0,0.0,5,1,0,5.31,5.05,3.89,3.58,6.91,4.87,0.43,2025-07-24T16:28:15.054589+00:00,201,Far_Eastern_University_20251208181114_201,1,4.87
Ateneo de Manila University,3131.109,506.3,16.17,58.08,154,102,15,52,106,6,10.0,4,4,12,12,29,65.92,1.0,4,0,3,0,3,0,3.0,0,0,40.19,7,3,2.0,0.0,0.0,0.0,1,30,11,36.67,5,25,0.0,2.0,3,1,0,4.59,4.92,5.51,5.13,6.22,5.11,0.457,2025-07-31T06:12:38.054589+00:00,693,Ateneo_de_Manila_University_20251208181114_693,1,5.11
Adamson University,779.84,255.164,32.72,13.92,36,28,2,8,26,3,3.0,1,1,1,1,6,77.51,0.0,0,0,2,1,1,0,2.0,4,2,50.0,17,9,12.0,4.0,33.33,2.0,1,7,4,57.14,0,7,0.0,0.0,5,0,0,4.82,4.47,4.89,3.02,7.15,4.72,0.413,2025-01-12T20:29:48.054589+00:00,34,Adamson_University_20251208181114_34,1,4.72
University of the Philippines,1904.628,497.679,26.13,35.83,79,66,3,13,62,6,7.0,0,0,1,2,5,82.92,0.0,1,1,5,2,3,0,3.0,10,5,50.0,6,7,17.0,6.0,35.29,0.0,0,13,6,46.15,4,9,0.0,0.0,5,0,0,5.29,4.62,4.87,4.84,7.58,5.18,0.464,2025-03-01T23:59:03.054589+00:00,151,University_of_the_Philippines_20251208181114_151,1,5.18
San Beda University,3056.006,489.878,16.03,55.17,153,115,13,38,123,8,8.0,2,3,5,4,15,74.97,0.0,3,1,6,2,4,0,6.0,19,11,57.89,1,2,10.0,1.0,10.0,1.0,0,17,9,52.94,6,11,0.0,1.0,3,0,0,5.11,5.71,5.26,3.85,7.22,5.34,0.482,2025-07-20T02:51:15.054589+00:00,402,San_Beda_University_20251208181114_402,1,5.34
Highland Wanderers,1184.487,179.568,15.16,23.42,71,53,2,18,49,8,3.0,4,1,3,2,6,74.16,0.0,2,0,2,1,1,0,2.0,2,1,50.0,10,0,16.0,2.0,12.5,3.0,2,6,3,50.0,3,3,0.0,0.0,0,3,1,3.77,4.95,4.14,3.24,3.24,4.05,0.339,2025-02-09T08:23:54.054589+00:00,657,Highland_Wanderers_20251208181114_657,1,4.05
Brookside United,3471.361,712.323,20.52,66.68,130,101,9,29,86,17,4.0,3,2,5,12,6,77.89,0.0,2,1,8,1,7,0,7.0,21,12,57.14,2,4,3.0,1.0,33.33,0.0,0,28,11,39.29,8,20,1.0,1.0,5,0,0,4.71,3.57,3.47,4.49,6.69,4.31,0.368,2025-09-04T04:20:49.055526+00:00,481,Brookside_United_20251208181114_481,1,4.31
San Beda University,2550.409,440.711,17.28,45.53,141,115,8,26,91,15,10.0,6,4,6,9,15,81.5,0.0,1,0,4,1,3,0,5.0,7,3,42.86,1,3,6.0,1.0,16.67,0.0,0,21,12,57.14,7,14,0.0,0.0,4,1,0,3.48,5.39,4.93,4.08,6.61,4.7,0.411,2025-02-28T05:34:03.055526+00:00,310,San_Beda_University_20251208181114_310,1,4.7
Lyceum,1113.593,213.364,19.16,21.52,47,35,5,12,34,5,4.0,1,1,1,2,7,75.29,0.0,1,0,2,0,2,0,2.0,7,5,71.43,8,8,15.0,4.0,26.67,1.0,0,8,5,62.5,3,5,2.0,0.0,11,2,0,4.06,4.56,4.72,4.43,6.43,4.62,0.402,2025-05-31T17:57:36.055526+00:00,382,Lyceum_20251208181114_382,1,4.62
Coastal Town,1761.174,222.612,12.64,35.18,84,71,6,13,45,14,7.0,4,1,7,5,1,83.97,0.0,2,1,5,2,3,0,4.0,1,1,100.0,11,7,10.0,3.0,30.0,1.0,1,18,9,50.0,3,15,0.0,2.0,9,1,0,4.41,6.02,4.59,4.62,6.8,5.17,0.463,2025-04-13T03:08:35.055526+00:00,68,Coastal_Town_20251208181114_68,1,5.17
Northbridge FC,1197.781,141.218,11.79,22.88,64,47,2,17,52,7,1.0,3,2,0,0,4,73.64,0.0,1,0,2,1,1,0,2.0,6,4,66.67,4,6,12.0,3.0,25.0,1.0,2,8,4,50.0,1,7,0.0,0.0,8,3,0,3.68,4.75,4.4,4.83,5.21,4.44,0.382,2025-08-30T20:46:07.055526+00:00,569,Northbridge_FC_20251208181114_569,1,4.44
Highland Wanderers,2893.86,947.16,32.73,51.59,148,96,9,52,98,3,5.0,4,4,21,12,7,64.71,0.0,2,1,7,3,4,0,8.0,12,5,41.67,9,4,8.0,1.0,12.5,1.0,3,10,4,40.0,2,8,1.0,3.0,7,0,0,4.48,4.24,3.8,4.23,7.3,4.52,0.391,2025-10-18T01:20:28.055526+00:00,225,Highland_Wanderers_20251208181114_225,1,4.52
Valley Rovers,1815.509,438.264,24.14,33.54,121,96,10,25,82,9,3.0,5,3,11,7,4,79.42,0.0,2,0,3,1,2,0,5.0,5,2,40.0,15,3,12.0,2.0,16.67,1.0,1,5,2,40.0,1,4,0.0,2.0,12,0,0,4.09,4.67,5.62,3.32,6.42,4.68,0.409,2025-06-18T17:01:21.055526+00:00,964,Valley_Rovers_20251208181114_964,1,4.68
Lakeside Athletic,2938.882,576.903,19.63,58.82,109,70,6,39,78,17,10.0,5,2,0,0,2,64.43,0.0,1,1,9,4,5,1,12.0,14,8,57.14,4,6,5.0,1.0,20.0,2.0,2,37,20,54.05,14,23,1.0,3.0,6,0,0,5.39,4.07,3.88,3.94,7.03,4.68,0.409,2025-03-04T05:06:37.055526+00:00,290,Lakeside_Athletic_20251208181114_290,1,4.68
City United,2598.562,129.928,5.0,48.01,116,87,15,29,80,15,4.0,5,2,5,6,15,75.1,0.0,1,1,5,1,4,0,5.0,21,7,33.33,2,5,12.0,4.0,33.33,1.0,0,12,5,41.67,0,12,0.0,1.0,3,1,0,5.41,5.26,4.41,4.12,6.37,5.08,0.453,2025-03-31T10:27:00.056620+00:00,779,City_United_20251208181114_779,1,5.08
Metro FC,2551.254,550.816,21.59,49.7,120,91,7,29,90,15,8.0,5,5,0,0,7,75.47,0.0,2,0,5,2,3,1,6.0,12,7,58.33,7,5,3.0,1.0,33.33,0.0,2,22,10,45.45,4,18,0.0,3.0,9,1,0,5.78,4.69,5.3,4.09,5.07,5.07,0.452,2025-02-26T22:24:58.056620+00:00,321,Metro_FC_20251208181114_321,1,5.07
Lakeside Athletic,3283.235,234.423,7.14,65.34,99,65,12,34,66,13,13.0,4,2,1,1,13,65.57,0.0,1,1,7,3,4,1,7.0,11,6,54.55,4,4,4.0,1.0,25.0,1.0,0,36,20,55.56,8,28,0.0,0.0,5,1,0,5.49,5.7,3.86,3.68,6.2,5.04,0.449,2025-04-30T14:18:46.056620+00:00,332,Lakeside_Athletic_20251208181114_332,1,5.04
University of the Philippines,1646.148,195.233,11.86,31.35,54,37,7,17,36,9,2.0,0,1,3,3,7,67.78,0.0,1,0,3,0,3,0,3.0,0,0,70.51,8,6,15.0,2.0,13.33,2.0,0,23,14,60.87,3,20,1.0,1.0,6,0,1,4.4,4.75,4.58,4.56,6.2,4.74,0.416,2025-09-30T12:31:34.056620+00:00,516,University_of_the_Philippines_20251208181114_516,1,4.74
Ateneo de Manila University,1540.305,219.956,14.28,30.65,95,61,8,34,58,18,3.0,3,2,9,3,6,64.25,0.0,1,0,3,1,2,0,4.0,5,3,60.0,7,8,8.0,1.0,12.5,1.0,0,15,9,60.0,5,10,2.0,1.0,3,0,0,5.14,5.0,4.36,4.31,7.19,5.03,0.448,2025-02-07T09:47:02.056620+00:00,259,Ateneo_de_Manila_University_20251208181114_259,1,5.03
Lakeside Athletic,1836.625,363.101,19.77,34.35,67,38,11,29,48,4,0.0,0,2,7,6,8,56.12,0.0,1,0,3,1,2,0,4.0,7,4,57.14,9,16,6.0,1.0,16.67,0.0,0,16,11,68.75,1,15,0.0,1.0,10,1,0,5.14,5.82,3.74,3.99,7.19,5.09,0.454,2025-11-18T04:14:12.056620+00:00,468,Lakeside_Athletic_20251208181114_468,1,5.09
National University,2080.968,482.993,23.21,39.84,118,95,7,23,75,20,9.0,4,0,4,5,11,80.81,0.0,2,0,4,1,3,0,4.0,12,7,58.33,12,8,5.0,0.0,0.0,2.0,2,15,11,73.33,2,13,0.0,1.0,0,0,0,4.43,5.7,5.39,2.84,7.13,5.03,0.448,2025-11-17T22:45:08.056620+00:00,718,National_University_20251208181114_718,1,5.03
Coastal Town,4411.644,729.245,16.53,82.18,133,92,14,41,97,19,5.0,7,4,0,0,9,69.01,0.0,3,1,9,6,3,0,15.0,18,12,66.67,5,2,3.0,1.0,33.33,1.0,3,22,15,68.18,9,13,2.0,1.0,1,1,0,5.31,4.92,5.11,2.79,6.11,4.89,0.432,2025-06-22T01:40:29.057524+00:00,972,Coastal_Town_20251208181114_972,1,4.89
Metro FC,2371.582,333.919,14.08,43.68,37,29,3,8,20,6,2.0,2,2,2,5,4,79.56,0.0,0,1,5,1,4,0,4.0,7,4,57.14,11,11,9.0,2.0,22.22,1.0,0,28,13,46.43,8,20,0.0,1.0,7,1,0,4.43,5.81,4.32,5.2,6.99,5.16,0.462,2025-12-02T01:41:13.057524+00:00,601,Metro_FC_20251208181114_601,1,5.16
Mapúa University,2652.207,798.314,30.1,49.58,138,118,8,20,109,24,14.0,5,3,0,0,14,85.69,1.0,3,0,6,2,4,0,7.0,3,2,66.67,5,5,13.0,1.0,7.69,2.0,1,8,3,37.5,2,6,1.0,3.0,9,2,0,5.67,4.63,4.74,4.46,5.83,5.04,0.449,2025-09-09T02:25:27.057524+00:00,140,Mapúa_University_20251208181114_140,1,5.04
Valley Rovers,1538.346,259.519,16.87,29.21,102,73,6,29,66,14,7.0,6,2,4,3,6,71.41,0.0,1,0,4,2,2,0,4.0,7,3,42.86,12,10,10.0,3.0,30.0,2.0,0,9,5,55.56,1,8,0.0,3.0,8,0,0,5.31,5.5,5.73,3.17,7.26,5.34,0.482,2025-10-04T15:47:41.057524+00:00,817,Valley_Rovers_20251208181114_817,1,5.34
Lyceum,2189.826,598.698,27.34,39.24,103,74,17,29,66,23,6.0,2,4,1,2,3,72.21,0.0,3,0,4,2,2,0,4.0,7,3,42.86,7,2,11.0,4.0,36.36,2.0,0,27,16,59.26,6,21,1.0,0.0,7,2,0,4.15,3.93,3.99,4.57,5.78,4.28,0.364,2025-01-31T11:50:28.057524+00:00,191,Lyceum_20251208181114_191,1,4.28
San Beda University,3320.942,245.086,7.38,63.82,190,135,18,55,118,24,7.0,6,6,4,25,14,70.99,1.0,7,1,7,3,4,0,6.0,15,10,66.67,9,3,6.0,1.0,16.67,1.0,2,59,24,40.68,18,41,3.0,1.0,1,0,0,5.72,4.15,4.47,3.41,7.45,4.88,0.431,2025-07-26T22:44:25.057524+00:00,295,San_Beda_University_20251208181114_295,1,4.88
Mapúa University,2119.792,438.585,20.69,40.34,101,73,12,28,89,11,15.0,3,2,0,0,8,72.74,0.0,3,0,4,1,3,0,4.0,11,3,27.27,7,5,9.0,1.0,11.11,2.0,2,0,0,38.93,1,0,1.0,1.0,8,0,0,4.98,5.1,4.38,3.74,7.58,4.98,0.442,2025-04-01T08:08:48.057524+00:00,799,Mapúa_University_20251208181114_799,1,4.98
University of the Philippines,2703.958,322.582,11.93,52.8,150,103,18,47,85,19,3.0,4,3,15,21,8,68.67,1.0,5,0,5,1,4,0,4.0,10,5,50.0,1,7,8.0,1.0,12.5,0.0,0,13,8,61.54,3,10,0.0,0.0,3,0,0,5.35,4.68,4.96,3.94,6.67,5.02,0.447,2025-08-21T20:40:20.057524+00:00,848,University_of_the_Philippines_20251208181114_848,1,5.02
2 Worlds FC,1801.078,289.613,16.08,35.4,80,57,7,23,59,11,4.0,3,3,0,0,6,71.43,0.0,1,1,5,1,4,0,3.0,3,2,66.67,6,4,4.0,1.0,25.0,1.0,0,13,8,61.54,4,9,0.0,0.0,4,0,0,5.88,5.45,4.33,3.86,6.7,5.25,0.472,2025-06-11T09:33:00.058523+00:00,462,2_Worlds_FC_20251208181114_462,1,5.25
Adamson University,2727.684,136.384,5.0,50.73,93,67,5,26,61,7,3.0,2,2,10,7,8,72.57,0.0,1,1,6,2,4,0,6.0,10,6,60.0,4,4,12.0,3.0,25.0,0.0,1,37,27,72.97,6,31,0.0,0.0,4,0,0,5.23,4.98,4.21,4.96,7.05,5.1,0.456,2025-08-27T04:08:46.058523+00:00,964,Adamson_University_20251208181114_964,1,5.1
City United,2577.461,419.868,16.29,46.66,143,100,18,43,91,24,7.0,4,3,2,12,4,70.15,0.0,2,0,6,2,4,0,6.0,11,8,72.73,2,3,8.0,2.0,25.0,1.0,0,22,9,40.91,14,8,1.0,0.0,8,0,0,4.4,3.82,4.58,4.94,6.83,4.59,0.399,2025-07-09T06:09:27.058523+00:00,437,City_United_20251208181114_437,1,4.59
Mapúa University,3092.425,873.919,28.26,55.7,111,82,7,29,83,22,10.0,2,1,0,0,6,74.1,0.0,2,1,5,2,3,0,7.0,7,3,42.86,5,3,3.0,1.0,33.33,1.0,1,13,5,38.46,7,6,0.0,0.0,2,0,0,4.58,5.16,4.69,4.02,7.23,4.95,0.439,2025-02-19T01:57:56.058523+00:00,896,Mapúa_University_20251208181114_896,1,4.95
Far Eastern University,2401.591,354.715,14.77,45.5,130,98,11,32,100,12,10.0,6,3,0,0,4,75.59,0.0,2,1,5,2,3,1,4.0,11,8,72.73,1,4,12.0,4.0,33.33,1.0,2,28,8,28.57,9,19,1.0,0.0,4,0,0,4.37,5.64,4.16,3.97,6.54,4.84,0.427,2025-02-17T19:59:48.058523+00:00,63,Far_Eastern_University_20251208181114_63,1,4.84
Adamson University,2945.387,458.597,15.57,58.76,106,83,12,23,85,10,8.0,7,3,0,0,8,78.13,0.0,2,1,7,2,5,1,8.0,14,8,57.14,8,7,8.0,1.0,12.5,0.0,1,15,5,33.33,4,11,0.0,3.0,6,2,0,4.5,4.8,4.73,4.42,5.3,4.7,0.411,2025-02-13T16:21:45.058523+00:00,968,Adamson_University_20251208181114_968,1,4.7
Far Eastern University,2701.402,408.992,15.14,50.05,69,60,4,9,52,9,6.0,2,2,0,0,6,86.33,0.0,0,1,7,2,5,0,7.0,9,3,33.33,7,1,8.0,2.0,25.0,2.0,1,25,15,60.0,8,17,1.0,2.0,6,0,0,5.22,5.6,5.38,4.57,7.0,5.45,0.494,2025-04-19T04:53:27.058523+00:00,908,Far_Eastern_University_20251208181114_908,1,5.45
San Beda University,1934.023,445.019,23.01,35.02,82,64,5,18,51,7,10.0,3,2,4,5,7,78.03,0.0,2,0,4,1,3,0,4.0,13,7,53.85,8,3,8.0,3.0,37.5,0.0,0,15,7,46.67,3,12,0.0,2.0,11,0,0,5.8,4.08,5.01,4.47,7.04,5.1,0.456,2025-03-04T01:20:45.058523+00:00,449,San_Beda_University_20251208181114_449,1,5.1
University of the Philippines,3543.53,461.368,13.02,65.43,162,131,3,31,129,26,2.0,2,4,0,0,8,80.75,0.0,2,1,9,3,6,0,10.0,17,12,70.59,6,1,4.0,1.0,25.0,1.0,0,41,20,48.78,0,41,0.0,2.0,1,1,0,5.6,5.26,5.3,4.3,5.38,5.24,0.471,2025-11-17T09:36:20.059520+00:00,852,University_of_the_Philippines_20251208181114_852,1,5.24
City United,2182.15,481.601,22.07,40.97,82,65,2,17,61,11,5.0,4,0,0,0,7,78.82,0.0,1,0,3,1,2,0,4.0,4,2,50.0,7,7,9.0,3.0,33.33,0.0,0,11,5,45.45,6,5,0.0,1.0,7,2,0,5.33,6.06,4.65,2.94,6.28,5.16,0.462,2025-08-31T18:07:57.059520+00:00,705,City_United_20251208181114_705,1,5.16
Highland Wanderers,3139.123,1130.712,36.02,60.85,90,68,9,22,70,11,2.0,3,1,1,2,7,75.42,0.0,3,0,5,1,4,0,4.0,13,9,69.23,2,4,8.0,1.0,12.5,1.0,1,18,8,44.44,7,11,1.0,3.0,0,0,0,4.47,3.88,4.9,4.7,7.1,4.69,0.41,2025-02-02T13:18:54.059520+00:00,837,Highland_Wanderers_20251208181114_837,1,4.69
San Beda University,2746.712,476.829,17.36,52.75,101,71,14,30,69,9,12.0,4,2,4,2,9,69.84,0.0,1,1,5,2,3,0,4.0,15,8,53.33,13,6,10.0,3.0,30.0,2.0,1,16,6,37.5,5,11,2.0,1.0,8,1,0,4.98,4.93,4.8,4.22,6.29,4.95,0.439,2025-01-14T15:08:23.059520+00:00,670,San_Beda_University_20251208181114_670,1,4.95
University of Santo Tomas,3444.265,1101.132,31.97,67.8,223,174,7,49,122,25,18.0,9,6,24,19,9,78.1,1.0,6,1,8,2,6,1,7.0,20,11,55.0,7,1,7.0,2.0,28.57,0.0,1,20,8,40.0,5,15,1.0,3.0,4,0,0,6.01,4.67,5.01,4.99,6.67,5.36,0.484,2025-08-19T07:24:12.059520+00:00,871,University_of_Santo_Tomas_20251208181114_871,1,5.36
University of Santo Tomas,1892.283,309.577,16.36,35.28,68,51,5,17,49,9,6.0,3,2,0,0,3,74.97,0.0,1,1,4,1,3,0,3.0,9,3,33.33,12,3,12.0,3.0,25.0,1.0,0,20,13,65.0,7,13,1.0,3.0,8,1,0,5.04,4.98,4.57,5.62,6.43,5.15,0.461,2025-09-16T22:33:15.059520+00:00,115,University_of_Santo_Tomas_20251208181114_115,1,5.15
2 Worlds FC,1976.461,331.453,16.77,39.29,89,73,8,16,64,8,10.0,1,2,2,3,4,82.44,0.0,1,0,3,1,2,0,4.0,6,3,50.0,4,7,9.0,2.0,22.22,3.0,1,30,12,40.0,5,25,1.0,0.0,7,2,0,4.99,5.6,5.05,4.72,4.9,5.13,0.459,2025-05-16T11:44:30.059520+00:00,199,2_Worlds_FC_20251208181114_199,1,5.13
Metro FC,2078.812,260.683,12.54,41.28,99,79,9,20,69,14,7.0,2,2,3,2,4,80.03,0.0,3,0,4,2,2,0,4.0,4,2,50.0,18,6,2.0,0.0,0.0,2.0,0,27,15,55.56,6,21,0.0,2.0,10,2,0,4.51,4.77,4.96,4.38,5.69,4.77,0.419,2025-02-01T02:00:01.059520+00:00,466,Metro_FC_20251208181114_466,1,4.77
Riverside FC,1609.684,322.42,20.03,31.94,84,46,13,38,64,6,3.0,2,1,3,4,2,54.89,0.0,1,0,3,1,2,0,3.0,7,3,42.86,14,9,12.0,4.0,33.33,0.0,0,17,6,35.29,2,15,0.0,1.0,4,0,0,4.49,5.05,3.83,4.79,7.24,4.83,0.426,2025-02-09T07:06:01.060519+00:00,120,Riverside_FC_20251208181114_120,1,4.83
De La Salle University,1766.161,213.352,12.08,33.63,54,36,5,18,36,5,2.0,1,1,3,6,7,67.56,0.0,1,0,4,1,3,0,4.0,7,2,28.57,12,5,13.0,1.0,7.69,0.0,1,14,5,35.71,4,10,1.0,1.0,5,0,0,3.69,5.24,4.11,5.02,6.19,4.64,0.404,2025-09-16T03:40:46.060519+00:00,783,De_La_Salle_University_20251208181114_783,1,4.64
Far Eastern University,1773.609,351.352,19.81,34.4,72,53,5,19,52,7,3.0,2,0,3,5,12,74.05,0.0,1,0,3,1,2,0,3.0,3,1,33.33,13,2,12.0,3.0,25.0,2.0,2,26,15,57.69,0,26,1.0,1.0,5,0,0,3.75,5.45,4.93,3.65,7.15,4.79,0.421,2025-06-08T04:04:57.060519+00:00,985,Far_Eastern_University_20251208181114_985,1,4.79
Lyceum,2447.865,452.61,18.49,45.93,78,58,6,20,57,15,0.0,1,2,1,2,6,73.75,0.0,2,0,3,1,2,0,3.0,4,2,50.0,7,6,17.0,2.0,11.76,3.0,1,28,15,53.57,3,25,0.0,0.0,3,0,0,3.98,5.04,4.85,4.35,7.0,4.8,0.422,2025-06-14T19:55:53.060519+00:00,100,Lyceum_20251208181114_100,1,4.8
Brookside United,2968.879,453.348,15.27,53.28,121,104,5,17,87,13,10.0,4,4,1,2,7,85.94,0.0,3,1,5,2,3,1,5.0,7,4,57.14,9,1,3.0,1.0,33.33,1.0,2,30,14,46.67,10,20,0.0,0.0,5,0,0,5.52,5.84,5.24,4.76,7.83,5.68,0.52,2025-08-08T18:52:56.060519+00:00,447,Brookside_United_20251208181114_447,1,5.68
Far Eastern University,2100.927,223.329,10.63,37.54,91,71,9,20,73,10,2.0,1,1,2,2,10,78.37,0.0,2,0,5,2,3,0,6.0,7,3,42.86,6,12,12.0,1.0,8.33,1.0,1,16,10,62.5,4,12,1.0,1.0,8,1,0,4.39,3.9,4.63,3.85,7.13,4.5,0.389,2025-04-16T13:51:06.060519+00:00,649,Far_Eastern_University_20251208181114_649,1,4.5
City United,2142.162,643.72,30.05,40.13,112,87,12,25,83,12,5.0,5,1,3,4,11,77.47,0.0,3,0,3,1,2,0,4.0,11,7,63.64,6,6,9.0,2.0,22.22,1.0,0,16,9,56.25,2,14,0.0,1.0,7,2,0,4.28,5.92,5.47,3.68,4.88,4.95,0.439,2025-03-21T16:22:01.060519+00:00,595,City_United_20251208181114_595,1,4.95
University of the Philippines,2707.443,643.018,23.75,50.76,120,93,5,27,85,18,4.0,3,1,3,5,12,77.39,0.0,3,1,5,2,3,0,4.0,5,1,20.0,11,3,11.0,1.0,9.09,0.0,1,8,4,50.0,1,7,0.0,0.0,5,1,0,4.81,4.03,4.67,3.46,6.66,4.56,0.396,2025-07-14T11:59:26.060519+00:00,525,University_of_the_Philippines_20251208181114_525,1,4.56
Lyceum,2321.96,795.736,34.27,42.44,115,75,16,40,90,10,6.0,1,1,3,3,15,64.88,0.0,2,0,3,0,3,0,3.0,10,6,60.0,3,7,7.0,1.0,14.29,3.0,1,4,2,50.0,2,2,0.0,0.0,5,0,0,3.96,4.58,5.09,5.46,7.85,4.96,0.44,2025-07-25T10:40:59.061519+00:00,400,Lyceum_20251208181114_400,1,4.96
Riverside FC,1991.021,601.487,30.21,36.46,149,93,16,56,104,20,12.0,7,3,1,2,17,62.22,0.0,1,0,5,2,3,1,7.0,7,5,71.43,2,1,2.0,1.0,50.0,1.0,0,22,13,59.09,8,14,0.0,0.0,5,0,0,5.09,5.21,4.09,3.52,6.65,4.86,0.429,2025-03-08T17:26:06.061519+00:00,509,Riverside_FC_20251208181114_509,1,4.86
Lakeside Athletic,2584.604,155.593,6.02,47.85,154,111,21,43,125,20,12.0,6,3,0,0,20,71.78,0.0,0,0,6,2,4,1,6.0,14,9,64.29,10,1,10.0,1.0,10.0,2.0,2,13,6,46.15,2,11,1.0,1.0,4,0,0,4.32,5.33,5.2,3.96,7.02,5.0,0.444,2025-02-05T03:35:22.061519+00:00,985,Lakeside_Athletic_20251208181114_985,1,5.0
Northbridge FC,1656.061,306.206,18.49,32.45,89,72,5,17,54,1,3.0,5,2,8,15,9,81.36,0.0,2,0,4,1,3,0,5.0,9,5,55.56,8,6,15.0,3.0,20.0,1.0,1,12,8,66.67,0,12,1.0,0.0,6,0,1,4.12,4.76,5.16,3.61,5.15,4.54,0.393,2025-07-31T08:51:04.061519+00:00,252,Northbridge_FC_20251208181114_252,1,4.54
De La Salle University,2193.892,242.864,11.07,43.96,198,140,17,58,106,28,9.0,4,0,20,30,23,70.5,1.0,8,1,4,1,3,0,6.0,9,5,55.56,4,8,12.0,2.0,16.67,2.0,0,8,3,37.5,2,6,0.0,0.0,10,0,0,6.08,4.96,5.13,5.08,7.89,5.62,0.513,2025-01-22T18:03:23.061519+00:00,837,De_La_Salle_University_20251208181114_837,1,5.62
Northbridge FC,1738.949,86.947,5.0,34.23,82,63,5,19,55,10,0.0,2,1,7,7,5,77.06,0.0,1,0,3,1,2,0,4.0,4,2,50.0,7,8,10.0,1.0,10.0,2.0,2,15,6,40.0,7,8,0.0,1.0,0,0,0,4.51,4.52,4.4,3.11,7.15,4.56,0.396,2025-08-21T03:27:09.061519+00:00,178,Northbridge_FC_20251208181114_178,1,4.56
Lyceum,2343.7,426.085,18.18,45.68,107,80,6,27,91,14,9.0,3,1,0,0,8,74.74,0.0,2,1,6,3,3,0,9.0,10,5,50.0,9,6,5.0,1.0,20.0,2.0,1,19,9,47.37,2,17,0.0,0.0,8,1,0,5.88,4.87,4.73,3.98,5.94,5.11,0.457,2025-07-03T14:35:26.061519+00:00,780,Lyceum_20251208181114_780,1,5.11
Far Eastern University,1782.505,186.45,10.46,32.68,59,44,5,15,38,3,4.0,4,1,4,6,4,75.24,0.0,1,0,4,2,2,0,6.0,4,2,50.0,10,8,8.0,2.0,25.0,2.0,1,15,9,60.0,5,10,1.0,1.0,5,1,0,4.69,4.47,3.79,4.21,7.24,4.64,0.404,2025-05-10T13:15:09.061519+00:00,148,Far_Eastern_University_20251208181114_148,1,4.64
De La Salle University,2065.348,485.77,23.52,38.82,112,82,10,30,72,14,10.0,4,4,5,3,8,73.57,0.0,1,0,4,1,3,0,4.0,9,7,77.78,2,4,7.0,1.0,14.29,1.0,1,24,12,50.0,12,12,0.0,0.0,5,0,0,3.84,5.1,4.46,4.12,7.42,4.71,0.412,2025-07-05T09:16:18.062519+00:00,585,De_La_Salle_University_20251208181114_585,1,4.71
Riverside FC,1944.425,409.885,21.08,34.69,87,70,9,17,72,12,5.0,2,2,0,0,8,80.47,0.0,2,0,6,2,4,0,6.0,11,4,36.36,12,8,6.0,2.0,33.33,1.0,1,12,7,58.33,4,8,1.0,0.0,3,0,0,5.62,4.71,4.6,3.52,7.71,5.08,0.453,2025-02-11T22:31:29.062519+00:00,56,Riverside_FC_20251208181114_56,1,5.08
City United,2141.179,438.942,20.5,42.51,77,57,6,20,60,8,5.0,2,0,1,1,11,73.55,0.0,0,0,3,1,2,0,4.0,5,3,60.0,7,7,13.0,3.0,23.08,1.0,0,16,9,56.25,2,14,1.0,2.0,3,0,0,4.2,4.88,4.48,4.36,6.62,4.71,0.412,2025-03-13T10:50:50.062519+00:00,115,City_United_20251208181114_115,1,4.71
Metro FC,2138.129,184.948,8.65,38.24,75,61,6,14,38,9,6.0,1,2,11,8,5,80.77,0.0,1,0,3,1,2,0,3.0,7,4,57.14,2,6,0.0,0.0,0.0,2.0,0,18,9,50.0,3,15,0.0,1.0,1,1,0,4.39,4.82,4.7,2.96,6.31,4.56,0.396,2025-02-21T14:54:40.062519+00:00,623,Metro_FC_20251208181114_623,1,4.56
University of the Philippines,3306.716,876.941,26.52,66.36,188,130,12,58,115,31,4.0,2,5,17,14,26,69.34,0.0,2,0,4,1,3,0,3.0,11,5,45.45,11,4,10.0,1.0,10.0,0.0,0,33,25,75.76,12,21,1.0,0.0,1,0,0,4.71,5.75,5.06,3.06,7.36,5.11,0.457,2025-10-26T06:35:49.062519+00:00,259,University_of_the_Philippines_20251208181114_259,1,5.11
De La Salle University,2739.764,313.429,11.44,51.12,87,63,7,24,64,5,3.0,3,2,3,7,2,72.65,0.0,2,0,5,2,3,0,6.0,6,3,50.0,14,5,11.0,1.0,9.09,2.0,2,18,12,66.67,6,12,0.0,1.0,0,0,0,4.57,5.75,4.69,4.62,7.05,5.18,0.464,2025-12-08T12:45:07.062519+00:00,679,De_La_Salle_University_20251208181114_679,1,5.18
Metro FC,3360.68,650.628,19.36,60.63,102,89,3,13,78,10,7.0,2,3,1,2,13,87.64,0.0,3,1,6,1,5,0,6.0,10,5,50.0,7,5,6.0,1.0,16.67,0.0,0,21,12,57.14,3,18,0.0,1.0,3,0,0,5.07,5.22,5.06,4.44,7.31,5.25,0.472,2025-10-24T11:47:15.062519+00:00,145,Metro_FC_20251208181114_145,1,5.25
Adamson University,2660.043,438.907,16.5,52.67,55,35,8,20,40,9,5.0,2,2,0,0,6,63.45,0.0,1,1,7,2,5,0,6.0,0,0,60.58,9,7,14.0,3.0,21.43,0.0,2,22,11,50.0,6,16,0.0,2.0,4,0,0,4.88,4.86,4.12,4.98,6.79,4.93,0.437,2025-05-12T22:43:03.062519+00:00,926,Adamson_University_20251208181114_926,1,4.93
University of Santo Tomas,3104.855,574.398,18.5,55.67,101,70,12,31,76,16,5.0,5,2,0,0,3,69.05,0.0,2,0,6,2,4,1,6.0,6,5,83.33,6,0,8.0,1.0,12.5,2.0,0,15,5,33.33,3,12,0.0,4.0,5,1,0,5.34,4.85,4.15,4.31,6.63,4.95,0.439,2025-07-22T10:33:38.063521+00:00,168,University_of_Santo_Tomas_20251208181114_168,1,4.95
Lyceum,2334.507,579.658,24.83,42.86,100,79,6,21,72,13,7.0,1,2,3,2,6,79.16,0.0,2,0,4,1,3,0,5.0,13,9,69.23,5,6,3.0,1.0,33.33,1.0,0,12,6,50.0,5,7,0.0,0.0,10,0,0,4.23,5.34,4.73,3.27,7.61,4.84,0.427,2025-11-29T05:32:31.063521+00:00,55,Lyceum_20251208181114_55,1,4.84
University of the Philippines,2384.773,499.371,20.94,47.38,115,84,9,31,73,16,12.0,6,3,2,2,10,73.41,0.0,0,0,3,1,2,0,4.0,2,1,50.0,8,8,9.0,2.0,22.22,1.0,0,8,3,37.5,2,6,0.0,1.0,5,1,0,4.47,4.5,4.88,4.02,5.93,4.64,0.404,2025-10-18T20:43:02.063521+00:00,837,University_of_the_Philippines_20251208181114_837,1,4.64
Lakeside Athletic,2169.845,262.117,12.08,39.64,134,96,10,38,77,24,9.0,0,2,7,15,11,71.74,0.0,2,0,2,0,2,0,2.0,9,5,55.56,9,9,9.0,3.0,33.33,1.0,1,11,4,36.36,0,11,0.0,0.0,8,2,0,4.04,5.4,4.23,3.94,6.2,4.66,0.407,2025-10-12T19:46:31.063521+00:00,781,Lakeside_Athletic_20251208181114_781,1,4.66
Coastal Town,2847.022,604.423,21.23,51.68,110,83,8,27,70,10,4.0,0,2,7,16,8,75.05,0.0,3,1,8,4,4,1,10.0,10,4,40.0,5,0,9.0,2.0,22.22,1.0,3,27,19,70.37,8,19,2.0,3.0,11,2,0,6.1,5.21,4.2,3.84,5.85,5.13,0.459,2025-04-19T08:44:11.063521+00:00,1000,Coastal_Town_20251208181114_1000,1,5.13
Metro FC,1803.423,346.438,19.21,34.32,74,50,8,24,50,8,0.0,1,3,5,8,13,67.79,0.0,1,0,4,1,3,0,5.0,8,5,62.5,19,9,11.0,1.0,9.09,1.0,1,17,8,47.06,3,14,0.0,1.0,10,2,0,4.75,5.23,4.43,4.4,4.95,4.79,0.421,2025-10-31T17:37:27.063521+00:00,683,Metro_FC_20251208181114_683,1,4.79
2 Worlds FC,3047.181,671.294,22.03,59.56,181,135,22,46,133,13,18.0,3,3,4,6,26,74.32,0.0,6,1,6,3,3,1,7.0,1,1,100.0,9,4,16.0,1.0,6.25,1.0,0,33,16,48.48,9,24,1.0,1.0,0,1,0,5.97,5.0,4.44,4.41,6.2,5.2,0.467,2025-02-08T04:38:21.063521+00:00,879,2_Worlds_FC_20251208181114_879,1,5.2
Northbridge FC,1808.976,320.731,17.73,35.22,65,52,4,13,52,9,3.0,2,1,0,0,5,79.59,0.0,0,0,4,1,3,0,5.0,9,6,66.67,14,9,12.0,3.0,25.0,1.0,0,11,6,54.55,5,6,0.0,1.0,3,3,0,4.75,5.2,3.62,4.34,4.55,4.57,0.397,2024-12-12T01:28:30.064519+00:00,510,Northbridge_FC_20251208181114_510,1,4.57
University of Santo Tomas,3684.704,449.165,12.19,73.69,155,126,10,29,98,1,7.0,6,2,14,26,12,80.97,0.0,3,1,6,2,4,0,8.0,17,10,58.82,6,2,0.0,0.0,0.0,2.0,2,30,19,63.33,7,23,0.0,0.0,2,0,0,5.25,4.74,5.57,3.42,7.57,5.15,0.461,2025-09-09T16:05:33.064519+00:00,393,University_of_Santo_Tomas_20251208181114_393,1,5.15
2 Worlds FC,2036.492,442.53,21.73,40.96,76,52,2,24,60,8,5.0,3,1,0,0,9,68.69,0.0,2,0,3,1,2,0,3.0,2,1,50.0,2,7,8.0,2.0,25.0,2.0,0,11,6,54.55,2,9,1.0,0.0,9,0,0,4.46,4.62,4.11,3.7,6.92,4.57,0.397,2025-10-15T15:27:23.064519+00:00,799,2_Worlds_FC_20251208181114_799,1,4.57
Lakeside Athletic,1843.775,434.947,23.59,35.4,79,58,9,21,60,9,5.0,2,3,0,1,6,72.99,0.0,1,0,2,1,1,0,1.0,6,4,66.67,6,12,5.0,2.0,40.0,1.0,0,29,14,48.28,10,19,1.0,0.0,7,1,0,4.18,5.39,3.55,4.55,6.43,4.67,0.408,2025-10-28T03:37:18.064519+00:00,851,Lakeside_Athletic_20251208181114_851,1,4.67
Adamson University,2647.366,442.375,16.71,51.01,124,84,16,40,82,13,4.0,5,2,10,8,1,67.58,0.0,1,0,4,1,3,0,3.0,10,6,60.0,1,8,7.0,2.0,28.57,0.0,1,8,5,62.5,3,5,0.0,0.0,4,0,0,4.92,5.3,5.53,4.68,7.32,5.35,0.483,2025-01-09T16:26:55.064519+00:00,457,Adamson_University_20251208181114_457,1,5.35
Lyceum,2137.097,406.048,19.0,39.08,99,70,11,29,60,6,7.0,4,1,11,10,13,71.07,0.0,1,0,3,1,2,0,3.0,4,2,50.0,4,3,8.0,0.0,0.0,2.0,1,7,2,28.57,0,7,0.0,1.0,7,1,0,4.63,4.22,4.8,4.32,5.89,4.63,0.403,2025-07-18T08:45:21.064519+00:00,999,Lyceum_20251208181114_999,1,4.63
Highland Wanderers,3246.841,429.232,13.22,63.91,232,188,10,44,163,34,19.0,6,6,2,2,9,81.23,1.0,7,1,7,2,5,0,7.0,10,5,50.0,8,2,8.0,1.0,12.5,1.0,0,10,5,50.0,6,4,0.0,3.0,6,0,0,5.52,3.98,5.15,3.65,7.49,4.95,0.439,2025-10-05T08:22:35.064519+00:00,587,Highland_Wanderers_20251208181114_587,1,4.95
Mapúa University,2434.425,276.307,11.35,47.99,87,70,5,17,68,8,10.0,2,1,0,0,8,80.94,0.0,2,0,4,1,3,0,4.0,14,8,57.14,10,6,12.0,1.0,8.33,0.0,0,5,3,60.0,2,3,1.0,1.0,4,0,0,5.29,6.1,5.35,3.66,6.91,5.46,0.496,2025-05-26T14:26:29.064519+00:00,93,Mapúa_University_20251208181114_93,1,5.46
Far Eastern University,3393.476,663.425,19.55,67.25,143,109,12,34,114,17,4.0,1,4,1,2,13,75.89,0.0,3,1,7,2,5,1,8.0,11,6,54.55,4,3,5.0,1.0,20.0,2.0,0,15,7,46.67,7,8,1.0,3.0,4,1,0,4.94,5.26,4.9,3.26,6.12,4.9,0.433,2025-03-07T14:12:07.064519+00:00,719,Far_Eastern_University_20251208181114_719,1,4.9
Northbridge FC,1557.785,371.22,23.83,28.61,56,44,5,12,38,4,4.0,2,1,3,4,6,78.49,0.0,1,0,2,1,1,0,2.0,1,1,100.0,9,9,7.0,0.0,0.0,1.0,0,16,6,37.5,6,10,0.0,0.0,9,2,0,5.07,4.94,4.08,4.6,5.98,4.86,0.429,2025-09-13T04:59:32.065519+00:00,185,Northbridge_FC_20251208181114_185,1,4.86
Lyceum,2936.835,878.701,29.92,53.06,122,89,13,33,81,13,9.0,5,1,8,5,5,72.64,0.0,0,1,7,3,4,0,6.0,11,3,27.27,5,4,11.0,2.0,18.18,1.0,1,36,12,33.33,5,31,0.0,1.0,1,1,0,5.65,4.67,5.13,5.31,5.98,5.26,0.473,2025-02-14T05:01:57.065519+00:00,947,Lyceum_20251208181114_947,1,5.26
Riverside FC,3579.374,440.979,12.32,70.35,201,140,19,61,146,22,11.0,6,1,6,8,30,69.75,1.0,5,1,10,5,5,1,15.0,6,4,66.67,5,1,6.0,1.0,16.67,2.0,3,4,2,50.0,0,4,1.0,3.0,4,0,0,4.86,4.79,5.4,3.57,7.26,5.01,0.446,2025-05-06T14:54:21.065519+00:00,199,Riverside_FC_20251208181114_199,1,5.01
Lakeside Athletic,2094.063,414.206,19.78,40.96,169,95,18,74,134,12,16.0,7,4,0,0,9,56.37,1.0,6,0,3,1,2,0,4.0,3,2,66.67,7,4,2.0,1.0,50.0,2.0,0,22,12,54.55,2,20,1.0,3.0,9,0,0,3.71,5.45,4.64,4.5,7.37,4.86,0.429,2025-03-29T19:37:26.065519+00:00,846,Lakeside_Athletic_20251208181114_846,1,4.86
Brookside United,2481.028,412.595,16.63,48.74,135,91,20,44,89,17,12.0,4,2,4,7,11,67.12,0.0,3,0,4,2,2,0,3.0,15,9,60.0,4,6,16.0,4.0,25.0,2.0,1,23,14,60.87,6,17,0.0,0.0,0,1,0,4.73,6.19,4.12,2.85,6.51,4.93,0.437,2025-09-10T14:51:38.065519+00:00,579,Brookside_United_20251208181114_579,1,4.93
Metro FC,2450.437,589.575,24.06,45.8,153,101,16,52,101,16,6.0,4,2,12,12,17,65.83,0.0,2,0,5,1,4,0,4.0,4,3,75.0,2,6,13.0,1.0,7.69,1.0,0,21,9,42.86,6,15,0.0,0.0,6,0,0,4.8,4.23,4.56,4.69,7.12,4.81,0.423,2025-11-08T12:45:25.065519+00:00,744,Metro_FC_20251208181114_744,1,4.81
Lakeside Athletic,2543.598,628.777,24.72,45.69,180,134,19,46,127,16,18.0,2,1,6,10,18,74.63,0.0,4,0,5,2,3,0,6.0,10,6,60.0,10,3,3.0,1.0,33.33,1.0,0,35,24,68.57,10,25,1.0,0.0,8,2,0,4.54,4.34,4.35,3.41,5.77,4.41,0.379,2025-05-02T06:12:19.065519+00:00,487,Lakeside_Athletic_20251208181114_487,1,4.41
Adamson University,2708.008,203.371,7.51,49.31,155,105,11,50,112,25,6.0,9,2,0,1,17,67.91,0.0,3,0,4,2,2,0,5.0,8,5,62.5,10,2,12.0,3.0,25.0,0.0,0,8,3,37.5,3,5,1.0,1.0,5,0,0,4.94,6.13,4.11,3.77,7.46,5.2,0.467,2025-02-13T21:01:15.065519+00:00,515,Adamson_University_20251208181114_515,1,5.2
University of Santo Tomas,2691.812,525.442,19.52,48.85,139,108,15,31,97,23,6.0,2,2,3,6,21,77.6,0.0,1,0,5,2,3,0,6.0,7,4,57.14,6,6,12.0,0.0,0.0,0.0,3,17,7,41.18,3,14,1.0,0.0,2,1,0,5.2,4.78,5.46,4.94,6.38,5.22,0.469,2025-11-05T19:43:32.066519+00:00,786,University_of_Santo_Tomas_20251208181114_786,1,5.22
2 Worlds FC,2039.858,344.94,16.91,39.18,113,86,12,27,85,13,3.0,3,3,2,5,9,76.34,0.0,3,0,2,0,2,0,2.0,10,5,50.0,4,9,5.0,0.0,0.0,0.0,0,9,5,55.56,2,7,0.0,1.0,9,0,0,5.05,4.43,5.55,3.95,7.34,5.05,0.45,2025-11-15T14:01:15.066519+00:00,840,2_Worlds_FC_20251208181114_840,1,5.05
Coastal Town,3485.566,876.271,25.14,62.52,143,113,7,30,110,19,9.0,4,3,0,0,3,78.87,0.0,1,0,5,1,4,1,7.0,17,6,35.29,4,8,6.0,1.0,16.67,1.0,0,34,16,47.06,5,29,0.0,2.0,5,2,0,4.82,3.8,4.76,3.96,5.73,4.49,0.388,2025-04-11T03:24:00.066519+00:00,56,Coastal_Town_20251208181114_56,1,4.49
Metro FC,2608.621,474.247,18.18,51.61,153,107,16,46,92,21,14.0,0,1,13,11,16,70.17,0.0,5,0,6,2,4,0,4.0,9,5,55.56,9,9,6.0,2.0,33.33,1.0,0,11,5,45.45,3,8,2.0,2.0,8,1,0,5.46,4.58,5.81,3.75,6.65,5.16,0.462,2025-08-02T19:58:35.066519+00:00,136,Metro_FC_20251208181114_136,1,5.16
Metro FC,1530.216,515.224,33.67,28.02,65,43,8,22,50,11,6.0,2,1,0,0,8,66.65,0.0,2,0,2,1,1,0,2.0,4,2,50.0,6,10,6.0,1.0,16.67,2.0,0,4,2,50.0,1,3,2.0,0.0,14,2,0,4.28,5.4,3.83,4.21,4.55,4.52,0.391,2025-05-14T07:51:29.066519+00:00,665,Metro_FC_20251208181114_665,1,4.52
Northbridge FC,3238.577,800.252,24.71,60.7,81,62,4,19,66,5,5.0,3,2,0,0,5,76.75,0.0,2,0,6,3,3,1,8.0,16,13,81.25,0,8,12.0,1.0,8.33,1.0,2,16,10,62.5,3,13,0.0,3.0,4,0,0,4.16,4.82,4.59,4.29,7.57,4.79,0.421,2025-07-07T13:46:00.066519+00:00,76,Northbridge_FC_20251208181114_76,1,4.79
National University,2150.402,735.437,34.2,40.51,123,114,4,9,69,16,6.0,4,4,13,12,18,92.53,0.0,2,0,5,2,3,1,6.0,0,0,69.87,8,5,10.0,1.0,10.0,0.0,1,7,3,42.86,2,5,0.0,1.0,7,0,0,4.39,5.2,4.65,4.63,6.64,4.93,0.437,2024-12-30T04:12:56.066519+00:00,261,National_University_20251208181114_261,1,4.93
Lyceum,2341.98,295.558,12.62,42.98,75,67,3,8,53,6,2.0,3,2,4,5,12,89.95,0.0,2,0,5,2,3,1,5.0,7,6,85.71,4,8,4.0,1.0,25.0,1.0,0,13,7,53.85,5,8,0.0,0.0,9,2,0,4.83,4.77,5.39,3.66,6.0,4.88,0.431,2025-01-08T18:48:52.067519+00:00,164,Lyceum_20251208181114_164,1,4.88
Lyceum,3009.301,392.714,13.05,54.88,140,100,17,40,96,12,14.0,4,1,6,7,13,71.45,0.0,3,1,6,1,5,0,8.0,10,4,40.0,6,5,4.0,0.0,0.0,1.0,0,8,3,37.5,2,6,0.0,1.0,4,0,0,4.89,4.7,5.69,4.74,7.29,5.22,0.469,2025-11-25T02:01:28.067519+00:00,870,Lyceum_20251208181114_870,1,5.22
Highland Wanderers,1767.122,334.516,18.93,31.96,81,58,7,23,63,16,5.0,2,2,0,0,5,72.19,0.0,2,0,3,1,2,0,3.0,1,1,100.0,8,6,11.0,2.0,18.18,2.0,2,7,3,42.86,2,5,0.0,1.0,5,1,0,4.1,4.32,4.7,3.51,6.81,4.47,0.386,2025-10-10T03:40:59.067519+00:00,426,Highland_Wanderers_20251208181114_426,1,4.47
Ateneo de Manila University,1609.249,296.102,18.4,32.18,83,63,4,20,59,9,3.0,5,2,3,2,12,75.36,0.0,1,0,3,1,2,0,3.0,6,2,33.33,10,6,0.0,0.0,0.0,0.0,1,9,4,44.44,2,7,0.0,1.0,9,2,0,3.57,4.21,5.78,4.5,5.53,4.52,0.391,2025-08-26T09:34:06.067519+00:00,663,Ateneo_de_Manila_University_20251208181114_663,1,4.52
2 Worlds FC,2031.512,467.451,23.01,38.78,114,75,13,39,74,14,8.0,6,1,5,6,0,65.72,0.0,3,0,4,1,3,0,6.0,2,1,50.0,5,5,2.0,0.0,0.0,0.0,0,8,2,25.0,2,6,0.0,2.0,8,0,0,4.59,4.17,4.65,3.72,7.04,4.61,0.401,2025-01-07T03:30:16.067519+00:00,739,2_Worlds_FC_20251208181114_739,1,4.61
Ateneo de Manila University,3947.336,692.363,17.54,73.05,184,151,9,33,133,38,8.0,3,5,0,0,13,81.88,0.0,1,0,5,2,3,0,5.0,11,6,54.55,3,3,3.0,0.0,0.0,1.0,2,17,7,41.18,5,12,0.0,1.0,2,1,0,5.19,5.81,5.15,4.07,6.84,5.36,0.484,2025-11-30T13:27:49.067519+00:00,303,Ateneo_de_Manila_University_20251208181114_303,1,5.36
City United,3062.249,570.803,18.64,55.73,155,120,8,35,101,32,12.0,6,3,0,0,15,77.22,1.0,4,0,4,1,3,0,5.0,5,3,60.0,6,5,6.0,2.0,33.33,3.0,0,21,11,52.38,5,16,1.0,2.0,9,1,0,4.06,5.83,4.31,3.1,6.06,4.67,0.408,2025-05-22T16:40:14.067519+00:00,498,City_United_20251208181114_498,1,4.67
Ateneo de Manila University,2269.848,243.782,10.74,44.91,117,84,8,33,86,9,6.0,5,4,1,7,7,71.95,1.0,4,0,4,1,3,0,4.0,13,7,53.85,7,2,6.0,2.0,33.33,2.0,2,5,2,40.0,2,3,1.0,0.0,5,0,0,4.24,4.92,4.72,4.01,7.6,4.83,0.426,2025-05-07T13:06:25.067519+00:00,639,Ateneo_de_Manila_University_20251208181114_639,1,4.83
Lyceum,2373.117,295.453,12.45,45.27,118,85,11,33,79,5,11.0,5,2,8,9,8,72.36,0.0,2,1,6,2,4,0,5.0,11,7,63.64,10,4,12.0,3.0,25.0,1.0,1,18,11,61.11,3,15,0.0,0.0,0,0,0,4.65,4.24,5.01,4.86,7.16,4.89,0.432,2025-11-11T06:33:41.068521+00:00,555,Lyceum_20251208181114_555,1,4.89
Lakeside Athletic,1501.906,194.797,12.97,27.51,77,59,7,18,48,9,5.0,1,1,4,9,3,76.97,0.0,2,0,2,0,2,0,2.0,7,4,57.14,2,8,26.0,4.0,15.38,0.0,0,9,4,44.44,4,5,0.0,0.0,7,1,0,3.77,5.01,4.67,4.01,6.23,4.58,0.398,2025-08-22T13:20:08.068521+00:00,127,Lakeside_Athletic_20251208181114_127,1,4.58
Adamson University,1522.759,205.877,13.52,27.12,79,51,13,28,62,11,6.0,3,2,0,0,0,64.13,0.0,1,0,1,0,1,0,1.0,8,4,50.0,12,10,16.0,4.0,25.0,1.0,0,8,4,50.0,2,6,0.0,0.0,9,2,0,3.66,5.0,4.05,3.31,5.15,4.21,0.357,2025-04-05T06:07:17.068521+00:00,580,Adamson_University_20251208181114_580,1,4.21
2 Worlds FC,3858.835,956.605,24.79,71.26,217,159,30,58,166,21,4.0,8,3,6,9,22,73.09,1.0,4,0,3,1,2,0,3.0,5,2,40.0,6,2,3.0,1.0,33.33,2.0,0,7,4,57.14,2,5,1.0,0.0,6,0,1,4.49,4.59,5.02,4.05,5.02,4.62,0.402,2025-03-26T07:06:38.068521+00:00,883,2_Worlds_FC_20251208181114_883,1,4.62
Far Eastern University,2184.437,387.301,17.73,42.38,70,53,4,17,50,8,3.0,2,1,2,3,3,75.32,0.0,2,0,5,2,3,1,5.0,6,4,66.67,10,7,12.0,4.0,33.33,1.0,0,27,10,37.04,12,15,0.0,1.0,9,1,0,5.45,5.9,5.48,5.1,6.33,5.62,0.513,2025-02-19T00:33:03.068521+00:00,646,Far_Eastern_University_20251208181114_646,1,5.62
Northbridge FC,2082.315,344.415,16.54,37.09,85,63,6,22,66,8,9.0,3,3,0,0,10,74.51,0.0,1,1,5,2,3,0,7.0,10,5,50.0,7,7,12.0,3.0,25.0,0.0,0,12,6,50.0,2,10,0.0,0.0,5,1,1,6.09,4.12,4.97,4.47,4.61,4.94,0.438,2025-08-31T20:38:55.068521+00:00,859,Northbridge_FC_20251208181114_859,1,4.94
Valley Rovers,2443.588,573.999,23.49,43.94,118,89,6,29,66,17,10.0,2,3,5,17,10,75.3,0.0,3,0,3,1,2,0,3.0,0,0,67.27,14,6,11.0,2.0,18.18,1.0,0,24,12,50.0,2,22,0.0,1.0,5,0,0,3.68,4.41,4.72,3.64,7.28,4.45,0.383,2024-12-25T22:28:09.068521+00:00,721,Valley_Rovers_20251208181114_721,1,4.45
National University,1949.889,129.473,6.64,39.23,64,49,5,15,49,11,6.0,4,2,0,0,6,76.15,0.0,1,0,3,1,2,0,3.0,6,4,66.67,8,6,5.0,1.0,20.0,1.0,0,13,7,53.85,5,8,0.0,0.0,10,0,0,4.79,4.46,4.38,3.54,7.39,4.7,0.411,2025-06-25T14:18:34.068521+00:00,995,National_University_20251208181114_995,1,4.7
Far Eastern University,3577.564,330.925,9.25,69.65,132,81,25,51,85,17,13.0,7,3,5,3,26,61.0,1.0,3,0,4,2,2,0,2.0,10,6,60.0,2,1,4.0,2.0,50.0,0.0,2,48,23,47.92,14,34,0.0,0.0,5,0,0,4.62,4.55,4.12,4.16,7.27,4.7,0.411,2025-02-01T00:52:13.069520+00:00,180,Far_Eastern_University_20251208181114_180,1,4.7
Brookside United,1559.592,483.474,31.0,28.2,58,40,6,18,39,6,9.0,1,1,1,1,7,68.18,0.0,1,0,2,1,1,0,2.0,4,3,75.0,10,1,0.0,0.0,0.0,0.0,0,7,3,42.86,4,3,2.0,2.0,7,1,0,4.62,3.89,4.86,4.41,6.33,4.61,0.401,2025-03-11T20:19:30.069520+00:00,497,Brookside_United_20251208181114_497,1,4.61
Far Eastern University,1600.526,268.248,16.76,28.93,46,35,2,11,34,7,1.0,1,1,1,1,2,76.57,0.0,1,0,3,1,2,0,4.0,5,2,40.0,2,7,15.0,4.0,26.67,1.0,0,16,9,56.25,4,12,0.0,1.0,7,0,0,5.37,4.61,4.62,3.62,6.97,4.92,0.436,2025-04-17T02:53:46.069520+00:00,341,Far_Eastern_University_20251208181114_341,1,4.92
Coastal Town,2232.774,477.814,21.4,40.09,108,65,23,43,80,11,8.0,1,1,2,5,4,60.3,0.0,0,0,4,1,3,0,4.0,10,5,50.0,11,4,13.0,2.0,15.38,1.0,0,26,17,65.38,8,18,1.0,0.0,7,0,0,3.62,5.93,4.42,4.13,7.15,4.85,0.428,2025-05-03T06:40:09.069520+00:00,300,Coastal_Town_20251208181114_300,1,4.85
Mapúa University,2870.908,277.617,9.67,53.35,199,153,12,46,136,33,7.0,7,4,8,5,7,76.77,1.0,6,0,6,3,3,0,5.0,10,4,40.0,11,6,5.0,1.0,20.0,0.0,0,20,9,45.0,3,17,0.0,2.0,2,0,0,5.15,5.07,5.2,4.15,7.04,5.19,0.466,2025-08-08T20:34:20.069520+00:00,894,Mapúa_University_20251208181114_894,1,5.19
Metro FC,2456.262,624.873,25.44,48.75,128,88,9,40,88,20,3.0,1,2,10,5,17,68.74,0.0,1,1,5,2,3,0,3.0,9,6,66.67,8,4,0.0,0.0,0.0,0.0,1,21,15,71.43,4,17,0.0,0.0,3,0,0,6.35,4.68,5.16,3.64,8.01,5.43,0.492,2025-11-15T09:21:15.069520+00:00,698,Metro_FC_20251208181114_698,1,5.43
2 Worlds FC,1962.805,411.796,20.98,37.04,75,56,7,19,52,7,7.0,2,1,3,3,4,74.42,0.0,2,0,2,1,1,0,2.0,9,4,44.44,8,5,10.0,2.0,20.0,0.0,1,11,5,45.45,6,5,0.0,1.0,10,1,0,4.58,6.01,4.66,3.12,6.04,4.94,0.438,2025-09-21T09:55:45.069520+00:00,46,2_Worlds_FC_20251208181114_46,1,4.94
2 Worlds FC,1513.468,75.673,5.0,30.27,107,85,5,22,82,5,11.0,3,2,3,2,10,79.53,0.0,2,0,3,1,2,0,3.0,3,1,33.33,10,12,9.0,1.0,11.11,3.0,1,1,1,100.0,2,0,0.0,2.0,8,2,0,4.9,5.18,4.1,4.37,5.32,4.79,0.421,2025-03-28T04:51:35.069520+00:00,872,2_Worlds_FC_20251208181114_872,1,4.79
Lakeside Athletic,3496.142,463.938,13.27,64.46,199,136,13,63,150,29,3.0,4,4,4,6,19,68.49,1.0,5,1,7,3,4,0,7.0,18,10,55.56,2,3,5.0,1.0,20.0,0.0,3,17,7,41.18,7,10,1.0,1.0,2,1,0,5.08,4.88,4.58,4.27,6.18,4.92,0.436,2025-01-30T14:00:14.070523+00:00,724,Lakeside_Athletic_20251208181114_724,1,4.92
Riverside FC,2105.958,193.116,9.17,40.08,141,118,10,23,96,14,5.0,1,2,15,7,7,84.02,0.0,2,0,2,1,1,0,2.0,5,2,40.0,9,16,11.0,1.0,9.09,0.0,1,2,0,0.0,3,0,0.0,1.0,6,1,0,4.19,4.39,5.04,3.65,6.09,4.53,0.392,2025-09-04T13:56:35.070523+00:00,66,Riverside_FC_20251208181114_66,1,4.53
Highland Wanderers,2797.758,680.135,24.31,53.13,95,74,7,21,60,13,7.0,3,2,5,4,8,78.32,0.0,2,0,3,1,2,0,3.0,7,4,57.14,13,5,11.0,2.0,18.18,2.0,0,20,7,35.0,5,15,1.0,1.0,3,2,0,4.28,5.37,5.43,5.12,5.34,5.04,0.449,2025-05-20T05:03:44.070523+00:00,913,Highland_Wanderers_20251208181114_913,1,5.04
Riverside FC,3126.58,707.232,22.62,60.51,139,102,7,37,101,17,15.0,4,3,0,0,6,73.06,0.0,4,0,4,2,2,0,3.0,14,8,57.14,7,4,6.0,2.0,33.33,0.0,0,30,15,50.0,9,21,0.0,1.0,0,1,0,3.88,5.89,4.64,4.59,6.11,4.92,0.436,2025-09-27T11:36:47.070523+00:00,903,Riverside_FC_20251208181114_903,1,4.92
Highland Wanderers,1559.696,248.927,15.96,30.21,49,37,4,12,41,8,3.0,3,1,0,0,1,75.03,0.0,1,0,4,1,3,0,3.0,5,3,60.0,8,4,6.0,1.0,16.67,0.0,0,15,10,66.67,5,10,0.0,1.0,11,2,0,4.43,4.34,4.89,3.82,5.88,4.56,0.396,2025-05-01T00:39:39.070523+00:00,933,Highland_Wanderers_20251208181114_933,1,4.56
Highland Wanderers,2234.119,625.106,27.98,43.99,99,81,8,18,70,10,6.0,2,1,3,7,7,82.17,0.0,2,0,2,1,1,0,2.0,6,4,66.67,5,4,10.0,2.0,20.0,0.0,0,19,11,57.89,0,19,0.0,2.0,5,0,0,5.18,4.58,5.09,4.09,7.37,5.06,0.451,2025-07-13T12:36:08.070523+00:00,423,Highland_Wanderers_20251208181114_423,1,5.06
San Beda University,2316.086,440.983,19.04,44.78,127,89,14,38,87,15,11.0,4,3,3,4,10,70.15,1.0,3,1,5,2,3,1,6.0,12,7,58.33,7,5,5.0,1.0,20.0,1.0,1,10,5,50.0,4,6,1.0,1.0,7,2,0,6.35,5.58,4.56,4.81,5.58,5.48,0.498,2025-05-12T07:52:21.070523+00:00,414,San_Beda_University_20251208181114_414,1,5.48
2 Worlds FC,3803.161,790.297,20.78,74.45,205,154,18,51,132,11,16.0,8,7,12,20,19,75.08,0.0,5,1,7,3,4,0,6.0,6,3,50.0,7,2,3.0,0.0,0.0,0.0,1,46,28,60.87,29,17,0.0,0.0,5,0,0,5.34,3.75,6.09,3.98,7.42,5.06,0.451,2025-01-14T23:35:10.070523+00:00,130,2_Worlds_FC_20251208181114_130,1,5.06
Ateneo de Manila University,3049.915,437.663,14.35,60.56,52,38,5,14,37,8,2.0,1,1,2,1,6,73.74,0.0,0,0,7,3,4,1,6.0,15,10,66.67,6,1,5.0,1.0,20.0,0.0,1,0,0,23.9,0,0,0.0,3.0,6,1,0,4.67,5.25,3.94,4.69,6.72,4.89,0.432,2025-08-22T07:45:07.071519+00:00,635,Ateneo_de_Manila_University_20251208181114_635,1,4.89
Riverside FC,2217.936,398.563,17.97,42.81,72,45,5,27,48,12,6.0,3,2,0,0,5,62.59,0.0,0,0,3,1,2,0,5.0,9,5,55.56,2,6,6.0,1.0,16.67,2.0,1,27,15,55.56,8,19,0.0,2.0,5,0,0,3.82,4.84,4.27,4.63,6.96,4.62,0.402,2025-07-20T21:17:40.071519+00:00,562,Riverside_FC_20251208181114_562,1,4.62
Adamson University,2722.839,561.994,20.64,52.84,103,70,14,33,68,19,4.0,4,2,3,3,1,67.77,0.0,3,0,7,3,4,1,6.0,9,4,44.44,9,2,6.0,2.0,33.33,1.0,1,17,8,47.06,3,14,0.0,3.0,4,0,0,3.5,5.76,5.35,4.2,6.93,4.94,0.438,2025-08-17T20:20:21.071519+00:00,121,Adamson_University_20251208181114_121,1,4.94
University of the Philippines,2262.154,332.989,14.72,44.92,113,84,7,29,69,19,11.0,3,4,3,4,8,74.13,1.0,2,1,5,3,2,0,6.0,0,0,81.67,7,11,2.0,0.0,0.0,1.0,2,21,10,47.62,5,16,2.0,1.0,9,2,0,4.49,4.81,4.38,3.81,6.37,4.65,0.406,2025-01-07T12:18:20.071519+00:00,34,University_of_the_Philippines_20251208181114_34,1,4.65
Ateneo de Manila University,2774.573,597.643,21.54,52.24,93,68,9,25,67,23,0.0,3,1,0,0,7,73.07,0.0,2,1,3,1,2,0,4.0,0,0,61.56,2,7,2.0,0.0,0.0,0.0,0,17,8,47.06,4,13,0.0,2.0,8,0,0,6.01,4.53,5.31,3.72,6.82,5.22,0.469,2025-11-30T13:15:33.071519+00:00,155,Ateneo_de_Manila_University_20251208181114_155,1,5.22
Lyceum,996.824,207.339,20.8,18.92,47,32,8,15,31,5,2.0,2,2,1,4,4,67.73,0.0,1,0,2,1,1,0,2.0,4,2,50.0,8,13,14.0,3.0,21.43,2.0,0,12,6,50.0,1,11,1.0,1.0,8,1,0,4.04,5.43,4.96,4.62,6.58,4.95,0.439,2025-06-22T16:18:58.071519+00:00,928,Lyceum_20251208181114_928,1,4.95
Riverside FC,1484.747,74.237,5.0,29.18,88,65,6,23,64,8,7.0,3,1,2,4,7,73.72,0.0,1,0,3,1,2,0,2.0,0,0,38.68,14,6,16.0,4.0,25.0,1.0,0,4,2,50.0,1,3,0.0,0.0,11,0,0,4.61,5.29,4.55,4.77,7.17,5.07,0.452,2025-10-25T01:35:47.071519+00:00,612,Riverside_FC_20251208181114_612,1,5.07
Far Eastern University,1482.145,366.09,24.7,28.49,64,56,4,8,48,6,3.0,2,2,1,2,4,87.22,0.0,1,0,3,1,2,0,4.0,1,1,100.0,10,7,4.0,0.0,0.0,0.0,0,0,0,50.76,0,0,0.0,1.0,5,0,0,4.95,4.97,5.11,3.54,7.27,5.02,0.447,2025-09-07T11:48:58.071519+00:00,400,Far_Eastern_University_20251208181114_400,1,5.02
Highland Wanderers,3379.694,348.108,10.3,65.6,160,118,10,42,102,14,15.0,4,3,10,12,15,74.05,0.0,2,0,4,2,2,0,2.0,12,8,66.67,2,6,11.0,4.0,36.36,0.0,2,1,0,0.0,2,0,0.0,1.0,7,2,0,4.33,4.84,5.59,3.57,5.67,4.75,0.417,2025-10-03T22:30:37.072519+00:00,159,Highland_Wanderers_20251208181114_159,1,4.75
San Beda University,3759.118,923.239,24.56,74.67,188,137,20,51,141,21,16.0,7,4,0,0,0,72.99,0.0,3,0,7,1,6,1,6.0,17,12,70.59,2,0,4.0,1.0,25.0,1.0,1,18,12,66.67,4,14,0.0,3.0,3,0,0,5.22,5.51,4.36,3.72,7.99,5.2,0.467,2025-05-15T20:28:41.072519+00:00,872,San_Beda_University_20251208181114_872,1,5.2
Northbridge FC,1826.659,273.086,14.95,35.3,85,63,7,22,65,7,7.0,2,2,1,1,5,74.2,0.0,0,0,3,1,2,0,4.0,5,2,40.0,11,7,5.0,1.0,20.0,1.0,0,12,6,50.0,2,10,0.0,0.0,11,0,0,4.81,4.88,4.76,3.47,7.64,4.92,0.436,2025-03-21T07:58:48.072519+00:00,15,Northbridge_FC_20251208181114_15,1,4.92
Adamson University,2268.267,191.895,8.46,44.72,76,50,7,26,52,12,7.0,0,2,1,1,7,66.02,0.0,1,0,5,2,3,1,5.0,6,3,50.0,11,8,8.0,3.0,37.5,0.0,0,25,15,60.0,3,22,1.0,1.0,1,0,0,4.65,6.91,4.81,4.95,7.34,5.63,0.514,2025-01-25T05:53:00.072519+00:00,491,Adamson_University_20251208181114_491,1,5.63
Brookside United,3532.717,1071.473,30.33,67.93,120,84,12,36,93,17,3.0,4,3,0,0,8,69.9,0.0,3,0,7,3,4,0,8.0,5,3,60.0,5,0,6.0,1.0,16.67,1.0,0,36,16,44.44,11,25,2.0,3.0,2,2,0,5.05,4.49,4.92,4.22,5.83,4.83,0.426,2025-11-15T07:11:22.072519+00:00,299,Brookside_United_20251208181114_299,1,4.83
Highland Wanderers,3062.374,474.055,15.48,60.19,151,109,15,42,101,17,9.0,6,2,8,7,10,72.21,1.0,3,1,6,2,4,0,6.0,6,4,66.67,4,1,11.0,3.0,27.27,0.0,2,23,17,73.91,6,17,0.0,1.0,5,0,0,5.5,5.06,5.65,4.55,6.89,5.41,0.49,2025-03-10T15:26:23.072519+00:00,799,Highland_Wanderers_20251208181114_799,1,5.41
Lyceum,1915.482,241.734,12.62,36.75,90,69,7,21,64,10,2.0,4,2,3,5,2,76.27,0.0,1,0,5,2,3,0,6.0,2,1,50.0,7,10,10.0,1.0,10.0,0.0,0,24,13,54.17,7,17,0.0,1.0,8,1,0,4.3,4.31,4.47,3.34,6.89,4.46,0.384,2025-01-19T02:37:11.072519+00:00,340,Lyceum_20251208181114_340,1,4.46
Adamson University,2608.2,574.065,22.01,48.2,145,113,9,32,113,27,4.0,6,3,0,0,9,77.65,0.0,3,0,3,1,2,0,4.0,13,5,38.46,7,9,2.0,0.0,0.0,2.0,0,21,7,33.33,6,15,0.0,0.0,4,0,0,4.71,5.09,4.32,4.67,6.52,4.91,0.434,2025-03-29T03:09:37.072519+00:00,344,Adamson_University_20251208181114_344,1,4.91
2 Worlds FC,1988.704,652.693,32.82,39.66,91,65,6,26,62,16,8.0,3,2,0,0,9,71.85,0.0,2,0,4,1,3,0,4.0,9,5,55.56,20,7,17.0,3.0,17.65,3.0,1,22,10,45.45,3,19,0.0,0.0,5,0,0,4.42,4.89,4.72,4.03,7.35,4.85,0.428,2025-07-04T03:22:35.073519+00:00,584,2_Worlds_FC_20251208181114_584,1,4.85
Far Eastern University,3154.968,576.097,18.26,62.45,110,87,5,23,70,12,11.0,5,3,4,4,12,79.44,0.0,2,1,5,2,3,0,3.0,10,8,80.0,7,3,4.0,1.0,25.0,2.0,1,19,10,52.63,3,16,0.0,1.0,7,0,0,5.11,6.43,4.79,3.2,7.12,5.35,0.483,2025-09-29T04:35:09.073519+00:00,323,Far_Eastern_University_20251208181114_323,1,5.35
University of the Philippines,1729.365,298.661,17.27,32.6,80,68,3,12,57,8,4.0,2,3,4,3,0,85.42,0.0,2,0,4,1,3,1,4.0,7,5,71.43,7,7,5.0,1.0,20.0,2.0,1,25,6,24.0,4,21,0.0,3.0,14,2,0,3.86,5.01,4.99,4.69,5.21,4.66,0.407,2025-07-11T23:51:36.073519+00:00,885,University_of_the_Philippines_20251208181114_885,1,4.66
Mapúa University,2229.417,478.656,21.47,39.86,83,75,2,8,58,6,2.0,3,3,5,5,11,90.66,0.0,1,0,3,1,2,0,4.0,7,6,85.71,14,2,7.0,1.0,14.29,3.0,0,30,22,73.33,11,19,1.0,2.0,6,0,0,4.57,4.45,5.1,3.23,7.39,4.74,0.416,2025-06-22T07:33:51.073519+00:00,130,Mapúa_University_20251208181114_130,1,4.74
Metro FC,2534.555,506.658,19.99,48.04,77,57,6,20,46,15,6.0,3,2,1,3,6,73.74,0.0,1,1,5,2,3,1,6.0,6,3,50.0,1,6,12.0,3.0,25.0,2.0,2,14,9,64.29,5,9,1.0,3.0,5,0,0,5.17,5.49,5.31,3.71,7.29,5.3,0.478,2025-10-22T20:02:37.073519+00:00,113,Metro_FC_20251208181114_113,1,5.3
Ateneo de Manila University,3610.053,362.088,10.03,66.93,137,100,16,37,91,9,10.0,7,2,8,9,6,73.3,0.0,2,1,7,1,6,0,6.0,11,5,45.45,4,2,10.0,3.0,30.0,1.0,0,60,31,51.67,21,39,0.0,3.0,2,0,0,5.53,4.45,5.21,4.73,7.21,5.22,0.469,2025-03-23T12:14:57.073519+00:00,159,Ateneo_de_Manila_University_20251208181114_159,1,5.22
Lyceum,3572.65,583.056,16.32,68.45,175,114,17,61,112,20,12.0,4,2,11,15,21,64.89,1.0,4,1,7,2,5,1,6.0,21,14,66.67,9,1,6.0,1.0,16.67,0.0,1,26,12,46.15,4,22,2.0,1.0,4,1,0,5.61,5.28,4.44,4.76,6.15,5.22,0.469,2025-02-23T01:00:21.073519+00:00,164,Lyceum_20251208181114_164,1,5.22
Far Eastern University,2510.368,430.026,17.13,47.69,104,73,10,31,72,10,3.0,3,0,8,8,8,70.45,0.0,1,1,6,1,5,0,6.0,8,4,50.0,9,4,9.0,2.0,22.22,1.0,0,27,15,55.56,12,15,2.0,2.0,0,0,0,5.42,3.93,4.59,3.26,7.1,4.7,0.411,2025-10-07T21:05:02.073519+00:00,908,Far_Eastern_University_20251208181114_908,1,4.7
Northbridge FC,1774.722,180.312,10.16,33.64,74,57,5,17,55,6,6.0,2,2,1,1,3,76.82,0.0,1,0,3,1,2,0,4.0,8,4,50.0,3,3,15.0,1.0,6.67,0.0,2,3,1,33.33,1,2,1.0,1.0,7,1,0,3.88,4.7,4.87,3.23,6.43,4.47,0.386,2025-10-11T15:10:46.074519+00:00,647,Northbridge_FC_20251208181114_647,1,4.47
2 Worlds FC,2396.653,355.903,14.85,47.81,66,41,11,25,45,8,6.0,2,0,2,3,3,62.18,0.0,1,0,3,1,2,0,2.0,3,2,66.67,6,5,4.0,1.0,25.0,2.0,0,37,14,37.84,10,27,0.0,0.0,5,0,0,4.46,5.54,3.97,4.09,7.58,4.92,0.436,2025-05-06T04:54:11.074519+00:00,39,2_Worlds_FC_20251208181114_39,1,4.92
Far Eastern University,3377.558,499.203,14.78,63.68,181,126,9,55,153,39,1.0,4,4,0,0,15,69.75,0.0,3,1,6,2,4,0,8.0,6,3,50.0,3,3,6.0,2.0,33.33,3.0,1,22,6,27.27,5,17,0.0,1.0,8,2,0,4.29,3.66,4.68,4.05,5.66,4.29,0.366,2025-11-09T16:07:01.074519+00:00,798,Far_Eastern_University_20251208181114_798,1,4.29
Ateneo de Manila University,3881.555,861.705,22.2,72.56,222,157,22,65,156,27,25.0,4,4,2,3,0,70.67,1.0,7,1,9,4,5,0,11.0,10,5,50.0,7,2,3.0,0.0,0.0,2.0,1,40,16,40.0,5,35,1.0,1.0,4,1,0,4.68,4.94,6.21,3.62,5.8,5.02,0.447,2025-07-30T01:30:44.074519+00:00,604,Ateneo_de_Manila_University_20251208181114_604,1,5.02
San Beda University,2779.903,485.093,17.45,53.53,142,112,7,30,69,22,9.0,3,3,17,19,7,78.82,0.0,4,1,4,1,3,0,5.0,8,5,62.5,10,6,20.0,4.0,20.0,0.0,1,11,6,54.55,0,11,0.0,0.0,5,0,0,5.0,4.64,5.08,4.8,7.01,5.09,0.454,2025-03-14T05:10:12.074519+00:00,893,San_Beda_University_20251208181114_893,1,5.09
San Beda University,2523.136,278.302,11.03,46.12,83,61,6,22,52,13,6.0,4,0,5,4,2,73.15,0.0,1,1,6,3,3,0,7.0,1,0,0.0,2,4,3.0,1.0,33.33,1.0,0,18,8,44.44,7,11,0.0,1.0,10,1,0,6.46,4.86,4.74,3.7,6.4,5.28,0.476,2025-11-23T15:33:00.074519+00:00,90,San_Beda_University_20251208181114_90,1,5.28
Lyceum,2454.504,764.087,31.13,44.88,125,98,7,27,94,9,5.0,5,2,6,3,7,78.38,0.0,3,1,5,2,3,1,5.0,10,5,50.0,9,5,6.0,1.0,16.67,3.0,3,1,0,0.0,0,1,1.0,2.0,6,1,0,5.29,5.79,5.46,4.42,6.86,5.5,0.5,2025-11-05T18:44:57.074519+00:00,128,Lyceum_20251208181114_128,1,5.5
Valley Rovers,2570.604,420.808,16.37,49.95,48,37,5,11,30,7,0.0,3,1,4,2,3,76.63,0.0,1,1,6,3,3,0,6.0,11,7,63.64,9,7,7.0,1.0,14.29,1.0,0,27,15,55.56,2,25,2.0,1.0,3,2,0,5.64,4.66,3.7,5.54,5.97,5.0,0.444,2025-05-14T00:07:38.074519+00:00,401,Valley_Rovers_20251208181114_401,1,5.0
Mapúa University,2432.07,246.369,10.13,44.75,107,95,2,12,85,13,10.0,3,4,0,0,15,89.13,0.0,1,0,6,2,4,0,4.0,8,3,37.5,5,2,0.0,0.0,0.0,0.0,0,21,9,42.86,10,11,0.0,0.0,5,1,0,4.83,5.08,4.64,5.12,6.01,5.02,0.447,2025-07-13T09:18:52.075519+00:00,51,Mapúa_University_20251208181114_51,1,5.02
University of Santo Tomas,3221.559,425.89,13.22,58.69,94,68,12,26,62,9,9.0,1,3,4,5,8,72.68,0.0,2,1,8,2,6,1,7.0,8,5,62.5,6,3,7.0,2.0,28.57,2.0,1,27,11,40.74,8,19,1.0,0.0,5,0,0,5.44,4.29,4.18,3.45,7.25,4.77,0.419,2025-11-06T02:50:00.075519+00:00,792,University_of_Santo_Tomas_20251208181114_792,1,4.77
Far Eastern University,4256.239,600.555,14.11,79.85,196,148,19,48,118,19,8.0,3,6,20,20,15,75.26,1.0,7,1,5,1,4,0,4.0,4,2,50.0,1,2,4.0,1.0,25.0,0.0,0,30,16,53.33,10,20,0.0,0.0,4,0,0,4.98,3.06,4.57,4.33,6.86,4.46,0.384,2024-12-19T16:19:35.075519+00:00,344,Far_Eastern_University_20251208181114_344,1,4.46
Valley Rovers,1642.846,299.327,18.22,30.84,58,42,5,16,40,8,2.0,1,2,3,3,5,72.44,0.0,1,0,3,1,2,0,3.0,4,2,50.0,15,5,4.0,1.0,25.0,2.0,0,17,12,70.59,6,11,1.0,0.0,9,0,0,4.2,5.41,3.44,4.63,7.38,4.77,0.419,2025-05-05T17:08:27.075519+00:00,373,Valley_Rovers_20251208181114_373,1,4.77
Valley Rovers,2240.257,129.487,5.78,42.2,89,78,4,11,64,4,2.0,2,2,6,10,5,87.39,0.0,2,0,5,2,3,0,5.0,12,6,50.0,1,0,6.0,2.0,33.33,2.0,0,15,7,46.67,6,9,1.0,1.0,8,1,0,3.49,4.83,5.49,4.19,6.26,4.64,0.404,2025-07-11T18:30:50.075519+00:00,264,Valley_Rovers_20251208181114_264,1,4.64
Far Eastern University,3060.653,782.915,25.58,59.72,139,110,8,29,92,10,9.0,3,3,11,11,8,79.15,0.0,3,0,5,1,4,1,5.0,11,7,63.64,7,3,5.0,1.0,20.0,0.0,1,0,0,34.07,0,0,0.0,0.0,1,0,0,5.11,3.67,4.98,3.16,7.7,4.67,0.408,2025-05-23T05:49:05.075519+00:00,59,Far_Eastern_University_20251208181114_59,1,4.67
De La Salle University,2133.271,495.132,23.21,40.55,80,65,6,15,53,6,2.0,2,1,8,8,5,81.22,0.0,0,0,4,1,3,0,3.0,8,4,50.0,12,5,4.0,1.0,25.0,1.0,0,18,8,44.44,6,12,0.0,1.0,7,1,0,3.95,4.27,4.26,3.26,6.33,4.24,0.36,2025-02-26T19:52:18.075519+00:00,932,De_La_Salle_University_20251208181114_932,1,4.24
Ateneo de Manila University,2994.207,1023.121,34.17,55.64,136,102,12,34,91,21,8.0,3,2,4,5,20,74.65,0.0,2,0,4,1,3,0,3.0,10,7,70.0,5,4,10.0,1.0,10.0,0.0,2,32,15,46.88,11,21,0.0,1.0,3,0,1,4.59,5.43,5.58,5.15,5.52,5.19,0.466,2025-08-30T15:23:29.075519+00:00,909,Ateneo_de_Manila_University_20251208181114_909,1,5.19
Metro FC,3498.926,676.692,19.34,69.33,121,89,6,32,85,7,6.0,3,1,6,12,0,73.3,0.0,1,1,6,1,5,0,7.0,13,9,69.23,7,5,5.0,1.0,20.0,1.0,0,2,1,50.0,2,0,0.0,0.0,3,1,1,5.46,5.86,4.17,4.51,4.04,5.04,0.449,2025-10-27T19:31:59.076519+00:00,536,Metro_FC_20251208181114_536,1,5.04
Mapúa University,2213.321,283.748,12.82,39.71,84,65,6,19,55,8,4.0,3,2,7,5,10,77.55,0.0,0,0,3,1,2,0,3.0,6,4,66.67,8,1,3.0,1.0,33.33,0.0,0,23,10,43.48,7,16,1.0,0.0,6,0,0,4.25,4.19,4.35,3.25,7.77,4.47,0.386,2025-11-03T07:11:40.076519+00:00,818,Mapúa_University_20251208181114_818,1,4.47
Lyceum,2206.023,264.723,12.0,42.25,118,93,11,25,88,12,12.0,5,3,0,0,2,78.79,0.0,2,0,4,2,2,1,4.0,15,8,53.33,9,6,11.0,1.0,9.09,1.0,0,21,10,47.62,1,20,0.0,1.0,7,0,0,4.56,4.69,4.55,4.32,7.96,4.9,0.433,2025-06-14T21:11:31.076519+00:00,807,Lyceum_20251208181114_807,1,4.9
University of Santo Tomas,3866.097,556.331,14.39,71.25,184,134,16,50,120,15,16.0,6,4,11,12,17,72.77,0.0,1,1,7,2,5,1,8.0,12,7,58.33,2,3,0.0,0.0,0.0,1.0,1,17,6,35.29,5,12,0.0,0.0,1,0,0,5.13,4.69,5.64,3.77,7.63,5.17,0.463,2025-10-15T00:20:06.076519+00:00,765,University_of_Santo_Tomas_20251208181114_765,1,5.17
University of the Philippines,3703.085,944.287,25.5,71.92,133,89,16,44,92,15,3.0,3,3,12,4,6,66.57,0.0,1,1,9,3,6,0,10.0,12,8,66.67,6,4,4.0,0.0,0.0,2.0,0,41,25,60.98,8,33,1.0,3.0,2,2,0,6.05,4.32,5.12,3.52,4.93,4.91,0.434,2025-11-11T03:54:59.076519+00:00,114,University_of_the_Philippines_20251208181114_114,1,4.91
Valley Rovers,2741.243,545.233,19.89,50.18,117,110,3,7,104,21,3.0,6,2,0,0,12,93.77,1.0,4,0,4,1,3,0,4.0,9,5,55.56,5,1,7.0,2.0,28.57,0.0,0,33,13,39.39,9,24,0.0,2.0,8,0,0,3.68,5.33,4.84,5.1,7.48,4.95,0.439,2025-01-19T12:34:33.076519+00:00,971,Valley_Rovers_20251208181114_971,1,4.95
Far Eastern University,2482.255,600.954,24.21,47.95,94,77,2,17,68,14,2.0,4,3,2,2,4,82.35,0.0,2,1,6,1,5,1,6.0,6,4,66.67,15,7,11.0,2.0,18.18,2.0,0,22,15,68.18,6,16,1.0,1.0,7,2,0,5.34,4.44,5.05,3.25,5.51,4.75,0.417,2025-01-24T16:30:27.076519+00:00,933,Far_Eastern_University_20251208181114_933,1,4.75
Northbridge FC,2437.376,301.26,12.36,44.0,79,53,5,26,47,4,11.0,3,0,4,9,5,66.56,0.0,0,1,7,3,4,0,7.0,11,9,81.82,0,6,4.0,1.0,25.0,2.0,1,25,19,76.0,6,19,0.0,3.0,3,0,0,5.98,5.86,4.76,3.4,7.29,5.47,0.497,2025-05-12T09:14:39.076519+00:00,439,Northbridge_FC_20251208181114_439,1,5.47
University of Santo Tomas,3751.993,458.118,12.21,73.28,273,198,35,75,204,27,11.0,8,8,10,5,18,72.65,0.0,4,0,6,3,3,0,6.0,9,4,44.44,7,5,6.0,1.0,16.67,1.0,1,25,17,68.0,5,20,0.0,0.0,3,0,0,4.85,5.02,4.78,4.34,7.01,5.03,0.448,2025-06-25T14:47:20.077520+00:00,752,University_of_Santo_Tomas_20251208181114_752,1,5.03
Brookside United,1143.227,197.778,17.3,21.91,82,52,17,30,58,9,6.0,4,1,2,3,0,64.0,0.0,2,0,3,1,2,0,4.0,5,3,60.0,9,10,6.0,2.0,33.33,2.0,1,2,1,50.0,2,0,1.0,0.0,9,0,0,4.38,5.76,4.09,3.95,7.49,4.96,0.44,2025-07-23T03:15:20.077520+00:00,58,Brookside_United_20251208181114_58,1,4.96
Adamson University,3776.748,529.5,14.02,68.79,131,97,12,34,98,17,12.0,7,2,0,0,18,73.95,0.0,1,0,7,2,5,0,9.0,19,12,63.16,5,4,4.0,0.0,0.0,3.0,0,55,25,45.45,3,52,0.0,3.0,0,0,0,4.25,4.23,5.37,4.27,7.62,4.81,0.423,2025-02-02T02:49:29.077520+00:00,207,Adamson_University_20251208181114_207,1,4.81
Lyceum,2908.683,790.58,27.18,52.77,108,77,3,31,75,15,4.0,3,4,3,3,6,71.04,0.0,1,0,6,2,4,1,5.0,5,3,60.0,2,6,3.0,0.0,0.0,1.0,0,1,1,100.0,0,1,1.0,0.0,7,1,0,4.87,4.79,4.71,2.81,6.33,4.67,0.408,2025-04-23T14:27:03.077520+00:00,335,Lyceum_20251208181114_335,1,4.67
2 Worlds FC,4347.521,578.655,13.31,82.35,204,146,26,58,161,36,17.0,6,4,0,0,22,71.62,0.0,3,1,8,3,5,1,8.0,8,4,50.0,3,4,2.0,0.0,0.0,2.0,0,11,7,63.64,3,8,0.0,2.0,2,1,0,4.54,5.5,5.29,4.99,6.73,5.24,0.471,2025-03-08T20:47:07.077520+00:00,402,2_Worlds_FC_20251208181114_402,1,5.24
University of Santo Tomas,2095.076,516.227,24.64,40.58,105,80,5,25,87,15,9.0,2,5,0,0,6,75.89,0.0,3,1,4,1,3,0,4.0,2,1,50.0,4,8,13.0,3.0,23.08,1.0,2,18,10,55.56,5,13,0.0,0.0,2,0,0,5.44,5.28,4.08,4.19,7.9,5.19,0.466,2025-09-24T00:21:25.077520+00:00,922,University_of_Santo_Tomas_20251208181114_922,1,5.19
Lakeside Athletic,1843.884,334.112,18.12,34.74,79,56,6,23,60,14,9.0,2,1,0,0,9,70.27,0.0,1,0,3,1,2,0,4.0,4,2,50.0,14,3,11.0,3.0,27.27,0.0,0,19,11,57.89,5,14,1.0,0.0,8,0,0,3.4,4.68,5.0,4.11,7.31,4.57,0.397,2025-01-27T22:00:25.077520+00:00,359,Lakeside_Athletic_20251208181114_359,1,4.57
Brookside United,2765.233,357.821,12.94,52.28,108,72,8,36,75,16,7.0,5,1,2,2,1,66.9,0.0,2,1,8,4,4,1,9.0,5,3,60.0,14,6,14.0,3.0,21.43,0.0,1,30,15,50.0,10,20,1.0,3.0,6,2,0,4.59,4.93,4.07,4.12,5.99,4.66,0.407,2025-05-13T04:37:17.077520+00:00,501,Brookside_United_20251208181114_501,1,4.66
Metro FC,1606.512,398.415,24.8,29.54,89,68,8,21,57,2,4.0,2,3,8,13,10,75.98,0.0,1,0,3,1,2,0,2.0,0,0,54.63,14,3,12.0,3.0,25.0,1.0,1,11,6,54.55,2,9,0.0,0.0,2,0,0,4.18,3.99,4.88,3.85,7.08,4.51,0.39,2025-04-23T08:06:49.078519+00:00,366,Metro_FC_20251208181114_366,1,4.51
Metro FC,2852.992,485.579,17.02,56.86,92,62,8,30,66,8,2.0,1,2,6,8,11,67.88,0.0,1,0,3,1,2,0,3.0,12,3,25.0,12,5,7.0,1.0,14.29,1.0,0,21,10,47.62,7,14,1.0,0.0,5,1,0,4.0,4.25,4.19,2.93,6.82,4.24,0.36,2025-11-04T08:57:44.078519+00:00,437,Metro_FC_20251208181114_437,1,4.24
Ateneo de Manila University,3935.112,938.918,23.86,74.07,166,112,17,54,108,32,11.0,8,5,1,1,13,67.63,0.0,4,1,8,3,5,1,8.0,24,10,41.67,6,5,4.0,0.0,0.0,1.0,3,45,19,42.22,3,42,0.0,2.0,4,0,0,5.92,5.35,6.06,4.07,7.18,5.66,0.518,2025-06-09T23:28:08.078519+00:00,364,Ateneo_de_Manila_University_20251208181114_364,1,5.66
City United,2383.536,592.309,24.85,46.36,87,70,7,17,71,5,10.0,5,1,0,0,9,80.49,0.0,1,1,5,2,3,0,5.0,3,2,66.67,9,14,8.0,1.0,12.5,3.0,0,26,15,57.69,7,19,0.0,0.0,4,1,0,5.42,5.16,4.99,4.98,5.97,5.25,0.472,2025-11-10T11:02:54.078519+00:00,201,City_United_20251208181114_201,1,5.25
Highland Wanderers,3044.642,160.148,5.26,59.81,186,128,19,58,135,16,16.0,9,5,1,3,15,68.79,0.0,3,1,4,2,2,0,5.0,6,5,83.33,5,6,6.0,1.0,16.67,2.0,0,27,16,59.26,8,19,1.0,3.0,3,1,0,5.12,7.37,4.69,4.9,6.38,5.76,0.529,2025-03-02T07:09:09.078519+00:00,67,Highland_Wanderers_20251208181114_67,1,5.76
2 Worlds FC,1830.781,318.739,17.41,34.78,56,45,4,11,46,5,6.0,2,2,0,0,4,79.83,0.0,0,0,3,1,2,0,4.0,3,2,66.67,8,15,7.0,1.0,14.29,0.0,1,29,15,51.72,14,15,0.0,1.0,2,0,0,4.81,5.64,5.06,3.56,7.43,5.18,0.464,2025-10-05T12:39:19.078519+00:00,328,2_Worlds_FC_20251208181114_328,1,5.18
De La Salle University,2845.71,338.639,11.9,52.88,183,136,13,47,137,14,9.0,7,1,7,9,2,74.27,0.0,1,0,5,2,3,1,4.0,5,2,40.0,7,2,2.0,0.0,0.0,1.0,2,17,10,58.82,3,14,0.0,2.0,8,2,0,4.98,4.38,4.89,4.43,5.85,4.8,0.422,2025-11-16T06:07:46.078519+00:00,649,De_La_Salle_University_20251208181114_649,1,4.8
Valley Rovers,3813.337,425.187,11.15,68.49,142,109,8,33,111,16,8.0,3,4,0,0,13,76.68,0.0,2,0,6,3,3,0,7.0,5,2,40.0,7,6,5.0,0.0,0.0,0.0,1,11,7,63.64,3,8,0.0,0.0,4,0,0,5.9,4.52,4.34,4.6,7.01,5.13,0.459,2025-05-27T05:31:55.078519+00:00,906,Valley_Rovers_20251208181114_906,1,5.13
Riverside FC,4627.969,735.847,15.9,86.15,229,136,35,93,157,25,5.0,1,7,19,14,40,59.53,0.0,1,1,8,3,5,1,8.0,18,10,55.56,2,1,1.0,0.0,0.0,1.0,1,89,18,20.22,5,84,1.0,3.0,2,1,0,6.22,5.39,5.14,4.59,6.28,5.55,0.506,2025-06-06T09:41:28.079519+00:00,714,Riverside_FC_20251208181114_714,1,5.55
Lyceum,2338.631,431.244,18.44,46.3,150,110,13,40,114,10,10.0,5,2,4,5,21,73.31,0.0,0,0,4,1,3,0,3.0,12,5,41.67,12,4,7.0,2.0,28.57,0.0,0,25,10,40.0,8,17,1.0,3.0,6,0,0,4.24,5.35,5.9,3.47,7.16,5.07,0.452,2025-07-09T02:48:29.079519+00:00,452,Lyceum_20251208181114_452,1,5.07
Coastal Town,1703.648,381.788,22.41,34.21,84,63,7,21,60,8,9.0,2,0,2,3,5,74.62,0.0,2,0,4,2,2,0,4.0,8,5,62.5,7,5,7.0,0.0,0.0,2.0,1,8,3,37.5,2,6,1.0,1.0,1,1,0,4.12,4.55,3.91,3.56,6.24,4.33,0.37,2025-05-14T05:14:26.079519+00:00,929,Coastal_Town_20251208181114_929,1,4.33
2 Worlds FC,3144.758,608.196,19.34,57.54,126,101,7,25,80,9,9.0,4,5,9,10,9,80.25,0.0,2,1,7,2,5,1,8.0,6,2,33.33,7,5,8.0,2.0,25.0,2.0,0,17,11,64.71,5,12,1.0,1.0,3,0,0,5.29,4.95,5.12,3.65,6.85,5.09,0.454,2025-11-21T08:11:23.079519+00:00,74,2_Worlds_FC_20251208181114_74,1,5.09
San Beda University,3023.435,989.268,32.72,56.76,207,146,17,61,156,18,13.0,12,2,3,4,16,70.71,1.0,5,1,6,2,4,1,5.0,1,1,100.0,11,2,2.0,1.0,50.0,1.0,1,28,20,71.43,4,24,0.0,2.0,6,1,0,5.57,3.98,4.58,4.46,6.1,4.82,0.424,2025-06-05T16:38:14.079519+00:00,813,San_Beda_University_20251208181114_813,1,4.82
University of Santo Tomas,1383.368,492.341,35.59,24.98,48,39,2,9,27,4,1.0,0,1,6,9,2,80.24,0.0,1,0,3,1,2,0,3.0,5,3,60.0,15,2,12.0,3.0,25.0,0.0,0,11,4,36.36,2,9,0.0,0.0,7,1,0,4.57,4.48,4.42,4.31,5.88,4.61,0.401,2025-09-15T05:50:34.079519+00:00,88,University_of_Santo_Tomas_20251208181114_88,1,4.61
Adamson University,3934.382,1070.939,27.22,73.27,248,190,13,58,175,18,8.0,3,2,20,22,11,76.74,1.0,8,0,7,2,5,1,6.0,9,4,44.44,6,3,2.0,0.0,0.0,0.0,0,15,7,46.67,0,15,0.0,3.0,4,0,0,5.01,5.05,4.83,4.24,6.83,5.06,0.451,2025-11-12T16:26:57.079519+00:00,689,Adamson_University_20251208181114_689,1,5.06
University of the Philippines,2193.174,288.622,13.16,39.28,93,65,9,28,56,9,4.0,1,0,8,14,3,69.71,0.0,2,0,3,1,2,0,4.0,2,1,50.0,8,0,6.0,1.0,16.67,1.0,0,22,8,36.36,9,13,0.0,3.0,7,1,0,3.56,4.6,3.87,4.34,6.07,4.27,0.363,2025-03-27T14:37:46.079519+00:00,127,University_of_the_Philippines_20251208181114_127,1,4.27
Riverside FC,3984.277,852.237,21.39,71.69,160,116,15,44,100,11,7.0,6,3,9,25,18,72.61,0.0,3,1,8,1,7,0,8.0,12,5,41.67,1,2,5.0,0.0,0.0,2.0,0,41,20,48.78,12,29,1.0,1.0,3,2,0,5.42,4.24,4.97,3.84,6.04,4.84,0.427,2025-01-27T17:03:00.080519+00:00,413,Riverside_FC_20251208181114_413,1,4.84
Ateneo de Manila University,2511.932,451.394,17.97,49.88,42,31,4,11,31,5,3.0,0,1,1,1,5,72.76,0.0,1,0,5,1,4,0,4.0,6,3,50.0,5,4,4.0,1.0,25.0,2.0,0,15,6,40.0,2,13,0.0,0.0,5,1,0,5.08,5.03,4.65,4.34,5.7,4.94,0.438,2025-08-30T19:54:06.080519+00:00,777,Ateneo_de_Manila_University_20251208181114_777,1,4.94
San Beda University,2498.608,503.47,20.15,47.4,111,84,6,27,64,4,7.0,5,2,11,18,1,75.52,0.0,2,0,4,1,3,0,6.0,13,5,38.46,9,5,2.0,0.0,0.0,2.0,0,22,12,54.55,3,19,1.0,1.0,6,0,0,3.68,4.27,5.31,4.2,7.14,4.59,0.399,2025-11-04T13:02:09.080519+00:00,77,San_Beda_University_20251208181114_77,1,4.59
Valley Rovers,3944.145,205.884,5.22,72.2,280,202,29,78,218,20,0.0,9,4,13,16,39,72.19,0.0,1,1,5,1,4,0,5.0,18,9,50.0,3,6,4.0,1.0,25.0,1.0,0,22,12,54.55,2,20,1.0,1.0,6,0,0,5.27,4.82,4.26,4.54,6.99,5.01,0.446,2025-08-21T04:16:39.080519+00:00,885,Valley_Rovers_20251208181114_885,1,5.01
Lakeside Athletic,2350.797,421.028,17.91,45.32,139,101,4,38,90,11,7.0,3,4,7,17,1,73.01,0.0,2,0,2,1,1,0,3.0,8,6,75.0,9,9,16.0,3.0,18.75,2.0,0,12,6,50.0,3,9,0.0,0.0,9,0,0,4.5,4.42,4.75,4.59,6.22,4.71,0.412,2025-08-09T01:15:22.080519+00:00,193,Lakeside_Athletic_20251208181114_193,1,4.71
Metro FC,3416.328,422.941,12.38,62.71,155,121,8,34,95,24,11.0,7,3,9,6,14,77.96,1.0,4,0,3,1,2,0,4.0,8,5,62.5,2,4,3.0,0.0,0.0,1.0,0,44,24,54.55,9,35,0.0,1.0,2,2,0,4.19,4.55,5.76,4.24,5.02,4.69,0.41,2025-08-13T07:19:27.080519+00:00,148,Metro_FC_20251208181114_148,1,4.69
Far Eastern University,3659.67,182.984,5.0,67.46,105,75,9,30,75,14,9.0,2,3,1,1,3,71.44,0.0,2,1,8,3,5,1,6.0,9,5,55.56,9,0,5.0,1.0,20.0,1.0,1,4,1,25.0,1,3,0.0,3.0,6,0,0,5.44,4.55,5.5,4.24,6.86,5.18,0.464,2024-12-23T19:33:26.080519+00:00,345,Far_Eastern_University_20251208181114_345,1,5.18
De La Salle University,2498.019,124.901,5.0,47.74,123,96,9,27,89,11,15.0,3,3,1,1,6,78.12,0.0,2,1,5,2,3,0,5.0,10,4,40.0,8,4,3.0,1.0,33.33,1.0,0,8,4,50.0,0,8,0.0,1.0,3,0,0,5.8,4.59,5.2,4.84,7.84,5.41,0.49,2024-12-16T04:16:47.080519+00:00,5,De_La_Salle_University_20251208181114_5,1,5.41
San Beda University,3171.944,693.387,21.86,59.64,177,138,5,39,114,19,11.0,8,3,14,8,1,77.81,0.0,4,1,6,2,4,1,5.0,18,6,33.33,7,2,2.0,0.0,0.0,2.0,0,24,12,50.0,8,16,0.0,0.0,6,0,0,5.31,6.88,4.46,3.81,6.83,5.52,0.502,2025-07-06T22:25:23.081521+00:00,338,San_Beda_University_20251208181114_338,1,5.52
Mapúa University,3641.408,864.47,23.74,68.53,189,144,12,45,122,27,1.0,0,2,10,26,25,76.34,1.0,5,1,9,2,7,0,11.0,5,3,60.0,6,4,7.0,2.0,28.57,1.0,1,21,15,71.43,3,18,2.0,0.0,3,1,0,6.03,5.31,4.93,5.02,6.19,5.48,0.498,2025-08-25T21:04:17.081521+00:00,919,Mapúa_University_20251208181114_919,1,5.48
San Beda University,675.784,116.1,17.18,12.96,30,19,5,11,23,4,2.0,0,1,0,0,1,62.71,0.0,1,0,1,0,1,0,1.0,3,1,33.33,11,10,8.0,1.0,12.5,3.0,0,7,2,28.57,1,6,1.0,0.0,16,2,0,3.42,4.94,3.99,4.24,5.4,4.27,0.363,2025-01-04T17:00:17.081521+00:00,624,San_Beda_University_20251208181114_624,1,4.27
Riverside FC,2409.555,375.168,15.57,43.07,99,73,11,26,74,9,1.0,4,2,2,7,2,73.9,0.0,2,1,6,1,5,1,6.0,8,5,62.5,17,4,10.0,2.0,20.0,2.0,0,20,7,35.0,8,12,1.0,1.0,11,3,0,5.51,5.95,4.62,4.36,4.48,5.19,0.466,2025-03-11T00:45:07.081521+00:00,553,Riverside_FC_20251208181114_553,1,5.19
2 Worlds FC,4089.494,1190.452,29.11,76.05,152,138,1,14,113,18,7.0,6,5,2,1,5,90.94,1.0,5,0,7,3,4,0,10.0,5,3,60.0,2,2,3.0,1.0,33.33,0.0,0,40,25,62.5,13,27,0.0,2.0,4,0,0,6.64,5.4,4.94,3.94,6.94,5.6,0.511,2025-04-10T21:35:06.081521+00:00,252,2_Worlds_FC_20251208181114_252,1,5.6
Valley Rovers,1751.397,445.205,25.42,33.16,74,57,4,17,61,14,6.0,3,1,0,0,4,77.26,0.0,1,0,3,1,2,0,4.0,5,3,60.0,9,8,10.0,1.0,10.0,1.0,0,23,12,52.17,5,18,0.0,3.0,7,0,0,4.56,5.22,5.01,3.85,7.2,5.0,0.444,2024-12-17T15:42:22.081521+00:00,796,Valley_Rovers_20251208181114_796,1,5.0
Ateneo de Manila University,2975.878,398.172,13.38,58.89,97,74,9,23,71,12,8.0,5,1,0,0,8,75.99,0.0,1,0,6,2,4,1,8.0,12,9,75.0,1,8,7.0,2.0,28.57,0.0,0,20,11,55.0,5,15,0.0,2.0,3,0,0,5.85,4.33,5.1,3.98,7.66,5.19,0.466,2025-12-05T14:42:17.081521+00:00,890,Ateneo_de_Manila_University_20251208181114_890,1,5.19
City United,3242.086,340.095,10.49,59.64,163,107,15,56,110,19,9.0,6,4,8,8,15,65.83,0.0,3,1,6,2,4,0,5.0,5,3,60.0,2,2,4.0,1.0,25.0,1.0,0,46,16,34.78,13,33,0.0,2.0,1,0,0,5.05,4.3,5.8,3.04,7.36,4.94,0.438,2025-04-17T07:09:58.081521+00:00,46,City_United_20251208181114_46,1,4.94
University of the Philippines,4038.568,583.169,14.44,78.24,152,106,8,46,101,16,13.0,7,1,6,8,11,69.9,0.0,0,1,7,2,5,0,9.0,15,6,40.0,5,2,5.0,1.0,20.0,0.0,0,60,26,43.33,15,45,1.0,2.0,2,0,0,5.19,5.72,4.38,3.55,6.74,5.1,0.456,2025-01-27T21:23:06.082523+00:00,811,University_of_the_Philippines_20251208181114_811,1,5.1
Ateneo de Manila University,1468.117,248.112,16.9,26.74,92,66,12,26,65,10,9.0,2,2,2,2,8,71.81,0.0,1,0,3,1,2,0,4.0,8,4,50.0,7,4,15.0,4.0,26.67,1.0,0,9,4,44.44,4,5,0.0,1.0,6,1,0,4.84,5.48,5.21,4.14,6.14,5.13,0.459,2025-09-06T03:46:10.082523+00:00,782,Ateneo_de_Manila_University_20251208181114_782,1,5.13
Lyceum,3478.515,739.88,21.27,62.91,95,76,3,19,68,11,8.0,3,3,1,1,8,80.13,0.0,1,1,7,3,4,1,7.0,13,5,38.46,2,2,7.0,1.0,14.29,0.0,2,25,8,32.0,3,22,1.0,3.0,5,1,0,5.38,4.97,5.24,4.18,6.34,5.17,0.463,2025-11-18T19:01:32.082523+00:00,934,Lyceum_20251208181114_934,1,5.17
Ateneo de Manila University,2398.636,371.549,15.49,46.46,117,99,5,18,76,17,10.0,4,4,2,3,13,84.26,0.0,2,1,6,3,3,0,5.0,1,0,0.0,9,11,1.0,0.0,0.0,2.0,1,17,9,52.94,3,14,1.0,1.0,2,1,0,6.97,4.98,4.33,4.1,6.84,5.47,0.497,2025-08-02T23:35:04.082523+00:00,443,Ateneo_de_Manila_University_20251208181114_443,1,5.47
University of the Philippines,2560.775,496.022,19.37,48.5,123,97,6,26,97,10,18.0,5,2,0,0,12,79.26,0.0,2,0,4,2,2,1,5.0,7,5,71.43,8,5,7.0,2.0,28.57,1.0,1,10,4,40.0,4,6,0.0,1.0,7,1,0,5.14,5.87,4.99,3.33,5.96,5.14,0.46,2025-05-21T07:03:46.082523+00:00,914,University_of_the_Philippines_20251208181114_914,1,5.14
De La Salle University,953.858,239.609,25.12,17.82,59,48,2,11,40,8,7.0,3,1,0,1,4,81.28,0.0,1,0,2,1,1,0,1.0,7,6,85.71,5,2,4.0,1.0,25.0,3.0,0,5,3,60.0,2,3,0.0,0.0,18,1,0,3.88,6.1,4.69,3.04,6.68,4.83,0.426,2025-10-01T15:28:38.082523+00:00,81,De_La_Salle_University_20251208181114_81,1,4.83
Highland Wanderers,1338.319,412.336,30.81,25.5,60,41,4,19,43,5,5.0,2,1,2,2,2,67.59,0.0,1,0,2,1,1,0,2.0,4,2,50.0,12,8,11.0,2.0,18.18,4.0,0,5,3,60.0,1,4,0.0,1.0,10,0,0,3.88,4.87,4.22,5.64,7.05,4.79,0.421,2025-08-05T21:59:08.082523+00:00,673,Highland_Wanderers_20251208181114_673,1,4.79
Valley Rovers,2740.598,192.938,7.04,52.38,119,84,8,35,80,16,4.0,1,3,9,6,9,70.35,0.0,4,1,4,1,3,0,4.0,10,5,50.0,5,9,7.0,1.0,14.29,1.0,0,24,14,58.33,7,17,1.0,2.0,5,0,0,4.24,5.0,4.53,3.63,7.45,4.75,0.417,2025-03-16T20:23:59.082523+00:00,117,Valley_Rovers_20251208181114_117,1,4.75
Northbridge FC,3308.296,579.613,17.52,61.45,146,105,9,41,92,16,11.0,3,1,10,12,17,71.64,0.0,3,1,8,2,6,1,10.0,10,6,60.0,3,1,6.0,1.0,16.67,0.0,1,27,11,40.74,4,23,1.0,2.0,4,0,0,6.07,4.67,4.69,3.69,7.28,5.19,0.466,2025-04-06T09:22:41.083525+00:00,644,Northbridge_FC_20251208181114_644,1,5.19
San Beda University,1343.228,138.084,10.28,26.35,58,45,5,13,41,8,5.0,1,2,0,0,4,78.35,0.0,2,0,3,1,2,0,4.0,4,3,75.0,11,8,10.0,0.0,0.0,1.0,0,3,2,66.67,1,2,1.0,2.0,11,1,0,4.67,4.63,4.64,4.19,6.99,4.82,0.424,2025-11-24T17:05:54.083525+00:00,694,San_Beda_University_20251208181114_694,1,4.82
Northbridge FC,2410.13,575.057,23.86,44.91,88,61,8,27,71,11,5.0,2,3,0,0,5,69.22,0.0,3,0,6,2,4,0,4.0,10,7,70.0,5,7,8.0,2.0,25.0,1.0,1,40,25,62.5,11,29,0.0,1.0,7,1,0,4.41,4.96,4.0,3.19,6.79,4.55,0.394,2025-01-20T12:08:36.083525+00:00,82,Northbridge_FC_20251208181114_82,1,4.55
Valley Rovers,3229.452,460.197,14.25,58.12,133,96,17,37,99,19,1.0,4,3,2,4,10,72.42,1.0,4,0,6,2,4,0,8.0,4,3,75.0,1,4,8.0,2.0,25.0,1.0,1,33,20,60.61,11,22,0.0,3.0,6,0,0,5.35,4.81,4.81,4.4,7.03,5.13,0.459,2025-03-11T17:02:17.083525+00:00,904,Valley_Rovers_20251208181114_904,1,5.13
Far Eastern University,2168.596,196.909,9.08,39.47,111,76,14,35,73,11,6.0,3,3,7,7,16,68.8,0.0,1,0,2,1,1,0,2.0,9,4,44.44,5,3,13.0,2.0,15.38,0.0,0,9,5,55.56,2,7,0.0,0.0,6,0,0,5.02,4.35,3.84,3.73,7.55,4.67,0.408,2025-10-26T09:45:37.083525+00:00,390,Far_Eastern_University_20251208181114_390,1,4.67
University of Santo Tomas,2364.618,218.491,9.24,43.95,130,104,7,26,91,20,9.0,7,3,0,0,1,80.3,0.0,2,0,4,1,3,0,4.0,5,3,60.0,6,0,10.0,2.0,20.0,2.0,0,20,7,35.0,5,15,1.0,2.0,0,0,0,5.44,4.32,5.48,5.53,7.22,5.33,0.481,2025-08-03T20:02:03.083525+00:00,323,University_of_Santo_Tomas_20251208181114_323,1,5.33
University of the Philippines,2868.843,846.882,29.52,51.09,135,90,15,45,78,6,15.0,6,4,12,15,11,66.35,0.0,3,1,5,1,4,0,5.0,11,6,54.55,4,4,5.0,1.0,20.0,2.0,0,27,13,48.15,8,19,0.0,2.0,2,1,0,4.57,4.31,5.14,3.75,6.36,4.68,0.409,2025-11-03T01:10:25.083525+00:00,726,University_of_the_Philippines_20251208181114_726,1,4.68
San Beda University,3156.853,481.42,15.25,58.58,185,140,19,45,127,14,13.0,6,2,15,8,11,75.41,0.0,2,0,6,2,4,0,6.0,11,7,63.64,4,1,4.0,1.0,25.0,0.0,1,31,14,45.16,5,26,2.0,1.0,2,0,0,4.53,5.63,5.11,3.86,7.69,5.18,0.464,2025-05-14T05:43:10.083525+00:00,920,San_Beda_University_20251208181114_920,1,5.18
City United,2899.191,745.382,25.71,57.54,125,82,10,43,89,19,8.0,4,3,1,2,3,65.61,0.0,2,0,6,2,4,0,8.0,7,3,42.86,9,7,12.0,2.0,16.67,1.0,1,31,15,48.39,6,25,2.0,0.0,7,0,0,4.64,4.39,4.89,3.27,7.46,4.71,0.412,2025-05-23T22:02:18.083525+00:00,963,City_United_20251208181114_963,1,4.71
Lakeside Athletic,3074.078,354.134,11.52,61.14,59,40,7,19,40,7,4.0,2,0,1,4,8,67.95,0.0,1,1,8,2,6,0,9.0,8,5,62.5,7,3,2.0,0.0,0.0,0.0,1,20,12,60.0,2,18,0.0,2.0,4,0,0,6.94,4.88,4.27,4.63,6.81,5.49,0.499,2025-08-09T09:03:56.084519+00:00,680,Lakeside_Athletic_20251208181114_680,1,5.49
Far Eastern University,1885.671,94.284,5.0,34.68,100,83,8,17,70,2,5.0,4,3,5,12,5,82.57,1.0,4,0,4,2,2,0,5.0,11,7,63.64,5,9,12.0,2.0,16.67,0.0,2,12,6,50.0,3,9,2.0,0.0,12,1,0,5.59,4.57,5.53,4.02,7.14,5.23,0.47,2025-01-23T16:19:19.084519+00:00,487,Far_Eastern_University_20251208181114_487,1,5.23
Highland Wanderers,2264.224,572.396,25.28,43.29,125,93,20,32,91,12,4.0,0,3,12,4,8,74.68,0.0,4,1,6,2,4,1,7.0,7,3,42.86,8,8,11.0,2.0,18.18,0.0,1,23,13,56.52,3,20,0.0,1.0,0,1,0,5.89,4.35,4.61,4.25,6.87,5.07,0.452,2025-06-28T19:24:26.084519+00:00,874,Highland_Wanderers_20251208181114_874,1,5.07
Brookside United,3824.323,897.951,23.48,72.85,198,167,4,31,141,34,19.0,8,4,0,0,8,84.28,0.0,3,1,6,2,4,0,5.0,8,5,62.5,5,1,5.0,1.0,20.0,1.0,0,12,6,50.0,5,7,0.0,4.0,4,0,0,5.04,3.52,4.62,3.95,7.32,4.61,0.401,2025-08-17T10:08:56.084519+00:00,606,Brookside_United_20251208181114_606,1,4.61
Ateneo de Manila University,2276.285,257.22,11.3,44.33,79,60,2,19,61,12,6.0,2,1,0,0,2,76.01,0.0,1,0,3,1,2,0,3.0,9,6,66.67,13,6,12.0,2.0,16.67,2.0,1,25,12,48.0,8,17,0.0,1.0,8,1,0,4.39,5.9,4.25,3.57,6.21,4.85,0.428,2025-08-14T01:36:28.084519+00:00,437,Ateneo_de_Manila_University_20251208181114_437,1,4.85
Northbridge FC,1976.509,277.897,14.06,37.4,53,41,4,12,46,9,4.0,1,0,0,0,6,77.56,0.0,1,0,4,1,3,0,5.0,3,1,33.33,11,7,13.0,2.0,15.38,1.0,0,15,9,60.0,5,10,0.0,3.0,4,0,0,3.29,4.29,3.38,3.91,7.35,4.08,0.342,2025-09-12T14:09:34.084519+00:00,201,Northbridge_FC_20251208181114_201,1,4.08
Ateneo de Manila University,4125.587,668.345,16.2,78.23,163,127,12,36,122,20,15.0,2,6,0,0,12,77.75,1.0,4,1,9,3,6,0,9.0,7,4,57.14,1,1,1.0,0.0,0.0,1.0,2,29,11,37.93,13,16,2.0,3.0,2,1,0,5.85,3.53,4.68,3.94,6.2,4.73,0.414,2025-09-11T10:36:53.084519+00:00,910,Ateneo_de_Manila_University_20251208181114_910,1,4.73
Ateneo de Manila University,2551.997,484.879,19.0,48.51,140,118,6,22,106,24,9.0,7,3,0,0,18,84.1,1.0,6,0,5,2,3,0,3.0,1,0,0.0,10,7,6.0,1.0,16.67,2.0,0,7,2,28.57,2,5,1.0,1.0,7,1,0,5.02,5.42,5.08,4.3,6.37,5.18,0.464,2024-12-21T22:17:11.084519+00:00,14,Ateneo_de_Manila_University_20251208181114_14,1,5.18
Lyceum,2595.463,446.16,17.19,47.37,108,74,9,34,85,9,7.0,2,2,1,2,4,68.98,0.0,2,0,6,1,5,1,6.0,6,4,66.67,10,6,10.0,2.0,20.0,2.0,1,26,17,65.38,15,11,0.0,0.0,9,1,0,5.4,5.6,4.44,4.21,6.54,5.21,0.468,2024-12-15T07:02:38.085524+00:00,298,Lyceum_20251208181114_298,1,5.21
Coastal Town,2978.427,704.994,23.67,53.84,160,99,10,61,113,16,17.0,3,4,3,5,8,61.78,0.0,3,1,5,2,3,0,4.0,14,8,57.14,6,9,7.0,1.0,14.29,1.0,1,10,6,60.0,2,8,1.0,0.0,2,2,0,5.63,5.69,4.6,3.9,5.48,5.18,0.464,2025-06-04T20:28:42.085524+00:00,415,Coastal_Town_20251208181114_415,1,5.18
University of Santo Tomas,1919.426,392.139,20.43,37.06,54,41,3,13,39,1,1.0,3,2,5,4,0,75.46,0.0,1,0,1,0,1,0,1.0,1,1,100.0,11,0,5.0,2.0,40.0,0.0,0,25,14,56.0,9,16,0.0,1.0,6,0,0,3.43,4.26,4.09,4.85,7.22,4.37,0.374,2025-07-22T01:29:37.085524+00:00,47,University_of_Santo_Tomas_20251208181114_47,1,4.37
Riverside FC,2538.282,363.228,14.31,47.92,80,50,9,30,53,8,3.0,0,1,11,4,6,62.4,0.0,1,0,3,1,2,0,3.0,11,6,54.55,6,5,8.0,0.0,0.0,1.0,0,0,0,31.43,0,0,1.0,2.0,1,0,0,3.69,5.8,4.19,4.59,7.18,4.86,0.429,2025-02-17T01:10:10.085524+00:00,698,Riverside_FC_20251208181114_698,1,4.86
Metro FC,2984.449,431.253,14.45,58.23,76,54,6,22,53,9,8.0,0,0,3,2,0,70.65,0.0,1,1,7,2,5,1,6.0,18,7,38.89,7,6,2.0,1.0,50.0,2.0,1,24,17,70.83,11,13,0.0,3.0,5,1,0,4.84,4.47,3.5,4.34,6.93,4.61,0.401,2025-06-22T19:22:15.085524+00:00,714,Metro_FC_20251208181114_714,1,4.61
Northbridge FC,3913.032,871.824,22.28,72.14,130,82,20,48,83,15,5.0,4,2,7,13,6,63.19,0.0,3,1,10,5,5,1,5.0,18,17,94.44,3,2,3.0,0.0,0.0,1.0,2,19,11,57.89,8,11,1.0,2.0,2,0,0,5.66,5.1,4.79,3.54,8.06,5.27,0.474,2025-05-12T21:00:37.085524+00:00,759,Northbridge_FC_20251208181114_759,1,5.27
Northbridge FC,2625.312,631.125,24.04,50.6,113,87,11,26,66,15,12.0,7,2,4,6,5,76.6,0.0,2,0,5,2,3,0,5.0,8,5,62.5,8,5,11.0,2.0,18.18,3.0,1,19,12,63.16,2,17,1.0,1.0,5,0,0,4.8,5.13,4.61,3.74,7.37,4.96,0.44,2025-06-06T21:40:02.085524+00:00,619,Northbridge_FC_20251208181114_619,1,4.96
Mapúa University,1873.725,361.629,19.3,34.29,113,84,14,29,89,11,9.0,3,1,0,0,14,74.65,0.0,2,0,4,2,2,0,4.0,6,3,50.0,6,9,5.0,1.0,20.0,0.0,0,18,12,66.67,4,14,3.0,2.0,8,2,1,3.71,4.22,4.76,3.55,3.85,4.05,0.339,2025-01-12T13:12:11.085524+00:00,819,Mapúa_University_20251208181114_819,1,4.05
Coastal Town,2400.122,528.507,22.02,43.45,169,119,2,50,125,19,11.0,7,6,1,1,22,70.36,0.0,5,0,2,1,1,0,2.0,9,3,33.33,11,5,4.0,0.0,0.0,1.0,1,0,0,57.46,1,0,0.0,0.0,7,2,0,5.78,4.56,4.45,2.85,5.11,4.7,0.411,2025-10-11T04:15:54.086519+00:00,420,Coastal_Town_20251208181114_420,1,4.7
University of Santo Tomas,3578.707,806.641,22.54,66.12,116,75,19,41,71,10,10.0,1,4,13,6,11,64.61,0.0,3,1,8,4,4,1,9.0,0,0,23.89,5,2,6.0,1.0,16.67,1.0,2,10,5,50.0,5,5,0.0,4.0,1,1,0,5.67,3.45,4.0,4.0,6.31,4.54,0.393,2025-10-29T12:05:32.086519+00:00,746,University_of_Santo_Tomas_20251208181114_746,1,4.54
Riverside FC,2264.288,383.344,16.93,43.91,88,70,8,18,56,10,5.0,2,0,8,6,2,79.36,0.0,2,0,3,1,2,0,5.0,10,7,70.0,4,7,8.0,2.0,25.0,2.0,0,23,11,47.83,4,19,0.0,2.0,6,0,0,5.22,4.42,5.3,4.13,7.64,5.1,0.456,2025-09-20T03:39:52.086519+00:00,1000,Riverside_FC_20251208181114_1000,1,5.1
Valley Rovers,2174.218,569.21,26.18,39.65,135,104,13,31,102,15,2.0,4,2,5,6,11,76.72,0.0,1,1,5,2,3,0,4.0,7,3,42.86,0,4,10.0,0.0,0.0,1.0,0,23,14,60.87,7,16,0.0,2.0,11,1,0,5.89,4.44,5.63,4.06,7.16,5.3,0.478,2025-11-29T15:06:07.086519+00:00,63,Valley_Rovers_20251208181114_63,1,5.3
Northbridge FC,3497.068,803.277,22.97,64.65,111,84,8,27,90,13,2.0,4,3,0,0,0,75.32,0.0,2,1,7,3,4,0,7.0,15,13,86.67,1,2,3.0,0.0,0.0,2.0,1,36,17,47.22,10,26,2.0,2.0,5,0,0,5.64,5.08,4.23,4.0,7.37,5.14,0.46,2025-09-23T05:30:59.086519+00:00,619,Northbridge_FC_20251208181114_619,1,5.14
Lyceum,3170.193,370.279,11.68,60.1,81,68,3,13,65,10,6.0,3,2,0,0,4,84.21,0.0,1,0,5,1,4,0,4.0,18,8,44.44,11,7,6.0,1.0,16.67,3.0,1,16,6,37.5,4,12,0.0,1.0,5,0,0,4.69,5.77,4.92,5.01,6.95,5.31,0.479,2025-06-04T14:48:16.086519+00:00,579,Lyceum_20251208181114_579,1,5.31
Adamson University,1310.126,276.961,21.14,24.42,70,50,9,20,42,11,4.0,0,1,4,8,1,71.58,0.0,1,0,2,1,1,0,2.0,3,2,66.67,8,11,10.0,1.0,10.0,3.0,0,6,3,50.0,4,2,0.0,1.0,8,1,0,4.26,4.41,4.92,3.73,6.17,4.55,0.394,2025-05-31T09:19:20.086519+00:00,245,Adamson_University_20251208181114_245,1,4.55
2 Worlds FC,2880.209,510.373,17.72,51.44,121,90,15,31,83,25,5.0,0,2,4,2,0,73.98,0.0,3,0,4,1,3,0,3.0,12,6,50.0,6,5,6.0,1.0,16.67,0.0,1,33,15,45.45,10,23,0.0,2.0,8,0,0,4.76,4.65,5.48,4.52,7.47,5.11,0.457,2025-06-22T07:23:31.086519+00:00,149,2_Worlds_FC_20251208181114_149,1,5.11
Highland Wanderers,3176.24,821.058,25.85,57.42,171,130,9,41,114,20,0.0,1,5,9,22,3,75.96,0.0,2,0,6,2,4,1,9.0,4,2,50.0,6,6,7.0,1.0,14.29,1.0,1,34,20,58.82,10,24,0.0,0.0,6,0,0,5.52,3.95,4.41,4.22,5.99,4.72,0.413,2025-03-15T01:24:07.087519+00:00,847,Highland_Wanderers_20251208181114_847,1,4.72
Coastal Town,3111.815,479.531,15.41,60.33,139,90,12,49,100,21,10.0,6,4,0,0,11,64.63,1.0,3,1,8,2,6,1,8.0,6,5,83.33,5,3,5.0,1.0,20.0,0.0,1,17,14,82.35,4,13,2.0,1.0,3,0,0,4.84,3.66,5.68,3.22,7.59,4.73,0.414,2025-09-30T13:22:12.087519+00:00,339,Coastal_Town_20251208181114_339,1,4.73
National University,4227.464,293.809,6.95,76.95,234,156,30,78,149,21,26.0,0,5,15,17,16,66.63,1.0,4,1,9,4,5,1,12.0,14,6,42.86,1,2,4.0,1.0,25.0,1.0,1,36,19,52.78,7,29,2.0,3.0,3,0,0,6.25,5.08,4.63,2.94,6.9,5.2,0.467,2025-07-09T05:33:50.087519+00:00,889,National_University_20251208181114_889,1,5.2
Brookside United,2870.417,322.061,11.22,54.17,115,87,10,28,86,15,6.0,4,2,1,1,4,75.72,0.0,4,1,4,1,3,0,4.0,6,3,50.0,5,8,5.0,1.0,20.0,0.0,0,16,6,37.5,3,13,2.0,1.0,6,1,0,5.38,4.17,5.04,4.45,6.07,4.91,0.434,2025-09-14T10:33:21.087519+00:00,883,Brookside_United_20251208181114_883,1,4.91
University of Santo Tomas,4240.341,826.018,19.48,75.99,75,53,6,22,56,11,6.0,1,1,0,0,2,71.33,0.0,2,1,7,3,4,0,8.0,21,10,47.62,3,3,7.0,1.0,14.29,1.0,0,24,12,50.0,10,14,1.0,0.0,3,0,0,5.46,5.69,5.54,5.45,7.7,5.76,0.529,2025-04-20T23:59:37.087519+00:00,940,University_of_Santo_Tomas_20251208181114_940,1,5.76
Ateneo de Manila University,3404.745,680.609,19.99,66.33,180,111,18,69,112,25,12.0,1,4,11,15,11,61.77,0.0,4,1,9,3,6,1,9.0,8,4,50.0,7,2,7.0,2.0,28.57,0.0,2,53,15,28.3,11,42,0.0,3.0,5,0,0,5.08,4.12,4.82,4.28,6.88,4.83,0.426,2025-01-12T01:25:51.087519+00:00,58,Ateneo_de_Manila_University_20251208181114_58,1,4.83
National University,1601.595,413.051,25.79,28.94,71,49,6,22,54,8,2.0,0,1,2,4,6,69.23,0.0,1,0,3,1,2,0,3.0,5,3,60.0,7,4,14.0,4.0,28.57,1.0,1,4,2,50.0,2,2,0.0,2.0,11,1,0,4.7,4.74,4.51,3.67,6.9,4.75,0.417,2025-11-24T13:54:56.087519+00:00,541,National_University_20251208181114_541,1,4.75
National University,2394.622,119.731,5.0,42.91,92,75,6,17,70,11,8.0,2,1,0,0,3,81.76,0.0,2,0,5,1,4,0,7.0,12,8,66.67,12,2,8.0,0.0,0.0,2.0,0,7,4,57.14,0,7,1.0,1.0,4,1,0,4.73,4.46,3.58,4.57,6.46,4.58,0.398,2025-01-10T09:26:58.087519+00:00,739,National_University_20251208181114_739,1,4.58
Metro FC,1563.403,221.691,14.18,29.75,74,52,10,22,59,5,7.0,1,0,0,1,5,70.55,0.0,0,0,4,2,2,0,4.0,1,1,100.0,16,9,12.0,3.0,25.0,1.0,0,24,7,29.17,6,18,0.0,1.0,9,3,0,4.0,4.81,4.55,3.8,4.94,4.4,0.378,2025-03-03T13:02:08.087519+00:00,138,Metro_FC_20251208181114_138,1,4.4
Lyceum,3205.53,670.597,20.92,64.05,124,88,7,36,83,23,5.0,4,1,4,4,10,71.26,0.0,3,1,5,3,2,0,4.0,16,11,68.75,8,7,7.0,1.0,14.29,0.0,0,27,14,51.85,11,16,0.0,1.0,4,0,0,4.44,5.77,4.49,5.26,7.64,5.26,0.473,2025-10-25T14:02:32.088519+00:00,974,Lyceum_20251208181114_974,1,5.26
Adamson University,2034.411,712.451,35.02,36.32,104,72,8,32,71,14,7.0,6,1,2,4,12,69.38,0.0,2,1,6,2,4,0,7.0,12,8,66.67,10,7,9.0,2.0,22.22,0.0,1,17,9,52.94,4,13,0.0,1.0,9,1,0,5.43,5.75,4.31,4.64,6.04,5.25,0.472,2025-11-19T23:30:17.088519+00:00,820,Adamson_University_20251208181114_820,1,5.25
Far Eastern University,1230.175,251.94,20.48,22.77,49,26,8,23,32,6,4.0,2,2,1,1,2,52.38,0.0,1,0,2,1,1,0,2.0,1,1,100.0,10,12,15.0,3.0,20.0,1.0,2,14,9,64.29,4,10,0.0,1.0,6,1,0,4.14,5.21,4.38,4.17,6.88,4.77,0.419,2025-05-22T05:37:42.088519+00:00,72,Far_Eastern_University_20251208181114_72,1,4.77
Ateneo de Manila University,2437.72,255.473,10.48,44.69,153,114,7,39,104,15,13.0,6,3,5,7,16,74.75,0.0,3,0,4,2,2,0,4.0,9,3,33.33,1,7,11.0,2.0,18.18,2.0,0,13,4,30.77,4,9,1.0,1.0,3,0,0,5.12,4.63,4.48,3.66,6.95,4.83,0.426,2025-08-04T10:14:35.088519+00:00,847,Ateneo_de_Manila_University_20251208181114_847,1,4.83
Lakeside Athletic,386.989,101.546,26.24,7.76,20,15,2,5,14,3,1.0,1,0,0,0,2,74.01,0.0,0,0,1,0,1,0,1.0,3,2,66.67,5,4,6.0,1.0,16.67,3.0,0,2,1,50.0,2,0,0.0,0.0,7,1,0,2.9,5.34,4.16,4.22,6.2,4.35,0.372,2025-10-10T21:12:43.088519+00:00,61,Lakeside_Athletic_20251208181114_61,1,4.35
Riverside FC,2979.13,557.991,18.73,57.63,131,85,19,46,93,22,5.0,3,2,2,3,18,64.69,1.0,5,1,5,2,3,0,4.0,1,1,100.0,6,6,1.0,0.0,0.0,2.0,1,16,7,43.75,5,11,0.0,3.0,2,0,0,5.24,5.11,5.18,3.96,7.2,5.21,0.468,2025-10-29T04:43:15.088519+00:00,801,Riverside_FC_20251208181114_801,1,5.21
Lakeside Athletic,1963.813,295.357,15.04,36.91,54,41,4,13,30,9,4.0,2,1,5,3,2,76.0,0.0,1,0,4,1,3,0,5.0,5,3,60.0,12,6,4.0,1.0,25.0,2.0,2,18,5,27.78,5,13,1.0,3.0,6,1,0,5.79,4.7,4.21,5.13,6.36,5.13,0.459,2025-06-10T03:14:59.088519+00:00,183,Lakeside_Athletic_20251208181114_183,1,5.13
Riverside FC,5062.021,972.92,19.22,91.71,389,259,41,130,263,40,17.0,12,9,29,20,37,66.48,2.0,9,1,12,5,7,1,14.0,19,9,47.37,0,2,2.0,0.0,0.0,1.0,3,41,21,51.22,12,29,1.0,1.0,0,1,0,5.61,4.05,5.28,4.67,6.35,5.05,0.45,2025-11-29T09:25:45.088519+00:00,30,Riverside_FC_20251208181114_30,1,5.05
Mapúa University,4113.082,737.476,17.93,77.46,266,191,14,75,152,33,14.0,7,4,17,40,22,71.86,1.0,6,1,9,2,7,0,11.0,7,4,57.14,4,3,4.0,1.0,25.0,0.0,0,14,8,57.14,4,10,1.0,3.0,2,2,0,5.04,4.44,5.14,4.43,5.59,4.86,0.429,2025-07-05T01:24:16.089519+00:00,836,Mapúa_University_20251208181114_836,1,4.86
Northbridge FC,2715.663,201.231,7.41,52.48,145,94,15,51,109,21,9.0,6,4,0,0,11,64.5,0.0,1,0,5,2,3,0,3.0,14,10,71.43,6,9,0.0,0.0,0.0,1.0,1,4,2,50.0,0,4,0.0,2.0,3,0,0,4.33,5.58,3.95,3.55,7.04,4.77,0.419,2025-03-06T10:49:59.089519+00:00,679,Northbridge_FC_20251208181114_679,1,4.77
Adamson University,1243.48,127.83,10.28,24.49,47,34,5,13,35,0,3.0,2,1,3,2,3,71.43,0.0,0,0,2,1,1,0,2.0,0,0,19.07,25,5,8.0,1.0,12.5,2.0,0,9,4,44.44,1,8,1.0,0.0,7,2,0,4.09,5.87,4.14,4.5,5.46,4.79,0.421,2025-02-16T01:31:52.089519+00:00,495,Adamson_University_20251208181114_495,1,4.79
City United,2471.272,427.777,17.31,47.85,99,72,7,27,67,11,1.0,1,2,7,10,5,72.72,0.0,3,0,6,2,4,1,4.0,8,3,37.5,5,3,5.0,1.0,20.0,3.0,2,16,6,37.5,9,7,1.0,1.0,2,0,0,4.46,4.31,4.39,4.75,7.26,4.72,0.413,2025-06-07T10:47:12.089519+00:00,820,City_United_20251208181114_820,1,4.72
Highland Wanderers,2996.833,273.311,9.12,57.61,163,154,1,9,115,10,11.0,6,3,4,14,21,94.45,0.0,3,0,3,1,2,0,3.0,17,11,64.71,6,2,5.0,0.0,0.0,1.0,0,25,14,56.0,1,24,0.0,0.0,6,0,0,4.55,4.87,5.56,3.53,7.11,4.95,0.439,2025-05-13T11:46:46.089519+00:00,221,Highland_Wanderers_20251208181114_221,1,4.95
Brookside United,1599.003,408.066,25.52,30.79,47,35,2,12,31,5,4.0,2,1,2,3,5,75.23,0.0,0,0,2,1,1,0,2.0,5,2,40.0,18,7,8.0,1.0,12.5,1.0,0,15,8,53.33,4,11,0.0,1.0,5,1,0,3.98,6.0,4.48,4.05,6.3,4.89,0.432,2025-04-16T08:47:50.089519+00:00,420,Brookside_United_20251208181114_420,1,4.89
Ateneo de Manila University,2032.172,453.174,22.3,38.72,89,67,7,22,61,14,4.0,3,1,3,2,2,75.11,0.0,2,0,3,1,2,0,3.0,5,3,60.0,12,8,10.0,3.0,30.0,2.0,1,11,7,63.64,2,9,0.0,1.0,9,0,0,4.75,4.9,5.07,3.97,7.23,4.99,0.443,2025-04-11T16:15:01.089519+00:00,751,Ateneo_de_Manila_University_20251208181114_751,1,4.99
San Beda University,3144.578,443.7,14.11,58.05,179,145,14,34,152,24,16.0,5,5,0,0,11,81.0,0.0,5,0,4,1,3,0,2.0,15,10,66.67,3,6,6.0,1.0,16.67,1.0,0,4,3,75.0,0,4,0.0,0.0,5,0,0,4.34,5.47,4.75,3.83,6.87,4.92,0.436,2024-12-20T12:56:30.089519+00:00,557,San_Beda_University_20251208181114_557,1,4.92
University of the Philippines,1448.06,271.077,18.72,26.42,47,33,3,14,32,6,3.0,2,1,1,2,9,70.52,0.0,1,0,2,1,1,0,2.0,3,2,66.67,0,9,0.0,0.0,0.0,0.0,0,9,4,44.44,3,6,1.0,1.0,7,0,0,3.96,5.45,4.7,4.32,7.55,4.93,0.437,2025-05-20T02:18:59.090520+00:00,377,University_of_the_Philippines_20251208181114_377,1,4.93
Riverside FC,2798.229,385.876,13.79,50.34,101,65,9,36,69,10,4.0,3,3,6,5,10,64.41,0.0,1,0,3,1,2,0,4.0,13,6,46.15,13,4,8.0,1.0,12.5,2.0,1,14,7,50.0,3,11,0.0,0.0,4,0,1,5.22,4.97,3.99,4.19,4.88,4.73,0.414,2025-06-06T02:19:55.090520+00:00,898,Riverside_FC_20251208181114_898,1,4.73
City United,2766.116,528.052,19.09,52.33,140,97,14,43,99,16,13.0,7,2,1,2,9,69.64,0.0,2,0,3,1,2,0,3.0,9,4,44.44,4,5,9.0,4.0,44.44,0.0,0,7,4,57.14,2,5,0.0,1.0,4,0,0,4.82,5.05,5.7,4.46,7.59,5.29,0.477,2025-02-25T21:23:50.090520+00:00,204,City_United_20251208181114_204,1,5.29
Adamson University,2160.964,299.294,13.85,40.99,118,94,9,24,81,23,7.0,4,1,1,1,10,79.95,0.0,4,0,3,1,2,0,3.0,13,8,61.54,2,0,13.0,3.0,23.08,0.0,0,22,11,50.0,2,20,0.0,3.0,8,2,0,4.08,4.64,5.0,3.88,5.97,4.58,0.398,2025-10-24T22:02:55.090520+00:00,681,Adamson_University_20251208181114_681,1,4.58
Adamson University,1056.293,148.937,14.1,19.39,37,29,1,8,29,4,2.0,2,1,0,0,6,77.49,0.0,1,0,2,1,1,0,2.0,2,1,50.0,9,5,15.0,0.0,0.0,3.0,0,16,7,43.75,6,10,0.0,0.0,14,2,0,3.42,4.72,5.05,4.17,5.48,4.42,0.38,2025-06-22T06:53:17.090520+00:00,454,Adamson_University_20251208181114_454,1,4.42
Riverside FC,2446.195,122.31,5.0,47.44,125,92,9,33,86,11,8.0,3,4,6,6,9,73.85,0.0,3,1,5,2,3,0,3.0,4,2,50.0,11,6,2.0,0.0,0.0,0.0,0,33,18,54.55,8,25,1.0,0.0,4,0,0,5.99,4.33,4.68,4.49,7.37,5.19,0.466,2025-07-01T06:41:41.090520+00:00,637,Riverside_FC_20251208181114_637,1,5.19
San Beda University,2775.832,410.268,14.78,53.51,123,99,9,24,82,14,8.0,3,3,7,6,6,80.23,0.0,2,1,5,2,3,0,6.0,4,2,50.0,8,7,8.0,1.0,12.5,2.0,0,14,7,50.0,1,13,1.0,0.0,4,0,0,5.13,5.06,4.75,4.08,6.84,5.06,0.451,2025-02-06T10:45:35.090520+00:00,785,San_Beda_University_20251208181114_785,1,5.06
University of Santo Tomas,4382.771,1167.57,26.64,79.55,171,136,15,35,99,27,8.0,0,4,18,15,18,79.32,0.0,3,1,8,2,6,0,12.0,19,13,68.42,1,2,3.0,1.0,33.33,0.0,1,49,22,44.9,7,42,1.0,3.0,3,0,0,5.37,3.81,4.67,5.51,7.1,4.99,0.443,2025-10-02T16:59:32.090520+00:00,770,University_of_Santo_Tomas_20251208181114_770,1,4.99
National University,3419.941,702.456,20.54,60.92,150,113,16,37,98,26,10.0,5,0,5,4,14,75.12,1.0,4,0,4,2,2,0,3.0,11,7,63.64,4,6,5.0,0.0,0.0,0.0,2,33,18,54.55,17,16,0.0,0.0,1,1,0,3.87,5.05,4.31,4.26,6.06,4.56,0.396,2025-10-13T21:24:29.091519+00:00,939,National_University_20251208181114_939,1,4.56
Metro FC,2189.279,535.498,24.46,41.13,90,66,9,24,65,12,6.0,3,3,0,1,7,73.51,0.0,1,1,5,2,3,0,4.0,8,6,75.0,11,8,6.0,1.0,16.67,0.0,2,13,8,61.54,3,10,0.0,0.0,8,2,0,4.21,5.06,4.74,4.49,5.06,4.68,0.409,2025-04-19T08:38:17.091519+00:00,881,Metro_FC_20251208181114_881,1,4.68
2 Worlds FC,1716.496,372.308,21.69,31.72,40,33,3,7,26,7,2.0,1,1,2,2,5,81.61,0.0,1,1,4,1,3,0,5.0,4,2,50.0,9,10,8.0,2.0,25.0,0.0,1,15,8,53.33,3,12,2.0,3.0,4,1,0,4.8,4.44,3.55,5.27,6.86,4.72,0.413,2024-12-22T04:04:55.091519+00:00,408,2_Worlds_FC_20251208181114_408,1,4.72
Far Eastern University,3640.884,758.76,20.84,66.31,159,114,25,45,100,20,4.0,1,4,12,18,20,71.9,0.0,4,1,5,1,4,0,6.0,16,10,62.5,7,1,5.0,1.0,20.0,1.0,2,36,17,47.22,8,28,0.0,1.0,4,0,0,5.6,5.15,4.77,3.19,7.11,5.12,0.458,2025-03-15T19:38:21.091519+00:00,624,Far_Eastern_University_20251208181114_624,1,5.12
Lyceum,2242.764,439.582,19.6,44.11,90,63,10,27,61,13,1.0,1,2,5,7,7,69.5,0.0,2,1,4,1,3,0,4.0,7,4,57.14,8,4,1.0,0.0,0.0,2.0,2,8,4,50.0,2,6,1.0,0.0,5,0,0,5.35,5.14,3.94,3.2,7.12,4.89,0.432,2025-08-29T19:03:41.091519+00:00,615,Lyceum_20251208181114_615,1,4.89
Lakeside Athletic,4317.199,459.782,10.65,78.37,157,90,22,67,101,19,7.0,9,6,7,8,15,57.4,0.0,5,1,6,2,4,0,4.0,5,3,60.0,4,3,3.0,0.0,0.0,0.0,0,35,21,60.0,4,31,0.0,1.0,4,0,0,5.54,3.9,4.28,4.52,7.13,4.84,0.427,2025-03-30T19:22:42.091519+00:00,897,Lakeside_Athletic_20251208181114_897,1,4.84
Far Eastern University,1986.603,571.744,28.78,39.33,91,69,6,22,70,13,2.0,2,2,1,1,10,75.51,0.0,2,0,3,1,2,0,4.0,4,2,50.0,8,7,13.0,4.0,30.77,0.0,0,7,5,71.43,3,4,1.0,1.0,7,2,0,4.49,4.62,4.2,4.42,5.14,4.52,0.391,2025-09-30T03:45:53.091519+00:00,323,Far_Eastern_University_20251208181114_323,1,4.52
Far Eastern University,3497.698,1088.484,31.12,64.85,155,136,8,19,83,18,21.0,5,5,13,9,20,87.78,0.0,2,1,8,2,6,0,11.0,25,15,60.0,8,2,3.0,1.0,33.33,0.0,1,26,16,61.54,4,22,0.0,1.0,1,0,0,5.51,4.17,5.13,3.97,7.52,5.04,0.449,2025-02-03T20:21:17.091519+00:00,98,Far_Eastern_University_20251208181114_98,1,5.04
Coastal Town,2431.93,225.197,9.26,46.78,82,55,9,27,64,12,0.0,2,1,2,2,17,66.54,0.0,1,1,6,2,4,0,3.0,8,5,62.5,12,3,17.0,4.0,23.53,1.0,2,35,15,42.86,14,21,1.0,1.0,5,1,0,4.52,4.93,5.5,3.01,6.48,4.82,0.424,2025-04-15T06:54:48.092519+00:00,374,Coastal_Town_20251208181114_374,1,4.82
Lakeside Athletic,3359.239,578.125,17.21,61.79,172,114,25,58,122,0,20.0,5,2,18,5,14,66.01,1.0,5,1,7,2,5,1,7.0,9,3,33.33,2,5,3.0,1.0,33.33,0.0,0,26,11,42.31,7,19,2.0,1.0,3,1,0,5.44,2.92,3.67,3.73,6.5,4.25,0.361,2025-11-20T03:32:25.092519+00:00,483,Lakeside_Athletic_20251208181114_483,1,4.25
Metro FC,2650.709,467.32,17.63,51.52,116,102,4,14,84,17,9.0,3,1,1,1,8,88.16,0.0,2,1,5,2,3,0,8.0,9,5,55.56,5,6,6.0,1.0,16.67,1.0,0,14,7,50.0,6,8,0.0,0.0,7,2,0,5.01,5.7,5.41,3.97,5.33,5.17,0.463,2025-07-29T12:06:36.092519+00:00,676,Metro_FC_20251208181114_676,1,5.17
De La Salle University,1970.135,272.864,13.85,38.42,99,66,12,33,76,5,9.0,1,3,2,2,12,66.68,0.0,1,0,3,1,2,0,4.0,11,7,63.64,9,3,15.0,3.0,20.0,1.0,0,13,8,61.54,2,11,0.0,1.0,10,1,0,3.9,5.14,4.41,4.39,6.49,4.68,0.409,2025-01-30T14:19:06.092519+00:00,638,De_La_Salle_University_20251208181114_638,1,4.68
2 Worlds FC,2457.744,441.902,17.98,47.71,92,68,9,24,64,16,6.0,2,2,1,1,13,74.18,0.0,2,0,4,2,2,0,3.0,6,4,66.67,10,2,12.0,2.0,16.67,2.0,0,16,4,25.0,5,11,0.0,2.0,4,0,0,4.51,5.27,4.43,3.12,6.79,4.74,0.416,2025-08-16T11:52:20.092519+00:00,316,2_Worlds_FC_20251208181114_316,1,4.74
Ateneo de Manila University,2748.487,306.181,11.14,51.88,179,144,9,35,122,30,7.0,1,4,7,8,8,80.53,1.0,4,0,5,2,3,0,6.0,7,5,71.43,6,6,13.0,2.0,15.38,0.0,1,12,7,58.33,1,11,0.0,2.0,2,0,0,5.1,4.78,4.36,2.73,7.35,4.76,0.418,2025-03-27T04:24:23.092519+00:00,373,Ateneo_de_Manila_University_20251208181114_373,1,4.76
Coastal Town,3380.273,169.014,5.0,63.17,131,107,10,24,117,7,5.0,5,2,0,0,12,81.74,0.0,1,0,4,1,3,0,5.0,8,5,62.5,5,2,5.0,2.0,40.0,1.0,1,31,11,35.48,3,28,0.0,2.0,4,1,0,4.33,4.85,4.68,3.65,5.86,4.6,0.4,2025-12-05T21:49:45.092519+00:00,883,Coastal_Town_20251208181114_883,1,4.6
Mapúa University,2675.288,295.084,11.03,48.58,133,113,5,20,84,15,16.0,4,5,3,5,16,85.26,0.0,2,0,5,2,3,0,4.0,11,6,54.55,5,3,9.0,3.0,33.33,1.0,0,22,8,36.36,5,17,0.0,1.0,3,0,0,5.51,6.5,5.71,4.09,7.3,5.81,0.534,2025-10-17T16:31:00.092519+00:00,696,Mapúa_University_20251208181114_696,1,5.81
Far Eastern University,2204.513,482.347,21.88,41.49,74,55,4,19,53,11,3.0,3,0,2,2,13,73.76,0.0,2,0,4,2,2,0,3.0,3,2,66.67,12,9,9.0,1.0,11.11,1.0,0,14,8,57.14,5,9,0.0,1.0,6,0,0,4.37,5.55,5.0,4.03,7.53,5.09,0.454,2025-01-18T01:05:58.093519+00:00,418,Far_Eastern_University_20251208181114_418,1,5.09
Adamson University,1894.909,363.065,19.16,37.19,105,66,8,39,76,13,9.0,4,1,0,1,4,62.39,0.0,3,0,3,1,2,0,3.0,7,5,71.43,10,3,8.0,2.0,25.0,1.0,2,11,4,36.36,4,7,0.0,2.0,12,1,0,4.75,5.23,4.63,3.47,6.49,4.86,0.429,2025-01-11T20:46:11.093519+00:00,531,Adamson_University_20251208181114_531,1,4.86
Valley Rovers,2268.366,634.916,27.99,41.84,136,99,13,37,95,22,8.0,4,4,1,2,17,72.94,0.0,3,0,3,1,2,0,4.0,9,5,55.56,5,7,2.0,0.0,0.0,0.0,0,17,10,58.82,4,13,1.0,0.0,8,3,0,4.49,5.75,5.54,3.12,4.47,4.86,0.429,2025-03-20T16:05:04.093519+00:00,989,Valley_Rovers_20251208181114_989,1,4.86
Brookside United,1885.545,451.777,23.96,37.04,71,52,4,19,46,7,2.0,3,1,6,5,5,73.77,0.0,1,0,6,2,4,1,5.0,1,1,100.0,9,18,11.0,2.0,18.18,1.0,0,25,13,52.0,4,21,1.0,1.0,6,0,0,4.4,4.19,3.9,3.57,6.86,4.37,0.374,2025-01-24T03:32:37.093519+00:00,11,Brookside_United_20251208181114_11,1,4.37
Metro FC,3018.395,1067.908,35.38,54.87,159,113,10,46,118,14,10.0,5,3,6,4,11,71.27,1.0,5,0,3,1,2,0,3.0,15,7,46.67,5,5,9.0,2.0,22.22,2.0,2,35,18,51.43,10,25,2.0,1.0,5,0,0,4.36,5.07,5.82,4.09,7.28,5.11,0.457,2025-06-14T07:21:44.093519+00:00,201,Metro_FC_20251208181114_201,1,5.11
Valley Rovers,4589.879,904.665,19.71,84.57,187,135,9,52,139,10,4.0,3,3,13,16,9,71.93,1.0,3,1,12,6,6,0,12.0,11,5,45.45,2,4,1.0,0.0,0.0,0.0,3,45,19,42.22,6,39,1.0,1.0,2,0,0,5.16,4.74,5.13,3.36,7.16,4.98,0.442,2025-01-25T06:13:58.093519+00:00,295,Valley_Rovers_20251208181114_295,1,4.98
Lyceum,2376.495,245.254,10.32,47.2,104,79,5,25,71,9,2.0,2,3,9,7,8,75.55,0.0,1,1,6,3,3,1,9.0,0,0,40.43,11,4,1.0,0.0,0.0,3.0,1,32,18,56.25,10,22,0.0,0.0,7,0,0,5.78,4.72,5.11,3.79,7.09,5.2,0.467,2025-07-16T13:54:37.093519+00:00,269,Lyceum_20251208181114_269,1,5.2
Far Eastern University,2067.123,364.64,17.64,40.1,53,36,5,17,33,7,5.0,2,1,1,5,6,68.09,0.0,2,0,3,1,2,0,3.0,5,3,60.0,7,4,1.0,0.0,0.0,2.0,0,11,6,54.55,3,8,0.0,1.0,2,0,0,4.75,4.94,4.47,3.6,7.48,4.86,0.429,2025-06-07T11:00:08.093519+00:00,223,Far_Eastern_University_20251208181114_223,1,4.86
De La Salle University,3135.143,491.904,15.69,60.86,137,85,13,52,90,4,8.0,4,2,12,16,16,62.38,0.0,2,0,4,2,2,1,3.0,9,2,22.22,3,4,9.0,3.0,33.33,1.0,0,11,6,54.55,1,10,0.0,1.0,4,2,0,4.58,4.58,3.69,4.45,5.68,4.49,0.388,2025-04-10T14:57:16.094521+00:00,965,De_La_Salle_University_20251208181114_965,1,4.49
City United,2091.641,521.655,24.94,40.41,127,79,20,48,79,12,8.0,6,4,6,12,0,61.9,0.0,1,0,4,2,2,0,5.0,7,4,57.14,13,8,10.0,1.0,10.0,1.0,0,19,12,63.16,6,13,1.0,1.0,8,2,0,4.91,5.19,5.11,4.97,5.61,5.11,0.457,2024-12-31T09:35:15.094521+00:00,933,City_United_20251208181114_933,1,5.11
Highland Wanderers,2630.972,131.549,5.0,48.9,116,86,4,30,81,11,6.0,2,5,4,6,10,74.45,0.0,1,0,7,2,5,1,5.0,8,4,50.0,5,7,12.0,1.0,8.33,1.0,2,13,9,69.23,3,10,1.0,3.0,9,2,0,5.36,5.29,4.31,4.27,5.25,4.97,0.441,2025-10-21T22:10:29.094521+00:00,574,Highland_Wanderers_20251208181114_574,1,4.97
Coastal Town,2862.706,363.564,12.7,53.38,158,102,17,56,106,20,13.0,4,4,4,7,15,64.66,0.0,3,1,7,2,5,1,8.0,17,8,47.06,8,2,11.0,2.0,18.18,0.0,0,7,3,42.86,3,4,0.0,2.0,8,0,0,5.8,5.09,4.13,3.62,7.28,5.11,0.457,2025-01-12T13:13:16.094521+00:00,455,Coastal_Town_20251208181114_455,1,5.11
Mapúa University,1516.136,422.092,27.84,28.44,92,61,10,31,69,6,6.0,2,4,2,2,6,65.89,0.0,1,0,2,1,1,0,2.0,7,3,42.86,6,10,8.0,2.0,25.0,0.0,0,12,5,41.67,4,8,0.0,0.0,7,2,0,3.92,5.41,4.77,4.03,5.02,4.63,0.403,2025-07-27T18:55:00.094521+00:00,393,Mapúa_University_20251208181114_393,1,4.63
Mapúa University,2103.994,317.703,15.1,40.18,113,86,13,27,77,15,10.0,3,4,1,3,10,76.24,0.0,4,0,4,1,3,0,4.0,5,4,80.0,19,10,3.0,1.0,33.33,2.0,0,19,10,52.63,10,9,0.0,1.0,8,1,0,4.91,4.23,5.09,3.58,5.99,4.68,0.409,2024-12-10T10:43:49.094521+00:00,964,Mapúa_University_20251208181114_964,1,4.68
University of Santo Tomas,2654.906,229.649,8.65,50.23,98,84,4,14,65,12,7.0,0,3,4,6,3,85.24,0.0,2,1,6,3,3,0,6.0,5,3,60.0,4,6,4.0,1.0,25.0,1.0,0,17,7,41.18,3,14,0.0,2.0,6,0,0,6.86,5.2,6.06,4.7,7.22,5.97,0.552,2025-06-04T13:41:27.094521+00:00,875,University_of_Santo_Tomas_20251208181114_875,1,5.97
National University,2516.826,464.354,18.45,46.14,122,110,4,12,94,19,4.0,4,5,0,0,23,89.99,1.0,4,1,5,1,4,0,5.0,4,2,50.0,6,5,8.0,2.0,25.0,3.0,0,21,11,52.38,3,18,0.0,2.0,0,1,0,4.95,5.67,4.63,3.5,6.8,5.07,0.452,2025-10-12T17:54:23.094521+00:00,42,National_University_20251208181114_42,1,5.07
San Beda University,3670.516,1068.487,29.11,65.66,157,121,11,36,98,17,9.0,3,2,18,10,10,76.87,0.0,0,0,4,2,2,0,5.0,23,15,65.22,7,3,0.0,0.0,0.0,1.0,2,17,8,47.06,8,9,1.0,0.0,5,1,0,4.2,4.55,5.47,4.0,6.62,4.77,0.419,2025-09-09T03:46:17.094521+00:00,911,San_Beda_University_20251208181114_911,1,4.77
Mapúa University,2578.923,148.03,5.74,47.98,77,61,2,16,51,8,5.0,2,2,1,6,5,79.35,0.0,1,1,6,2,4,1,6.0,12,7,58.33,7,7,6.0,1.0,16.67,1.0,1,18,11,61.11,0,18,1.0,2.0,5,1,0,5.01,5.12,4.49,4.02,6.71,4.97,0.441,2025-11-07T14:08:04.095519+00:00,423,Mapúa_University_20251208181114_423,1,4.97
University of Santo Tomas,2478.243,520.431,21.0,45.69,123,81,7,42,76,15,10.0,7,1,6,7,8,65.48,0.0,1,0,3,1,2,0,4.0,14,8,57.14,14,4,8.0,1.0,12.5,0.0,0,27,11,40.74,8,19,0.0,0.0,4,0,0,3.96,4.86,4.88,3.4,7.2,4.64,0.404,2024-12-08T08:48:17.095519+00:00,350,University_of_Santo_Tomas_20251208181114_350,1,4.64
Lyceum,1730.704,435.964,25.19,31.54,78,59,8,19,53,11,4.0,1,2,3,4,10,75.1,0.0,1,0,4,1,3,0,2.0,5,3,60.0,13,6,16.0,4.0,25.0,1.0,2,24,10,41.67,4,20,0.0,0.0,10,2,0,4.57,6.32,4.65,4.15,5.7,5.13,0.459,2025-12-06T20:47:32.095519+00:00,45,Lyceum_20251208181114_45,1,5.13
De La Salle University,1721.613,110.7,6.43,33.44,74,49,12,25,54,11,5.0,3,2,0,0,3,66.43,0.0,1,0,2,1,1,0,1.0,8,3,37.5,12,0,10.0,3.0,30.0,2.0,1,12,3,25.0,3,9,0.0,0.0,7,0,0,4.85,4.02,4.57,5.14,7.16,4.83,0.426,2025-09-23T16:50:35.095519+00:00,604,De_La_Salle_University_20251208181114_604,1,4.83
City United,3295.051,185.841,5.64,58.87,142,92,15,50,116,12,14.0,3,4,0,0,13,64.6,0.0,3,0,7,2,5,0,7.0,6,3,50.0,6,5,8.0,2.0,25.0,1.0,2,22,9,40.91,4,18,2.0,2.0,2,0,0,4.75,4.26,5.21,4.69,6.64,4.89,0.432,2025-09-09T05:25:12.095519+00:00,887,City_United_20251208181114_887,1,4.89
Far Eastern University,1769.448,391.048,22.1,35.45,75,49,10,26,42,5,6.0,3,3,8,8,7,65.86,0.0,2,0,3,1,2,0,4.0,6,3,50.0,13,11,15.0,3.0,20.0,0.0,1,10,6,60.0,3,7,0.0,0.0,2,1,0,4.48,5.67,4.81,3.19,6.85,4.94,0.438,2025-02-10T11:00:58.095519+00:00,792,Far_Eastern_University_20251208181114_792,1,4.94
Lyceum,2006.99,474.653,23.65,37.6,100,65,10,35,67,11,4.0,2,1,10,5,9,65.27,0.0,3,0,3,1,2,0,2.0,6,3,50.0,0,7,12.0,3.0,25.0,1.0,0,21,10,47.62,7,14,0.0,1.0,8,1,0,4.69,5.04,4.23,4.1,6.05,4.75,0.417,2025-09-03T04:19:57.095519+00:00,764,Lyceum_20251208181114_764,1,4.75
Northbridge FC,2018.221,237.948,11.79,36.55,69,60,3,9,53,8,6.0,3,2,0,0,2,86.55,0.0,1,0,2,1,1,0,3.0,5,3,60.0,7,6,8.0,2.0,25.0,2.0,0,10,4,40.0,3,7,0.0,0.0,6,1,0,3.54,4.38,5.31,2.94,5.79,4.27,0.363,2025-01-14T14:03:02.095519+00:00,719,Northbridge_FC_20251208181114_719,1,4.27
Adamson University,3395.211,993.439,29.26,63.17,177,144,12,33,132,20,8.0,8,3,2,3,10,81.34,0.0,2,1,7,4,3,1,5.0,13,7,53.85,7,7,4.0,1.0,25.0,0.0,3,8,4,50.0,1,7,0.0,3.0,4,0,0,5.29,5.19,5.09,3.74,6.64,5.14,0.46,2025-08-13T08:07:53.096519+00:00,983,Adamson_University_20251208181114_983,1,5.14
Metro FC,3060.598,886.655,28.97,55.05,139,113,7,26,89,16,15.0,4,2,8,4,14,81.65,0.0,3,0,4,1,3,0,5.0,13,7,53.85,5,6,12.0,3.0,25.0,2.0,0,21,11,52.38,3,18,0.0,1.0,3,0,0,3.47,5.91,5.26,3.67,7.35,4.93,0.437,2025-12-02T13:04:22.096519+00:00,393,Metro_FC_20251208181114_393,1,4.93
Valley Rovers,3713.963,625.803,16.85,66.74,168,126,17,42,118,14,15.0,7,5,4,4,9,74.71,0.0,3,0,5,2,3,0,5.0,9,4,44.44,5,5,2.0,0.0,0.0,1.0,1,18,7,38.89,5,13,0.0,0.0,1,0,0,5.14,5.16,5.35,3.98,7.53,5.26,0.473,2025-10-14T01:47:43.096519+00:00,349,Valley_Rovers_20251208181114_349,1,5.26
Lyceum,3336.22,1077.933,32.31,66.78,146,93,15,53,90,3,14.0,2,3,11,25,16,63.67,0.0,3,0,6,2,4,0,5.0,0,0,38.1,4,5,4.0,1.0,25.0,2.0,0,6,3,50.0,2,4,1.0,1.0,0,0,0,4.16,4.28,5.34,3.86,7.52,4.72,0.413,2025-03-05T09:03:34.096519+00:00,912,Lyceum_20251208181114_912,1,4.72
San Beda University,2294.884,654.73,28.53,45.45,82,63,7,19,55,13,4.0,3,2,2,3,6,77.37,0.0,2,0,4,2,2,0,5.0,4,3,75.0,9,2,4.0,1.0,25.0,0.0,0,5,2,40.0,2,3,0.0,0.0,8,2,0,5.06,4.23,5.06,4.03,5.68,4.75,0.417,2025-01-10T05:52:47.096519+00:00,745,San_Beda_University_20251208181114_745,1,4.75
University of Santo Tomas,2112.553,598.064,28.31,42.41,87,57,12,30,65,8,9.0,3,2,0,0,6,66.04,0.0,1,1,5,2,3,0,4.0,1,1,100.0,15,6,10.0,2.0,20.0,2.0,1,3,1,33.33,0,3,0.0,2.0,5,0,0,5.32,5.3,3.82,4.55,7.41,5.12,0.458,2025-09-14T01:27:37.096519+00:00,813,University_of_Santo_Tomas_20251208181114_813,1,5.12
Highland Wanderers,3538.893,1147.309,32.42,67.48,166,107,18,59,113,26,19.0,2,6,0,0,9,64.58,0.0,3,1,8,3,5,0,8.0,14,8,57.14,9,3,3.0,1.0,33.33,0.0,1,25,13,52.0,0,25,0.0,3.0,2,0,0,4.74,5.65,4.01,3.4,7.33,4.92,0.436,2024-12-13T03:05:32.096519+00:00,667,Highland_Wanderers_20251208181114_667,1,4.92
Far Eastern University,3179.805,692.562,21.78,63.91,145,116,9,29,117,22,9.0,6,1,0,0,15,79.75,0.0,3,0,3,1,2,0,3.0,16,10,62.5,4,2,10.0,1.0,10.0,1.0,0,29,16,55.17,10,19,1.0,0.0,4,2,0,5.77,4.95,5.04,3.77,5.13,5.05,0.45,2025-09-27T13:03:57.096519+00:00,788,Far_Eastern_University_20251208181114_788,1,5.05
National University,2471.911,578.18,23.39,48.9,66,51,8,15,46,12,0.0,3,1,2,1,4,76.73,0.0,2,0,2,1,1,0,2.0,4,2,50.0,18,4,12.0,2.0,16.67,0.0,0,32,22,68.75,5,27,0.0,0.0,4,1,0,3.4,5.48,5.18,4.75,6.32,4.82,0.424,2025-10-16T17:35:58.097523+00:00,268,National_University_20251208181114_268,1,4.82
Highland Wanderers,851.491,245.655,28.85,17.02,28,20,4,8,20,2,2.0,2,1,1,1,1,72.3,0.0,1,0,3,1,2,0,3.0,2,1,50.0,12,7,14.0,3.0,21.43,0.0,1,8,3,37.5,2,6,0.0,0.0,8,0,0,3.09,5.82,4.38,4.16,7.52,4.71,0.412,2025-01-13T06:51:00.097523+00:00,516,Highland_Wanderers_20251208181114_516,1,4.71
Coastal Town,2316.106,455.578,19.67,45.36,135,98,14,37,100,18,9.0,8,3,0,0,11,72.77,1.0,3,0,5,2,3,0,6.0,10,7,70.0,13,4,3.0,0.0,0.0,2.0,1,12,5,41.67,3,9,0.0,0.0,5,1,0,4.46,5.21,4.17,4.34,6.04,4.75,0.417,2025-05-06T00:51:08.097523+00:00,262,Coastal_Town_20251208181114_262,1,4.75
Lakeside Athletic,2354.969,467.226,19.84,44.5,97,69,8,28,70,7,13.0,5,2,0,0,6,70.88,0.0,3,0,5,1,4,0,5.0,0,0,30.53,2,7,5.0,1.0,20.0,2.0,0,29,14,48.28,9,20,0.0,2.0,7,1,0,4.24,5.14,4.41,4.4,6.89,4.81,0.423,2025-03-06T18:58:28.097523+00:00,940,Lakeside_Athletic_20251208181114_940,1,4.81
2 Worlds FC,1807.147,153.607,8.5,36.22,88,66,3,22,53,7,3.0,2,1,8,14,11,75.4,0.0,1,0,3,1,2,0,3.0,4,3,75.0,7,5,7.0,1.0,14.29,1.0,0,17,8,47.06,5,12,0.0,1.0,7,0,0,4.12,4.64,4.17,3.4,6.14,4.38,0.376,2025-02-11T12:11:21.097523+00:00,245,2_Worlds_FC_20251208181114_245,1,4.38
Far Eastern University,2350.93,717.974,30.54,41.99,134,99,10,35,83,21,13.0,4,3,4,5,6,74.16,0.0,3,0,3,1,2,0,4.0,0,0,92.3,14,7,6.0,2.0,33.33,0.0,0,24,13,54.17,6,18,0.0,3.0,7,1,0,4.04,5.03,4.66,4.2,6.73,4.73,0.414,2025-12-01T09:46:46.097523+00:00,999,Far_Eastern_University_20251208181114_999,1,4.73
National University,3030.492,599.734,19.79,58.51,87,57,8,30,57,11,2.0,4,3,3,6,2,65.17,0.0,0,0,4,1,3,0,4.0,6,4,66.67,5,6,8.0,1.0,12.5,0.0,0,29,17,58.62,5,24,0.0,3.0,5,2,0,5.38,5.09,4.93,4.27,5.27,5.04,0.449,2025-09-30T09:10:39.097523+00:00,161,National_University_20251208181114_161,1,5.04
De La Salle University,2440.99,599.507,24.56,46.82,101,90,3,11,76,15,1.0,1,2,3,3,7,89.0,0.0,2,1,4,1,3,0,4.0,10,4,40.0,6,7,5.0,2.0,40.0,1.0,1,22,12,54.55,7,15,0.0,0.0,6,0,0,4.64,4.31,5.02,4.56,7.3,4.88,0.431,2025-10-04T11:45:36.097523+00:00,834,De_La_Salle_University_20251208181114_834,1,4.88
De La Salle University,2541.83,640.795,25.21,49.18,159,113,19,46,100,24,9.0,5,0,6,15,9,71.04,1.0,4,0,6,2,4,0,5.0,6,4,66.67,12,7,8.0,2.0,25.0,0.0,1,27,11,40.74,9,18,1.0,1.0,2,0,0,5.04,4.5,4.0,4.07,7.29,4.77,0.419,2025-09-01T13:19:28.098519+00:00,692,De_La_Salle_University_20251208181114_692,1,4.77
Adamson University,1669.583,247.265,14.81,30.34,50,44,2,6,40,5,1.0,0,1,1,1,2,87.7,0.0,1,0,3,1,2,0,4.0,7,3,42.86,12,1,14.0,2.0,14.29,1.0,0,12,5,41.67,6,6,0.0,1.0,6,0,0,4.59,5.65,4.6,4.17,7.84,5.16,0.462,2025-05-23T07:21:01.098519+00:00,356,Adamson_University_20251208181114_356,1,5.16
Highland Wanderers,1280.575,225.381,17.6,25.36,48,39,2,9,28,3,3.0,2,0,3,10,2,80.75,0.0,0,0,2,1,1,0,2.0,6,4,66.67,6,9,17.0,5.0,29.41,3.0,0,14,5,35.71,6,8,1.0,0.0,9,0,0,3.91,4.0,4.08,4.71,7.48,4.44,0.382,2025-08-27T13:39:32.098519+00:00,445,Highland_Wanderers_20251208181114_445,1,4.44
Metro FC,2751.825,531.102,19.3,54.97,110,87,9,23,90,12,5.0,6,0,0,0,9,79.51,0.0,3,0,7,2,5,1,9.0,9,6,66.67,6,11,5.0,2.0,40.0,2.0,0,29,13,44.83,8,21,0.0,2.0,8,2,0,5.0,5.79,4.12,4.88,5.39,5.07,0.452,2025-09-25T07:59:53.098519+00:00,793,Metro_FC_20251208181114_793,1,5.07
San Beda University,2381.533,591.573,24.84,46.64,97,77,6,20,65,8,8.0,4,2,7,4,9,79.6,0.0,2,0,4,2,2,0,4.0,9,5,55.56,8,10,14.0,4.0,28.57,2.0,2,10,4,40.0,2,8,1.0,2.0,0,2,0,4.53,4.91,5.27,3.64,5.64,4.77,0.419,2025-08-24T19:26:01.098519+00:00,166,San_Beda_University_20251208181114_166,1,4.77
Adamson University,2451.067,327.217,13.35,44.93,98,64,18,34,58,13,8.0,4,3,5,7,8,64.87,0.0,3,0,5,1,4,1,5.0,10,7,70.0,8,13,0.0,0.0,0.0,0.0,2,14,5,35.71,7,7,2.0,2.0,4,0,0,5.09,5.03,5.01,3.82,7.11,5.08,0.453,2025-02-21T05:01:51.098519+00:00,326,Adamson_University_20251208181114_326,1,5.08
Ateneo de Manila University,2632.576,586.011,22.26,49.01,112,82,6,30,65,15,8.0,2,2,14,5,5,73.58,1.0,4,0,6,3,3,0,2.0,4,2,50.0,3,2,10.0,2.0,20.0,1.0,1,14,5,35.71,7,7,0.0,2.0,7,1,0,4.34,3.99,4.14,3.8,6.77,4.37,0.374,2025-11-19T13:24:11.098519+00:00,488,Ateneo_de_Manila_University_20251208181114_488,1,4.37
National University,3174.326,661.847,20.85,59.11,118,89,13,29,79,3,10.0,5,2,8,11,10,75.01,0.0,2,0,6,3,3,0,8.0,25,15,60.0,6,3,6.0,1.0,16.67,0.0,0,32,9,28.12,7,25,0.0,2.0,1,3,0,4.86,4.96,4.69,4.5,5.0,4.82,0.424,2025-08-03T03:57:28.098519+00:00,215,National_University_20251208181114_215,1,4.82
Riverside FC,1793.515,215.939,12.04,34.78,64,53,3,11,45,12,6.0,2,2,0,0,6,82.87,0.0,1,0,4,1,3,0,2.0,9,4,44.44,13,11,6.0,1.0,16.67,2.0,1,24,7,29.17,6,18,0.0,1.0,8,0,0,3.97,4.54,4.5,3.93,6.4,4.47,0.386,2024-12-17T05:05:01.099534+00:00,637,Riverside_FC_20251208181114_637,1,4.47
Highland Wanderers,1654.229,350.862,21.21,29.6,93,70,5,23,68,7,1.0,0,2,8,8,5,75.66,0.0,1,0,3,1,2,0,4.0,7,4,57.14,10,4,7.0,1.0,14.29,2.0,4,10,5,50.0,3,7,0.0,1.0,2,0,0,5.18,4.45,4.94,4.22,6.18,4.89,0.432,2024-12-16T20:43:29.099534+00:00,323,Highland_Wanderers_20251208181114_323,1,4.89
Far Eastern University,1418.145,424.451,29.93,28.36,72,46,12,26,49,10,4.0,5,1,2,2,4,64.31,0.0,3,0,3,1,2,0,3.0,6,2,33.33,6,9,12.0,2.0,16.67,0.0,0,18,9,50.0,5,13,0.0,3.0,1,0,0,4.21,5.3,5.44,5.43,7.37,5.25,0.472,2025-07-24T15:31:23.099534+00:00,776,Far_Eastern_University_20251208181114_776,1,5.25
National University,2020.93,266.359,13.18,39.7,70,47,11,23,48,5,2.0,1,2,5,6,5,66.58,0.0,1,0,3,1,2,0,2.0,8,4,50.0,0,9,11.0,1.0,9.09,3.0,0,15,9,60.0,4,11,0.0,1.0,5,0,0,4.37,4.58,5.42,4.24,7.53,4.94,0.438,2025-04-08T00:21:16.099534+00:00,842,National_University_20251208181114_842,1,4.94
Lyceum,2699.81,256.212,9.49,54.3,194,131,21,63,123,26,14.0,6,1,10,14,21,67.38,1.0,4,0,7,3,4,0,7.0,12,6,50.0,5,4,6.0,1.0,16.67,0.0,0,35,13,37.14,11,24,1.0,2.0,5,0,0,4.84,5.57,5.38,4.01,7.51,5.3,0.478,2025-03-22T08:46:24.099534+00:00,853,Lyceum_20251208181114_853,1,5.3
City United,1209.891,261.336,21.6,24.13,50,35,2,15,42,9,2.0,1,1,0,0,0,70.03,0.0,1,0,3,1,2,0,2.0,6,2,33.33,11,4,7.0,2.0,28.57,1.0,0,21,13,61.9,6,15,1.0,1.0,15,0,0,3.78,4.74,4.49,4.49,7.06,4.62,0.402,2025-02-17T19:29:50.099534+00:00,430,City_United_20251208181114_430,1,4.62
Highland Wanderers,2553.447,611.295,23.94,48.28,125,91,12,34,88,10,12.0,4,3,5,3,14,72.7,0.0,3,0,5,1,4,0,4.0,12,8,66.67,8,3,7.0,2.0,28.57,0.0,0,20,9,45.0,5,15,1.0,0.0,5,0,0,4.17,5.04,4.96,5.04,6.86,4.96,0.44,2025-03-23T08:37:03.099534+00:00,532,Highland_Wanderers_20251208181114_532,1,4.96
San Beda University,1966.434,483.153,24.57,37.98,70,55,5,15,52,10,5.0,3,1,0,0,3,78.06,0.0,2,0,3,1,2,0,2.0,5,2,40.0,15,4,3.0,1.0,33.33,3.0,0,21,10,47.62,4,17,1.0,0.0,2,0,0,3.97,4.38,4.79,4.21,7.81,4.67,0.408,2025-05-24T16:30:57.099534+00:00,411,San_Beda_University_20251208181114_411,1,4.67
University of the Philippines,3974.314,598.532,15.06,74.06,186,142,17,44,111,33,19.0,8,3,3,9,17,76.27,0.0,4,1,6,2,4,0,6.0,24,10,41.67,5,0,2.0,0.0,0.0,1.0,1,10,3,30.0,5,5,0.0,1.0,3,0,0,4.52,3.77,4.99,4.1,6.98,4.59,0.399,2025-01-04T01:39:02.100520+00:00,615,University_of_the_Philippines_20251208181114_615,1,4.59
University of Santo Tomas,2995.414,484.358,16.17,54.21,131,96,10,35,99,17,4.0,7,3,1,1,15,73.52,0.0,2,1,6,1,5,1,6.0,9,5,55.56,7,5,7.0,2.0,28.57,1.0,0,21,13,61.9,6,15,0.0,3.0,4,0,0,5.14,5.27,5.09,4.52,7.0,5.27,0.474,2025-06-14T16:23:37.100520+00:00,104,University_of_Santo_Tomas_20251208181114_104,1,5.27
Coastal Town,3664.799,686.05,18.72,70.38,114,80,11,34,95,19,5.0,5,1,0,0,5,70.25,0.0,2,0,7,2,5,1,7.0,13,8,61.54,7,3,3.0,1.0,33.33,0.0,0,30,19,63.33,6,24,1.0,2.0,3,0,0,6.09,6.25,4.23,3.84,8.12,5.65,0.517,2025-09-07T04:00:04.100520+00:00,287,Coastal_Town_20251208181114_287,1,5.65
Riverside FC,3652.231,989.389,27.09,71.22,218,164,15,54,152,22,12.0,10,5,8,8,20,75.02,0.0,3,1,10,3,7,0,8.0,17,8,47.06,1,1,0.0,0.0,0.0,1.0,0,54,16,29.63,9,45,0.0,1.0,5,0,0,5.16,4.01,4.95,4.38,6.56,4.83,0.426,2025-06-30T01:22:05.100520+00:00,439,Riverside_FC_20251208181114_439,1,4.83
De La Salle University,1952.528,453.182,23.21,37.88,145,105,14,40,114,19,11.0,6,1,0,0,4,72.63,0.0,4,0,4,2,2,0,4.0,9,6,66.67,16,7,5.0,1.0,20.0,1.0,0,11,4,36.36,2,9,0.0,3.0,2,0,0,5.29,5.3,4.68,3.07,6.58,4.99,0.443,2025-04-23T22:19:52.100520+00:00,972,De_La_Salle_University_20251208181114_972,1,4.99
2 Worlds FC,2405.935,439.324,18.26,43.26,149,109,12,40,105,19,1.0,2,2,8,13,17,73.02,0.0,1,0,4,2,2,0,4.0,3,2,66.67,6,9,11.0,2.0,18.18,1.0,0,32,18,56.25,5,27,0.0,0.0,1,1,0,4.76,4.76,4.7,4.85,6.46,4.93,0.437,2025-07-01T00:09:43.100520+00:00,685,2_Worlds_FC_20251208181114_685,1,4.93
Adamson University,3066.254,567.564,18.51,54.77,78,53,11,25,54,8,0.0,1,2,4,9,11,68.08,0.0,1,1,9,4,5,1,7.0,13,7,53.85,4,2,5.0,1.0,20.0,2.0,1,39,30,76.92,12,27,1.0,2.0,6,1,0,4.97,5.73,4.65,4.41,6.8,5.22,0.469,2025-11-15T08:14:50.100520+00:00,322,Adamson_University_20251208181114_322,1,5.22
De La Salle University,2919.486,695.714,23.83,57.17,188,141,10,47,137,23,12.0,4,3,4,5,28,75.23,0.0,5,1,9,3,6,1,8.0,23,17,73.91,3,0,0.0,0.0,0.0,1.0,2,6,2,33.33,0,6,1.0,2.0,2,0,0,5.99,4.52,5.03,3.85,7.11,5.2,0.467,2025-04-27T23:46:21.100520+00:00,292,De_La_Salle_University_20251208181114_292,1,5.2
Far Eastern University,2316.339,270.085,11.66,44.85,92,60,10,32,58,13,12.0,4,1,2,3,6,65.75,0.0,3,0,4,1,3,0,5.0,13,8,61.54,12,7,12.0,2.0,16.67,0.0,0,11,7,63.64,4,7,1.0,2.0,4,2,0,3.86,4.98,4.18,5.07,5.44,4.56,0.396,2025-07-23T01:09:55.101520+00:00,319,Far_Eastern_University_20251208181114_319,1,4.56
University of Santo Tomas,2672.823,203.936,7.63,52.08,148,105,18,43,94,20,11.0,5,5,5,8,12,71.02,0.0,3,0,5,2,3,0,5.0,4,2,50.0,16,4,7.0,2.0,28.57,2.0,1,21,14,66.67,3,18,0.0,0.0,10,2,0,4.4,5.15,5.61,4.66,6.09,5.06,0.451,2025-03-07T09:53:29.101520+00:00,198,University_of_Santo_Tomas_20251208181114_198,1,5.06
National University,2679.979,483.2,18.03,53.24,101,66,11,35,78,12,9.0,4,2,0,0,0,65.84,0.0,2,1,7,2,5,1,7.0,7,4,57.14,6,6,11.0,2.0,18.18,1.0,0,25,14,56.0,8,17,0.0,2.0,3,0,0,4.89,4.12,4.54,4.37,7.42,4.78,0.42,2025-11-15T11:30:11.101520+00:00,890,National_University_20251208181114_890,1,4.78
National University,970.753,128.722,13.26,18.38,48,36,5,12,30,4,6.0,0,2,3,3,2,74.54,0.0,1,0,2,1,1,0,2.0,4,2,50.0,18,2,19.0,2.0,10.53,2.0,0,9,6,66.67,2,7,0.0,0.0,15,2,0,4.18,4.86,4.02,4.01,5.74,4.47,0.386,2024-12-19T22:04:24.101520+00:00,126,National_University_20251208181114_126,1,4.47
Lakeside Athletic,2389.733,707.839,29.62,47.28,187,118,19,69,117,32,14.0,3,1,4,16,13,63.17,1.0,3,0,4,1,3,0,5.0,7,3,42.86,12,6,6.0,1.0,16.67,0.0,1,10,7,70.0,2,8,1.0,1.0,5,0,0,5.13,5.11,4.3,3.86,7.68,5.04,0.449,2025-08-20T12:05:24.101520+00:00,12,Lakeside_Athletic_20251208181114_12,1,5.04
Metro FC,2469.03,372.083,15.07,45.23,97,79,6,18,73,14,10.0,2,2,0,0,11,81.11,0.0,2,1,6,2,4,1,4.0,9,5,55.56,7,5,4.0,0.0,0.0,0.0,3,21,15,71.43,5,16,1.0,2.0,5,0,0,4.15,5.37,5.12,4.14,6.99,4.97,0.441,2025-05-11T00:22:09.101520+00:00,506,Metro_FC_20251208181114_506,1,4.97
Lakeside Athletic,3273.972,415.467,12.69,63.96,122,82,6,40,88,14,3.0,3,0,5,9,6,66.92,0.0,2,0,5,2,3,1,5.0,14,5,35.71,0,4,11.0,1.0,9.09,1.0,2,29,13,44.83,7,22,0.0,2.0,7,1,0,5.45,4.78,4.51,4.81,6.05,5.04,0.449,2025-06-05T17:06:52.101520+00:00,64,Lakeside_Athletic_20251208181114_64,1,5.04
University of Santo Tomas,2994.49,586.022,19.57,59.76,94,76,6,18,63,20,7.0,1,1,1,1,7,80.46,0.0,1,0,6,2,4,1,6.0,19,10,52.63,8,2,6.0,1.0,16.67,0.0,1,26,17,65.38,7,19,0.0,0.0,7,2,0,5.06,4.17,4.4,4.78,5.25,4.66,0.407,2025-11-01T20:54:27.101520+00:00,311,University_of_Santo_Tomas_20251208181114_311,1,4.66
2 Worlds FC,2914.286,484.646,16.63,56.68,108,67,15,41,77,14,3.0,3,3,6,3,3,61.74,0.0,2,0,5,2,3,0,4.0,15,10,66.67,4,4,4.0,1.0,25.0,2.0,0,8,3,37.5,1,7,0.0,0.0,4,0,0,5.28,5.2,4.08,2.79,6.59,4.8,0.422,2025-08-19T19:18:00.102519+00:00,133,2_Worlds_FC_20251208181114_133,1,4.8
2 Worlds FC,1346.63,266.902,19.82,27.05,51,35,4,16,40,4,2.0,1,0,2,2,5,68.28,0.0,1,0,3,1,2,0,3.0,5,2,40.0,9,3,4.0,1.0,25.0,1.0,0,7,4,57.14,5,2,1.0,0.0,13,0,0,4.27,5.3,4.13,4.34,7.22,4.84,0.427,2025-10-10T08:39:19.102519+00:00,718,2_Worlds_FC_20251208181114_718,1,4.84
Far Eastern University,3769.356,603.474,16.01,72.34,135,105,8,30,86,22,7.0,1,4,5,10,10,77.49,0.0,2,1,7,3,4,0,5.0,3,2,66.67,8,4,4.0,1.0,25.0,2.0,0,41,20,48.78,9,32,0.0,3.0,1,0,0,5.18,4.28,4.96,2.91,7.17,4.77,0.419,2025-10-31T12:18:37.102519+00:00,95,Far_Eastern_University_20251208181114_95,1,4.77
Brookside United,3600.969,1034.198,28.72,69.99,116,94,7,22,91,10,6.0,6,5,0,0,12,80.69,1.0,3,0,5,2,3,0,4.0,4,3,75.0,7,3,7.0,2.0,28.57,1.0,0,22,8,36.36,6,16,2.0,0.0,7,2,0,4.37,4.65,4.76,1.99,6.07,4.36,0.373,2025-09-28T09:02:56.102519+00:00,114,Brookside_United_20251208181114_114,1,4.36
Metro FC,2813.58,522.482,18.57,50.66,127,93,14,34,76,13,9.0,4,3,10,12,8,73.15,0.0,1,0,5,2,3,1,6.0,6,3,50.0,0,1,2.0,1.0,50.0,3.0,2,8,3,37.5,3,5,0.0,0.0,7,1,0,5.08,5.3,5.64,3.76,6.6,5.22,0.469,2025-09-02T15:13:26.102519+00:00,308,Metro_FC_20251208181114_308,1,5.22
Riverside FC,2937.263,530.47,18.06,58.72,142,110,11,32,82,13,1.0,3,4,15,22,12,77.71,0.0,2,1,6,2,4,0,6.0,14,6,42.86,6,2,8.0,1.0,12.5,0.0,2,44,19,43.18,7,37,0.0,2.0,5,0,0,5.46,4.61,4.68,3.53,6.64,4.91,0.434,2025-06-09T21:06:48.102519+00:00,46,Riverside_FC_20251208181114_46,1,4.91
City United,3094.998,728.253,23.53,58.35,95,59,12,36,59,10,13.0,2,1,5,5,14,62.11,0.0,1,1,7,3,4,0,8.0,4,2,50.0,4,4,6.0,1.0,16.67,2.0,1,8,3,37.5,1,7,0.0,2.0,0,0,0,5.57,4.61,4.84,4.29,7.23,5.14,0.46,2025-06-08T22:06:23.102519+00:00,174,City_United_20251208181114_174,1,5.14
Riverside FC,2105.06,271.553,12.9,38.75,93,71,9,22,59,16,8.0,2,3,2,4,9,76.11,0.0,2,0,4,2,2,0,3.0,0,0,59.89,12,5,8.0,1.0,12.5,2.0,0,11,6,54.55,4,7,0.0,0.0,7,1,0,3.85,5.34,3.7,5.26,5.97,4.65,0.406,2025-06-26T01:29:06.102519+00:00,634,Riverside_FC_20251208181114_634,1,4.65
National University,3053.264,434.785,14.24,55.57,125,90,7,35,92,14,10.0,4,1,3,2,6,72.18,0.0,3,1,5,1,4,0,6.0,2,1,50.0,9,2,1.0,0.0,0.0,2.0,1,40,17,42.5,12,28,2.0,0.0,3,0,0,5.35,4.68,5.34,4.75,7.49,5.29,0.477,2025-10-24T05:43:04.103519+00:00,498,National_University_20251208181114_498,1,5.29
Northbridge FC,2608.53,539.705,20.69,51.95,110,96,3,14,74,16,5.0,3,1,5,6,6,87.22,0.0,2,0,5,2,3,0,5.0,10,5,50.0,11,7,10.0,2.0,20.0,2.0,0,10,4,40.0,3,7,1.0,1.0,7,0,0,5.48,4.39,4.58,4.32,7.25,5.01,0.446,2025-01-29T15:47:09.103519+00:00,732,Northbridge_FC_20251208181114_732,1,5.01
Coastal Town,2824.593,171.453,6.07,56.5,160,112,10,48,111,10,18.0,6,3,6,6,10,69.7,0.0,1,1,6,3,3,0,7.0,14,7,50.0,6,1,11.0,3.0,27.27,2.0,3,17,6,35.29,4,13,0.0,1.0,1,1,0,5.12,4.33,5.25,5.19,6.62,5.08,0.453,2025-03-25T14:09:08.103519+00:00,88,Coastal_Town_20251208181114_88,1,5.08
Brookside United,4225.836,694.305,16.43,76.97,168,131,8,37,99,22,11.0,4,4,12,16,18,77.83,0.0,3,0,7,2,5,1,7.0,23,20,86.96,5,1,3.0,1.0,33.33,0.0,2,6,4,66.67,1,5,0.0,2.0,2,0,0,4.78,5.97,4.82,3.67,7.27,5.21,0.468,2025-05-07T07:47:14.103519+00:00,339,Brookside_United_20251208181114_339,1,5.21
Highland Wanderers,2374.805,300.413,12.65,46.97,67,50,6,17,44,7,5.0,3,1,4,4,4,74.59,0.0,1,1,6,3,3,0,7.0,11,7,63.64,9,8,13.0,2.0,15.38,2.0,1,9,5,55.56,2,7,0.0,0.0,2,1,0,6.19,4.76,4.86,3.85,6.64,5.24,0.471,2025-07-11T07:19:06.103519+00:00,251,Highland_Wanderers_20251208181114_251,1,5.24
Riverside FC,1600.79,417.006,26.05,29.29,104,71,13,33,73,15,6.0,6,0,2,2,4,67.82,0.0,1,0,3,1,2,0,3.0,4,3,75.0,13,6,15.0,6.0,40.0,2.0,0,2,1,50.0,3,0,0.0,1.0,0,0,0,4.21,4.53,4.27,4.21,7.14,4.6,0.4,2025-01-17T00:09:16.103519+00:00,258,Riverside_FC_20251208181114_258,1,4.6
National University,2353.465,258.881,11.0,43.55,117,91,3,26,81,13,2.0,4,3,4,10,7,77.65,0.0,2,0,4,2,2,0,6.0,13,5,38.46,8,3,11.0,2.0,18.18,2.0,3,23,6,26.09,10,13,1.0,1.0,1,0,0,4.35,5.37,5.1,3.62,8.04,5.05,0.45,2025-11-15T21:35:31.103519+00:00,277,National_University_20251208181114_277,1,5.05
National University,2528.083,464.409,18.37,45.36,119,81,10,38,77,17,5.0,3,2,7,7,8,67.8,0.0,2,1,7,2,5,0,7.0,7,5,71.43,13,3,4.0,0.0,0.0,0.0,0,20,5,25.0,2,18,0.0,1.0,4,1,0,4.56,4.76,4.6,3.59,6.53,4.69,0.41,2025-06-14T12:17:16.103519+00:00,431,National_University_20251208181114_431,1,4.69
Coastal Town,3594.921,771.47,21.46,68.87,161,117,13,44,117,25,8.0,4,3,2,2,16,72.65,1.0,5,1,6,2,4,0,8.0,6,3,50.0,3,4,5.0,1.0,20.0,0.0,0,40,18,45.0,11,29,0.0,2.0,2,1,0,5.05,3.84,5.33,4.8,6.68,4.9,0.433,2025-07-03T15:49:30.103519+00:00,643,Coastal_Town_20251208181114_643,1,4.9
San Beda University,3331.996,1230.173,36.92,64.56,191,116,29,75,139,26,15.0,6,5,0,0,11,60.84,0.0,4,1,6,2,4,0,4.0,9,3,33.33,4,7,10.0,3.0,30.0,0.0,0,34,11,32.35,4,30,0.0,4.0,4,0,0,4.59,4.07,4.27,4.42,7.27,4.62,0.402,2025-01-07T12:13:54.104521+00:00,819,San_Beda_University_20251208181114_819,1,4.62
Valley Rovers,3332.561,727.165,21.82,62.19,141,108,11,33,91,20,9.0,7,4,4,5,12,76.44,1.0,4,1,5,2,3,0,6.0,4,2,50.0,3,2,6.0,1.0,16.67,1.0,0,41,19,46.34,9,32,0.0,3.0,4,0,0,5.85,4.22,4.77,4.29,7.12,5.09,0.454,2025-08-03T16:12:09.104521+00:00,781,Valley_Rovers_20251208181114_781,1,5.09
City United,2370.671,254.61,10.74,44.79,118,94,9,24,88,15,4.0,3,5,2,2,15,79.9,0.0,3,0,3,1,2,0,2.0,7,5,71.43,12,3,9.0,1.0,11.11,1.0,0,12,7,58.33,2,10,1.0,4.0,6,0,0,3.45,4.29,5.28,3.56,6.68,4.39,0.377,2025-02-23T17:19:28.104521+00:00,413,City_United_20251208181114_413,1,4.39
Far Eastern University,2067.098,640.18,30.97,38.68,102,73,14,29,71,9,8.0,2,4,1,7,9,71.88,0.0,1,0,4,1,3,0,4.0,14,9,64.29,13,2,3.0,0.0,0.0,1.0,0,19,7,36.84,0,19,0.0,0.0,10,0,0,5.0,4.74,3.58,3.76,7.45,4.71,0.412,2025-05-10T04:14:52.104521+00:00,577,Far_Eastern_University_20251208181114_577,1,4.71
University of the Philippines,3326.429,485.326,14.59,60.81,114,86,13,28,71,24,9.0,5,4,1,0,11,75.64,1.0,3,0,7,3,4,1,8.0,7,2,28.57,6,0,7.0,2.0,28.57,2.0,2,29,22,75.86,5,24,1.0,2.0,4,0,0,5.11,4.06,5.14,3.99,7.97,4.95,0.439,2025-08-30T20:44:39.104521+00:00,576,University_of_the_Philippines_20251208181114_576,1,4.95
Riverside FC,1872.926,352.672,18.83,35.87,65,47,5,18,49,9,2.0,1,1,1,2,11,72.86,0.0,1,0,3,1,2,0,4.0,10,7,70.0,3,16,13.0,4.0,30.77,2.0,0,17,12,70.59,4,13,1.0,0.0,3,0,0,5.13,4.42,3.78,4.96,6.85,4.81,0.423,2025-12-02T16:41:56.104521+00:00,501,Riverside_FC_20251208181114_501,1,4.81
San Beda University,2119.604,198.819,9.38,38.11,56,40,7,16,37,1,3.0,2,2,5,6,3,71.03,0.0,1,0,2,1,1,0,2.0,6,4,66.67,12,9,8.0,2.0,25.0,1.0,3,14,8,57.14,2,12,0.0,0.0,2,0,0,4.45,4.66,4.98,4.27,7.55,4.9,0.433,2025-07-08T17:39:47.104521+00:00,73,San_Beda_University_20251208181114_73,1,4.9
Northbridge FC,2867.572,743.848,25.94,57.25,167,138,6,29,103,12,3.0,3,4,27,14,14,82.75,0.0,3,0,6,3,3,0,8.0,0,0,77.28,3,8,3.0,1.0,33.33,1.0,2,34,16,47.06,5,29,0.0,0.0,2,0,0,5.18,5.59,5.16,3.76,7.09,5.28,0.476,2025-01-23T01:53:11.104521+00:00,301,Northbridge_FC_20251208181114_301,1,5.28
San Beda University,1998.008,450.551,22.55,37.71,92,75,5,17,61,14,8.0,3,2,3,1,13,81.88,0.0,2,0,4,2,2,0,2.0,8,3,37.5,3,5,10.0,0.0,0.0,2.0,4,11,5,45.45,4,7,1.0,1.0,6,0,0,5.17,4.29,4.87,4.55,6.67,4.93,0.437,2025-01-13T12:00:25.105527+00:00,185,San_Beda_University_20251208181114_185,1,4.93
Mapúa University,2682.815,422.007,15.73,50.1,94,69,7,25,76,9,6.0,1,3,0,0,12,73.0,0.0,2,0,3,1,2,0,4.0,8,5,62.5,1,0,5.0,1.0,20.0,2.0,0,17,8,47.06,6,11,1.0,3.0,4,0,0,4.79,4.66,4.26,4.17,7.99,4.88,0.431,2025-10-31T06:32:42.105527+00:00,778,Mapúa_University_20251208181114_778,1,4.88
Lakeside Athletic,2505.012,629.259,25.12,44.64,102,53,18,49,59,16,7.0,3,2,6,9,7,52.2,0.0,1,0,5,2,3,1,4.0,8,6,75.0,8,0,4.0,1.0,25.0,2.0,0,16,5,31.25,1,15,1.0,2.0,3,0,0,5.06,4.19,3.58,4.11,7.4,4.62,0.402,2025-08-31T22:41:37.105527+00:00,439,Lakeside_Athletic_20251208181114_439,1,4.62
Highland Wanderers,2520.411,484.927,19.24,45.81,122,92,5,30,98,17,6.0,4,3,0,0,9,75.59,0.0,1,0,3,1,2,0,3.0,12,11,91.67,3,5,6.0,1.0,16.67,0.0,0,20,6,30.0,4,16,0.0,4.0,9,1,0,4.69,5.77,5.1,3.83,7.08,5.19,0.466,2024-12-09T11:47:25.105527+00:00,8,Highland_Wanderers_20251208181114_8,1,5.19
National University,1460.431,252.509,17.29,26.41,48,39,4,9,35,7,0.0,1,1,2,2,4,80.63,0.0,1,0,3,0,3,0,3.0,10,6,60.0,8,9,13.0,5.0,38.46,0.0,1,19,10,52.63,5,14,1.0,1.0,7,0,0,5.13,4.16,5.14,4.16,7.1,4.92,0.436,2025-09-24T04:50:12.105527+00:00,143,National_University_20251208181114_143,1,4.92
Ateneo de Manila University,2248.472,499.835,22.23,42.92,71,55,5,16,49,10,4.0,2,2,2,3,1,78.07,0.0,2,0,3,1,2,0,3.0,4,3,75.0,6,5,9.0,2.0,22.22,1.0,0,21,11,52.38,1,20,1.0,1.0,6,1,0,4.19,4.38,4.18,4.53,5.75,4.44,0.382,2024-12-31T23:59:50.105527+00:00,538,Ateneo_de_Manila_University_20251208181114_538,1,4.44
Lyceum,2927.772,570.33,19.48,53.32,167,113,18,54,111,7,8.0,3,6,18,14,11,67.55,1.0,4,0,7,3,4,1,8.0,10,6,60.0,4,3,11.0,1.0,9.09,1.0,1,20,12,60.0,2,18,0.0,2.0,7,1,0,5.03,4.73,4.87,4.01,6.96,4.96,0.44,2025-07-10T02:56:16.105527+00:00,585,Lyceum_20251208181114_585,1,4.96
Northbridge FC,1401.716,126.014,8.99,26.05,62,44,10,18,48,7,3.0,2,1,1,1,0,70.9,0.0,1,0,2,1,1,0,2.0,10,7,70.0,7,9,11.0,2.0,18.18,0.0,1,11,6,54.55,3,8,2.0,0.0,9,1,0,4.19,5.76,4.7,4.54,6.44,5.01,0.446,2025-01-05T17:15:28.105527+00:00,19,Northbridge_FC_20251208181114_19,1,5.01
City United,2682.214,462.95,17.26,51.15,105,81,5,24,64,21,3.0,1,2,6,8,2,77.3,1.0,3,1,6,2,4,0,7.0,7,4,57.14,8,4,14.0,2.0,14.29,3.0,2,31,19,61.29,3,28,1.0,2.0,7,0,0,5.59,4.52,4.31,4.54,7.54,5.08,0.453,2025-11-09T00:48:43.106519+00:00,655,City_United_20251208181114_655,1,5.08
National University,2604.874,468.617,17.99,51.52,85,65,8,20,68,10,7.0,5,1,0,0,11,76.61,0.0,1,1,6,2,4,0,6.0,12,10,83.33,4,7,4.0,1.0,25.0,1.0,0,28,18,64.29,7,21,0.0,2.0,5,1,0,5.32,5.58,5.21,3.54,5.78,5.17,0.463,2025-02-08T18:33:48.106519+00:00,730,National_University_20251208181114_730,1,5.17
Ateneo de Manila University,2620.584,505.511,19.29,46.8,103,71,8,32,65,5,5.0,2,3,11,12,0,68.59,0.0,2,0,5,2,3,1,5.0,10,6,60.0,13,9,7.0,1.0,14.29,1.0,0,28,11,39.29,7,21,1.0,1.0,4,0,0,4.69,4.82,4.95,4.52,7.42,5.03,0.448,2025-05-21T04:24:31.106519+00:00,528,Ateneo_de_Manila_University_20251208181114_528,1,5.03
Ateneo de Manila University,2487.383,592.246,23.81,48.23,94,71,6,23,66,11,6.0,1,2,3,4,8,76.01,0.0,0,0,5,2,3,0,6.0,11,7,63.64,12,4,4.0,1.0,25.0,1.0,0,15,10,66.67,7,8,0.0,2.0,6,0,0,4.81,6.0,4.65,4.55,7.35,5.33,0.481,2025-04-03T04:09:10.106519+00:00,786,Ateneo_de_Manila_University_20251208181114_786,1,5.33
Mapúa University,1367.868,120.92,8.84,25.8,55,38,3,17,40,10,5.0,2,0,0,0,6,69.26,0.0,1,0,3,1,2,0,4.0,6,3,50.0,10,13,2.0,0.0,0.0,0.0,0,7,4,57.14,1,6,0.0,1.0,3,0,0,3.88,4.69,4.62,3.57,7.49,4.57,0.397,2025-06-18T21:15:13.106519+00:00,161,Mapúa_University_20251208181114_161,1,4.57
Coastal Town,575.451,89.77,15.6,10.94,29,23,1,6,19,4,1.0,1,1,2,2,1,79.37,0.0,1,0,1,0,1,0,1.0,2,1,50.0,9,10,20.0,4.0,20.0,1.0,1,3,1,33.33,0,3,0.0,0.0,5,1,0,3.46,4.99,4.13,3.72,6.58,4.37,0.374,2025-11-03T13:51:54.106519+00:00,969,Coastal_Town_20251208181114_969,1,4.37
Ateneo de Manila University,2009.208,331.72,16.51,35.79,98,65,14,33,72,11,7.0,4,1,1,1,10,66.27,0.0,3,0,3,1,2,0,3.0,4,3,75.0,8,13,4.0,1.0,25.0,0.0,0,27,6,22.22,18,9,0.0,0.0,8,2,0,4.71,5.43,4.13,3.75,5.22,4.71,0.412,2025-05-16T00:12:02.106519+00:00,271,Ateneo_de_Manila_University_20251208181114_271,1,4.71
San Beda University,2503.775,226.091,9.03,45.52,123,100,8,23,97,17,7.0,4,2,0,0,13,81.4,0.0,2,0,5,0,5,1,6.0,8,5,62.5,3,6,11.0,2.0,18.18,0.0,0,11,8,72.73,5,6,2.0,1.0,3,0,0,4.3,4.07,4.07,3.37,7.71,4.4,0.378,2025-01-13T20:28:02.106519+00:00,505,San_Beda_University_20251208181114_505,1,4.4
Coastal Town,2843.86,704.709,24.78,52.89,129,87,14,42,70,20,0.0,4,4,9,22,23,67.26,1.0,4,0,4,2,2,0,6.0,13,9,69.23,2,3,6.0,1.0,16.67,2.0,1,20,8,40.0,3,17,1.0,0.0,5,3,0,4.24,5.28,5.26,4.14,5.13,4.81,0.423,2025-05-19T00:11:38.107519+00:00,707,Coastal_Town_20251208181114_707,1,4.81
Lakeside Athletic,2004.712,361.65,18.04,39.59,94,70,8,24,68,0,8.0,3,1,5,9,8,74.92,0.0,3,1,4,2,2,0,5.0,4,2,50.0,14,11,15.0,2.0,13.33,2.0,1,16,8,50.0,4,12,0.0,2.0,5,1,0,5.21,5.1,3.04,4.09,6.85,4.75,0.417,2025-06-20T02:56:55.107519+00:00,361,Lakeside_Athletic_20251208181114_361,1,4.75
Ateneo de Manila University,2401.111,730.658,30.43,42.81,43,29,4,14,32,5,2.0,1,1,1,1,4,67.76,0.0,1,0,4,2,2,0,5.0,10,5,50.0,8,5,10.0,1.0,10.0,0.0,0,30,12,40.0,14,16,0.0,2.0,7,1,0,5.23,4.46,4.13,4.98,6.84,4.92,0.436,2025-04-30T15:31:10.107519+00:00,846,Ateneo_de_Manila_University_20251208181114_846,1,4.92
Lakeside Athletic,2290.367,188.726,8.24,42.42,138,112,5,26,122,21,9.0,4,3,0,0,18,81.35,0.0,4,0,4,2,2,0,5.0,9,7,77.78,8,2,0.0,0.0,0.0,1.0,3,25,13,52.0,1,24,0.0,1.0,8,2,0,6.22,3.64,5.67,3.43,5.48,4.92,0.436,2025-09-11T06:36:38.107519+00:00,564,Lakeside_Athletic_20251208181114_564,1,4.92
Highland Wanderers,1260.911,124.326,9.86,24.59,54,37,5,17,36,5,2.0,2,0,4,5,1,67.87,0.0,1,0,2,1,1,0,2.0,6,3,50.0,14,14,11.0,4.0,36.36,2.0,3,15,7,46.67,5,10,0.0,1.0,8,0,0,4.58,4.9,4.4,2.85,7.24,4.66,0.407,2025-09-27T13:32:42.107519+00:00,407,Highland_Wanderers_20251208181114_407,1,4.66
Mapúa University,2077.089,146.642,7.06,37.51,72,50,6,22,50,11,4.0,2,1,2,2,5,68.79,0.0,1,1,5,1,4,0,7.0,6,3,50.0,0,5,2.0,0.0,0.0,1.0,0,15,5,33.33,4,11,0.0,2.0,4,0,0,4.99,5.36,4.06,4.11,7.19,5.0,0.444,2025-10-08T08:26:17.107519+00:00,925,Mapúa_University_20251208181114_925,1,5.0
San Beda University,2621.744,755.324,28.81,52.6,146,120,8,26,101,9,12.0,3,5,7,9,7,82.42,0.0,1,0,3,1,2,0,4.0,13,8,61.54,4,6,9.0,2.0,22.22,1.0,1,17,6,35.29,5,12,0.0,1.0,4,0,0,4.41,5.44,4.39,3.62,7.44,4.89,0.432,2025-07-24T19:32:42.107519+00:00,198,San_Beda_University_20251208181114_198,1,4.89
Valley Rovers,3251.837,745.646,22.93,61.0,105,77,7,28,67,15,7.0,5,2,4,4,8,73.12,0.0,1,0,5,1,4,0,5.0,13,9,69.23,1,3,4.0,1.0,25.0,2.0,0,25,16,64.0,5,20,0.0,0.0,2,0,0,5.22,3.58,4.5,4.42,7.02,4.68,0.409,2025-10-03T13:33:38.107519+00:00,844,Valley_Rovers_20251208181114_844,1,4.68
National University,2068.301,386.772,18.7,40.21,59,41,7,18,45,6,4.0,2,2,0,0,6,69.04,0.0,0,0,4,1,3,0,5.0,2,1,50.0,5,13,5.0,1.0,20.0,0.0,1,6,2,33.33,2,4,0.0,0.0,7,1,0,4.11,5.14,4.67,4.48,6.76,4.83,0.426,2025-09-27T01:29:40.108527+00:00,24,National_University_20251208181114_24,1,4.83
Riverside FC,2062.489,382.592,18.55,40.65,125,115,3,10,90,9,14.0,5,3,2,2,2,92.14,0.0,2,0,2,1,1,0,2.0,5,3,60.0,7,5,9.0,2.0,22.22,1.0,0,8,4,50.0,2,6,0.0,0.0,9,1,0,5.03,4.45,4.92,5.18,6.37,5.0,0.444,2025-07-17T09:12:18.108527+00:00,705,Riverside_FC_20251208181114_705,1,5.0
Brookside United,3216.63,609.23,18.94,57.61,131,91,6,40,74,14,8.0,0,4,10,21,15,69.27,0.0,3,1,6,2,4,0,7.0,14,7,50.0,3,3,6.0,2.0,33.33,0.0,0,7,2,28.57,3,4,0.0,0.0,3,0,0,5.64,4.44,4.59,4.67,7.4,5.13,0.459,2025-07-26T13:31:18.108527+00:00,75,Brookside_United_20251208181114_75,1,5.13
City United,2476.462,151.807,6.13,45.33,103,74,10,29,74,9,7.0,3,2,4,4,4,72.27,0.0,2,0,3,2,1,0,4.0,7,3,42.86,12,0,9.0,2.0,22.22,1.0,0,20,8,40.0,3,17,1.0,1.0,2,0,0,4.52,4.47,4.2,2.88,7.33,4.49,0.388,2025-02-16T09:17:15.108527+00:00,907,City_United_20251208181114_907,1,4.49
Northbridge FC,2032.714,348.61,17.15,37.74,167,118,16,49,126,18,15.0,6,2,0,0,9,70.83,0.0,2,0,4,2,2,0,3.0,8,5,62.5,17,3,12.0,2.0,16.67,1.0,0,27,19,70.37,14,13,1.0,2.0,6,0,0,4.23,5.57,5.49,4.54,7.3,5.21,0.468,2025-05-06T13:10:34.108527+00:00,182,Northbridge_FC_20251208181114_182,1,5.21
Metro FC,3249.377,844.188,25.98,63.77,137,88,17,49,90,17,3.0,2,2,9,14,11,64.26,1.0,4,1,6,2,4,0,6.0,9,5,55.56,10,2,8.0,2.0,25.0,1.0,2,19,9,47.37,8,11,0.0,1.0,1,0,0,5.5,3.99,4.16,4.06,7.16,4.77,0.419,2024-12-08T08:31:58.108527+00:00,691,Metro_FC_20251208181114_691,1,4.77
City United,1942.176,97.109,5.0,37.75,64,53,2,11,42,4,6.0,1,1,4,6,3,82.33,0.0,1,0,4,2,2,0,5.0,6,3,50.0,4,1,9.0,3.0,33.33,1.0,0,17,6,35.29,5,12,0.0,1.0,5,0,0,5.02,4.87,4.32,3.65,7.24,4.87,0.43,2025-07-07T18:37:44.108527+00:00,528,City_United_20251208181114_528,1,4.87
Northbridge FC,2845.279,502.476,17.66,53.12,123,103,6,20,88,14,5.0,0,2,3,11,16,83.41,0.0,1,0,3,1,2,0,3.0,9,3,33.33,8,8,4.0,0.0,0.0,1.0,1,14,8,57.14,3,11,0.0,1.0,5,1,0,5.24,4.91,6.09,3.79,6.56,5.25,0.472,2025-06-06T06:19:15.108527+00:00,449,Northbridge_FC_20251208181114_449,1,5.25
Highland Wanderers,2319.707,115.985,5.0,43.89,104,72,7,32,85,11,6.0,1,3,0,0,6,69.19,0.0,2,0,4,1,3,0,5.0,8,6,75.0,9,4,0.0,0.0,0.0,2.0,1,36,14,38.89,11,25,0.0,2.0,7,1,0,3.92,3.61,3.89,5.22,6.41,4.26,0.362,2025-01-09T03:50:50.109519+00:00,457,Highland_Wanderers_20251208181114_457,1,4.26
Adamson University,2556.32,743.378,29.08,50.5,115,87,8,28,85,13,8.0,0,2,5,3,7,75.35,0.0,1,1,5,2,3,0,4.0,7,5,71.43,5,5,0.0,0.0,0.0,0.0,0,36,14,38.89,10,26,0.0,0.0,3,0,0,5.37,5.4,4.4,3.17,6.85,5.02,0.447,2025-04-10T14:56:27.109519+00:00,400,Adamson_University_20251208181114_400,1,5.02
University of Santo Tomas,1702.632,221.342,13.0,31.75,67,48,6,19,45,11,9.0,2,2,0,0,4,71.81,0.0,1,0,3,1,2,0,3.0,9,5,55.56,4,6,15.0,4.0,26.67,1.0,0,11,5,45.45,5,6,0.0,1.0,2,0,0,3.53,5.36,4.59,3.85,7.01,4.65,0.406,2024-12-19T04:46:01.109519+00:00,711,University_of_Santo_Tomas_20251208181114_711,1,4.65
City United,2183.479,206.557,9.46,43.22,76,55,4,21,44,11,4.0,2,1,8,6,10,71.82,0.0,1,1,5,2,3,0,6.0,10,6,60.0,15,3,6.0,1.0,16.67,1.0,0,16,6,37.5,4,12,1.0,2.0,7,2,0,4.95,5.0,4.75,3.49,5.48,4.77,0.419,2024-12-23T16:23:35.109519+00:00,905,City_United_20251208181114_905,1,4.77
Valley Rovers,3342.681,690.264,20.65,64.62,105,77,5,28,85,10,6.0,2,2,0,0,6,73.37,0.0,1,0,4,1,3,0,5.0,4,2,50.0,1,5,4.0,0.0,0.0,0.0,0,15,8,53.33,3,12,0.0,2.0,2,0,0,5.02,3.2,4.64,4.19,7.62,4.58,0.398,2024-12-19T02:31:01.109519+00:00,560,Valley_Rovers_20251208181114_560,1,4.58
University of Santo Tomas,3424.13,812.546,23.73,67.91,149,117,14,32,115,21,18.0,3,3,0,0,17,78.85,1.0,5,0,8,3,5,1,8.0,13,6,46.15,4,6,6.0,1.0,16.67,0.0,1,40,21,52.5,10,30,0.0,3.0,6,0,0,5.42,5.54,5.04,4.42,7.61,5.46,0.496,2025-03-12T22:59:39.109519+00:00,515,University_of_Santo_Tomas_20251208181114_515,1,5.46
City United,2004.297,397.051,19.81,36.76,72,52,7,20,48,6,5.0,3,1,3,6,8,72.61,0.0,1,1,5,2,3,1,6.0,3,2,66.67,10,10,12.0,3.0,25.0,1.0,0,27,19,70.37,10,17,0.0,0.0,6,0,0,4.66,4.5,4.99,3.27,7.32,4.75,0.417,2025-02-07T16:42:47.109519+00:00,537,City_United_20251208181114_537,1,4.75
San Beda University,3519.216,450.46,12.8,70.29,135,101,14,34,98,17,12.0,4,3,1,1,9,74.96,1.0,3,1,8,2,6,0,9.0,16,13,81.25,3,3,1.0,0.0,0.0,2.0,1,22,7,31.82,0,22,1.0,3.0,1,1,0,5.49,5.14,4.04,4.4,6.68,5.07,0.452,2025-12-07T23:03:36.109519+00:00,941,San_Beda_University_20251208181114_941,1,5.07
Coastal Town,1523.62,284.765,18.69,28.33,39,31,2,8,30,7,2.0,1,1,0,0,7,78.76,0.0,1,0,2,1,1,0,2.0,0,0,34.02,10,7,11.0,2.0,18.18,1.0,0,10,5,50.0,2,8,0.0,1.0,11,4,0,3.97,4.93,4.7,4.83,3.76,4.48,0.387,2024-12-10T11:33:44.110519+00:00,574,Coastal_Town_20251208181114_574,1,4.48
Far Eastern University,1956.239,469.889,24.02,38.58,93,70,4,23,62,14,8.0,3,2,2,2,5,75.68,0.0,1,0,2,1,1,0,2.0,11,5,45.45,12,3,14.0,3.0,21.43,1.0,0,19,10,52.63,8,11,1.0,0.0,3,1,0,3.89,4.61,4.83,3.81,6.48,4.53,0.392,2025-11-26T05:28:24.110519+00:00,415,Far_Eastern_University_20251208181114_415,1,4.53
De La Salle University,1281.416,348.161,27.17,25.17,58,47,3,11,41,8,4.0,1,1,1,1,5,81.31,0.0,2,0,2,1,1,0,1.0,8,4,50.0,8,12,14.0,3.0,21.43,2.0,0,1,0,0.0,0,1,0.0,1.0,9,1,0,3.61,5.83,3.62,3.75,6.38,4.53,0.392,2025-04-26T12:17:36.110519+00:00,817,De_La_Salle_University_20251208181114_817,1,4.53
Adamson University,1990.249,435.666,21.89,38.01,100,68,11,32,59,19,3.0,2,2,11,4,9,68.39,0.0,1,0,2,1,1,0,2.0,8,5,62.5,5,11,9.0,1.0,11.11,1.0,1,17,8,47.06,6,11,0.0,0.0,4,0,0,3.94,4.75,4.59,4.04,7.27,4.64,0.404,2025-07-15T15:04:09.110519+00:00,549,Adamson_University_20251208181114_549,1,4.64
City United,2579.705,424.877,16.47,47.08,57,40,7,17,43,7,4.0,1,1,1,1,4,70.3,0.0,1,0,5,2,3,0,4.0,8,6,75.0,9,4,10.0,3.0,30.0,1.0,2,38,20,52.63,3,35,0.0,2.0,4,0,0,4.34,5.24,3.94,3.85,6.4,4.65,0.406,2025-03-24T16:42:17.110519+00:00,61,City_United_20251208181114_61,1,4.65
National University,2176.418,304.916,14.01,42.6,101,70,15,31,74,15,7.0,0,2,1,1,8,68.91,0.0,2,0,5,2,3,0,4.0,3,1,33.33,6,7,3.0,0.0,0.0,1.0,1,33,16,48.48,8,25,0.0,0.0,5,0,0,4.68,5.07,3.98,4.58,7.01,4.87,0.43,2025-05-30T14:12:03.110519+00:00,808,National_University_20251208181114_808,1,4.87
Lakeside Athletic,3639.839,377.451,10.37,68.24,202,140,18,62,153,33,10.0,8,5,0,0,22,69.39,1.0,7,0,5,2,3,0,6.0,13,6,46.15,7,4,4.0,1.0,25.0,2.0,2,28,16,57.14,3,25,0.0,0.0,3,1,0,4.36,4.33,3.96,4.37,5.85,4.42,0.38,2025-07-03T00:24:34.110519+00:00,53,Lakeside_Athletic_20251208181114_53,1,4.42
Mapúa University,2815.563,522.85,18.57,52.79,79,58,6,21,64,14,4.0,2,1,0,0,7,73.21,0.0,2,1,5,2,3,0,3.0,5,4,80.0,7,6,8.0,2.0,25.0,2.0,0,21,7,33.33,2,19,0.0,0.0,7,1,0,5.68,5.32,3.81,4.35,6.34,5.09,0.454,2025-11-16T08:55:44.110519+00:00,373,Mapúa_University_20251208181114_373,1,5.09
Brookside United,1717.292,286.788,16.7,32.51,83,65,3,18,65,11,7.0,2,2,0,0,13,78.25,0.0,3,0,3,1,2,0,4.0,4,2,50.0,5,9,13.0,2.0,15.38,2.0,0,17,12,70.59,3,14,0.0,2.0,9,3,0,4.24,4.99,4.77,3.97,4.52,4.55,0.394,2025-10-01T19:18:25.111519+00:00,519,Brookside_United_20251208181114_519,1,4.55
City United,2889.898,699.933,24.22,58.12,112,86,9,26,72,9,6.0,7,4,5,9,4,76.97,0.0,2,1,7,3,4,1,4.0,10,5,50.0,5,6,7.0,2.0,28.57,0.0,2,15,7,46.67,8,7,0.0,3.0,4,0,0,5.08,5.73,5.28,3.89,6.88,5.32,0.48,2024-12-22T12:41:16.111519+00:00,792,City_United_20251208181114_792,1,5.32
Northbridge FC,2625.495,224.217,8.54,51.06,94,59,11,35,73,8,3.0,5,2,1,1,4,63.0,0.0,0,0,6,2,4,0,7.0,11,6,54.55,6,6,8.0,1.0,12.5,0.0,0,12,5,41.67,2,10,2.0,0.0,4,0,0,5.1,4.72,5.51,3.94,6.73,5.08,0.453,2025-10-16T03:41:46.111519+00:00,297,Northbridge_FC_20251208181114_297,1,5.08
Metro FC,2357.095,417.913,17.73,45.95,114,70,18,44,88,18,0.0,3,2,1,2,17,61.54,0.0,2,0,3,1,2,0,4.0,8,6,75.0,11,3,13.0,3.0,23.08,1.0,0,20,10,50.0,3,17,0.0,1.0,10,3,0,4.8,5.77,3.99,3.96,4.62,4.77,0.419,2025-06-19T14:22:23.111519+00:00,287,Metro_FC_20251208181114_287,1,4.77
Highland Wanderers,2187.163,549.634,25.13,43.2,71,61,4,10,40,9,2.0,3,1,8,7,7,86.42,0.0,2,0,3,1,2,0,4.0,6,2,33.33,6,5,6.0,2.0,33.33,1.0,0,22,11,50.0,1,21,0.0,0.0,4,0,0,4.49,4.58,5.36,4.35,7.66,4.99,0.443,2025-04-20T15:10:27.111519+00:00,714,Highland_Wanderers_20251208181114_714,1,4.99
Mapúa University,2623.386,505.264,19.26,48.86,53,39,5,14,38,6,5.0,1,1,1,1,4,74.21,0.0,2,1,6,3,3,0,5.0,4,2,50.0,8,7,3.0,1.0,33.33,3.0,1,33,17,51.52,11,22,0.0,1.0,7,1,0,5.02,4.68,5.17,3.47,7.21,4.96,0.44,2025-04-02T04:47:43.111519+00:00,773,Mapúa_University_20251208181114_773,1,4.96
Lyceum,2098.408,228.936,10.91,38.98,85,73,4,12,67,9,5.0,1,2,0,0,5,85.64,0.0,2,0,3,1,2,0,3.0,6,3,50.0,6,9,6.0,1.0,16.67,1.0,1,16,3,18.75,4,12,0.0,1.0,9,2,0,5.17,5.54,4.94,3.37,5.35,4.99,0.443,2025-07-17T11:09:45.111519+00:00,241,Lyceum_20251208181114_241,1,4.99
Adamson University,3575.497,912.109,25.51,66.16,128,92,14,36,92,17,6.0,4,2,2,4,13,71.73,0.0,4,1,9,3,6,0,9.0,22,12,54.55,7,4,6.0,1.0,16.67,1.0,2,31,16,51.61,10,21,1.0,2.0,1,0,0,4.95,5.2,5.78,4.71,7.66,5.42,0.491,2025-02-18T05:00:29.111519+00:00,243,Adamson_University_20251208181114_243,1,5.42
San Beda University,3071.11,578.904,18.85,61.23,152,123,9,29,91,13,16.0,5,2,8,17,21,80.67,0.0,2,0,4,2,2,0,5.0,9,6,66.67,12,1,5.0,1.0,20.0,1.0,1,17,9,52.94,0,17,0.0,0.0,6,0,0,4.9,5.2,5.57,3.66,7.2,5.17,0.463,2025-10-04T00:07:44.111519+00:00,568,San_Beda_University_20251208181114_568,1,5.17
Brookside United,1537.565,138.381,9.0,28.38,55,37,6,18,37,7,0.0,1,0,4,5,6,66.91,0.0,1,0,2,1,1,0,3.0,6,4,66.67,12,9,14.0,4.0,28.57,0.0,2,2,1,50.0,1,1,0.0,0.0,12,2,0,4.76,3.91,3.98,3.47,5.43,4.25,0.361,2025-06-27T06:53:27.112519+00:00,953,Brookside_United_20251208181114_953,1,4.25
2 Worlds FC,1753.936,195.213,11.13,35.06,111,75,12,36,78,18,4.0,4,0,2,5,14,67.28,0.0,2,0,4,2,2,0,5.0,3,1,33.33,8,9,10.0,4.0,40.0,0.0,0,20,9,45.0,6,14,0.0,3.0,9,0,0,4.02,4.07,5.1,3.97,6.58,4.5,0.389,2025-04-27T22:03:18.112519+00:00,671,2_Worlds_FC_20251208181114_671,1,4.5
Far Eastern University,2554.588,548.47,21.47,46.18,155,115,12,40,121,33,7.0,0,4,0,0,18,73.94,0.0,4,1,5,2,3,0,6.0,3,1,33.33,8,4,8.0,2.0,25.0,2.0,1,23,15,65.22,5,18,0.0,2.0,4,0,0,5.11,5.51,4.44,5.11,6.78,5.25,0.472,2025-06-25T11:19:50.112519+00:00,873,Far_Eastern_University_20251208181114_873,1,5.25
National University,2703.617,488.544,18.07,48.44,101,91,3,10,70,16,7.0,3,2,2,2,5,89.95,0.0,2,0,4,1,3,0,3.0,3,2,66.67,7,2,4.0,1.0,25.0,0.0,0,13,9,69.23,5,8,0.0,1.0,3,0,0,4.53,3.42,4.14,3.59,6.85,4.24,0.36,2025-03-28T09:25:59.112519+00:00,101,National_University_20251208181114_101,1,4.24
National University,2373.039,274.323,11.56,44.01,73,64,3,9,51,14,3.0,2,0,1,1,10,88.3,0.0,1,0,3,1,2,0,3.0,4,2,50.0,14,8,2.0,0.0,0.0,0.0,0,20,9,45.0,4,16,2.0,1.0,4,0,0,3.63,4.33,4.93,4.0,6.98,4.47,0.386,2025-05-18T23:47:20.112519+00:00,274,National_University_20251208181114_274,1,4.47
Ateneo de Manila University,2826.33,493.477,17.46,50.64,84,59,4,25,56,17,8.0,4,2,0,0,6,69.87,0.0,3,0,5,1,4,0,5.0,8,7,87.5,5,5,6.0,1.0,16.67,1.0,0,18,8,44.44,7,11,0.0,2.0,7,1,0,3.55,4.89,4.81,3.51,6.7,4.49,0.388,2025-06-14T18:06:12.112519+00:00,407,Ateneo_de_Manila_University_20251208181114_407,1,4.49
Adamson University,3766.264,188.313,5.0,67.91,195,131,24,64,130,24,14.0,6,4,9,8,10,67.3,0.0,5,0,7,3,4,0,8.0,12,7,58.33,3,2,3.0,1.0,33.33,1.0,0,16,6,37.5,2,14,0.0,2.0,4,0,0,4.62,4.11,4.06,5.27,7.8,4.77,0.419,2025-12-06T21:15:50.112519+00:00,532,Adamson_University_20251208181114_532,1,4.77
City United,1818.199,316.367,17.4,33.58,44,32,4,12,31,5,2.0,1,2,1,3,4,71.7,0.0,0,0,2,1,1,0,2.0,8,6,75.0,13,5,6.0,1.0,16.67,1.0,0,22,10,45.45,7,15,1.0,1.0,7,0,0,3.98,4.87,4.3,4.36,7.92,4.74,0.416,2025-10-05T11:35:03.112519+00:00,368,City_United_20251208181114_368,1,4.74
National University,2627.643,515.018,19.6,49.75,146,121,9,25,118,10,0.0,5,3,3,8,9,82.74,0.0,2,0,5,1,4,1,6.0,7,4,57.14,9,5,9.0,1.0,11.11,1.0,0,19,13,68.42,5,14,0.0,1.0,4,0,0,4.33,4.35,4.93,3.73,7.24,4.66,0.407,2025-12-07T11:00:08.113521+00:00,877,National_University_20251208181114_877,1,4.66
Lakeside Athletic,1934.747,181.673,9.39,37.58,59,42,7,17,36,11,5.0,1,1,2,3,4,71.69,0.0,1,0,1,0,1,0,1.0,5,3,60.0,7,10,1.0,0.0,0.0,1.0,1,8,2,25.0,0,8,0.0,0.0,6,0,0,3.53,5.71,4.31,4.87,7.09,4.84,0.427,2025-06-16T23:25:14.113521+00:00,654,Lakeside_Athletic_20251208181114_654,1,4.84
Coastal Town,2159.068,522.71,24.21,38.48,86,68,6,18,55,16,7.0,2,3,1,1,4,78.93,0.0,1,0,3,1,2,0,4.0,13,7,53.85,3,0,13.0,3.0,23.08,1.0,0,11,5,45.45,0,11,0.0,1.0,2,0,0,5.98,3.89,4.8,4.19,7.3,5.04,0.449,2025-03-07T21:02:40.113521+00:00,754,Coastal_Town_20251208181114_754,1,5.04
Far Eastern University,3103.088,1185.38,38.2,62.05,138,109,11,29,100,7,9.0,1,4,4,12,14,79.2,0.0,2,1,8,4,4,1,8.0,12,8,66.67,9,7,7.0,2.0,28.57,3.0,1,25,13,52.0,4,21,1.0,3.0,2,0,0,4.98,5.23,5.05,4.24,7.81,5.24,0.471,2024-12-14T06:30:24.113521+00:00,901,Far_Eastern_University_20251208181114_901,1,5.24
San Beda University,2911.394,511.532,17.57,54.32,106,76,14,30,62,17,11.0,2,2,7,5,13,71.71,0.0,2,0,5,2,3,0,6.0,9,5,55.56,9,4,11.0,3.0,27.27,0.0,0,33,17,51.52,9,24,0.0,1.0,5,0,0,4.24,5.0,4.26,5.61,7.48,4.97,0.441,2025-07-29T19:20:04.113521+00:00,943,San_Beda_University_20251208181114_943,1,4.97
De La Salle University,2739.224,335.555,12.25,49.5,181,133,15,48,132,25,11.0,5,7,0,0,13,73.27,0.0,4,0,5,2,3,0,4.0,14,6,42.86,11,3,16.0,4.0,25.0,0.0,1,33,16,48.48,2,31,0.0,1.0,6,0,0,4.94,4.83,4.21,3.51,6.81,4.75,0.417,2025-10-23T23:43:22.113521+00:00,311,De_La_Salle_University_20251208181114_311,1,4.75
University of the Philippines,2457.149,371.275,15.11,44.71,104,88,2,16,66,16,9.0,4,1,2,4,16,84.49,0.0,2,0,3,1,2,0,3.0,11,4,36.36,14,4,13.0,1.0,7.69,1.0,2,24,13,54.17,12,12,0.0,1.0,2,0,0,4.3,4.68,5.38,4.46,7.1,4.92,0.436,2025-05-08T07:53:20.113521+00:00,175,University_of_the_Philippines_20251208181114_175,1,4.92
City United,3416.51,170.826,5.0,61.2,164,134,5,30,131,28,14.0,5,5,0,0,0,81.71,0.0,4,1,6,3,3,0,4.0,8,4,50.0,1,1,6.0,1.0,16.67,1.0,0,20,13,65.0,12,8,0.0,1.0,4,0,0,4.81,4.13,5.33,3.1,7.66,4.77,0.419,2025-02-15T12:33:22.113521+00:00,780,City_United_20251208181114_780,1,4.77
Lyceum,2467.004,134.452,5.45,46.65,174,118,20,56,122,13,7.0,2,0,15,16,19,67.73,1.0,5,1,5,2,3,0,6.0,9,5,55.56,4,4,1.0,0.0,0.0,0.0,1,20,8,40.0,3,17,0.0,0.0,7,3,0,4.6,4.93,4.49,4.61,5.11,4.72,0.413,2025-11-30T22:51:22.114519+00:00,574,Lyceum_20251208181114_574,1,4.72
City United,1946.455,181.604,9.33,35.68,108,89,6,19,77,9,2.0,4,4,4,8,5,82.0,0.0,1,0,4,1,3,0,4.0,7,4,57.14,1,0,11.0,3.0,27.27,2.0,0,20,11,55.0,4,16,1.0,3.0,7,0,0,3.95,4.65,4.47,2.87,8.12,4.52,0.391,2025-08-20T00:19:29.114519+00:00,431,City_United_20251208181114_431,1,4.52
Mapúa University,4001.079,358.497,8.96,75.15,167,134,10,33,113,11,3.0,8,3,10,20,14,80.35,0.0,4,0,3,1,2,0,3.0,20,11,55.0,1,3,6.0,2.0,33.33,1.0,0,39,14,35.9,10,29,1.0,2.0,2,0,0,5.35,6.09,5.93,4.02,7.61,5.71,0.523,2025-05-05T19:58:24.114519+00:00,973,Mapúa_University_20251208181114_973,1,5.71
Highland Wanderers,2742.586,575.943,21.0,50.06,140,103,11,37,90,9,7.0,5,0,14,15,7,73.23,0.0,4,1,5,2,3,0,6.0,5,2,40.0,7,2,7.0,1.0,14.29,4.0,0,30,14,46.67,4,26,2.0,0.0,1,0,0,5.64,5.02,4.68,3.55,7.4,5.16,0.462,2025-11-07T00:41:53.114519+00:00,32,Highland_Wanderers_20251208181114_32,1,5.16
Brookside United,2750.744,544.922,19.81,50.92,132,90,19,42,96,26,6.0,7,4,0,0,11,68.14,0.0,5,1,4,1,3,0,4.0,13,8,61.54,4,4,6.0,1.0,16.67,1.0,1,11,5,45.45,4,7,1.0,1.0,0,0,0,5.11,4.75,5.78,3.86,7.39,5.2,0.467,2025-09-03T09:47:44.114519+00:00,522,Brookside_United_20251208181114_522,1,5.2
Northbridge FC,2881.401,1147.662,39.83,51.87,104,81,5,23,68,8,8.0,2,2,3,12,4,78.16,0.0,2,1,7,2,5,1,7.0,15,7,46.67,10,3,7.0,0.0,0.0,0.0,1,28,9,32.14,10,18,0.0,3.0,8,2,0,5.28,5.35,4.41,4.6,5.49,5.05,0.45,2025-08-29T12:26:13.114519+00:00,834,Northbridge_FC_20251208181114_834,1,5.05
Riverside FC,2331.639,358.14,15.36,42.19,83,55,12,28,59,6,4.0,2,3,3,5,7,65.93,0.0,1,0,3,1,2,0,4.0,4,2,50.0,10,9,8.0,3.0,37.5,0.0,0,18,6,33.33,8,10,0.0,0.0,11,0,0,4.93,5.42,5.14,4.36,7.31,5.27,0.474,2025-11-13T13:03:49.114519+00:00,455,Riverside_FC_20251208181114_455,1,5.27
San Beda University,3405.566,1061.174,31.16,68.37,170,133,12,37,120,29,13.0,6,2,0,0,7,78.4,0.0,2,1,8,3,5,1,10.0,12,5,41.67,9,4,4.0,1.0,25.0,2.0,2,42,11,26.19,14,28,1.0,2.0,4,0,0,5.27,5.22,4.41,5.3,7.74,5.34,0.482,2025-06-07T03:04:59.114519+00:00,293,San_Beda_University_20251208181114_293,1,5.34
San Beda University,1923.191,346.367,18.01,37.8,143,92,26,51,120,17,4.0,5,3,0,0,15,64.48,1.0,4,0,4,2,2,0,4.0,7,3,42.86,15,1,13.0,4.0,30.77,1.0,1,14,6,42.86,4,10,1.0,0.0,7,1,0,4.77,5.39,4.82,3.99,6.29,5.0,0.444,2025-07-20T01:02:25.115519+00:00,822,San_Beda_University_20251208181114_822,1,5.0
De La Salle University,2583.906,454.251,17.58,46.93,118,98,5,20,62,13,8.0,3,3,14,14,10,83.03,0.0,4,0,5,1,4,0,5.0,13,8,61.54,2,4,15.0,3.0,20.0,0.0,0,23,10,43.48,0,23,0.0,0.0,7,0,0,5.76,5.98,4.58,4.24,6.8,5.48,0.498,2025-07-26T23:58:28.115519+00:00,66,De_La_Salle_University_20251208181114_66,1,5.48
Riverside FC,3460.761,871.766,25.19,65.46,146,104,24,42,102,14,9.0,3,4,7,6,13,71.2,1.0,4,1,6,1,5,0,5.0,16,9,56.25,2,4,6.0,1.0,16.67,2.0,0,53,31,58.49,11,42,2.0,3.0,4,1,0,5.26,4.11,4.71,4.13,6.48,4.79,0.421,2025-10-06T09:54:38.115519+00:00,776,Riverside_FC_20251208181114_776,1,4.79
Lakeside Athletic,2322.304,177.656,7.65,43.82,132,88,12,44,102,25,1.0,2,3,0,0,16,66.35,0.0,2,0,5,2,3,0,6.0,8,4,50.0,9,6,12.0,2.0,16.67,1.0,0,11,4,36.36,2,9,0.0,2.0,7,2,0,4.1,5.13,5.21,5.0,5.65,4.89,0.432,2025-04-18T05:31:19.115519+00:00,686,Lakeside_Athletic_20251208181114_686,1,4.89
University of the Philippines,2319.715,115.986,5.0,46.66,84,65,7,19,59,14,7.0,2,1,0,0,3,77.52,0.0,1,0,4,1,3,0,5.0,9,6,66.67,10,7,13.0,2.0,15.38,2.0,0,19,8,42.11,7,12,0.0,2.0,9,0,0,4.14,5.05,3.71,3.91,7.15,4.58,0.398,2025-02-07T20:55:29.115519+00:00,728,University_of_the_Philippines_20251208181114_728,1,4.58
Mapúa University,2271.751,113.588,5.0,44.08,89,63,9,26,69,4,4.0,3,2,3,4,4,70.96,0.0,1,0,4,1,3,0,4.0,8,5,62.5,0,7,6.0,2.0,33.33,1.0,0,18,11,61.11,4,14,1.0,1.0,5,1,0,4.97,5.25,5.25,4.55,6.83,5.23,0.47,2025-06-13T22:27:54.115519+00:00,828,Mapúa_University_20251208181114_828,1,5.23
Metro FC,3005.405,442.696,14.73,54.42,195,154,13,41,138,39,8.0,6,4,0,0,20,78.99,0.0,4,0,5,2,3,0,6.0,12,5,41.67,8,9,4.0,0.0,0.0,3.0,0,20,14,70.0,2,18,0.0,0.0,3,0,0,4.87,6.68,5.52,3.74,7.6,5.62,0.513,2025-02-23T09:45:39.115519+00:00,946,Metro_FC_20251208181114_946,1,5.62
San Beda University,1448.773,195.15,13.47,29.14,76,60,5,16,44,9,4.0,1,1,10,7,5,79.46,0.0,2,0,2,1,1,0,2.0,0,0,17.17,10,1,15.0,3.0,20.0,2.0,0,9,4,44.44,2,7,0.0,0.0,5,0,0,4.26,5.47,4.58,3.12,6.26,4.7,0.411,2025-04-01T06:13:50.115519+00:00,775,San_Beda_University_20251208181114_775,1,4.7
Lyceum,1955.822,123.804,6.33,38.32,72,51,8,21,50,8,6.0,1,1,3,3,3,71.21,0.0,2,0,4,1,3,0,5.0,8,5,62.5,13,9,12.0,1.0,8.33,1.0,0,13,6,46.15,5,8,0.0,0.0,0,0,0,4.51,4.1,4.47,4.22,7.25,4.62,0.402,2024-12-08T18:04:10.116519+00:00,494,Lyceum_20251208181114_494,1,4.62
Coastal Town,2328.096,383.903,16.49,45.24,111,78,11,33,68,16,8.0,2,2,4,10,8,70.27,0.0,1,0,3,1,2,0,3.0,6,3,50.0,3,10,5.0,1.0,20.0,2.0,0,18,11,61.11,6,12,0.0,1.0,2,0,0,5.15,3.91,5.02,3.84,6.43,4.72,0.413,2025-05-22T21:07:16.116519+00:00,265,Coastal_Town_20251208181114_265,1,4.72
Lyceum,1823.059,229.705,12.6,35.81,107,76,17,31,84,16,8.0,3,1,0,0,6,70.77,0.0,2,0,4,1,3,0,5.0,10,6,60.0,0,10,12.0,1.0,8.33,1.0,0,26,12,46.15,7,19,0.0,2.0,12,1,0,5.13,4.65,4.39,3.89,6.06,4.77,0.419,2025-09-25T06:22:35.116519+00:00,891,Lyceum_20251208181114_891,1,4.77
San Beda University,2377.49,186.633,7.85,44.95,109,84,7,25,71,20,3.0,3,1,6,5,1,76.61,0.0,1,0,3,1,2,0,3.0,7,4,57.14,12,15,8.0,2.0,25.0,0.0,1,17,9,52.94,4,13,0.0,1.0,7,0,0,4.22,5.05,4.82,3.58,6.31,4.69,0.41,2025-09-29T14:23:22.116519+00:00,626,San_Beda_University_20251208181114_626,1,4.69
San Beda University,2294.462,210.861,9.19,43.32,81,65,4,16,52,11,7.0,4,1,2,4,6,80.37,0.0,1,0,3,1,2,0,4.0,4,2,50.0,6,4,6.0,2.0,33.33,0.0,0,8,6,75.0,0,8,1.0,0.0,2,0,0,4.93,4.23,4.32,3.96,7.17,4.7,0.411,2025-10-06T16:41:03.116519+00:00,577,San_Beda_University_20251208181114_577,1,4.7
Highland Wanderers,2025.008,342.834,16.93,37.24,46,32,4,14,29,8,3.0,2,0,2,2,7,69.69,0.0,2,0,4,2,2,0,3.0,11,5,45.45,7,7,10.0,3.0,30.0,1.0,1,3,1,33.33,1,2,1.0,0.0,2,0,0,4.18,5.01,3.8,3.93,7.07,4.59,0.399,2025-09-10T18:47:52.116519+00:00,64,Highland_Wanderers_20251208181114_64,1,4.59
2 Worlds FC,1862.751,338.648,18.18,33.47,67,38,10,29,52,5,4.0,2,3,1,2,11,56.9,0.0,2,0,2,1,1,0,2.0,5,3,60.0,5,10,13.0,0.0,0.0,0.0,1,29,21,72.41,10,19,1.0,0.0,4,1,0,3.87,5.04,4.3,5.64,6.48,4.79,0.421,2025-03-17T08:12:09.116519+00:00,723,2_Worlds_FC_20251208181114_723,1,4.79
Metro FC,3471.169,375.58,10.82,66.97,129,99,13,30,87,17,4.0,2,1,4,13,9,77.02,0.0,1,1,8,2,6,0,6.0,10,5,50.0,4,4,4.0,0.0,0.0,1.0,2,28,14,50.0,5,23,0.0,2.0,5,0,0,4.81,4.86,4.79,4.44,7.34,5.02,0.447,2025-01-31T23:04:56.116519+00:00,260,Metro_FC_20251208181114_260,1,5.02
Metro FC,3274.269,483.61,14.77,64.6,109,70,13,39,66,15,10.0,3,2,6,7,13,63.98,1.0,4,1,7,3,4,1,8.0,8,5,62.5,8,2,9.0,3.0,33.33,1.0,2,39,12,30.77,9,30,0.0,2.0,3,0,0,5.36,4.98,4.59,4.63,7.45,5.21,0.468,2025-01-01T20:36:05.116519+00:00,142,Metro_FC_20251208181114_142,1,5.21
2 Worlds FC,2257.586,521.502,23.1,41.54,111,95,4,16,89,7,8.0,3,2,1,1,7,85.28,0.0,1,1,4,2,2,1,3.0,0,0,9.87,10,7,12.0,3.0,25.0,1.0,1,25,7,28.0,5,20,0.0,1.0,5,0,0,4.89,5.01,5.19,3.71,7.21,5.05,0.45,2025-08-01T18:09:13.117519+00:00,317,2_Worlds_FC_20251208181114_317,1,5.05
Far Eastern University,2618.708,479.485,18.31,50.92,150,114,7,36,89,23,9.0,9,1,5,13,9,75.98,0.0,3,0,7,3,4,0,9.0,9,5,55.56,5,6,4.0,1.0,25.0,0.0,3,16,6,37.5,3,13,0.0,3.0,0,0,0,5.18,4.74,4.75,3.1,7.38,4.9,0.433,2025-03-12T12:11:28.117519+00:00,367,Far_Eastern_University_20251208181114_367,1,4.9
National University,2323.991,718.113,30.9,42.33,130,94,17,36,98,19,6.0,5,2,0,0,9,72.16,0.0,2,0,4,1,3,0,3.0,9,6,66.67,6,4,5.0,1.0,20.0,0.0,0,11,6,54.55,2,9,0.0,1.0,10,2,0,5.48,4.84,4.04,3.79,6.09,4.84,0.427,2025-12-03T03:15:26.117519+00:00,51,National_University_20251208181114_51,1,4.84
Lakeside Athletic,3233.482,383.168,11.85,64.46,189,147,17,42,122,20,14.0,9,3,8,12,11,77.73,0.0,5,0,7,3,4,0,8.0,13,7,53.85,5,4,4.0,1.0,25.0,0.0,0,42,17,40.48,10,32,0.0,5.0,5,0,0,5.85,4.6,5.77,5.47,7.1,5.56,0.507,2025-04-13T17:12:38.117519+00:00,643,Lakeside_Athletic_20251208181114_643,1,5.56
Valley Rovers,3484.728,730.399,20.96,69.96,151,130,5,21,103,14,15.0,5,7,2,6,9,85.94,0.0,1,1,7,3,4,1,7.0,19,11,57.89,3,4,6.0,2.0,33.33,1.0,2,9,5,55.56,1,8,0.0,1.0,2,0,0,5.37,5.17,5.59,3.93,7.14,5.33,0.481,2025-05-17T13:26:56.117519+00:00,791,Valley_Rovers_20251208181114_791,1,5.33
Metro FC,2597.513,660.288,25.42,51.09,139,103,11,36,100,0,11.0,6,5,12,5,4,74.21,0.0,4,1,5,2,3,0,5.0,4,2,50.0,4,8,4.0,0.0,0.0,0.0,0,31,19,61.29,11,20,0.0,2.0,8,0,0,5.4,3.72,5.44,5.41,7.38,5.14,0.46,2025-09-15T03:37:56.117519+00:00,685,Metro_FC_20251208181114_685,1,5.14
Far Eastern University,2297.228,647.359,28.18,42.86,115,85,6,30,86,13,4.0,2,2,4,3,5,73.54,0.0,3,0,4,1,3,0,7.0,11,6,54.55,15,7,11.0,0.0,0.0,1.0,0,14,7,50.0,2,12,0.0,1.0,6,0,0,4.93,5.24,4.22,3.58,6.61,4.85,0.428,2025-06-08T23:11:21.117519+00:00,761,Far_Eastern_University_20251208181114_761,1,4.85
Lakeside Athletic,2663.862,307.143,11.53,49.51,130,102,3,28,93,15,5.0,2,4,6,4,9,78.26,0.0,2,0,5,2,3,0,3.0,13,10,76.92,10,4,9.0,1.0,11.11,1.0,0,19,9,47.37,6,13,0.0,0.0,3,0,0,3.46,5.72,4.95,4.2,6.68,4.82,0.424,2025-07-02T18:29:06.117519+00:00,58,Lakeside_Athletic_20251208181114_58,1,4.82
Lyceum,1851.033,308.197,16.65,34.33,132,88,18,44,102,13,10.0,7,2,0,0,9,66.59,0.0,2,0,5,2,3,1,4.0,3,1,33.33,2,0,12.0,2.0,16.67,0.0,1,24,14,58.33,7,17,0.0,3.0,11,2,0,3.37,3.79,4.1,4.91,5.59,4.07,0.341,2025-02-15T14:20:58.118519+00:00,258,Lyceum_20251208181114_258,1,4.07
Mapúa University,2855.092,343.753,12.04,54.42,141,107,11,34,104,8,6.0,1,5,7,10,15,75.87,1.0,3,1,7,2,5,1,5.0,5,3,60.0,3,2,10.0,2.0,20.0,0.0,2,33,13,39.39,9,24,0.0,1.0,3,0,0,5.27,4.48,4.09,4.39,7.38,4.9,0.433,2025-05-04T11:25:19.118519+00:00,285,Mapúa_University_20251208181114_285,1,4.9
University of the Philippines,1039.148,91.965,8.85,19.16,36,28,3,8,21,6,2.0,2,0,3,3,6,78.71,0.0,1,0,2,1,1,0,2.0,1,1,100.0,14,15,7.0,1.0,14.29,3.0,0,10,4,40.0,4,6,1.0,0.0,16,0,0,4.41,5.77,4.88,4.47,6.72,5.12,0.458,2024-12-25T01:06:05.118519+00:00,319,University_of_the_Philippines_20251208181114_319,1,5.12
Lakeside Athletic,2111.832,422.155,19.99,39.45,112,69,19,43,96,16,6.0,4,1,0,0,13,61.66,0.0,3,0,4,1,3,0,3.0,3,2,66.67,4,6,9.0,2.0,22.22,0.0,0,14,5,35.71,0,14,0.0,1.0,0,0,0,5.6,4.09,3.53,3.78,7.45,4.69,0.41,2025-06-20T20:41:28.118519+00:00,624,Lakeside_Athletic_20251208181114_624,1,4.69
City United,2098.875,664.924,31.68,41.62,95,68,2,27,62,9,6.0,3,2,5,8,11,71.92,0.0,2,0,4,1,3,0,6.0,11,7,63.64,2,8,3.0,0.0,0.0,1.0,1,14,6,42.86,5,9,0.0,3.0,10,0,0,5.02,5.23,4.92,4.81,6.69,5.2,0.467,2025-11-06T04:54:49.118519+00:00,17,City_United_20251208181114_17,1,5.2
University of the Philippines,2338.938,166.298,7.11,44.85,98,75,8,23,67,16,9.0,3,2,1,0,11,76.38,0.0,1,0,5,1,4,0,4.0,15,10,66.67,7,5,10.0,2.0,20.0,1.0,1,21,12,57.14,3,18,0.0,0.0,8,0,0,4.78,6.28,4.36,4.79,6.63,5.3,0.478,2025-10-20T14:26:37.118519+00:00,525,University_of_the_Philippines_20251208181114_525,1,5.3
Coastal Town,3055.224,719.2,23.54,57.97,168,121,17,47,118,26,6.0,4,3,4,5,2,71.74,0.0,3,0,5,1,4,0,4.0,3,2,66.67,16,5,6.0,1.0,16.67,1.0,0,32,18,56.25,4,28,0.0,1.0,1,0,0,4.14,6.59,4.79,3.58,6.86,5.15,0.461,2025-06-13T23:45:45.118519+00:00,778,Coastal_Town_20251208181114_778,1,5.15
Adamson University,2858.521,512.247,17.92,53.54,145,113,9,32,108,13,11.0,9,5,0,0,3,78.09,0.0,1,0,5,2,3,0,4.0,7,3,42.86,5,6,6.0,2.0,33.33,1.0,1,17,7,41.18,8,9,0.0,1.0,6,0,0,5.07,3.62,4.89,3.68,7.92,4.72,0.413,2025-08-03T12:28:04.118519+00:00,186,Adamson_University_20251208181114_186,1,4.72
Adamson University,2353.533,308.784,13.12,45.24,96,72,11,24,67,11,7.0,2,3,2,3,6,75.04,0.0,2,0,3,1,2,0,2.0,12,5,41.67,7,8,5.0,2.0,40.0,1.0,0,12,8,66.67,4,8,0.0,0.0,6,0,0,5.05,5.55,4.96,3.67,7.48,5.22,0.469,2025-04-27T11:38:41.119519+00:00,482,Adamson_University_20251208181114_482,1,5.22
Northbridge FC,3171.741,297.509,9.38,63.65,107,82,11,25,70,10,3.0,3,2,9,10,12,76.42,0.0,3,1,7,3,4,0,12.0,10,6,60.0,8,5,11.0,4.0,36.36,1.0,0,32,23,71.88,13,19,0.0,4.0,2,0,0,5.34,4.85,4.21,3.95,6.91,4.94,0.438,2025-04-26T20:42:07.119519+00:00,194,Northbridge_FC_20251208181114_194,1,4.94
Northbridge FC,2573.812,128.691,5.0,48.8,96,68,5,28,55,12,8.0,5,1,11,5,8,71.12,0.0,2,1,6,2,4,1,5.0,0,0,29.25,7,3,7.0,2.0,28.57,0.0,0,24,19,79.17,7,17,0.0,0.0,6,0,0,5.31,3.59,4.34,3.83,7.55,4.65,0.406,2025-04-23T15:27:02.119519+00:00,551,Northbridge_FC_20251208181114_551,1,4.65
Highland Wanderers,3308.915,228.646,6.91,59.73,159,104,16,55,117,14,4.0,5,4,9,6,10,65.68,0.0,3,0,3,2,1,0,3.0,12,5,41.67,5,0,5.0,1.0,20.0,0.0,0,14,9,64.29,2,12,0.0,0.0,5,0,0,4.07,4.92,4.63,3.74,7.66,4.73,0.414,2025-03-03T19:48:57.119519+00:00,695,Highland_Wanderers_20251208181114_695,1,4.73
Northbridge FC,2697.477,475.026,17.61,48.22,86,65,7,21,61,2,5.0,1,3,7,5,4,75.4,0.0,0,1,6,2,4,1,5.0,6,4,66.67,4,5,7.0,1.0,14.29,1.0,1,24,7,29.17,8,16,0.0,0.0,6,0,0,6.12,5.54,4.41,4.41,7.01,5.47,0.497,2025-07-06T09:42:23.119519+00:00,692,Northbridge_FC_20251208181114_692,1,5.47
Valley Rovers,1693.67,316.716,18.7,32.82,122,101,9,21,84,2,8.0,2,4,10,12,12,82.53,1.0,4,0,4,1,3,0,4.0,2,1,50.0,13,10,9.0,2.0,22.22,0.0,0,12,5,41.67,5,7,1.0,0.0,9,0,0,5.63,5.08,4.52,3.8,7.15,5.15,0.461,2025-10-28T22:46:45.119519+00:00,914,Valley_Rovers_20251208181114_914,1,5.15
2 Worlds FC,2512.431,416.31,16.57,49.17,112,83,10,29,70,21,8.0,5,1,3,4,13,74.39,0.0,2,0,4,1,3,0,5.0,9,7,77.78,8,6,6.0,1.0,16.67,0.0,1,36,15,41.67,4,32,1.0,0.0,5,0,0,4.56,5.87,5.43,4.62,7.24,5.38,0.487,2025-04-14T00:09:10.119519+00:00,626,2_Worlds_FC_20251208181114_626,1,5.38
Far Eastern University,2354.438,688.438,29.24,44.54,96,75,6,21,75,7,4.0,0,3,3,3,13,77.78,0.0,2,0,5,2,3,0,6.0,8,5,62.5,4,5,9.0,2.0,22.22,3.0,0,16,6,37.5,5,11,1.0,2.0,7,2,0,6.04,4.01,5.23,5.03,6.48,5.21,0.468,2025-04-08T06:55:21.119519+00:00,916,Far_Eastern_University_20251208181114_916,1,5.21
De La Salle University,2956.486,375.178,12.69,54.98,117,92,8,25,82,16,8.0,2,5,2,2,7,78.31,0.0,3,1,7,2,5,0,7.0,13,8,61.54,5,6,5.0,1.0,20.0,1.0,0,44,23,52.27,7,37,0.0,3.0,10,1,0,5.14,5.63,4.07,4.07,6.37,5.04,0.449,2025-11-08T14:37:51.120519+00:00,654,De_La_Salle_University_20251208181114_654,1,5.04
Valley Rovers,1525.615,293.681,19.25,27.93,66,55,4,11,46,6,5.0,1,1,2,4,4,83.35,0.0,2,0,5,2,3,1,7.0,4,2,50.0,5,3,3.0,1.0,33.33,1.0,0,16,10,62.5,0,16,0.0,3.0,7,1,0,4.47,3.79,4.71,4.46,5.9,4.47,0.386,2025-09-15T17:49:03.120519+00:00,109,Valley_Rovers_20251208181114_109,1,4.47
Far Eastern University,4187.843,766.375,18.3,75.04,200,158,15,42,150,25,13.0,3,4,3,2,14,79.13,0.0,1,0,5,2,3,1,8.0,13,8,61.54,2,3,1.0,0.0,0.0,0.0,0,7,5,71.43,2,5,0.0,2.0,3,0,0,5.4,5.12,5.55,4.27,7.05,5.36,0.484,2025-01-30T17:17:03.120519+00:00,910,Far_Eastern_University_20251208181114_910,1,5.36
Northbridge FC,2856.738,509.356,17.83,51.22,120,91,10,29,83,11,8.0,7,3,3,5,12,75.86,0.0,2,0,5,2,3,0,5.0,7,4,57.14,3,6,9.0,3.0,33.33,1.0,1,10,6,60.0,4,6,0.0,2.0,5,0,0,5.43,4.61,4.3,3.76,7.02,4.9,0.433,2025-01-30T03:24:06.120519+00:00,534,Northbridge_FC_20251208181114_534,1,4.9
Brookside United,2817.87,481.292,17.08,50.66,91,57,13,34,68,15,1.0,0,1,3,3,10,62.71,0.0,1,1,7,3,4,0,7.0,7,4,57.14,11,3,8.0,1.0,12.5,0.0,2,21,11,52.38,12,9,1.0,2.0,7,2,0,4.24,4.61,3.81,4.1,5.83,4.4,0.378,2025-06-20T14:17:21.120519+00:00,646,Brookside_United_20251208181114_646,1,4.4
Mapúa University,3087.055,675.756,21.89,58.13,116,96,9,20,82,18,14.0,5,1,0,0,14,82.76,1.0,3,1,6,1,5,0,5.0,3,2,66.67,0,5,4.0,1.0,25.0,1.0,0,19,8,42.11,8,11,0.0,1.0,4,0,0,4.33,4.7,4.71,3.94,7.06,4.73,0.414,2025-01-11T13:42:30.120519+00:00,245,Mapúa_University_20251208181114_245,1,4.73
San Beda University,3231.199,602.619,18.65,64.19,110,73,14,37,83,13,9.0,3,3,0,0,12,66.41,0.0,2,1,8,3,5,0,7.0,17,12,70.59,3,2,4.0,1.0,25.0,0.0,0,26,9,34.62,11,15,1.0,4.0,5,3,0,5.19,4.63,4.54,3.28,5.32,4.65,0.406,2025-11-18T06:18:04.120519+00:00,337,San_Beda_University_20251208181114_337,1,4.65
Riverside FC,3161.776,323.45,10.23,57.87,75,60,6,15,51,8,3.0,3,2,2,7,5,79.38,0.0,1,1,6,2,4,0,5.0,7,3,42.86,3,4,6.0,1.0,16.67,0.0,3,6,3,50.0,2,4,1.0,2.0,4,3,0,6.07,4.84,5.11,3.53,4.24,5.0,0.444,2025-04-28T21:44:33.120519+00:00,416,Riverside_FC_20251208181114_416,1,5.0
Far Eastern University,2963.155,603.298,20.36,52.77,77,52,7,25,57,12,5.0,4,3,0,0,6,67.98,1.0,3,0,4,1,3,0,6.0,12,7,58.33,3,7,3.0,0.0,0.0,1.0,1,24,8,33.33,1,23,0.0,2.0,7,1,0,3.88,5.48,4.54,3.62,6.45,4.68,0.409,2025-03-12T16:28:03.121521+00:00,424,Far_Eastern_University_20251208181114_424,1,4.68
Mapúa University,2349.315,404.552,17.22,46.87,106,73,11,33,73,12,10.0,3,1,4,4,4,68.65,0.0,1,0,5,1,4,0,4.0,11,6,54.55,10,9,10.0,2.0,20.0,1.0,0,24,12,50.0,8,16,0.0,1.0,2,0,0,4.1,4.69,4.29,3.71,7.22,4.56,0.396,2025-09-05T00:48:37.121521+00:00,919,Mapúa_University_20251208181114_919,1,4.56
Adamson University,2349.274,266.408,11.34,42.77,120,85,6,35,82,8,9.0,3,1,8,10,4,70.79,0.0,4,0,4,1,3,0,5.0,9,6,66.67,3,8,8.0,2.0,25.0,2.0,0,16,9,56.25,6,10,0.0,1.0,10,3,0,4.61,4.96,4.66,4.23,4.45,4.65,0.406,2025-03-09T15:28:25.121521+00:00,575,Adamson_University_20251208181114_575,1,4.65
University of Santo Tomas,2139.717,393.708,18.4,40.38,127,107,11,20,102,12,12.0,4,5,0,0,12,83.96,1.0,3,0,4,1,3,0,5.0,6,4,66.67,3,6,5.0,1.0,20.0,1.0,1,19,7,36.84,6,13,0.0,0.0,9,2,0,3.86,4.78,5.92,3.44,5.93,4.68,0.409,2025-11-04T21:12:57.121521+00:00,544,University_of_Santo_Tomas_20251208181114_544,1,4.68
Mapúa University,129.716,24.983,19.26,2.52,8,7,0,1,4,1,0.0,0,0,1,1,1,91.34,0.0,0,0,0,0,0,0,0.0,0,0,43.97,6,12,26.0,6.0,23.08,1.0,1,2,1,50.0,2,0,0.0,0.0,4,0,0,2.28,4.7,4.98,5.14,6.95,4.37,0.374,2025-08-18T03:04:12.121521+00:00,395,Mapúa_University_20251208181114_395,1,4.37
Metro FC,2284.233,329.158,14.41,42.09,86,61,3,25,55,12,0.0,1,2,6,10,10,70.75,0.0,1,0,2,0,2,0,2.0,7,5,71.43,0,7,11.0,1.0,9.09,1.0,1,23,10,43.48,6,17,1.0,0.0,8,1,0,3.53,6.27,5.36,4.3,6.17,5.04,0.449,2025-06-20T20:47:22.121521+00:00,954,Metro_FC_20251208181114_954,1,5.04
Highland Wanderers,4064.31,404.399,9.95,74.44,115,84,12,31,73,16,7.0,1,4,6,7,1,73.36,0.0,2,0,8,3,5,1,10.0,7,4,57.14,3,2,0.0,0.0,0.0,2.0,0,40,26,65.0,3,37,1.0,1.0,2,0,0,5.09,4.24,4.65,3.27,6.98,4.7,0.411,2025-11-17T15:47:09.121521+00:00,560,Highland_Wanderers_20251208181114_560,1,4.7
Metro FC,2279.036,290.577,12.75,43.34,107,86,7,21,74,14,7.0,7,2,1,2,9,80.39,1.0,4,1,5,2,3,0,5.0,7,5,71.43,9,7,1.0,0.0,0.0,0.0,1,16,7,43.75,1,15,2.0,0.0,7,1,0,4.95,5.61,4.38,3.88,6.23,5.0,0.444,2025-10-26T07:30:24.121521+00:00,383,Metro_FC_20251208181114_383,1,5.0
Adamson University,2732.727,136.636,5.0,49.71,117,100,6,17,78,18,8.0,2,3,3,6,12,85.25,0.0,2,1,7,1,6,0,6.0,15,8,53.33,6,6,5.0,0.0,0.0,1.0,0,19,9,47.37,5,14,1.0,3.0,7,4,0,4.74,5.94,4.92,4.72,3.33,4.97,0.441,2025-08-07T01:47:48.121521+00:00,236,Adamson_University_20251208181114_236,1,4.97
Brookside United,3728.846,905.737,24.29,67.44,162,122,10,40,99,11,5.0,3,7,19,18,15,75.43,0.0,4,1,8,2,6,0,6.0,13,5,38.46,7,3,2.0,0.0,0.0,1.0,0,12,8,66.67,5,7,1.0,3.0,4,1,0,6.0,5.58,5.0,3.41,6.44,5.36,0.484,2025-04-02T20:06:58.122519+00:00,58,Brookside_United_20251208181114_58,1,5.36
City United,1485.767,190.475,12.82,29.14,112,90,11,22,77,19,3.0,4,1,3,5,7,80.76,0.0,2,0,3,1,2,0,4.0,2,1,50.0,13,6,15.0,2.0,13.33,0.0,0,14,9,64.29,6,8,0.0,2.0,3,0,0,5.21,5.44,4.85,3.68,6.78,5.15,0.461,2025-02-22T15:19:17.122519+00:00,824,City_United_20251208181114_824,1,5.15
Lyceum,2655.52,494.458,18.62,49.94,149,116,11,33,82,17,10.0,4,4,12,19,13,77.6,0.0,2,1,6,3,3,1,7.0,17,11,64.71,10,7,5.0,2.0,40.0,1.0,2,20,14,70.0,5,15,1.0,3.0,4,1,0,5.46,4.76,4.33,4.08,6.33,4.93,0.437,2025-01-08T18:38:26.122519+00:00,126,Lyceum_20251208181114_126,1,4.93
City United,1801.616,328.795,18.25,32.49,77,70,1,7,57,13,1.0,1,1,1,2,3,90.53,1.0,2,0,3,1,2,0,3.0,6,5,83.33,4,8,6.0,1.0,16.67,0.0,0,5,4,80.0,2,3,0.0,0.0,2,1,0,4.9,4.91,4.95,3.37,6.16,4.82,0.424,2025-03-19T02:50:44.122519+00:00,548,City_United_20251208181114_548,1,4.82
Lyceum,3886.789,487.015,12.53,72.47,210,171,3,39,130,11,16.0,7,6,27,14,13,81.45,0.0,3,1,9,4,5,1,10.0,13,8,61.54,5,2,4.0,1.0,25.0,2.0,0,34,12,35.29,11,23,0.0,3.0,2,0,0,6.1,4.44,4.71,4.32,7.24,5.22,0.469,2025-09-13T10:13:58.122519+00:00,28,Lyceum_20251208181114_28,1,5.22
Adamson University,2784.173,335.493,12.05,50.71,146,117,4,29,125,14,6.0,3,2,0,0,15,79.81,0.0,4,0,5,1,4,0,7.0,14,5,35.71,8,10,1.0,0.0,0.0,1.0,1,26,14,53.85,3,23,0.0,1.0,8,0,0,5.83,6.02,4.35,3.54,7.59,5.44,0.493,2025-11-05T17:40:54.122519+00:00,92,Adamson_University_20251208181114_92,1,5.44
Adamson University,2802.837,767.136,27.37,52.74,156,100,22,56,100,19,12.0,1,5,9,10,21,64.21,0.0,4,0,5,2,3,0,5.0,3,2,66.67,3,4,4.0,1.0,25.0,1.0,0,21,7,33.33,4,17,0.0,0.0,2,0,0,3.92,5.53,4.18,3.98,7.45,4.78,0.42,2025-01-20T02:32:23.122519+00:00,80,Adamson_University_20251208181114_80,1,4.78
Far Eastern University,3601.777,614.103,17.05,68.71,158,115,13,43,106,12,11.0,3,5,9,12,19,72.5,0.0,3,0,5,2,3,0,4.0,12,6,50.0,4,1,9.0,2.0,22.22,2.0,3,18,7,38.89,6,12,1.0,2.0,5,0,0,6.0,4.65,5.57,3.07,6.65,5.19,0.466,2025-09-20T06:14:17.122519+00:00,850,Far_Eastern_University_20251208181114_850,1,5.19
National University,2666.197,649.486,24.36,53.66,128,89,18,39,94,16,1.0,3,5,4,5,11,69.52,1.0,5,0,5,1,4,0,7.0,8,3,37.5,8,10,8.0,1.0,12.5,0.0,0,18,12,66.67,1,17,0.0,1.0,4,0,0,5.11,5.73,4.18,3.76,6.29,5.03,0.448,2025-05-27T12:48:39.123523+00:00,810,National_University_20251208181114_810,1,5.03
Valley Rovers,2053.297,283.355,13.8,37.44,75,57,5,18,49,4,6.0,1,0,5,10,6,75.65,0.0,1,0,4,1,3,0,4.0,13,5,38.46,18,7,7.0,2.0,28.57,2.0,0,9,7,77.78,2,7,0.0,1.0,8,0,0,4.6,4.42,4.01,4.66,7.17,4.7,0.411,2025-04-22T07:32:38.123523+00:00,309,Valley_Rovers_20251208181114_309,1,4.7
2 Worlds FC,2385.714,307.28,12.88,45.53,68,47,9,21,51,13,1.0,0,2,0,0,2,69.23,0.0,1,0,4,1,3,0,5.0,4,2,50.0,10,7,3.0,1.0,33.33,1.0,1,7,2,28.57,3,4,0.0,2.0,6,0,0,4.92,6.26,4.36,3.79,7.8,5.31,0.479,2025-08-09T19:03:05.123523+00:00,890,2_Worlds_FC_20251208181114_890,1,5.31
University of the Philippines,943.958,184.638,19.56,17.51,42,31,2,11,30,5,3.0,2,1,0,0,4,73.5,0.0,1,0,2,0,2,0,2.0,2,1,50.0,13,8,11.0,2.0,18.18,2.0,0,15,7,46.67,2,13,1.0,1.0,13,0,0,5.02,6.14,4.39,4.7,7.23,5.38,0.487,2025-09-17T21:28:49.123523+00:00,588,University_of_the_Philippines_20251208181114_588,1,5.38
Ateneo de Manila University,2976.346,456.869,15.35,54.0,130,84,12,46,72,15,5.0,6,2,16,13,11,64.31,0.0,3,1,6,3,3,0,9.0,14,9,64.29,8,4,5.0,0.0,0.0,1.0,0,7,3,42.86,2,5,0.0,1.0,4,1,0,6.17,5.95,4.53,4.65,6.23,5.57,0.508,2025-11-15T14:22:27.123523+00:00,61,Ateneo_de_Manila_University_20251208181114_61,1,5.57
University of the Philippines,3129.574,638.746,20.41,59.94,87,57,10,30,56,12,3.0,2,1,8,6,12,65.71,0.0,3,1,5,1,4,0,5.0,8,4,50.0,11,3,6.0,0.0,0.0,0.0,0,0,0,25.95,0,0,1.0,0.0,4,0,1,5.02,4.87,4.71,4.33,5.14,4.83,0.426,2025-09-10T17:14:21.123523+00:00,468,University_of_the_Philippines_20251208181114_468,1,4.83
Lakeside Athletic,3678.827,916.396,24.91,73.74,171,120,4,51,109,20,15.0,7,1,7,13,16,69.91,0.0,3,1,8,3,5,1,5.0,11,7,63.64,2,4,6.0,3.0,50.0,0.0,1,38,15,39.47,17,21,0.0,2.0,2,2,0,4.85,4.25,4.47,3.82,5.01,4.48,0.387,2024-12-18T15:18:30.123523+00:00,870,Lakeside_Athletic_20251208181114_870,1,4.48
University of the Philippines,2594.948,254.564,9.81,50.25,99,76,6,23,64,14,8.0,2,2,5,5,9,76.48,0.0,2,0,4,2,2,0,7.0,19,7,36.84,9,4,3.0,1.0,33.33,0.0,1,20,10,50.0,5,15,0.0,2.0,4,0,0,5.09,4.59,4.54,4.11,7.74,4.97,0.441,2025-05-03T22:11:22.123523+00:00,171,University_of_the_Philippines_20251208181114_171,1,4.97
Northbridge FC,1478.221,73.911,5.0,29.03,68,52,4,16,51,6,5.0,1,1,2,3,1,75.86,0.0,1,0,2,1,1,0,2.0,4,2,50.0,3,10,11.0,2.0,18.18,0.0,1,16,9,56.25,4,12,0.0,0.0,2,0,0,3.28,4.51,4.34,4.29,7.77,4.43,0.381,2025-04-03T00:17:58.124521+00:00,344,Northbridge_FC_20251208181114_344,1,4.43
Far Eastern University,2443.562,265.371,10.86,45.06,89,66,3,23,55,7,4.0,1,2,13,7,4,73.81,1.0,3,0,4,1,3,0,4.0,2,1,50.0,13,7,7.0,1.0,14.29,0.0,1,40,19,47.5,9,31,1.0,0.0,6,2,0,4.13,4.65,4.42,4.89,5.27,4.55,0.394,2025-03-28T02:03:39.124521+00:00,345,Far_Eastern_University_20251208181114_345,1,4.55
Brookside United,977.525,226.493,23.17,17.57,37,27,2,10,26,4,2.0,1,1,2,1,4,73.84,0.0,0,0,2,1,1,0,3.0,4,2,50.0,12,10,10.0,2.0,20.0,2.0,0,3,1,33.33,0,3,1.0,0.0,10,0,0,4.36,4.91,4.75,4.74,7.54,4.96,0.44,2025-02-25T01:15:31.124521+00:00,645,Brookside_United_20251208181114_645,1,4.96
Metro FC,2648.039,498.361,18.82,48.28,50,40,2,10,35,4,5.0,1,1,1,3,5,79.14,0.0,1,1,7,2,5,1,7.0,12,8,66.67,4,2,6.0,2.0,33.33,0.0,1,19,14,73.68,6,13,0.0,3.0,3,0,0,4.62,4.56,4.87,4.11,6.91,4.81,0.423,2025-09-08T01:34:48.124521+00:00,413,Metro_FC_20251208181114_413,1,4.81
Riverside FC,2380.059,444.357,18.67,45.0,78,60,4,18,50,5,1.0,3,2,10,6,10,76.88,0.0,2,0,3,1,2,0,3.0,8,4,50.0,11,6,6.0,1.0,16.67,0.0,1,14,10,71.43,6,8,0.0,0.0,1,0,0,3.69,3.85,3.97,3.91,7.48,4.2,0.356,2025-02-25T17:53:20.124521+00:00,48,Riverside_FC_20251208181114_48,1,4.2
University of the Philippines,2367.221,442.67,18.7,42.71,135,96,10,39,103,13,4.0,4,4,2,5,12,71.27,0.0,3,0,3,1,2,0,3.0,11,4,36.36,2,5,11.0,3.0,27.27,2.0,1,25,10,40.0,8,17,0.0,2.0,3,0,0,5.03,4.54,5.14,4.76,7.25,5.1,0.456,2025-09-13T09:31:19.124521+00:00,138,University_of_the_Philippines_20251208181114_138,1,5.1
Highland Wanderers,2594.077,129.704,5.0,49.72,154,113,13,41,108,27,10.0,9,4,0,0,4,73.18,0.0,3,1,6,2,4,1,9.0,3,1,33.33,3,3,3.0,1.0,33.33,2.0,2,36,21,58.33,16,20,1.0,0.0,4,1,0,6.47,5.15,4.36,4.48,6.73,5.43,0.492,2025-11-03T05:30:09.124521+00:00,900,Highland_Wanderers_20251208181114_900,1,5.43
De La Salle University,1691.042,232.518,13.75,32.17,71,43,7,28,55,12,3.0,2,2,0,0,10,60.8,0.0,1,0,4,1,3,0,4.0,1,0,0.0,6,4,8.0,1.0,12.5,0.0,1,14,7,50.0,3,11,0.0,2.0,4,0,0,4.95,4.61,4.59,4.67,7.3,4.98,0.442,2025-01-31T14:38:22.124521+00:00,999,De_La_Salle_University_20251208181114_999,1,4.98
Riverside FC,3479.146,837.43,24.07,64.46,183,133,15,50,120,25,19.0,7,5,3,4,24,72.83,0.0,4,0,7,2,5,1,8.0,20,10,50.0,4,0,2.0,0.0,0.0,0.0,2,25,16,64.0,7,18,0.0,2.0,3,0,0,4.6,4.8,4.35,3.32,7.25,4.69,0.41,2025-11-17T16:34:53.125520+00:00,84,Riverside_FC_20251208181114_84,1,4.69
Northbridge FC,2895.44,636.128,21.97,52.09,100,77,10,23,69,4,9.0,3,2,6,7,13,77.43,0.0,2,0,6,1,5,0,8.0,15,8,53.33,4,2,4.0,1.0,25.0,3.0,0,0,0,44.47,0,0,0.0,0.0,7,0,1,4.46,5.81,5.38,4.55,5.03,5.09,0.454,2024-12-13T11:22:14.125520+00:00,890,Northbridge_FC_20251208181114_890,1,5.09
Lyceum,2881.669,375.481,13.03,53.5,85,69,7,16,59,13,5.0,2,2,2,2,5,80.92,0.0,2,1,8,2,6,0,9.0,13,6,46.15,7,0,13.0,5.0,38.46,0.0,0,30,18,60.0,13,17,1.0,3.0,2,1,0,5.6,5.42,4.72,3.66,5.97,5.14,0.46,2025-03-25T17:39:52.125520+00:00,636,Lyceum_20251208181114_636,1,5.14
Mapúa University,2466.489,391.925,15.89,48.67,131,96,11,35,99,11,6.0,5,5,2,3,20,73.44,0.0,0,0,4,2,2,0,4.0,3,2,66.67,16,3,4.0,1.0,25.0,0.0,2,17,6,35.29,4,13,0.0,4.0,3,0,0,4.84,4.57,5.22,4.25,7.37,5.01,0.446,2025-04-24T19:33:06.125520+00:00,911,Mapúa_University_20251208181114_911,1,5.01
Valley Rovers,2001.275,341.017,17.04,39.58,101,66,15,35,70,20,6.0,3,1,1,0,9,65.03,0.0,1,0,5,1,4,0,4.0,4,2,50.0,15,8,6.0,1.0,16.67,0.0,1,12,6,50.0,4,8,2.0,1.0,4,0,0,3.97,4.48,5.06,4.08,7.22,4.67,0.408,2025-10-14T04:26:44.125520+00:00,358,Valley_Rovers_20251208181114_358,1,4.67
Lakeside Athletic,2774.298,340.684,12.28,50.46,105,78,5,27,55,9,9.0,2,1,11,18,11,73.84,0.0,3,0,6,2,4,1,7.0,14,7,50.0,8,8,11.0,3.0,27.27,3.0,0,5,1,20.0,3,2,0.0,2.0,3,0,0,4.56,5.03,4.93,2.74,6.71,4.73,0.414,2025-11-19T18:52:43.125520+00:00,714,Lakeside_Athletic_20251208181114_714,1,4.73
San Beda University,2789.968,447.79,16.05,53.9,98,87,2,11,72,10,3.0,6,3,3,2,8,88.45,0.0,1,1,7,2,5,0,7.0,8,5,62.5,11,5,11.0,2.0,18.18,3.0,2,17,7,41.18,5,12,0.0,2.0,1,1,0,5.23,6.19,5.24,4.04,6.27,5.44,0.493,2025-09-07T07:39:58.125520+00:00,881,San_Beda_University_20251208181114_881,1,5.44
City United,2563.238,399.609,15.59,50.92,109,80,12,29,74,10,7.0,4,2,3,8,4,73.35,0.0,3,0,5,2,3,1,7.0,19,13,68.42,12,5,4.0,1.0,25.0,1.0,1,29,20,68.97,23,6,1.0,0.0,7,1,0,4.85,4.82,5.49,3.59,5.49,4.86,0.429,2025-11-19T11:57:34.125520+00:00,327,City_United_20251208181114_327,1,4.86
2 Worlds FC,1921.202,296.249,15.42,38.2,48,33,6,15,38,5,0.0,2,1,1,1,5,67.88,0.0,1,0,4,1,3,0,5.0,2,1,50.0,0,4,15.0,3.0,20.0,1.0,0,13,5,38.46,3,10,0.0,1.0,0,3,0,4.17,4.36,4.7,3.34,4.7,4.27,0.363,2025-04-10T04:56:32.126522+00:00,155,2_Worlds_FC_20251208181114_155,1,4.27
University of Santo Tomas,2302.428,604.848,26.27,46.13,94,69,12,25,83,5,6.0,4,3,0,0,3,73.46,0.0,2,0,3,1,2,0,3.0,7,4,57.14,12,3,0.0,0.0,0.0,2.0,0,17,6,35.29,2,15,1.0,2.0,10,1,0,4.49,4.85,5.69,4.12,6.42,4.97,0.441,2025-05-11T03:55:36.126522+00:00,202,University_of_Santo_Tomas_20251208181114_202,1,4.97
City United,2365.064,237.452,10.04,45.68,92,67,7,25,64,7,8.0,1,3,5,4,3,73.02,0.0,2,0,4,1,3,0,5.0,4,3,75.0,1,0,9.0,2.0,22.22,0.0,0,30,18,60.0,11,19,0.0,2.0,6,2,0,5.05,4.85,5.34,4.4,6.1,5.07,0.452,2024-12-26T13:47:45.126522+00:00,801,City_United_20251208181114_801,1,5.07
Mapúa University,2392.13,343.749,14.37,46.41,108,77,12,31,75,19,8.0,4,3,0,0,9,71.66,0.0,2,1,5,2,3,1,6.0,5,4,80.0,11,3,7.0,1.0,14.29,1.0,1,26,11,42.31,4,22,0.0,2.0,10,0,0,5.16,4.67,3.77,5.37,6.19,4.88,0.431,2025-02-06T01:38:48.126522+00:00,3,Mapúa_University_20251208181114_3,1,4.88
Lakeside Athletic,2201.969,408.906,18.57,39.51,102,83,7,19,80,17,6.0,2,1,0,0,6,81.59,0.0,2,1,5,2,3,0,5.0,9,6,66.67,7,7,10.0,2.0,20.0,2.0,0,8,4,50.0,0,8,0.0,1.0,4,0,0,5.21,4.91,4.61,5.5,7.15,5.24,0.471,2025-08-16T11:01:20.126522+00:00,594,Lakeside_Athletic_20251208181114_594,1,5.24
Valley Rovers,2793.751,376.877,13.49,50.1,128,89,20,39,92,22,10.0,4,2,0,0,13,69.57,0.0,2,0,4,2,2,0,5.0,12,8,66.67,11,9,3.0,1.0,33.33,0.0,0,15,8,53.33,8,7,0.0,1.0,4,0,0,4.67,5.7,4.39,3.87,7.04,5.03,0.448,2025-06-15T22:03:36.126522+00:00,739,Valley_Rovers_20251208181114_739,1,5.03
National University,3009.738,255.828,8.5,55.41,113,80,9,33,72,22,10.0,4,2,1,1,10,70.45,0.0,1,1,5,2,3,1,5.0,9,6,66.67,10,4,6.0,2.0,33.33,1.0,0,15,7,46.67,5,10,0.0,0.0,5,0,0,4.77,5.49,5.17,3.95,6.21,5.08,0.453,2025-05-28T04:58:08.126522+00:00,213,National_University_20251208181114_213,1,5.08
Ateneo de Manila University,1978.559,252.662,12.77,39.13,85,71,4,14,72,7,7.0,3,2,0,0,3,83.24,0.0,1,0,3,1,2,0,3.0,7,3,42.86,8,7,5.0,1.0,20.0,0.0,1,17,7,41.18,3,14,1.0,1.0,3,1,0,3.99,5.54,5.0,3.05,6.28,4.72,0.413,2025-09-20T17:19:59.126522+00:00,570,Ateneo_de_Manila_University_20251208181114_570,1,4.72
Riverside FC,2895.725,499.802,17.26,56.3,133,105,9,28,91,15,11.0,6,1,6,3,5,78.77,0.0,3,1,6,2,4,0,6.0,13,9,69.23,5,5,5.0,2.0,40.0,0.0,4,48,32,66.67,15,33,1.0,1.0,1,0,0,5.94,5.18,4.4,3.84,6.72,5.2,0.467,2025-07-13T07:55:37.126522+00:00,328,Riverside_FC_20251208181114_328,1,5.2
University of Santo Tomas,1016.599,269.297,26.49,19.86,33,29,1,4,26,4,2.0,0,1,0,0,2,86.87,0.0,1,0,2,1,1,0,2.0,2,1,50.0,15,8,2.0,0.0,0.0,1.0,1,9,5,55.56,2,7,0.0,0.0,0,0,0,4.19,5.57,4.59,3.81,7.33,4.92,0.436,2025-11-01T16:02:22.127520+00:00,519,University_of_Santo_Tomas_20251208181114_519,1,4.92
Lakeside Athletic,2386.49,362.508,15.19,44.17,202,164,13,38,153,23,13.0,10,6,0,0,15,81.04,0.0,4,0,5,1,4,0,6.0,17,9,52.94,9,5,11.0,3.0,27.27,2.0,0,14,8,57.14,3,11,0.0,1.0,7,2,0,4.55,5.25,4.96,4.28,5.97,4.93,0.437,2025-09-01T08:36:10.127520+00:00,42,Lakeside_Athletic_20251208181114_42,1,4.93
University of the Philippines,1687.72,410.116,24.3,32.2,77,58,7,19,64,7,5.0,3,2,0,0,8,75.05,0.0,1,0,3,1,2,0,4.0,6,3,50.0,16,5,2.0,1.0,50.0,1.0,0,10,7,70.0,2,8,0.0,1.0,15,1,0,4.19,6.19,4.37,4.52,7.35,5.15,0.461,2024-12-12T08:23:51.127520+00:00,37,University_of_the_Philippines_20251208181114_37,1,5.15
Ateneo de Manila University,2441.421,284.181,11.64,44.44,102,77,6,25,81,5,1.0,5,3,4,3,13,75.18,0.0,0,0,4,2,2,0,2.0,10,5,50.0,12,4,11.0,3.0,27.27,1.0,2,19,15,78.95,2,17,1.0,0.0,7,1,0,4.57,6.34,4.1,4.63,6.9,5.21,0.468,2025-09-30T01:08:10.127520+00:00,27,Ateneo_de_Manila_University_20251208181114_27,1,5.21
Far Eastern University,2498.285,483.918,19.37,47.64,83,59,11,24,59,13,4.0,3,1,2,2,9,70.62,0.0,2,1,6,2,4,0,7.0,11,7,63.64,7,5,9.0,2.0,22.22,1.0,1,6,4,66.67,2,4,1.0,1.0,6,0,0,5.85,5.19,5.08,3.89,6.83,5.33,0.481,2025-05-07T20:50:10.127520+00:00,839,Far_Eastern_University_20251208181114_839,1,5.33
Riverside FC,989.256,330.51,33.41,19.63,56,38,7,18,39,7,4.0,1,1,1,4,0,67.77,0.0,1,0,2,1,1,0,2.0,2,1,50.0,16,6,3.0,1.0,33.33,2.0,0,6,3,50.0,4,2,0.0,1.0,10,1,0,4.22,5.28,4.33,3.66,5.74,4.61,0.401,2025-11-20T05:23:25.127520+00:00,795,Riverside_FC_20251208181114_795,1,4.61
City United,2050.264,419.484,20.46,37.37,56,36,6,20,40,2,3.0,3,1,3,3,4,65.05,0.0,0,0,4,2,2,0,4.0,9,4,44.44,11,5,5.0,1.0,20.0,2.0,2,12,6,50.0,6,6,0.0,0.0,6,0,0,5.5,4.99,4.28,3.86,7.38,5.07,0.452,2025-01-14T10:56:21.127520+00:00,913,City_United_20251208181114_913,1,5.07
University of the Philippines,3470.593,273.483,7.88,63.12,258,197,19,61,151,29,14.0,1,4,15,45,35,76.3,0.0,3,0,4,2,2,0,4.0,15,10,66.67,0,5,4.0,0.0,0.0,0.0,0,40,18,45.0,7,33,0.0,1.0,4,0,0,4.68,4.96,5.27,5.02,7.21,5.18,0.464,2025-12-05T23:52:54.127520+00:00,341,University_of_the_Philippines_20251208181114_341,1,5.18
Far Eastern University,2749.526,913.118,33.21,50.04,104,82,7,22,66,9,3.0,5,0,8,12,11,78.64,0.0,2,1,4,1,3,0,4.0,7,5,71.43,10,3,15.0,4.0,26.67,2.0,2,19,10,52.63,4,15,1.0,2.0,6,0,0,5.38,5.02,5.24,3.83,6.74,5.17,0.463,2025-05-11T05:14:12.128520+00:00,868,Far_Eastern_University_20251208181114_868,1,5.17
2 Worlds FC,1311.069,330.914,25.24,25.91,61,43,4,18,48,9,0.0,3,1,1,0,2,70.26,0.0,1,0,2,1,1,0,2.0,6,4,66.67,15,7,15.0,3.0,20.0,1.0,0,11,8,72.73,2,9,0.0,1.0,4,0,0,4.44,4.78,3.96,4.19,7.01,4.66,0.407,2025-08-18T18:22:43.128520+00:00,599,2_Worlds_FC_20251208181114_599,1,4.66
Mapúa University,2402.485,403.137,16.78,47.38,115,79,13,36,62,15,3.0,6,2,17,10,7,68.87,0.0,0,1,6,2,4,1,8.0,7,4,57.14,18,7,5.0,1.0,20.0,2.0,0,5,3,60.0,2,3,0.0,2.0,6,0,0,5.27,6.12,5.34,4.18,7.1,5.55,0.506,2025-11-29T09:43:12.128520+00:00,185,Mapúa_University_20251208181114_185,1,5.55
Northbridge FC,1498.527,74.926,5.0,28.67,61,31,8,30,39,10,3.0,2,0,4,3,5,50.94,0.0,2,0,3,0,3,0,4.0,2,1,50.0,20,8,10.0,3.0,30.0,0.0,0,9,6,66.67,1,8,0.0,2.0,7,0,0,4.36,4.93,4.12,5.18,7.18,4.87,0.43,2025-11-02T11:39:27.128520+00:00,564,Northbridge_FC_20251208181114_564,1,4.87
Brookside United,4018.304,1425.292,35.47,73.73,172,122,17,50,112,20,4.0,5,3,16,11,19,70.66,0.0,3,0,6,2,4,0,7.0,14,7,50.0,4,3,2.0,0.0,0.0,2.0,1,33,20,60.61,8,25,1.0,0.0,1,0,0,4.66,4.55,4.48,4.3,6.96,4.77,0.419,2025-08-01T01:00:40.128520+00:00,541,Brookside_United_20251208181114_541,1,4.77
Mapúa University,3093.786,565.544,18.28,55.12,113,85,7,28,81,10,4.0,3,1,3,10,9,75.15,0.0,2,0,4,2,2,0,5.0,3,2,66.67,3,6,7.0,1.0,14.29,3.0,1,23,13,56.52,6,17,0.0,1.0,3,0,0,4.47,4.81,4.43,4.46,6.91,4.8,0.422,2025-02-03T18:20:52.128520+00:00,87,Mapúa_University_20251208181114_87,1,4.8
Riverside FC,3218.228,773.984,24.05,59.89,169,133,14,36,108,21,14.0,5,5,6,10,18,78.45,0.0,2,1,6,3,3,1,8.0,13,5,38.46,4,5,0.0,0.0,0.0,0.0,1,34,17,50.0,16,18,0.0,2.0,3,1,0,6.18,4.36,4.99,3.75,6.22,5.1,0.456,2025-01-06T07:19:23.128520+00:00,849,Riverside_FC_20251208181114_849,1,5.1
University of Santo Tomas,3031.499,647.831,21.37,56.01,131,111,6,20,93,15,16.0,1,5,0,1,4,84.88,0.0,3,0,4,1,3,0,5.0,4,3,75.0,8,2,6.0,1.0,16.67,0.0,0,35,12,34.29,5,30,0.0,3.0,3,0,0,5.09,4.08,4.82,3.96,6.71,4.76,0.418,2025-07-02T08:20:44.128520+00:00,186,University_of_Santo_Tomas_20251208181114_186,1,4.76
University of Santo Tomas,2578.184,567.2,22.0,46.46,87,57,6,30,60,10,4.0,1,1,6,4,3,66.06,0.0,1,1,4,2,2,1,4.0,5,3,60.0,8,4,4.0,1.0,25.0,2.0,0,17,5,29.41,6,11,0.0,1.0,3,0,0,5.97,4.85,4.82,3.58,7.04,5.2,0.467,2025-08-20T15:26:36.128520+00:00,823,University_of_Santo_Tomas_20251208181114_823,1,5.2
Northbridge FC,3801.748,463.433,12.19,68.94,193,134,14,59,128,29,20.0,4,2,3,7,12,69.37,0.0,5,0,8,3,5,1,10.0,9,5,55.56,5,0,7.0,2.0,28.57,1.0,1,50,32,64.0,17,33,1.0,2.0,2,0,0,4.97,4.32,4.81,4.24,7.41,4.9,0.433,2025-03-26T16:10:44.129525+00:00,708,Northbridge_FC_20251208181114_708,1,4.9
San Beda University,1981.326,277.584,14.01,39.52,80,64,4,16,54,11,4.0,5,2,2,3,12,79.72,0.0,1,0,4,2,2,0,5.0,7,4,57.14,11,3,4.0,1.0,25.0,1.0,0,11,6,54.55,2,9,1.0,0.0,4,0,0,5.03,5.39,5.1,4.01,7.01,5.2,0.467,2025-09-10T14:57:49.129525+00:00,804,San_Beda_University_20251208181114_804,1,5.2
Ateneo de Manila University,2841.335,802.961,28.26,56.02,85,63,5,22,63,8,4.0,1,1,5,4,2,74.33,0.0,2,0,4,1,3,0,4.0,11,9,81.82,9,6,5.0,1.0,20.0,2.0,0,12,7,58.33,1,11,0.0,2.0,5,0,0,4.61,3.74,5.33,3.83,7.52,4.69,0.41,2025-02-14T23:42:02.129525+00:00,103,Ateneo_de_Manila_University_20251208181114_103,1,4.69
University of the Philippines,1576.501,78.825,5.0,30.95,89,78,3,11,58,11,6.0,3,2,2,6,6,87.91,0.0,1,0,3,1,2,0,3.0,8,4,50.0,11,4,3.0,1.0,33.33,0.0,0,7,3,42.86,2,5,0.0,1.0,11,1,0,4.12,5.01,4.71,2.32,7.05,4.53,0.392,2025-10-16T04:44:58.129525+00:00,32,University_of_the_Philippines_20251208181114_32,1,4.53
San Beda University,1440.686,311.62,21.63,26.68,21,15,2,6,12,2,1.0,0,1,3,2,2,72.59,0.0,0,0,3,1,2,0,3.0,5,3,60.0,10,9,2.0,1.0,50.0,2.0,2,0,0,68.1,0,0,0.0,3.0,11,3,0,5.5,5.86,3.84,3.37,4.34,4.85,0.428,2025-02-16T15:12:06.129525+00:00,800,San_Beda_University_20251208181114_800,1,4.85
Coastal Town,2470.699,362.452,14.67,47.39,155,128,8,27,110,17,12.0,3,3,7,5,0,82.73,0.0,3,0,4,1,3,0,4.0,18,6,33.33,17,0,4.0,1.0,25.0,1.0,1,8,4,50.0,4,4,1.0,1.0,6,1,0,5.56,5.66,4.99,3.53,6.42,5.28,0.476,2025-02-13T03:06:44.129525+00:00,610,Coastal_Town_20251208181114_610,1,5.28
Ateneo de Manila University,2459.723,480.876,19.55,48.77,89,59,18,30,50,13,6.0,3,1,6,10,8,66.5,0.0,1,0,2,1,1,0,2.0,5,3,60.0,7,2,11.0,2.0,18.18,0.0,0,6,4,66.67,2,4,1.0,1.0,1,0,0,3.77,4.52,4.82,4.82,7.48,4.71,0.412,2025-08-26T04:43:50.129525+00:00,969,Ateneo_de_Manila_University_20251208181114_969,1,4.71
Adamson University,2577.095,469.547,18.22,48.62,109,83,3,26,66,18,2.0,3,1,6,13,8,76.09,0.0,2,0,3,1,2,0,4.0,10,6,60.0,6,5,8.0,1.0,12.5,0.0,0,38,13,34.21,8,30,0.0,1.0,1,0,0,4.66,4.54,4.88,4.28,7.31,4.88,0.431,2025-02-28T21:58:54.129525+00:00,581,Adamson_University_20251208181114_581,1,4.88
Riverside FC,2706.156,426.22,15.75,50.26,134,91,19,43,84,3,7.0,5,3,20,11,9,68.05,0.0,3,0,5,2,3,1,6.0,7,4,57.14,7,8,6.0,1.0,16.67,2.0,2,25,12,48.0,7,18,1.0,1.0,5,0,0,4.46,6.19,4.25,3.93,6.82,5.06,0.451,2025-06-26T05:02:19.130525+00:00,581,Riverside_FC_20251208181114_581,1,5.06
Riverside FC,2388.868,506.44,21.2,47.13,134,104,8,30,99,2,7.0,4,3,9,12,12,77.43,1.0,4,0,6,2,4,0,7.0,8,5,62.5,6,2,8.0,0.0,0.0,2.0,1,14,5,35.71,6,8,1.0,1.0,0,0,0,5.28,5.09,4.97,4.39,7.29,5.24,0.471,2025-05-08T01:37:49.130525+00:00,81,Riverside_FC_20251208181114_81,1,5.24
Northbridge FC,2480.89,688.447,27.75,47.57,93,67,10,26,70,11,8.0,2,0,1,1,7,71.94,0.0,1,0,6,3,3,1,7.0,3,2,66.67,10,3,1.0,0.0,0.0,0.0,2,33,17,51.52,19,14,0.0,2.0,8,0,0,5.16,4.56,5.16,4.92,7.52,5.19,0.466,2025-04-01T11:27:03.130525+00:00,846,Northbridge_FC_20251208181114_846,1,5.19
Lakeside Athletic,2742.865,465.464,16.97,54.85,141,100,12,41,118,11,8.0,0,1,1,3,11,71.07,0.0,3,0,6,3,3,0,6.0,7,4,57.14,9,6,5.0,1.0,20.0,1.0,0,15,5,33.33,3,12,1.0,1.0,10,2,0,4.26,4.75,5.36,3.62,5.59,4.66,0.407,2025-01-22T05:58:06.130525+00:00,294,Lakeside_Athletic_20251208181114_294,1,4.66
Coastal Town,2815.437,653.744,23.22,51.6,112,86,7,26,98,15,5.0,3,3,0,0,10,76.89,0.0,2,0,6,2,4,0,6.0,14,5,35.71,8,2,0.0,0.0,0.0,2.0,0,42,13,30.95,19,23,0.0,0.0,7,0,0,4.65,5.07,4.15,5.42,7.0,5.01,0.446,2024-12-17T11:29:39.130525+00:00,529,Coastal_Town_20251208181114_529,1,5.01
City United,2240.22,255.161,11.39,40.93,118,75,16,43,92,15,4.0,4,1,1,1,7,63.56,0.0,3,0,4,1,3,0,4.0,5,4,80.0,9,2,9.0,2.0,22.22,2.0,1,3,2,66.67,1,2,2.0,3.0,3,1,0,3.91,5.11,3.6,4.74,6.5,4.56,0.396,2025-10-12T03:23:42.130525+00:00,413,City_United_20251208181114_413,1,4.56
De La Salle University,2157.817,373.302,17.3,38.49,64,40,7,24,42,6,8.0,2,1,4,3,7,63.03,0.0,1,0,5,2,3,0,5.0,8,5,62.5,10,2,1.0,0.0,0.0,1.0,0,12,7,58.33,4,8,0.0,0.0,6,0,0,5.32,5.16,4.2,3.79,7.77,5.08,0.453,2025-03-29T05:34:32.130525+00:00,442,De_La_Salle_University_20251208181114_442,1,5.08
San Beda University,2257.483,276.09,12.23,41.67,91,56,12,35,76,10,2.0,2,2,0,0,7,61.0,0.0,1,1,5,2,3,1,6.0,11,6,54.55,4,5,12.0,2.0,16.67,2.0,0,23,11,47.83,1,22,0.0,0.0,4,0,0,6.19,4.75,4.11,4.41,7.69,5.27,0.474,2025-08-05T18:48:18.130525+00:00,532,San_Beda_University_20251208181114_532,1,5.27
University of the Philippines,1852.757,385.003,20.78,34.94,58,39,8,19,45,8,3.0,2,2,0,0,1,67.84,0.0,1,0,4,1,3,0,4.0,3,2,66.67,3,1,17.0,4.0,23.53,1.0,0,17,8,47.06,0,17,0.0,1.0,6,1,0,5.29,4.51,4.04,4.75,6.52,4.87,0.43,2025-01-11T19:22:41.130525+00:00,656,University_of_the_Philippines_20251208181114_656,1,4.87
University of Santo Tomas,2736.699,420.083,15.35,51.91,95,76,5,19,60,19,1.0,5,2,2,6,8,79.87,0.0,2,1,6,2,4,0,4.0,5,3,60.0,6,6,13.0,3.0,23.08,0.0,0,19,8,42.11,3,16,0.0,2.0,8,1,0,6.13,4.29,4.67,4.96,6.66,5.21,0.468,2025-09-08T16:01:54.131525+00:00,335,University_of_Santo_Tomas_20251208181114_335,1,5.21
City United,2356.154,417.51,17.72,47.42,110,79,9,31,72,9,3.0,3,1,8,14,8,72.23,0.0,1,0,4,2,2,0,3.0,2,1,50.0,9,1,8.0,1.0,12.5,3.0,0,23,16,69.57,12,11,2.0,0.0,6,0,0,5.13,4.72,4.58,3.64,7.15,4.9,0.433,2025-10-28T08:20:05.131525+00:00,751,City_United_20251208181114_751,1,4.9
Adamson University,2913.672,448.414,15.39,55.09,156,141,4,15,124,23,14.0,4,4,0,0,12,90.19,0.0,2,1,5,1,4,1,6.0,16,9,56.25,1,8,3.0,0.0,0.0,0.0,1,12,5,41.67,3,9,1.0,1.0,4,0,0,5.43,5.26,5.47,5.3,7.34,5.56,0.507,2025-03-31T05:58:30.131525+00:00,277,Adamson_University_20251208181114_277,1,5.56
Ateneo de Manila University,2899.453,472.321,16.29,56.26,112,97,7,15,69,13,11.0,2,1,6,10,11,86.63,0.0,2,0,5,1,4,0,5.0,8,4,50.0,4,9,11.0,2.0,18.18,2.0,0,21,10,47.62,3,18,0.0,3.0,7,2,0,4.01,4.98,5.38,5.02,5.93,4.89,0.432,2025-07-26T10:57:49.131525+00:00,277,Ateneo_de_Manila_University_20251208181114_277,1,4.89
Coastal Town,2895.943,430.337,14.86,53.67,82,46,11,36,56,12,1.0,4,3,5,2,10,56.11,0.0,2,0,2,1,1,0,1.0,9,5,55.56,5,5,2.0,1.0,50.0,1.0,0,31,11,35.48,4,27,1.0,1.0,4,1,0,4.57,5.13,4.44,3.28,6.13,4.68,0.409,2025-09-28T12:52:40.131525+00:00,477,Coastal_Town_20251208181114_477,1,4.68
Far Eastern University,3007.07,663.36,22.06,54.5,145,105,11,40,100,8,11.0,0,3,12,10,15,72.22,0.0,1,1,8,2,6,1,7.0,7,3,42.86,7,3,5.0,1.0,20.0,1.0,3,26,17,65.38,3,23,2.0,1.0,6,0,0,5.81,5.27,4.38,4.05,7.18,5.26,0.473,2025-02-10T04:44:40.131525+00:00,902,Far_Eastern_University_20251208181114_902,1,5.26
Riverside FC,2454.327,480.557,19.58,48.23,201,136,21,65,150,25,3.0,9,3,8,4,9,67.91,1.0,5,0,4,1,3,0,3.0,11,8,72.73,8,7,11.0,3.0,27.27,1.0,0,30,15,50.0,13,17,0.0,2.0,2,0,0,5.65,5.66,4.62,3.71,7.42,5.35,0.483,2024-12-26T01:01:36.131525+00:00,344,Riverside_FC_20251208181114_344,1,5.35
University of Santo Tomas,3189.21,1171.078,36.72,57.34,207,129,24,78,127,39,21.0,5,5,3,7,16,62.33,0.0,2,1,6,2,4,0,8.0,14,8,57.14,9,5,4.0,1.0,25.0,2.0,0,36,23,63.89,8,28,0.0,1.0,3,0,0,5.86,5.25,5.01,3.66,6.84,5.31,0.479,2025-09-03T21:33:16.132533+00:00,818,University_of_Santo_Tomas_20251208181114_818,1,5.31
Lakeside Athletic,2385.812,483.366,20.26,44.19,105,74,12,31,74,11,9.0,3,2,2,3,5,70.58,0.0,2,1,5,2,3,0,5.0,11,5,45.45,3,9,12.0,2.0,16.67,1.0,3,28,14,50.0,7,21,1.0,2.0,9,2,0,5.74,4.85,4.55,4.38,5.36,5.02,0.447,2025-02-13T23:40:13.132533+00:00,260,Lakeside_Athletic_20251208181114_260,1,5.02
2 Worlds FC,2915.096,746.556,25.61,53.21,122,79,19,43,77,18,5.0,1,1,15,6,15,64.53,0.0,1,0,5,2,3,0,7.0,7,4,57.14,2,6,4.0,1.0,25.0,0.0,2,31,15,48.39,11,20,1.0,1.0,6,0,0,5.11,5.1,4.49,4.44,7.35,5.11,0.457,2025-07-07T13:24:39.132533+00:00,928,2_Worlds_FC_20251208181114_928,1,5.11
University of the Philippines,2328.463,206.069,8.85,44.11,112,84,7,28,77,5,0.0,2,2,14,12,7,74.93,0.0,1,0,5,2,3,0,5.0,7,4,57.14,5,11,3.0,1.0,33.33,1.0,1,29,14,48.28,11,18,0.0,0.0,0,0,0,5.21,5.42,4.46,3.93,6.95,5.11,0.457,2025-10-26T05:08:03.132533+00:00,830,University_of_the_Philippines_20251208181114_830,1,5.11
Mapúa University,3389.123,624.615,18.43,60.41,137,107,12,30,95,15,10.0,5,1,7,4,9,78.25,0.0,1,0,4,1,3,0,6.0,8,4,50.0,5,1,6.0,0.0,0.0,2.0,1,17,6,35.29,7,10,1.0,0.0,5,0,0,4.54,5.37,4.93,4.36,7.36,5.11,0.457,2025-03-19T02:23:59.132533+00:00,887,Mapúa_University_20251208181114_887,1,5.11
University of the Philippines,2611.216,671.866,25.73,50.64,107,69,13,38,74,13,6.0,4,2,3,5,5,64.62,1.0,3,0,6,2,4,0,6.0,17,9,52.94,9,7,1.0,0.0,0.0,1.0,0,7,1,14.29,3,4,0.0,2.0,6,0,0,5.14,3.98,4.75,2.74,6.69,4.56,0.396,2025-02-28T19:08:51.132533+00:00,806,University_of_the_Philippines_20251208181114_806,1,4.56
Lakeside Athletic,1353.164,329.495,24.35,24.83,54,43,3,11,48,10,3.0,3,2,0,0,3,79.51,0.0,1,0,2,1,1,0,2.0,10,6,60.0,8,8,20.0,5.0,25.0,2.0,1,4,2,50.0,2,2,0.0,0.0,10,1,0,4.1,6.01,4.84,4.84,6.57,5.13,0.459,2025-01-12T06:27:33.132533+00:00,322,Lakeside_Athletic_20251208181114_322,1,5.13
University of Santo Tomas,2436.823,329.215,13.51,48.32,139,100,9,39,109,16,10.0,8,2,0,0,3,71.63,1.0,4,0,4,1,3,0,3.0,2,1,50.0,6,4,7.0,1.0,14.29,1.0,0,23,13,56.52,9,14,2.0,2.0,8,1,0,5.21,4.69,4.69,3.59,6.51,4.86,0.429,2025-06-02T16:27:08.132533+00:00,520,University_of_Santo_Tomas_20251208181114_520,1,4.86
Riverside FC,3118.441,368.288,11.81,58.44,103,70,10,33,64,9,6.0,4,1,8,11,2,67.84,0.0,2,0,4,1,3,0,3.0,14,7,50.0,5,4,7.0,1.0,14.29,3.0,0,5,3,60.0,2,3,2.0,0.0,2,0,0,4.51,4.71,4.59,3.66,6.8,4.69,0.41,2024-12-20T01:14:54.133530+00:00,682,Riverside_FC_20251208181114_682,1,4.69
San Beda University,1399.977,414.673,29.62,26.68,74,55,5,19,53,16,5.0,1,0,0,0,5,74.2,0.0,1,0,3,1,2,0,4.0,7,4,57.14,11,5,15.0,3.0,20.0,1.0,1,16,6,37.5,4,12,0.0,1.0,1,0,0,4.27,5.82,3.91,4.18,7.11,4.9,0.433,2025-10-22T07:07:28.133530+00:00,206,San_Beda_University_20251208181114_206,1,4.9
Lakeside Athletic,2888.149,624.418,21.62,52.01,99,73,15,26,68,10,8.0,4,3,3,3,13,73.73,0.0,1,1,5,1,4,0,5.0,14,9,64.29,13,5,14.0,2.0,14.29,0.0,2,18,9,50.0,6,12,0.0,1.0,7,2,0,5.21,5.37,5.18,5.03,5.78,5.28,0.476,2025-07-31T08:36:50.133530+00:00,263,Lakeside_Athletic_20251208181114_263,1,5.28
Northbridge FC,2881.297,793.221,27.53,54.01,131,111,7,20,113,10,5.0,1,2,0,0,9,84.42,0.0,4,0,3,1,2,0,2.0,14,5,35.71,13,8,10.0,3.0,30.0,0.0,0,9,5,55.56,2,7,1.0,1.0,3,0,0,3.99,3.75,4.23,3.67,8.05,4.33,0.37,2025-08-09T22:27:57.133530+00:00,43,Northbridge_FC_20251208181114_43,1,4.33
Highland Wanderers,3319.14,947.946,28.56,59.88,179,126,21,53,114,30,19.0,6,2,4,4,11,70.23,0.0,2,0,4,1,3,0,6.0,12,5,41.67,7,2,4.0,1.0,25.0,1.0,1,24,16,66.67,7,17,0.0,0.0,2,0,0,4.87,4.17,4.45,3.73,6.94,4.64,0.404,2025-04-07T13:08:49.133530+00:00,247,Highland_Wanderers_20251208181114_247,1,4.64
San Beda University,1416.0,126.0,8.9,54.693,244,202,14,28,183,35,5.0,18,0,144,15,85,82.79,0.0,3,0,5,1,4,0,4.0,4,4,100.0,18,61,1.0,0.0,0.0,6.0,0,44,38,86.36,26,13,2.0,3.0,8,0,0,5.55,6.51,7.08,6.85,7.04,6.61,0.0,2025-12-08T18:14:15.017036+00:00,1001,San_Beda_University_20251209021415_1001,0,
San Beda University,1327.7779562603716,127.373027998613,10.0,61.926998951594896,261,219,9,20,177,37,4.886664574625552,19,2,79,18,82,59.84217420049765,0.8077923054192413,2,1,5,1,4,1,3.689832202228108,3,4,93.0,17,74,0.5541011773528486,0.2645742108125806,0.8652410382463844,7.480090906676045,1,40,46,56.0,32,14,2.0858477774738446,3.341167196765583,7,0,1,53.14,54.43,58.15,95.0,80.12,6.943041899027909,0.0705013137565869,2025-12-08T18:14:15.018646+00:00,103,San_Beda_University_20251209021415_103,1,66.07
San Beda University,1530.2141969361228,158.15484079987553,10.786323151082716,50.02095748285898,217,256,13,38,197,31,5.63905721550596,15,1,156,9,105,76.99327892583965,0.5746904274464819,2,1,5,2,4,1,2.8252959160833555,2,4,69.0,21,66,1.531459252303227,0.5818778856233788,0.2099464114086208,3.577679503693487,1,33,49,86.0,31,15,3.075094501996784,3.5432486816724778,5,0,0,50.46,49.25,73.6,95.0,77.29,8.420697790796787,0.5569745097465483,2025-12-08T18:14:15.018646+00:00,104,San_Beda_University_20251209021415_104,1,67.19
San Beda University,1774.1757713059624,167.87632875120642,10.0,57.510706083183344,326,176,13,30,210,22,3.926797796549719,17,1,170,18,97,77.45520291590402,0.6318284387866636,4,1,5,1,3,0,3.6322566944393353,3,4,96.0,17,58,0.6732059341780046,0.4343779866860267,2.249642492317125,5.690863424367595,0,21,46,65.0,24,15,2.5316631754988,3.21329173129372,10,0,0,59.24,58.11,75.44,95.0,77.6,10.82115567995148,0.3294858215622312,2025-12-08T18:14:15.019652+00:00,105,San_Beda_University_20251209021415_105,1,77.03
San Beda University,1282.103644151941,124.86192197128774,10.0,51.259922614987545,302,193,10,29,118,36,6.593096459711755,20,1,136,11,88,82.39772187387695,0.2353680788708207,3,0,5,1,4,1,3.1693695990632405,3,3,88.0,19,54,0.7635844839783698,0.9779017880707352,1.2796174961951274,6.366769951136956,1,35,47,83.0,26,16,1.743629017197775,3.2533155462078867,7,1,0,45.14,55.49,80.0,95.0,76.23,11.02036646999412,1.128710537442702,2025-12-08T18:14:15.019652+00:00,106,San_Beda_University_20251209021415_106,1,64.71
San Beda University,1309.0153392747372,94.1904499805515,10.46583558722766,55.81528458874646,138,169,15,30,227,30,3.515205850016932,21,1,113,21,94,115.19829284898005,0.0137785893673554,3,1,4,1,3,1,4.556860386685624,4,4,84.0,17,40,1.1822773122910657,0.7122903574554094,0.2533688902391836,7.397939519003124,1,59,24,57.0,25,13,1.800869240247788,3.1283168594533657,10,2,1,45.2,57.0,95.0,82.42,74.07,6.230408920857101,0.6948756658977159,2025-12-08T18:14:15.019652+00:00,107,San_Beda_University_20251209021415_107,1,70.64
San Beda University,1352.5224867405354,135.58491427166052,10.0,56.48773627879686,131,240,14,24,231,45,6.695561799202499,16,1,156,15,75,81.5706149393611,0.39691609075593,2,0,6,2,4,1,3.9572385758339768,4,3,114.0,17,47,1.615327421968363,0.1794170505905745,0.9447919503695428,5.93540462478063,1,35,37,68.0,23,10,1.2364674339963502,2.3346430987052047,10,0,2,51.96,54.43,78.06,95.0,66.79,7.78264146640629,0.2849610573080074,2025-12-08T18:14:15.020651+00:00,108,San_Beda_University_20251209021415_108,1,63.37
San Beda University,1249.799884347025,95.82546404325744,10.0,37.59757678807135,237,179,11,34,211,30,4.392899183337999,18,1,131,18,104,65.41907552973001,0.683533216509915,2,2,6,1,4,2,3.235674369526005,5,4,122.0,19,57,1.0353069544630469,0.7552895344068024,0.4717089633217641,7.238524947815399,1,25,34,68.0,33,13,2.603975467296584,3.831722338715539,10,2,1,48.22,54.64,61.61,95.0,70.86,6.455817650047928,0.8293834631504766,2025-12-08T18:14:15.020651+00:00,109,San_Beda_University_20251209021415_109,1,65.62
San Beda University,1279.0556146129782,136.3954314469279,10.0,59.46241825948215,262,149,11,25,216,35,4.604055733347797,22,0,128,17,108,70.39928719920496,0.1604338315549592,3,1,5,1,4,0,4.030169062554294,4,5,64.0,19,45,0.513103935400333,0.6023879273829763,0.988574440277566,5.57466842599908,1,35,25,60.0,24,12,2.564987282255392,2.9487171779460284,9,0,1,53.18,46.84,75.71,95.0,74.52,8.755478677299374,0.1618664707845793,2025-12-08T18:14:15.020651+00:00,110,San_Beda_University_20251209021415_110,1,64.93
San Beda University,1299.601947613275,83.50985448615123,10.0,58.05315740634231,271,210,16,27,236,23,6.107106057803778,13,0,151,16,83,95.72403570278632,0.5586516258623606,3,2,4,1,4,1,3.227318251767401,3,3,75.0,19,71,0.0854558831254732,0.37698836864933,1.3322778610942727,6.201607039027017,1,40,41,65.0,23,9,1.88045540049122,1.884768391676912,8,1,1,57.76,53.08,92.0,95.0,69.05,7.208241322500578,0.2077055182632466,2025-12-08T18:14:15.021650+00:00,111,San_Beda_University_20251209021415_111,1,65.55
San Beda University,1696.4495147183052,147.2893727202556,10.0,53.425194726313805,244,245,10,22,188,34,4.95114964046588,8,0,166,18,100,80.92987472399584,0.2299940743615958,3,0,5,2,5,2,5.200261959361169,3,4,102.0,21,37,1.657431342245216,0.3577723793208798,0.205924299968031,6.764722224431653,2,53,47,87.0,23,12,2.50052485202971,2.635684253388564,7,0,0,44.58,61.23,80.45,95.0,68.3,3.3346959937306098,0.3258210467284191,2025-12-08T18:14:15.021650+00:00,112,San_Beda_University_20251209021415_112,1,67.35
San Beda University,1378.0003003862553,102.5198164923146,10.0,60.78484302477117,278,212,12,29,155,42,5.003007091133946,15,0,206,16,58,76.17909926458275,0.0457291988673583,4,1,5,1,4,1,3.0733108232854933,4,4,80.0,16,70,0.0,0.7267768354729328,0.1367796496121546,7.758990698073799,2,44,32,108.0,22,15,1.780899107264546,3.63341865835904,9,1,1,55.68,54.12,77.55,95.0,71.32,4.845211053751229,0.7786613815534096,2025-12-08T18:14:15.021650+00:00,113,San_Beda_University_20251209021415_113,1,67.52
San Beda University,1436.9834132380172,68.1545230263186,13.388023292580534,51.38898734072652,268,226,14,32,204,32,4.515933702618602,14,2,125,9,120,94.571490774736,0.0617408194134063,3,2,4,1,3,1,4.5970252798355045,3,4,119.0,20,71,0.670036430428191,0.2017959714892508,0.1753691273956301,3.606070413288044,1,46,39,85.0,21,8,1.9589987551620127,3.248410137609831,5,1,1,50.57,63.81,91.59,95.0,75.83,4.697028916900325,0.5845071831273523,2025-12-08T18:14:15.022650+00:00,114,San_Beda_University_20251209021415_114,1,75.85
San Beda University,1250.79201381224,86.28280690608763,10.0,60.92296270790379,279,197,9,22,148,41,4.9637198527044495,14,0,178,13,85,90.7518282957192,0.0911361638974687,4,1,6,2,3,1,4.876921453022717,3,4,119.0,19,85,1.1777724437234087,0.270190691752352,0.3762630078515382,4.514855209198492,1,51,41,92.0,30,20,2.140045257921455,2.810067006711824,6,2,1,58.89,56.26,92.35,95.0,68.54,5.105480421107978,1.139978062417229,2025-12-08T18:14:15.022650+00:00,115,San_Beda_University_20251209021415_115,1,78.34
San Beda University,1490.2262899948553,116.37520104045464,10.0,39.81736082293146,266,183,11,30,192,50,4.972936383004678,23,1,116,19,82,66.18140139864053,0.2945576929972856,3,0,4,1,4,0,5.082941579221174,1,4,120.0,23,70,0.039181966561319,1.2739400271154389,0.9605834652600148,8.617855943169412,1,47,55,119.0,27,14,2.1489264172801583,3.018357532983232,6,2,2,48.08,63.69,59.53,95.0,74.1,7.963755141325444,0.2130223182043135,2025-12-08T18:14:15.022650+00:00,116,San_Beda_University_20251209021415_116,1,68.31
San Beda University,1299.2467000170836,134.0883732009106,10.0,80.09266298199877,247,231,14,21,214,41,4.009685487303756,16,1,141,16,89,40.9273774896208,0.7707439464260667,2,0,5,1,4,0,3.987718347981675,4,4,91.0,17,65,0.8993789417138298,0.7018966025678116,1.2608214378633726,5.445385323705951,1,52,30,78.0,23,12,1.9008549402239985,3.5799755258001684,6,0,1,42.58,54.85,42.93,95.0,74.39,5.96959476423069,0.9202526857641896,2025-12-08T18:14:15.023650+00:00,117,San_Beda_University_20251209021415_117,1,58.45
San Beda University,1464.572356252662,126.52149689678812,10.0,40.90446205889609,239,189,14,30,183,30,5.9271173764324425,19,0,185,10,75,48.71548902628521,0.017626056821486,3,1,7,0,4,2,4.242928023648752,3,4,92.0,17,46,1.035630127383422,0.1342507884019917,1.9819934789133336,7.103180128187959,0,51,55,82.0,29,6,1.0595540003659971,1.6663001903292918,8,0,1,52.02,57.95,51.98,95.0,69.82,2.845018412775583,0.2362362534683839,2025-12-08T18:14:15.023650+00:00,118,San_Beda_University_20251209021415_118,1,63.1
San Beda University,1460.6514199499895,109.6715773818528,10.0,76.40685566984742,188,151,13,25,135,26,7.730394362294594,20,1,206,15,98,101.44171981533005,0.5876657824061569,3,1,6,2,4,2,2.956977675109445,4,5,112.0,23,60,0.8003096140537693,0.588332547039695,2.991311149536,5.055150637854061,0,48,44,66.0,27,13,2.122398789175412,2.4912697018780507,10,0,0,48.95,50.14,95.0,95.0,78.17,6.605531719897451,2.937202314996913,2025-12-08T18:14:15.023650+00:00,119,San_Beda_University_20251209021415_119,1,70.17
San Beda University,1322.831177941589,114.77526656794976,10.0,55.41844051948128,322,212,15,32,184,30,5.3525802879868,22,2,165,18,77,63.7106628846104,0.8296070003849556,3,0,6,1,3,0,4.077780472356136,5,5,119.0,17,76,0.8235852947006004,0.5838837318653238,0.274745614643846,5.781799935694319,0,41,25,80.0,29,14,2.2971142916931075,3.652631140561452,9,0,2,52.88,62.65,62.24,85.3,68.54,6.611341029015609,1.0621816622516724,2025-12-08T18:14:15.024650+00:00,120,San_Beda_University_20251209021415_120,1,65.43
San Beda University,958.7003141075272,123.84707378522351,10.915031919589143,52.26586159446308,236,223,14,29,191,40,4.840017619758069,15,1,108,15,86,53.2464513914916,1.5706570011050784,3,0,5,1,3,1,5.1620165183184845,4,4,91.0,19,67,0.4290270010692799,0.3750527294110246,1.7901966902624056,7.5890925770529725,0,32,33,89.0,27,13,1.6104042154993548,2.93292316676052,8,0,1,53.6,60.51,53.25,95.0,74.96,6.497966227052904,0.3670741585603359,2025-12-08T18:14:15.024650+00:00,121,San_Beda_University_20251209021415_121,1,62.83
San Beda University,1260.4967211985884,147.1683396418359,10.755896882016348,70.73135204252021,195,150,17,19,195,35,5.281625101662217,12,1,120,17,97,65.54225198494102,0.8927582248284721,2,2,5,1,4,1,5.206836403010078,5,4,115.0,17,52,1.88011999401466,0.252969451856964,1.3932846365847005,6.805680345871909,1,51,38,81.0,21,13,2.607632073567937,1.9145930857404687,9,1,0,46.29,56.3,63.44,95.0,78.31,5.748042345859152,0.0861035742343875,2025-12-08T18:14:15.024650+00:00,122,San_Beda_University_20251209021415_122,1,63.65
San Beda University,1221.728407703688,136.05054984308865,10.046456382909168,58.96941862153781,214,232,15,31,162,37,4.809661493741087,14,1,162,17,93,92.98913320119844,0.5768666698475966,4,0,4,1,4,0,4.372593319461053,4,4,104.0,18,75,1.2610087258204967,0.0876221945938451,0.4940340337205734,7.258371348835507,0,48,25,94.0,25,13,2.7278435204000115,3.1294439068269,7,0,0,61.67,69.14,94.72,79.21,73.35,6.474924348242644,1.5854950464014677,2025-12-08T18:14:15.025727+00:00,123,San_Beda_University_20251209021415_123,1,77.13
San Beda University,1474.998605899124,141.20479539828784,10.0,65.50852068497709,213,207,14,26,233,41,5.7680990513971935,16,1,70,21,80,84.63447266015572,0.809513611727318,3,0,5,1,3,0,3.2787719398118,4,4,88.0,20,51,0.9117554478654384,0.3336322953617144,0.268499780152009,4.280416697050428,2,39,31,83.0,22,16,1.8553550757566712,3.0639993861281933,10,0,1,55.41,57.22,85.94,95.0,75.54,7.6215528082174355,1.1395779691111851,2025-12-08T18:14:15.025727+00:00,124,San_Beda_University_20251209021415_124,1,72.95
San Beda University,1401.885699728096,61.68692746484017,10.48749382235354,64.159666329573,175,267,21,29,162,42,5.015005490126018,20,2,136,14,81,111.82312541603356,1.475979192567824,3,0,5,1,5,1,3.473979605529049,5,5,91.0,18,68,0.6238652970616332,0.4852669106006935,0.2498534419806432,7.132695268225383,1,42,40,80.0,26,13,2.348481328432399,2.8914259608641304,8,1,1,42.26,56.95,95.0,95.0,71.44,7.455490599250359,0.0249453019049146,2025-12-08T18:14:15.025727+00:00,125,San_Beda_University_20251209021415_125,1,72.86
San Beda University,967.3852831533424,112.8168300466761,10.0,44.1342894546316,296,205,13,23,207,48,5.566339890616737,13,0,151,11,104,101.82523520721516,0.4647356531160324,2,1,5,1,3,1,6.240655335423226,4,3,88.0,22,80,1.597415763745937,0.9267434749264768,1.3045295954421303,6.049724430584729,1,25,37,98.0,31,13,2.287515622893806,2.472715968837096,8,2,0,46.94,60.63,95.0,95.0,77.85,5.83746092225222,0.263195069875094,2025-12-08T18:14:15.026714+00:00,126,San_Beda_University_20251209021415_126,1,74.66
San Beda University,1466.450919120158,152.1409836195571,10.0,47.83381477413066,177,139,20,18,222,38,4.229018529795369,18,2,181,15,93,85.38936809463596,0.60633804660459,2,0,5,1,3,0,4.87932687231732,4,4,88.0,15,67,0.6381082085485676,1.2822041763815184,0.772937694777148,4.0197429888315455,1,47,29,72.0,13,14,1.826269152299892,3.41098190772943,9,0,1,48.15,60.58,87.15,95.0,69.94,6.640351575614973,1.5576928236834482,2025-12-08T18:14:15.026714+00:00,127,San_Beda_University_20251209021415_127,1,73.37
San Beda University,1701.9736763621952,127.76551976308396,10.497863433117166,45.603633253814486,283,215,16,29,203,34,5.578948114642696,21,0,143,13,71,78.40226414008757,0.836505056677846,4,1,5,1,4,1,5.184263269719027,4,4,134.0,14,64,0.5958039689284365,0.5909230984299474,0.5832402291553218,8.165395323793089,1,28,29,116.0,15,14,1.851701435846667,3.1337019886913384,8,0,1,47.67,56.53,72.13,95.0,75.3,6.80255943829552,0.0666268962325121,2025-12-08T18:14:15.026714+00:00,128,San_Beda_University_20251209021415_128,1,62.72
San Beda University,1619.496695563733,136.89886411425172,10.0,44.54785169534856,257,195,13,27,188,37,5.599762695739351,22,1,123,14,111,58.75164655314752,0.4849921183559856,4,1,5,1,4,1,5.214107646775201,5,4,98.0,17,72,0.3146693460590468,1.3198322035498689,0.2481275006448368,6.792857435437259,1,43,36,116.0,24,15,1.902300790985055,2.9644529743321573,7,2,0,49.03,60.67,56.26,95.0,75.18,6.028830106120463,1.3139535836608311,2025-12-08T18:14:15.027717+00:00,129,San_Beda_University_20251209021415_129,1,68.53
San Beda University,1356.7715562798708,76.24841097161027,10.0,36.30560209505967,219,218,19,29,112,28,5.695656015132276,23,1,89,16,68,87.55361318377331,0.8104424143249741,4,1,6,2,3,1,5.229395899576473,4,5,65.0,19,62,0.0288541267676855,0.5456022200828089,0.3294196345858759,5.685832180379425,1,53,40,99.0,33,16,2.157806012865142,3.617473730845096,10,1,0,56.45,51.86,88.78,95.0,77.37,6.4429024307314124,2.7451352480811164,2025-12-08T18:14:15.027717+00:00,130,San_Beda_University_20251209021415_130,1,69.85
San Beda University,1855.9296617579705,155.0031777827531,10.0,54.161070184641055,304,146,17,26,167,38,6.544681885443838,23,0,166,15,74,59.781481763013325,1.5295745605848683,3,0,4,2,4,1,4.85719849516129,5,4,91.0,15,52,1.4380519139279653,0.1827149533610149,1.0360049852175537,6.766537216623927,1,38,32,69.0,26,13,2.06561131542441,3.2679712948103607,6,1,1,51.07,62.43,62.45,95.0,72.98,6.441974842946104,0.5898628975299351,2025-12-08T18:14:15.027717+00:00,131,San_Beda_University_20251209021415_131,1,68.7
San Beda University,1163.9751433910003,109.93238656078614,12.864223125472371,46.82211296257551,297,205,20,27,206,41,6.084743716355788,14,1,118,20,65,71.00908327046452,1.2141599318461247,3,1,5,1,5,2,4.011331598538157,5,3,77.0,16,66,0.9118346027616148,1.469247011431491,0.614940791255098,5.925691930289328,1,49,54,94.0,22,11,1.7454270085679284,2.9218865234105245,9,1,0,54.27,51.71,65.19,95.0,80.67,9.477263392572729,0.0207587590909654,2025-12-08T18:14:15.027717+00:00,132,San_Beda_University_20251209021415_132,1,64.1
San Beda University,1239.0122634946165,98.88041135418658,12.209082115184495,46.12606564552,281,196,13,25,221,36,5.463626745901665,18,2,129,11,116,90.67761504701008,0.4795238590629029,3,1,5,1,4,0,3.133551978045253,5,3,117.0,18,56,1.3636038474696806,1.12863576079558,0.7044357798969553,4.927682518523679,0,68,34,98.0,20,17,2.028588013560414,2.6342790522881243,7,0,1,58.45,54.17,89.18,77.29,78.11,6.456273366580724,1.3175735957767676,2025-12-08T18:14:15.028717+00:00,133,San_Beda_University_20251209021415_133,1,66.21
San Beda University,1085.189469755854,136.19324730722985,10.0,59.07688384029808,343,195,14,28,182,41,4.835457109266506,18,1,139,14,94,85.84865344451967,0.3369674714938711,2,0,4,1,4,1,3.5465919500725454,5,4,69.0,17,66,0.6885138899199765,0.0476210641566719,0.1625095356269049,5.777427051590323,0,54,27,78.0,31,6,1.8957995979360325,2.492873246469376,5,0,1,49.27,56.85,88.88,81.21,67.03,8.568440194998049,1.4155065502547768,2025-12-08T18:14:15.028717+00:00,134,San_Beda_University_20251209021415_134,1,68.25
San Beda University,1108.7507325635434,120.05060087676358,10.0,56.08844299727197,113,186,10,26,184,32,4.565816166866618,11,1,101,14,67,89.50820433472781,0.600082455477484,4,0,4,1,3,1,3.6295659285223913,5,3,103.0,25,66,2.241710739217747,1.659707544586447,0.8410692029029007,5.813821024900955,1,38,35,88.0,28,11,2.4405890990340824,3.361589585624782,9,1,0,50.93,61.99,79.63,95.0,78.42,3.9331156209362255,0.3149023257459843,2025-12-08T18:14:15.028717+00:00,135,San_Beda_University_20251209021415_135,1,68.53
San Beda University,1788.6512828377345,160.57000158770316,10.0,37.7478043640739,181,176,15,29,167,38,3.1416632292486293,13,2,73,19,103,95.59291111304547,0.7270332041969703,3,0,6,1,5,0,4.423644665954131,4,5,84.0,27,92,1.3055526964303297,0.0713408226539855,0.9958573019977436,5.7785839811529,0,32,46,118.0,27,14,1.75923471085669,2.1543704472670018,8,0,2,63.44,64.89,95.0,95.0,71.81,7.64236521901166,1.1745486242352654,2025-12-08T18:14:15.029720+00:00,136,San_Beda_University_20251209021415_136,1,76.44
San Beda University,1586.0339600671907,132.76310406436045,10.0,46.594406907408846,218,160,14,31,183,23,6.862287783612132,15,1,187,14,113,84.21292308586534,0.5800251512775889,3,2,4,0,4,0,4.267571078436384,3,4,93.0,19,47,0.7116133792420272,0.8153122155819712,0.7656680413105208,5.141641687422595,1,53,62,98.0,21,14,1.91345213991734,2.9248179424502165,9,1,0,53.09,47.89,83.02,95.0,75.48,7.985831233767909,0.582701735244216,2025-12-08T18:14:15.029720+00:00,137,San_Beda_University_20251209021415_137,1,67.67
San Beda University,1176.2043214009657,107.59867329696152,10.0,47.6447432372052,173,152,14,23,190,30,5.518831233862479,19,0,124,18,70,66.79765568338254,0.0605767822495054,3,1,5,1,4,2,3.727712590223448,5,3,88.0,23,86,1.058763716334433,0.2746731495338128,1.048889540181142,5.6027359959040055,1,51,51,113.0,28,14,3.078717843024408,2.547680950998384,9,1,1,54.64,55.09,65.99,95.0,73.06,7.538227277118401,0.8813886891900696,2025-12-08T18:14:15.029720+00:00,138,San_Beda_University_20251209021415_138,1,69.8
San Beda University,1673.6424821733656,105.7512644975669,10.0,62.82262958745459,255,251,12,30,166,41,5.639279917259231,15,1,126,15,74,80.54698190578758,1.919054272893465,2,1,6,1,4,2,4.386026778488349,4,3,113.0,17,26,1.239010884977508,0.5389421827643709,0.3259714533765129,5.292107180097573,1,43,31,92.0,24,13,2.308304047069386,3.711432363354403,8,0,1,54.34,53.06,85.0,95.0,74.44,7.054418313038049,0.2752656472819269,2025-12-08T18:14:15.030725+00:00,139,San_Beda_University_20251209021415_139,1,72.59
San Beda University,1539.2970389094223,121.31246950661168,10.195939577421326,60.58153683848228,202,203,14,28,235,39,3.6070751954269857,13,1,97,17,55,104.60366760315554,0.11494388963732,4,1,4,0,4,2,4.440937361071242,4,5,113.0,15,66,0.7423086002790429,1.3630883197541563,0.0858921743721161,7.471913200433728,1,31,27,83.0,24,16,1.3191901277876323,3.2050420369327544,9,1,1,51.58,50.81,95.0,95.0,72.62,6.473623219513389,2.096625052777842,2025-12-08T18:14:15.030725+00:00,140,San_Beda_University_20251209021415_140,1,68.8
San Beda University,1240.271497481525,141.75929899438017,11.140422250469488,48.144741919720666,302,216,16,29,158,39,4.775635172078752,12,3,114,15,71,87.91855840791794,0.2492288057789504,4,0,6,2,3,0,5.466683222403389,5,3,98.0,20,84,1.1119824272810217,0.0061235516735159,0.963662284310617,5.738242179389889,1,34,42,74.0,30,12,2.703481144433175,3.4910872953415426,8,1,1,56.64,65.51,88.84,95.0,74.69,7.073245608445923,0.111550641677949,2025-12-08T18:14:15.030725+00:00,141,San_Beda_University_20251209021415_141,1,72.64
San Beda University,1349.0078379412373,117.74170806892234,10.0,52.955900204269575,204,171,19,35,250,40,6.219702140149959,22,1,145,13,78,74.06610281241635,1.226499272776187,4,0,6,2,4,0,4.717389882418168,4,5,86.0,7,67,0.7428149863711804,1.084085207499381,0.8184007137404136,4.7397800680792415,1,31,34,78.0,25,12,2.432196333408072,2.240030406770996,8,0,0,50.12,61.32,75.12,95.0,81.13,7.908607804657053,1.1780381270132545,2025-12-08T18:14:15.030725+00:00,142,San_Beda_University_20251209021415_142,1,65.12
San Beda University,1411.0864506443406,128.68822959157305,10.0,52.18377621941267,263,176,3,32,52,30,6.917857459148108,14,1,100,17,71,58.00380329039256,1.99343093541162,2,0,7,1,3,2,4.334085619199098,4,4,95.0,16,64,1.2030519260224284,0.4591953716797912,0.237539081727362,6.692252141182337,1,34,36,70.0,19,11,1.7556232125774835,1.8556332215395228,9,0,1,42.99,50.19,55.07,95.0,76.68,6.449447168123246,1.5253446388972327,2025-12-08T18:14:15.031720+00:00,143,San_Beda_University_20251209021415_143,1,59.72
San Beda University,924.647820065462,133.29358132148678,10.0,43.9949217724414,304,157,18,28,129,33,4.138121975724349,19,0,129,15,63,93.77557273615368,0.864539928973424,4,0,4,1,5,0,4.102541668680294,4,3,90.0,19,80,1.1622500030620666,0.7256423567528828,0.3097629833363592,6.549593795657796,3,54,42,39.0,27,13,0.3988403347055125,3.69531784502538,8,0,0,50.64,62.25,91.0,95.0,77.34,5.995517039882065,0.1335552276547583,2025-12-08T18:14:15.031720+00:00,144,San_Beda_University_20251209021415_144,1,76.88
San Beda University,1263.9404300831186,92.87521748988394,10.0,66.57591708465137,141,207,12,21,161,46,3.8890108263189216,16,1,137,13,74,86.30570520731945,0.5267464493889683,3,1,5,0,4,1,3.645309541844234,3,5,98.0,12,59,1.1983387647692856,3.016606535932886,1.7188175257123972,8.634740984376862,0,49,35,93.0,33,15,2.123418304292619,3.1548368029792817,10,0,1,56.92,58.23,87.35,95.0,73.31,6.156431693954263,0.6879623054972501,2025-12-08T18:14:15.031720+00:00,145,San_Beda_University_20251209021415_145,1,73.87
San Beda University,1431.700706037465,117.56953557728592,12.061848523718565,78.52826069046549,252,153,15,33,200,39,4.653045704889759,19,1,123,16,85,63.06685005750151,0.783102490600014,3,1,4,1,4,1,3.912069107638133,4,5,89.0,18,64,0.8416269223390861,0.6221327446795974,0.1936911706012159,2.719398441413321,1,45,46,81.0,33,11,1.9382780373453128,2.9865813065293296,8,2,1,41.92,58.01,63.84,95.0,71.74,7.701962766495878,0.1433880902437646,2025-12-08T18:14:15.032726+00:00,146,San_Beda_University_20251209021415_146,1,59.11
San Beda University,1128.4860241427557,98.7456195733342,10.0,59.72469818945376,235,155,13,27,140,31,6.877263550686675,14,1,140,14,78,95.87133095605311,0.526467768781674,4,1,7,2,3,1,2.7080603777800403,5,5,90.0,18,63,0.4169553714658706,0.0252590026177988,0.464633093859265,5.29122177801642,1,36,41,92.0,32,14,2.435392816731522,2.804896989000399,10,0,1,61.1,59.14,95.0,95.0,70.3,4.85125788081656,0.0397850531074115,2025-12-08T18:14:15.032726+00:00,147,San_Beda_University_20251209021415_147,1,72.18
San Beda University,1272.7349423057858,106.61110382274552,10.094157212138692,67.61993749123799,322,272,13,24,228,32,5.566793418909671,13,1,114,17,70,110.17403830216382,1.685395468759566,3,1,6,2,4,1,3.458750163196435,4,4,78.0,16,64,0.5341355841535607,1.7024378621877456,0.5714029024713877,5.950109931599392,1,52,31,65.0,25,13,2.634200301546876,2.0041908113882254,9,1,1,48.6,58.39,95.0,84.7,71.08,4.313283625842477,0.9060582183828704,2025-12-08T18:14:15.032726+00:00,148,San_Beda_University_20251209021415_148,1,70.41
San Beda University,1483.7928962432748,133.91101569454264,10.0,46.81845320051561,140,267,11,33,164,35,6.260932462655005,21,1,111,18,114,89.69091295440673,0.0904944391717932,2,0,6,0,5,1,4.262479278753978,3,5,115.0,18,76,0.1273537993811686,0.1996442315255642,0.3295300329261852,5.358346646078447,0,54,42,61.0,18,7,2.4605849758569462,2.518741248920346,6,0,0,62.08,54.08,90.69,95.0,79.22,5.275402159793371,0.7020196661228641,2025-12-08T18:14:15.032726+00:00,149,San_Beda_University_20251209021415_149,1,76.59
San Beda University,1500.5219545261334,133.9384493846094,10.0,51.25066527872084,249,169,12,35,259,39,5.092364782021997,15,0,136,14,85,75.38897266499346,0.861627001256256,3,2,6,2,4,1,4.020416239274611,2,3,131.0,19,52,0.7413109262971754,1.9498947914098657,0.5661671941738975,3.177500113423498,0,50,49,101.0,23,15,1.7427028092663943,4.046798011633375,5,0,0,55.37,52.49,76.33,95.0,77.94,6.689646477436526,1.3791573222384543,2025-12-08T18:14:15.033730+00:00,150,San_Beda_University_20251209021415_150,1,69.71
San Beda University,1222.4674331177837,140.3622303828839,12.537309459845066,67.06814969459982,270,154,11,35,207,38,5.628149715333239,21,2,140,13,92,73.89961496513057,0.2280853382746268,2,0,5,1,4,1,3.153093926201351,4,5,79.0,15,65,0.8643050344510809,0.6404881054946739,0.3779472883244469,5.437574317655023,1,33,46,113.0,23,15,2.03499602334557,2.352963732009973,8,0,0,52.22,49.09,74.65,95.0,78.47,5.133815768277628,0.3565766801298045,2025-12-08T18:14:15.033730+00:00,151,San_Beda_University_20251209021415_151,1,73.64
San Beda University,1700.007204533546,122.11935546063852,10.0,60.60049267238018,280,203,8,30,189,34,3.952731007312054,19,1,122,15,67,80.41469406950343,0.2720733149094825,3,1,5,1,5,0,4.71518833619075,4,4,79.0,20,51,0.8483106891712112,0.7136580937217136,1.9540440771163643,6.64156182897602,1,45,20,101.0,29,13,1.9406077998148448,2.344424076050467,8,0,1,47.49,59.8,78.34,75.85,73.61,6.399298279025119,0.0814486692595083,2025-12-08T18:14:15.033730+00:00,152,San_Beda_University_20251209021415_152,1,67.9
San Beda University,1941.0,324.0,16.69,58.89,289,233,11,45,220,25,17.0,27,0,164,26,99,80.62,1.0,0,3,13,7,5,1,32.0,6,4,66.67,11,27,3.0,2.0,66.67,1.0,0,24,21,87.5,12,6,2.0,2.0,14,2,0,8.0,6.09,7.23,7.38,6.14,6.97,1.0,2025-12-08T18:14:51.302345+00:00,1002,San_Beda_University_20251209021451_1002,0,
San Beda University,2199.458497312227,188.78408192825955,11.236056439420208,53.22113372197218,417,224,12,43,232,28,15.150262028622835,27,1,182,29,97,57.5164228974811,1.0138383711221923,1,2,8,10,4,1,27.410408746092926,5,4,87.0,8,20,1.4179848406912714,2.3954938713195606,78.82051341458691,0.8939061805682074,1,23,27,101.0,10,7,1.37339186468152,1.8868317075521976,16,2,1,51.92,56.76,59.6,95.0,70.79,6.959246012147339,0.2668743743241345,2025-12-08T18:14:51.303347+00:00,1002,San_Beda_University_20251209021451_1002,1,64.51
San Beda University,2143.868516862919,341.4535155265681,10.35438666451116,35.9195513293304,248,192,12,53,214,35,12.946352638193746,28,1,111,13,94,85.15986069827655,1.148111581707945,1,3,16,5,6,1,32.91083051552339,5,4,71.0,12,23,1.3694991923415425,2.371935010994831,60.05671062159848,0.4705023653185139,0,33,16,70.0,11,7,1.658164865801441,1.2116843265217807,13,2,1,58.75,57.12,82.42,81.53,71.75,6.13095095478339,1.934271240482788,2025-12-08T18:14:51.303347+00:00,1003,San_Beda_University_20251209021451_1003,1,68.62
San Beda University,2583.18949288806,328.1582136520394,17.39749525410041,61.4422279698932,276,204,10,50,288,27,15.304316784968655,29,0,119,32,147,100.13136424780076,0.255944536199886,0,3,15,9,5,0,24.61897400721363,5,4,47.0,8,21,3.694143739346021,2.754151947059261,51.49728754610068,0.8038022615462128,0,26,27,40.0,11,5,2.152763535872189,1.778843688660016,16,2,1,53.15,60.26,95.0,95.0,65.36,7.79663977515703,0.0262415762742861,2025-12-08T18:14:51.303347+00:00,1004,San_Beda_University_20251209021451_1004,1,70.14
San Beda University,1890.9123367522948,367.0871939700716,10.642774731881552,83.33894704092852,285,319,12,45,315,23,14.87161122898836,25,1,210,29,92,78.5852216952434,0.6214007295468763,1,3,14,6,5,1,25.811231486938503,5,4,77.0,12,30,2.576777805790755,2.0968545593279244,66.9365564667336,1.4091617370362786,0,32,17,90.0,15,6,1.88345311001464,1.1824036601088903,13,2,1,60.98,52.54,80.52,74.29,68.88,7.749701552058556,0.0,2025-12-08T18:14:51.303347+00:00,1005,San_Beda_University_20251209021451_1005,1,68.9
San Beda University,2494.025789841662,388.9465403616104,16.450467820082046,50.68423879954421,280,279,13,32,283,16,18.44521114904142,26,0,190,24,98,68.90959447958663,0.4303029082360906,1,2,12,10,6,0,30.37595802470408,11,3,62.0,10,17,1.9886793476200444,1.8075601775682228,40.77109258229308,1.458707793865805,0,20,27,89.0,12,5,1.3658327594511173,2.121598188995097,18,2,0,55.35,65.57,68.64,95.0,69.44,7.411169720938082,0.9179856385387792,2025-12-08T18:14:51.304345+00:00,1006,San_Beda_University_20251209021451_1006,1,69.1
San Beda University,1800.1380391833827,461.2937787154309,18.895935028293653,76.97605469443022,303,215,6,48,204,34,13.214916899115975,27,0,216,25,58,85.66640284703017,0.8342265768793176,0,3,10,7,4,1,30.138704061189493,5,4,61.0,13,17,2.839746610429985,2.595403216139743,46.41676761387169,1.5422531757389055,1,22,23,100.0,8,5,2.020330832921589,2.327426327454813,13,3,1,59.4,45.06,86.07,95.0,61.86,9.374267528321122,1.0374147062828143,2025-12-08T18:14:51.304345+00:00,1007,San_Beda_University_20251209021451_1007,1,72.81
San Beda University,2658.11431682321,232.1138235877325,17.072960047922408,55.29735835293721,185,221,13,35,235,22,14.007472629921711,36,0,198,24,110,72.56439912822948,1.4141898682653202,0,3,14,8,4,1,32.73792021481253,6,3,51.0,9,29,3.1552607381113624,2.802856383488236,61.93889591597941,1.8886789710041327,0,18,20,79.0,14,6,2.411553717953005,2.930760128887407,14,1,0,56.83,46.58,77.04,95.0,66.62,6.52946579280328,0.9239962127346698,2025-12-08T18:14:51.304345+00:00,1008,San_Beda_University_20251209021451_1008,1,70.15
San Beda University,2503.8651620130904,333.1069479893767,16.716648897503976,47.85057271933661,281,293,11,45,193,25,9.823583731272198,35,1,159,27,100,69.51051257391191,0.9461850571130792,1,3,11,4,7,2,38.38629010505312,5,3,44.0,8,27,3.827695797350141,1.690333338729506,66.53844152185667,0.9690192765098604,0,29,26,83.0,9,7,2.568849740584037,1.6566723462090711,16,2,1,53.85,56.29,71.23,95.0,66.73,8.591153516831636,1.1062396752460573,2025-12-08T18:14:51.305344+00:00,1009,San_Beda_University_20251209021451_1009,1,68.01
San Beda University,1873.9662715687543,255.3916834453663,18.70769883612326,43.03773081232068,357,290,10,27,233,27,22.24080838849814,28,2,179,22,70,72.5056639231069,0.6721946890857599,1,4,12,4,6,1,30.230153752164043,5,5,64.0,10,27,3.4031685838361545,2.270798974903184,70.41705212838383,0.8762905778632812,1,21,25,119.0,10,8,2.0985639145354287,2.5500811986844147,13,2,1,46.35,57.14,74.98,95.0,68.43,6.279791299420073,0.7118959397788371,2025-12-08T18:14:51.305344+00:00,1010,San_Beda_University_20251209021451_1010,1,64.03
San Beda University,2259.47323420984,143.0023709295283,10.01084070401811,49.432291047471765,312,281,12,31,278,25,19.160477158144435,27,2,142,23,96,65.40974916668064,1.873423162941641,1,3,14,7,5,1,34.96164402629524,6,4,88.0,11,32,3.0746877168978184,2.155126714324853,80.90219164740196,0.1780925170065327,2,10,17,109.0,11,6,1.9948233497191536,1.498743774727599,13,2,1,57.39,57.89,61.19,95.0,72.14,7.268580201164047,1.3088459209753442,2025-12-08T18:14:51.305344+00:00,1011,San_Beda_University_20251209021451_1011,1,61.2
San Beda University,2399.6269449470456,476.3227291550854,15.662808475809856,75.16028001870585,313,307,12,49,220,33,15.663740595008017,32,1,136,24,92,91.52954723764655,0.724424066537988,0,3,15,6,7,0,45.97706738418668,4,4,54.0,10,17,3.380888831688698,2.746348038361467,87.11903250797687,1.3202349293930875,1,18,29,93.0,15,6,1.2770096868213368,2.767957927189766,14,3,0,49.86,53.08,95.0,95.0,70.89,6.5410510119855285,1.754576141970982,2025-12-08T18:14:51.305344+00:00,1012,San_Beda_University_20251209021451_1012,1,68.42
San Beda University,1635.082573791099,320.8170743179597,17.16787391293976,56.28328603973839,285,193,11,50,234,28,16.771651506865883,27,1,199,23,98,100.2404659509214,0.0518004208620802,3,4,12,6,6,1,40.71699266569127,5,4,67.0,12,32,3.551589854325072,2.1695629984846403,60.95352086054785,0.9508178090405688,0,34,17,89.0,7,5,3.2176159823744275,1.8039918731694715,14,3,1,57.06,46.48,95.0,86.85,64.44,6.613552183634717,0.9936967565854692,2025-12-08T18:14:51.306344+00:00,1013,San_Beda_University_20251209021451_1013,1,66.94
San Beda University,1938.7756892066125,285.18334248947826,14.965048290855762,62.8479041736264,324,189,9,44,251,23,18.742585548340468,19,1,139,35,114,87.59666635161561,1.5107336153270512,2,3,12,5,5,1,30.61199885418101,7,4,72.0,13,23,4.055871424863206,2.944398705503628,82.19864248830304,0.0,0,26,21,86.0,13,6,3.3841393409302984,1.3168981707137462,12,2,1,54.42,55.23,85.22,95.0,71.45,6.694718457530265,0.4349480811152999,2025-12-08T18:14:51.306344+00:00,1014,San_Beda_University_20251209021451_1014,1,70.66
San Beda University,1623.1708559425065,291.91682259443,21.335005101916096,54.41718063202848,360,186,12,26,220,27,13.873914360716835,29,0,133,31,98,85.66734243126352,2.058644029978434,1,3,11,6,4,1,30.88940594000181,3,3,44.0,12,32,4.075210058855911,1.847904932345405,54.85370876545913,1.7646619265349617,1,25,24,80.0,13,7,2.756160561302833,1.8409519942269472,10,2,2,58.42,52.62,81.58,95.0,64.38,7.083729955173976,1.7459061828236528,2025-12-08T18:14:51.306344+00:00,1015,San_Beda_University_20251209021451_1015,1,64.01
San Beda University,2294.943515691123,323.23930734447134,14.837794769128282,70.92021910073433,203,195,14,52,196,24,17.03865781180346,23,1,187,26,102,75.6424973969683,1.1426109404190057,1,3,14,8,5,1,38.726983899689415,7,3,63.0,13,27,2.4006226575927108,0.7146023673872564,54.8835014526304,0.5200699839146936,1,21,19,126.0,12,6,2.56412738783326,2.473639189473674,19,2,1,55.9,48.28,75.22,95.0,71.37,7.51854375214299,1.4114511107328906,2025-12-08T18:14:51.307344+00:00,1016,San_Beda_University_20251209021451_1016,1,65.72
San Beda University,1541.0671027364297,366.33190353128015,13.535226126162614,53.40060991326136,268,284,12,49,226,26,17.86809203453701,29,1,183,21,74,91.68755106156796,0.7751350968942523,1,4,16,8,5,0,32.22862821229796,5,5,41.0,12,19,3.829666310021227,2.9264889444172564,52.3455692171698,0.8808676288493656,0,27,14,46.0,9,8,2.181554708347406,2.306997874564755,14,1,1,69.0,44.66,94.47,87.34,73.99,4.673044776846224,1.7231360434977523,2025-12-08T18:14:51.307344+00:00,1017,San_Beda_University_20251209021451_1017,1,69.25
San Beda University,2240.541613649648,408.8045884513728,15.929232720549546,57.09491552964323,287,246,11,40,249,17,15.212628574312417,23,1,167,34,128,58.982024627500905,0.5344669937903003,1,3,11,4,5,1,21.163332007153315,4,3,94.0,12,35,2.2410477155888024,1.8283754234762453,70.84335677364902,0.840006667367102,0,26,25,74.0,10,6,2.2740078283380134,1.152087780682638,13,2,1,53.27,46.3,55.98,95.0,61.07,7.586188203746775,0.6602006807479919,2025-12-08T18:14:51.307344+00:00,1018,San_Beda_University_20251209021451_1018,1,62.04
San Beda University,2002.71792234927,321.6976562218995,18.15962653182812,63.34199092417346,265,166,12,37,216,25,21.350949085562902,32,1,69,30,90,112.22130301362868,0.6788175961238309,1,3,14,7,6,1,36.58015990455018,3,3,47.0,5,36,3.534906862434365,2.4919751436690567,65.08700977892687,0.2655128678907771,1,26,23,78.0,14,8,1.8291508754950525,2.342938416928731,10,2,1,54.66,50.36,95.0,95.0,72.0,7.368230859315637,0.8551948381725609,2025-12-08T18:14:51.308344+00:00,1019,San_Beda_University_20251209021451_1019,1,74.78
San Beda University,2026.869868477825,291.4303563653762,16.621223432100646,59.4434982471696,200,155,12,46,193,21,21.26142370847808,25,1,178,33,136,98.32321620829715,0.925689333678638,1,4,15,8,4,2,32.38914477419564,7,3,77.0,12,33,3.412376684611955,2.2589919238884706,58.074833519068775,1.0004729004528563,2,21,18,73.0,10,6,1.1931212774871771,2.231047387261097,13,2,1,45.04,59.24,95.0,95.0,65.49,6.908265453952268,1.3304549555089975,2025-12-08T18:14:51.308344+00:00,1020,San_Beda_University_20251209021451_1020,1,66.95
San Beda University,1784.1480546263506,253.8764573148543,11.52409493603568,43.26611363764002,363,221,11,47,215,31,20.24043204895901,27,1,76,23,72,93.96933929355274,0.7778678401882233,3,3,11,7,5,1,34.200573741419014,6,5,84.0,16,31,3.581473082611928,1.4767770383709111,86.9650065810318,1.2873845685489538,0,19,22,94.0,13,5,2.628151410888222,1.8070194787922207,15,1,1,50.8,48.25,91.27,95.0,71.44,4.9468836217175625,0.0,2025-12-08T18:14:51.308344+00:00,1021,San_Beda_University_20251209021451_1021,1,66.8
San Beda University,2362.897385544604,337.9845668686538,16.81897386675396,58.645965437236825,253,282,11,47,211,16,18.825160912792008,20,0,174,21,84,69.93757923171461,0.4420759097694159,0,3,11,5,6,1,30.662477152210982,5,4,82.0,18,28,3.1044483218641825,1.2945341647230544,70.42409923406125,0.5251161675744878,2,23,23,86.0,9,4,1.940394941800167,2.4327063714492576,16,2,1,52.75,49.9,72.26,95.0,70.91,7.517226655081574,0.5997157972901558,2025-12-08T18:14:51.308344+00:00,1022,San_Beda_University_20251209021451_1022,1,74.35
San Beda University,2017.7462856043603,312.7887102387636,15.456004765897806,68.54074083215554,416,238,8,48,208,24,17.952403117661156,29,0,131,16,126,88.2283550011579,1.635556512826433,1,3,9,6,4,1,33.24028444538223,5,4,72.0,13,25,3.3656201789729594,2.0454756963749863,64.40515065001382,1.375570138169929,0,29,22,83.0,10,8,1.226389581413188,2.1859605889909544,11,2,1,47.53,58.34,87.02,95.0,67.09,6.450824845768551,1.3582207150678451,2025-12-08T18:14:51.309343+00:00,1023,San_Beda_University_20251209021451_1023,1,65.65
San Beda University,1870.6715468759464,356.2199645928888,10.713437980035335,63.78632153854252,266,152,13,55,211,21,16.119083552621582,22,1,198,25,106,82.06375630585697,0.3051051896474083,0,4,9,5,5,0,25.871425497067115,6,4,73.0,13,28,3.175163765326919,2.338682268486,64.13216409355783,1.4784628231894277,0,28,18,104.0,8,5,2.163554439831176,2.391977968472028,13,2,1,46.1,50.51,76.46,87.28,71.32,6.385026929876172,0.7644542852131158,2025-12-08T18:14:51.309343+00:00,1024,San_Beda_University_20251209021451_1024,1,62.8
San Beda University,1729.0500973132102,387.6169502135306,18.92759998825738,52.286739457632045,277,202,10,42,239,33,18.82335977267055,20,0,165,21,118,67.52923286952809,0.0,0,3,15,6,6,1,29.062994597216164,5,4,56.0,13,31,3.8006823100003615,1.629655233133528,52.88187329328208,0.6899764121883056,0,23,25,82.0,12,5,2.063564238401431,2.456283374839221,14,3,3,54.17,59.2,65.32,95.0,60.5,7.28206672954707,1.2664651772000604,2025-12-08T18:14:51.309343+00:00,1025,San_Beda_University_20251209021451_1025,1,66.67
San Beda University,1730.4874463937938,377.9220678315704,17.343623642904173,54.64878686738032,289,249,10,29,335,18,14.980796162060102,22,0,149,16,105,84.15360664088834,0.8525849460779731,2,3,11,7,5,1,19.86425802902199,3,5,74.0,8,25,3.5997330059497266,2.0684214204159286,79.47645279610308,0.6110687934917125,1,26,19,80.0,10,6,2.6383853568726363,2.531643911243941,18,1,1,54.36,50.3,85.32,95.0,67.49,5.032632535676693,1.34724738321479,2025-12-08T18:14:51.310343+00:00,1026,San_Beda_University_20251209021451_1026,1,71.43
San Beda University,1710.686548623729,267.4523252639504,16.197260371423024,78.16578359684723,311,252,9,48,232,30,14.6828455689225,20,1,172,38,123,92.45011312949023,0.7178313611370233,0,3,16,4,7,2,17.3976694788905,6,3,89.0,9,31,3.1673331726887723,1.768890499035492,85.1902047124695,0.4600252885276883,1,24,27,86.0,7,9,1.591844802052068,2.112976091032356,16,2,0,51.29,51.82,90.23,95.0,74.15,6.164808854972215,1.500855773451825,2025-12-08T18:14:51.310343+00:00,1027,San_Beda_University_20251209021451_1027,1,67.72
San Beda University,1471.1539533957937,439.8437756870645,17.83772095444347,41.196833842363006,261,271,3,44,301,22,14.37876623884479,33,0,213,32,83,102.65360780934878,0.6292761588276802,1,3,12,10,5,1,24.023177761189267,7,5,71.0,10,27,2.4899588895788565,1.6413481867275657,76.76853290799178,1.1805626401153837,0,21,22,85.0,13,6,1.3481918766129497,2.2607341351421795,8,1,1,60.19,55.68,95.0,95.0,69.6,6.30465703112567,1.4786472957679302,2025-12-08T18:14:51.310343+00:00,1028,San_Beda_University_20251209021451_1028,1,68.33
San Beda University,1918.5948000202063,313.7683619013012,22.587602421711463,70.24194564146346,317,154,15,46,196,22,18.17599872044601,22,2,155,26,72,79.84980475157447,1.0617910955078185,1,3,17,7,4,1,38.23985427736683,6,4,60.0,14,35,3.943626847489866,1.7938214537435353,44.7464115706787,0.8232501129787249,1,25,15,92.0,11,8,2.3727587639908263,1.824285470530573,13,2,2,62.0,47.99,76.61,92.33,63.48,8.260656595261013,0.918598406462002,2025-12-08T18:14:51.310343+00:00,1029,San_Beda_University_20251209021451_1029,1,70.97
San Beda University,1372.771030152801,361.429358900172,15.944029970790536,52.43950121718128,208,205,8,39,122,26,16.660781628398716,31,0,150,19,126,107.11809729006058,0.6814447756385689,1,2,9,6,4,2,31.085222700359505,5,4,65.0,10,30,2.7560769975703745,2.972945069688981,71.4020982238261,0.0451404657853934,0,31,21,79.0,15,8,1.5084562393567589,1.7692313102439778,14,1,0,57.86,49.62,95.0,95.0,78.55,9.922407912507923,0.5817894025127716,2025-12-08T18:14:51.311344+00:00,1030,San_Beda_University_20251209021451_1030,1,65.84
San Beda University,1476.1650023780471,299.9775695701771,15.421440562792055,55.75470033538083,356,181,11,55,201,15,17.651581363320794,21,0,167,22,85,97.07980220649809,1.0530584951851638,2,3,15,9,5,1,30.114915490013367,6,4,96.0,8,25,2.784008145443199,2.1237075800052985,68.34174148457531,1.0648113999996949,1,14,15,101.0,10,5,2.684400936279334,2.350081112539895,15,2,0,54.0,53.45,93.33,95.0,68.69,5.762790085311773,0.5618875401715941,2025-12-08T18:14:51.311344+00:00,1031,San_Beda_University_20251209021451_1031,1,66.98
San Beda University,2133.044993419346,301.38182102359434,19.63696095119624,53.15810039791644,321,306,7,45,121,22,14.856499089518426,28,0,183,20,121,77.41707322852841,0.0,1,2,13,9,5,1,29.2154418828652,6,4,58.0,12,21,4.119115671276561,2.259442402450285,60.68946472677703,0.5738480192648587,1,26,25,88.0,12,6,2.0827956614230034,2.4992752527171325,10,1,1,50.09,46.64,76.27,95.0,75.8,8.61786520662261,0.3856581991553726,2025-12-08T18:14:51.311344+00:00,1032,San_Beda_University_20251209021451_1032,1,62.2
San Beda University,1897.348195592505,278.22714832853234,18.6893827228981,59.92770767083568,324,222,10,39,200,19,16.169711619371082,30,1,164,31,99,94.96190691125248,1.2066338016850713,1,3,17,8,5,1,39.92672021198,6,4,48.0,7,27,3.317274029535152,1.50811055669885,77.31229760060052,2.257995414622087,1,21,19,74.0,10,4,1.548319517131778,2.7212369225052178,12,2,1,52.04,50.15,95.0,95.0,71.16,5.045816698580816,0.9627777756150658,2025-12-08T18:14:51.312344+00:00,1033,San_Beda_University_20251209021451_1033,1,73.16
San Beda University,2017.76173053504,334.6525272800599,16.569568143630807,58.42524858978613,348,162,13,51,263,23,12.280769572951714,27,1,197,31,128,78.56456688766805,0.4475365251817809,1,2,14,7,4,1,28.12721898853046,4,5,72.0,11,31,3.20374567888809,2.6639681516063494,61.78696272236948,1.292261071683067,0,26,18,92.0,11,7,2.1208227299515943,1.8370575296304728,20,3,1,66.47,50.21,81.25,90.03,61.62,6.210687800784534,0.9756108754299349,2025-12-08T18:14:51.312344+00:00,1034,San_Beda_University_20251209021451_1034,1,72.59
San Beda University,1936.4249566831693,429.00880559263067,18.68126900143612,76.55680515800233,348,256,9,30,182,19,14.430593834681003,24,1,147,23,104,71.14542350038803,1.16721335785264,1,3,11,6,5,1,23.90319888607565,4,3,76.0,12,25,3.9992741162161054,2.7077152237447635,81.37396118838882,0.1742595823120006,2,16,32,102.0,12,5,1.9878477788597544,1.832711942753241,11,2,0,54.09,49.5,78.18,95.0,67.51,6.6893248566186605,0.3920133665391186,2025-12-08T18:14:51.312344+00:00,1035,San_Beda_University_20251209021451_1035,1,67.9
San Beda University,2078.44769511423,362.4360840130035,20.14698738919989,53.29638458161424,381,227,8,31,257,23,19.22326323171993,17,2,171,21,92,76.13111676985379,0.7325602568087264,0,4,9,8,4,1,38.88129883088875,5,3,64.0,9,29,2.6816669928965253,1.877425842345738,66.52713890998976,1.697638320061562,1,29,17,80.0,11,7,2.560805981603802,2.834224421622041,14,2,1,48.77,50.72,74.11,79.04,71.45,7.234970549720156,1.69500409206599,2025-12-08T18:14:51.313344+00:00,1036,San_Beda_University_20251209021451_1036,1,66.97
San Beda University,1961.603119890504,264.09489824926976,13.78874255603628,67.51486148347624,259,231,8,55,198,31,16.590684368575488,29,1,179,37,106,71.8975872174846,0.6444578926626159,1,3,14,6,6,0,48.88694228542337,6,4,58.0,14,19,1.884101624941866,1.0974511657950583,77.9940297772891,0.2555100828780449,0,30,25,70.0,12,6,1.4465099251111029,2.782366013986324,19,2,1,61.61,54.85,73.67,95.0,66.33,7.955435182995381,1.289673448684696,2025-12-08T18:14:51.313344+00:00,1037,San_Beda_University_20251209021451_1037,1,68.51
San Beda University,2320.6654322654044,337.8659524704361,16.17148131955187,56.722961898332336,360,242,15,64,258,30,23.24048089720708,28,1,200,33,84,70.76806290453763,0.7186360215358234,0,2,17,5,6,1,28.51821352879018,5,3,54.0,11,20,3.144578730545066,1.2293053573894088,65.74892179718212,1.0208513357690625,1,31,15,76.0,15,5,2.3993701845839115,2.185438911864842,14,3,1,54.2,40.51,68.62,88.92,66.11,8.52576386275268,1.366158777493222,2025-12-08T18:14:51.313344+00:00,1038,San_Beda_University_20251209021451_1038,1,65.83
San Beda University,2124.4744819162147,255.29583272905137,12.834676168432896,68.27209449311209,242,178,12,44,222,21,13.28427564716165,19,0,188,28,63,66.27411243326748,1.02719665351384,1,3,19,8,5,1,36.058888071364805,5,4,79.0,16,27,2.6502629233390507,1.7584121919837812,70.15924073592714,0.8857891691274907,1,22,16,82.0,7,7,1.6419687109036292,2.251645645068641,17,2,1,66.61,51.22,73.37,95.0,66.23,5.575058936458998,1.0612350784453275,2025-12-08T18:14:51.314344+00:00,1039,San_Beda_University_20251209021451_1039,1,69.48
San Beda University,2308.615373365789,451.4045044916488,17.660204642443155,35.50678706195188,303,228,14,67,192,24,15.621601651556412,21,0,131,24,85,74.06161290603222,0.5685231207920979,0,3,15,5,6,1,37.447149949660094,7,6,52.0,12,35,2.6421572292603708,2.081128662805761,92.18934464515443,0.5929015690670276,2,28,22,69.0,10,5,1.993620004659487,2.009751407892218,14,3,0,44.95,53.38,74.42,95.0,73.09,4.36011897768794,0.9992464013072716,2025-12-08T18:14:51.314344+00:00,1040,San_Beda_University_20251209021451_1040,1,62.52
San Beda University,2090.871023699256,406.1337981544053,20.80820197141553,68.58178133456376,286,283,12,54,246,23,12.618948393489834,34,0,195,27,126,84.88392866825987,0.7327092070193225,0,2,14,8,6,1,32.66832303212315,7,4,44.0,12,25,2.5359625854698686,2.318143774882544,51.80560884138562,0.5909055590337355,2,27,22,92.0,15,7,2.622881806373679,1.189052468903271,12,2,1,54.52,48.82,80.33,95.0,73.57,6.773860140222157,1.4574045031618668,2025-12-08T18:14:51.314846+00:00,1041,San_Beda_University_20251209021451_1041,1,64.54
San Beda University,2655.180956414324,396.815249873352,18.378392001091846,75.00775709737711,317,246,9,49,210,24,16.479899100892034,21,0,182,28,106,71.18657818302313,0.9900588947593136,0,3,13,8,5,1,28.879250016979327,7,4,68.0,10,25,3.4241973774076246,1.808260619911609,60.82443709212511,0.5772984260146028,0,18,23,69.0,10,6,3.323743826054473,0.6385558338833925,19,2,1,55.83,50.12,63.59,95.0,66.83,8.799760465969639,0.7830927036351105,2025-12-08T18:14:51.314846+00:00,1042,San_Beda_University_20251209021451_1042,1,62.9
San Beda University,1994.5742660108435,264.7183842140068,20.17650393082296,64.2348188172215,349,266,12,36,177,26,15.298581127986267,24,1,143,24,59,70.50556615148565,0.8412604730577815,1,3,11,6,6,1,24.82918419604554,5,4,78.0,12,23,2.693435499578988,2.0982328343822885,76.98309199466466,1.5912948539655818,1,28,22,95.0,9,6,1.9722770553169835,2.0546649850883645,16,3,1,62.27,45.9,72.36,95.0,64.4,6.856794760405804,1.3371333082865582,2025-12-08T18:14:51.314846+00:00,1043,San_Beda_University_20251209021451_1043,1,67.92
San Beda University,2419.0566209064373,324.0513551350937,13.4247332668881,54.66661102827487,230,228,14,37,293,28,14.355247347744095,33,0,148,29,81,95.04118424551382,1.3750914677349009,1,3,15,6,5,1,33.99837779919184,8,4,62.0,10,26,3.464413775206441,2.3213162468061377,42.385096980423896,1.3632545409589056,0,21,22,74.0,13,5,1.1417355257673654,1.8725823034167803,18,2,1,50.74,54.78,95.0,95.0,66.58,7.594918891893899,0.2212822763208006,2025-12-08T18:14:51.315850+00:00,1044,San_Beda_University_20251209021451_1044,1,70.69
San Beda University,1385.8203754722676,223.9199077818161,19.26991218252904,68.19789157436728,328,182,14,47,245,22,16.08131537856683,38,1,138,23,101,77.63085146791705,0.4520207215057638,2,3,13,6,6,1,32.203688559032784,7,5,64.0,9,26,3.669712234680695,1.9774695915043137,74.18908663337557,1.5952481138925103,2,18,16,103.0,13,6,3.053094202421592,2.420886246115342,18,2,2,43.74,47.91,77.05,95.0,62.45,5.1522124451581055,1.3594583448703448,2025-12-08T18:14:51.315850+00:00,1045,San_Beda_University_20251209021451_1045,1,63.57
San Beda University,1969.3141197614689,359.9823287575976,14.131335847038258,52.38352950426518,235,100,16,32,189,19,12.685720226531362,26,1,205,13,99,68.49254309618456,0.9789933339797396,1,3,12,7,5,0,26.484532554718,6,5,38.0,6,27,2.590705129920829,2.308464698887251,67.38060145844297,0.6359822911269866,1,24,27,69.0,16,4,1.319850339215968,1.8531405352407644,11,2,0,52.96,49.65,64.74,95.0,73.99,6.366151440722802,1.0299573168166123,2025-12-08T18:14:51.315850+00:00,1046,San_Beda_University_20251209021451_1046,1,64.83
San Beda University,1643.6349551168548,357.35503326759715,16.873475117079938,54.49693244546801,209,228,7,30,256,24,16.079623239329266,17,1,194,26,60,59.06895919850347,0.8410846369199856,1,3,10,10,5,1,33.871074131586674,5,5,54.0,13,25,2.9317634327988773,2.5449446632183417,67.3493657113215,0.7913167958089737,0,15,17,76.0,15,6,1.183234004579882,2.2964169598401463,10,3,1,46.11,53.32,56.8,95.0,70.51,6.086274567465722,1.554418920829447,2025-12-08T18:14:51.316850+00:00,1047,San_Beda_University_20251209021451_1047,1,61.52
San Beda University,2192.4336190787835,203.79117907376943,14.382644017228207,66.77440328020452,294,272,11,42,205,28,11.992313688268515,32,0,175,21,96,58.02183595514758,0.9447627090175889,0,3,10,5,5,0,38.53052655938656,8,4,70.0,12,29,2.5415328604313125,2.51898085351943,56.15112917471026,1.734350244003001,0,28,22,83.0,13,6,1.7998843976208647,1.942200254134022,10,2,2,55.33,51.73,61.64,95.0,65.52,8.355225082209232,0.8708264220853856,2025-12-08T18:14:51.316850+00:00,1048,San_Beda_University_20251209021451_1048,1,63.74
San Beda University,1675.164379520682,255.20809421976296,13.800824558154112,60.08943013531711,251,204,10,58,157,21,16.31771191687748,24,1,166,26,159,80.41546575442986,1.6255669024562591,1,3,12,10,4,0,47.94129279486214,5,3,51.0,7,27,3.220449925887294,1.904763691580514,54.06810840869822,0.1466938564135972,0,17,27,101.0,8,5,1.4616915419991514,2.048978935825905,9,2,0,55.06,53.9,86.38,95.0,74.94,6.932863941119408,1.2758784026958052,2025-12-08T18:14:51.316850+00:00,1049,San_Beda_University_20251209021451_1049,1,75.93
San Beda University,2244.1244442242023,216.8442329180972,21.875491987319105,61.231328148957886,276,221,7,39,223,22,19.680358507252933,21,1,199,23,127,35.68595271994478,0.6340338384666273,0,3,17,7,5,0,37.076388992973854,6,4,59.0,11,24,2.9234841025504283,1.942979852025165,37.39654785095087,1.2571031830798838,2,17,21,91.0,8,7,1.3350148212425998,1.4933396477329548,12,2,0,53.7,56.34,30.79,95.0,75.5,6.391983902207902,0.4627871026723366,2025-12-08T18:14:51.317850+00:00,1050,San_Beda_University_20251209021451_1050,1,64.22
San Beda University,2233.5733984887943,301.2389490019931,19.661658061604644,63.783084613685325,246,259,13,67,225,22,19.64854346178145,21,1,193,22,87,105.48252162598683,0.6103957353341851,0,3,13,7,6,1,19.529700508140984,5,4,81.0,11,36,2.9450171975511887,1.906040851311112,64.4154947650099,0.7268325171489038,1,31,15,105.0,14,7,2.6139721497674446,2.4338936609657136,15,2,0,51.2,53.4,95.0,78.77,74.38,5.93094479578494,0.3068127091867029,2025-12-08T18:14:51.317850+00:00,1051,San_Beda_University_20251209021451_1051,1,68.75
San Beda University,1848.0,234.0,12.66,54.804,363,312,12,39,293,34,19.0,17,0,206,55,102,85.95,0.0,1,1,14,2,9,3,21.0,5,4,80.0,11,51,0.0,0.0,0.0,3.0,0,19,17,89.47,12,2,0.0,4.0,8,0,0,6.34,6.28,7.25,7.28,7.04,6.84,0.0,2025-12-08T18:15:29.623994+00:00,1052,San_Beda_University_20251209021529_1052,0,
San Beda University,1614.0065685773889,199.75175757681325,11.705848770647922,69.29525043918218,384,362,9,48,310,25,18.391874053998773,20,0,171,49,119,112.98981896851052,0.7635390770548826,1,1,16,2,7,4,14.48550082740662,5,4,68.0,7,44,0.9372401473421504,0.0979090726902731,1.568664109724786,2.649854877412136,1,15,13,81.0,12,3,0.6107650549819984,3.786848037162261,8,0,0,47.94,51.31,95.0,95.0,78.11,7.707582783283778,0.4900803151914604,2025-12-08T18:15:29.623994+00:00,1003,San_Beda_University_20251209021529_1003,1,75.67
San Beda University,1706.758871218065,205.7581501354408,11.440030488312289,90.0,293,324,10,45,331,29,16.025381729202756,22,1,189,59,101,79.80462324976843,0.4951801023388318,1,1,14,3,13,5,20.726511610449577,7,4,79.0,12,54,0.6230526119692015,1.106531109857741,0.393402222101044,3.58244417873951,0,17,15,65.0,9,2,0.1365418701021312,3.473348987414652,7,0,1,46.59,52.91,84.2,95.0,74.72,6.580121099884922,0.235790174198828,2025-12-08T18:15:29.624984+00:00,1004,San_Beda_University_20251209021529_1004,1,63.32
San Beda University,1494.4789046672747,199.32421624556784,13.043085975616814,48.48900954839963,289,303,12,50,312,28,12.763978838859542,15,2,181,64,131,69.794166579755,0.6802659081826659,1,0,16,2,8,3,21.132834114221783,4,3,100.0,8,45,0.3503743177265148,1.3613842607130384,0.3978031093381326,1.8466728140684625,2,20,15,105.0,13,1,0.4630534205784429,3.3066174455372583,10,1,2,63.31,54.27,65.12,95.0,64.12,6.500631076654032,0.5831084003156121,2025-12-08T18:15:29.624984+00:00,1005,San_Beda_University_20251209021529_1005,1,68.56
San Beda University,1830.102151194556,207.644266288784,10.643652597868176,64.51693478104043,365,341,10,46,285,45,18.44750518359811,17,0,216,42,93,96.22062562698773,0.6511757970130966,0,1,16,3,8,3,24.70737519859105,7,4,60.0,9,61,0.3409290834411361,1.170990363458598,0.9896762632347468,2.878553985188643,0,21,14,101.0,12,2,0.7802934970896345,4.065076607172999,6,0,1,53.54,56.31,94.76,92.52,76.37,5.769023476927761,0.4635144302231275,2025-12-08T18:15:29.625986+00:00,1006,San_Beda_University_20251209021529_1006,1,71.42
San Beda University,1732.6347461704524,305.39221247014336,15.285771901436084,48.903089940960655,283,239,9,15,287,34,13.116294088393602,8,1,216,69,151,78.54894367652662,0.1670218140732078,1,0,12,2,13,3,16.426791473806187,6,4,98.0,10,49,1.4694524917779062,1.3053656572847248,0.4992580814351282,3.325396213263037,1,18,19,87.0,11,3,0.2178126224117741,3.6629528323223286,7,2,0,45.9,52.67,71.39,95.0,78.08,7.275068699797981,0.5841434536949152,2025-12-08T18:15:29.625986+00:00,1007,San_Beda_University_20251209021529_1007,1,66.22
San Beda University,1915.3625053226515,267.0627319588129,11.080569684583224,52.71417814562128,467,210,16,38,225,38,17.05243237813605,14,1,242,43,127,94.48381096032568,0.5268791373717043,1,1,18,2,7,3,21.900068921385056,6,6,72.0,12,31,0.5333328126981165,1.2649219110396352,0.2246781559692243,2.7309105982620228,2,23,19,85.0,7,1,1.3544029737857584,2.902214597399605,7,1,2,53.53,49.87,87.45,95.0,69.17,8.711339174661468,0.4267710353889876,2025-12-08T18:15:29.625986+00:00,1008,San_Beda_University_20251209021529_1008,1,66.39
San Beda University,2251.19872621801,295.55659853078987,15.396927964894145,65.00327300577287,434,305,14,33,337,49,15.808093191205332,19,1,248,59,109,85.87942651899826,2.073148488263484,2,1,11,2,9,3,18.394250188616976,6,4,82.0,6,46,0.5698370340738478,0.1192246289525793,0.1164791339341954,4.084071299022872,1,20,21,96.0,15,2,0.4796477495657626,4.612761171363633,7,1,0,65.47,57.32,87.16,95.0,74.93,8.958351349347966,0.1818330467863611,2025-12-08T18:15:29.627019+00:00,1009,San_Beda_University_20251209021529_1009,1,76.24
San Beda University,2166.9530999812687,238.7920742797092,14.625345551272924,56.54855905296114,438,254,10,41,197,31,15.06635330554004,18,1,128,47,70,82.16225183705104,0.7849115091678671,1,1,16,2,7,3,27.77411525197766,4,5,104.0,6,41,1.2611260585681274,0.3005761734541751,0.3111874243853798,3.1362360267849128,2,17,17,65.0,12,2,2.578413175184901,1.9002996707240905,8,3,1,47.04,60.23,77.07,95.0,66.69,7.322132540181119,0.2317313802977692,2025-12-08T18:15:29.627019+00:00,1010,San_Beda_University_20251209021529_1010,1,72.26
San Beda University,1886.1661339650825,223.88516740555428,10.0,68.36001971145933,426,298,17,38,297,28,18.802912330616422,18,0,256,50,91,75.37922077866823,1.474096205150912,2,0,19,2,9,3,20.188382920855386,5,4,76.0,12,49,1.993607650931032,0.3617111783569018,2.790047462454172,2.9305959224000167,1,17,8,83.0,14,1,1.069478014404474,2.699099118455276,9,1,0,51.6,60.4,77.48,88.88,76.34,5.603394651794159,2.1266824620152214,2025-12-08T18:15:29.627019+00:00,1011,San_Beda_University_20251209021529_1011,1,63.45
San Beda University,2156.057365119435,194.2737806496092,13.469058520911796,63.21309981381202,368,336,13,49,214,32,17.974634211671166,17,1,213,57,109,64.20075346688557,0.8869754181514587,1,0,15,2,9,2,8.269425415467076,4,4,68.0,11,53,1.28617391758489,0.911442749266935,0.8891783226250763,3.136966877720898,0,25,18,76.0,9,2,1.0298946838561431,5.246334881336825,8,0,1,54.81,49.74,62.41,95.0,69.91,7.573549284222439,0.3221321253942611,2025-12-08T18:15:29.628022+00:00,1012,San_Beda_University_20251209021529_1012,1,65.95
San Beda University,1744.7902991934998,125.98172630277963,11.138116887437764,68.57774450967406,372,358,11,43,209,41,20.529117335288223,19,0,188,44,84,110.29914960229496,0.0483045861053078,1,1,19,2,9,3,20.197935097062604,5,4,66.0,11,50,0.4078642956648387,1.3940490234879437,0.8484611370903858,2.327011321593917,1,11,12,79.0,12,2,0.4934967506389747,3.9342267882555726,8,2,1,55.81,59.95,95.0,95.0,71.1,8.293001879973467,0.3609447039838343,2025-12-08T18:15:29.628022+00:00,1013,San_Beda_University_20251209021529_1013,1,68.55
San Beda University,1831.5166983901024,273.15765576781257,10.415805358042196,67.98120426372058,287,283,13,37,226,33,22.86989032803644,17,1,213,49,81,74.16682567731893,0.3193349578011532,2,1,14,2,5,4,24.01659604591228,4,3,86.0,13,67,0.2187060734696861,1.3112115470802823,0.1862998373736578,2.920164606998304,0,19,18,101.0,10,2,0.8975308260813549,2.9408999082712004,6,0,0,49.83,50.25,69.74,95.0,73.67,3.675773294424368,0.0708599545983123,2025-12-08T18:15:29.628022+00:00,1014,San_Beda_University_20251209021529_1014,1,62.97
San Beda University,892.9812300504277,265.0631933309193,10.76891343158324,65.52152950421883,359,280,13,46,306,34,13.735115236932678,17,1,294,47,99,56.90964759268768,0.8710270512525934,1,1,14,2,9,3,22.85370449927895,5,4,70.0,10,63,1.8382387874783763,0.1928076586950165,0.6493107583763925,2.458913852825962,0,14,12,95.0,12,2,0.9279396122233914,4.911673774316312,11,2,0,54.76,52.37,55.36,95.0,74.04,8.315538582263446,1.5767780619375673,2025-12-08T18:15:29.629017+00:00,1015,San_Beda_University_20251209021529_1015,1,65.33
San Beda University,2024.031550792794,268.4874411599467,15.61050574860689,39.02334405986778,461,300,10,52,284,35,6.822379990070541,17,0,192,51,117,115.53617319390372,0.1311981792676656,2,1,13,2,8,3,19.25837454306473,6,3,110.0,8,71,0.4272221688050172,1.487722819487956,0.9282957353426744,2.7376656069084184,1,21,18,109.0,13,2,0.9442678734632856,3.4137028600339603,7,1,0,44.13,59.09,95.0,95.0,78.76,4.723799561970488,1.2949117473388163,2025-12-08T18:15:29.629017+00:00,1016,San_Beda_University_20251209021529_1016,1,74.25
San Beda University,2192.2022824721275,211.03519471028096,12.002812502071531,56.415873810698905,330,304,15,41,279,32,16.60942405853489,18,1,169,61,110,64.59003867645724,0.9896122436600316,1,1,13,2,10,3,25.494459651135617,5,4,76.0,11,37,1.536611556003016,0.956215618128226,0.4068097276769705,2.9886563516582063,1,26,10,95.0,10,2,1.8037097413884144,3.699386443703458,6,2,1,56.59,53.48,67.02,76.62,73.65,5.954393425256592,1.1469852339575906,2025-12-08T18:15:29.629017+00:00,1017,San_Beda_University_20251209021529_1017,1,66.02
San Beda University,2549.341485933895,217.4484308642122,12.500339248349285,66.85790657849968,373,234,8,37,380,31,22.40693847049675,20,0,208,46,73,112.20673543404352,1.7366888409450532,2,0,11,2,8,3,26.254840562577265,5,5,54.0,9,44,0.3229198739059414,0.590408001292762,0.3002543067647747,2.878853361396532,0,21,23,80.0,8,2,1.6772905349395906,4.745311444725889,12,2,1,50.64,54.6,95.0,95.0,70.06,5.683774268650491,0.3516150463792865,2025-12-08T18:15:29.630023+00:00,1018,San_Beda_University_20251209021529_1018,1,69.34
San Beda University,1843.503734562681,253.1570128564232,12.603307908690567,69.32272975312108,329,345,14,49,295,31,20.41151918869756,24,2,271,66,101,75.76171450472054,0.1078448089625376,2,1,18,2,9,4,17.857818839387008,6,5,71.0,9,49,1.092444368254146,0.7976993325922144,0.901133420969717,3.479192079085956,2,20,22,59.0,9,2,1.2174780873118107,3.719801600640464,7,1,0,57.01,53.33,75.0,95.0,78.95,4.70825082899975,0.4216966949666936,2025-12-08T18:15:29.630023+00:00,1019,San_Beda_University_20251209021529_1019,1,66.95
San Beda University,1302.4592611361688,212.84445612519505,10.444801975129003,39.64546048514748,297,344,13,38,362,36,15.100270954320546,14,0,298,70,99,81.13542569672293,0.0144462477686262,1,1,11,2,9,2,23.403748041142755,5,5,84.0,10,51,1.8823104728382207,0.5287061469602101,1.478289793854282,2.182949733815767,1,17,18,104.0,10,2,0.160651701782385,2.9619056442499696,10,2,1,58.23,57.38,80.03,95.0,66.95,7.802812550523661,1.728264108848936,2025-12-08T18:15:29.630023+00:00,1020,San_Beda_University_20251209021529_1020,1,72.32
San Beda University,1578.9281908752723,258.00731819438647,14.63081257415848,78.6223012534852,380,247,8,42,231,21,21.815588392746808,26,0,172,52,108,60.73074437097121,0.1878750590240268,2,1,14,2,7,2,21.31127834348358,5,3,89.0,14,62,0.4852261382074176,0.3536901887387944,0.0419063026168339,2.562202671294337,2,23,16,108.0,9,2,0.7774218235219924,3.2708504451701224,4,0,0,43.5,65.05,54.13,93.2,83.2,4.8472556394218405,0.8176245922529394,2025-12-08T18:15:29.631019+00:00,1021,San_Beda_University_20251209021529_1021,1,65.92
San Beda University,2141.3848929329483,253.5359682241385,11.745122746759794,80.56134267838361,234,207,6,48,327,34,21.377642739834982,21,0,232,49,96,102.08507880452194,0.3045585566932519,1,1,13,2,11,3,26.2020151072252,5,3,88.0,14,68,0.3046887527799189,1.604777189779664,1.4152089707537086,3.8999405557784006,1,17,24,75.0,12,2,0.47957593751825,4.164133032036544,7,1,2,58.81,57.59,95.0,95.0,72.2,6.160561654045437,0.4614993101891113,2025-12-08T18:15:29.631019+00:00,1022,San_Beda_University_20251209021529_1022,1,74.1
San Beda University,2515.0922212037685,209.06034270611912,11.839015257560645,75.66639705339885,469,303,11,45,332,28,14.352925708783934,15,0,169,59,134,56.73238487522181,0.3106459095616695,1,2,19,2,11,3,17.302340883222378,5,6,88.0,12,37,0.3681496866160078,0.0732128282333554,1.1247820847145389,2.5159435141332467,1,27,16,80.0,14,2,0.7213736898479053,4.570988257394809,6,0,1,58.53,51.99,54.77,88.6,76.23,6.420586298054559,0.0180380286107227,2025-12-08T18:15:29.631019+00:00,1023,San_Beda_University_20251209021529_1023,1,65.07
San Beda University,2404.962729564656,248.56217913736765,17.245393442469975,74.6806847577914,234,228,14,36,260,52,12.403732781526248,17,1,219,53,84,91.41457812281516,1.1533189403869173,1,0,19,2,8,3,15.618049695476335,4,5,61.0,11,48,0.8560391412903556,2.4579271600401933,0.1590542728035879,2.536958292822734,0,17,20,70.0,11,2,1.0849346177388812,3.62166408762851,13,0,1,51.14,55.64,93.69,95.0,77.61,5.53245679403933,0.2947081522137402,2025-12-08T18:15:29.632014+00:00,1024,San_Beda_University_20251209021529_1024,1,70.75
San Beda University,2311.782262137237,225.52413455389248,12.56963206154052,41.69671601827599,397,293,15,51,232,42,24.82590655007572,17,1,255,60,110,94.21960876814636,0.3378404726015065,2,1,14,2,7,2,22.240846829885182,5,4,101.0,11,75,0.4096377307244258,1.6171243667619228,0.1088553567674402,2.951722524447334,1,19,16,79.0,15,2,0.8945588876900991,3.471896353352708,9,0,1,52.53,52.73,95.0,95.0,74.13,7.941228510332669,1.915514896546493,2025-12-08T18:15:29.632014+00:00,1025,San_Beda_University_20251209021529_1025,1,73.01
San Beda University,1442.739258091101,179.49111068672605,14.509597012799576,69.50175696644637,356,287,10,46,233,43,14.802136917420947,15,0,170,74,113,86.34256524603897,0.1325825718015136,1,0,12,2,8,4,22.15650189727628,5,3,103.0,13,28,0.0036303630743706,0.2870834433652351,0.7525011134915589,3.8335400277506233,0,21,17,110.0,10,2,0.5413390999632092,3.296095457513896,8,2,1,56.73,53.16,88.91,95.0,67.63,7.691642632974944,0.8568840051465507,2025-12-08T18:15:29.633025+00:00,1026,San_Beda_University_20251209021529_1026,1,70.93
San Beda University,1952.1135982488115,187.4930524910045,11.535696807412586,33.43799828406803,264,354,9,48,380,37,18.742647318978964,12,1,237,55,116,85.52327299294151,1.9820494565993927,1,0,13,2,11,3,18.759087451104914,6,5,72.0,13,46,0.8155056745675858,0.0643978632302675,0.1920012174545542,2.389147616120389,2,24,18,112.0,11,3,1.023359144140808,2.784221732795525,10,0,1,50.43,53.5,85.74,95.0,73.03,6.162780615623716,0.4509739216589942,2025-12-08T18:15:29.633025+00:00,1027,San_Beda_University_20251209021529_1027,1,71.92
San Beda University,2310.2856117988786,262.2131861226177,16.828391855818108,61.949201156367,322,301,12,43,338,43,14.661752624525269,20,0,248,53,64,96.01901815829156,0.2814288167309597,0,1,14,2,8,4,25.916332117043005,4,3,79.0,5,44,1.2111093064687035,1.2789741135084465,0.0501598369037709,3.0715180492188443,1,18,19,91.0,10,2,0.3409756525850599,3.813848681086167,10,2,1,54.87,53.6,95.0,95.0,67.3,6.817329473035723,1.6218444952297686,2025-12-08T18:15:29.633025+00:00,1028,San_Beda_University_20251209021529_1028,1,69.02
San Beda University,2489.269890012208,263.1718234491952,12.267802351312898,66.08647665805428,396,248,12,26,406,50,23.80514302460783,21,0,193,67,82,104.86559900028584,1.5129667283122323,1,0,18,2,8,2,15.924992176121842,5,3,65.0,12,68,1.908456039824803,1.1648332906465717,0.1780626346556745,3.26208709451179,2,20,16,105.0,15,2,0.3382879211654621,4.088467185375109,7,0,1,61.58,56.19,95.0,95.0,73.97,4.828645341074581,0.0373884542366258,2025-12-08T18:15:29.634017+00:00,1029,San_Beda_University_20251209021529_1029,1,76.96
San Beda University,2385.223142712695,218.2362807447793,14.549063252662757,46.21247936853301,249,257,11,40,256,39,15.062727873342126,16,0,189,52,123,72.84197589599955,1.6468182458302445,2,0,13,2,7,4,18.893207442916022,5,4,93.0,11,50,0.3113293880303713,0.4854200378679354,0.0991801061394445,2.5558910971552606,1,15,17,129.0,12,2,0.4130751181240138,2.7337853561866696,7,1,2,54.92,57.46,69.9,95.0,68.75,7.970929959586239,1.001371142971364,2025-12-08T18:15:29.634017+00:00,1030,San_Beda_University_20251209021529_1030,1,66.3
San Beda University,2180.760881655722,271.2538724651254,15.78726209010426,58.59781992345779,340,257,15,30,272,27,11.00448494653073,15,0,208,56,93,86.12026530442091,0.0773765940639633,0,1,13,2,9,3,25.342454670720752,5,4,47.0,12,46,1.832754831148376,1.1954326459716529,1.5968506489258412,3.3201014708860024,0,17,11,91.0,15,2,0.5480839459628627,4.772050431339271,6,1,1,59.42,57.23,89.61,92.83,70.37,8.517845232770384,0.3293810667844029,2025-12-08T18:15:29.634017+00:00,1031,San_Beda_University_20251209021529_1031,1,72.17
San Beda University,2316.713697757023,315.2362743618215,10.0,71.59818174406463,325,292,10,34,236,28,18.875835770246216,17,4,169,49,77,86.16270947113743,0.5216325888342026,2,1,10,2,11,4,28.604414414883315,5,3,89.0,12,62,0.8107003173958179,0.1843512968819616,0.9561788684756772,2.478366192451562,0,23,14,130.0,13,2,3.007140778546466,3.6275563879057744,6,1,1,58.39,56.69,86.2,87.49,74.94,9.70157294464548,1.07434015569377,2025-12-08T18:15:29.635015+00:00,1032,San_Beda_University_20251209021529_1032,1,73.13
San Beda University,1682.9276210715166,258.3971351893865,14.985566741815148,53.85821588072512,351,282,12,46,342,34,15.263775299309264,11,4,230,57,91,73.84342101257923,0.7387573753278539,1,1,16,3,6,4,21.691711905629813,4,3,92.0,10,57,1.078666180732449,1.3456120459003718,0.5108146064465011,3.1326034672748326,1,18,16,93.0,14,2,0.5500419024105381,2.30329043717907,9,0,2,51.7,56.95,74.48,95.0,72.12,8.385588724464315,0.8223542561556894,2025-12-08T18:15:29.635015+00:00,1033,San_Beda_University_20251209021529_1033,1,69.54
San Beda University,2098.844503288879,180.5110376671508,13.499526741657435,62.55725506442948,323,241,17,40,420,27,23.977801004240924,22,1,226,65,120,40.93447029523905,1.2590678560647186,1,1,18,2,8,3,22.51061912774772,6,3,69.0,12,61,1.12773949840399,1.2879703060729286,1.5013294712627685,3.5782662438152624,1,19,20,93.0,13,2,2.0383609810056584,4.248591331992945,12,1,0,44.83,60.8,37.45,95.0,72.98,1.6622344352421583,1.3323235978300487,2025-12-08T18:15:29.635015+00:00,1034,San_Beda_University_20251209021529_1034,1,56.25
San Beda University,1790.1717363569194,299.5943166164697,11.815338997712422,74.03448022819869,404,337,10,37,203,29,21.438929390859887,15,0,255,54,109,96.88377475445756,0.1351787416714582,2,1,16,2,11,3,23.502198573359816,4,4,87.0,12,60,0.2707808503242275,0.1101367037053791,0.1544037683054498,2.944515194900754,0,19,16,86.0,7,2,1.6918360627929203,3.477034598972516,6,1,2,48.21,57.54,95.0,95.0,74.05,7.313815432288911,1.265229851107173,2025-12-08T18:15:29.636014+00:00,1035,San_Beda_University_20251209021529_1035,1,69.03
San Beda University,2033.714118975228,257.74859530189,11.207299309260408,53.8156006648255,350,335,7,24,344,31,24.130746260726937,16,1,158,74,99,100.20341343380072,1.114269535317962,1,1,20,2,9,3,23.343646462638134,5,4,83.0,13,60,1.390546256949244,0.3767645991175316,0.2380505629856998,2.803091154148244,2,13,17,93.0,12,2,1.5993488005720031,4.903278596116054,3,0,1,43.38,58.1,95.0,95.0,77.76,7.927424159522538,1.795684651300281,2025-12-08T18:15:29.636014+00:00,1036,San_Beda_University_20251209021529_1036,1,75.7
San Beda University,2077.6693541074155,298.3350767796379,13.15054015295848,59.88996489791887,234,366,12,52,293,26,15.335392349316152,14,1,231,58,124,81.6525590397225,0.1319979752822971,1,1,16,2,4,3,20.323414786186067,6,3,70.0,12,56,0.0512375071223148,0.0597430922398731,0.1689173824721304,2.5708326010087,1,23,20,80.0,13,2,0.075443135579799,4.188063333341571,5,1,1,46.78,51.65,80.53,95.0,71.37,7.9124787530580285,0.7315410091093835,2025-12-08T18:15:29.636014+00:00,1037,San_Beda_University_20251209021529_1037,1,63.73
San Beda University,1604.4702544720126,223.2268465449416,14.928218138457572,51.57755490155877,371,425,11,37,325,39,20.846909232733736,22,1,164,41,98,98.03640181609028,0.7283094173893837,1,1,17,2,5,4,22.53302411284616,6,4,82.0,15,66,0.0943060220362412,0.6126946352165034,1.6822069439826428,3.180703233163312,1,14,20,90.0,11,2,1.5212538708848438,3.063549159518522,7,1,0,54.95,57.48,95.0,95.0,75.72,6.718640538899545,0.3324295209654984,2025-12-08T18:15:29.637017+00:00,1038,San_Beda_University_20251209021529_1038,1,74.17
San Beda University,1760.735122172811,240.0012079802825,10.0,50.06777171142481,395,337,14,41,176,35,22.23794332866237,15,0,244,42,86,78.02861202592368,0.4587409413141366,1,1,21,3,9,3,15.679556272864753,5,4,93.0,13,57,0.964783363315,0.2210382610288561,0.4322562901676999,3.2435238751662188,1,23,16,77.0,13,1,0.8230426661881202,4.79675229475877,5,1,0,60.49,49.81,79.59,95.0,71.11,4.540665162354364,0.2721434242980112,2025-12-08T18:15:29.637017+00:00,1039,San_Beda_University_20251209021529_1039,1,74.64
San Beda University,1600.997846050353,249.6796830182561,14.438223037198044,51.56174490549543,256,321,14,44,383,35,14.21566366549284,15,1,131,52,70,67.70081034160353,0.6402490421638238,1,1,8,2,8,3,17.345869658913625,5,4,77.0,12,63,1.0528028132553169,0.2568124804844208,0.4600408585007312,2.579870227036071,2,17,22,94.0,15,3,1.5974036237908398,4.500787019461753,10,0,0,45.14,54.01,72.02,95.0,76.3,6.241013409649243,0.8048915239078145,2025-12-08T18:15:29.637017+00:00,1040,San_Beda_University_20251209021529_1040,1,58.93
San Beda University,1577.231077415001,322.46613425741424,10.428181427576376,58.496432505540575,343,448,11,32,321,36,21.05785259471091,13,1,173,58,126,117.63289644823404,1.2008272210943438,1,1,20,3,9,4,24.340035908946355,5,3,69.0,8,56,1.285779058349004,0.4780390518515291,0.8297727462624175,2.591863931961324,1,21,13,69.0,11,2,3.030899052550091,2.890402249472216,13,0,1,58.02,53.49,95.0,90.53,70.27,8.824492878314585,0.1819042551319507,2025-12-08T18:15:29.638018+00:00,1041,San_Beda_University_20251209021529_1041,1,79.12
San Beda University,1140.2193963731402,259.6214520138861,10.0,68.71805382833587,420,325,11,40,230,39,16.249879352572506,15,0,182,50,122,93.47298693725222,2.225415047768468,1,2,19,2,9,3,16.014787124366237,4,4,66.0,7,43,0.139832004659451,0.4923648758836399,0.3039122345693623,2.590091997092573,0,22,13,56.0,10,2,1.0040654306267025,4.379523791950485,8,2,0,56.5,42.28,95.0,95.0,76.86,6.195845469404357,0.5877004288895823,2025-12-08T18:15:29.638018+00:00,1042,San_Beda_University_20251209021529_1042,1,71.64
San Beda University,2776.274241293276,360.4788982689312,15.09794761705304,68.97877887204524,459,164,11,44,286,34,17.7985139260406,22,1,220,53,107,80.80938066559445,0.0068750720556124,1,1,11,3,8,3,18.204147330728016,5,4,81.0,11,47,2.234053020241161,2.092650515210555,0.8937101903063231,3.618768208881245,1,17,21,96.0,11,2,1.091457875728479,5.419068771733191,9,1,1,63.59,57.52,79.59,95.0,73.3,7.294865026691332,0.632221378596086,2025-12-08T18:15:29.638018+00:00,1043,San_Beda_University_20251209021529_1043,1,72.89
San Beda University,2025.329952839168,247.6005879324443,14.03859315327752,53.54258689307369,274,405,14,28,208,31,18.087505179991503,18,1,106,54,81,102.68224777166904,0.012275786427777,1,2,14,2,8,2,21.536597549992404,5,3,106.0,13,46,0.1880114293603632,1.842388517734844,0.2606294976502673,2.0128270151100978,0,24,9,56.0,11,2,1.841016567831388,3.664117767069406,7,1,0,51.87,57.62,95.0,81.07,74.91,7.975623838486381,1.1466689948132398,2025-12-08T18:15:29.639017+00:00,1044,San_Beda_University_20251209021529_1044,1,69.39
San Beda University,1945.631520498436,243.87910420720547,10.0,62.44555217636278,377,331,12,29,310,29,20.599147438695223,13,0,151,60,91,100.99000099421733,1.1819352568974617,0,0,17,2,7,4,24.507059219236588,2,5,64.0,8,52,0.8551764449296255,0.7010381627445559,0.584110586725527,3.787649450542837,1,16,22,120.0,13,2,0.829322845492285,4.300285700329128,10,1,0,44.27,54.15,95.0,95.0,71.68,4.588483340617794,0.4577664909179333,2025-12-08T18:15:29.639017+00:00,1045,San_Beda_University_20251209021529_1045,1,67.22
San Beda University,1838.5115166594217,247.33147738580004,10.386497829209487,58.68316954893741,377,387,9,40,352,28,14.385708447554585,18,1,216,62,132,88.26158815592153,0.8645548883023088,2,1,13,2,11,3,31.71316431565254,5,4,84.0,13,33,1.932295504521152,0.3307248727889297,0.1700376050667141,1.7417775470555017,1,16,18,67.0,10,2,1.6654288587888713,4.424885745842515,8,1,2,51.41,49.67,86.48,95.0,71.18,5.248269861199844,0.1111420026267254,2025-12-08T18:15:29.639017+00:00,1046,San_Beda_University_20251209021529_1046,1,70.12
San Beda University,1926.0962140207807,227.99485359720583,12.816027395315803,51.79912091864409,392,295,13,54,314,33,19.20400133344458,17,1,131,60,105,89.92236103076553,0.3192389606751342,1,1,12,3,12,2,18.77062040511492,5,5,66.0,12,57,0.0322474241740033,1.432974326285554,0.939632999892319,3.787976451758592,0,10,18,83.0,12,1,0.7484925180229617,4.565134148966156,9,1,0,49.85,64.24,86.63,95.0,78.0,6.54292151275738,1.1858902669283864,2025-12-08T18:15:29.640017+00:00,1047,San_Beda_University_20251209021529_1047,1,78.37
San Beda University,1937.5475606404368,136.8377984632438,12.19228016462967,46.43851431354173,468,257,8,48,448,30,19.581688486957297,17,1,191,52,95,79.05553476876892,0.75375581266481,2,1,18,2,10,2,23.379899409737146,6,2,89.0,11,54,1.0384135304742388,0.1558635108785309,0.2617354071062777,2.3924521607416804,0,12,14,84.0,14,2,0.2667187990372751,4.513402122843879,7,0,1,53.65,53.25,77.6,95.0,71.79,5.981419176353689,0.9004746379113238,2025-12-08T18:15:29.640017+00:00,1048,San_Beda_University_20251209021529_1048,1,73.52
San Beda University,1413.4179990791276,176.51860052508314,11.658592978814026,35.82432777184847,357,207,13,28,252,39,18.82800123323444,18,1,186,47,86,92.28214269963487,1.7933727493390692,1,1,12,2,11,3,15.6666334202836,5,5,46.0,12,31,1.8370846909554903,1.2358489085756583,1.214372776145849,2.8480569472323034,0,17,22,78.0,13,2,0.1620671558061418,5.170136143457273,8,2,2,53.83,57.81,87.1,95.0,69.09,6.269929682339079,1.842260728505139,2025-12-08T18:15:29.641017+00:00,1049,San_Beda_University_20251209021529_1049,1,70.83
San Beda University,1859.928883390916,203.318208222762,13.971367890564387,31.64648908577992,366,177,14,43,214,40,10.09125047244922,20,1,141,59,95,92.3529354664804,0.0868817725674955,1,2,11,1,10,3,26.3637612016412,4,4,62.0,10,51,1.049940250445339,0.9835270754345716,1.3715180272996657,3.546578265591801,0,15,16,84.0,12,2,0.2985188555723345,3.871353717806511,5,1,1,55.36,45.91,91.14,95.0,75.17,10.576232959303557,1.0374038356187147,2025-12-08T18:15:29.641017+00:00,1050,San_Beda_University_20251209021529_1050,1,74.44
San Beda University,2234.689535865124,188.53349659788933,14.09303196931963,55.05243764694531,337,265,12,32,224,33,23.15694230759876,14,1,229,54,105,95.02845148770837,1.2437663976297475,1,0,17,0,9,3,14.284309930709377,6,6,73.0,13,54,0.1107270691100915,0.0378732007017619,0.2974720886632748,3.059659371727118,1,24,12,115.0,14,2,1.1058936261658865,4.358770876278885,7,1,1,48.03,55.56,88.59,85.56,75.91,7.21146286105002,2.158377937478178,2025-12-08T18:15:29.641548+00:00,1051,San_Beda_University_20251209021529_1051,1,62.43
San Beda University,1471.972663739486,279.877267679512,11.768931959433743,45.7289626742013,479,312,11,35,384,32,16.53644417496782,20,0,298,39,116,103.8560558189286,1.4039326632062945,0,1,16,2,10,4,20.279015961306087,6,3,65.0,10,50,0.3822655149681924,2.5356218130989108,0.126541988437275,3.6037867165210704,1,26,18,65.0,11,1,2.0820520045494484,3.143857892871825,9,2,0,40.24,55.03,95.0,95.0,71.51,6.40999650585839,1.1515720866031471,2025-12-08T18:15:29.641548+00:00,1052,San_Beda_University_20251209021529_1052,1,71.98
San Beda University,1476.0,308.0,20.87,52.027,272,227,23,22,215,27,7.0,23,0,77,26,169,83.46,3.0,3,4,18,7,6,5,30.0,7,5,71.43,5,3,19.0,3.0,15.79,2.0,0,31,16,51.61,8,15,3.0,5.0,15,1,0,6.43,6.21,7.38,7.11,6.11,6.65,0.5,2025-12-08T18:16:02.993131+00:00,1053,San_Beda_University_20251209021602_1053,0,
San Beda University,2020.944213229112,352.3779331137025,19.77478989425741,50.94835142842277,216,215,23,22,234,29,8.447976880849698,22,0,76,19,197,103.27630225962062,2.4610245410862848,4,5,22,8,6,3,34.37890729088209,8,9,45.0,5,3,21.890138390861843,2.343893629635456,14.869876926370925,2.3753889165874087,1,34,10,48.0,8,18,2.7616243958895645,4.875293777022835,15,1,1,51.74,55.2,95.0,72.71,68.4,8.692761547412353,0.47507870017831,2025-12-08T18:16:02.994131+00:00,1053,San_Beda_University_20251209021602_1053,1,64.31
San Beda University,1612.3483715363311,282.8071966570592,31.8532122879801,52.32091066682359,300,271,15,22,218,20,6.329016413089356,25,1,69,27,166,95.5682497906248,2.8065912530335577,3,3,16,7,5,6,40.50611458210013,8,5,55.0,5,2,17.608698757563715,3.152914489524323,11.553484601070249,2.520294803547147,0,29,20,43.0,9,18,2.933579482108948,6.3880978252024505,18,2,1,53.97,46.3,95.0,95.0,65.07,5.0843180731484034,0.3085847019792751,2025-12-08T18:16:02.994131+00:00,1054,San_Beda_University_20251209021602_1054,1,69.29
San Beda University,798.5269163290749,194.8145637651099,19.547101032682463,47.68738364679172,284,171,16,25,244,26,8.400824817152843,28,1,72,23,141,86.72481860497304,1.7765815207889095,4,4,17,7,6,5,27.775067609884733,8,6,45.0,5,4,21.499988986025365,3.3278406374790324,15.747024989301831,2.088434089305415,0,35,12,49.0,7,10,3.1449141611516014,4.961819270419328,16,1,1,48.21,54.6,80.16,72.93,64.77,5.317299358725878,0.3748333384829475,2025-12-08T18:16:02.994131+00:00,1055,San_Beda_University_20251209021602_1055,1,61.49
San Beda University,1046.6703079337904,416.1776930874925,26.27622455986411,65.72701139804487,228,109,21,17,157,29,6.711356038396697,18,0,88,31,127,99.86957294075664,2.192624541758464,3,4,21,7,7,5,24.865343436532093,5,4,67.0,5,3,18.582214617477685,2.740153751800073,11.875176452235966,1.8377900210365097,1,37,14,38.0,8,16,2.9931623493911386,5.2283918993776775,14,1,0,58.52,56.03,90.86,72.23,73.97,6.385125090361894,0.3351719453228791,2025-12-08T18:16:02.995131+00:00,1056,San_Beda_University_20251209021602_1056,1,68.0
San Beda University,1276.0619069117822,347.7870459198335,27.030340436020268,49.7412976881696,227,174,20,24,178,18,7.031141627921175,20,1,84,27,223,68.51990650136578,2.3127121881576715,3,4,18,7,6,5,26.35420735309989,7,6,87.0,5,3,19.013931541842187,2.959293206471292,15.885800710118897,2.524280350489329,0,34,14,61.0,8,22,3.5932012377809524,5.207649411901416,13,2,1,61.01,52.87,72.19,72.5,73.88,7.079823888730142,0.4472580581528503,2025-12-08T18:16:02.995131+00:00,1057,San_Beda_University_20251209021602_1057,1,67.24
San Beda University,1557.4239669684268,258.6012425347388,15.509059277439672,51.06168260756079,277,136,19,26,188,20,6.618848604489918,27,1,71,29,160,41.20024397291997,3.20828938490465,3,4,16,9,7,5,23.191029418506755,7,4,40.0,6,3,14.059078420624084,3.476202604919437,16.83486268696789,1.839173912506827,1,33,15,49.0,7,12,3.1391419024750657,4.232278519350921,17,1,1,58.04,41.12,46.97,76.88,72.86,8.849229205901702,1.3152251741154033,2025-12-08T18:16:02.995131+00:00,1058,San_Beda_University_20251209021602_1058,1,59.35
San Beda University,1895.4876557619173,277.9973172463783,22.87714366625111,40.72451453381696,302,210,23,21,308,27,6.629421117941411,24,0,81,25,170,80.43790042105749,2.616092172422474,4,5,16,8,7,4,22.78585835075765,6,6,73.0,4,4,18.593838609529,3.6571510459309415,18.9784953669804,2.929930512979181,1,26,21,51.0,11,14,2.505565970574317,5.207626597381919,15,1,1,63.99,50.85,74.92,95.0,71.35,6.4583631932118974,0.5665658272633751,2025-12-08T18:16:02.996124+00:00,1059,San_Beda_University_20251209021602_1059,1,73.89
San Beda University,1203.9454390741946,396.9730286892888,16.65569447609559,37.33169115067332,201,237,27,12,209,28,4.877682529047112,33,1,86,24,166,81.99308710242155,2.7065986786703253,4,4,18,7,5,5,30.396373568238328,5,6,97.0,5,4,22.07653454881701,3.8998402021111183,12.694337998358838,1.178903774135431,1,28,12,47.0,8,14,3.1041673185990626,4.73842335190535,17,1,1,60.03,51.66,80.76,75.62,63.99,6.456892908039718,0.9941631621371644,2025-12-08T18:16:02.996124+00:00,1060,San_Beda_University_20251209021602_1060,1,69.8
San Beda University,1842.2416778383133,379.8458167170028,21.230111434409643,63.80669831933789,203,260,22,17,171,11,7.775180486785318,27,0,90,26,190,74.46711874380031,4.1141993568329145,4,4,26,7,6,4,26.825628099786343,5,3,58.0,5,3,25.269402791643028,2.3226065163406218,17.623931945247854,2.245105206400746,0,39,20,67.0,8,19,3.6620427395863855,4.560822062975458,16,1,0,53.31,53.93,76.75,78.99,73.48,4.863666921591194,0.0,2025-12-08T18:16:02.996124+00:00,1061,San_Beda_University_20251209021602_1061,1,70.13
San Beda University,1317.7952344841003,321.8904714251437,21.638650919872617,49.28025037841605,286,264,25,30,185,34,9.612292177914334,24,1,66,32,123,68.31051063554452,3.874689682651585,3,3,16,5,7,5,25.336132059969007,5,6,87.0,4,4,21.96701659671237,2.8268592417936333,17.306557667913193,1.9113588648823023,0,27,23,51.0,5,23,3.050423227071833,3.5042965647375484,14,1,1,57.41,53.68,69.12,95.0,74.87,4.930679422963828,1.1737111449391635,2025-12-08T18:16:02.997125+00:00,1062,San_Beda_University_20251209021602_1062,1,72.26
San Beda University,1142.1843305494149,213.3984568917745,17.89853900046581,52.43436875838265,308,205,26,30,144,25,6.900905706652252,21,1,81,34,192,102.72001238872926,2.964094872227581,3,3,17,6,6,6,25.28172399940265,8,5,78.0,3,4,16.897286760892104,1.1838991970207149,15.845131001872604,2.4092270460348755,0,34,18,62.0,9,18,2.6649032957960404,5.435133125692818,20,0,0,55.41,60.67,95.0,83.43,65.34,7.964167772952211,0.9357264705323444,2025-12-08T18:16:02.997125+00:00,1063,San_Beda_University_20251209021602_1063,1,72.28
San Beda University,1462.2242072682575,358.06224265778945,20.08467258904972,39.0989601282506,271,204,17,25,163,32,8.908809610908486,33,1,84,25,204,60.64483396138334,2.711640538203997,3,4,12,7,5,5,26.579785470164804,8,5,84.0,6,3,20.20403781678698,3.0766843729751976,20.77832839169796,1.844848244397996,0,32,15,66.0,8,17,3.577922402026462,5.835275723006278,17,1,0,58.52,42.06,61.34,81.76,73.1,6.127912945841546,0.4043671657325044,2025-12-08T18:16:02.997125+00:00,1064,San_Beda_University_20251209021602_1064,1,57.92
San Beda University,1418.7098304759522,360.4153539980215,14.964419780928072,42.30529328255799,240,198,20,19,219,25,7.555143554510434,23,0,58,24,142,73.05994543815477,4.061625035202881,3,4,19,7,5,5,25.25205325869177,4,6,71.0,6,4,20.43521682194296,3.23531991701688,11.398147358010869,1.9159963658999168,0,32,17,67.0,6,15,3.825716566283248,4.565881738677464,14,0,0,67.15,53.27,75.09,82.39,74.01,5.732756625218342,0.3551340299012129,2025-12-08T18:16:02.998138+00:00,1065,San_Beda_University_20251209021602_1065,1,69.42
San Beda University,1367.045361048278,361.74172529264615,20.120374190836884,56.929629917918206,226,210,29,15,172,26,7.741525258918042,17,1,71,28,153,95.91530038938976,2.9734271654103264,2,4,19,8,6,6,27.68118807097296,7,5,77.0,5,4,19.63974854723176,2.950801821255247,16.425695879773368,2.1708933377470334,1,24,9,56.0,11,14,2.614357135136134,3.078959515780056,16,1,2,51.9,57.79,95.0,69.76,71.87,7.842626038989401,0.2660204451242107,2025-12-08T18:16:02.998138+00:00,1066,San_Beda_University_20251209021602_1066,1,70.57
San Beda University,1763.1359672866868,463.6137658812008,20.86555475145844,58.51676612806992,271,211,26,19,208,26,7.759808223834642,17,1,66,27,145,81.04214850516233,2.422183528071096,4,4,17,5,7,5,37.51624666528394,8,5,45.0,6,3,24.886544942988056,3.328808945025618,12.06991741881128,1.747128816512844,0,37,15,45.0,10,20,1.8885468989052887,3.948501088275811,18,1,2,51.57,53.23,80.63,82.45,68.54,5.339418270981351,0.8289566417579619,2025-12-08T18:16:02.999136+00:00,1067,San_Beda_University_20251209021602_1067,1,66.28
San Beda University,1172.088154210905,366.46596977637273,19.404268133963065,62.94159958634465,360,248,18,21,209,22,6.836259647447116,24,1,73,25,169,82.49010046296596,3.456670399375652,2,4,23,6,7,4,29.04478500557349,7,4,76.0,5,3,15.55263271130832,2.7566939370271406,13.993627198308396,0.9398182010085046,0,40,17,43.0,4,17,2.892987673047987,4.878898703855491,16,1,1,61.54,47.06,78.48,75.95,70.02,6.742864932594584,0.9982898109541966,2025-12-08T18:16:02.999136+00:00,1068,San_Beda_University_20251209021602_1068,1,67.34
San Beda University,1585.2889521752122,314.9438023934543,21.550733751037644,41.48465628062143,327,253,28,12,286,25,7.959442480825666,21,0,79,25,111,71.2385661571596,2.492201342445054,3,3,24,8,5,5,23.33645908184464,7,5,43.0,6,4,18.566011547815748,1.933898926548536,20.002606677326146,2.066318006707912,0,27,17,65.0,8,14,2.614326171242117,4.697670160647252,12,1,1,58.47,48.84,74.57,88.3,72.24,7.268241846254092,0.7919533712016196,2025-12-08T18:16:02.999136+00:00,1069,San_Beda_University_20251209021602_1069,1,63.09
San Beda University,1418.6821575601834,311.0909798281944,21.1078687460522,52.17652994063629,198,253,33,17,147,29,7.074813025496727,28,1,72,30,161,69.08756660296666,3.7784986008149497,3,3,21,7,6,7,24.228886626302703,8,5,57.0,6,3,18.09840514336504,2.9346224777155,21.24943588973603,2.108520188420548,1,36,13,52.0,9,17,2.868370664682769,3.9203563740007903,11,1,1,48.21,53.6,69.38,75.06,70.37,5.954739112683336,0.0435154561057025,2025-12-08T18:16:03.000132+00:00,1070,San_Beda_University_20251209021603_1070,1,64.96
San Beda University,1333.1595300505624,329.07673231996193,17.727376259586148,37.25205767635797,255,287,21,25,266,34,7.241123035915379,30,0,90,20,188,94.75868958521012,3.978569928997248,2,3,18,7,6,5,20.321965890508054,8,4,65.0,6,2,28.125270998812542,2.7584977366015817,14.001336316398657,2.0020540338956927,1,33,8,41.0,8,22,2.413350432814638,5.797127971709097,18,1,0,58.4,56.52,95.0,59.94,71.23,5.082981299030665,1.7395067028528317,2025-12-08T18:16:03.000132+00:00,1071,San_Beda_University_20251209021603_1071,1,64.73
San Beda University,1200.3275438036794,341.5976242023942,16.249692468084397,42.13440326224025,173,222,24,31,154,29,7.702869616213063,21,2,81,23,169,100.43918345776052,2.448207049581076,3,5,19,7,5,6,35.51448104502317,7,4,58.0,6,4,17.857572187543045,2.815214684860545,19.28750402078205,1.618657300732454,0,28,16,51.0,7,17,3.53660977283559,6.718605217522121,17,1,1,51.18,46.17,95.0,88.34,69.74,6.406757092454211,0.0,2025-12-08T18:16:03.000132+00:00,1072,San_Beda_University_20251209021603_1072,1,68.52
San Beda University,1176.2916314874035,453.5334769104133,23.201921188714945,58.315258627582494,245,146,13,21,186,21,3.6994790376399016,36,1,93,26,209,77.23305518420732,2.320796152516089,3,5,20,7,5,5,29.955319855605044,11,7,82.0,4,3,17.368196603842545,2.0533363361807195,10.595974666541402,2.410198411374801,0,42,13,52.0,7,10,3.8543879554979528,3.4144371285781334,21,2,0,59.24,49.92,81.45,66.86,67.53,5.561808140140893,1.1113537834891505,2025-12-08T18:16:03.001131+00:00,1073,San_Beda_University_20251209021603_1073,1,66.84
San Beda University,1676.1982222978977,381.46290381034527,18.78257199702255,65.8488092534725,265,208,27,25,155,28,6.916526870598675,23,0,71,25,158,95.74663546374548,2.125733447808152,2,5,22,6,6,6,27.173520827228213,6,6,81.0,6,2,17.73765600213541,1.9563643873897048,13.352401144375756,2.0132814214333044,3,36,18,53.0,9,9,3.635060744003989,4.745301957620239,19,1,1,53.02,47.07,95.0,86.58,70.41,7.334357326646795,0.0,2025-12-08T18:16:03.001131+00:00,1074,San_Beda_University_20251209021603_1074,1,64.8
San Beda University,1852.3336351961889,263.0552885871987,17.753596051081523,58.10322188322291,210,190,20,23,207,22,8.038470697201996,21,0,87,20,150,57.00350444708654,2.420882538615333,3,5,14,9,8,4,28.38268937725616,7,6,97.0,4,3,16.822178817124595,4.04305729182014,11.634895543468929,2.8396563994773336,1,30,18,49.0,6,15,3.0675470609973936,5.7115600833249145,14,1,1,49.85,36.74,55.28,92.83,73.77,6.79874607421456,0.0,2025-12-08T18:16:03.001131+00:00,1075,San_Beda_University_20251209021603_1075,1,61.16
San Beda University,1435.0173889733364,276.9825259208987,24.150225473005367,52.66020911095925,268,241,29,29,196,25,5.405168851108005,26,1,78,24,153,106.71033612252752,3.190376584483052,3,4,15,8,7,5,27.38567691039802,7,4,77.0,4,3,18.122721291774628,3.05819207526501,13.256912041023377,2.7885233653641888,1,30,19,42.0,8,14,2.0118491737885,5.356321243185832,14,1,1,56.7,45.57,95.0,87.52,71.07,6.525984079520147,0.2111198315557696,2025-12-08T18:16:03.002131+00:00,1076,San_Beda_University_20251209021603_1076,1,70.26
San Beda University,1514.137182740368,299.72854331803234,14.34847825847073,41.12190273488325,286,224,29,21,260,20,9.329140282887376,29,1,81,19,112,48.0725921732017,3.712898962991117,3,5,23,8,8,3,36.11322435173994,7,4,72.0,3,3,23.285611002022264,2.287141868693751,18.98110650453944,1.5311153499940675,2,33,17,33.0,9,12,2.5402210949859194,4.428537013757726,18,2,0,71.19,54.29,50.19,80.13,70.38,6.112182789584098,0.064781572860123,2025-12-08T18:16:03.002131+00:00,1077,San_Beda_University_20251209021603_1077,1,62.66
San Beda University,1656.1895628906311,239.02582396299127,23.31621855055209,31.1491564611173,277,195,22,29,223,24,5.710000340771118,22,1,79,16,168,108.01365943991888,2.857507569047861,3,5,22,8,6,5,24.59502295984385,6,5,81.0,6,2,21.03107768759348,2.9292004909012266,16.11059800386661,2.5623652281020712,2,35,13,61.0,9,17,3.4255974689970707,4.800607442725261,16,0,1,51.2,51.54,95.0,80.01,72.63,7.708124424517456,0.3987399264089081,2025-12-08T18:16:03.002131+00:00,1078,San_Beda_University_20251209021603_1078,1,67.29
San Beda University,1162.2166580047317,256.8078683798552,18.12544690425452,57.67411960208335,214,236,16,18,194,29,7.498400063402781,20,1,106,25,103,94.34346865636586,4.016700076401774,3,4,21,7,4,5,30.24690899840455,7,6,88.0,4,3,22.800568320029505,3.092926487118332,11.135922177274768,2.062448491350798,0,30,13,27.0,6,8,3.031175115822073,5.8513575213289,13,1,0,57.7,48.0,95.0,81.98,77.01,4.832701344908907,0.3880935908227756,2025-12-08T18:16:03.003131+00:00,1079,San_Beda_University_20251209021603_1079,1,73.1
San Beda University,1511.8927527112671,400.1175113680399,18.512943291495816,42.47179374554944,247,149,15,19,204,30,7.5680963015098435,31,1,61,24,179,49.07326007642517,2.0806599049623657,4,4,17,5,7,4,39.54283260920326,6,6,78.0,5,2,15.077360389919056,4.07103668000709,20.70318592649403,2.065318442694399,1,34,18,55.0,10,14,3.341996753066401,5.074748215239596,18,1,0,60.47,49.32,50.51,79.88,78.56,7.070189613361159,0.6129767762071973,2025-12-08T18:16:03.003131+00:00,1080,San_Beda_University_20251209021603_1080,1,65.03
San Beda University,1053.2179333153128,315.3333094828741,24.83950547012917,44.39087225998679,158,111,17,23,308,22,7.378889835160645,22,1,93,22,180,105.27301846588816,2.824266796155753,3,6,15,9,7,5,23.071478117330088,6,5,83.0,5,3,15.312077849303934,2.795736667050295,17.828694627077102,2.0714381623618445,2,33,19,57.0,6,17,3.067784429801459,5.072475753986997,13,1,2,58.7,53.6,95.0,87.96,68.85,7.5448537676984895,0.3863373649635054,2025-12-08T18:16:03.003131+00:00,1081,San_Beda_University_20251209021603_1081,1,74.18
San Beda University,1432.940279230685,399.8034662332383,29.21580269231724,54.95667242162973,296,248,28,28,231,25,6.404532371759204,26,1,83,26,144,93.40846799992994,3.1370788665789577,4,4,21,5,6,5,30.561051585970848,7,6,52.0,5,2,20.93084266880849,2.320360326272987,18.1773364074847,1.63479531699989,2,22,16,56.0,10,15,2.86864694297617,3.3580906536891684,13,1,1,54.65,55.52,95.0,95.0,67.48,7.841420526694582,0.7776443836874658,2025-12-08T18:16:03.004125+00:00,1082,San_Beda_University_20251209021603_1082,1,75.0
San Beda University,1413.2549381911929,415.669550530651,27.38183626269481,37.64931762314471,254,251,29,24,234,26,6.451566315420545,22,2,81,23,190,74.45625922143009,2.9468896558843563,3,4,18,7,6,5,28.54758008910672,5,7,54.0,4,3,17.24965293296288,2.7472773562594064,17.22165677986191,2.4079734670752484,1,28,18,34.0,10,16,2.4678707061625094,4.5961390634456425,16,0,1,65.32,47.94,66.22,91.51,73.63,6.803514191460309,0.4070631060586803,2025-12-08T18:16:03.004125+00:00,1083,San_Beda_University_20251209021603_1083,1,69.64
San Beda University,976.4461065249355,381.63367218710687,16.373831868174367,42.08655640881308,283,232,23,19,204,32,7.421160839090285,25,1,61,25,160,90.26502599037036,3.360205180739992,3,4,18,6,6,6,41.87306727807368,6,6,93.0,6,2,21.464661854196606,2.9903353213622186,18.59940642171501,2.2437314358675065,0,21,21,40.0,5,15,2.56231671972668,4.567214056580975,15,1,1,67.01,51.02,84.36,95.0,67.55,7.452366272537114,0.202524118147197,2025-12-08T18:16:03.005132+00:00,1084,San_Beda_University_20251209021603_1084,1,73.19
San Beda University,1613.3289931142904,353.5959485479916,25.46247959691996,50.51290636773151,338,235,22,26,175,30,6.161739514327871,14,1,90,21,217,100.99536980743495,3.543213145165887,3,4,15,9,4,6,33.80945049868147,7,6,68.0,5,2,23.57258774026216,2.0079603482541186,11.599713240056216,1.3921298926418073,0,37,17,54.0,11,16,3.6221172334510254,4.550363483003365,17,1,1,50.12,42.23,95.0,80.32,76.32,5.344542836827926,0.1983096608523342,2025-12-08T18:16:03.005132+00:00,1085,San_Beda_University_20251209021603_1085,1,70.44
San Beda University,1575.4618217131874,337.79504542177443,11.37911509597275,61.41366292856526,249,157,22,25,146,24,7.710460988777077,26,1,59,28,177,105.25258034428704,3.0114366840293663,4,3,12,5,6,3,27.828990721604995,7,6,67.0,5,3,16.049297466377055,3.124150117616615,20.060008505970643,1.881860186803429,1,38,18,44.0,10,14,2.732250276513178,4.179095527995246,18,0,1,57.23,55.31,95.0,83.62,72.68,6.501128626592775,0.0511485910784589,2025-12-08T18:16:03.005132+00:00,1086,San_Beda_University_20251209021603_1086,1,67.81
San Beda University,1022.627158804484,314.15645971798455,17.13964170131603,54.842500833988055,261,182,19,31,239,33,4.951723496960621,28,1,82,32,126,108.40596086709512,3.126927974819896,3,4,18,7,6,5,31.20721661165887,6,4,77.0,2,3,14.773707567114553,3.0882021721256248,16.28745393193802,2.061479060697332,1,32,15,68.0,8,16,3.016692147071221,4.909249583943646,18,1,0,49.92,42.06,95.0,78.79,74.76,7.203429590916832,1.293745997870471,2025-12-08T18:16:03.006131+00:00,1087,San_Beda_University_20251209021603_1087,1,68.84
San Beda University,1729.310884480989,277.3883122041749,18.63903006078533,52.03712347788687,145,217,20,22,190,22,8.225350534160958,16,1,70,28,195,67.56510662980658,3.447699895974307,2,3,16,5,8,7,25.77381619325146,7,5,68.0,6,4,15.840188759954188,3.17859709289054,13.167885765954347,1.4455457782422647,1,41,19,54.0,8,15,2.7047313118497933,5.36046419766678,14,1,1,60.11,45.38,62.32,79.8,67.94,6.902274753325821,1.3747461872869362,2025-12-08T18:16:03.006131+00:00,1088,San_Beda_University_20251209021603_1088,1,58.0
San Beda University,1849.2112599250308,254.3939179208149,14.011904629299869,40.21786100500926,308,184,18,20,104,28,7.601996254911929,24,1,94,26,98,105.54219963647424,2.2813968087712744,4,3,17,6,6,6,35.60297297219241,9,4,77.0,5,3,18.24596505598054,2.463557764644865,15.281624987012508,1.969438652798333,0,22,21,47.0,9,14,3.031325861912131,5.617439964478973,18,1,1,58.14,55.57,95.0,95.0,66.54,4.362612983319547,0.9754150071718476,2025-12-08T18:16:03.006131+00:00,1089,San_Beda_University_20251209021603_1089,1,72.66
San Beda University,1258.7946486723597,293.3736233846331,22.25505032074921,57.20782680168242,303,243,22,21,247,30,5.314876726842992,19,1,55,19,123,78.94359092612669,2.8251451857492893,3,3,16,6,7,7,38.53189833510592,4,5,84.0,6,3,16.768913757392337,3.636906350420225,10.67458641527542,1.1812209903492854,0,37,16,68.0,7,8,2.9486894695580674,3.410190752348771,17,1,0,56.95,47.66,76.43,84.21,78.32,5.007463709035042,1.0107290220720238,2025-12-08T18:16:03.007131+00:00,1090,San_Beda_University_20251209021603_1090,1,62.93
San Beda University,862.2548022159413,329.8516406326388,20.457723050386548,68.13468206081536,202,175,20,24,187,22,7.260758831355445,26,1,67,29,194,110.82524043408148,3.3532920352157114,4,5,18,6,8,6,23.751825195082542,6,4,85.0,5,3,16.025271356622817,3.481317528792558,16.50360985516952,1.6309029698857225,0,28,19,35.0,11,18,2.622406814234006,5.498733481759757,16,2,1,57.44,59.37,95.0,95.0,74.51,5.303990033992925,0.0124985710909435,2025-12-08T18:16:03.007131+00:00,1091,San_Beda_University_20251209021603_1091,1,79.02
San Beda University,1052.9385536934165,272.60727126808445,27.949378797698145,56.18587818007049,270,205,23,24,211,38,9.49174638202391,21,1,76,39,189,92.37944825342628,2.684380524412973,3,5,14,8,8,5,21.755472068601144,9,4,71.0,7,2,24.74352799439912,2.7868689001220304,13.982672994392766,1.6523371488789715,0,40,17,55.0,8,15,2.904681038504389,5.125965495299012,17,0,0,58.35,48.5,94.95,76.01,71.51,7.50246994688568,0.4413295913908036,2025-12-08T18:16:03.007131+00:00,1092,San_Beda_University_20251209021603_1092,1,64.43
San Beda University,1475.169487641354,345.7117887530337,19.91270559491022,55.70673805025865,241,263,28,23,270,28,7.633325136903863,24,1,84,20,177,99.20417443136972,3.070667261686887,4,4,23,7,8,5,29.74571082344248,8,6,79.0,5,3,19.973668683024066,2.9935403873067106,18.509849287096863,1.3858416700386582,2,34,14,72.0,7,15,3.0710609795661314,7.313249785857,21,0,1,47.2,51.55,90.57,79.94,62.45,6.89384464002702,0.0,2025-12-08T18:16:03.008131+00:00,1093,San_Beda_University_20251209021603_1093,1,63.82
San Beda University,1766.343648516475,257.8969337573804,21.90848115499824,50.657291671714496,261,251,21,30,258,26,6.591557981954187,28,0,92,24,152,102.46065633518997,3.00909095267712,4,5,16,6,7,5,25.72761710259062,5,4,81.0,5,3,23.85476135958618,3.3354218696736297,16.979358939004463,2.3727759273008022,1,28,14,50.0,10,17,3.226514623003101,5.554375480151567,17,1,0,52.72,52.88,95.0,80.62,66.66,3.5109625608606563,1.4622123161912717,2025-12-08T18:16:03.008131+00:00,1094,San_Beda_University_20251209021603_1094,1,65.21
San Beda University,2001.493830868384,428.5057403008019,23.41084316207479,47.6389969361108,316,221,22,13,195,29,6.092174234025027,25,1,77,23,133,85.4263841074841,2.994613927619141,3,4,15,7,5,4,34.04912440784767,8,2,69.0,4,4,21.52463038350653,1.8887316612690288,14.28309054982666,2.0567934823561664,1,35,21,67.0,9,16,2.6174039139424043,5.23893653166634,12,1,1,65.12,56.17,80.48,95.0,67.33,4.680743339477947,0.5859903515939072,2025-12-08T18:16:03.009131+00:00,1095,San_Beda_University_20251209021603_1095,1,72.45
San Beda University,1511.4293268361134,303.0821105283768,18.76965456094033,30.68244547555149,189,281,17,26,247,27,7.264654508321194,21,0,98,23,143,103.7147896940592,3.0722684545721,3,4,17,7,6,5,33.80944736287203,5,5,51.0,5,3,15.636465178268216,2.911395930273939,11.887542383988633,2.2807651822254296,1,28,10,37.0,8,15,3.595921721869608,3.544677738455379,15,2,1,58.02,43.63,95.0,77.68,74.85,7.446238364178473,0.7851946908109094,2025-12-08T18:16:03.009131+00:00,1096,San_Beda_University_20251209021603_1096,1,61.07
San Beda University,1861.1817577796733,217.7005155286377,24.240183013316965,86.70144789841498,290,172,16,20,242,30,6.159696506336255,20,1,82,26,194,46.91733830972655,2.8014657985377927,3,4,14,7,5,3,24.7282021169064,10,7,92.0,6,3,13.9040983914032,2.7594705879426487,24.01547944895922,2.413535163374191,0,37,16,49.0,10,13,2.9113208907809907,6.065394823814534,11,1,0,58.1,55.33,43.84,76.97,72.31,7.058335414165367,0.6503052676568748,2025-12-08T18:16:03.009131+00:00,1097,San_Beda_University_20251209021603_1097,1,56.07
San Beda University,1893.236422457741,191.64114348547665,15.958168708801203,42.487195096450336,317,200,23,23,225,29,6.3295875325939,14,0,99,30,176,114.68602113857996,2.814897236027775,2,3,14,6,6,4,16.178131230907876,7,4,80.0,6,3,23.25752594708968,3.651827498921942,15.06808387207613,2.2070503379809723,1,28,18,51.0,8,18,2.566811931416724,5.156984999724511,14,1,1,60.85,58.86,95.0,95.0,68.67,7.767610000772272,0.0,2025-12-08T18:16:03.010143+00:00,1098,San_Beda_University_20251209021603_1098,1,74.82
San Beda University,1701.307399828796,322.05816721308724,23.244497208759714,69.14514510779375,236,216,22,20,175,22,6.811870039666597,20,2,71,18,179,90.68895259389129,2.901504151186213,2,4,17,6,6,6,33.49133329887639,7,5,102.0,5,3,21.56128665189562,4.809053720143351,19.578843183963365,2.103600295946703,3,23,14,62.0,8,16,2.079877660110408,6.625920940881073,14,1,0,56.16,45.86,88.39,89.38,76.22,8.402723209249908,0.5105101018036626,2025-12-08T18:16:03.010143+00:00,1099,San_Beda_University_20251209021603_1099,1,65.61
San Beda University,2044.4947809525,207.66828535916625,25.48084501916057,37.27896158057853,285,262,19,26,219,23,4.44940385938434,23,2,97,29,192,63.01056489556169,2.6498067586462497,3,3,20,7,7,3,39.43901401313758,8,6,74.0,5,3,20.94171361888989,3.2204491287610115,12.6117940959515,1.608841491287058,1,30,14,50.0,10,10,2.7225972854288845,4.213384900850745,12,1,1,57.9,48.47,63.36,81.2,71.62,7.0107011096747325,0.0,2025-12-08T18:16:03.010143+00:00,1100,San_Beda_University_20251209021603_1100,1,66.98
San Beda University,1616.1954092021354,358.08466511674743,18.39576313291392,31.78540528284288,115,191,28,20,191,33,8.728993419784205,22,0,79,22,204,118.750427956619,3.077401947526245,2,3,19,3,5,4,30.611278919651465,8,5,58.0,5,4,17.778440450708555,4.791124552134528,17.909965040444,2.1899892180351213,1,29,14,44.0,6,11,2.419546287909687,5.852053419674804,15,1,1,59.14,38.96,95.0,84.45,73.63,7.824143897924826,0.1522982932802428,2025-12-08T18:16:03.011125+00:00,1101,San_Beda_University_20251209021603_1101,1,68.01
San Beda University,1217.5680582688008,284.35978013583417,30.889788809875498,38.44535089951533,273,243,20,27,153,28,7.691792720943912,23,0,87,25,178,92.73750011946468,2.905220977027225,4,5,22,7,7,5,26.43357363479783,6,6,70.0,5,3,12.924603384927464,3.099997626959776,15.200953792847956,2.026038891134184,0,33,17,49.0,5,22,4.009380117400885,4.240194216466143,12,1,0,61.1,40.41,91.93,84.79,73.24,6.108903856186313,0.2982735409857953,2025-12-08T18:16:03.011125+00:00,1102,San_Beda_University_20251209021603_1102,1,63.59
San Beda University,1416.0,126.0,8.9,54.693,244,202,14,28,183,35,5.0,18,0,144,15,85,82.79,0.0,3,0,5,1,4,0,4.0,4,4,100.0,18,61,1.0,0.0,0.0,6.0,0,44,38,86.36,26,13,2.0,3.0,8,0,0,5.55,6.51,7.08,6.85,7.04,6.61,0.0,2025-12-08T18:33:49.408057+00:00,1103,San_Beda_University_20251209023349_1103,0,
San Beda University,1148.8428549952023,102.70066785399368,10.421123500585995,51.21475375572041,245,195,13,29,148,30,4.513564846050041,24,0,113,19,84,85.49961889810751,1.3255426641624632,3,1,4,1,5,0,2.98133799832984,4,5,84.0,13,47,1.063077230101686,1.2405997051926017,0.4625852690016195,5.753333968145392,1,68,22,85.0,19,11,2.026476294900289,3.584911634042128,7,2,2,54.58,60.88,78.16,70.74,64.9,5.115589145220895,0.7411556712005727,2025-12-08T18:33:49.409058+00:00,1054,San_Beda_University_20251209023349_1054,1,66.48
San Beda University,1397.6748002238328,96.08715866194468,10.0,55.9009080155248,286,154,17,33,156,29,5.186215630091031,20,2,110,9,83,96.06990131084244,0.2880793263786946,3,0,6,1,4,0,4.204155566630849,3,5,89.0,20,48,1.337609613691125,0.7560745213802881,2.080948145199633,7.176319247102583,1,44,37,72.0,18,13,2.171171817151107,2.3912700552179222,7,0,0,53.0,51.31,95.0,95.0,73.72,5.943535723240169,0.7026486352929338,2025-12-08T18:33:49.410057+00:00,1055,San_Beda_University_20251209023349_1055,1,77.81
San Beda University,1751.214349926258,148.38731764421402,10.0,65.82936874968378,233,139,13,17,156,37,3.843011186096221,22,1,208,15,93,77.78609419424052,0.7984503734232099,3,1,7,1,5,1,4.082362869605201,4,5,103.0,16,74,0.3391457940886947,0.6615893555401193,1.1809856341875706,3.603366419469908,1,43,40,50.0,25,13,2.2603233830999225,2.5327178895069453,8,0,0,55.63,53.3,76.03,95.0,78.41,6.471911764517506,0.7890950644500964,2025-12-08T18:33:49.410057+00:00,1056,San_Beda_University_20251209023349_1056,1,70.03
San Beda University,1795.7119655155266,87.03515989297208,10.0,49.55656143313001,202,216,15,30,160,36,5.512555084495343,19,2,147,14,113,59.31240181553193,0.2282288838660236,4,0,4,1,4,2,2.7213978987290672,5,4,118.0,16,47,1.2468412655318062,0.8294553056910009,0.7822238690398025,6.398371758279012,1,36,27,62.0,23,15,1.7924789188518493,2.3664106161268177,8,1,0,50.94,50.42,54.19,95.0,71.26,8.224984542522893,1.107376211933326,2025-12-08T18:33:49.410057+00:00,1057,San_Beda_University_20251209023349_1057,1,69.48
San Beda University,917.4096476125522,116.09136695871626,10.104521715252927,49.383728902869,239,202,15,34,150,43,5.9213504588550885,19,0,144,17,94,106.28914684779772,0.4903680708562139,3,1,5,1,4,1,5.201661001475648,3,4,105.0,14,50,0.1547229299355161,0.7441070058364047,1.4782648213102407,6.494164436906005,1,38,42,88.0,27,12,1.807915857319394,2.3547809922519174,10,1,1,55.75,54.43,95.0,95.0,74.77,7.51783950530951,1.3174191113065752,2025-12-08T18:33:49.410057+00:00,1058,San_Beda_University_20251209023349_1058,1,78.22
San Beda University,1571.714639244613,127.69013535336616,10.423468155794074,36.91638928578477,232,130,18,25,204,40,5.11687659777303,24,1,187,16,106,79.51861940720092,0.3141820228652774,3,1,6,1,4,0,3.8838882863741953,4,4,122.0,15,42,1.2131106175448223,0.3391532884758421,1.4214741654708225,4.480980616902027,1,56,50,83.0,26,11,1.9178868583749005,3.1160204229601427,7,1,1,48.17,58.43,78.3,95.0,74.1,7.42534687537495,1.4043589845580515,2025-12-08T18:33:49.411056+00:00,1059,San_Beda_University_20251209023349_1059,1,65.81
San Beda University,1271.5592710173908,118.39262882963128,10.0,40.08433541531933,335,244,20,29,170,30,3.8929658518988335,18,1,170,12,85,116.98724563753282,0.3369976790549454,2,1,5,1,4,1,2.9985215782102355,6,4,133.0,19,53,1.1692139970220763,0.4141526451946226,0.4215527932295794,5.0754308475601935,0,51,44,101.0,24,11,2.4548263335064746,2.911155970640907,9,1,2,50.0,57.41,95.0,95.0,76.95,7.42155830179742,1.900210800091812,2025-12-08T18:33:49.411056+00:00,1060,San_Beda_University_20251209023349_1060,1,69.55
San Beda University,814.221078446462,93.56302740200954,10.0,57.362149370403024,252,212,14,28,91,40,5.829806359334465,18,0,130,15,89,94.89578525636378,0.6285468430827911,4,0,7,0,5,1,5.359295751148196,3,4,95.0,14,46,0.6247040181991208,0.0395633075541909,0.2241924626603496,6.337722017461012,2,51,31,66.0,27,12,2.2647998665787674,2.6000135619893454,8,0,0,57.55,48.95,93.1,90.33,69.41,11.599179434607407,0.4751145581708188,2025-12-08T18:33:49.411056+00:00,1061,San_Beda_University_20251209023349_1061,1,69.94
San Beda University,1450.242465151063,104.93681439346592,11.548318332385234,55.05072883401196,256,152,16,33,120,37,6.092184362721701,19,0,150,12,81,66.6217129243958,0.6451290935239896,3,0,4,1,4,1,3.5408125896961304,5,4,95.0,24,70,0.6593744192921629,1.8383108004480933,1.8338123389715952,4.986636615623674,0,57,45,113.0,24,11,1.222948860379231,3.522358977668333,8,2,1,48.21,58.81,65.07,95.0,73.8,6.050859724004363,0.9524503762679912,2025-12-08T18:33:49.412055+00:00,1062,San_Beda_University_20251209023349_1062,1,68.68
San Beda University,1463.6479205594333,93.02701659261685,10.0,60.49641753601739,230,160,9,20,190,30,4.11238719565042,22,2,160,15,75,65.9895033922376,0.1753892217187762,4,0,7,1,4,1,3.5332142600311656,3,4,110.0,16,55,0.643008227818457,0.2913048196242675,0.8267223120820474,6.669326064281764,1,26,32,114.0,27,11,2.368526398459525,3.1035206733177354,7,1,2,47.87,54.49,63.5,95.0,70.65,7.928147136144701,0.8354782446517658,2025-12-08T18:33:49.412055+00:00,1063,San_Beda_University_20251209023349_1063,1,63.42
San Beda University,1336.1246924544755,146.5826970311849,11.9784267541568,57.55051466653097,224,214,12,25,237,23,4.682608135589819,16,1,176,13,87,79.238289019493,0.7612536570958002,4,1,4,1,3,1,4.166346326807981,3,3,131.0,13,63,1.6558322875022968,0.1620292739556867,0.4055940813016003,5.818874247940856,0,48,31,66.0,29,17,1.5710427680169796,3.3585753727594923,4,1,1,56.76,56.95,86.27,87.57,75.4,8.608251223583837,1.0548469643694347,2025-12-08T18:33:49.412055+00:00,1064,San_Beda_University_20251209023349_1064,1,72.71
San Beda University,1134.490033788372,107.68844611422293,10.0,45.3408906304797,296,168,13,29,215,48,3.220527148354696,16,1,115,15,92,66.66614330955538,0.6481213108524384,3,0,6,1,3,1,3.764067162135682,4,6,134.0,19,90,0.5530342484120012,0.5468342875668881,0.1352317410252805,4.557431724805135,0,21,43,62.0,26,10,1.5032702337867252,3.1427855798609508,9,1,0,49.02,58.16,60.5,95.0,73.82,5.506070454426272,1.3602798461595254,2025-12-08T18:33:49.412055+00:00,1065,San_Beda_University_20251209023349_1065,1,62.68
San Beda University,1409.3113744348866,124.42531871940156,10.0,47.53092458325193,252,211,11,38,134,40,5.394219956404662,18,1,132,15,79,93.13763500206652,2.809868849189107,3,1,5,0,3,2,4.236224430912003,4,4,109.0,13,49,2.012555369556413,0.921187206982216,1.4885743942634877,4.35722190669075,2,70,37,102.0,27,12,1.928086197292052,3.434059276446021,8,0,2,52.25,59.22,92.02,94.72,72.23,5.979405610291923,0.0072547838699365,2025-12-08T18:33:49.413055+00:00,1066,San_Beda_University_20251209023349_1066,1,75.11
San Beda University,1651.3841405958358,76.84600761297023,10.0,46.48455177410399,284,164,19,23,149,40,5.762256715137383,20,2,167,25,85,102.23807518298602,0.3191549143622055,3,1,5,1,4,1,3.3577794534628715,4,5,95.0,13,58,1.0754281898014677,1.1587897100591495,0.2176591327947837,5.614380965902527,1,44,42,84.0,28,13,2.108469561366849,3.55899221889358,10,1,0,55.76,58.19,91.92,95.0,75.34,7.04196396869125,1.0668740618351402,2025-12-08T18:33:49.413055+00:00,1067,San_Beda_University_20251209023349_1067,1,73.47
San Beda University,1488.5671584882296,124.87357325239392,10.001148129985417,60.9372936509354,275,143,12,27,146,29,3.663122605506244,18,1,145,13,41,103.84623188184491,0.7317797990574061,3,0,6,1,4,0,5.134290393692263,5,5,76.0,18,50,0.3205291603237269,0.7104369191554616,0.186550741549829,4.398736402284873,2,41,53,100.0,29,11,2.931141261755328,3.033291112289316,8,1,0,46.31,57.76,95.0,95.0,73.59,5.009012476364511,1.7164892061078634,2025-12-08T18:33:49.413055+00:00,1068,San_Beda_University_20251209023349_1068,1,66.48
San Beda University,1517.3560841341543,164.3725392561028,10.0,45.09166713431774,182,248,13,27,227,36,5.137904399879417,16,1,184,13,59,100.60317228984484,2.201336746801591,4,1,4,1,3,1,6.092593316507969,4,5,105.0,16,72,1.2213654398750522,0.1382840415786774,1.9075482671180128,7.112194360659723,0,31,34,102.0,23,11,2.295513761797869,2.3438624048860834,6,1,1,57.94,53.81,95.0,95.0,70.62,7.511429713359225,1.2208972632474715,2025-12-08T18:33:49.414056+00:00,1069,San_Beda_University_20251209023349_1069,1,75.63
San Beda University,1448.6807517393404,147.83954570915887,10.0,49.10806319393444,197,233,12,26,223,34,5.014100037472676,15,1,125,14,118,94.22427042440692,1.9130613416061435,3,2,6,2,3,0,4.367476948933932,5,4,113.0,17,81,1.7978290476810712,0.2342525862358943,1.1786079256650115,5.096271408235332,2,45,28,88.0,28,12,1.7596540914692458,2.8577205706918742,8,1,0,51.65,56.52,94.62,93.13,73.57,4.498906473074899,1.153230357706737,2025-12-08T18:33:49.414056+00:00,1070,San_Beda_University_20251209023349_1070,1,69.8
San Beda University,1335.6748236491012,117.65860838882192,10.0,51.02528305483395,225,211,15,29,187,45,3.593071624205117,18,2,115,14,89,96.45472129810832,0.2763283831635134,4,1,3,1,4,0,3.444415654976016,4,4,87.0,20,79,0.5035807733496906,0.3223979506110475,0.7972908525885407,6.281632459056364,1,58,43,101.0,30,14,2.009679966127332,3.3284782678635145,5,0,2,51.46,61.75,90.85,95.0,68.58,7.667068064941338,1.0566082431570742,2025-12-08T18:33:49.414056+00:00,1071,San_Beda_University_20251209023349_1071,1,73.69
San Beda University,1159.680786888363,103.71600351096922,10.0,84.28629477165903,162,135,13,23,199,44,5.255161672196601,15,2,149,18,92,69.74263695137509,0.2844850361288152,4,0,5,0,6,0,4.400489897455715,4,5,96.0,13,47,0.1930782152731489,0.5447855858988129,1.967376540368176,6.7009435826246575,0,59,37,85.0,24,14,3.238411596600605,2.167927311222461,5,3,3,52.67,58.78,70.87,91.68,64.77,6.697724360942818,0.1975460259810742,2025-12-08T18:33:49.415056+00:00,1072,San_Beda_University_20251209023349_1072,1,70.09
San Beda University,1461.1845920395708,94.8614995059209,10.0,55.2207332321998,197,200,12,26,212,22,5.762051072002779,19,2,146,17,81,70.3248188376671,1.2161907899201,3,0,6,2,5,0,4.429281656333509,3,4,79.0,13,68,1.0318753781929038,0.86123979701333,1.8684954983272728,9.671770393537876,1,41,39,64.0,28,10,2.2487665331336126,2.8391942225697084,7,2,0,48.2,66.68,77.65,95.0,72.65,8.98120093994644,0.4849383243966774,2025-12-08T18:33:49.415056+00:00,1073,San_Beda_University_20251209023349_1073,1,72.18
San Beda University,1509.496658135653,142.6859808720016,10.0,32.234260209268044,166,242,17,19,151,40,6.228188576306865,13,0,132,19,83,80.54388923321696,0.2878318597157493,4,1,6,2,4,1,4.491707568975087,4,2,87.0,18,80,0.6997777153314727,1.7350491032903863,0.5497616993302031,4.20051495235805,0,44,52,93.0,32,13,2.2760901413513506,4.077255039728664,8,0,0,48.38,53.09,80.15,95.0,78.89,7.6525927175561375,0.2292988430535626,2025-12-08T18:33:49.415056+00:00,1074,San_Beda_University_20251209023349_1074,1,65.94
San Beda University,2136.9775433906566,153.17303069703567,10.0,57.43962774856172,279,223,16,29,199,35,5.393786172006579,23,0,178,18,77,56.438536233044815,0.2183388380300123,3,1,6,1,4,1,3.166000910243304,3,4,109.0,20,49,0.6400523287915436,0.2812885353036449,0.7580425973235263,5.219261827035913,1,43,34,109.0,22,17,0.8746626384503013,2.8531222135179184,10,1,0,46.88,58.63,59.76,95.0,72.96,5.95978131540927,0.89199775986918,2025-12-08T18:33:49.416056+00:00,1075,San_Beda_University_20251209023349_1075,1,68.52
San Beda University,1457.7653052166304,150.75720542346303,10.0,54.62307285551078,295,160,6,20,191,27,5.757999953651721,18,1,148,14,69,85.25587129397901,1.3236013357189829,3,1,5,1,5,0,5.804007087629406,5,5,88.0,16,72,1.24816661894974,1.804205938565688,0.050130524178907,5.962807416809389,1,43,44,85.0,23,7,2.1910031461209085,4.345987424402955,12,2,2,57.53,50.48,95.0,95.0,68.7,7.9947910777105,1.192270307046203,2025-12-08T18:33:49.416056+00:00,1076,San_Beda_University_20251209023349_1076,1,72.48
San Beda University,1530.0500411825597,132.8112803553413,10.949705157838878,41.82876117847979,273,222,15,32,195,40,4.450484877107711,23,0,209,19,67,105.74337717507828,0.2904996191699077,3,2,4,1,2,1,4.104691851950011,4,4,123.0,16,44,0.1755283018839212,0.6661494373600675,1.7745409015945883,6.397902910021984,1,33,34,96.0,28,14,0.6909157984309127,2.6700877857372896,5,1,0,60.71,56.63,95.0,95.0,83.19,7.806266255823568,0.6703461951045417,2025-12-08T18:33:49.416056+00:00,1077,San_Beda_University_20251209023349_1077,1,77.93
San Beda University,1647.7077064945945,104.06159044069474,10.0,60.607141442455486,386,166,17,27,209,41,3.547946478272084,18,1,169,18,72,78.48758274705789,0.1824822673554453,4,1,5,1,3,1,3.919916762486248,4,5,159.0,24,79,0.5254054059489881,0.1668597023790105,0.7867790548746147,4.905911336056235,0,44,34,84.0,19,13,2.042968246807967,3.1623822555755874,8,1,1,52.39,65.94,76.43,95.0,71.21,6.418769805537217,0.0419398814396484,2025-12-08T18:33:49.417059+00:00,1078,San_Beda_University_20251209023349_1078,1,69.88
San Beda University,1243.5098889708206,122.21076778692388,10.0,62.30917976103007,255,194,15,32,209,37,4.5554587708410015,17,2,138,17,83,109.9562729725826,0.4530176834897546,3,2,4,0,3,0,4.10214986447159,3,3,84.0,23,50,1.3883300486410155,0.0954193114099108,0.7985912966873959,7.885299273333587,1,50,40,108.0,13,13,1.7024457738680117,1.9963193611701813,8,1,0,58.07,55.64,95.0,95.0,74.47,6.165615675910733,0.6467929863443784,2025-12-08T18:33:49.417059+00:00,1079,San_Beda_University_20251209023349_1079,1,71.23
San Beda University,743.6812207041862,113.36976162079308,12.711918961860812,36.14930910488239,351,172,12,32,162,32,4.754325539114298,22,2,152,16,119,64.07294653470962,1.2153807693154506,2,0,5,1,4,1,4.44483864584955,4,4,90.0,23,57,1.029619690554488,0.3999316747357235,2.0560979890472697,5.797986107602809,1,39,31,78.0,27,11,1.6901803037959546,3.055513884090571,8,2,0,50.3,54.7,61.95,95.0,72.14,6.50742649582369,1.8473041386024351,2025-12-08T18:33:49.417059+00:00,1080,San_Beda_University_20251209023349_1080,1,65.58
San Beda University,1415.1784742124066,126.62695795304955,10.744882015957666,60.58218870129903,379,212,12,31,228,33,4.621601141715147,18,1,179,11,65,115.08209486764446,0.9115801914185778,3,0,6,2,3,0,3.882825374951401,4,4,116.0,12,54,1.2588628279406775,0.3653702798505573,1.085598897036091,2.9341122327220326,1,41,39,77.0,18,10,1.790466864417689,1.6407348172518068,10,0,1,40.82,53.27,95.0,95.0,74.07,8.293092464630137,0.2538158529522724,2025-12-08T18:33:49.418059+00:00,1081,San_Beda_University_20251209023349_1081,1,67.17
San Beda University,1604.5354039362403,144.79180454429903,10.0,55.64702340396827,218,207,14,32,102,33,7.931015368956735,16,0,149,8,82,68.4788865929679,2.2177757071107216,4,1,4,0,4,1,2.742318326807357,3,4,111.0,23,94,0.3599174648518946,0.6136770963078373,0.6217131786485501,5.854053665456188,0,25,45,101.0,28,13,2.919068137360265,3.040404633212092,11,1,2,50.94,60.36,63.93,95.0,70.07,8.642975959224328,0.3560254538780274,2025-12-08T18:33:49.418059+00:00,1082,San_Beda_University_20251209023349_1082,1,66.57
San Beda University,1069.9312876532265,173.0844526808449,10.0,49.9975143684798,195,204,14,29,162,35,3.8903191286287138,17,0,137,17,92,68.48939835160098,0.9743982724243904,3,0,6,1,6,0,4.679791974489244,4,4,99.0,16,58,1.285470594112436,0.4646036032058518,1.493863561231071,5.712353524171233,1,30,27,76.0,21,10,2.1029357487292386,3.555869582127226,7,2,2,53.17,56.31,69.92,95.0,72.27,4.401945778606329,1.0522339404635397,2025-12-08T18:33:49.418059+00:00,1083,San_Beda_University_20251209023349_1083,1,63.57
San Beda University,1260.295138769545,140.23171817123483,10.0,48.20811782799771,218,158,15,32,199,36,7.196763016447271,15,0,73,19,90,88.37456792877384,0.4431378366838612,3,1,4,1,4,1,4.230765334745474,6,4,91.0,20,42,0.5397966791248301,2.196126044146288,1.301627418869983,6.930789510357671,1,45,38,104.0,30,14,1.8856339708657468,3.0207946464174777,6,0,1,45.23,57.05,87.29,95.0,74.77,6.358394708589753,1.271735569230601,2025-12-08T18:33:49.419059+00:00,1084,San_Beda_University_20251209023349_1084,1,72.22
San Beda University,1302.5635451517658,125.28618265615168,10.0,47.67646080150306,271,259,14,29,198,46,3.750776134743975,14,1,169,18,96,57.95154011056152,0.423586514081321,2,1,4,0,4,1,4.147246807885633,4,3,111.0,21,71,0.9924248303593004,0.5912052481046474,0.7291044512653708,5.466920159426842,0,19,35,100.0,30,6,2.2047445042353218,2.6981981370743067,7,0,1,48.72,55.13,55.27,95.0,77.71,6.80237305661133,1.918069253832812,2025-12-08T18:33:49.419059+00:00,1085,San_Beda_University_20251209023349_1085,1,62.83
San Beda University,1549.228684183552,135.3199211022623,10.005799620593322,61.80323379438804,238,250,14,24,142,47,5.564197685434641,21,1,166,18,79,80.6727462437059,0.5648730887675026,2,1,6,1,4,0,5.004184529491329,4,4,123.0,19,72,1.4288529850637874,1.3958579495455052,0.1894447572333036,5.387824011569869,1,52,43,122.0,35,13,2.689362624673315,2.9214526156636165,8,2,0,52.71,48.71,74.94,95.0,75.18,6.224752105244207,1.377397805368422,2025-12-08T18:33:49.419059+00:00,1086,San_Beda_University_20251209023349_1086,1,59.49
San Beda University,1700.7042447468905,165.72145557368935,11.557791980218578,60.63845792850135,276,197,15,21,164,36,7.018800487901634,17,1,150,20,79,95.73094234004476,1.3840984504859564,2,0,3,1,3,0,5.600583013816555,2,5,94.0,15,53,1.0996150897433528,0.1668817305849883,0.1994221813397177,5.405933949556126,1,49,33,87.0,25,14,1.2264645410149044,2.6667159319272336,11,1,0,51.59,57.68,92.05,95.0,77.82,8.848412457634879,0.8418935233092363,2025-12-08T18:33:49.419059+00:00,1087,San_Beda_University_20251209023349_1087,1,73.01
San Beda University,1323.0011855707692,139.44312230769978,10.0,49.986229036416645,252,242,16,30,211,30,4.382589884028382,24,1,140,11,90,98.35685097130812,2.371874833082812,3,2,3,2,3,0,3.078393381760037,5,3,86.0,24,73,0.0651519805460443,0.7461532524570985,1.9713381112698385,7.488172981815377,2,36,41,68.0,29,10,1.4557201507044066,3.578043948571681,11,1,2,51.0,60.12,95.0,95.0,69.57,7.577102532817012,0.2380755280684745,2025-12-08T18:33:49.420059+00:00,1088,San_Beda_University_20251209023349_1088,1,78.18
San Beda University,1328.3133525068026,134.85374972910157,10.214314362036024,66.05959137293492,338,201,17,33,160,26,5.674002224799087,13,1,160,11,64,74.46975870198568,1.324199656763296,3,1,6,1,4,0,3.984661759721084,4,2,111.0,17,27,1.2399334085435116,0.2911746801669103,0.5288065355410301,2.9249962644965097,0,40,37,98.0,26,14,1.7337690314461447,3.089696136516537,12,1,0,48.17,52.88,73.15,95.0,67.75,7.575639706594944,0.5842827498935462,2025-12-08T18:33:49.420059+00:00,1089,San_Beda_University_20251209023349_1089,1,65.01
San Beda University,1955.6017262900764,130.18761645135848,10.0,72.5492734710604,297,146,17,29,194,30,5.193193515871738,16,1,117,13,69,72.03900305703944,0.2942765621545491,3,0,4,1,4,1,5.541352219077426,4,4,127.0,13,72,1.7168862908286298,0.2819665393333251,0.3886683551692051,3.1353023427878832,1,39,51,96.0,22,19,2.32466473861498,3.974355647265904,8,0,0,39.21,52.53,75.74,95.0,79.21,6.4334472275673775,0.97747579313545,2025-12-08T18:33:49.420059+00:00,1090,San_Beda_University_20251209023349_1090,1,60.67
San Beda University,1168.3637127994791,116.96484108398433,10.0,67.60405908375917,331,200,17,26,146,29,4.586574502398065,19,0,200,15,79,91.92404873670714,0.7651976333974595,3,0,4,2,4,1,3.357900022540272,4,4,94.0,13,63,1.5799857189540665,1.9852790904222293,1.6467682488873854,3.171451573245152,1,49,16,32.0,30,11,2.185746976269774,4.270566844815344,8,0,1,45.5,55.86,95.0,71.67,73.63,5.555929503861161,0.3295012519226108,2025-12-08T18:33:49.421059+00:00,1091,San_Beda_University_20251209023349_1091,1,68.74
San Beda University,1245.996470504772,102.94632679977724,10.0,52.90430039427986,260,263,12,28,102,35,4.009074843110868,23,1,145,13,93,70.91379209392403,1.093135944545228,2,0,6,2,3,1,3.7291675751790097,4,6,88.0,21,64,0.0,0.7229191343964859,0.1411794053847195,6.944477059384656,1,38,34,109.0,20,16,1.1732287455782608,1.506026867023281,7,1,0,44.01,58.59,67.24,95.0,78.72,7.836269944844178,1.3409211609335625,2025-12-08T18:33:49.421059+00:00,1092,San_Beda_University_20251209023349_1092,1,64.21
San Beda University,1158.332175409285,120.28409784202223,10.0,69.4130264244199,297,183,9,20,165,42,5.464378692973137,15,2,144,20,78,58.2717091946941,0.9149910616087172,4,1,5,0,3,0,3.383104054768404,4,3,107.0,22,60,0.6676428363237248,0.907605775417712,2.318736574196616,6.442757417313004,0,55,43,78.0,22,7,2.165937872546352,3.1502482681548405,5,0,1,56.11,51.74,54.08,95.0,76.68,7.127298772742033,0.1101421923003987,2025-12-08T18:33:49.421059+00:00,1093,San_Beda_University_20251209023349_1093,1,68.32
San Beda University,1572.484865250821,95.2558125832664,10.0,53.53129954286141,210,159,17,25,201,41,6.086406168823179,20,1,127,15,42,118.62021370120542,0.2603967414927832,2,0,4,1,3,0,3.1420879465649296,4,4,108.0,19,61,0.0225432170940995,1.9345399620004893,0.5437148717160553,6.124611647145593,2,37,43,94.0,25,12,1.681815922045207,2.7193013283943013,10,2,1,46.42,53.91,95.0,95.0,68.72,4.326165605292349,1.3921768640630447,2025-12-08T18:33:49.422059+00:00,1094,San_Beda_University_20251209023349_1094,1,75.52
San Beda University,1500.7599025945328,162.31589859775795,10.0,46.40613447903968,241,233,14,27,197,16,4.279505586423463,14,0,160,22,93,98.78466054931415,0.3263183728628452,3,2,4,1,5,0,2.262450334401084,5,3,78.0,21,58,2.131800848433892,0.0577276634080274,0.3240647663772119,7.246423157873784,1,50,29,61.0,24,14,2.791490385288983,2.539965856255269,10,1,1,44.35,57.92,95.0,85.31,73.38,6.4600301994923,0.9266452969592028,2025-12-08T18:33:49.422059+00:00,1095,San_Beda_University_20251209023349_1095,1,64.28
San Beda University,1353.01712039215,117.78749506570688,10.0,62.06914843048525,183,265,13,23,186,32,4.331778952398581,20,1,108,15,97,93.35421163383248,0.5882439539251267,2,1,5,1,5,2,2.760570474009067,3,4,141.0,19,65,1.3613821908887,0.9409691576116526,0.2723772851358563,6.37492759589728,1,31,35,101.0,22,15,1.7885387306857932,2.528987688772402,10,1,1,59.51,57.91,95.0,95.0,70.33,9.955393230033009,0.8762549762339841,2025-12-08T18:33:49.422059+00:00,1096,San_Beda_University_20251209023349_1096,1,72.37
San Beda University,1195.6792529669672,114.05556067103768,11.75923388618702,49.70319960000943,294,172,18,17,112,30,4.692761463825999,17,1,87,10,71,101.7070226119104,0.3706161813992322,3,0,7,1,4,0,3.719301452145905,3,6,99.0,15,52,1.9337942639411936,0.4339988619566877,0.0309788427687357,5.287328546179454,0,56,50,74.0,23,16,1.659425414150191,3.282531478970337,7,1,1,42.63,53.49,95.0,95.0,74.24,5.536678219887496,0.2010149972503042,2025-12-08T18:33:49.423059+00:00,1097,San_Beda_University_20251209023349_1097,1,65.42
San Beda University,1554.3980035132338,93.08131182844062,10.0,51.151871175934,198,174,19,33,159,39,4.3727609407472805,27,1,165,14,96,84.95518747952767,0.2166824923588732,4,0,5,1,3,1,4.028896020356389,5,4,114.0,16,60,1.2823893659582255,1.2520353290699435,0.6904027539347666,6.773720175440867,0,62,32,83.0,30,19,2.5077800737319844,2.991386928365716,5,1,3,52.74,55.79,80.34,74.53,65.26,6.214432835041421,0.0781102182511587,2025-12-08T18:33:49.423059+00:00,1098,San_Beda_University_20251209023349_1098,1,66.84
San Beda University,1422.9523231248884,121.25027783946452,10.0,77.42724836972566,175,161,16,29,238,43,5.740723799803271,17,1,144,19,53,83.61931926869343,0.8086440010539258,2,1,5,1,2,1,2.896225939134955,4,3,85.0,13,42,0.7644029367395944,0.7073687217019975,2.309252851155364,5.762230567210218,2,38,36,77.0,21,10,2.774555569172421,3.268789822945702,9,3,1,52.02,52.49,85.13,95.0,71.0,8.020020556934872,0.3977240420468728,2025-12-08T18:33:49.423059+00:00,1099,San_Beda_University_20251209023349_1099,1,65.56
San Beda University,1438.6077861400845,75.45261017986059,11.060128637083649,44.524015083332,274,208,18,28,94,35,6.43535043294641,20,1,197,13,93,41.80914468074244,1.2118483650874845,4,0,6,1,3,0,4.0547359092920505,4,4,124.0,11,67,0.336203046145381,0.4403482483626318,0.6772670053587329,4.728554804510807,0,55,47,98.0,21,16,2.233833660238289,1.6771834718307308,7,1,1,52.13,57.43,37.43,95.0,69.36,5.7696389436060045,0.2758579456113746,2025-12-08T18:33:49.424059+00:00,1100,San_Beda_University_20251209023349_1100,1,57.59
San Beda University,1153.1112760330388,129.17492839023933,10.0,60.189197316190985,198,157,18,28,213,28,5.551399831627589,12,0,113,15,93,89.25904922986278,1.4741235883487986,4,2,4,1,3,0,4.192693624949112,3,4,98.0,14,64,0.6721654931635355,0.4058061767517177,2.6780158046005846,7.328813277396762,0,37,44,92.0,33,14,1.7946337206387777,1.2709423605105228,9,1,0,50.35,57.03,86.33,95.0,76.28,6.471312128663058,0.4803300881928145,2025-12-08T18:33:49.424059+00:00,1101,San_Beda_University_20251209023349_1101,1,71.18
San Beda University,1273.8489771734592,122.0848349681584,10.0,52.86534808483454,178,204,12,32,236,56,5.631575573151802,23,1,121,10,110,70.14625031610724,0.1908585042083161,2,0,5,1,4,0,4.303816022155404,4,5,103.0,17,68,0.3048517648373401,0.6622932498361603,1.2506763428252825,6.27209535456129,0,34,41,78.0,20,9,2.4411326810812985,2.6267653442348102,10,2,0,50.86,60.52,72.49,95.0,72.7,4.746727977287442,0.8057599923430234,2025-12-08T18:33:49.424059+00:00,1102,San_Beda_University_20251209023349_1102,1,65.86
San Beda University,1368.687085122661,102.7224597652276,10.0,45.78212786184066,239,152,17,33,156,24,4.713580153288747,14,1,134,13,30,81.33693058811994,0.1664338494027143,4,1,5,1,4,1,3.4234855922439382,3,5,98.0,10,60,1.3297332607762762,1.532008506357809,0.1329391778134131,5.073671576239002,1,48,33,96.0,26,11,2.5854771779375705,2.0698096576664966,8,2,1,48.33,54.41,76.79,95.0,72.66,6.200081059633148,0.6598259976067711,2025-12-08T18:33:49.425059+00:00,1103,San_Beda_University_20251209023349_1103,1,68.08
San Beda University,1941.0,324.0,16.69,58.89,289,233,11,45,220,25,17.0,27,0,164,26,99,80.62,1.0,0,3,13,7,5,1,32.0,6,4,66.67,11,27,3.0,2.0,66.67,1.0,0,24,21,87.5,12,6,2.0,2.0,14,2,0,8.0,6.09,7.23,7.38,6.14,6.97,1.0,2025-12-08T18:34:26.633485+00:00,1104,San_Beda_University_20251209023426_1104,0,
San Beda University,1709.4677832643729,358.60134504265966,15.30658645401786,66.32854994085226,276,168,14,48,219,27,14.369041185823187,26,1,203,26,103,89.64230066943973,0.6302060630377492,1,2,17,10,6,2,43.42564321534762,6,5,54.0,14,23,2.828830513824222,2.8043499035532826,77.49790156881237,1.0275161206464916,0,22,23,90.0,13,5,1.538346924311685,2.224712118236703,15,2,2,51.91,49.28,88.04,95.0,66.92,7.02408720109381,1.349563569141441,2025-12-08T18:34:26.634486+00:00,1104,San_Beda_University_20251209023426_1104,1,68.66
San Beda University,2337.2423262664406,286.6697202839229,22.512429744311024,57.92240520271216,305,156,10,18,171,23,14.560150102168988,27,2,154,22,88,93.068430302284,1.789066790099512,1,2,13,5,8,1,42.56460697292583,4,4,79.0,9,22,3.67081765610742,1.7335119067895144,63.58720488027439,1.9685927096563425,1,29,22,97.0,12,5,1.5972564521240282,2.579329535046305,10,2,0,60.15,50.35,91.47,95.0,69.83,7.504746117891689,2.0510639430363,2025-12-08T18:34:26.634486+00:00,1105,San_Beda_University_20251209023426_1105,1,72.08
San Beda University,2517.9237194478146,284.309444630684,19.06746794028956,47.84923423167934,221,299,14,51,159,33,16.412019698900426,31,2,142,20,99,68.10881587964776,1.5351026727858836,2,3,13,8,7,2,17.687636070795982,6,4,54.0,12,35,1.7327602321091584,2.37311583049412,58.547976325567454,0.5132354162067942,1,25,12,109.0,11,7,0.8501344462734537,1.707654599466882,15,2,1,43.62,54.25,68.4,78.62,70.8,5.271158004083371,1.005028712540912,2025-12-08T18:34:26.634486+00:00,1106,San_Beda_University_20251209023426_1106,1,65.14
San Beda University,1356.8982095533147,329.04657990994946,21.628667334323072,52.07759452510622,253,237,9,47,215,8,16.80795376756648,26,1,140,24,116,73.98786050247341,0.7702918240523928,1,4,14,7,5,0,31.88996577234363,6,4,77.0,9,39,4.137435659079079,2.127524425668064,76.39402995219442,1.3231753695146278,1,24,28,92.0,9,3,2.4810830501588272,1.6865207485170486,11,2,0,46.45,54.33,66.78,95.0,72.83,6.626887950788961,0.860871174618863,2025-12-08T18:34:26.635486+00:00,1107,San_Beda_University_20251209023426_1107,1,68.64
San Beda University,2331.9011893245497,252.1692520972276,14.281369877432676,68.8352213255506,210,219,13,65,210,21,18.147595275789232,21,2,61,22,95,85.01341774946498,0.0,0,3,10,8,7,1,22.28500122781753,5,4,54.0,10,25,3.307752175854124,1.1164618375780724,60.991634702817976,0.2016337610390876,1,21,23,123.0,11,4,1.7141628314909667,2.020685972099259,16,2,1,44.67,51.03,82.49,95.0,67.0,6.543241155265122,0.7896313634194906,2025-12-08T18:34:26.635486+00:00,1108,San_Beda_University_20251209023426_1108,1,68.07
San Beda University,1907.8478202249555,291.2954415253841,11.07261272701627,57.278758639212,355,219,12,41,99,24,15.684254102010993,32,0,189,33,85,82.71704259286282,1.1589182631905388,2,3,13,8,4,1,33.413430939305066,6,6,47.0,14,22,3.922442933250714,1.638501899912184,59.182628446567314,0.7809053553217016,0,20,21,88.0,9,5,2.830488453946641,1.6127077978821824,13,1,1,60.24,61.36,76.62,95.0,69.9,6.9337731068815165,1.1314551829945398,2025-12-08T18:34:26.635486+00:00,1109,San_Beda_University_20251209023426_1109,1,68.1
San Beda University,2137.764266949658,236.2477223369121,19.154614647624207,74.65854944382639,251,220,9,57,219,25,17.738480110524456,29,0,195,22,87,87.44725357678163,0.3911979817177605,1,3,8,7,5,1,35.52183021179818,6,6,68.0,14,37,3.817254757979775,1.6197511882186977,71.56540250245408,1.3276170463994856,0,33,17,71.0,15,6,1.106866505007197,1.8929896352498483,13,2,0,61.36,55.25,86.51,79.19,74.35,6.07619581018297,1.0602971977925255,2025-12-08T18:34:26.636485+00:00,1110,San_Beda_University_20251209023426_1110,1,65.75
San Beda University,2011.4186244482923,364.1993206200343,19.487461678400933,64.48333466913805,281,251,9,42,234,26,18.58296688513352,27,1,176,24,118,85.10226435343122,1.6226477604318312,1,4,15,6,5,1,34.699397021499976,7,3,51.0,10,32,2.788187973846744,2.0234647329373883,69.9601291410154,0.8469065516921601,3,28,23,78.0,10,8,2.0229331778856343,2.586924309310119,14,1,0,63.41,51.09,79.9,95.0,73.76,8.257669964073134,1.399115987060669,2025-12-08T18:34:26.636485+00:00,1111,San_Beda_University_20251209023426_1111,1,69.26
San Beda University,1756.361608007218,323.5063025951232,19.58994784733235,67.003793536768,389,283,11,37,251,17,21.79567841628653,39,1,144,23,135,95.72544552878112,0.0,1,3,10,9,4,1,18.61026718934316,7,4,85.0,13,31,2.7948826085418075,1.5186038009489309,58.52795239014491,1.1331859435333418,1,17,20,99.0,9,7,1.8537311476078429,2.354686754907966,14,2,1,57.33,47.78,95.0,95.0,72.43,5.263372094386025,0.3908649823781674,2025-12-08T18:34:26.636485+00:00,1112,San_Beda_University_20251209023426_1112,1,72.55
San Beda University,2261.798189410062,321.7058588833158,20.15194821786417,52.75673633597831,287,136,12,39,223,24,16.8699741206618,32,0,165,22,109,74.58858169879683,1.7611204553240198,1,4,16,6,7,2,38.38326150741492,6,5,77.0,11,35,3.1093570765144234,1.6699101455858512,77.61508575123887,1.2295728701373472,1,26,18,102.0,12,5,2.765696766242536,2.159108108559764,10,1,1,64.01,44.63,71.88,95.0,68.44,8.205133447350454,0.7897835534346567,2025-12-08T18:34:26.637484+00:00,1113,San_Beda_University_20251209023426_1113,1,74.15
San Beda University,1940.782687044088,369.90989228226215,19.10307363157064,50.50288536456766,258,268,11,49,254,21,16.752067333732285,26,1,140,23,92,105.99853451612977,0.9030644387395684,1,3,20,5,5,1,34.83153468422779,7,4,66.0,11,34,3.239851008451113,2.385753285523187,99.05074615811222,0.7779288421434132,1,21,20,91.0,17,7,2.3827334156049425,2.6789049931343483,12,2,1,48.59,55.53,95.0,95.0,69.62,7.92009515311807,0.0350832169092353,2025-12-08T18:34:26.637484+00:00,1114,San_Beda_University_20251209023426_1114,1,70.63
San Beda University,1976.5249324629249,334.3437433637797,15.368364272510798,67.34327551037424,295,233,12,47,292,22,16.143874109988953,34,2,173,28,87,83.07069607345778,0.9619263606178512,1,3,15,6,4,1,33.67406855837143,6,4,79.0,13,29,3.4025777735322134,1.9890973055878205,96.06409501430804,0.2723833126028021,1,23,18,84.0,11,7,2.0322841745810685,1.629454358225482,14,2,0,58.22,60.5,80.91,95.0,70.12,8.995495606938588,0.6445052909602862,2025-12-08T18:34:26.637484+00:00,1115,San_Beda_University_20251209023426_1115,1,67.34
San Beda University,1868.850075805376,329.696439947282,21.363874577126765,56.59729500041699,231,160,9,31,220,24,16.493251588455507,28,1,134,26,84,95.6153136035274,1.0573513853865,1,4,14,7,5,1,34.295110439138305,7,4,56.0,12,25,2.789828567696783,2.4246103916082853,67.04812521517997,0.7511893156838332,3,25,14,83.0,9,5,2.0815179788490363,2.310296621096432,13,2,1,53.73,55.2,93.64,87.44,66.49,5.403875424182092,0.7159042516315322,2025-12-08T18:34:26.637484+00:00,1116,San_Beda_University_20251209023426_1116,1,62.8
San Beda University,1903.7065919469908,296.6007788621628,20.0803397387084,48.56270854197834,206,271,8,47,205,26,19.383068012147184,30,2,209,31,120,46.44118139767584,0.922569045174522,0,3,15,4,4,0,26.9278212729084,5,4,80.0,8,20,2.376225630934096,2.527063707068515,70.32569692263861,0.0,2,21,24,99.0,13,4,1.563537835010521,2.165396813982205,13,1,0,52.82,49.27,43.26,95.0,71.96,6.281254268132976,0.971474187049726,2025-12-08T18:34:26.638483+00:00,1117,San_Beda_University_20251209023426_1117,1,61.71
San Beda University,1417.8174459625184,373.3818170839025,18.971382041613047,52.28492731698441,239,224,8,53,255,20,19.28680373571776,20,1,160,18,119,78.28696486571057,0.8963204003062463,1,3,11,6,6,1,28.529224851156403,7,4,68.0,9,38,3.262978199847721,2.5372774924712846,71.59022495928052,1.74470639165134,1,29,21,100.0,13,8,1.3834202940069689,1.902374091905544,15,2,0,58.74,62.94,73.64,95.0,77.55,7.2441666093385875,2.101538182637321,2025-12-08T18:34:26.638483+00:00,1118,San_Beda_University_20251209023426_1118,1,73.46
San Beda University,1783.475541571714,252.3568036510825,20.136243647214933,68.35078111600205,237,227,16,29,220,27,19.026891923619942,37,0,161,35,73,80.59055183986712,0.3828252019626521,1,3,13,6,4,1,31.789249292717667,6,5,81.0,11,32,2.4651540331209856,2.516071325122635,83.35501371915112,1.6356770323093155,0,14,24,109.0,13,7,2.133815813028076,2.0418571201710667,16,2,1,51.44,55.13,73.31,95.0,70.96,8.92444796513903,1.4074781134434236,2025-12-08T18:34:26.638483+00:00,1119,San_Beda_University_20251209023426_1119,1,66.45
San Beda University,2137.92969100526,375.2666789075087,14.841127388249577,61.8511393086879,384,234,10,42,204,18,18.08394877267441,35,1,143,32,135,64.24020656082598,0.5887988581315893,1,3,13,5,6,1,19.61644680476899,9,3,65.0,12,28,1.6702467668390462,2.071839739619399,48.477559897196336,0.1760121065533663,0,20,31,83.0,12,5,2.501268613617208,2.645812837070208,14,2,0,47.76,60.14,64.7,95.0,73.12,7.769637582095015,0.8687333114620199,2025-12-08T18:34:26.639484+00:00,1120,San_Beda_University_20251209023426_1120,1,68.96
San Beda University,2403.13211763867,379.5365992090466,15.949257914137812,79.40535754809082,245,195,9,48,237,27,10.80799832329325,30,0,114,22,139,94.0448993971628,1.414037789176867,1,3,16,8,6,1,29.81456590665069,6,3,81.0,9,21,3.52863571993212,2.7913889038064283,57.03493385401362,0.683740804862667,0,25,27,74.0,11,5,1.7534442635711618,1.9115792563919896,17,2,1,55.45,52.84,95.0,95.0,66.64,9.424792768156085,1.2040582443649357,2025-12-08T18:34:26.639484+00:00,1121,San_Beda_University_20251209023426_1121,1,71.24
San Beda University,1423.9495902513258,242.9846228228517,20.82556952663571,60.70157499804941,197,230,10,57,184,25,15.218611567676064,23,1,171,28,103,94.76282141912628,0.2548365816212353,1,3,11,6,4,1,28.25532149778099,5,4,50.0,9,26,2.799074400967203,2.503964378098607,70.31265436717368,0.8726522341344771,1,17,20,90.0,14,6,2.1137133390859497,2.0187619201362086,14,2,0,56.41,54.69,89.98,95.0,73.21,6.104801949973338,0.9541505047129542,2025-12-08T18:34:26.639484+00:00,1122,San_Beda_University_20251209023426_1122,1,71.43
San Beda University,2125.828603401168,328.6522833352429,17.73531585636118,47.92096200535384,201,130,10,37,215,20,15.924060327637012,33,1,152,22,114,97.1624994886483,1.174731021207743,0,3,12,4,4,0,34.38748352896178,8,5,70.0,11,20,3.314355647813331,1.9864584541437589,94.70594807825422,0.4763278669001757,1,28,15,99.0,10,5,1.9905554185960748,2.1728665063889525,10,2,0,48.66,62.86,95.0,80.2,70.22,2.691894785210515,1.992282733713112,2025-12-08T18:34:26.640484+00:00,1123,San_Beda_University_20251209023426_1123,1,70.71
San Beda University,1646.263085240274,359.30132821626967,15.268896879766386,57.32420179811355,394,226,12,52,236,17,14.95787201485334,12,1,156,14,102,111.42418503262556,0.8644236116013811,0,3,15,10,5,1,26.90026561153413,6,5,77.0,11,25,3.5239402062771843,3.094979582948984,52.44939488416966,1.1802697653728396,1,23,16,85.0,10,7,1.3210533834075378,1.0739991828679398,11,2,1,54.67,52.45,95.0,95.0,69.68,5.65934669568565,1.386393808815563,2025-12-08T18:34:26.640484+00:00,1124,San_Beda_University_20251209023426_1124,1,70.94
San Beda University,2334.666478246742,236.61843218263465,16.277468136719484,62.52480804181913,267,228,10,53,249,26,13.336942821306025,27,2,197,22,115,66.88496509999938,1.973130804009401,0,3,14,6,4,1,31.826935225651283,5,4,59.0,13,31,3.712461901442957,2.3738700141197344,59.530886966754586,0.6939458955990041,1,26,17,113.0,9,7,2.2635359176675145,3.137500062324314,16,1,0,61.06,57.07,65.25,93.67,71.08,5.224402250965666,0.0,2025-12-08T18:34:26.640484+00:00,1125,San_Beda_University_20251209023426_1125,1,69.64
San Beda University,1635.5884695990217,340.04792984178005,13.79794551785362,56.014720837948055,259,219,9,51,217,20,15.288151694654802,29,0,77,19,114,78.32527465537821,1.5765388416016983,1,3,18,7,6,1,41.42661891149814,7,4,54.0,15,25,2.6955349455432707,1.8911261874794256,72.67250280943519,1.5987644717584917,0,18,24,91.0,12,5,0.909013729702436,2.440395637846073,14,3,1,58.08,56.74,81.56,95.0,59.99,6.218297745390879,1.575758388130291,2025-12-08T18:34:26.640484+00:00,1126,San_Beda_University_20251209023426_1126,1,63.77
San Beda University,1965.6749160646928,321.35628421268154,14.576867590916306,59.87646986662932,318,314,8,55,283,23,16.74709569064538,27,1,195,21,115,56.75747273014116,0.2609883219833506,1,3,13,9,7,2,51.00337212323022,6,5,71.0,8,15,2.493362292497312,2.0945587973578874,74.53902280635857,1.829556745134252,1,25,19,107.0,12,6,2.904675910761782,1.6193412365934432,14,2,1,46.1,54.12,57.53,95.0,73.48,7.172982752640778,0.9146389817716322,2025-12-08T18:34:26.641484+00:00,1127,San_Beda_University_20251209023426_1127,1,61.77
San Beda University,1475.7408478978955,410.63893917889817,15.709669016166618,45.94176140198736,314,253,10,39,186,31,16.06192047847884,26,2,161,33,108,83.09657648909652,0.5238493327346794,1,2,14,8,5,1,29.07394593263949,7,4,75.0,11,25,2.655050602721332,2.4305298815789804,52.246579296253415,0.3515634489712206,2,27,23,37.0,11,6,1.6766950547557613,2.038076512781955,11,1,2,51.63,57.42,80.55,95.0,67.89,8.062057958922267,1.7345739617965417,2025-12-08T18:34:26.641484+00:00,1128,San_Beda_University_20251209023426_1128,1,65.84
San Beda University,2390.048130756757,350.2830540165959,18.980456003927355,61.439600977930375,324,244,15,37,235,18,15.3221578361243,28,2,91,24,108,80.92320679822305,1.0856833196724531,1,3,17,7,6,1,31.451322090045,5,4,65.0,10,24,3.176429560190259,1.1958328396308862,51.63774628974964,0.2613804741806378,0,26,20,72.0,15,4,2.38168167954715,1.7148400412864724,18,2,1,57.92,47.0,84.61,94.8,73.74,5.644264225036035,1.848982867484532,2025-12-08T18:34:26.641484+00:00,1129,San_Beda_University_20251209023426_1129,1,67.73
San Beda University,2125.3698764109904,345.84613673862407,16.930673009783906,46.624447929360976,232,274,10,46,170,19,19.46040877220951,26,2,179,29,95,98.8874761650996,0.5249265249189856,0,4,14,10,6,2,41.68798991523058,4,3,50.0,11,23,2.5474020902451446,2.07326282490874,58.021898007750245,1.4122990795019126,1,21,24,79.0,12,5,1.7957436641886122,2.324997038377399,19,2,0,53.12,57.47,92.71,95.0,69.42,7.364335500418698,0.8271131970062228,2025-12-08T18:34:26.642484+00:00,1130,San_Beda_University_20251209023426_1130,1,71.0
San Beda University,1723.3694230349447,338.3269324020901,15.8470289949743,62.1190598381591,353,242,12,47,127,27,12.535851699382526,22,0,162,19,99,99.27789862409033,0.9394882333335132,2,3,14,7,5,1,27.3319719775064,6,5,62.0,13,32,3.209267308108187,1.1517749088465474,62.89879350246986,0.9093414821938844,1,27,24,90.0,13,3,1.7107366478350872,2.3238882776840435,16,2,2,57.12,47.28,95.0,95.0,65.41,5.793390069851279,1.4025226963102946,2025-12-08T18:34:26.642484+00:00,1131,San_Beda_University_20251209023426_1131,1,73.61
San Beda University,1937.2412199402715,401.2193776470645,18.33044749828576,28.63533346921703,251,270,8,54,186,28,14.806626416599377,29,1,204,18,95,79.38017194572923,0.7083020759144812,1,4,7,7,5,0,36.50926414916899,6,3,64.0,11,29,3.0176162134409035,2.0293350739049862,47.1207793501158,0.4713858878161095,1,25,18,67.0,15,5,1.724772661478653,2.4440973420275616,17,3,1,57.17,51.22,78.82,95.0,65.89,6.680193555390514,1.6547197070791655,2025-12-08T18:34:26.642484+00:00,1132,San_Beda_University_20251209023426_1132,1,69.46
San Beda University,1503.5827119896082,258.5827046385716,16.953868455537652,59.83660388223075,300,238,11,45,200,26,22.71651130393884,36,1,173,25,125,68.14874908986236,1.3135544207366416,0,3,12,6,5,1,29.67334302828145,6,4,56.0,11,32,2.357117138950866,2.4805609428034354,27.02193998591501,1.854226550882062,1,27,14,76.0,9,7,2.52041580618076,2.0518865310540813,15,1,2,42.02,51.33,66.45,86.1,65.83,9.326005322769866,1.703362091558794,2025-12-08T18:34:26.643485+00:00,1133,San_Beda_University_20251209023426_1133,1,61.53
San Beda University,1153.8708832535883,273.0418165194116,19.71365343576897,48.579817717076885,280,186,12,52,181,15,15.19306321365518,26,0,128,25,93,77.4862413060069,0.8975408744435994,1,3,11,7,5,1,35.43002258746887,5,3,52.0,8,29,3.002666812011402,1.4851775426533398,59.11968779889951,1.619285261635916,1,23,30,87.0,13,6,2.5133429564180414,1.9329003918037884,16,2,1,48.68,42.17,76.28,95.0,71.66,8.913741488013967,0.6645450679744306,2025-12-08T18:34:26.643485+00:00,1134,San_Beda_University_20251209023426_1134,1,56.83
San Beda University,873.1286494129045,307.8733681550356,17.25567536869314,47.261224178489,307,259,11,51,184,26,20.75652081524116,29,0,138,21,87,61.63780350685246,1.1734123556008202,0,3,14,7,5,2,20.301322639682688,5,3,61.0,9,29,3.0630492820415407,2.151792162414682,66.26566809488197,1.791494542122146,1,29,21,99.0,13,7,1.9264471433578905,2.894752019097142,20,2,2,46.71,49.56,67.08,95.0,68.28,6.889114984811772,0.9736204326246348,2025-12-08T18:34:26.643485+00:00,1135,San_Beda_University_20251209023426_1135,1,62.61
San Beda University,1759.9770271399243,274.7040505572561,19.13987341324592,58.31276339156034,313,252,10,48,287,27,12.401409666747057,24,0,181,31,120,76.61178411671673,1.443363046501559,0,3,11,8,5,1,26.97411020267562,8,3,63.0,13,24,2.7765654075548865,2.4629165854075152,62.3793083401275,0.6133014210509758,2,22,23,72.0,13,6,0.9969977599112344,2.0049388757051982,17,2,0,50.23,49.95,74.28,95.0,70.55,7.256201626078631,1.1830755621486793,2025-12-08T18:34:26.644488+00:00,1136,San_Beda_University_20251209023426_1136,1,63.98
San Beda University,1479.017183820385,413.34155919022976,14.567259027121471,77.15854962769201,240,234,9,53,194,24,25.08210655600152,23,2,176,22,111,56.8216477760641,1.3966146288052337,1,2,13,8,4,2,35.998883021725575,7,4,55.0,14,32,2.36061486129396,2.157818259418377,73.87743102946237,0.7194037702857627,0,19,23,73.0,14,8,2.653514102903119,1.644060202174109,11,2,0,47.22,49.98,57.05,95.0,69.21,7.6744699469919,0.7977864653782667,2025-12-08T18:34:26.644488+00:00,1137,San_Beda_University_20251209023426_1137,1,66.56
San Beda University,1752.7804417703148,295.3882636591359,15.539164654373025,38.83360680114059,453,252,12,65,318,21,19.4388500378201,30,1,169,22,95,61.89404834424354,0.9871951130465914,0,3,12,9,3,2,23.982913823161983,5,5,78.0,10,29,3.2559333816463703,2.209636601068646,65.32989557775419,1.81039471639044,2,19,13,91.0,13,5,2.158873909623628,1.81495732721252,9,2,2,49.15,52.9,67.52,89.45,65.92,8.567869427788446,0.943720643396642,2025-12-08T18:34:26.644488+00:00,1138,San_Beda_University_20251209023426_1138,1,66.51
San Beda University,2357.013076742712,247.9384079932778,20.10817141294338,65.13170438918769,235,240,12,42,206,29,23.64493363759792,29,2,200,25,105,55.763941191052815,1.255471135405485,1,3,11,10,5,1,34.30195629867146,8,4,69.0,13,32,3.8776229332786447,1.7714989678726292,60.58032250410356,1.2777984282424064,1,25,17,85.0,17,5,2.0039386492987,2.401735829353292,15,3,1,59.54,57.46,59.94,93.68,66.92,5.458901743962768,0.0,2025-12-08T18:34:26.645490+00:00,1139,San_Beda_University_20251209023426_1139,1,67.06
San Beda University,2057.7262172561004,375.7440280747507,14.43746487898932,57.33184631048939,288,265,10,38,225,23,17.980041213282547,27,0,156,28,100,76.1543291182191,1.6941144730265267,0,3,7,8,5,2,30.0860664810666,5,4,67.0,8,25,3.3774069298265648,2.2102971583002287,66.37123035360385,0.7982866394153219,1,27,19,89.0,10,5,2.902146115977207,1.616002983578181,16,2,1,51.98,45.35,78.1,95.0,67.89,6.252844260536251,0.6623614186862832,2025-12-08T18:34:26.645490+00:00,1140,San_Beda_University_20251209023426_1140,1,60.23
San Beda University,1362.1493723120325,383.21853192350335,18.281243747417065,44.6354166515203,224,138,11,55,202,24,19.874173550534778,27,0,85,23,90,89.09398289608197,0.6490401566867439,1,3,14,8,6,1,21.653601700924625,5,3,55.0,11,29,3.1440412536344464,2.43466795055959,72.74299951085344,0.9651377613838374,0,25,19,61.0,11,5,2.066015730675322,2.20406781013552,15,2,2,46.6,53.58,88.28,95.0,62.52,6.7944525825748086,0.842753862852672,2025-12-08T18:34:26.645490+00:00,1141,San_Beda_University_20251209023426_1141,1,69.86
San Beda University,1918.6343959043083,314.6232286390842,13.597836140609552,63.78843833002793,289,276,13,48,297,27,16.479427050889036,21,1,236,26,73,76.53596612530573,0.8137174771682751,0,4,14,9,4,1,35.34376540438966,6,4,64.0,11,22,2.2293504604557057,1.846442609573197,82.22492489058241,1.2971622978942428,1,25,23,82.0,10,4,2.2518265215159947,2.231434748296198,13,3,2,43.38,58.7,82.16,95.0,67.54,6.87887872676446,0.8682749779281542,2025-12-08T18:34:26.646489+00:00,1142,San_Beda_University_20251209023426_1142,1,69.99
San Beda University,2172.31703338188,340.9831722371275,10.0,54.46200990459216,304,210,14,28,223,27,19.277429681345325,27,1,152,22,120,118.91350925147984,0.7418338435782392,0,3,13,7,3,2,33.85086137859521,5,4,49.0,12,34,2.90746310272008,2.6915611308497285,45.41705322582912,1.3925914805892936,1,21,21,88.0,14,7,2.161293920389553,2.031272745003065,15,2,0,61.78,59.35,95.0,95.0,73.52,7.108617528115732,0.9832051650502672,2025-12-08T18:34:26.646489+00:00,1143,San_Beda_University_20251209023426_1143,1,78.61
San Beda University,1374.899955625919,413.6677593624176,17.37038919660153,62.12543959712272,253,204,10,52,245,36,18.962491554083964,32,1,192,22,108,66.96556845559215,0.9178492978713962,2,3,7,8,6,1,36.63794447736637,6,4,44.0,9,33,3.004574633591824,2.143102567031658,59.883210205406336,0.3020671428245209,1,22,22,89.0,13,7,2.3614523721026925,1.2885290635244906,13,2,0,58.2,41.48,72.74,95.0,74.4,7.029224726613782,0.4293186628611226,2025-12-08T18:34:26.646489+00:00,1144,San_Beda_University_20251209023426_1144,1,65.47
San Beda University,1418.7392653150737,377.41019199807886,23.287289821942235,51.14679116963248,343,138,9,42,202,21,21.14217992467109,32,0,215,13,81,95.07104177380518,0.6484099234460384,0,3,13,7,6,2,30.847520694025885,5,4,53.0,13,11,3.637645199319377,2.1970622901526493,62.614300241721104,1.7191971612152597,0,26,15,100.0,12,7,3.461898905268585,2.160178995349595,12,2,1,53.6,51.06,93.19,93.73,68.98,6.00266281676479,0.5545292711539811,2025-12-08T18:34:26.647489+00:00,1145,San_Beda_University_20251209023426_1145,1,70.5
San Beda University,2499.1515051470283,307.8998810001352,15.065196973027485,56.04897634821349,244,244,9,32,184,33,20.61005317109847,25,0,137,24,73,93.29503650288108,1.025980754330507,0,4,17,9,5,1,29.37048187576168,6,4,72.0,14,23,3.3191484228131403,2.0678492086267384,53.1499449871181,1.0736699580843552,1,20,17,116.0,10,5,2.9830045968057566,2.4579532899931817,16,2,1,52.42,58.15,88.32,95.0,63.22,6.652755175892164,1.5891985712739247,2025-12-08T18:34:26.647489+00:00,1146,San_Beda_University_20251209023426_1146,1,74.17
San Beda University,2054.42548678124,216.499911132931,16.30592482160264,46.21938875471436,250,254,12,57,199,18,15.846728867643847,35,0,115,24,114,58.15800588957647,0.8809991480414507,2,3,15,6,6,1,32.88258857280425,7,4,50.0,13,27,3.195068281162218,3.1617242391476297,74.4178044991938,0.2616931093386497,1,17,23,80.0,10,8,2.150678983420496,1.8002519527426115,11,2,1,49.47,51.33,56.22,95.0,70.89,7.967731838488971,0.8063469483629607,2025-12-08T18:34:26.647489+00:00,1147,San_Beda_University_20251209023426_1147,1,59.25
San Beda University,1954.877593735996,266.1106839124255,17.074600519360914,54.00192893760696,363,199,15,44,247,17,18.760443227062368,19,1,132,19,89,97.67044108774442,1.0868869991384136,1,3,15,8,4,1,30.08564893290782,7,4,77.0,15,22,2.952446451431644,1.477348365726144,60.23132820668999,1.159302753100342,1,23,19,69.0,7,7,2.145796636268031,2.362066481359689,13,1,1,50.24,45.68,95.0,95.0,66.38,5.956346463724556,1.112260697777755,2025-12-08T18:34:26.648489+00:00,1148,San_Beda_University_20251209023426_1148,1,70.86
San Beda University,966.961769748298,375.7149030604393,12.394057533170272,54.78373379885779,253,161,13,51,190,22,15.613349706472418,33,0,158,23,95,82.82339870318162,0.7086469805911044,1,3,15,4,5,1,31.001195058466728,7,4,61.0,11,30,3.382624221516457,2.700294198855974,56.4519554322566,0.5572894609327,2,20,17,72.0,14,5,2.077569923925767,1.5077233502175116,13,3,1,54.98,50.73,78.07,95.0,64.97,9.015959221269632,0.5959105208531302,2025-12-08T18:34:26.648489+00:00,1149,San_Beda_University_20251209023426_1149,1,70.21
San Beda University,1691.0242194252608,232.5927723646253,17.298349879392426,68.98711942062748,286,226,17,50,190,21,15.019297275881476,28,1,167,24,62,102.19944973568262,0.9931845114011082,0,3,16,8,6,1,23.94478056114393,3,4,77.0,8,25,2.3806469180713568,2.821136886436625,77.21270466215628,0.9115263373515016,0,19,17,92.0,12,7,2.164753764796866,1.823069449945525,17,3,2,55.25,57.29,95.0,95.0,63.93,7.44458874837418,0.7437733552381808,2025-12-08T18:34:26.648489+00:00,1150,San_Beda_University_20251209023426_1150,1,69.53
San Beda University,2117.1609585155124,369.8647267306336,10.908672801983936,59.9618577955221,313,290,10,43,183,24,18.69332736944768,24,1,205,17,111,63.15337769862936,0.3034903834033043,2,4,15,7,4,1,23.25686607264937,5,3,89.0,10,22,3.0692108850756843,1.4373517779373175,66.23589032127363,0.9776876544493568,0,19,22,106.0,10,6,1.9887465438882304,1.266826764638126,20,3,0,60.57,56.05,57.54,95.0,66.5,4.945972284406173,1.2195016544748762,2025-12-08T18:34:26.649489+00:00,1151,San_Beda_University_20251209023426_1151,1,60.92
San Beda University,1996.80378672637,351.49315517670675,16.137112620069253,70.92032066578533,334,176,10,36,244,27,16.71410782799387,34,2,210,22,138,40.32500426384706,0.9649102774817644,0,3,14,9,4,1,36.68502652011448,6,4,64.0,11,34,3.468470392786318,2.094487153466335,48.39702006571312,1.5368860437931957,1,27,23,82.0,12,7,2.310138922415471,1.2125002033769166,12,2,0,55.28,49.55,39.59,95.0,74.25,7.559397989518155,1.3568960198578977,2025-12-08T18:34:26.649489+00:00,1152,San_Beda_University_20251209023426_1152,1,59.79
San Beda University,1820.361425758668,356.02982452813507,17.682691242303548,73.82394147943461,375,250,13,50,183,25,23.49157820799627,25,0,181,30,103,76.60775325658602,0.7629205138141721,1,4,12,6,4,1,30.76612956383932,6,5,70.0,8,24,2.125965000828905,1.7580109622168465,66.20655111555759,0.3928259432390122,0,31,16,62.0,13,7,2.402498907391451,3.126744136978296,14,3,1,54.87,45.03,81.74,87.06,61.76,6.714953743231776,1.1416772717365231,2025-12-08T18:34:26.649489+00:00,1153,San_Beda_University_20251209023426_1153,1,64.47
San Beda University,1848.0,234.0,12.66,54.804,363,312,12,39,293,34,19.0,17,0,206,55,102,85.95,0.0,1,1,14,2,9,3,21.0,5,4,80.0,11,51,0.0,0.0,0.0,3.0,0,19,17,89.47,12,2,0.0,4.0,8,0,0,6.34,6.28,7.25,7.28,7.04,6.84,0.0,2025-12-08T18:35:04.709293+00:00,1154,San_Beda_University_20251209023504_1154,0,
San Beda University,1947.862189640441,252.9064966289889,10.143092827336478,49.395889206319495,383,374,10,36,319,34,17.208140976466222,15,1,149,32,84,87.42791719863155,1.318593785975175,1,1,13,1,8,3,22.010068455758955,5,4,73.0,13,63,0.907786742743411,0.66849208367635,0.9881160378398685,3.875287490190071,1,16,13,119.0,13,2,0.3444392295538488,4.050741997008391,7,0,0,64.43,53.74,87.63,95.0,78.56,8.9867082530814,1.2660850746232226,2025-12-08T18:35:04.710293+00:00,1105,San_Beda_University_20251209023504_1105,1,74.48
San Beda University,1845.9627679174453,184.9712710986568,13.744368846180206,31.35711156057623,366,242,10,58,326,43,16.671696432339342,13,0,204,71,87,101.91677480407417,0.5668298362796911,1,0,14,2,7,3,17.817233474633653,5,4,77.0,11,58,0.1865152253525891,0.5773039489494775,1.2916137725559156,2.428332096571708,0,21,23,90.0,8,2,0.6700777751583601,3.158966124435584,3,1,0,51.28,53.54,95.0,95.0,74.92,7.089232661090482,0.6466934297936887,2025-12-08T18:35:04.710293+00:00,1106,San_Beda_University_20251209023504_1106,1,74.68
San Beda University,2147.2717237555985,284.6067983038548,12.552075949537286,56.459282970302304,277,197,12,48,212,35,17.01312678208714,18,1,166,51,112,127.0001116079575,0.641955099510073,1,1,17,2,12,2,20.904355575030923,5,3,105.0,8,85,0.5819749894072386,0.8131305628039374,0.5237730357790684,3.2403227773145136,0,11,13,72.0,10,1,1.0861215884788418,3.30337016605506,8,1,1,43.95,58.41,95.0,95.0,72.31,8.658424665958593,0.597232226245351,2025-12-08T18:35:04.710293+00:00,1107,San_Beda_University_20251209023504_1107,1,75.35
San Beda University,2273.120770869966,185.05326484379185,12.279715154416332,49.14628451676784,432,245,11,33,366,37,17.26800544503569,13,1,193,56,91,81.95538100983295,0.4262949894781714,2,1,18,2,4,3,19.473625824355103,5,4,82.0,9,44,0.6222092282009111,1.3878793830395764,0.2359025579723343,3.8644298339209526,1,21,19,101.0,13,2,1.5683956715936305,4.407016788374941,9,0,0,48.82,58.79,80.09,95.0,78.76,6.54791402895901,0.1050574245902713,2025-12-08T18:35:04.711292+00:00,1108,San_Beda_University_20251209023504_1108,1,69.66
San Beda University,1735.456028511147,170.37486820963795,12.499829052232275,45.71560912609036,434,264,8,27,256,32,23.24594440654388,17,2,276,47,91,64.80555147958535,0.966757184702334,1,1,12,1,8,2,23.22442063662352,4,4,54.0,12,49,1.6500062409414344,0.4738495195930395,1.153997805548732,2.234827082601844,0,18,22,81.0,9,1,0.5083695242972578,3.999103931900204,5,1,0,54.0,55.18,62.4,95.0,81.39,3.1171436392463687,1.2762030306602477,2025-12-08T18:35:04.711292+00:00,1109,San_Beda_University_20251209023504_1109,1,69.03
San Beda University,1767.5619729453824,198.90326720815503,13.706210814054122,66.85814565421256,395,281,13,43,205,23,12.079463831884851,18,0,227,50,109,86.12621368530665,1.41779258624127,0,1,13,2,10,3,20.28185378698853,6,4,101.0,7,48,1.568574376658044,0.6070229439463256,0.8972517014434405,2.440906383243462,0,24,16,78.0,10,2,0.2169831513995968,2.5976747669578444,9,0,0,46.41,58.29,86.39,95.0,72.69,8.998157353083341,1.06580215021381,2025-12-08T18:35:04.712290+00:00,1110,San_Beda_University_20251209023504_1110,1,73.3
San Beda University,1926.3208415897604,245.85633699579805,12.61194078954432,58.5391191200716,238,259,10,26,299,28,12.321937716322742,18,1,255,58,122,101.2090788289012,0.3828967670712477,1,2,15,1,9,3,14.327272882917615,5,3,88.0,10,48,2.4735682370698835,1.647290933452014,0.231078199763253,3.822445302351016,0,22,16,69.0,9,2,0.2676856830893415,3.0930622897548514,6,3,0,62.17,47.22,94.08,95.0,73.6,5.757448106506493,0.4711937304070511,2025-12-08T18:35:04.712290+00:00,1111,San_Beda_University_20251209023504_1111,1,75.94
San Beda University,1654.9560464588797,258.062042362322,11.451527308927169,42.06791325866195,419,353,11,32,256,31,15.02879277548101,19,1,224,38,111,102.02354705447672,2.862666026618914,0,0,14,2,9,3,20.49757780240043,4,5,106.0,9,49,1.5463483809268896,1.180921767407609,1.1598305158013271,2.546170127930567,0,18,18,85.0,10,2,0.5549988024621031,4.289920241689988,8,1,0,55.13,49.87,95.0,95.0,78.52,5.488676731055904,0.3308714860977727,2025-12-08T18:35:04.712290+00:00,1112,San_Beda_University_20251209023504_1112,1,68.21
San Beda University,1542.4156371532797,295.1446082995541,12.585413467698,55.263298105808005,532,355,13,36,422,32,20.21718341684921,20,2,138,54,109,81.44129356737605,0.3161541274923567,1,1,17,2,11,3,24.517811736950364,7,4,93.0,12,41,0.0998990593146813,0.8425102328779441,1.286297843663179,2.7710847427714373,1,19,15,76.0,9,2,1.150755009356672,5.219380212524966,9,1,0,52.9,52.39,86.49,95.0,76.57,4.298109612259715,0.4275508592072067,2025-12-08T18:35:04.713290+00:00,1113,San_Beda_University_20251209023504_1113,1,68.16
San Beda University,2063.432666906049,220.6990591451183,15.487009653168087,65.56443935333854,249,328,13,44,277,29,27.29480150524629,13,0,220,44,141,82.20465677496182,0.2616898628692925,1,1,19,2,12,3,21.982189917341127,6,5,83.0,11,34,0.3582792815457185,0.7671484641424255,0.9769651899818256,2.7788918787616588,1,17,16,99.0,11,2,0.1779561279109262,3.867618712314064,9,1,2,57.57,57.47,82.55,95.0,67.67,5.532719708656511,0.1570375368745969,2025-12-08T18:35:04.713290+00:00,1114,San_Beda_University_20251209023504_1114,1,71.21
San Beda University,2014.0067479600896,236.8986874695704,10.0,76.33489101570296,391,238,11,26,347,38,25.92337325359204,16,1,235,50,99,92.0082559130324,0.0344295586768443,1,1,17,2,9,3,20.909720388282363,7,3,96.0,11,65,0.0652964084953214,0.4398584166824771,0.1330194830142271,3.1874230834873725,4,17,17,70.0,11,3,1.320670330543284,3.922241786610176,9,1,1,56.88,53.21,93.66,95.0,71.53,6.278449539538384,0.5609438397623427,2025-12-08T18:35:04.713290+00:00,1115,San_Beda_University_20251209023504_1115,1,75.02
San Beda University,2441.81235621002,226.1327709195995,13.953186731954974,60.92134580267267,342,433,9,44,393,34,21.29237209177294,15,1,213,79,118,86.40140251210252,1.376336044686771,0,1,8,2,8,3,17.073043590912718,4,4,82.0,10,43,0.8483477557052115,1.1500265789426751,0.2295409452907182,3.1780591856060414,1,23,16,97.0,10,2,0.7124195802103098,4.670149108623983,8,1,1,60.01,58.35,85.9,95.0,72.11,9.21906658415432,1.5410346687956882,2025-12-08T18:35:04.714290+00:00,1116,San_Beda_University_20251209023504_1116,1,69.05
San Beda University,2066.7901785559825,229.31083194744613,16.389816137665093,48.94029717199187,373,385,12,42,350,36,15.555340279715264,12,0,217,34,94,71.37930031309776,0.3848105050158586,1,2,7,2,8,3,22.76620322812521,5,4,108.0,9,42,0.0047302248741134,0.9647416075831692,1.537158651880769,2.49505861308566,1,23,18,94.0,14,2,1.068892689239947,3.1889643804638435,12,2,2,57.31,52.91,74.99,95.0,68.4,6.962085718975983,0.5269204464696658,2025-12-08T18:35:04.714290+00:00,1117,San_Beda_University_20251209023504_1117,1,64.67
San Beda University,1641.7634810354991,220.47243863598743,14.752769427361192,41.31243366599857,384,367,13,37,324,25,18.91794110378516,15,1,193,60,82,103.90248604983827,0.8254927719786717,2,0,11,3,9,4,20.88682291158884,4,5,68.0,9,56,0.0502946183324875,1.4309597498494273,0.1030368300150492,4.036894143337507,1,20,17,98.0,10,2,0.4246544214168457,3.8814383440048,7,0,0,55.93,54.57,95.0,95.0,79.57,7.602926578188276,0.0650001212418451,2025-12-08T18:35:04.714290+00:00,1118,San_Beda_University_20251209023504_1118,1,73.15
San Beda University,1991.5795952750373,258.31123017124884,14.40186904476842,58.618509266153175,480,382,11,38,299,42,20.695704937059904,23,1,191,50,106,91.00262548201503,0.0321733165211568,1,1,9,1,8,3,18.62997233594696,6,4,92.0,8,45,0.2075244448850943,0.4754517347744166,0.4704814900920028,2.4903237009333408,1,20,21,134.0,13,2,0.5267891521565919,3.753296001994583,6,2,0,54.01,51.86,86.54,95.0,78.61,5.502347557619735,0.1658647298827515,2025-12-08T18:35:04.715290+00:00,1119,San_Beda_University_20251209023504_1119,1,67.66
San Beda University,1637.5530801894806,145.44604763096612,11.547876508748514,55.7721696047771,324,433,13,54,235,38,13.454097494541008,22,1,296,50,121,82.93033676879621,0.6496859349553744,0,0,9,2,8,3,19.990051177086944,3,5,66.0,14,43,0.2724546211908727,0.5255374918668384,2.14102510415291,3.67003954827478,0,21,17,137.0,14,2,1.47345457254606,2.882839439304238,8,0,0,54.88,54.2,79.39,95.0,77.41,10.025895781703417,0.3904277577070854,2025-12-08T18:35:04.715290+00:00,1120,San_Beda_University_20251209023504_1120,1,69.57
San Beda University,1430.472995464935,150.07184117856357,14.452679326185264,53.81138790707197,491,264,9,42,192,39,21.3910719598182,19,1,217,51,118,77.78303959408181,0.0109259723696424,2,1,6,3,12,4,23.18548747379824,4,5,91.0,12,59,0.895567217009473,0.7790772938669212,1.1388515095861882,2.7232136402524096,0,17,15,55.0,10,2,1.208373731157318,4.121938982696509,9,1,1,52.71,51.51,74.48,95.0,71.99,7.124898925771668,1.2844324771845437,2025-12-08T18:35:04.716290+00:00,1121,San_Beda_University_20251209023504_1121,1,71.02
San Beda University,1967.7923927322604,215.43824693296256,10.321658138623306,60.19952750228079,186,439,13,25,261,43,16.580888964405087,17,0,226,49,91,69.91584867018848,0.7115621096081576,1,1,17,2,11,3,20.792710209039043,6,4,105.0,8,57,0.1324167737141984,2.259077951256163,1.1488158108939248,2.947566952261709,2,23,14,94.0,11,2,0.598125887720712,4.49472625708798,8,0,0,47.07,57.69,67.15,95.0,74.15,5.284154267505957,0.0170647280425648,2025-12-08T18:35:04.716290+00:00,1122,San_Beda_University_20251209023504_1122,1,64.54
San Beda University,2010.279157808964,188.517227679694,16.864477823659684,61.50687027898638,272,384,9,47,333,34,16.096216410969454,25,1,209,67,128,83.95959437762829,0.5797346331237602,1,0,14,2,11,3,22.187513246471497,3,5,74.0,12,53,0.855788510186569,2.405143320052752,0.9695992941544402,2.7206850196898644,3,23,19,94.0,12,2,0.8404100747501863,3.198451192145064,7,1,1,52.54,54.71,83.79,91.75,73.12,8.708136579247087,0.033280316492803,2025-12-08T18:35:04.716290+00:00,1123,San_Beda_University_20251209023504_1123,1,74.19
San Beda University,2041.344465597224,246.69346512225937,11.593868200642104,73.62743753292341,420,300,12,25,285,30,21.39757356486905,17,3,166,66,90,56.73905515283116,0.1195072401257669,1,1,17,1,11,3,24.72782484602305,5,5,50.0,15,48,0.6981294602419581,0.7997731500459837,0.270085683087749,3.593128597946004,1,20,21,68.0,13,2,1.7305939387808902,3.6904466455166656,12,1,3,51.69,56.79,55.4,95.0,67.32,6.839547934143287,0.7014699087062324,2025-12-08T18:35:04.717290+00:00,1124,San_Beda_University_20251209023504_1124,1,64.98
San Beda University,1311.8853506873818,215.33721908781,11.654394043031642,72.62931585327053,361,222,11,39,254,41,18.93948654090453,17,1,183,59,123,77.89050455649468,1.26662901049924,0,1,14,2,12,2,24.259651670181825,4,3,81.0,9,33,0.1530052448803847,0.296084098594324,0.0199394753087117,4.077963161565215,1,11,16,78.0,11,2,0.2695501373581363,4.072663084072788,9,0,0,57.95,48.6,78.32,95.0,76.03,6.11513735419422,1.0057847716493895,2025-12-08T18:35:04.717290+00:00,1125,San_Beda_University_20251209023504_1125,1,70.34
San Beda University,1502.360873014498,243.01515615502672,12.635904199043043,67.9690028658161,395,325,12,38,329,21,10.78732122242717,13,2,182,57,127,90.60984584633924,0.9372055175402122,1,2,18,2,9,2,19.377012120753296,5,5,71.0,9,42,0.2224818017451111,0.0379148961521752,0.3488668960010307,1.6632466381796984,0,18,21,99.0,12,3,2.771491722154404,2.2408505015860047,10,1,1,47.47,48.17,95.0,95.0,67.69,5.225693932259121,0.7546189664055172,2025-12-08T18:35:04.717290+00:00,1126,San_Beda_University_20251209023504_1126,1,69.69
San Beda University,2000.1458396163391,180.3951347791217,12.988366845567064,64.27596808599105,449,331,14,46,351,46,16.107643957915165,19,1,195,53,127,68.72892889616608,0.395050355721342,1,0,12,2,11,2,22.16308783700041,5,4,74.0,10,42,0.2905344855891141,1.0256596422927673,0.5977652221277844,3.853978431359997,1,17,12,94.0,12,2,1.3723493377826506,4.6555885383419024,9,1,0,52.84,55.29,69.51,95.0,76.44,8.802706419046507,0.7841969847869726,2025-12-08T18:35:04.718294+00:00,1127,San_Beda_University_20251209023504_1127,1,68.62
San Beda University,1999.6651180876472,140.91522293993285,14.000225859476156,48.99034235102692,400,306,10,56,335,34,21.27516626587528,19,1,219,45,131,81.97905694189346,0.2539444088133001,0,1,13,3,6,3,19.09341054447417,5,4,81.0,8,54,0.5100160611785207,0.8184756171643965,0.1104115755129133,2.282234184682576,1,17,13,100.0,12,2,0.2830254328023005,4.883064419506543,6,0,0,46.68,56.55,81.36,95.0,81.59,8.890821175097694,0.4372573680511322,2025-12-08T18:35:04.718294+00:00,1128,San_Beda_University_20251209023504_1128,1,74.85
San Beda University,2396.5078243558723,216.95307833454973,10.720684328271194,48.30935070294577,389,315,10,43,236,25,24.80072799576846,16,0,168,65,78,99.91991570802618,0.5635861670442698,1,2,10,2,10,5,20.169812836813502,6,4,78.0,7,40,0.2854641156660742,0.6997248116352253,1.4928921762428486,3.151613697654079,0,18,18,97.0,10,3,0.1137440217834483,4.217217862293319,8,2,0,46.51,61.82,95.0,95.0,78.11,7.232052822972346,1.5462047321470291,2025-12-08T18:35:04.718294+00:00,1129,San_Beda_University_20251209023504_1129,1,67.14
San Beda University,2165.187510284719,211.3984300467013,10.0,51.57591901572053,313,375,18,39,346,37,22.18906033969732,21,0,194,70,87,63.75258464369598,0.6652646044783319,1,0,16,2,6,3,29.14084466759427,4,5,106.0,16,67,0.8213325454266477,0.5676285770253748,3.046452129055271,2.7049283664746104,0,24,22,103.0,10,3,0.2246929450321144,4.439606689634931,7,0,0,51.23,48.04,61.98,95.0,74.98,8.286896382450237,2.0841647389564457,2025-12-08T18:35:04.719290+00:00,1130,San_Beda_University_20251209023504_1130,1,65.7
San Beda University,2131.4997377253994,185.64917344048013,13.386012956074635,41.36140041585448,364,264,11,45,286,43,18.823563339697728,21,1,208,59,105,94.99750815410556,0.5344419383861634,1,1,15,2,11,3,16.052083864645923,6,5,72.0,15,46,1.5573172300696352,1.472656958813276,0.0961594994555171,3.561466929816394,0,17,11,79.0,13,2,1.0214204258890085,3.3068222614838807,11,2,1,51.98,49.84,95.0,88.34,69.31,8.242914116426835,0.3463762720419804,2025-12-08T18:35:04.719290+00:00,1131,San_Beda_University_20251209023504_1131,1,71.43
San Beda University,1808.6318121115448,260.98162727745165,12.440817224481554,28.661081200728468,299,221,9,46,328,32,21.03812083217031,19,2,188,57,63,84.05239446893748,0.8420313045150701,1,1,11,2,9,2,16.395812316888865,6,5,66.0,13,38,1.612197483923481,0.0161818656139189,0.3361286696588026,3.752719360207832,1,20,16,87.0,8,2,1.8681883598426496,2.9427333339064328,8,1,1,55.3,58.16,81.84,95.0,72.32,9.323517638912984,0.8675754488943934,2025-12-08T18:35:04.719290+00:00,1132,San_Beda_University_20251209023504_1132,1,73.53
San Beda University,2677.3816376667355,217.703741655006,11.379751723873891,39.66790829141877,503,364,12,41,199,47,18.23773689762104,19,2,178,51,56,89.53706828938539,0.7092726953897934,1,1,16,2,5,4,19.488828806918896,5,4,86.0,12,53,0.0542819557285656,1.1414163321253896,0.2063275228599571,2.213947042459281,2,18,18,81.0,13,2,0.7168265112752665,3.576436600712008,8,1,1,53.44,57.47,89.29,95.0,70.65,5.865905464706991,0.081595792024856,2025-12-08T18:35:04.720290+00:00,1133,San_Beda_University_20251209023504_1133,1,69.54
San Beda University,2237.111478065286,173.0688576912444,15.394762843598931,50.90156373028077,329,324,11,33,295,44,21.00750458500201,16,2,214,54,82,68.56042250573981,0.723929943556106,1,1,12,2,9,3,17.75550964048164,4,4,61.0,13,64,1.0216184334204668,0.819736755206613,0.2344599315397131,2.2703196133827683,0,22,15,114.0,9,2,1.681866554320255,4.932084708608843,10,0,1,51.81,52.98,70.44,95.0,74.4,7.58467725978956,0.1580080585513892,2025-12-08T18:35:04.720290+00:00,1134,San_Beda_University_20251209023504_1134,1,65.72
San Beda University,1709.58452512329,176.49190792553435,10.54911518276802,69.08345525460236,345,305,12,36,266,42,13.183495724832058,16,1,237,58,101,68.67378372552034,0.1660311893776709,1,1,21,2,7,3,26.67638259646962,5,4,96.0,12,48,1.4640412903971536,1.2949993150705987,1.867813849078515,2.4040472093025693,1,21,16,99.0,12,2,1.0149540299706838,5.269095455319454,8,0,0,56.0,54.0,71.33,95.0,77.44,9.445087065628798,0.8113309429394295,2025-12-08T18:35:04.720290+00:00,1135,San_Beda_University_20251209023504_1135,1,71.67
San Beda University,2272.773825040972,280.6500459717471,10.0,54.80244440182769,308,276,13,52,272,31,18.508639488535305,13,3,197,62,101,84.75589983413771,0.9885786898657888,1,2,20,2,11,3,14.639323008377096,5,4,76.0,10,39,0.6367717988583232,1.5994004097036063,0.7187195633600184,3.34601266053872,1,17,24,79.0,13,2,0.3433371380084948,4.891234338247381,4,1,2,49.29,48.33,83.27,95.0,70.04,4.813910395635883,0.7411684117747468,2025-12-08T18:35:04.721290+00:00,1136,San_Beda_University_20251209023504_1136,1,64.88
San Beda University,1911.5602500775904,247.8700297463999,10.0,57.56757250832414,418,308,15,41,230,38,22.28444724996477,13,0,190,36,77,72.87570284162393,1.033618269881683,0,2,17,1,7,2,19.84870421654753,5,5,74.0,15,49,0.4446200400668271,1.5956204475722655,1.2821120510313562,2.779317318347492,1,19,15,129.0,11,3,0.063349595442646,3.196694458415994,9,0,1,54.78,58.15,85.65,95.0,76.81,7.006893421522722,0.0253593374492511,2025-12-08T18:35:04.721290+00:00,1137,San_Beda_University_20251209023504_1137,1,73.88
San Beda University,1956.563505274468,280.83784719750054,12.527447771534035,54.876049153948216,347,308,13,40,338,28,29.198479416758364,16,1,160,51,139,96.83811545442124,0.2182269597905163,1,1,16,2,12,2,19.971177610437703,2,4,74.0,13,55,1.4757650393751551,0.3868245413245785,1.4632878104399798,2.370635029663206,1,20,19,102.0,13,2,0.1046983815702799,3.9093457363702497,7,1,0,53.12,50.99,95.0,95.0,76.17,5.93588380173183,1.0329990346135949,2025-12-08T18:35:04.722290+00:00,1138,San_Beda_University_20251209023504_1138,1,71.32
San Beda University,2021.4775674722207,291.2018708688337,11.674231716275886,52.89357844060056,235,204,10,40,311,47,15.115211417238744,14,0,171,54,106,93.5750285073364,0.4119477325546418,1,1,12,3,9,3,21.499315201425343,4,4,104.0,14,47,0.0814266007656803,0.3219975459375659,0.6262954684263544,3.312921221057037,0,20,18,63.0,9,2,1.2240551440070233,2.90274172504504,10,1,0,44.63,52.56,95.0,95.0,71.93,6.909375291656279,0.1316915239130965,2025-12-08T18:35:04.722290+00:00,1139,San_Beda_University_20251209023504_1139,1,69.36
San Beda University,2069.1307069970817,257.2197366803622,13.647186298493478,69.67145858241861,260,398,13,36,224,34,24.269752265830824,22,0,234,64,129,90.63131377608036,0.1027174584343275,1,1,17,2,12,3,27.391786302895056,4,5,75.0,9,58,0.7362294950968519,0.7235373510150885,0.4169093719307443,2.7104715490824103,1,26,15,86.0,13,2,0.8513981606873888,4.026427906192281,10,2,1,56.4,56.73,91.65,93.81,73.26,5.958049089122753,0.2554753500188095,2025-12-08T18:35:04.722290+00:00,1140,San_Beda_University_20251209023504_1140,1,70.15
San Beda University,2341.463988024999,262.70289156290715,17.35963473636231,62.91672027807979,469,267,11,39,208,38,19.86114433731801,19,1,196,52,88,122.73362213682094,0.3809688524828419,1,0,14,2,10,3,18.82747340837804,5,4,97.0,10,54,1.1640838719919,0.8118291071541379,0.2549751846178347,3.518038743053939,0,26,9,46.0,11,2,0.7957005449592891,3.854364348882296,8,0,0,58.4,46.39,95.0,79.03,81.6,8.581943424224441,0.305373161380833,2025-12-08T18:35:04.723290+00:00,1141,San_Beda_University_20251209023504_1141,1,77.61
San Beda University,2065.383298023448,299.835883137222,17.002493929776904,50.39846377353189,359,287,16,33,271,38,16.75741986851103,17,2,202,51,71,107.01749074425491,0.6814762649000204,1,1,13,2,10,4,23.278072989202265,3,4,81.0,13,74,0.4506066220920193,0.4870620647764616,0.2482239228834609,2.771032163810198,0,18,17,72.0,11,1,0.17509205197213,5.175406838529181,7,1,1,40.64,60.92,95.0,95.0,74.45,9.626131971866188,0.9359368870284516,2025-12-08T18:35:04.723290+00:00,1142,San_Beda_University_20251209023504_1142,1,69.67
San Beda University,2347.994716709348,288.9828493972693,13.356306616638305,68.23996211368299,356,388,14,46,330,27,13.637449052487982,13,0,207,60,107,73.38709975989579,1.4741461412496963,1,1,16,3,6,3,24.17682836187628,4,5,110.0,11,42,0.2213930986881005,0.2163405951566818,0.6854910302606811,2.8138488802113013,0,23,25,106.0,9,2,0.2692052140543522,2.975530095436525,6,1,1,65.09,56.56,69.82,95.0,70.31,8.373203698099362,1.566999659808767,2025-12-08T18:35:04.723290+00:00,1143,San_Beda_University_20251209023504_1143,1,71.73
San Beda University,1488.365861018554,199.4489543435893,13.037335383295572,47.81525795025544,348,366,14,45,286,40,18.24112403929786,15,1,258,49,95,85.94104632520144,1.1054859461976394,0,0,19,2,11,2,27.672757519912587,5,4,74.0,12,49,1.3579882352069983,1.048768748379202,0.1102653668910493,3.8682918046693695,0,18,10,98.0,14,2,0.7426853275296711,4.030300613251453,7,0,1,52.89,51.61,85.58,87.75,71.98,4.7207644234348125,1.371182644367402,2025-12-08T18:35:04.724290+00:00,1144,San_Beda_University_20251209023504_1144,1,68.07
San Beda University,2103.051326566891,282.0969556049919,12.10693693246061,36.87260624916823,320,235,11,42,353,36,12.9949205592468,12,0,237,38,80,80.91975835037981,0.3854993580670346,1,0,13,2,10,4,19.443975160874388,5,3,76.0,14,42,0.106108596088677,0.5198278527001075,0.1202900235940383,2.989644744215456,1,13,16,103.0,14,3,0.5634798539868829,4.5323564875458775,8,1,2,50.76,52.21,75.3,95.0,68.55,4.705148407743465,0.4436078438479546,2025-12-08T18:35:04.724290+00:00,1145,San_Beda_University_20251209023504_1145,1,74.79
San Beda University,1635.6023294964295,225.50628427714017,15.799314292505851,51.5891814419317,354,342,11,43,359,41,21.99387359137785,18,0,289,69,96,119.18262073905936,0.8258567908049113,1,1,14,2,9,3,14.683275336203168,5,5,105.0,13,47,0.9149331403143128,0.1868597454986388,0.5761928546255217,3.2792749826743948,1,20,17,83.0,13,2,0.3763037604615032,4.255771624514591,10,0,2,50.28,58.63,95.0,95.0,65.02,6.433667811816517,2.2675455701608227,2025-12-08T18:35:04.724290+00:00,1146,San_Beda_University_20251209023504_1146,1,74.62
San Beda University,2252.453263032998,183.7021677054557,12.44947780315381,69.55452985942152,322,311,12,35,288,33,22.02923469636337,12,2,226,78,105,72.24543923546403,0.3153156813595786,1,1,12,3,8,3,22.2625562275016,4,3,86.0,13,50,0.2061359019572475,0.3496311036511214,0.45315162225334,4.058939030780197,0,18,20,77.0,12,2,0.1931765039904065,3.4773509521413075,7,1,1,51.6,50.76,61.04,95.0,71.54,7.320937343700832,0.743731929427102,2025-12-08T18:35:04.725290+00:00,1147,San_Beda_University_20251209023504_1147,1,61.1
San Beda University,2277.379326193931,242.7337131852026,11.950708375297593,42.77655855536602,281,366,12,42,307,38,14.2481345974402,12,1,155,66,110,106.72431216309288,0.4885983201359579,1,1,12,2,8,2,22.47087269833181,4,4,71.0,13,52,0.2928609391343817,1.1295179157019306,1.1693522543713717,2.733279182622559,1,15,19,96.0,13,2,0.2438669172152141,4.231236921648568,6,0,0,45.07,57.84,95.0,95.0,79.1,7.493396909720795,0.1897283910210815,2025-12-08T18:35:04.725290+00:00,1148,San_Beda_University_20251209023504_1148,1,68.85
San Beda University,1294.1673166800729,235.225709034373,12.643228345729367,64.16912437498445,241,283,12,38,323,38,14.197720609911867,27,1,182,37,144,88.96390514791372,0.4772429702729961,0,0,12,2,9,3,23.19002140276116,2,5,77.0,10,42,0.1370213867075384,0.9185865618228384,0.31326832817667,3.541095238626512,1,21,22,84.0,14,2,0.9597183670974212,4.827963353743531,7,1,1,57.85,63.94,83.82,95.0,76.0,7.311186321959307,1.843508826569272,2025-12-08T18:35:04.725290+00:00,1149,San_Beda_University_20251209023504_1149,1,73.0
San Beda University,1343.014597910108,195.8936318227061,10.0,61.37421367834118,393,298,9,40,310,41,22.20364965335748,14,0,183,72,86,94.20944011147634,0.0673309000847493,0,0,14,1,11,3,17.048420073332867,5,5,54.0,15,42,2.430353074640504,0.2036918998546226,0.3202270187243118,3.392871811271606,1,23,14,52.0,14,2,2.704786485677584,5.350781916308984,12,0,0,53.42,50.15,94.99,84.77,79.89,7.084316744627366,0.0953077058466278,2025-12-08T18:35:04.726290+00:00,1150,San_Beda_University_20251209023504_1150,1,68.26
San Beda University,1285.9266469182105,267.05549902605924,15.007964958049827,45.79499453446403,384,329,13,40,308,33,20.52924173766451,14,0,229,45,73,78.96813406745099,0.2937473914480724,2,0,18,2,9,4,25.259261416939594,7,4,76.0,14,43,0.6094621085835273,2.848250242748932,0.9922778802496032,2.3523655610273817,1,16,19,106.0,13,2,0.1447572385992536,3.276887657150444,9,1,2,63.59,62.49,76.47,95.0,67.88,6.102168963772206,0.472411157675065,2025-12-08T18:35:04.726290+00:00,1151,San_Beda_University_20251209023504_1151,1,69.34
San Beda University,2137.7849553191345,167.92837869842288,13.001603877137228,57.06824381425151,388,188,12,52,327,38,9.626780411007704,17,2,157,51,118,41.594642916063215,0.0767927225719008,1,1,9,3,8,4,27.69678910730387,6,3,70.0,11,48,0.0947628297804808,1.9487427907062715,0.4212566834922242,2.9664861430935474,0,27,20,108.0,9,2,0.9283690165137026,3.1101622094529167,6,0,0,50.97,52.1,40.7,95.0,80.09,8.48732658068541,0.8669752747964121,2025-12-08T18:35:04.727290+00:00,1152,San_Beda_University_20251209023504_1152,1,58.32
San Beda University,1974.2496177696248,210.3860344608858,13.25123189224866,49.36758037487467,352,348,10,49,337,42,15.980416450231434,15,1,159,79,112,83.45375059489193,1.0045082444901323,2,1,15,2,10,3,23.729849307597867,6,3,81.0,11,48,0.0552568017651626,0.2194521257057381,1.4998585112254326,2.506270529408656,0,21,17,67.0,12,2,0.9190184335048704,3.732916872199273,8,1,0,48.21,58.08,76.31,95.0,73.22,6.112026029608934,1.0740661094075363,2025-12-08T18:35:04.727290+00:00,1153,San_Beda_University_20251209023504_1153,1,71.43
San Beda University,2086.719149905532,271.53693048960565,13.026696668604949,53.65913188070938,384,402,12,39,296,47,16.79305246101459,23,1,175,53,82,89.04098994014043,0.5496237478023386,0,0,15,2,9,3,22.20740840635803,7,3,120.0,7,46,0.6310713057841429,0.3472707553399595,0.1161918828707109,3.1693788877188025,0,18,15,110.0,13,2,0.9481983292965332,2.562170254608461,8,2,2,51.44,53.08,95.0,95.0,69.41,5.428567092639472,0.23373859950184,2025-12-08T18:35:04.727290+00:00,1154,San_Beda_University_20251209023504_1154,1,68.28
San Beda University,1476.0,308.0,20.87,52.027,272,227,23,22,215,27,7.0,23,0,77,26,169,83.46,3.0,3,4,18,7,6,5,30.0,7,5,71.43,5,3,19.0,3.0,15.79,2.0,0,31,16,51.61,8,15,3.0,5.0,15,1,0,6.43,6.21,7.38,7.11,6.11,6.65,0.5,2025-12-08T18:35:37.279219+00:00,1155,San_Beda_University_20251209023537_1155,0,
San Beda University,1203.895771787479,376.1221855536153,20.39082262020992,63.44442576741636,312,221,16,16,206,28,6.318036933700872,23,1,96,20,199,107.26281225471983,2.0348336396717146,3,5,17,8,6,6,32.10669680578308,7,4,78.0,6,3,23.19261653734365,4.155006586146026,13.645710913170817,1.719789043494225,1,32,13,33.0,8,13,3.102803318852218,5.104948316891048,18,1,0,60.7,56.43,95.0,77.37,65.15,7.4568038485466115,0.0805698391872311,2025-12-08T18:35:37.280219+00:00,1155,San_Beda_University_20251209023537_1155,1,74.22
San Beda University,1927.3679634346213,276.3779076480117,16.60434142530037,36.495118921364536,361,275,28,22,178,20,8.677821253652535,21,2,104,27,159,50.06623222206723,3.322205775405754,3,5,22,7,6,5,21.526766170366148,7,4,73.0,3,3,19.73140354655024,3.314934310001882,13.481867819751614,1.9144265004481504,0,22,22,43.0,9,12,3.275597877714655,5.41783650948677,13,2,1,48.61,47.24,48.49,95.0,67.31,7.632903265054435,0.612923536347821,2025-12-08T18:35:37.280219+00:00,1156,San_Beda_University_20251209023537_1156,1,53.81
San Beda University,1468.509492425398,333.5836493508812,17.192757313165323,57.84915232505617,286,253,26,29,285,24,6.762096472159777,24,1,31,25,167,106.53238321938208,2.524800750119905,4,4,21,7,8,4,43.15334185002136,7,4,100.0,4,2,22.824285717672417,2.58359506901069,16.46159490121696,2.080404053101796,1,32,13,69.0,9,9,4.0017336095874825,3.6609512327859575,16,1,0,64.71,49.86,95.0,76.58,73.39,7.817061446004637,0.1287284101878928,2025-12-08T18:35:37.280219+00:00,1157,San_Beda_University_20251209023537_1157,1,66.64
San Beda University,1863.2804748511628,355.033690140772,28.50456074794244,51.084543689070536,264,256,20,22,179,32,6.086799114497031,22,1,45,23,180,65.60913505889327,2.0208754277495613,3,5,19,7,6,5,37.37504167859695,6,4,76.0,7,3,26.70468592883478,4.0277555817605,13.887824647195773,1.200602961483384,0,29,20,52.0,9,15,2.742795376034101,5.932883134071648,14,1,1,55.26,59.89,62.92,95.0,65.73,8.673799651159882,0.0,2025-12-08T18:35:37.281217+00:00,1158,San_Beda_University_20251209023537_1158,1,64.46
San Beda University,1787.5601928386811,372.65026301969584,24.259139567922297,40.84786707892631,402,203,24,22,262,21,7.936408200553053,16,1,72,31,136,85.31223659115963,2.845440763911807,3,5,19,7,4,5,31.4505538067672,7,6,58.0,7,4,15.603670128525335,3.324392757504309,19.36813775185064,2.057950249486466,1,26,15,64.0,11,12,2.699697159059034,5.175932829532064,17,1,3,62.69,50.77,84.71,90.13,64.48,4.892912664589819,1.4240157259965691,2025-12-08T18:35:37.281217+00:00,1159,San_Beda_University_20251209023537_1159,1,72.36
San Beda University,1626.9265982946908,293.1382788175704,13.856684369847027,57.29291834542367,212,272,25,25,146,18,7.301978962762935,28,1,63,19,230,76.17028238894275,4.18878676500754,4,3,11,8,5,4,25.81449666518117,5,4,60.0,5,3,17.722296795243558,3.002057467882394,17.03954971544862,2.074262702763688,0,32,10,52.0,8,16,2.4973443736565546,3.685452339870457,13,1,1,56.62,44.95,78.72,67.3,73.27,7.530947004988527,0.0,2025-12-08T18:35:37.281217+00:00,1160,San_Beda_University_20251209023537_1160,1,62.51
San Beda University,1385.447179640921,182.5888338167099,21.58145425598617,42.761038855308094,219,136,25,24,283,28,7.509361156063364,23,3,80,39,176,89.7743714323461,2.629447873444687,3,5,24,7,8,6,35.64055167414858,6,5,82.0,5,3,16.016491289704806,2.5536098418196014,12.027373493765063,1.6320778426542537,1,31,15,31.0,10,12,2.421782961543044,3.5088181762277,16,1,0,50.38,52.04,87.91,82.05,71.57,5.872994697778756,0.2578067416213829,2025-12-08T18:35:37.282219+00:00,1161,San_Beda_University_20251209023537_1161,1,63.16
San Beda University,1734.1720338762525,296.7425725068101,18.910979415833488,55.68754614431225,302,268,12,22,197,29,6.358630882604861,32,1,54,27,194,95.01222980265707,2.8302705450537453,3,3,23,8,8,5,27.40448575827433,8,4,78.0,5,3,19.39886475525627,4.1341286892584925,14.44696517250332,3.141458334578301,1,39,21,52.0,11,17,3.534241214239258,4.400275740692425,23,1,0,56.78,51.36,95.0,85.11,69.2,8.144987088942228,0.5074032510908749,2025-12-08T18:35:37.282219+00:00,1162,San_Beda_University_20251209023537_1162,1,75.45
San Beda University,1191.564601932395,272.5025937184558,10.957040252854378,69.81579028248147,299,255,23,26,204,23,6.639524684520795,22,1,72,22,144,86.34201328861086,3.24528067465588,2,3,21,7,5,6,18.91739020110444,6,5,74.0,5,3,11.856693123820966,2.4624869626622616,19.215501705538,2.208182021128524,1,31,15,51.0,8,18,2.6289941406609403,5.476454467895872,16,1,1,53.37,58.46,84.77,87.77,64.16,7.740103100000783,0.18596233081559,2025-12-08T18:35:37.282219+00:00,1163,San_Beda_University_20251209023537_1163,1,69.18
San Beda University,1026.3671764541352,331.7790515814966,22.488331917054296,59.61662605899778,214,239,20,22,174,26,6.694866168799859,18,0,87,25,157,86.99467427179636,2.892328918082611,1,5,17,6,3,7,20.768305550022284,6,5,95.0,6,3,17.12860556719883,2.871717507317837,10.197798084391229,1.8630244919668768,1,18,12,52.0,7,15,4.3673963668236215,6.2326923794258455,13,2,2,50.72,51.36,92.27,92.51,68.43,6.634921669938307,0.4253441993024906,2025-12-08T18:35:37.283224+00:00,1164,San_Beda_University_20251209023537_1164,1,65.36
San Beda University,1275.7931756224025,287.14385823682835,21.99361000673061,56.62473893614,300,265,24,21,181,30,7.475601300541367,24,1,74,29,191,77.43912586621948,2.656459982541387,3,5,16,5,4,3,36.21618316349425,7,4,63.0,5,2,24.183282501035173,2.9912880443897185,12.31157937694371,2.3427996272455136,0,29,14,48.0,7,17,2.446943816708706,4.2760248132473695,16,0,1,56.52,38.28,72.92,82.35,69.62,6.929443354244911,1.2203831912948868,2025-12-08T18:35:37.283224+00:00,1165,San_Beda_University_20251209023537_1165,1,60.53
San Beda University,1366.079065858051,383.85005961171527,16.058013796936212,23.93781458550836,257,228,26,29,267,29,6.672708503109671,22,1,72,28,198,92.61852212799204,2.292779198876353,2,4,24,10,6,5,31.35387374453493,6,4,66.0,5,4,19.32291885927312,3.8817510829085022,17.354196868756183,0.7755409624914982,1,38,18,45.0,7,12,2.661235161500143,4.785791395908375,16,1,0,57.41,45.06,87.77,77.44,72.33,8.284490824161109,1.091256079994286,2025-12-08T18:35:37.283224+00:00,1166,San_Beda_University_20251209023537_1166,1,63.24
San Beda University,1236.1282608154922,370.6737057267425,17.086404791920554,43.93910803472086,377,281,23,31,212,27,6.935988449493622,22,0,80,31,189,90.36190906048051,2.245966455439298,3,3,16,11,6,5,37.524273918970096,8,4,52.0,6,3,20.284191514648864,3.543214564972708,14.126372764227336,2.3120552340110394,0,26,10,52.0,9,20,1.889082857145018,4.156145954174313,13,0,0,54.46,58.41,94.66,84.01,81.3,6.5099964988389605,0.1325541485476693,2025-12-08T18:35:37.283224+00:00,1167,San_Beda_University_20251209023537_1167,1,71.02
San Beda University,1280.3587869200503,262.60729671055634,29.522648770324828,41.75877925901678,361,254,29,27,204,26,9.36682551984215,24,1,63,25,165,81.19174440798186,2.7823975661710887,3,3,16,5,8,5,38.06772009936053,5,6,71.0,5,2,14.884255064427425,2.750645045115184,16.932767991160624,2.8334102096588945,0,31,17,53.0,7,14,4.1340664918494365,5.434277188355453,15,1,0,52.78,49.97,82.44,78.24,67.65,7.132078647095196,0.4553995965461074,2025-12-08T18:35:37.284223+00:00,1168,San_Beda_University_20251209023537_1168,1,65.14
San Beda University,1760.1500476770557,314.40805517491066,26.311203362363933,43.47439375740449,251,153,24,19,185,31,8.653465250698218,17,1,59,17,173,81.11264813785559,4.122209394031969,2,4,24,6,7,4,35.184223163628275,7,6,69.0,4,2,17.404845602834314,3.528074501494676,12.686569484737127,2.42350282740332,0,26,13,45.0,7,17,1.6781572774846358,4.143485290489041,14,1,2,48.5,52.66,76.98,88.36,70.48,6.51255785832137,0.8226947447388647,2025-12-08T18:35:37.284223+00:00,1169,San_Beda_University_20251209023537_1169,1,68.42
San Beda University,1580.0853888034087,287.6587188800981,23.98211530990074,54.07126532873603,330,175,18,26,211,31,5.547485115208351,26,0,93,27,190,84.73070774153123,3.6291686724544414,3,5,18,7,8,4,27.69536849151412,8,5,87.0,4,3,20.35381667709652,3.478479878149922,18.59487429336416,1.9130919913981568,1,18,19,60.0,7,17,1.34758537376939,4.901596712845545,19,1,2,64.63,46.66,82.77,95.0,64.44,2.707549982774557,1.438074700978535,2025-12-08T18:35:37.284223+00:00,1170,San_Beda_University_20251209023537_1170,1,68.99
San Beda University,1431.4542193507646,323.3063194139934,22.03796229221357,59.67576765765022,226,301,26,24,251,33,8.151061123573136,20,1,87,23,170,74.93709379127236,3.26038730571645,3,5,20,6,7,6,24.93348324021854,6,7,97.0,5,4,16.25280101129273,3.434487369859188,16.425785239204743,2.112518730618677,0,39,13,61.0,7,17,3.324518780367633,5.547197402246041,15,2,1,49.26,45.83,71.21,77.72,64.16,5.96018548250046,0.3608652338513763,2025-12-08T18:35:37.285225+00:00,1171,San_Beda_University_20251209023537_1171,1,59.58
San Beda University,1725.3631870320112,308.9995347674971,23.41093959188672,52.440510877812336,298,140,21,23,250,26,6.5758915706032735,23,0,76,23,165,55.04314552024789,2.5536328064357856,3,4,18,7,8,4,10.359148842193946,9,3,81.0,5,2,14.152285207604288,3.0678050591834127,16.212718322173913,1.6240899895917214,0,21,18,62.0,10,17,2.490351084659145,3.2407145769155923,12,0,0,56.29,44.44,54.62,95.0,79.52,6.07027763773731,0.7802507813095596,2025-12-08T18:35:37.285225+00:00,1172,San_Beda_University_20251209023537_1172,1,60.46
San Beda University,1566.4416374190434,336.6062920249062,23.67265869749376,55.152458235283504,241,216,27,20,251,29,7.768220621860115,29,1,67,21,186,73.78426265530588,3.34626290380993,3,4,22,5,7,4,28.144941365031016,9,6,60.0,6,3,16.817894068836367,2.789808562810964,16.113685530146395,2.1197410263847765,0,26,15,53.0,5,17,2.8141264471397687,6.055553858619125,13,1,1,52.5,56.69,71.01,87.34,69.09,6.330363693892124,0.4750467010574749,2025-12-08T18:35:37.285225+00:00,1173,San_Beda_University_20251209023537_1173,1,68.45
San Beda University,1239.6104286476752,343.822673660806,26.54910441831165,59.7369351483911,338,253,29,18,237,30,7.419149097496392,20,1,88,25,193,93.04753888860758,2.5804558617887263,3,5,17,7,7,5,15.51627585063416,6,4,78.0,5,3,17.81674574148253,2.161336419771767,15.174454537212496,2.527783728818764,1,21,18,70.0,7,18,4.323203975755751,5.091160741213152,11,1,1,60.47,52.83,95.0,95.0,66.88,7.934386367167177,0.3920912336227854,2025-12-08T18:35:37.286218+00:00,1174,San_Beda_University_20251209023537_1174,1,67.51
San Beda University,1014.812132635016,349.21847693334803,27.6852410655884,63.86051206852767,247,287,33,20,168,24,6.895533220670874,20,2,61,24,146,72.12866842467821,2.647983775006575,3,5,17,6,6,5,27.9909469202422,6,5,87.0,5,3,17.104616632539212,2.640098943613017,20.32267332932537,1.992799437509221,0,32,17,65.0,9,16,2.4561198091603065,3.660026250858536,16,1,1,56.06,51.18,72.12,88.11,68.38,9.345291615861225,0.5117373836857546,2025-12-08T18:35:37.286218+00:00,1175,San_Beda_University_20251209023537_1175,1,64.25
San Beda University,866.6818473491879,219.19449926579904,26.22499573319204,47.62561826987147,312,120,26,21,215,27,6.904486594876344,23,1,88,27,190,87.76016308928746,3.30860287739169,4,5,16,5,6,7,34.03556492396255,7,6,61.0,5,3,22.10046853884025,3.963693970927821,14.870603214389895,1.9533642042247,0,27,17,47.0,7,18,2.4143212599711537,4.225777209116963,14,2,0,51.0,46.77,87.97,90.71,68.92,5.417893499584872,0.9298219260070232,2025-12-08T18:35:37.286218+00:00,1176,San_Beda_University_20251209023537_1176,1,65.5
San Beda University,2055.4347053593888,204.6535485460056,19.49134593373485,55.93786588451946,261,207,27,24,192,26,5.757149546685682,27,1,69,27,141,74.22566983265133,1.770008236554208,4,3,25,8,6,7,26.479383239883788,7,3,80.0,6,3,28.89306665160747,4.535017324107483,13.521579535350885,1.5567825595128082,1,37,23,45.0,9,10,3.659493380256668,5.446225476930605,15,1,1,56.31,46.46,73.89,88.21,69.13,4.930853643761068,1.1066159948309533,2025-12-08T18:35:37.286218+00:00,1177,San_Beda_University_20251209023537_1177,1,67.88
San Beda University,1768.220359536978,154.71849192168528,24.286870522394995,77.52640298050687,297,247,26,25,220,21,7.63748207607147,26,1,96,41,169,81.69823982398749,3.601638187283265,3,3,15,8,6,4,36.747415065012405,6,6,78.0,3,3,24.62421399181064,3.110447824230895,18.19706288752505,1.9098246296661447,2,20,14,41.0,7,15,3.091692726044155,4.2473350379123165,15,1,0,54.58,58.44,73.22,95.0,65.96,5.465549200845413,0.7458957983261719,2025-12-08T18:35:37.287217+00:00,1178,San_Beda_University_20251209023537_1178,1,64.62
San Beda University,2264.1389976751666,256.00323956763987,20.507711268711,49.70361024606683,307,204,24,24,228,35,8.766737661626607,17,2,101,34,156,72.30835574033597,3.021413589595249,3,4,18,9,7,7,32.10790715859822,9,6,74.0,5,3,19.413239082017604,2.3739037347355483,15.399179988227758,2.128360725209136,1,29,14,65.0,6,19,3.498775397522252,5.149998961388146,19,1,2,57.12,44.92,74.02,83.05,69.47,6.703184462850953,0.8919649898924027,2025-12-08T18:35:37.287217+00:00,1179,San_Beda_University_20251209023537_1179,1,61.23
San Beda University,1196.0756228377538,328.668626164926,18.572608850443626,45.53138629045552,290,205,22,17,255,20,8.927852633497368,24,0,66,30,164,64.60706487115246,3.6176426271573137,3,3,17,6,7,6,40.4600581051714,10,4,57.0,5,3,14.901667850276707,2.5723739198941984,18.70943448979392,1.6665511929056362,1,31,21,54.0,7,17,3.269016402306188,5.806715000719675,20,1,0,57.41,50.58,63.91,92.68,70.64,8.131692977651955,0.097580750774665,2025-12-08T18:35:37.287217+00:00,1180,San_Beda_University_20251209023537_1180,1,58.87
San Beda University,1874.820152685529,379.1246341428701,21.23193607003037,58.031147361781024,224,203,25,22,121,25,5.615360867725597,20,0,64,20,156,49.542329163369885,3.3897564874473978,2,3,19,7,7,5,28.68875504546061,6,6,82.0,4,3,17.944584763649317,3.134814780458742,17.861884495980902,1.650580991577308,0,25,16,50.0,9,17,3.517430161902888,4.768043820039576,9,1,2,56.14,57.92,49.48,91.49,68.07,7.2130228446507,1.295645311121144,2025-12-08T18:35:37.288217+00:00,1181,San_Beda_University_20251209023537_1181,1,57.99
San Beda University,1516.583554196714,344.1918544802874,19.99292290280717,62.42363143194609,284,213,28,20,232,29,7.41947903800745,27,1,81,30,142,83.1266458121581,2.7802676508260977,4,2,10,9,4,4,33.691306387140074,10,5,63.0,5,4,17.858540352220327,2.921556281510205,19.379534640543422,2.404901899850183,2,29,14,57.0,3,9,3.8465518706848494,5.301372753695279,16,0,1,57.04,47.7,78.73,81.29,68.41,9.392422922759252,0.5161701188270655,2025-12-08T18:35:37.288217+00:00,1182,San_Beda_University_20251209023537_1182,1,67.14
San Beda University,1449.6331460686984,309.2522917620338,25.414049458175285,33.681327800677806,211,239,29,19,259,32,6.431923333021042,28,0,73,17,142,72.019212833665,3.452088002889101,3,5,14,5,7,4,33.94492093834798,2,6,77.0,5,4,22.2914805349863,4.196507940541253,18.12934831884157,2.7574617213456394,0,35,12,59.0,9,16,2.169497568137308,4.938846734973969,13,1,1,57.37,48.11,72.22,74.64,68.22,6.509758131052082,0.1744812174068875,2025-12-08T18:35:37.288217+00:00,1183,San_Beda_University_20251209023537_1183,1,61.33
San Beda University,1860.1826126390351,356.2386171997112,25.42590093641716,48.72686365490378,398,217,25,17,199,22,6.931631597559141,32,2,69,19,156,76.88588574277311,2.77495126616501,3,3,21,7,6,6,28.87215558287356,7,4,86.0,6,2,20.31715724318301,3.8044739485975616,15.20606903358732,2.0583376006472576,1,39,17,37.0,10,15,3.286428314327346,5.388457766512652,9,1,1,56.14,46.27,75.16,77.01,72.87,6.951638109901357,0.3772805966026951,2025-12-08T18:35:37.289232+00:00,1184,San_Beda_University_20251209023537_1184,1,63.07
San Beda University,1719.9262982708456,328.03362100604204,24.205195382211475,59.6021035617206,249,142,29,23,242,19,7.973992893613469,19,2,72,27,172,91.96894257516836,3.4871813415985824,3,4,18,5,5,5,31.079856096439368,6,6,65.0,5,3,18.88787676210368,3.243757133482576,16.734849735068018,2.390407052854158,1,38,7,42.0,9,13,2.700266466423752,6.053017206516929,13,2,1,57.37,54.63,94.16,58.39,69.17,8.319374762762054,0.9149018573632716,2025-12-08T18:35:37.289232+00:00,1185,San_Beda_University_20251209023537_1185,1,64.04
San Beda University,1682.5337699852987,393.7295214868945,21.38165023776218,61.609061702927264,205,274,28,21,275,24,7.367696377821158,21,0,89,27,174,118.71673879615896,1.5992923464680644,4,4,18,5,7,5,19.920382695748376,4,5,63.0,4,4,19.28920681878606,3.6606763947439456,12.317595807170004,1.3326630842659335,1,29,20,49.0,11,20,2.3514940363717605,6.015733234720953,14,1,2,56.16,44.4,95.0,95.0,68.77,6.576932326567855,0.7987147948962667,2025-12-08T18:35:37.289232+00:00,1186,San_Beda_University_20251209023537_1186,1,72.85
San Beda University,1555.2793572329458,267.8138129450225,14.491297388521213,72.52559141242801,218,231,29,25,162,17,7.040877155690647,24,1,68,33,166,72.94001075833013,2.772638331711153,4,3,17,8,7,6,27.217258844156035,6,5,50.0,4,4,15.1351606475885,2.402083102708318,9.617642719675132,1.5731988240546266,0,21,18,40.0,7,13,3.149636728918604,4.427832648847612,19,1,0,51.49,47.85,75.47,95.0,71.5,6.491112590147973,0.0,2025-12-08T18:35:37.290224+00:00,1187,San_Beda_University_20251209023537_1187,1,65.84
San Beda University,1503.147745867327,300.5612609316839,23.88299061389652,59.67513305520142,265,294,20,25,230,25,8.40105376614363,19,1,41,23,124,69.3614324993713,3.6723274414227984,3,5,14,7,7,3,25.120042502053906,6,4,67.0,5,3,21.42620931374583,4.076378529111695,14.068160785802336,1.931712586534824,1,37,13,17.0,8,13,2.829935007247274,5.245175200425846,17,1,2,60.09,51.34,66.08,69.07,70.54,7.386530213122139,0.2131406348754733,2025-12-08T18:35:37.290224+00:00,1188,San_Beda_University_20251209023537_1188,1,63.51
San Beda University,1459.3442107171948,309.06553831871724,14.581560780867534,75.68629977705065,210,230,23,27,230,33,9.20579950395186,26,0,88,18,170,59.45718274713268,3.61498455448574,3,4,15,5,5,6,26.34706983983741,9,5,93.0,4,3,21.417079511881404,3.270017164984503,13.00960289920176,2.8196137131451406,1,26,19,52.0,8,13,3.84629653681407,4.251842637578263,17,2,1,51.22,45.93,63.27,95.0,62.26,6.182479038626807,1.0166972615689205,2025-12-08T18:35:37.290224+00:00,1189,San_Beda_University_20251209023537_1189,1,63.11
San Beda University,1006.195443391036,257.1337937560893,22.46249086918605,66.49898643091626,239,223,19,28,280,25,7.3821914324894,27,1,82,25,118,73.07183390186854,2.738185331809934,3,4,26,6,6,5,37.88983332773128,6,5,64.0,5,3,16.889288529750754,2.250713314297209,15.86386767957942,1.987818303916052,0,33,10,53.0,9,15,3.138420557302016,6.38433956717741,23,1,2,51.61,59.26,83.49,68.92,67.24,6.416263912162783,0.3282473178756249,2025-12-08T18:35:37.290224+00:00,1190,San_Beda_University_20251209023537_1190,1,67.71
San Beda University,903.2137609181592,281.320987078137,10.0,66.95630966618427,295,138,21,27,231,27,7.404866055864749,17,0,48,20,219,57.9154490221101,3.970795578429565,3,4,24,4,7,6,36.68198388043219,9,3,86.0,5,3,25.14286223048974,2.954572510133533,17.936878468060637,2.845175370980909,1,34,19,49.0,7,15,2.902298726258304,5.323075909181185,13,2,0,58.35,46.31,57.59,86.18,68.41,6.977110712708651,0.6129234209285513,2025-12-08T18:35:37.291223+00:00,1191,San_Beda_University_20251209023537_1191,1,58.34
San Beda University,1588.6647309955715,226.0038148936227,18.60711133288052,55.842500860351365,286,193,19,16,221,34,6.851167310229253,32,1,65,27,164,84.37035888373677,2.9788479837456583,3,4,16,6,7,6,30.7163251181013,9,5,69.0,4,4,18.456118100107467,3.119589317602153,13.295765169255924,0.9183360238337416,0,37,17,50.0,7,15,3.135670462943378,5.03397652389542,16,1,0,59.33,55.22,84.43,80.23,71.41,8.547940668587692,0.6916724483473324,2025-12-08T18:35:37.291223+00:00,1192,San_Beda_University_20251209023537_1192,1,69.08
San Beda University,706.0911261398614,292.27278225472634,20.48249278293954,58.04532329003765,280,318,21,21,266,30,7.4115454994960706,27,1,71,29,99,103.92164461481843,4.063673286812363,2,4,17,8,7,5,34.641521326319534,9,7,89.0,6,3,15.040502340369054,2.357121264452492,12.814223453514032,1.7931837259001508,0,41,14,45.0,11,16,2.7796696057789965,5.149627062107115,15,1,1,59.72,53.83,95.0,75.71,68.46,6.460717569596729,0.2562839542779099,2025-12-08T18:35:37.291223+00:00,1193,San_Beda_University_20251209023537_1193,1,65.87
San Beda University,1592.7883774944014,319.0807859417307,23.221319142984225,55.31601830822815,307,253,29,25,249,33,7.603366829680305,18,1,59,25,184,67.00571607513234,2.5474001665139485,3,5,13,10,6,5,23.794923681665686,5,4,71.0,5,2,24.549256600259664,3.966836631339824,16.18703449710768,1.6889548341007878,0,32,16,50.0,8,8,2.493664023961972,6.419009555272903,14,1,0,65.77,52.28,62.61,88.59,76.19,6.40035857291239,1.1451504267199124,2025-12-08T18:35:37.292223+00:00,1194,San_Beda_University_20251209023537_1194,1,69.54
San Beda University,1595.9356363631598,323.5048925026161,17.854706192427265,54.487415020906326,243,220,20,24,189,27,8.605518170206318,20,1,59,32,186,88.622050066272,3.686567686676523,4,4,18,8,4,6,39.35182179428769,7,6,76.0,5,3,15.430444998545964,3.4344871414410525,18.977743831863936,1.5978342326785964,0,32,14,58.0,7,14,4.222359176668588,5.530753937290356,14,2,0,55.09,49.63,92.97,74.67,68.29,7.047998725641654,0.9172350960653072,2025-12-08T18:35:37.292223+00:00,1195,San_Beda_University_20251209023537_1195,1,71.39
San Beda University,1182.7683449003243,262.71740887054324,23.160940807754404,65.18199244499024,252,283,17,21,173,32,7.724276756747113,15,1,96,35,108,77.5714664930624,2.906638132193908,2,5,22,6,5,5,32.48882122882518,7,6,57.0,6,3,17.981119477489827,3.124822160382928,12.009597269019965,1.7523491689314792,0,29,12,55.0,7,16,2.437891747289146,4.419327495263834,9,1,0,56.77,50.86,73.87,77.41,74.03,6.475439159226717,0.4246552033428797,2025-12-08T18:35:37.292223+00:00,1196,San_Beda_University_20251209023537_1196,1,72.65
San Beda University,1301.1202265671654,355.04243139241305,16.27574945150051,57.02230686163422,308,207,28,24,261,34,7.370446635331871,26,1,69,26,122,89.05568898806249,4.167226667313146,3,4,20,8,7,7,26.00020504351898,6,5,74.0,4,3,20.65513655313708,3.539077046356023,14.033913513904835,2.400973619448556,1,39,18,49.0,9,16,2.8031206242401443,5.9848190565067085,14,2,1,54.03,52.06,94.97,79.82,68.09,6.539245016404011,1.2239619003712656,2025-12-08T18:35:37.293216+00:00,1197,San_Beda_University_20251209023537_1197,1,65.71
San Beda University,973.1806215512296,280.0121418934806,21.37890353066368,67.39170973728626,298,241,23,19,232,15,8.936379944383994,26,1,53,35,138,80.51460461055899,3.160431210345935,3,6,21,6,6,6,29.07298182268693,7,6,101.0,5,2,21.627391494337623,3.7569665890716175,19.526428031006542,1.6637703320818238,1,32,18,57.0,11,4,2.618333185930903,4.189195440071496,18,2,0,51.91,54.88,84.66,95.0,75.91,4.187883532246216,0.7655122965035437,2025-12-08T18:35:37.293216+00:00,1198,San_Beda_University_20251209023537_1198,1,68.32
San Beda University,1321.4289393275312,265.8522864025311,21.572787806280875,71.12005040637318,344,195,20,23,285,24,6.894795810910282,19,1,78,31,188,91.5525255543025,2.73327894919544,3,4,17,9,5,5,35.5277317625183,6,4,95.0,5,2,20.07631804011465,3.185900856975844,14.85655146025017,1.5201590074805833,0,39,10,56.0,10,18,3.2551254048085343,5.240765515687793,18,1,1,47.48,49.43,87.15,70.73,65.92,6.132222302020503,0.5296333910965986,2025-12-08T18:35:37.293216+00:00,1199,San_Beda_University_20251209023537_1199,1,60.43
San Beda University,1652.2659765441151,426.09910581626593,21.56835269769317,50.99871222617581,219,258,26,22,211,29,6.431661726553132,20,1,93,23,165,96.10608914538108,3.164475367893232,4,4,17,8,5,4,30.03756964979826,7,7,86.0,6,2,13.674722935273802,2.925915780723322,20.64097757561264,2.847480474672781,0,36,18,61.0,5,12,2.199587036792565,6.303054376020956,15,0,2,62.08,56.06,83.14,84.92,63.74,5.326977110337174,0.2332249713389964,2025-12-08T18:35:37.294217+00:00,1200,San_Beda_University_20251209023537_1200,1,64.02
San Beda University,1765.530119407145,325.62524401363083,23.863885154321096,51.49180979409502,248,282,33,14,222,23,7.657119909699431,24,1,70,29,130,36.727313123493566,3.7891713928908937,3,3,13,8,7,4,31.13597466770484,8,4,93.0,5,3,16.24751665179878,3.3411657659941567,17.15985701795713,3.4010820103484405,1,38,24,65.0,7,16,3.0224257026553274,6.072290502068747,14,1,1,52.14,46.91,30.0,94.24,67.89,7.262787148311516,0.4098003509644079,2025-12-08T18:35:37.294217+00:00,1201,San_Beda_University_20251209023537_1201,1,56.2
San Beda University,997.7394225773348,183.0285531264517,17.27854518235798,49.97037586426259,232,293,21,24,200,22,6.415677254109892,20,0,65,21,161,78.10586778910836,2.390296317280052,4,4,24,6,6,4,33.58560250509656,7,5,85.0,7,3,21.058386499714693,2.537625777815236,17.511848558247575,1.6514151863082756,0,34,11,67.0,8,18,3.0729732573198545,6.944046794218764,18,1,0,50.62,47.98,69.34,73.36,72.57,6.809839817000566,0.8267024819517711,2025-12-08T18:35:37.294217+00:00,1202,San_Beda_University_20251209023537_1202,1,56.17
San Beda University,1389.7664641073843,226.71541206369065,17.503206004455393,43.05626748503316,213,107,18,20,191,25,8.960929442509581,19,1,72,14,163,89.66870124235234,3.3997817515878763,2,4,21,6,5,6,27.213828890623827,7,6,84.0,4,3,22.37410987736652,2.3063884826762933,5.902039524331835,2.2548529878750165,0,31,21,40.0,7,14,3.056193631652997,5.169722361434702,15,0,1,54.36,53.4,89.93,95.0,70.21,7.398716786868512,0.7513839520983681,2025-12-08T18:35:37.294217+00:00,1203,San_Beda_University_20251209023537_1203,1,71.0
San Beda University,2049.5776163062355,383.77736391193207,18.724881568624703,55.00878560966051,348,253,22,22,166,23,8.53709259559232,22,1,64,20,155,98.5842543532544,1.976729384684933,3,4,19,8,7,4,30.326612836299745,5,6,67.0,5,3,18.69109332568487,3.56403128958266,18.1984840916576,2.722024118887769,0,40,12,52.0,7,13,3.264663453937949,5.890322683429518,14,1,1,57.83,49.48,95.0,71.49,72.16,6.307100764774705,0.0,2025-12-08T18:35:37.295218+00:00,1204,San_Beda_University_20251209023537_1204,1,62.71
San Beda University,1416.0,126.0,8.9,54.693,244,202,14,28,183,35,5.0,18,0,144,15,85,82.79,0.0,3,0,5,1,4,0,4.0,4,4,100.0,18,61,1.0,0.0,0.0,6.0,0,44,38,86.36,26,13,2.0,3.0,8,0,0,5.55,6.51,7.08,6.85,7.04,6.61,0.0,2025-12-08T18:49:53.969179+00:00,1205,San_Beda_University_20251209024953_1205,0,
San Beda University,1350.0360662207438,150.73757347627898,10.0,62.95733661793322,254,196,11,32,163,35,3.625880916115064,16,2,173,17,88,70.16668252827047,0.2499122268519985,4,0,4,0,4,1,4.45434299519369,4,3,64.0,18,61,0.333794403877328,0.2600037183666442,0.646501477823526,6.32363297812807,1,47,45,92.0,16,11,2.4350005888390887,2.8529552601732857,8,2,1,47.99,54.82,72.5,95.0,72.51,5.102406570185696,1.1294378657353712,2025-12-08T18:49:53.972185+00:00,1156,San_Beda_University_20251209024953_1156,1,65.64
San Beda University,1587.5953860131972,118.12605982973508,10.0,49.95615179119,194,259,13,25,174,42,5.317451086839214,21,0,114,15,87,73.49248347152731,0.0164912235030769,3,1,6,1,4,2,4.551293963223902,3,4,124.0,20,43,1.451861835924771,0.0757233655064751,2.620737454004876,4.809017764423797,2,51,46,80.0,22,15,1.2358746337212163,3.800770864073869,8,1,1,61.39,55.46,69.26,95.0,70.6,6.775719231216517,1.2108641127357571,2025-12-08T18:49:53.972185+00:00,1157,San_Beda_University_20251209024953_1157,1,66.52
San Beda University,1823.5536327232169,113.98460507147166,10.0,42.299513941434384,167,111,16,33,239,24,3.621099962021036,22,0,134,17,70,76.86215297067416,1.5818377303106448,3,1,4,1,3,0,3.2325217776536763,5,4,118.0,12,41,0.5928421943936466,1.5984131644914954,1.1036114334428968,5.601620779499048,1,37,43,81.0,23,14,1.680214927894617,2.6035508443825903,9,0,3,54.8,54.13,78.82,95.0,74.32,5.545276791076259,0.243247906088267,2025-12-08T18:49:53.972185+00:00,1158,San_Beda_University_20251209024953_1158,1,72.53
San Beda University,1256.7663538198467,195.24661711414365,10.0,67.8290207347153,302,281,18,36,198,28,4.100013473347542,19,1,121,18,74,59.75836016073217,0.6649865409822644,3,1,4,1,3,0,4.2120630705940645,4,5,80.0,18,48,1.4008390818323202,0.129211285590629,0.7371376001891833,5.436358282496787,1,46,37,79.0,30,11,2.8739001055595024,3.105344392757336,10,1,1,53.89,57.83,62.05,95.0,68.46,9.01868738291019,0.2195260227390891,2025-12-08T18:49:53.973173+00:00,1159,San_Beda_University_20251209024953_1159,1,66.26
San Beda University,1729.5323588438314,154.59284143975643,10.0,55.23732285178781,221,238,10,25,138,43,6.509909332032177,17,1,150,21,56,86.14844336436524,0.5934398472451523,3,2,6,1,2,1,3.945748411066751,4,4,106.0,22,58,1.3299422325646266,0.9045964843697322,0.3627173647542592,5.317010922428014,1,42,26,83.0,24,10,1.83537873376244,3.053889706309775,8,1,0,54.16,47.76,83.38,94.8,78.33,6.869674670164593,0.2011648631915759,2025-12-08T18:49:53.973173+00:00,1160,San_Beda_University_20251209024953_1160,1,71.13
San Beda University,1242.6454256266832,130.11863265493756,10.0,53.519640016789694,241,236,13,25,229,28,5.092991883311858,19,0,172,10,85,81.69238990552503,1.9805174366218687,3,1,5,2,3,0,4.253351096463545,4,4,124.0,19,66,0.4698842342789039,0.2270407747195484,0.8439101029913147,4.2176111044614215,1,36,28,92.0,15,15,2.233041627290002,2.0277726823701387,9,0,1,53.71,57.92,83.17,95.0,72.21,8.328082582088996,0.2625568946998118,2025-12-08T18:49:53.973173+00:00,1161,San_Beda_University_20251209024953_1161,1,66.58
San Beda University,1321.6513048873608,74.28820465371808,10.0,51.65102719392417,265,167,15,28,203,36,6.094300396590114,16,2,145,13,80,91.91472784993876,0.8471891603421046,3,0,5,0,4,0,3.4341075726369503,4,4,66.0,13,54,1.596531554314947,0.373328841579922,0.6212309466318265,6.106275926667114,1,30,34,78.0,25,9,2.212440505502073,2.654720351845389,6,2,1,54.35,50.29,95.0,95.0,75.11,5.937747825782945,1.2341678228574615,2025-12-08T18:49:53.974173+00:00,1162,San_Beda_University_20251209024953_1162,1,62.79
San Beda University,1116.760322015303,130.21239471535307,10.0,69.7144359974209,233,192,9,35,214,36,5.744916594780287,19,1,114,16,70,97.69327257831569,1.8361340551996248,3,1,5,1,5,1,2.5728943513329288,5,3,103.0,23,63,0.9024168205732632,1.5469357952565532,0.3932245367437116,3.963040556042334,0,37,35,78.0,32,15,1.5654361948494733,2.5181830201865814,8,0,3,51.55,59.98,86.34,95.0,66.78,7.925731849778528,0.1198017939865877,2025-12-08T18:49:53.974173+00:00,1163,San_Beda_University_20251209024953_1163,1,69.19
San Beda University,1169.086773931762,141.5142055284749,10.0,56.68515437327182,145,193,14,27,241,42,4.712946390531215,21,0,112,14,77,61.200944902941,0.3289045896874588,3,2,4,1,4,1,4.097681529928071,2,5,93.0,14,89,0.8592120655580553,0.6231333851410562,1.9501370627293413,4.034212839003161,0,39,34,57.0,33,14,2.810250177616876,2.7817656399880217,7,0,1,43.53,55.42,58.54,95.0,78.3,5.15988028748022,0.937218097824552,2025-12-08T18:49:53.974173+00:00,1164,San_Beda_University_20251209024953_1164,1,60.89
San Beda University,1350.562652157449,111.55247410526978,11.713515461931449,57.40443358337348,255,213,15,33,199,23,4.655439609064993,17,0,148,22,85,65.8618631935745,0.8487865370860985,4,1,4,1,4,0,5.053644199094796,4,4,89.0,22,63,0.9913379305127455,0.3862715444382025,1.6259965473609272,4.676374743448847,1,48,31,87.0,25,14,2.0918334341205336,3.02772727254008,8,1,2,52.21,49.67,65.85,88.44,64.94,5.705999625602103,1.5041750678754506,2025-12-08T18:49:53.975175+00:00,1165,San_Beda_University_20251209024953_1165,1,66.59
San Beda University,1433.0784036422087,133.45717563387527,11.229512127596948,42.78445126886444,192,249,17,31,240,43,5.6678616493939336,17,0,144,15,100,86.2104650660743,1.5620182825457936,3,1,5,1,5,1,4.482393056712997,3,4,119.0,15,67,1.20070369107408,0.5757909608419715,1.799419416547228,3.673034666660124,1,43,42,104.0,28,11,1.2598499884513463,2.498836907062423,11,0,0,47.93,53.14,81.54,95.0,77.91,7.594369408778529,0.402776309024984,2025-12-08T18:49:53.975175+00:00,1166,San_Beda_University_20251209024953_1166,1,69.98
San Beda University,1678.320985860635,111.21542830738872,10.0,44.09639631113761,216,226,11,25,176,34,5.248327146252038,17,1,94,11,86,61.98361863858398,1.0483463407548106,3,0,4,1,4,1,4.883970810165796,4,2,88.0,15,88,1.4872187917922652,0.9621021527386706,1.317388561110785,3.768612844370014,1,58,28,67.0,29,11,2.449682296852341,3.1930426245832666,7,0,1,50.61,60.06,57.18,80.4,69.8,6.495429049089963,0.2455587104934155,2025-12-08T18:49:53.976176+00:00,1167,San_Beda_University_20251209024953_1167,1,59.73
San Beda University,1415.282307553471,153.97709160447724,10.0,35.82452574519257,175,110,13,23,213,40,4.133047114663269,10,0,147,16,96,64.11758730717031,0.3137906703254943,2,0,6,1,4,2,4.675731590347807,5,4,122.0,19,69,1.1637092998677958,2.111155821172752,0.0742661409731652,4.094788809890503,0,55,40,82.0,24,15,1.5541628120276432,3.153472836678432,8,1,1,52.32,57.45,59.58,95.0,76.42,3.42032271569103,0.3040911553178116,2025-12-08T18:49:53.977178+00:00,1168,San_Beda_University_20251209024953_1168,1,68.95
San Beda University,1629.147601417649,126.65674636047352,10.0,53.377759363699866,254,245,14,28,128,32,5.308753633316336,20,1,160,11,116,103.07637729081544,0.916803674480782,3,1,4,1,5,0,4.126455207774061,4,4,95.0,17,67,1.1712535406923767,0.3337721740782627,0.9262693714451756,7.901037452794863,1,48,32,95.0,27,11,1.914917172656498,2.5829743566908503,9,1,1,51.37,64.7,95.0,95.0,72.97,6.969910125722454,0.7592559247188073,2025-12-08T18:49:53.977178+00:00,1169,San_Beda_University_20251209024953_1169,1,73.74
San Beda University,1379.1578770932815,82.2643511686098,10.0,35.23952900985185,285,199,17,20,190,32,5.307699930697988,17,1,172,12,76,57.650119913688286,1.1188905264767626,3,2,5,0,4,0,5.211776091953965,4,4,91.0,14,74,1.331268712104801,0.2303612860180252,0.0342873295711755,6.943750637536905,1,22,36,101.0,28,17,1.6802847878070868,3.064362387528505,7,0,0,49.72,62.75,61.57,95.0,73.07,5.781083558599449,0.4284958254491051,2025-12-08T18:49:53.978175+00:00,1170,San_Beda_University_20251209024953_1170,1,66.7
San Beda University,1572.4550649738485,135.59389250682443,10.0,61.59804550073396,279,191,19,23,190,35,3.824299791930883,13,1,110,18,66,93.9648470924462,1.0482586734166086,3,1,6,1,4,0,3.778574474613408,5,4,100.0,15,79,0.3955533311352862,0.1452903890953507,0.1749735446638952,7.282901312431129,1,49,39,86.0,28,14,2.044299611424236,2.532158354668346,8,2,1,50.01,60.69,95.0,95.0,68.3,6.727079355289756,0.046512338508609,2025-12-08T18:49:53.978175+00:00,1171,San_Beda_University_20251209024953_1171,1,71.88
San Beda University,1689.4446204367382,155.86202268329788,10.0,59.107145691042255,169,283,15,25,193,38,4.682437858856325,19,1,134,15,77,104.94560179849948,1.2332865301362317,3,0,5,1,4,1,4.53457996082619,4,2,79.0,17,64,1.13341097050008,1.4966204311199929,0.8177507542134185,5.855908131756095,1,44,28,116.0,34,14,1.8814360210206544,2.7806128928766265,8,0,0,50.9,59.47,95.0,88.89,74.63,6.212531802850292,0.4575156981649053,2025-12-08T18:49:53.978175+00:00,1172,San_Beda_University_20251209024953_1172,1,69.93
San Beda University,1707.515213624783,111.15337694491129,10.0,48.93878254362212,251,225,13,38,161,27,4.070722212240839,21,0,125,12,81,84.26431584552456,1.209416176242348,2,0,7,1,4,1,4.3728235693106186,4,4,100.0,22,64,1.4669997293115749,0.3963259562894423,1.80289622444802,7.11322222560106,1,38,26,78.0,17,13,1.5454750126087613,2.664135862947296,12,1,0,49.21,57.7,90.63,90.74,73.89,7.930395835100461,0.8165462065624003,2025-12-08T18:49:53.979187+00:00,1173,San_Beda_University_20251209024953_1173,1,67.22
San Beda University,1197.0573629119103,138.1047878536991,10.0,42.40188607080508,230,162,11,36,156,27,6.481251637058296,20,1,153,18,77,79.21200761732996,2.0363638314870163,3,3,5,1,4,1,4.623837568515015,5,4,75.0,17,58,1.1565561379795897,2.858855788880691,1.6886914009143124,7.701901013995106,2,32,34,74.0,35,18,1.5823715553062734,3.0720188311898,11,1,1,53.74,51.85,76.83,95.0,65.68,4.266394162120628,0.968145338401915,2025-12-08T18:49:53.979187+00:00,1174,San_Beda_University_20251209024953_1174,1,66.27
San Beda University,674.9155986323943,148.80673317732794,11.356738153591571,61.91210057221928,204,127,15,34,226,31,4.03054471661566,16,1,116,14,100,55.02402299085752,0.0090484930687735,4,0,6,0,5,0,4.448556642871934,3,6,106.0,20,81,0.941941788212914,1.0003835074616476,0.5285271409050738,4.706099665963568,0,45,46,75.0,29,10,1.4730883847894076,3.203896139788136,8,0,1,43.3,63.83,61.29,95.0,70.87,6.677669863146727,1.0831740855733467,2025-12-08T18:49:53.979187+00:00,1175,San_Beda_University_20251209024953_1175,1,69.12
San Beda University,1167.350265889399,80.8254246710792,10.0,54.83163446893919,293,209,18,27,248,29,5.334351637701371,17,1,170,16,85,104.23847263375342,0.4349984991663005,2,0,4,1,4,1,4.227645872787964,6,5,112.0,21,74,1.0314252039645193,0.7068247517598027,0.4604371519772459,6.20520446748765,1,45,38,98.0,32,15,2.26139777366225,3.167348982753773,10,0,0,49.44,59.82,95.0,95.0,76.61,4.392816628751265,0.5764747957280706,2025-12-08T18:49:53.980188+00:00,1176,San_Beda_University_20251209024953_1176,1,69.21
San Beda University,1331.1870311558714,117.10437370275255,12.034833909494823,71.35296339496263,292,230,9,20,196,27,5.056611410368101,14,0,188,16,91,72.1743136337081,0.2937146283123224,3,1,5,1,2,0,4.453168574811499,3,5,60.0,26,71,0.7666258200381376,0.372313956675763,1.6334418379034708,6.140484936163063,0,38,20,88.0,16,10,2.3402727848657587,2.5801298885187105,6,1,1,55.3,53.07,72.22,80.55,75.88,7.531225780026143,1.1343742575304834,2025-12-08T18:49:53.980188+00:00,1177,San_Beda_University_20251209024953_1177,1,67.21
San Beda University,1665.968146144273,92.84560261130886,10.687419734015936,17.781972174819636,171,255,14,24,157,32,6.180769509037559,21,0,99,14,83,77.72774738789192,0.0876313447253253,4,0,5,2,4,2,3.061780275767594,4,5,106.0,20,61,1.1956136656911265,0.2290286789887848,0.4683948255559327,5.679006090286532,0,35,30,66.0,23,15,1.511026818631403,3.0645547501984787,8,0,1,52.45,54.38,79.51,95.0,77.72,5.268318169406472,0.6318497291393432,2025-12-08T18:49:53.980188+00:00,1178,San_Beda_University_20251209024953_1178,1,73.43
San Beda University,1056.5299028652817,107.68535109350177,10.0,53.03287584786602,317,215,13,26,190,45,4.795980013674788,24,0,100,12,50,50.86617037922966,1.2597293657722577,3,1,7,1,5,1,4.149919398584015,4,4,113.0,19,60,1.0838163528425269,1.6438152359249447,0.1643774702495699,6.176281324412824,0,38,41,59.0,16,15,1.977200534203068,3.1742123530620208,8,1,1,59.38,61.24,59.86,95.0,66.62,6.268513722899004,0.472691164900096,2025-12-08T18:49:53.981175+00:00,1179,San_Beda_University_20251209024953_1179,1,65.58
San Beda University,1142.4741340289563,105.29676111922176,10.0,43.29952684313545,295,222,15,24,183,37,3.262788476787751,22,0,127,14,90,92.46635754083634,0.1812087937003941,3,1,4,1,5,1,2.3128867409895104,4,5,103.0,20,63,1.2826395831265958,2.5447034301188114,0.8239524492474111,6.064025683048538,1,47,31,88.0,24,10,2.2608643981121954,3.271249630818001,10,1,1,55.46,68.39,95.0,95.0,71.9,6.255389280506584,0.1273806800520157,2025-12-08T18:49:53.981175+00:00,1180,San_Beda_University_20251209024953_1180,1,79.18
San Beda University,1052.849471339668,142.81113683067298,10.0,59.68672193083154,261,238,13,27,146,46,5.255010121626766,14,0,159,14,67,64.49663110132876,0.7676226447303753,3,1,5,1,3,1,5.235650495957698,4,4,83.0,20,64,0.3792231131146106,0.1930510244569277,0.4331687221874116,5.625124598986238,0,39,40,100.0,15,11,1.739075867678939,2.523989762643179,9,0,0,47.82,61.41,59.88,95.0,83.02,6.698921109149146,0.8732028453822016,2025-12-08T18:49:53.981175+00:00,1181,San_Beda_University_20251209024953_1181,1,68.49
San Beda University,903.920142807866,111.89152454246612,10.0,42.25593317705858,270,158,14,30,163,32,5.249621443856747,22,0,176,15,44,42.00548132094734,0.5395785350227038,4,1,6,0,4,1,3.72006936125863,4,5,115.0,18,68,1.8787017087769828,0.1810319395561232,1.6582907633812172,5.221026226111665,0,29,48,116.0,19,16,2.2472211795321284,2.846479613255945,7,1,1,53.67,51.72,44.75,95.0,78.04,6.114360110992053,0.1645423134648693,2025-12-08T18:49:53.982179+00:00,1182,San_Beda_University_20251209024953_1182,1,62.19
San Beda University,1296.5784001706963,129.91545366609344,10.0,61.83655248610815,280,154,12,23,150,46,4.327948100375074,18,2,106,16,93,75.77953760532559,1.1190090881041166,3,1,5,1,4,0,4.629881468198747,6,5,79.0,23,30,0.355510779434537,0.6044965406988222,0.1246721801467568,7.17142627767364,1,50,53,70.0,28,12,1.831747091040936,1.2985485210816226,8,1,2,55.64,43.82,72.13,95.0,73.49,3.810792646648353,0.7134616238933029,2025-12-08T18:49:53.982179+00:00,1183,San_Beda_University_20251209024953_1183,1,64.65
San Beda University,1060.2469752137104,121.60839883264693,10.0,39.47914605066862,221,213,11,34,188,40,4.936131014337727,16,0,129,17,85,78.25191240812775,2.0139071787082705,3,1,6,1,4,1,3.5117366493457545,4,4,97.0,21,75,1.0024607139160835,0.4103488823931807,1.2266213231296343,6.495246860824212,1,63,49,105.0,33,16,1.8438575964600183,3.6667077747474783,11,0,0,57.41,59.76,78.88,95.0,72.08,6.037303059906864,1.498424108851929,2025-12-08T18:49:53.983183+00:00,1184,San_Beda_University_20251209024953_1184,1,67.16
San Beda University,1528.6537941557133,109.98826367202872,10.0,38.80419538140582,212,186,8,43,264,29,3.914696119805634,14,1,180,17,67,66.7944065321704,0.3044343136624575,3,1,6,1,6,1,3.1207425314716044,4,4,88.0,18,66,0.8846569045193768,1.1503960520751553,0.2021043757316297,5.778684571386862,0,45,37,62.0,15,15,1.7294129027297371,3.413876316189028,10,0,1,44.9,53.64,70.31,95.0,70.93,7.152743498532296,0.6174442135990645,2025-12-08T18:49:53.983183+00:00,1185,San_Beda_University_20251209024953_1185,1,66.38
San Beda University,1270.5416436252483,157.4283529069863,10.660242102482648,74.75886709234233,317,242,16,28,124,40,6.097535634511336,17,1,114,11,77,108.52281753898929,0.7027781827283737,2,0,7,1,4,0,2.399053463387647,5,2,103.0,18,65,0.2298741561769598,1.1756551739033672,0.0869176488560485,7.246933558454187,0,47,26,118.0,37,8,2.401843070546004,2.0227528787327973,8,0,1,50.58,56.09,95.0,84.0,72.03,7.427004317943313,0.7096324336670493,2025-12-08T18:49:53.983183+00:00,1186,San_Beda_University_20251209024953_1186,1,70.22
San Beda University,950.601278221998,123.98659603890094,10.0,41.8806179301688,245,259,10,26,211,31,5.644652304304586,18,0,127,19,83,63.15675397307004,0.2280448693168583,3,0,4,2,4,1,4.743183340484862,4,3,147.0,15,53,1.1401432135302632,0.439072399201875,0.5470364859540018,5.339730776559878,1,52,23,81.0,19,16,1.435117750042814,4.102050296910932,7,0,0,49.93,56.67,55.56,83.98,79.68,4.370650225305672,0.207151764366851,2025-12-08T18:49:53.984183+00:00,1187,San_Beda_University_20251209024953_1187,1,68.72
San Beda University,1292.1580427884262,84.53118986211012,10.97412905377458,59.46380372634651,219,202,11,29,141,31,6.558559120931906,25,0,143,14,73,64.43618826085064,0.4259958153453939,3,0,5,1,2,2,4.380111672036792,4,5,118.0,25,75,0.7999610247078032,0.5736226727200696,1.1874953499537948,4.033825214433215,1,60,34,79.0,31,11,2.4464223349975693,3.1566774677209333,6,0,1,58.7,57.81,59.83,86.23,73.13,6.915750739004051,0.5757782689337655,2025-12-08T18:49:53.984183+00:00,1188,San_Beda_University_20251209024953_1188,1,65.25
San Beda University,1491.34938215493,119.99049970205388,10.0,47.17604038507769,289,199,15,29,195,42,4.105593689742727,21,0,173,18,86,59.97867984604516,0.3932581408527778,3,1,5,1,3,1,3.492094993106854,5,3,89.0,23,61,1.3587719846625017,0.8004663966391923,0.7616790737802693,6.755992817536616,1,47,43,60.0,34,13,2.673435312341222,2.986554537992383,8,1,1,58.9,62.74,60.37,95.0,75.54,6.967608269803787,0.5910061163829111,2025-12-08T18:49:53.985181+00:00,1189,San_Beda_University_20251209024953_1189,1,73.82
San Beda University,1042.1159778773067,133.37810299259598,10.370994877380452,57.43306538807292,255,209,18,32,215,39,4.160642511451272,17,1,158,20,45,53.78481158058193,2.326436467919578,3,2,7,2,4,1,4.428803002218899,5,4,144.0,20,61,0.5141798141671052,0.7703703914117991,2.8898124394146167,6.879493733363478,1,49,30,67.0,29,16,1.7116493978492342,2.013547471169058,9,0,0,46.86,63.23,55.67,90.68,77.12,6.695362362942844,0.6468783907688603,2025-12-08T18:49:53.985181+00:00,1190,San_Beda_University_20251209024953_1190,1,63.57
San Beda University,1052.365919357671,110.38037007819626,10.0,42.08913587593568,246,176,14,37,150,38,5.292800384351339,15,0,148,15,96,110.84024379825158,0.7784062163955462,2,1,7,1,4,1,5.151474939449802,4,3,84.0,16,66,1.3285322256055097,0.4976578514444918,0.2956915813866415,7.437275665987383,1,43,34,93.0,15,16,0.6232269873046086,3.0793891384472145,8,1,0,52.22,54.84,95.0,95.0,74.45,11.364815659989166,2.808933411902695,2025-12-08T18:49:53.985181+00:00,1191,San_Beda_University_20251209024953_1191,1,72.25
San Beda University,1242.7654658130523,151.4414483552929,10.0,61.846096747059136,266,173,16,34,211,44,4.719015750208915,12,0,170,21,60,105.05534406043398,0.4013199378395502,3,0,2,0,4,0,4.806398313618688,3,4,115.0,19,57,1.7709123445467494,1.900446751469504,1.9270433755479248,6.666432809778421,0,24,42,70.0,16,15,3.127209765917961,2.429198432990576,6,1,0,47.01,60.85,95.0,95.0,77.67,5.587521671057604,0.1185001077730958,2025-12-08T18:49:53.986182+00:00,1192,San_Beda_University_20251209024953_1192,1,76.12
San Beda University,1582.0379913908023,133.6519871009599,11.580191505288706,46.65405352019262,266,183,16,27,181,51,4.841331626076035,23,0,141,17,65,70.64503305546543,0.99448214220996,2,2,4,0,5,1,3.637198105565031,5,4,104.0,24,44,1.031955137231696,0.1773590351671505,0.5029824321578016,3.88978183099748,1,32,32,87.0,22,16,1.8686286963692456,4.823933576755335,7,1,0,48.41,54.52,69.76,95.0,79.31,8.40341602106986,0.2386364126858736,2025-12-08T18:49:53.986182+00:00,1193,San_Beda_University_20251209024953_1193,1,65.88
San Beda University,1380.0434394192089,150.3290160375138,10.073215222277808,49.1802657939227,306,137,10,19,174,40,4.974232833466693,16,0,155,12,101,107.9544297152091,0.4746992350985651,3,2,5,0,4,1,3.054767948063578,4,2,121.0,12,80,1.7000675406884578,0.5611394015034714,0.7175049320991412,4.962650011054822,1,35,37,98.0,16,12,2.794362822888375,2.9969534233655093,8,1,0,49.46,60.49,95.0,95.0,76.41,8.704854279581069,1.655376120781351,2025-12-08T18:49:53.986182+00:00,1194,San_Beda_University_20251209024953_1194,1,75.4
San Beda University,1157.400941326538,139.44191650390908,10.0,51.08773709629474,270,167,10,28,214,48,4.63077159577119,22,1,169,18,110,89.77553513677633,0.7022247121605889,3,1,4,0,3,1,4.174180027262521,3,4,86.0,15,58,1.161565521126363,1.325650680170761,0.5409202003376788,5.445553815738633,1,47,39,66.0,30,10,1.6314175588300892,2.9477632544624432,8,2,1,40.99,57.21,90.6,95.0,72.66,4.1245525460258605,0.560600501242683,2025-12-08T18:49:53.987191+00:00,1195,San_Beda_University_20251209024953_1195,1,67.76
San Beda University,1787.0983577088746,137.0507942893695,11.938680732637504,52.691681355880704,144,234,16,26,110,42,2.9832410392609514,19,2,181,17,83,72.47185829552906,0.1812147826352754,3,0,5,2,4,1,4.626915301489839,4,4,114.0,17,65,0.4692414713996469,0.0432728831094279,0.5236659113352863,7.790211363660704,0,60,36,69.0,31,10,2.055150974771421,2.939338536673079,7,0,0,53.54,63.69,71.18,95.0,79.93,8.067352208759432,1.060554356588962,2025-12-08T18:49:53.987191+00:00,1196,San_Beda_University_20251209024953_1196,1,70.54
San Beda University,1442.9495943279724,135.93760135559097,10.0,47.86801358876266,269,198,12,31,165,38,4.626152360347399,8,0,153,18,95,55.02407813639608,0.057011389363907,4,1,5,1,5,3,4.513683093608198,4,3,94.0,21,75,1.0237407952754012,0.2400140855405832,0.3190091744770276,6.0091230982475965,0,35,43,81.0,30,18,2.1872218922957,2.4137262100802555,7,0,0,45.35,61.6,52.75,95.0,78.5,9.226765403009852,1.589514837961899,2025-12-08T18:49:53.987191+00:00,1197,San_Beda_University_20251209024953_1197,1,64.92
San Beda University,1211.925557973986,171.67301617529984,10.89241117041944,61.63584218868198,183,183,16,22,160,33,4.612623067759724,15,1,169,21,106,99.23161511280216,1.5414725038501575,2,1,6,2,4,1,3.2304565569093224,3,4,121.0,21,69,0.6268362234433035,0.4373708295803553,0.003734403440649,4.606058025832363,0,33,52,48.0,24,9,2.1508217551862905,2.1507483158316174,6,1,0,53.0,60.86,95.0,95.0,77.3,7.397115091200496,0.2420555922642557,2025-12-08T18:49:53.988174+00:00,1198,San_Beda_University_20251209024953_1198,1,69.17
San Beda University,1943.7628157641184,155.62377249000878,11.403058850441944,43.93119086348436,311,203,16,29,201,24,2.1798012330656165,16,3,139,17,89,93.5936886216814,0.0600252802259439,2,0,6,1,3,1,3.62610515580265,4,5,108.0,19,48,0.586420286906217,0.5925710515735174,2.4449386734260865,7.309331161883936,1,60,50,122.0,24,18,1.5244668092485685,3.247380543232115,10,0,0,60.22,55.86,95.0,95.0,77.04,6.660780471459166,0.5383036162228929,2025-12-08T18:49:53.988174+00:00,1199,San_Beda_University_20251209024953_1199,1,76.07
San Beda University,1306.814954972117,128.69758631953374,11.475585447921372,50.24219925520839,274,242,19,23,162,33,7.011611527505572,8,0,132,10,83,60.38433143497464,0.011118024861082,4,2,4,2,3,0,3.2637616890174668,3,5,102.0,14,50,1.433207737844456,0.1214064814967604,2.053960683728286,5.801140589133645,1,49,36,72.0,20,13,2.7324643826243604,2.298000068855569,8,1,0,53.84,52.88,58.02,95.0,78.19,7.107506937632907,0.9920431248877712,2025-12-08T18:49:53.989175+00:00,1200,San_Beda_University_20251209024953_1200,1,70.99
San Beda University,850.1773089768467,135.23426185873754,10.521111125948112,51.53762768440309,232,163,10,24,174,48,7.106120820120982,19,1,102,13,84,89.2715227967082,0.7157483997488256,3,0,4,1,5,0,3.7953507813082616,3,5,94.0,21,63,1.032424622578184,0.7370068914586705,0.8827574466354567,5.4111766465265525,0,30,32,69.0,25,13,1.5079062256491522,2.6097878390332574,7,1,1,55.61,59.81,89.52,95.0,72.77,8.511722370784932,0.2115780024267282,2025-12-08T18:49:53.989175+00:00,1201,San_Beda_University_20251209024953_1201,1,72.53
San Beda University,1639.771666306186,142.6438062631171,10.0,38.32049886960607,177,140,15,40,177,38,3.9611211670035846,16,1,160,16,92,85.60101118411959,2.2731759719602818,3,1,5,1,4,0,3.7634624624070776,3,5,105.0,18,61,0.4643312490473704,0.9712958071521552,1.278764862900669,6.285788553511189,1,38,40,82.0,22,11,1.8909087127952928,4.566804173678803,7,1,1,50.92,62.34,90.73,95.0,70.36,7.824115119192898,0.6948432838871602,2025-12-08T18:49:53.989175+00:00,1202,San_Beda_University_20251209024953_1202,1,75.18
San Beda University,1343.3874970673207,106.56304046553495,10.0,71.73627219997552,233,195,15,41,238,32,4.579879001485673,17,0,137,12,94,80.57809682938567,1.9714655332783777,3,1,5,1,5,1,4.556227250572605,5,4,52.0,13,62,0.4078636731198372,0.4578183085155174,0.3487538603275394,5.330626660668005,1,38,26,61.0,29,17,2.032164245211052,2.7822554911336312,7,2,0,51.2,57.14,80.89,90.52,74.09,6.219528500742541,0.4499778340734942,2025-12-08T18:49:53.990180+00:00,1203,San_Beda_University_20251209024953_1203,1,67.29
San Beda University,1244.7678973384154,94.49629338802724,10.0,47.716097454103874,297,226,15,26,197,31,4.908447697771079,13,1,103,10,84,113.53872712106184,0.1000278548490019,2,1,4,2,3,0,4.317550758391174,3,1,75.0,17,55,0.5028345797294188,1.1715861335224074,1.307458593638517,6.081213073638912,1,40,21,75.0,27,14,2.0289112174133463,3.4991195801803623,7,2,1,55.45,50.37,95.0,88.18,72.69,7.98890783031552,1.6201708491682505,2025-12-08T18:49:53.990180+00:00,1204,San_Beda_University_20251209024953_1204,1,72.37
San Beda University,920.4960002747288,118.61855718920442,10.0,65.96110557356367,279,303,8,32,168,26,4.34383382148654,15,3,161,14,61,90.41383586006016,0.1956151481873381,3,0,6,2,4,0,2.489151727832253,4,4,107.0,16,63,0.6227248232291587,0.9941393419256154,1.1738170061847644,5.633127049114931,0,48,38,107.0,23,13,2.2449756087781845,3.074119926752699,10,0,0,51.67,58.89,87.55,95.0,79.81,4.326058042622956,0.1921344115366476,2025-12-08T18:49:53.991178+00:00,1205,San_Beda_University_20251209024953_1205,1,67.78
San Beda University,1941.0,324.0,16.69,58.89,289,233,11,45,220,25,17.0,27,0,164,26,99,80.62,1.0,0,3,13,7,5,1,32.0,6,4,66.67,11,27,3.0,2.0,66.67,1.0,0,24,21,87.5,12,6,2.0,2.0,14,2,0,8.0,6.09,7.23,7.38,6.14,6.97,1.0,2025-12-08T18:50:33.183046+00:00,1206,San_Beda_University_20251209025033_1206,0,
San Beda University,1300.135046032354,295.55630482282754,19.50649279063317,54.73383364586975,238,165,7,42,293,20,13.501120962013935,20,1,122,24,95,72.47226717523026,0.3900317404991565,1,3,19,4,6,1,37.6921669787533,7,4,62.0,12,22,3.0963748451675963,1.83597959526742,57.992934592366055,0.5646362307793547,1,27,18,114.0,14,6,1.675787058030496,2.1715101631627527,14,2,1,56.32,52.23,79.34,91.44,67.25,7.163771111013104,1.936788205959381,2025-12-08T18:50:33.184047+00:00,1206,San_Beda_University_20251209025033_1206,1,73.36
San Beda University,2350.872592378389,424.6941982660016,17.263621061404216,58.17002926630097,334,213,11,44,186,21,12.517269266141282,21,0,215,24,104,109.32882464046185,0.3376415793044104,0,3,10,7,5,1,35.52766173800836,5,4,56.0,12,19,2.4403632667829944,2.030194894830266,83.21187507762734,0.99060641365615,0,18,20,90.0,11,7,1.1552903159439856,2.12013984347637,10,1,0,52.02,56.34,95.0,95.0,70.85,5.529132587907152,0.9606869599183708,2025-12-08T18:50:33.184047+00:00,1207,San_Beda_University_20251209025033_1207,1,74.94
San Beda University,2137.4610029432583,407.6235802388026,17.26912281062723,68.3384360857844,257,247,11,46,242,25,21.646585523601736,28,1,143,29,108,66.37746770323794,1.67824711701163,1,4,15,7,5,0,35.304584255735,5,4,62.0,10,21,2.356940935022388,2.438145938067551,86.10179298536295,1.0651984972738575,0,19,15,117.0,13,5,1.595557631789474,1.9625250400055725,19,3,1,48.87,51.8,60.04,95.0,64.22,6.56706441734848,0.8837062873203985,2025-12-08T18:50:33.185046+00:00,1208,San_Beda_University_20251209025033_1208,1,61.38
San Beda University,2801.1956761381525,271.84149253750667,19.26797266297921,50.86216822823839,173,212,9,33,184,30,17.480468190825057,25,1,181,24,83,91.0629684534833,1.3027165999749717,0,2,11,9,5,1,40.06407561555552,5,3,80.0,8,24,2.151918104787793,1.0655920252009508,67.93904588969241,1.467196854855467,0,26,17,95.0,13,4,0.8477328070563075,2.219530897923185,14,2,1,58.28,57.44,89.81,91.86,64.51,9.190674185640663,1.2196580946243871,2025-12-08T18:50:33.185046+00:00,1209,San_Beda_University_20251209025033_1209,1,67.03
San Beda University,1846.810551081104,234.39886202263983,13.419719716773397,49.801315133387526,210,231,12,68,252,24,18.485187486745225,25,0,177,19,102,79.8473822028844,0.6661543667653798,1,4,15,7,4,1,43.32049250389515,6,4,79.0,11,27,3.859320490735026,2.003903652237169,58.7208448168408,0.9225236399564332,1,19,16,68.0,9,5,2.769502613342326,2.254524941971424,15,2,1,57.95,50.0,76.61,95.0,70.87,8.143545826997883,1.0894083618498642,2025-12-08T18:50:33.185046+00:00,1210,San_Beda_University_20251209025033_1210,1,70.28
San Beda University,2117.3327285471064,329.9934453321537,16.263696584756932,51.43635691792095,350,280,11,35,269,21,19.589663060002863,20,1,206,20,101,80.20678560173538,1.0524905884393356,1,3,17,8,5,1,19.671375576226872,6,3,52.0,9,28,2.288354650237107,2.194265098643412,67.12298342626754,1.2262649878523473,1,22,27,64.0,12,6,2.085998309541732,1.3877611211249294,12,2,0,53.75,49.63,79.63,95.0,76.03,7.716134673706188,1.9663207617410432,2025-12-08T18:50:33.186044+00:00,1211,San_Beda_University_20251209025033_1211,1,68.75
San Beda University,1487.778869071083,242.28842920760425,17.217632786284774,44.31512430635934,312,191,10,42,238,22,14.159488072186738,29,1,200,16,70,113.78130193374612,1.0954695132210002,1,4,8,6,5,1,29.25809560146815,6,4,43.0,13,18,3.82544366625106,2.0833502445545653,62.233099828565486,1.207594630661252,1,26,16,89.0,7,5,1.7830789636577056,1.7540356032044382,13,2,1,54.31,55.12,95.0,88.5,63.99,7.303280758285191,1.4784649349850387,2025-12-08T18:50:33.186044+00:00,1212,San_Beda_University_20251209025033_1212,1,73.07
San Beda University,1795.1641332373454,274.02843907649094,16.31979924791188,72.9228340737584,231,270,9,39,248,26,17.348932801821423,26,1,149,21,107,98.10293242296969,2.5168328299460168,1,4,8,6,6,1,21.802540914960858,5,5,64.0,14,30,2.688949430708428,1.834421766423342,84.82183295886345,0.8732407979812361,2,30,16,92.0,14,6,1.7854454606767811,1.827388898637516,14,2,2,47.65,58.82,92.77,81.1,71.07,7.028936754805795,1.258069315976981,2025-12-08T18:50:33.186044+00:00,1213,San_Beda_University_20251209025033_1213,1,65.82
San Beda University,2436.53046868083,308.1313280082969,18.22089579958815,69.46703601642841,259,194,6,43,277,22,15.365398073555292,31,1,162,29,71,38.68482615197876,1.3468057163119564,0,4,11,8,6,2,35.265743798480926,6,4,77.0,11,31,3.151377048301911,2.4333984696476167,65.6050068626389,0.7619296782254318,1,16,22,90.0,11,8,2.0264330915837885,2.3515865007826644,15,2,0,53.03,61.82,42.52,95.0,69.48,7.921537458208502,1.3454045041035774,2025-12-08T18:50:33.187044+00:00,1214,San_Beda_University_20251209025033_1214,1,61.49
San Beda University,1975.600763374046,393.3470077990728,18.162405906970967,72.64972783279259,264,192,13,40,246,28,16.664337237103616,22,1,165,34,120,96.91497601671982,1.9381402954380744,0,2,8,9,5,1,27.548717155385937,7,4,88.0,10,30,2.9575332900409053,3.0125384818594525,66.60691519717273,0.6961697458980534,1,34,18,79.0,12,7,2.1349399508785405,2.9013237217294767,16,3,0,57.63,53.92,95.0,86.12,71.51,5.541667899876807,0.8517660694047501,2025-12-08T18:50:33.187044+00:00,1215,San_Beda_University_20251209025033_1215,1,71.25
San Beda University,2342.4039583317444,251.7858481493528,12.12567005183043,48.99116629654189,296,260,13,27,177,35,20.944553609804057,23,0,165,26,72,90.10173397436814,0.9153663511631436,0,3,16,8,5,1,11.284923865380463,7,4,67.0,10,31,2.1821572098203537,1.2321944414794594,60.538733404831184,1.9941950264138213,1,27,23,91.0,15,5,0.8930122750939935,1.8526154776914008,20,2,1,54.47,51.84,83.86,95.0,62.01,5.123190771636734,1.3748846608253924,2025-12-08T18:50:33.187044+00:00,1216,San_Beda_University_20251209025033_1216,1,73.17
San Beda University,2034.7666456094369,314.3007980464916,19.855310486791137,58.237385059003984,325,324,8,38,208,29,12.041598118969445,26,1,179,23,91,72.3105269158269,1.1718023104730289,0,2,11,8,6,0,30.86802536904543,5,5,67.0,12,29,2.588951284762941,2.1133043375959883,71.12545323559932,1.274182338646877,0,22,19,78.0,11,5,1.9514325004520563,1.7696126215089676,16,1,0,59.87,49.79,66.68,95.0,76.46,6.567255738743109,1.247147983519456,2025-12-08T18:50:33.188045+00:00,1217,San_Beda_University_20251209025033_1217,1,67.59
San Beda University,2954.4493888338084,328.3378253760852,10.21471551644158,81.93063341557064,311,260,5,47,218,22,17.953259329167203,25,0,176,22,96,63.28401173257167,1.0461272715602417,0,3,12,9,5,1,29.39750001424529,7,2,51.0,10,26,1.3282765045613454,1.9457849734162864,77.87511876290911,1.1818377684065933,2,26,17,88.0,11,7,1.5800196756998957,2.0905453349355305,15,2,1,47.22,53.4,64.78,95.0,70.54,6.872080044558414,0.9248345124490316,2025-12-08T18:50:33.188045+00:00,1218,San_Beda_University_20251209025033_1218,1,64.43
San Beda University,2436.095265965841,249.4649972064753,10.0,78.13334210934057,463,167,10,45,205,25,13.027383275735104,26,0,199,21,130,91.88388910942231,1.283586516588526,1,4,12,6,6,0,39.38421512614048,6,4,76.0,9,23,2.140886034573308,2.562346616041675,49.50165010645199,1.466998347647741,1,30,25,71.0,17,8,1.8459407633285547,1.3493800537869678,14,1,1,48.76,43.72,92.43,95.0,72.04,7.630305406958593,0.5658218700686105,2025-12-08T18:50:33.188045+00:00,1219,San_Beda_University_20251209025033_1219,1,72.05
San Beda University,1664.319965143795,255.20830232890444,18.257661541336866,45.07398559603428,325,224,11,44,201,27,20.82478097849088,23,0,220,33,119,91.27781459154689,0.5681124574603975,0,3,12,8,5,1,33.31809470049556,3,6,58.0,9,28,3.782254198298271,1.8469144386886247,71.14667541089004,1.5095080599220392,1,24,18,85.0,11,6,2.7984707372099007,2.006209620460523,11,2,2,57.96,55.32,91.62,94.43,68.06,8.506213389931114,0.2734759171138882,2025-12-08T18:50:33.188045+00:00,1220,San_Beda_University_20251209025033_1220,1,72.28
San Beda University,2253.5712000175004,329.9432788299032,13.71279227396113,70.04892368961804,305,257,11,56,215,24,20.3107075656938,30,0,127,22,92,76.39390829650033,1.3398249907703472,1,3,13,6,5,1,30.373155847312145,4,3,53.0,14,22,2.5766434997579912,2.3877523879427227,90.02433128718512,0.810065476003986,1,22,23,88.0,15,8,1.5726551642225772,1.2829391303497002,14,1,2,55.17,51.36,81.69,95.0,73.39,8.437148061834135,0.5438038016023992,2025-12-08T18:50:33.189045+00:00,1221,San_Beda_University_20251209025033_1221,1,66.28
San Beda University,2084.5510858181474,328.21130280188424,11.456252553582871,41.48836682751498,318,171,11,57,257,29,21.257614329487104,24,0,167,28,66,93.78153540144817,0.9165527247796592,2,3,15,8,4,1,27.51930273429915,6,6,98.0,7,25,1.6408309167665396,1.5515174865025267,70.60609982846522,1.8940054736216512,1,25,20,103.0,9,7,1.5897327340097251,2.60042875344217,14,2,0,56.71,51.8,95.0,95.0,70.76,6.2148354499166425,0.8975344973862429,2025-12-08T18:50:33.189045+00:00,1222,San_Beda_University_20251209025033_1222,1,66.05
San Beda University,1959.129569096752,278.45785501922035,18.624300277616243,32.78454272043049,313,241,10,55,217,22,22.485523462638167,33,2,201,32,76,65.41024134624945,0.3649869549985024,0,3,8,5,4,1,33.93861571216995,9,3,73.0,11,25,1.9548593847947031,2.157955016687672,69.71869549787405,0.4483003866876772,2,25,21,65.0,8,8,1.358220880850709,2.284804519812897,13,2,1,59.1,57.89,64.34,95.0,65.62,5.497360296770637,0.6672026206590198,2025-12-08T18:50:33.189045+00:00,1223,San_Beda_University_20251209025033_1223,1,64.39
San Beda University,1616.5888096860988,203.42401766439204,16.730240472502814,64.1195616276855,271,156,18,24,160,24,20.19649610972054,25,1,160,28,101,61.15679294881736,1.0633208687015852,0,4,17,6,5,1,25.08436526655961,7,4,79.0,8,25,2.8970422299710097,0.9452449265503792,41.13273672763097,1.3044206609128235,0,28,17,107.0,13,7,2.23405521581494,2.4657765343155487,18,1,2,46.03,54.24,57.79,91.5,64.52,5.157030712491385,0.7972462432607724,2025-12-08T18:50:33.190044+00:00,1224,San_Beda_University_20251209025033_1224,1,57.92
San Beda University,2251.002689290762,254.11661443202087,14.252430702750098,54.42488204366528,261,257,12,48,238,33,16.277163290924427,26,1,119,21,88,87.30893417973589,0.7264072030846807,0,3,11,8,6,0,28.92034879399912,6,3,66.0,9,30,3.037212027498052,1.6937303613295442,48.10130661786782,0.6767302868015612,1,26,22,103.0,9,5,2.1599766615658083,0.8363097733513503,16,2,1,53.71,61.03,87.81,95.0,67.4,5.563192132047975,1.1795996677905425,2025-12-08T18:50:33.190044+00:00,1225,San_Beda_University_20251209025033_1225,1,76.79
San Beda University,1923.1542456409304,325.8644208374976,16.423960822433685,72.0002692929868,372,243,9,37,276,23,17.356631718020786,30,1,196,30,121,58.85451975930806,0.7365140139660247,1,4,11,7,6,1,33.675773733658865,6,5,52.0,12,40,3.644110022313505,2.1033912593503588,58.49074725183414,0.8599827267568764,0,19,19,65.0,15,8,2.4647155323473413,2.3066253849770497,10,2,1,57.21,50.6,56.73,95.0,68.94,6.819226562148324,1.8264427755610544,2025-12-08T18:50:33.190044+00:00,1226,San_Beda_University_20251209025033_1226,1,63.98
San Beda University,2309.340823125321,356.8178446531343,16.162705468677323,60.10576186987804,362,303,13,56,152,32,18.17347756909814,26,1,175,24,102,84.15123399881176,1.0878683061958794,0,3,15,6,6,2,36.14277063723325,5,4,70.0,10,36,2.8160336716073617,1.9099600446426657,77.15742904653972,0.7816801086677069,2,25,16,91.0,13,5,2.3562311086632124,2.719630572160349,13,3,1,53.25,60.8,82.95,95.0,70.75,6.895087735158017,0.2292926643607254,2025-12-08T18:50:33.191044+00:00,1227,San_Beda_University_20251209025033_1227,1,70.71
San Beda University,2408.425085562013,242.42470011565013,16.53865202226728,49.50599492789211,235,188,10,60,212,32,21.798997785765764,25,0,189,23,103,78.22634421096936,0.9637974510595256,0,3,14,7,6,1,32.63440656272316,5,3,65.0,9,32,1.927252166621109,2.4751599857548867,89.46932445737494,1.2157947189510292,0,26,18,94.0,8,6,2.2244190638778774,1.8936798890354845,14,1,1,59.73,63.77,80.48,95.0,68.51,8.794401676087281,0.7973060735812814,2025-12-08T18:50:33.191044+00:00,1228,San_Beda_University_20251209025033_1228,1,73.71
San Beda University,2511.817000633941,359.2418154129753,19.125066101613328,64.90229279515174,312,232,11,31,278,26,18.152638474351487,24,1,172,24,72,91.92188415466896,1.1851377934282077,0,3,14,8,6,1,30.63694665727497,7,5,47.0,8,36,3.4709420772262862,2.0562807494804085,62.49058566969891,0.2636422727804398,1,26,21,69.0,12,6,2.0127212046151177,2.7169868709216343,16,2,2,54.45,56.28,91.25,95.0,64.26,7.541959889802233,0.9617283331570348,2025-12-08T18:50:33.191044+00:00,1229,San_Beda_University_20251209025033_1229,1,74.21
San Beda University,1529.3480626845037,294.3025106414087,10.0,62.86858866053456,307,218,12,57,280,18,17.08175530736374,25,1,153,18,88,71.99188792360255,0.901187401787258,1,3,13,7,5,0,26.788344459922985,5,3,77.0,9,27,3.5130580067729014,1.3267892880556829,64.76166771312386,1.113266651633506,1,21,10,71.0,11,4,2.242147790449766,2.249749397093058,13,2,1,46.87,61.09,70.56,85.35,72.48,6.926234426429775,1.3921023265462105,2025-12-08T18:50:33.192044+00:00,1230,San_Beda_University_20251209025033_1230,1,68.42
San Beda University,2296.80662171768,318.2553648160426,17.524072909788767,61.07418638695047,362,257,13,52,239,28,15.380901863178138,34,2,177,25,93,86.6171627520415,1.3499581026743264,0,3,12,6,7,1,40.76118996935422,4,5,75.0,14,28,2.984266483750068,2.151684027639317,54.23540792136538,0.8381483374835216,0,25,15,92.0,15,4,1.3374900628075652,1.431199938006249,8,2,1,51.55,56.63,87.18,89.29,67.9,8.091227811975044,1.2427402031740862,2025-12-08T18:50:33.192044+00:00,1231,San_Beda_University_20251209025033_1231,1,67.14
San Beda University,2033.505341539373,316.12140237417015,16.464323994745623,74.6105408216222,297,195,13,56,227,25,14.160619122748336,34,0,146,28,115,83.5287724775187,0.1744502048734538,1,4,13,6,4,2,30.75845482032796,6,4,81.0,8,19,3.398563877654064,2.4424053731610726,89.85326250187904,1.2814096893777855,0,28,19,88.0,10,6,2.425885498937251,1.7484080462281018,18,2,0,51.53,44.08,84.03,94.3,71.25,7.692297846014415,1.095980722384508,2025-12-08T18:50:33.192044+00:00,1232,San_Beda_University_20251209025033_1232,1,66.54
San Beda University,2360.659046028401,327.70454727626486,21.633255855389702,54.80268794722648,394,333,13,57,199,28,23.08741271394861,38,1,236,24,90,45.01290663933296,0.968837185412852,1,2,13,7,6,2,35.74936425589162,6,4,74.0,11,33,3.4589065396079635,1.5169562575786286,78.72578022372625,0.2683404784088817,1,32,19,91.0,12,5,2.3976521532410344,2.033064834837557,18,3,1,54.35,53.25,45.0,86.48,70.15,7.080829811568776,1.3719644853793338,2025-12-08T18:50:33.193044+00:00,1233,San_Beda_University_20251209025033_1233,1,53.97
San Beda University,1970.0874706380057,302.56571739884873,10.705764170878314,63.410868975913495,240,238,11,31,250,20,13.35783830402687,32,1,185,35,113,86.80278186591012,1.233498937378393,0,3,8,7,4,1,23.486831094982943,8,4,85.0,12,25,2.609037204585888,1.8538367810841008,77.07694321491616,1.8177091942540384,1,16,18,105.0,13,7,2.9288425676204524,2.048454715046845,16,2,0,56.96,42.75,91.64,95.0,70.56,7.82404668651205,1.3345098983057253,2025-12-08T18:50:33.193044+00:00,1234,San_Beda_University_20251209025033_1234,1,71.38
San Beda University,1489.3715668050909,310.7205160987773,11.35198598095426,61.38121332749993,300,282,12,44,168,21,14.13024335699896,30,0,154,32,90,68.61472094319912,0.7832034872107917,1,3,14,6,5,1,24.146873413524585,7,5,48.0,10,16,2.449350477563344,1.2710266412922082,71.19813776345919,0.9667139051419208,1,27,14,97.0,13,5,1.59059255112405,2.518191137144297,12,1,1,47.25,47.59,80.23,84.63,73.85,6.840411947259037,0.5797902382252949,2025-12-08T18:50:33.193044+00:00,1235,San_Beda_University_20251209025033_1235,1,64.23
San Beda University,1283.739204019897,300.7768746691906,20.87829710249245,74.62019470510452,237,274,10,27,276,33,16.525567524559865,33,1,174,34,128,62.758173995049575,1.3488812155886958,1,3,15,6,3,1,18.69246252868843,5,4,58.0,10,26,3.5399777086483786,2.175225273128341,48.81116353455758,1.23749898121687,1,24,18,84.0,15,7,2.3828868606685503,1.652909759655196,15,2,1,48.14,54.82,62.06,95.0,70.74,5.364067214135493,1.497277905532492,2025-12-08T18:50:33.194044+00:00,1236,San_Beda_University_20251209025033_1236,1,60.77
San Beda University,2736.234387971918,300.894020009923,14.450146051260752,57.85100147405622,382,238,13,58,205,19,21.591304330387267,24,2,169,35,96,41.98457757888388,0.8430910245828966,2,3,13,6,5,1,41.78570829911693,5,4,73.0,14,29,2.9102531106498435,2.4269823048260704,61.324439240255735,0.7688774529794469,0,22,22,106.0,13,7,2.1238301330655487,2.3201555937919505,12,3,2,57.91,48.71,40.15,95.0,70.36,4.381423895317122,1.7780910040175888,2025-12-08T18:50:33.194044+00:00,1237,San_Beda_University_20251209025033_1237,1,60.66
San Beda University,2535.8135525638963,278.73035078433514,16.085358030054017,44.131460000765976,418,213,11,31,228,22,17.668625273930882,27,0,143,25,125,65.09311471747867,1.1806697325613376,1,2,13,8,5,0,23.27511684818757,6,5,73.0,14,26,2.428810907778278,2.5072065968168493,69.3716131360355,1.3485871822719189,2,24,20,102.0,15,6,2.050991309041553,2.77079540652965,17,2,1,54.21,48.47,65.74,95.0,70.77,7.306154028251103,0.9778339241718196,2025-12-08T18:50:33.194044+00:00,1238,San_Beda_University_20251209025033_1238,1,62.8
San Beda University,1824.493520346677,406.5136767262334,17.508917367399583,43.85512578247113,206,193,12,55,200,26,18.48266533465545,32,1,203,23,90,106.81854197108795,0.8522000598039163,1,3,13,6,5,1,31.07593665548194,6,5,52.0,15,33,1.9027940978934683,0.708387210230943,69.46754238573561,0.5463739733983137,1,27,24,68.0,10,4,1.776556526738863,1.6645658124156009,11,2,0,53.84,51.46,95.0,95.0,81.19,5.714695807663436,1.353850715261356,2025-12-08T18:50:33.195044+00:00,1239,San_Beda_University_20251209025033_1239,1,73.15
San Beda University,2162.6921495750485,283.2215538557462,17.891989523043346,41.887996063059376,339,246,8,33,183,10,19.65625928899479,26,1,148,22,91,61.456657083387256,0.7951340904299202,2,3,17,6,6,0,38.87989723171219,6,4,61.0,13,33,3.215589237006278,3.1516244000129965,89.62530745083633,0.6591576190033738,1,33,20,107.0,13,6,0.9891436145577222,1.7465596052862151,10,2,1,51.91,57.41,58.77,84.92,69.64,5.626104471218948,0.9870736853864416,2025-12-08T18:50:33.195044+00:00,1240,San_Beda_University_20251209025033_1240,1,63.51
San Beda University,1400.302861634616,324.8039131645634,20.996511047434456,54.09472625197216,349,317,12,48,226,23,18.92723896484239,31,2,194,29,92,79.53068758876671,1.147022026392434,0,3,14,5,6,0,28.046374932241854,5,3,69.0,10,23,3.175249385959912,2.176233864561487,78.76963376138929,1.060928024589872,0,12,22,114.0,10,6,2.0286535542259294,1.3167780086672556,17,1,0,50.45,44.9,80.6,95.0,75.59,6.1984030590831045,0.9030057455038206,2025-12-08T18:50:33.195044+00:00,1241,San_Beda_University_20251209025033_1241,1,70.75
San Beda University,1609.9678985778648,213.37755194952865,18.991178998960063,60.680494654287,381,225,9,46,229,27,21.03795534180491,25,1,150,30,87,85.36116254529075,0.5277336267126341,0,2,12,7,3,2,33.75458054804104,7,4,60.0,10,27,3.0710550992722814,2.5921510213257983,63.79293443668715,0.3855666981514918,0,20,15,66.0,7,7,2.094257813827012,1.20539565231305,17,2,1,54.92,42.21,85.86,92.33,68.45,7.315308374299532,0.4854889442764155,2025-12-08T18:50:33.196044+00:00,1242,San_Beda_University_20251209025033_1242,1,66.52
San Beda University,1872.5401543735047,298.22810622927784,19.91250090751005,66.22849032463448,149,247,9,47,200,26,15.436333175706563,33,2,165,26,69,51.30891406359268,0.9815861101866288,1,2,14,7,5,2,30.58159172557704,5,5,44.0,10,17,3.922627121246786,1.5150871861721056,55.5893621008198,1.322927854564517,1,29,18,86.0,11,7,1.1610943514873355,1.7050993776120271,11,2,2,62.03,56.14,51.05,94.85,70.61,8.388549333851921,1.3735672907862957,2025-12-08T18:50:33.196044+00:00,1243,San_Beda_University_20251209025033_1243,1,67.13
San Beda University,2051.6597296051127,263.546066082036,23.355720516040307,68.22924706269292,238,131,9,40,191,28,17.92037375594624,19,0,157,16,120,35.400550280071265,0.6598653806483046,0,3,15,7,5,1,29.26016917894994,7,5,78.0,13,23,3.21404188554414,2.1626293749464844,79.55386446381756,0.4752601091358458,0,21,22,100.0,7,6,1.2699719756090655,1.1800212202926383,17,2,1,51.76,53.03,38.48,95.0,67.01,3.928634151612573,1.173631471131683,2025-12-08T18:50:33.196044+00:00,1244,San_Beda_University_20251209025033_1244,1,59.69
San Beda University,1959.9598290799408,242.6534399362298,19.95442075962324,73.06123473647114,234,272,11,41,132,17,15.773226230280564,24,0,225,22,113,90.09048481891956,1.4581964285814042,0,3,15,8,4,2,35.146867854711,6,5,45.0,8,21,3.818291385283075,1.6493134831914993,94.43311484452408,0.8454656289860306,1,33,21,80.0,13,4,2.0265488500072326,1.7082338073094958,17,3,2,46.61,64.24,81.71,95.0,63.09,8.355514865456833,1.957559039268154,2025-12-08T18:50:33.197045+00:00,1245,San_Beda_University_20251209025033_1245,1,73.22
San Beda University,1467.9529159229282,384.2863245865852,17.203661379449244,76.48675676952853,254,280,9,45,212,28,16.41030400592881,21,0,162,15,95,59.536979420566034,1.2939493608743309,0,4,18,7,5,0,31.977922371055595,5,3,69.0,13,32,3.3836834072021875,0.2349142102157335,68.73902118679797,0.0,2,21,13,111.0,12,4,2.167226414510892,2.766266044347825,19,1,0,49.51,50.39,57.78,95.0,73.94,8.040523245674617,1.155742006160008,2025-12-08T18:50:33.197045+00:00,1246,San_Beda_University_20251209025033_1246,1,62.47
San Beda University,1799.9992194698657,438.4389110317255,21.9497039675748,58.98228092380732,251,225,10,38,227,27,20.42120208145487,32,0,176,29,128,85.33936876091374,0.3279970245478157,2,3,12,7,3,0,30.02622993018245,6,5,71.0,11,19,3.0169003231000766,1.728727419658052,59.62584219938064,0.3819617178926092,1,28,17,100.0,12,7,2.3121114819588904,1.600247643527814,16,2,1,49.27,57.47,85.3,84.24,64.32,4.748179605083763,0.0,2025-12-08T18:50:33.197045+00:00,1247,San_Beda_University_20251209025033_1247,1,62.85
San Beda University,1821.174700533416,300.604075760903,13.359593686238188,38.65555859118243,288,254,15,48,250,27,12.039713320840717,28,0,129,32,81,98.34571660938428,0.6040408445917291,0,3,12,8,3,1,35.66429525347836,3,3,88.0,11,36,3.630232727411332,1.4172097975378397,44.11264630975295,0.911164150102938,0,24,24,65.0,11,6,2.7535577044194888,2.3922178274549664,15,1,0,55.15,59.75,95.0,95.0,77.57,6.747400065408471,0.8035420671626627,2025-12-08T18:50:33.198045+00:00,1248,San_Beda_University_20251209025033_1248,1,71.43
San Beda University,1529.8171854212674,249.3829346386093,18.182705894512225,51.17826793468976,209,339,11,37,224,31,21.96692351456953,37,0,164,30,129,74.34634748090181,0.2235473983064015,0,2,10,5,6,1,20.13950106282441,8,4,82.0,9,23,2.598713173585866,2.723846396016482,67.27239565443406,1.1587734362889264,2,19,17,86.0,15,5,2.3826707431902685,2.430849892610139,19,1,0,54.39,47.28,74.36,95.0,67.85,8.483767863658407,0.1960357227873311,2025-12-08T18:50:33.198045+00:00,1249,San_Beda_University_20251209025033_1249,1,66.0
San Beda University,2368.914084344079,340.7355635648779,15.926880771732147,77.06769110662798,394,293,7,54,253,29,12.471095368139242,30,1,184,23,130,87.86645866326843,1.312571221487112,1,3,16,7,6,1,34.57269587084731,5,4,62.0,14,24,3.0862102963872995,1.7284869184110212,47.8288534572518,0.9263651717872096,1,24,26,65.0,11,8,2.084324198238217,2.512622056408163,6,2,1,55.38,54.03,90.82,95.0,71.9,4.64923923620506,0.2394454854060884,2025-12-08T18:50:33.198045+00:00,1250,San_Beda_University_20251209025033_1250,1,71.28
San Beda University,1786.2470338596488,341.5647660590563,12.729653398491632,61.94135012508284,279,202,13,49,173,21,14.542875723366793,31,1,171,24,91,72.25304921598212,1.1998768539610962,1,3,12,6,4,1,31.917957686381044,6,4,91.0,13,29,3.1018984022632194,2.5676021022869,52.746253476055934,0.9781060665520684,1,30,18,81.0,11,6,2.589226878963,1.3490756679960256,13,0,0,57.72,48.07,60.16,94.09,73.33,8.0361787857124,1.101644304301051,2025-12-08T18:50:33.199045+00:00,1251,San_Beda_University_20251209025033_1251,1,68.79
San Beda University,2066.151370565554,256.3740122810658,20.99101786663873,45.7766569862565,293,279,13,52,253,29,14.675069267505616,20,2,111,28,108,78.74218034644241,1.1088878607413937,1,2,19,6,7,1,44.13503447401418,5,4,55.0,7,23,2.6970167409647403,1.1298288634263194,83.9511005342599,0.9987231065023212,1,22,20,66.0,10,5,2.0103696484246294,2.081836207372433,14,2,1,44.98,47.12,75.98,95.0,71.45,8.983010016650251,0.9929599248074756,2025-12-08T18:50:33.199045+00:00,1252,San_Beda_University_20251209025033_1252,1,60.75
San Beda University,2200.347582662728,309.18975160440885,24.9870039872953,57.15567245429134,183,218,12,38,257,31,21.04642305930903,26,0,125,25,107,52.588558217143024,1.2921831978992502,0,3,11,6,6,1,30.175953225046253,8,4,85.0,8,25,3.3228784697412967,2.1172553855578133,81.7178741392169,0.7321267132891156,2,25,21,110.0,7,6,1.7918386096746688,1.3279274484751502,14,2,0,51.8,51.13,51.92,95.0,70.8,4.883718756742185,1.0979312203822262,2025-12-08T18:50:33.199045+00:00,1253,San_Beda_University_20251209025033_1253,1,66.27
San Beda University,1624.46015934265,287.72388675181344,18.52213635663865,70.79891856642303,302,194,8,35,245,24,13.488385063035777,26,1,208,19,114,87.38527702594372,0.8045583862468892,1,3,11,8,4,1,17.680654604643433,6,5,44.0,10,19,3.5424900008544142,2.314333987759525,50.11722330989977,0.8473660143575229,2,24,17,110.0,8,5,1.912980643262089,2.965203718245143,10,2,0,49.07,57.58,84.86,95.0,72.93,5.249563656746673,1.2844321743389968,2025-12-08T18:50:33.200045+00:00,1254,San_Beda_University_20251209025033_1254,1,69.38
San Beda University,2881.6896428321024,365.4654293284315,14.618647072390464,66.34641139816011,272,161,15,31,153,19,20.853873144208453,33,0,134,31,85,108.89991725865228,0.5921762075185315,1,2,17,7,6,1,35.773287176026955,7,4,61.0,10,25,3.961733222250842,1.6851000239935123,75.70001596807833,0.6373235555620073,0,20,16,78.0,16,5,2.6749345206423545,2.094676439146871,16,3,1,60.36,53.73,95.0,95.0,69.45,4.865696156792687,1.293238246926445,2025-12-08T18:50:33.200045+00:00,1255,San_Beda_University_20251209025033_1255,1,68.24
San Beda University,1848.0,234.0,12.66,54.804,363,312,12,39,293,34,19.0,17,0,206,55,102,85.95,0.0,1,1,14,2,9,3,21.0,5,4,80.0,11,51,0.0,0.0,0.0,3.0,0,19,17,89.47,12,2,0.0,4.0,8,0,0,6.34,6.28,7.25,7.28,7.04,6.84,0.0,2025-12-08T18:51:15.000166+00:00,1256,San_Beda_University_20251209025115_1256,0,
San Beda University,1486.2278115328852,203.1523293467125,14.681441885716476,64.89561629038118,313,282,12,29,295,30,26.05200069489144,18,1,219,53,77,83.67994693870214,1.7873429450288474,1,1,16,2,7,3,20.81580184426541,5,4,83.0,10,41,1.881178482977199,1.474604181966261,1.511884445124223,2.8609633139719106,0,22,16,89.0,14,2,0.5654709669922672,3.869335172802058,8,1,1,41.6,57.05,84.9,95.0,73.42,4.494025259675476,2.2872992388754394,2025-12-08T18:51:15.001166+00:00,1207,San_Beda_University_20251209025115_1207,1,67.75
San Beda University,1585.6322488991057,226.0142247709433,11.68720876562779,71.13260676261797,514,283,10,45,362,42,16.200213030612808,16,1,231,60,107,121.7693639906648,0.0581460709293814,1,0,18,2,7,2,22.844801314448688,6,4,88.0,15,71,0.3768482347476107,1.2476512666734163,0.4136084386381021,2.6997424162600416,1,22,14,98.0,15,2,0.2599333507205602,3.6595175969078335,8,0,0,56.73,67.43,95.0,95.0,76.36,7.925434548361296,0.5860553274315387,2025-12-08T18:51:15.002165+00:00,1208,San_Beda_University_20251209025115_1208,1,73.13
San Beda University,1901.02562565336,249.24768648488703,13.61811926918564,55.78207554944873,389,295,14,45,220,33,23.46819613005409,18,1,156,41,100,93.02663606968984,0.4817423914056328,0,1,19,2,10,2,14.609875312607109,3,4,79.0,8,45,0.3659395373872959,0.6036545948601094,1.7602030580557315,3.4996779562348754,1,23,16,107.0,11,2,0.9423806215602832,4.39451562963146,11,1,1,43.89,50.18,93.67,95.0,77.74,6.672558366820497,0.2390605539653593,2025-12-08T18:51:15.002165+00:00,1209,San_Beda_University_20251209025115_1209,1,70.98
San Beda University,1729.8802689042047,205.6677327946796,10.0,53.91495895740767,477,294,16,43,390,34,19.370098075479003,12,1,247,68,105,63.38756864018645,0.3598656470542231,1,1,15,2,8,3,17.450114452929046,5,4,73.0,10,38,1.1207048389446952,0.0895534948539312,1.100108642497428,2.7023980434595862,1,13,18,107.0,13,2,0.0919870239507219,2.175302599787391,11,1,1,50.42,58.93,56.11,95.0,69.34,7.967580875710508,0.3001597231567683,2025-12-08T18:51:15.002165+00:00,1210,San_Beda_University_20251209025115_1210,1,67.25
San Beda University,1148.5962778388748,203.58859564974216,10.836600019954975,38.59941847620057,444,300,6,29,227,32,25.778006875877985,18,1,206,48,123,93.33945442422495,2.2939218832961457,2,1,17,3,11,3,20.239652943430027,5,5,58.0,10,51,1.281174345259405,0.9734850214277976,0.2354986168738293,3.3784907318236623,1,20,16,89.0,11,2,0.6080219765589406,5.845856692191401,4,0,1,49.53,58.6,95.0,95.0,79.28,7.622905639099591,0.7933946212819839,2025-12-08T18:51:15.003165+00:00,1211,San_Beda_University_20251209025115_1211,1,71.41
San Beda University,2120.2448899663286,229.5920783361192,14.734537336992398,67.33798670011484,414,328,12,45,333,33,19.38801686948016,21,0,215,50,104,109.1373218910049,0.622388735943599,1,1,16,3,9,3,17.691542691654334,5,4,106.0,15,53,0.6028555140197788,1.0256170637500326,0.5609060860599215,4.379390857907429,1,17,15,92.0,12,3,1.3099120046871462,4.159695106150905,8,1,1,49.13,51.15,95.0,95.0,71.31,5.327852018542137,0.7364879384929464,2025-12-08T18:51:15.003165+00:00,1212,San_Beda_University_20251209025115_1212,1,71.62
San Beda University,1747.8634591188977,216.9865964582792,16.438118198907155,41.04413170259403,453,300,14,33,300,32,20.35758674698736,18,1,301,73,109,87.32227745646706,0.3308235429475964,1,1,11,2,8,3,21.16050593114922,6,3,82.0,13,59,0.2035127383556712,0.6995683779964338,1.943307512273432,3.053856945131081,1,17,15,67.0,11,2,0.5660281875881412,3.0729926698472925,8,0,1,48.41,54.97,83.02,95.0,71.19,7.38713953218319,0.1420502717967714,2025-12-08T18:51:15.003165+00:00,1213,San_Beda_University_20251209025115_1213,1,75.98
San Beda University,1569.696287766485,247.54009992719827,13.39652510167769,57.87901463158963,310,343,12,35,252,33,19.224267524776668,15,2,232,46,105,95.75557918323578,1.985149311550836,1,2,10,1,9,3,20.64616396168566,6,3,107.0,9,54,2.0062588822150675,0.1823748518670279,1.5189095765081269,2.722104523370008,2,23,19,86.0,10,1,0.2725863581997554,4.5623075442603485,9,1,1,54.25,55.33,91.74,95.0,74.58,8.419729006876617,0.4101909898633095,2025-12-08T18:51:15.004166+00:00,1214,San_Beda_University_20251209025115_1214,1,70.35
San Beda University,2179.2948091496733,216.17911211266912,11.733199576166085,56.70635113975995,392,390,11,48,384,36,23.39108455865403,11,0,219,57,139,72.8018245662241,1.1191571543700438,1,0,14,2,8,3,22.78032324545634,5,4,67.0,9,60,0.6790478771492984,1.8354763354091783,0.0908691244287253,4.417052305914499,1,14,15,83.0,10,2,1.96346345402285,3.966562208124672,12,0,1,52.27,47.69,74.7,95.0,72.25,6.223522541919967,1.734094980908448,2025-12-08T18:51:15.004166+00:00,1215,San_Beda_University_20251209025115_1215,1,69.42
San Beda University,2161.156704098638,249.8461372892074,11.164276480311702,54.62267107026178,424,303,12,33,219,32,18.523157594280924,12,1,158,34,88,110.85897793778416,1.3205738743294506,1,2,14,2,10,3,19.011326303657707,5,3,101.0,12,48,0.3329288994162929,0.7332622948591628,0.0218920993652246,4.614817618705569,2,18,22,40.0,10,3,0.0200133409374462,4.564923211752611,6,0,1,45.88,61.73,95.0,95.0,73.86,6.490973399255167,1.448784243612374,2025-12-08T18:51:15.004166+00:00,1216,San_Beda_University_20251209025115_1216,1,72.33
San Beda University,1670.6508642754266,311.4028199169404,13.483752108000653,44.965851428890176,341,320,10,40,295,25,19.052280648042363,21,2,224,52,105,95.0282808459425,0.7210679286050806,1,2,14,2,9,3,28.758873240513083,6,5,114.0,11,63,0.8743430846472096,0.3423824456235488,0.2277418281167548,3.026548148939169,1,18,14,103.0,13,2,0.4358274259419855,3.377805017921237,9,0,1,49.74,54.05,95.0,95.0,79.25,3.255180527803788,0.0694026781786124,2025-12-08T18:51:15.005166+00:00,1217,San_Beda_University_20251209025115_1217,1,67.54
San Beda University,1619.619887300216,260.6306037256819,10.0,53.255238063618144,315,311,15,25,275,44,18.586765807461177,13,1,146,57,127,87.21019911780124,0.2124822085819909,1,0,16,2,11,3,21.94905712544385,5,5,102.0,10,36,0.2798716800065398,0.4229186220461243,0.4097362292968901,3.089011058778361,2,19,10,52.0,11,2,1.3531545180291171,3.279425815829177,7,0,3,47.04,54.63,87.68,85.62,71.48,8.144518045164372,0.2453030022441746,2025-12-08T18:51:15.005166+00:00,1218,San_Beda_University_20251209025115_1218,1,64.97
San Beda University,1740.095076577206,168.55593824616724,13.67542205304728,63.97314241688942,427,218,12,54,258,41,18.5568577687967,21,1,229,69,145,89.2982409813715,1.4168780541202195,1,2,16,2,6,3,21.883149724194546,3,5,77.0,15,36,0.5708912801576111,2.0942771222262944,1.1748015239816665,3.9521808362728175,0,16,16,110.0,9,1,0.0632005447626425,3.982839970109499,10,0,1,57.24,54.4,95.0,95.0,76.1,9.558077236416976,0.0996125269567724,2025-12-08T18:51:15.005166+00:00,1219,San_Beda_University_20251209025115_1219,1,74.51
San Beda University,2172.9958880118047,296.7523390286089,10.252972120259006,63.31590146929437,430,251,10,37,186,38,18.46635245244667,13,1,212,62,106,87.40514405078095,0.7374416062002093,1,1,15,1,9,3,24.0244224632028,7,5,84.0,7,58,0.7066917623480006,1.564824041396713,0.5464837484680447,2.154114913040588,1,18,16,87.0,13,2,0.5436836419956165,4.24370101692397,9,1,0,53.83,57.42,87.83,95.0,74.56,8.388018080207466,0.3136242268170305,2025-12-08T18:51:15.006165+00:00,1220,San_Beda_University_20251209025115_1220,1,70.01
San Beda University,1715.3212238148203,192.4844602664796,13.524982079529371,53.347665192663335,262,323,11,43,216,41,19.700350980292804,16,0,236,62,86,112.30496878464471,0.2858368059587493,1,0,14,1,8,3,25.95831611783858,5,4,70.0,17,64,1.261366942628893,0.1455816229290136,0.4238072595560049,2.9260325185778626,0,15,25,99.0,10,3,0.6341777154958443,4.740086354039304,10,1,1,49.62,54.94,95.0,95.0,68.24,5.362453821887838,0.7269821055293901,2025-12-08T18:51:15.006165+00:00,1221,San_Beda_University_20251209025115_1221,1,76.33
San Beda University,1667.9229795526846,191.88799729223064,12.764315126071002,67.05799114128078,337,252,14,42,240,46,17.767048434718255,14,0,276,49,118,62.89656722590314,2.190067073797028,1,2,16,2,7,3,17.88111946581383,6,5,93.0,9,41,0.5653172677814428,0.0782112539699489,0.7728563001058466,2.264429645171214,1,12,19,75.0,10,1,1.4961269671281534,3.4341912199414386,9,1,0,52.94,52.43,63.53,95.0,72.36,9.877553283272482,0.4430189165417226,2025-12-08T18:51:15.006165+00:00,1222,San_Beda_University_20251209025115_1222,1,67.71
San Beda University,1632.543517179996,186.97321948719645,12.827633628025971,53.91750280367096,423,351,13,33,354,32,26.25257634500695,18,0,176,60,107,89.91846251549927,0.3372202781467366,1,0,11,2,11,3,24.846789666581632,5,6,102.0,9,75,0.7244661985454363,2.1650455678477085,0.4846655509962928,2.7063538982141875,1,17,19,89.0,10,2,0.5141862435580494,3.507981205707116,5,0,1,59.68,51.54,87.26,95.0,77.36,7.540049848458906,2.2448295477251565,2025-12-08T18:51:15.007166+00:00,1223,San_Beda_University_20251209025115_1223,1,71.73
San Beda University,2646.660155716647,229.608692705818,10.0,46.67094334406319,516,251,17,38,338,31,20.43477822913674,18,1,284,44,114,95.06679106199712,1.2878583074099874,1,1,15,2,9,3,13.128652752548373,5,3,94.0,13,20,0.2664349694575132,0.4461196137868365,0.3189862181842041,2.9752013949268314,0,22,15,125.0,10,1,1.417995076079316,4.292747060977665,7,1,1,55.27,55.59,87.83,91.95,73.99,5.914011352372556,1.9480709785750263,2025-12-08T18:51:15.007166+00:00,1224,San_Beda_University_20251209025115_1224,1,69.72
San Beda University,1809.19007313972,167.46088089008958,12.627375696436063,67.18979910955713,367,310,10,41,290,36,17.528270446722296,11,1,180,58,109,75.61301169811279,0.9250990107471035,0,2,17,2,11,5,20.63249489594688,4,4,71.0,9,60,0.1406169884482606,0.3378777044504314,0.8338680233198457,2.836770085438608,0,16,17,88.0,10,2,1.166547247655796,4.908802446210627,7,0,0,49.68,52.89,77.16,95.0,73.58,6.424838680976048,0.0483929516381526,2025-12-08T18:51:15.008165+00:00,1225,San_Beda_University_20251209025115_1225,1,62.23
San Beda University,2049.3490521423537,165.64341216534172,10.444845274183042,63.24910127548895,353,305,9,58,245,49,19.64819047371386,18,1,253,50,116,88.0381346617064,1.8744140205830409,1,2,13,3,8,5,18.621089060668503,6,4,103.0,15,65,0.5137431469596385,0.8202722212653829,0.3541196497600005,2.7862934924607496,1,21,22,81.0,12,1,0.4081297283216576,4.39132929031398,7,1,0,48.0,55.29,85.91,95.0,76.59,8.132691247280835,1.8171140475775085,2025-12-08T18:51:15.008165+00:00,1226,San_Beda_University_20251209025115_1226,1,68.07
San Beda University,1976.162921116268,225.8411729414358,14.589161474400882,39.78996277896625,367,354,12,38,389,20,22.15479724850878,18,1,146,67,131,122.28154552097256,0.4943267126047475,1,1,18,3,10,3,20.352963789435048,6,3,91.0,9,51,0.7117051992838761,0.1270855888298608,0.8220492867708384,2.9780495142595083,2,14,18,91.0,12,3,0.8640075546940836,3.295673714466634,4,1,1,43.58,53.46,95.0,95.0,74.87,5.547990819627318,1.4071110912884188,2025-12-08T18:51:15.008165+00:00,1227,San_Beda_University_20251209025115_1227,1,67.76
San Beda University,2275.504321997924,269.1637889465998,12.772021696513624,54.50495698675323,425,269,12,36,293,43,22.824294509208976,19,3,275,36,92,90.17945699352386,0.6086090328808794,0,1,16,1,6,3,25.280288054117463,5,4,82.0,9,63,1.437635259813157,0.0404514415636122,2.5188730640775208,3.069175667550654,0,16,13,73.0,14,2,1.962818070572073,3.9923876390742272,9,0,1,50.47,64.47,95.0,95.0,68.95,5.904880018313468,0.8600312559885217,2025-12-08T18:51:15.009165+00:00,1228,San_Beda_University_20251209025115_1228,1,68.99
San Beda University,1792.435781404263,218.8272557386057,12.058488758875374,50.1843760942729,443,335,12,44,363,36,15.76009460473907,18,1,220,50,124,97.63757064975697,0.0936543485625331,0,1,17,2,6,4,22.946002824126506,4,5,101.0,11,42,1.4834093414718963,0.2608867081555092,1.274760602373067,2.897016582167664,2,23,21,132.0,14,3,0.167247179510682,4.128573520328761,5,1,1,50.96,52.92,95.0,95.0,74.15,8.351821921349007,0.2624794243880792,2025-12-08T18:51:15.009165+00:00,1229,San_Beda_University_20251209025115_1229,1,73.76
San Beda University,1341.0476760521965,231.17162239237905,12.277461063481685,53.726407648046575,258,344,7,27,216,34,25.133426802776288,13,2,187,45,101,50.44569675693317,0.2527487884420146,1,1,15,1,11,3,23.07171551019863,4,5,79.0,11,51,1.5569946801158856,1.3372145559751998,1.2493742533323982,2.8436238856202496,0,17,13,91.0,15,2,1.263334846319398,2.217079783065479,8,0,1,61.89,48.8,44.09,95.0,75.41,5.829251294607411,0.2708881366171531,2025-12-08T18:51:15.009165+00:00,1230,San_Beda_University_20251209025115_1230,1,68.4
San Beda University,1285.8808080629578,274.2341018732492,15.389058981243853,59.94484536059417,446,318,11,44,258,39,21.411480635825143,15,1,186,64,139,85.1799081746492,0.115009618196659,0,0,15,1,8,3,23.49915171162141,6,4,94.0,13,60,0.5581735496392172,0.8612107775658245,1.377740605971106,2.499898455018448,1,20,18,82.0,11,1,0.1876612184541072,3.2639711523558987,10,1,0,54.4,59.82,77.74,95.0,71.18,6.164492808856855,2.34004339571802,2025-12-08T18:51:15.010167+00:00,1231,San_Beda_University_20251209025115_1231,1,61.9
San Beda University,1885.177556510064,214.5633579229025,12.943301724912883,68.84089703474908,389,318,11,44,205,30,18.85554110760141,18,1,146,51,125,95.27444091913652,0.3302380694469822,2,1,12,2,9,3,31.872466481667,5,4,57.0,12,70,3.151822450534781,1.1486571107357613,0.0975489742414852,2.541184027791332,1,27,18,65.0,13,2,0.4184707372717825,1.9297799147862151,9,1,1,51.13,62.03,91.15,85.18,74.82,6.941126449778982,1.1801519884576626,2025-12-08T18:51:15.010167+00:00,1232,San_Beda_University_20251209025115_1232,1,68.88
San Beda University,1588.5168988937182,145.25255228365876,10.084245101425864,58.78182794408415,244,210,13,31,212,15,14.570211007790387,10,0,126,48,81,102.99750871946648,0.1069639653017088,1,1,12,1,12,4,15.48852596116894,5,3,98.0,11,54,0.7738305325622026,1.7467711386468543,1.1171233370510725,3.5206681240358493,1,17,20,118.0,13,1,0.9256438518421414,4.239308230805457,12,2,1,49.68,50.9,95.0,95.0,67.71,6.503712318978036,0.7034725715840059,2025-12-08T18:51:15.010167+00:00,1233,San_Beda_University_20251209025115_1233,1,74.72
San Beda University,1679.8707415450858,286.07678320107266,11.522461763811831,53.944135357905445,286,390,15,60,279,27,15.256879862361064,15,1,244,76,66,56.63644346272572,0.7256814640315384,1,1,13,2,12,3,28.197028225869,5,6,113.0,6,59,1.891604376216472,0.3128434340618365,1.1007511967182029,2.002610079149672,0,18,19,86.0,13,2,0.5845081847976729,2.811309813078116,7,2,1,54.94,49.17,59.75,95.0,64.01,8.816254247505674,1.2224622893469794,2025-12-08T18:51:15.011166+00:00,1234,San_Beda_University_20251209025115_1234,1,67.47
San Beda University,2093.528259696237,307.11982122682355,15.05115918994458,57.94577379419495,397,345,14,49,167,34,19.55714712654744,18,1,206,46,121,78.94995647318608,0.3264061335528191,1,2,16,2,9,3,19.938594027878224,6,3,72.0,14,43,0.2588378940743663,2.0091572367686834,0.3524129923101155,2.613687123864488,2,13,14,79.0,10,1,0.1247800969969898,4.77506952841787,8,2,0,54.17,52.86,78.27,95.0,76.69,6.015332354127379,0.1226126975604915,2025-12-08T18:51:15.011166+00:00,1235,San_Beda_University_20251209025115_1235,1,67.8
San Beda University,1646.0730435219882,175.55003473399273,18.843402035304223,58.06074512025627,353,354,9,42,233,32,22.46379575550678,13,1,243,42,96,81.77147977705182,0.1028569540834278,1,1,14,2,9,3,18.87994991624928,5,5,57.0,12,57,0.1017034731762092,0.4380967778586707,0.7511079453346319,2.2184918765667745,1,30,15,104.0,11,2,0.7204667544205816,3.43212450910632,7,0,1,52.96,48.52,82.53,83.7,73.74,5.370451567103444,0.8070130715589794,2025-12-08T18:51:15.011166+00:00,1236,San_Beda_University_20251209025115_1236,1,68.19
San Beda University,1262.589503960172,316.3294356970562,10.0,58.50200620669455,427,428,18,43,320,39,19.941031802828828,15,2,193,67,107,88.10008135612118,0.2829457459309213,1,1,14,2,10,3,20.07046804330396,7,5,91.0,8,59,2.345232240171541,0.0951393988916524,0.8869035009035288,3.0269587703855345,1,20,20,104.0,12,2,0.0912893689968821,4.514538566949375,7,0,0,52.61,50.5,94.32,95.0,78.09,7.398693565283723,1.0130959116304414,2025-12-08T18:51:15.012166+00:00,1237,San_Beda_University_20251209025115_1237,1,73.63
San Beda University,2076.439687957077,134.12723546407676,11.33949998955272,58.81291094531876,349,376,10,39,264,34,19.342452545763493,18,0,176,52,87,87.67394300661009,0.3717007998277234,2,1,10,2,7,4,24.65477202458715,5,4,52.0,13,40,0.8916782239235701,1.813235269937694,1.7483881562458503,2.852666908273458,0,17,20,74.0,13,2,0.244377149152727,3.6365013172480287,9,1,1,52.25,62.28,87.18,95.0,73.4,4.852331201119994,0.2694668006061698,2025-12-08T18:51:15.012166+00:00,1238,San_Beda_University_20251209025115_1238,1,73.11
San Beda University,1581.6067560433348,264.7944251801548,12.8742777653144,35.70949730369953,201,371,16,33,259,38,25.21865683514009,19,0,222,58,99,84.34255954442064,0.2764549207829447,1,2,19,2,8,3,24.830670882442693,4,4,80.0,15,47,0.0880451801466285,1.5550601265202526,1.1741914028559957,4.270209108047961,1,20,21,74.0,10,2,0.984547414011082,4.31479245159749,9,1,2,56.11,61.7,83.73,95.0,68.5,5.903403399947725,1.7871825210988377,2025-12-08T18:51:15.013168+00:00,1239,San_Beda_University_20251209025115_1239,1,72.28
San Beda University,1928.088417247386,225.1500455745724,17.105064054077793,57.32247055337936,318,302,10,45,319,42,15.687460297019731,15,0,197,49,113,101.33092067914455,0.5206043514883286,1,1,11,2,9,2,19.26825743143288,5,3,86.0,10,26,1.6780253746986686,0.5386000791833798,0.959013303276108,3.2601089499763063,2,19,17,101.0,9,2,1.31603643555657,4.822828220785252,5,0,0,41.03,54.25,95.0,95.0,70.59,9.786338199249556,0.6109613444796619,2025-12-08T18:51:15.013168+00:00,1240,San_Beda_University_20251209025115_1240,1,67.04
San Beda University,1768.4019019610864,192.178784935806,17.75014415694835,61.21720738069963,466,262,15,41,323,36,13.832104765943324,14,2,166,49,122,56.2300291544505,0.849838128827834,2,1,12,2,8,4,26.960410542985507,3,4,79.0,10,57,1.3288442335223478,0.7259447462908836,1.2049327967979613,2.0835785431508773,1,21,20,102.0,11,2,0.411478352978767,5.508218253146968,7,1,0,54.42,55.12,52.87,95.0,74.43,6.2979297429458345,0.8950263089830207,2025-12-08T18:51:15.013168+00:00,1241,San_Beda_University_20251209025115_1241,1,68.86
San Beda University,2382.1514569564224,239.2141838867613,12.574546446088222,39.056882302100334,357,271,13,43,301,31,11.44263387565477,14,2,215,51,103,77.46281198002067,0.1943349271291294,1,1,16,2,10,3,18.17170359870532,4,4,84.0,11,60,0.9019335884587047,0.4920209463017108,0.2876296654090763,1.7179564039253867,0,16,19,88.0,12,2,0.4677789447936976,4.767307846897388,6,0,1,49.6,49.45,73.3,95.0,72.52,7.1939049738366565,0.1938285745812312,2025-12-08T18:51:15.014160+00:00,1242,San_Beda_University_20251209025115_1242,1,65.09
San Beda University,1920.2191086764103,280.1962762184872,10.0,63.89870654247363,474,344,13,33,217,36,15.756299855571362,19,0,187,63,91,83.89033312296145,1.4269177524320151,0,1,16,2,12,3,22.37160563994688,3,4,81.0,9,64,0.0733904886912233,0.8245265068829144,0.5130082698331916,3.027019997250648,0,19,22,103.0,12,2,0.7323939161252825,4.488125099183806,10,1,1,48.59,60.76,85.01,95.0,69.82,6.768465455036671,0.8972546806185164,2025-12-08T18:51:15.014160+00:00,1243,San_Beda_University_20251209025115_1243,1,74.99
San Beda University,2209.381216862688,157.87677613506207,11.119031217300654,53.27798700583386,363,313,17,38,380,24,24.07051129475117,18,1,148,66,78,80.00871865324712,0.0854603152931323,1,1,14,2,8,1,23.17877415938231,6,5,82.0,11,34,1.2648156608216763,0.2102450816892644,0.8932555650845886,2.931024834868284,0,18,13,63.0,12,2,0.5833516868615133,3.950679774359672,7,1,1,47.74,60.94,83.82,95.0,74.41,7.659435926541855,0.1530986553709183,2025-12-08T18:51:15.014160+00:00,1244,San_Beda_University_20251209025115_1244,1,70.29
San Beda University,1631.5522082602656,223.2392345593649,11.291253663460171,58.7415848253046,238,397,15,49,332,35,17.06242165292516,11,1,258,50,137,90.296542273772,0.0239371887479267,1,1,13,2,8,2,22.85137538924996,6,4,94.0,10,42,0.8433175975287354,0.2800490091020067,1.3831368122906345,3.335579393520514,1,21,18,120.0,14,2,0.7562698896275267,3.730725702903508,10,0,1,57.94,56.02,89.28,95.0,70.94,7.990991101591565,1.029646580764627,2025-12-08T18:51:15.015165+00:00,1245,San_Beda_University_20251209025115_1245,1,73.2
San Beda University,1914.026355345809,215.3206569773248,15.8169582744735,57.4988903184762,414,367,10,39,233,28,13.4467026102927,19,2,168,44,118,88.20766365861029,0.2328714070465792,1,1,18,2,9,2,19.60411695879879,6,4,59.0,12,56,0.4123520659370481,0.1571629565675822,0.5979593373579484,2.7835607783808856,1,22,17,96.0,12,2,0.3647802225976169,3.771245608123645,6,1,1,52.25,55.32,80.81,95.0,75.17,6.148415215099383,0.3098204345413737,2025-12-08T18:51:15.015165+00:00,1246,San_Beda_University_20251209025115_1246,1,71.5
San Beda University,2686.8403007115226,250.123575343678,10.0,52.45786748887792,469,324,13,42,260,36,20.259813075644526,19,1,196,69,109,82.93412036728931,0.0097589090488279,1,1,15,2,6,3,22.88731135442241,4,5,56.0,15,48,1.3254080507325612,0.1099364724007231,1.601469885092598,2.468206291744476,0,17,25,81.0,12,3,0.3480884213160799,4.032924198286581,6,0,2,52.63,57.1,86.41,95.0,69.64,9.720531350049054,1.1961219435990722,2025-12-08T18:51:15.015165+00:00,1247,San_Beda_University_20251209025115_1247,1,69.77
San Beda University,1638.8622005426043,236.96105347681208,10.0,62.49971140894958,442,409,7,31,250,19,19.85037784018155,13,1,216,71,124,94.7482801262122,0.055965881495016,1,0,12,3,10,4,16.152173720865846,6,4,60.0,10,46,1.355674178669903,0.6797305842139345,0.3783466548407829,2.2054946110123894,0,20,17,95.0,8,2,0.5310759507439212,4.426033645740018,8,2,1,48.36,58.47,92.5,95.0,64.55,8.153228490444327,0.1337561356818328,2025-12-08T18:51:15.016167+00:00,1248,San_Beda_University_20251209025115_1248,1,71.13
San Beda University,1731.5731693108785,266.2289773204644,16.548610670227923,63.45724879858656,412,306,15,40,351,27,19.713061945459422,15,1,207,42,114,69.54736963323687,0.7991203788089623,1,1,16,2,8,1,18.01192046073864,4,3,74.0,12,53,1.6696525599977745,0.6105704164749387,0.1252744352598906,2.530138146146285,1,26,14,67.0,11,1,1.5850963028903169,4.296936069199797,7,1,2,54.5,53.62,69.59,89.29,70.77,5.311190802403092,0.8975788120482753,2025-12-08T18:51:15.016167+00:00,1249,San_Beda_University_20251209025115_1249,1,59.53
San Beda University,1367.057094081247,217.1112057672105,11.53032842452859,55.53080032475147,240,291,11,41,304,41,11.653805932390853,14,1,251,58,99,101.3104656445646,0.0548794401644719,1,2,17,2,6,2,12.47244961141378,6,4,70.0,9,37,0.4687734014594262,0.2489312063950247,0.2986219210111862,3.64205591240766,1,25,20,104.0,14,2,1.1505713813421152,3.706123887203533,6,0,0,62.24,52.89,95.0,95.0,69.62,8.41850068883608,0.2581667075472476,2025-12-08T18:51:15.017165+00:00,1250,San_Beda_University_20251209025115_1250,1,69.68
San Beda University,2223.918615616811,219.98017901400428,10.0,75.42663507946861,367,393,13,45,334,47,13.510188321841728,17,1,182,52,65,83.16228256066186,0.0396936635489706,1,2,19,1,9,3,19.335423910441843,4,4,89.0,11,55,0.552236915047771,0.2068576889679169,0.7143647188612591,2.9293704843685338,1,16,15,64.0,9,2,0.3438362366058344,5.696548171096937,4,2,0,54.89,53.92,86.38,95.0,77.95,6.511715443554274,0.1400129935112395,2025-12-08T18:51:15.017165+00:00,1251,San_Beda_University_20251209025115_1251,1,70.92
San Beda University,1923.9944590234848,325.3682167832257,11.784430675922913,50.05125081100056,335,356,12,52,292,38,20.643978662388943,20,0,220,43,89,66.61147337107558,0.1573293255283266,1,1,15,2,9,4,23.67256951676792,5,4,79.0,11,46,1.0429710392215374,0.4673624740486398,0.1149858960721866,3.117875217081096,0,18,14,82.0,14,2,0.5809716995236951,4.548430446737337,5,0,0,62.01,51.23,70.5,95.0,77.4,7.389704891824189,1.091778094250565,2025-12-08T18:51:15.017165+00:00,1252,San_Beda_University_20251209025115_1252,1,66.28
San Beda University,1625.776806716146,248.4765682379545,17.18745020462008,53.60548912336207,473,210,16,28,302,26,14.400310443141738,9,1,252,62,135,110.54299347956004,0.4768852641176527,0,2,12,1,10,3,30.260108261300022,4,3,71.0,11,50,0.0705523010497406,0.8587482475583504,0.475398511108565,1.5905527223304292,0,17,17,66.0,19,2,1.2414261819719157,3.874337868059244,10,1,2,55.0,55.59,95.0,95.0,71.55,6.995104307703716,1.2778838779633537,2025-12-08T18:51:15.018165+00:00,1253,San_Beda_University_20251209025115_1253,1,65.44
San Beda University,1541.4072577118366,317.1342622755735,14.0620940918978,63.07351290122226,421,409,13,43,237,40,22.966228517346504,13,1,182,45,167,79.56426266956755,2.243012728469356,2,1,18,3,10,3,18.496171620644738,4,5,95.0,8,82,1.4346220122245616,1.466036868656365,0.4533197767480789,2.5618674010684863,0,20,21,64.0,11,1,0.0573704947191856,4.466851078961995,8,0,1,42.56,57.4,84.84,95.0,72.88,4.036354744273298,1.4432765766055318,2025-12-08T18:51:15.018165+00:00,1254,San_Beda_University_20251209025115_1254,1,69.5
San Beda University,2363.535961226119,172.32529580297293,13.196909322017156,56.20727959317907,329,189,13,32,279,28,12.124302744737188,18,1,270,42,73,91.9520821047485,0.6333669947262165,1,1,15,1,8,2,14.868771115491748,5,3,110.0,7,67,0.1041178601576813,0.8206163980698937,0.5801493364422086,2.667342335335575,1,20,18,78.0,12,2,0.8537460375497278,4.345724993467741,6,1,0,55.96,50.59,95.0,95.0,74.12,7.855504578231235,1.0012668023172848,2025-12-08T18:51:15.018165+00:00,1255,San_Beda_University_20251209025115_1255,1,75.47
San Beda University,2402.6538967729616,244.3173993547393,12.567883346395732,38.72062481070641,197,345,13,40,220,34,20.740035706418475,18,0,234,43,126,93.39655589609002,0.453333408599565,2,1,14,2,6,3,17.78411051968953,3,6,45.0,8,54,0.5790140359207887,0.5005777618459928,0.0359046494077069,2.173710605548272,1,14,17,74.0,11,1,1.5061554333658342,2.688294113956311,8,1,1,53.72,45.91,87.8,95.0,74.21,6.147902225702206,2.7414779954519166,2025-12-08T18:51:15.019165+00:00,1256,San_Beda_University_20251209025115_1256,1,67.5
San Beda University,1476.0,308.0,20.87,52.027,272,227,23,22,215,27,7.0,23,0,77,26,169,83.46,3.0,3,4,18,7,6,5,30.0,7,5,71.43,5,3,19.0,3.0,15.79,2.0,0,31,16,51.61,8,15,3.0,5.0,15,1,0,6.43,6.21,7.38,7.11,6.11,6.65,0.5,2025-12-08T18:51:50.358136+00:00,1257,San_Beda_University_20251209025150_1257,0,
San Beda University,1888.5531409625944,277.97445930034394,22.126965314447013,64.58543604403457,249,209,28,20,200,31,8.08764892078882,18,1,101,29,222,92.3439028853658,3.307414356077129,2,5,14,8,4,6,24.82972354828357,5,5,102.0,4,3,11.294950531968231,3.0079937829076564,16.717709304447553,2.236421426422352,1,34,22,72.0,8,17,2.587014323650494,6.639372702411004,15,1,1,56.76,61.35,95.0,88.05,69.92,8.86349166763968,0.2198653909657901,2025-12-08T18:51:50.359136+00:00,1257,San_Beda_University_20251209025150_1257,1,74.82
San Beda University,1595.576613653442,348.10866570086193,21.03615680576397,54.08716785675591,139,267,24,28,192,24,7.058950001912717,26,0,70,24,182,90.64608412917886,3.9888839293469736,3,4,14,7,6,4,26.411258600798472,8,5,82.0,5,4,17.263339351840067,3.803011425142575,14.758160278116016,1.943385300724168,2,45,16,46.0,8,15,3.088640789945486,2.6022953030128724,16,2,2,62.47,53.93,93.54,73.89,62.91,6.074013947971211,0.810976958438385,2025-12-08T18:51:50.359136+00:00,1258,San_Beda_University_20251209025150_1258,1,70.84
San Beda University,1456.0597525562453,317.1082155587007,25.80993176808767,64.75204137596624,168,275,31,24,150,32,9.881498178634562,16,1,70,24,182,87.61265644657567,2.947969252956476,3,2,23,9,7,5,29.498129926671076,6,6,70.0,3,3,15.929405216021896,3.375980952277963,19.758821961446976,2.109815449079877,0,32,18,62.0,8,13,2.518240351258667,6.54145398538374,21,0,0,50.86,51.55,85.61,89.64,70.97,4.061746628342419,0.5342759275742118,2025-12-08T18:51:50.360137+00:00,1259,San_Beda_University_20251209025150_1259,1,63.65
San Beda University,1551.1590554553486,274.2162311710073,19.369289336699936,41.84040567311651,242,216,19,17,297,23,5.717466649494424,21,1,56,30,165,73.96747515903876,2.098563534681618,2,3,20,6,7,6,30.67840920645925,6,4,84.0,4,2,20.54554265668845,2.9731918791936605,18.517496942320992,1.0183363478609644,1,41,12,57.0,7,18,2.3741002832364457,5.205298458807693,16,0,1,55.85,41.4,72.68,62.25,68.37,5.15986926705519,0.0,2025-12-08T18:51:50.360137+00:00,1260,San_Beda_University_20251209025150_1260,1,57.1
San Beda University,1703.2388141350473,266.0325166147113,18.81260354807773,54.59026686729307,273,156,21,23,164,24,4.083859179634025,25,0,86,17,234,72.21604271055722,3.476645580496463,2,4,16,4,5,4,29.50461310556263,5,6,54.0,5,3,21.927555110715183,3.009791272457115,14.12200718204048,1.4477651003518743,0,32,16,58.0,8,14,2.438381215240375,4.73148161656341,19,0,1,65.0,42.37,69.55,80.24,69.71,6.183103157165768,1.2188921782304325,2025-12-08T18:51:50.360137+00:00,1261,San_Beda_University_20251209025150_1261,1,62.98
San Beda University,1466.3528701548971,369.8743870348427,20.394913207557018,68.73871457385579,350,214,19,21,229,29,6.013498837643664,24,0,66,26,170,89.75116021390991,2.6665459388459998,4,4,16,7,6,5,30.32700481010623,8,6,74.0,4,4,22.32531439472891,3.081867519809842,16.463458557185817,2.1818016018634183,1,34,25,41.0,11,14,3.152627180231452,6.640817222350557,15,1,1,54.41,54.6,84.12,95.0,64.72,6.29546516330262,0.8572829020997057,2025-12-08T18:51:50.361136+00:00,1262,San_Beda_University_20251209025150_1262,1,72.14
San Beda University,1757.1131192867797,417.0888562020324,17.029870600767154,56.80113670851581,237,261,20,21,191,27,6.46743764490789,23,1,75,22,203,86.26851717205257,3.165405875584153,2,3,23,8,8,5,35.30561389237088,7,6,79.0,4,3,15.611524502557147,2.419963709284214,6.585463561259322,1.9955789266494812,2,30,18,52.0,9,21,2.8340656946733693,5.678221670441175,16,1,1,58.27,35.51,86.86,91.01,66.85,8.266168234243647,0.0,2025-12-08T18:51:50.361136+00:00,1263,San_Beda_University_20251209025150_1263,1,64.38
San Beda University,1139.5606192858636,296.2215713394496,21.109078660176763,55.85031927065672,216,214,18,29,222,17,7.161444390987853,26,0,85,31,94,61.50092521425951,2.8935135951159827,4,3,15,7,5,5,36.32515948292464,7,5,63.0,6,4,21.24227835951837,2.8280459705850745,15.85491129490428,1.7959338823789384,1,35,13,68.0,4,18,2.320874481969965,4.979187053630123,18,1,0,61.04,59.13,59.37,71.1,68.12,5.665683457553959,0.7749302899847166,2025-12-08T18:51:50.361136+00:00,1264,San_Beda_University_20251209025150_1264,1,55.63
San Beda University,1789.1829148360926,303.037959610233,22.66808009854597,37.55726548217147,241,259,28,22,211,32,8.024378460382856,25,1,78,26,82,89.49282195045954,2.917195940256984,3,4,18,9,7,5,35.2229392888893,8,7,55.0,6,3,14.478480734305204,3.453001199387675,16.70263222291317,2.099164318903243,0,22,14,42.0,10,13,2.4472154230793803,5.635003301201978,12,1,0,55.67,52.34,87.71,92.23,78.62,8.459612241360128,0.4081863292694472,2025-12-08T18:51:50.362141+00:00,1265,San_Beda_University_20251209025150_1265,1,66.01
San Beda University,1730.667646154926,328.77793163758605,16.56092808263913,57.45396662195565,297,217,30,18,291,20,7.626982613680198,17,0,66,24,152,85.2206682956887,2.905884857877186,3,4,12,7,8,6,19.373868628898304,7,5,74.0,6,4,18.84927822004566,4.041445803507184,14.972517951103088,2.4512136112219483,2,37,19,52.0,12,21,2.827401158693937,4.690338604340119,15,1,1,56.99,47.32,88.52,81.78,71.18,3.6482562507997462,1.0538391217455223,2025-12-08T18:51:50.362141+00:00,1266,San_Beda_University_20251209025150_1266,1,66.41
San Beda University,1991.148483012574,242.26355988209824,17.676267676606496,46.62149010969853,272,192,23,24,252,28,8.109608441567191,21,1,66,31,208,87.78698130263851,2.478026550044725,3,3,16,8,7,4,23.62770649804719,8,4,58.0,3,4,21.958099495275462,2.287148841028165,16.22060799045734,1.9930177815920096,0,32,12,58.0,9,17,3.3303852735501054,4.197072291232988,17,1,1,52.42,68.48,86.21,72.37,68.69,6.517451615826613,0.6042757444241722,2025-12-08T18:51:50.363131+00:00,1267,San_Beda_University_20251209025150_1267,1,65.31
San Beda University,1347.7879827300026,298.9586069169939,17.990433757567665,57.692086687571546,188,255,28,15,125,33,8.296069549068942,24,1,58,17,149,106.66339911213105,3.1922290564061577,3,4,13,7,6,5,35.348674538662635,5,5,71.0,4,3,19.1306718887796,4.186740777211975,15.696142145460144,2.8514247910850585,1,23,15,55.0,6,15,2.46048467436816,4.966138235964739,20,2,1,52.75,48.76,95.0,91.7,69.59,3.153547320265106,0.0081336601764948,2025-12-08T18:51:50.363131+00:00,1268,San_Beda_University_20251209025150_1268,1,70.29
San Beda University,1470.1767583661792,333.53994195003065,21.049539722163114,58.33715343354855,322,252,22,17,234,26,5.939877276001667,19,0,54,20,102,90.9771100057121,2.554721588614355,3,5,16,9,5,4,34.57996529913306,9,6,64.0,6,1,18.55373930908682,3.1128628827129408,12.16234122004083,2.752269434853254,2,36,23,54.0,7,11,3.4520854038934985,4.895391452309922,17,1,2,53.07,51.51,90.86,94.63,64.46,9.5408443463732,0.7429685346611997,2025-12-08T18:51:50.363131+00:00,1269,San_Beda_University_20251209025150_1269,1,68.6
San Beda University,1426.3559571070282,306.04567160912404,20.23632773387965,46.48815508026549,334,275,18,20,202,22,8.331686901605472,27,0,73,25,124,59.05532137214526,2.044097197449177,3,3,20,7,6,5,27.5018429782718,6,5,108.0,5,3,15.919010385965787,2.1560251801220094,14.484589972547836,1.7348288857209917,0,35,18,59.0,6,17,2.4422168598143554,5.731517808789637,16,2,1,54.44,43.84,57.49,83.7,68.49,6.2382832475900125,0.1007319245093107,2025-12-08T18:51:50.364141+00:00,1270,San_Beda_University_20251209025150_1270,1,61.07
San Beda University,1128.433453419076,270.6001186381718,12.825325396231545,66.50608348109566,330,250,21,23,221,27,6.976439421447869,25,1,79,30,117,132.99162550442549,2.890757323648737,4,3,21,6,6,4,39.94040159541231,5,5,96.0,5,3,18.403308633713007,1.851711528283468,14.638381659618856,2.35300885938086,0,21,22,29.0,8,18,3.5799894382679547,3.320745040470768,14,2,1,59.24,52.7,95.0,95.0,71.82,5.709835381796746,0.4361196759275861,2025-12-08T18:51:50.364141+00:00,1271,San_Beda_University_20251209025150_1271,1,76.74
San Beda University,964.7534103536528,286.4482855434848,28.47791586496256,52.44501851064328,311,245,24,22,225,50,4.066187937449954,21,0,123,21,176,67.97137963228562,2.6287682096187472,3,2,20,7,7,6,33.28216824573318,5,5,61.0,6,3,25.865463706010125,2.403400917930721,14.489812961473588,2.526175747748622,0,35,15,52.0,9,12,2.0438589190789043,4.333236626018589,20,1,1,47.9,54.11,65.04,78.0,73.25,5.956755711461856,0.9041163499746177,2025-12-08T18:51:50.364141+00:00,1272,San_Beda_University_20251209025150_1272,1,59.45
San Beda University,1933.1764810628329,361.71747130898046,19.4969251073871,41.91866636908957,207,203,22,20,181,25,6.602241177588104,26,1,55,34,209,88.88977327736438,2.2106298376732068,3,4,21,7,6,6,29.54518968891053,7,5,91.0,5,3,17.0490859658181,2.789314119566071,15.706449614464567,1.3504473078446562,1,44,14,62.0,5,16,3.12075519223426,5.809243008663525,12,1,1,58.67,48.33,84.71,71.28,62.7,7.595778705584733,1.1761977965713597,2025-12-08T18:51:50.365135+00:00,1273,San_Beda_University_20251209025150_1273,1,65.48
San Beda University,1127.4953327952153,404.6917690432465,17.046177995780564,50.7140470632222,155,194,30,23,246,23,4.547998405013022,30,1,74,20,236,93.08115082213904,2.182099974742293,4,3,18,7,5,5,29.25959775296932,5,6,59.0,7,2,27.50598662571745,3.1854685422691684,20.051211479037004,1.209903089901622,1,43,17,53.0,8,15,3.5503100512198094,4.99883989702843,12,0,0,55.6,53.44,92.45,82.49,77.53,9.44094557508694,1.024011201192491,2025-12-08T18:51:50.365135+00:00,1274,San_Beda_University_20251209025150_1274,1,67.05
San Beda University,1429.5721230186264,221.32461569973756,22.8930902261826,71.31660214785138,216,193,24,17,190,32,4.731957153861012,31,1,74,28,120,65.72171182704,2.0339560128882592,2,3,16,6,5,7,31.53528053518661,4,4,73.0,6,2,21.700602026847893,3.983157179805907,16.672964860938308,1.4710252911038146,1,47,16,74.0,10,14,3.122146779001255,5.573735497361136,18,0,1,52.07,42.48,64.84,70.42,70.05,5.645371203011058,0.0,2025-12-08T18:51:50.365135+00:00,1275,San_Beda_University_20251209025150_1275,1,58.38
San Beda University,1632.699228527753,335.59909098222505,16.74775201404579,44.511854251373606,88,293,21,25,255,29,6.958118017578862,28,1,58,26,181,58.728451896214494,3.3055522227100544,4,4,19,9,6,4,31.80478029941804,4,4,98.0,5,3,9.615666634635463,2.63192016497986,11.97757930066368,2.093638866577746,0,39,16,62.0,6,16,2.319109296042132,4.885230681736865,12,0,1,51.82,51.18,62.64,80.06,71.19,4.254617380763975,1.137282484267775,2025-12-08T18:51:50.366135+00:00,1276,San_Beda_University_20251209025150_1276,1,61.28
San Beda University,1711.2420717287823,308.0505635801215,17.923944815774625,48.63207014805423,164,218,20,26,162,25,7.587244159994706,18,1,102,33,190,62.37979118812204,2.9063813824847013,3,4,30,3,6,5,29.2023451932337,7,5,69.0,5,2,19.95879325504299,2.117786946551176,14.081142264072882,1.6511446044874265,0,37,19,50.0,8,10,2.8413728442645816,5.0656860675607,15,1,0,55.58,47.57,55.59,81.72,75.37,7.256996127888085,1.2835509651612438,2025-12-08T18:51:50.366135+00:00,1277,San_Beda_University_20251209025150_1277,1,60.58
San Beda University,1409.80368977148,383.9738934685218,25.638028155560683,71.48709397955662,266,276,21,24,242,31,7.1931371178145165,19,1,93,33,164,79.05221150429331,1.8841648559087836,4,5,14,9,5,4,29.86207459633294,5,4,56.0,3,2,27.157465128763874,3.4082413598718624,12.067495393322783,2.348093642207272,1,31,20,51.0,7,17,3.432612394166206,6.079474147766082,12,1,0,57.22,43.22,80.13,90.24,76.53,6.316472265102989,0.1158247595085666,2025-12-08T18:51:50.366135+00:00,1278,San_Beda_University_20251209025150_1278,1,60.93
San Beda University,1555.9185805621428,323.6579131610275,20.82377240491312,46.194875333331055,327,279,29,28,263,23,5.416176731981798,19,1,83,24,199,88.11990417279053,4.3654220538354,2,4,22,6,7,5,27.831477869777903,9,4,83.0,4,4,22.163104265981364,2.899209867126902,15.776788431234534,1.8744563087149864,0,41,11,50.0,7,15,2.902237828752554,3.7653879469095983,11,1,0,54.7,54.99,91.68,67.94,72.7,7.111086872350592,0.1573685905594375,2025-12-08T18:51:50.367136+00:00,1279,San_Beda_University_20251209025150_1279,1,64.23
San Beda University,831.1047577862277,278.0813655509326,25.27128035980836,46.35220333459101,205,202,28,17,281,32,5.622408764673373,15,0,68,34,186,89.31701164407266,2.865154639164445,3,2,11,7,5,3,25.54121322900213,7,4,70.0,5,2,8.975065405400446,2.300113697476638,18.756862845161827,1.9900794216709472,1,31,21,62.0,9,15,3.2334319502957487,4.904744810185149,19,1,1,49.57,56.13,85.57,95.0,66.93,8.291412755125098,0.0,2025-12-08T18:51:50.367136+00:00,1280,San_Beda_University_20251209025150_1280,1,70.05
San Beda University,1829.5741935557623,179.41039637203198,22.87045687358024,58.94799819684647,170,120,25,23,212,21,8.598235960617222,22,1,70,21,143,57.56308137466318,1.9675287791086613,3,4,20,6,6,5,31.241991935350335,8,5,88.0,4,3,13.672278845673098,3.0017869751337267,12.317369803461608,1.5588269531745855,1,19,13,45.0,10,13,2.620162341096502,3.816511806369436,20,1,1,58.2,51.72,61.19,95.0,75.86,6.920084021036035,1.2722671762700408,2025-12-08T18:51:50.367136+00:00,1281,San_Beda_University_20251209025150_1281,1,61.39
San Beda University,1391.941038127525,272.1795829582214,19.30965886077188,32.09656395961372,255,235,22,16,183,27,7.507290383189057,25,2,68,30,69,80.01454705968825,2.12285874117766,3,5,18,5,6,5,23.390638289026985,7,6,69.0,5,3,15.38006909231932,2.7948370188718603,16.97612285084844,1.849981003398528,1,30,10,42.0,7,16,3.893846074228729,3.7746715348119606,11,1,1,53.71,54.67,80.69,68.02,72.79,7.999624195066554,0.2765006924937104,2025-12-08T18:51:50.368136+00:00,1282,San_Beda_University_20251209025150_1282,1,71.61
San Beda University,1993.6468878522,370.0042378481872,22.886703609486705,40.474391489520336,242,193,27,34,234,35,6.604458511657313,25,1,107,21,167,79.67072478245161,2.502237261983301,3,3,24,8,6,5,24.35713224330973,8,4,58.0,6,4,18.27433149454817,2.6581930731258887,19.666415593839517,1.3615588324829777,0,32,11,59.0,7,18,4.197472976104054,5.084108331000701,17,1,0,53.94,59.03,74.51,75.39,72.73,6.46805686887918,1.200055382790017,2025-12-08T18:51:50.368136+00:00,1283,San_Beda_University_20251209025150_1283,1,62.88
San Beda University,1422.4168913716048,261.91326589222314,14.72731500170014,52.39441152913121,213,248,26,22,267,27,7.760746545781116,20,0,73,29,150,129.7180368405331,3.1394254641515444,3,4,20,5,6,6,29.734511847041045,9,5,92.0,7,3,22.78627421778082,3.1348451593325377,19.13105730634087,2.684005390091916,0,32,20,51.0,6,13,2.676056343786033,5.888030575673136,13,1,0,62.23,57.05,95.0,87.47,73.27,7.318988950258596,0.0,2025-12-08T18:51:50.369136+00:00,1284,San_Beda_University_20251209025150_1284,1,72.72
San Beda University,1697.818827261103,240.5401631660624,24.694448031724367,58.19143161818397,302,298,20,20,204,29,5.354092579095998,26,1,89,30,171,87.47098124727746,2.278828327288016,3,4,17,6,6,6,33.872634666095024,8,5,80.0,5,3,18.369498682619582,3.342992414293404,20.30009829692684,1.2867833352029392,0,30,15,33.0,9,12,2.363561712512076,5.88312483525963,12,1,0,48.74,42.8,90.51,90.26,71.73,5.261623659137356,0.9500665779230878,2025-12-08T18:51:50.369136+00:00,1285,San_Beda_University_20251209025150_1285,1,66.31
San Beda University,1508.523064483957,287.77478362751623,26.9582456569423,49.92282325485728,305,236,21,22,217,35,6.153322954482435,27,3,82,27,151,84.74175595442826,2.401969475213777,3,4,18,5,7,5,29.490298705699058,7,5,110.0,6,2,18.593123068777537,3.4044807368262187,17.021004115240448,2.273510229164599,0,33,15,50.0,9,12,2.577924172242691,5.24952547743932,11,1,0,51.6,52.5,85.13,83.34,74.39,6.817891875589752,1.1183491761876283,2025-12-08T18:51:50.369136+00:00,1286,San_Beda_University_20251209025150_1286,1,65.22
San Beda University,1977.9482409560685,216.6376436814413,24.641221651145155,36.574726725499495,289,172,33,27,165,23,5.791146679857483,24,2,104,27,199,81.06452094841075,3.0638629111267144,3,4,18,7,6,5,37.44198175975923,8,6,73.0,4,3,18.637496282273037,3.4487817927834525,15.88664924159646,1.2362740687924982,2,25,22,63.0,8,18,3.208348150173717,4.196881038352357,15,2,2,54.7,50.43,83.2,95.0,64.94,6.138006014782991,0.0096892781491313,2025-12-08T18:51:50.370135+00:00,1287,San_Beda_University_20251209025150_1287,1,65.97
San Beda University,1494.533247705802,250.7455611282901,20.71333465462732,35.603146615118845,244,202,26,24,208,19,7.375342694929351,25,1,50,23,152,107.60914038818024,2.169505824844273,3,3,21,7,4,5,24.997966165437155,8,4,71.0,6,3,14.591415667556582,3.165540742786101,19.56309065847564,1.6245043289867405,1,31,20,46.0,10,10,3.486490292993486,6.783291159016294,13,1,0,59.41,53.04,95.0,95.0,76.91,8.617318148489868,0.040209601100456,2025-12-08T18:51:50.370135+00:00,1288,San_Beda_University_20251209025150_1288,1,78.29
San Beda University,1516.757406493234,373.1989377965267,26.431738490684342,58.44424945639595,220,203,33,18,211,31,8.023102234252775,25,1,70,26,149,81.57008903482458,2.6682306178763486,3,4,21,8,6,4,25.81630031816525,7,5,53.0,3,3,24.36555457633541,3.083054235914225,19.03195849621859,3.030997687395309,1,31,16,31.0,9,14,3.3042896470751058,5.880061767536604,15,0,0,58.31,45.8,76.44,84.01,70.73,4.138077112967142,1.3589592561430104,2025-12-08T18:51:50.370135+00:00,1289,San_Beda_University_20251209025150_1289,1,66.24
San Beda University,1131.3795380057422,159.86083885723264,19.25765544773621,50.11204234199239,293,309,22,24,194,29,8.208962888678224,22,1,78,23,138,80.0358895617076,1.798554269893488,3,4,20,9,4,5,24.64827853042608,7,5,85.0,6,3,22.431421936527386,2.649912078837241,17.071607358004194,1.1155003912274677,2,27,18,59.0,6,14,3.515133312047881,3.915778780680374,15,1,0,56.67,47.13,79.13,95.0,75.38,6.120037278774271,0.7093174489389513,2025-12-08T18:51:50.371135+00:00,1290,San_Beda_University_20251209025150_1290,1,68.13
San Beda University,1129.003592717087,343.45368294035467,15.173924035939518,63.28912315064045,296,163,14,21,200,25,6.539776237198821,23,0,64,30,152,83.58422575189486,2.5456147816664885,2,4,17,7,5,6,32.833267899598205,6,5,49.0,4,3,15.057787024434129,2.6206048243229625,14.056831579325497,1.9283879612264727,1,35,18,58.0,7,21,3.254868090857097,3.5687630734632005,15,0,0,50.09,55.63,87.02,80.85,71.57,6.630293028858171,0.5970523613253614,2025-12-08T18:51:50.371135+00:00,1291,San_Beda_University_20251209025150_1291,1,65.88
San Beda University,1093.402685333576,339.236366797129,20.743587547003337,57.86283929027788,275,228,18,18,218,33,7.857752379640507,24,0,76,18,84,68.51558458288758,2.272192565647948,3,3,22,9,8,5,21.23885040028476,6,6,75.0,6,2,20.394044646580056,3.2172711796311764,13.15466792607338,2.593043730528324,2,28,19,50.0,6,13,3.097025626755731,4.697456248523798,14,1,0,57.88,51.37,70.41,95.0,76.17,4.957087114472979,0.8463315121877315,2025-12-08T18:51:50.371135+00:00,1292,San_Beda_University_20251209025150_1292,1,71.53
San Beda University,1624.1908035791737,292.8463871512887,18.193440254983383,53.84447313510113,304,217,31,15,139,28,6.677077814383214,26,1,89,31,134,103.7832968138895,2.588578611846256,2,3,14,6,6,5,35.06095524510509,5,4,68.0,7,4,18.178184090698768,3.889263035386665,20.741235720120876,2.126627889743362,1,24,14,43.0,8,10,2.734263110435603,4.78477197132446,15,1,0,60.59,44.59,95.0,89.34,73.24,6.866098766045712,0.2045830003866493,2025-12-08T18:51:50.372135+00:00,1293,San_Beda_University_20251209025150_1293,1,68.17
San Beda University,1304.405683803752,343.6294488162772,23.37488299258855,51.17587754604013,271,245,23,20,278,36,8.581592353190015,20,0,102,24,180,110.595030727027,2.788546396341557,2,3,16,7,6,6,31.74659097742089,9,7,85.0,4,3,17.461424013406642,2.749004577705163,14.319000272362835,2.988007183219553,1,27,9,51.0,9,12,2.0211220745628884,4.385888905729816,19,1,1,51.1,50.65,95.0,73.68,67.7,8.000761847870075,0.8474250383611235,2025-12-08T18:51:50.372135+00:00,1294,San_Beda_University_20251209025150_1294,1,69.12
San Beda University,1755.0455676295471,363.69380820376654,21.00865158537106,71.75773187273946,175,195,12,19,200,28,7.319464063483127,26,0,98,24,221,67.12723808599375,4.06374829242171,3,4,19,5,6,4,21.373535089749204,6,6,82.0,7,3,21.807731530185137,2.887042427460431,13.752173244826857,1.9668817888413952,0,38,19,55.0,8,14,2.8019615105834434,4.776224432273059,11,1,0,51.78,51.75,65.33,93.62,79.6,8.92344511036867,0.4687063549460935,2025-12-08T18:51:50.373142+00:00,1295,San_Beda_University_20251209025150_1295,1,74.22
San Beda University,1388.093674192117,347.39519541719494,23.70557794326721,53.30498919433203,260,213,25,19,273,30,8.58999813828323,21,1,88,30,147,78.33339205970692,3.5888827316304077,2,3,19,7,5,5,30.275516853710915,10,4,71.0,4,3,21.63789460671798,2.1173488727152066,17.80583896399993,2.578313110448626,2,29,18,36.0,6,14,2.761887726353525,4.364878999030409,20,1,2,50.41,52.31,80.97,95.0,62.41,6.143839256339143,0.8733022567725492,2025-12-08T18:51:50.373142+00:00,1296,San_Beda_University_20251209025150_1296,1,64.68
San Beda University,1903.8850681513345,290.4485508104311,17.575991330829293,47.63852798385183,324,275,21,18,209,30,7.043080348528381,22,0,120,21,207,81.27372740648099,3.013024286877012,3,3,25,8,8,6,35.892330595786326,6,4,84.0,6,3,12.105866768023205,3.399630851734613,17.45015952013386,1.4879341926815024,0,37,22,38.0,8,19,2.5790825718152184,6.126132026523315,13,2,2,56.72,59.01,80.49,93.74,60.51,6.765452978517748,0.6307963206346069,2025-12-08T18:51:50.373142+00:00,1297,San_Beda_University_20251209025150_1297,1,71.24
San Beda University,1797.8111822091164,375.46088866708016,12.032249534422345,56.13496545956393,277,156,17,21,266,22,8.630608984582476,19,2,74,29,151,102.01921616907808,1.8553866081230777,3,4,15,7,5,5,26.245725257136343,8,5,71.0,5,3,21.822998060430148,3.5571461168052707,12.079727932690876,2.388618042839352,0,32,12,34.0,10,15,3.419867368960257,6.352982783173074,16,0,1,55.9,48.37,95.0,71.04,70.39,7.356893002680121,0.5190255110171251,2025-12-08T18:51:50.374139+00:00,1298,San_Beda_University_20251209025150_1298,1,69.85
San Beda University,1838.494105340135,332.1284010965104,20.602315711822094,59.13053629246429,330,287,24,25,257,20,6.8090605654361935,14,0,95,28,159,95.4477981252064,2.710739032524802,2,4,17,6,5,3,31.05243692730752,5,5,73.0,5,3,16.740327895764235,2.9905190417504803,17.511342252310897,1.1078091246702964,1,38,19,38.0,8,19,1.4475496647688215,6.539312165338173,24,1,0,56.51,59.8,93.67,78.49,68.16,7.845346799998188,0.1612863679320007,2025-12-08T18:51:50.374139+00:00,1299,San_Beda_University_20251209025150_1299,1,67.42
San Beda University,1094.6872323848513,312.4966337644247,14.799288396078332,72.91623134793164,237,248,21,16,261,26,8.405251960746922,20,1,85,16,194,55.115181450002616,2.093408908514915,2,4,15,9,5,5,27.4860733929912,8,6,74.0,4,4,25.307862206658623,1.6445508800500013,15.97465739366818,2.3548540616241063,1,32,17,54.0,8,16,3.2899154086125297,6.8748853402297225,15,1,0,57.43,52.04,54.8,74.21,75.29,8.125366307596083,0.3987431863666774,2025-12-08T18:51:50.374139+00:00,1300,San_Beda_University_20251209025150_1300,1,61.72
San Beda University,852.5222394445215,274.7342662721784,19.833713484023583,36.84145640038653,246,306,28,25,111,31,7.5976040998523935,22,2,70,31,174,87.17389723580229,1.2172242562288098,3,5,19,8,6,3,39.54875766314475,7,3,64.0,6,3,17.729920198597345,2.2198612383713545,16.711957230278664,2.319287472148182,1,18,15,56.0,9,16,3.233136189817219,6.3757568808289085,15,1,1,51.64,49.82,84.82,95.0,73.39,5.92265124483343,0.7162636282488799,2025-12-08T18:51:50.375136+00:00,1301,San_Beda_University_20251209025150_1301,1,65.73
San Beda University,1527.34816870487,204.5945290856239,27.04049018228061,45.009960890288575,241,216,18,27,168,32,5.419572660620162,25,1,63,26,160,105.34959246163008,2.50210586647469,4,5,16,6,7,5,31.218116859895225,5,6,100.0,5,3,13.337926618385511,2.7782053193021827,17.696383778987478,1.8295404351317377,2,37,18,66.0,8,14,3.3562351626912053,4.481868550783538,19,1,2,59.84,48.66,95.0,80.63,63.71,5.495413482615978,0.0,2025-12-08T18:51:50.375136+00:00,1302,San_Beda_University_20251209025150_1302,1,69.13
San Beda University,1588.5547238024585,374.89221662047953,23.42483730642292,55.0874191445814,250,198,34,19,207,20,6.662960548999908,19,1,88,20,128,74.80290380440105,3.337429687417254,4,3,17,7,6,5,35.245316937675895,7,6,94.0,6,3,15.197991868623635,2.73120092309866,11.84913274031497,2.3383661233101454,1,34,16,56.0,10,14,2.457728096887098,4.633292414668658,22,1,0,51.99,57.09,72.6,80.2,70.04,5.638591622950883,1.0608970750910105,2025-12-08T18:51:50.376135+00:00,1303,San_Beda_University_20251209025150_1303,1,64.79
San Beda University,1452.6598978568247,174.981229088301,20.27099456708351,41.35963220173201,196,272,19,22,195,27,5.687436059484681,31,2,77,35,126,102.767357201221,3.001402139533619,3,4,22,6,6,5,32.7323504216401,9,7,71.0,6,2,17.489922745330517,4.1602858628992525,16.745949690250534,2.8104783714066457,1,32,18,48.0,8,19,2.7323755574980857,4.555352753463992,13,1,1,59.46,51.27,95.0,88.51,67.35,8.493161864886227,0.0,2025-12-08T18:51:50.376135+00:00,1304,San_Beda_University_20251209025150_1304,1,71.67
San Beda University,1374.9693652418846,428.6320965659019,22.952045500687618,58.89802220227104,328,218,28,27,250,26,7.854670438109217,26,0,57,16,144,126.6966857295271,3.658496022241793,3,5,16,7,7,6,14.760500545585108,7,5,80.0,4,3,19.369667506845392,2.0332138269846123,16.85336249233003,1.1133452884475936,1,19,14,41.0,9,14,3.672802143087905,3.6436176175379194,16,2,1,60.72,55.16,95.0,95.0,67.62,7.152609768504782,1.7083181616220002,2025-12-08T18:51:50.376135+00:00,1305,San_Beda_University_20251209025150_1305,1,69.75
San Beda University,1836.2815555661568,323.094087284102,19.52121137425709,66.6853282472332,323,234,24,17,201,25,8.224421643857669,27,1,64,31,174,101.23670860190364,3.76153935247084,2,6,14,9,7,5,32.83347778483254,7,6,73.0,4,2,18.581566015988045,2.380379207478263,12.130995024331265,1.9870099646038373,0,20,18,61.0,8,9,2.976204873995897,5.37083170793945,18,1,1,59.68,52.06,95.0,95.0,71.19,7.886695386428025,0.0,2025-12-08T18:51:50.377135+00:00,1306,San_Beda_University_20251209025150_1306,1,73.6
San Beda University,1416.0,126.0,8.9,54.693,244,202,14,28,183,35,5.0,18,0,144,15,85,82.79,0.0,3,0,5,1,4,0,4.0,4,4,100.0,18,61,1.0,0.0,0.0,6.0,0,44,38,86.36,26,13,2.0,3.0,8,0,0,5.55,6.51,7.08,6.85,7.04,6.61,0.0,2025-12-09T06:10:41.964049+00:00,1307,San_Beda_University_20251209141041_1307,0,
San Beda University,1748.1993327301752,131.95396929076762,10.630439852526246,61.622502022088206,301,249,16,22,127,39,3.306296043068852,11,1,156,20,50,105.38114699912424,0.060520976426568736,4,1,5,0,5,1,4.675461223106468,6,4,149.0,17,66,1.221047495209952,0.5704647997216344,0.5328796846357029,5.549701983673163,1,41,30,96.0,18,16,1.2851883159906683,2.786879784824339,7,1,2,49.4,48.48,95.0,95.0,67.17,6.971016124905423,1.0852000516711398,2025-12-09T06:10:41.965050+00:00,1258,San_Beda_University_20251209141041_1258,1,69.57
San Beda University,1385.2444024771744,110.76462428992599,10.0,47.8509878187536,244,107,22,33,182,38,4.770193542599284,19,0,138,16,83,65.73599562078974,0.4033282641411022,3,1,4,1,4,1,4.146843985360846,6,4,139.0,14,55,0.9916367878074281,0.4720125225422132,0.8619627357099972,5.149623259633267,1,59,43,96.0,32,14,1.6298268564576261,4.022881678454013,8,0,1,52.63,57.34,63.26,95.0,71.88,7.25271009618352,0.6482668373088546,2025-12-09T06:10:41.965050+00:00,1259,San_Beda_University_20251209141041_1259,1,65.16
San Beda University,1488.7312624699557,142.86386917649205,12.512780141130557,64.05617384034674,188,225,16,30,215,34,5.431953104447884,13,1,120,17,53,112.81545747579793,0.1848335894743894,3,1,4,1,4,1,4.4361370733676155,5,4,99.0,19,62,1.333965907808417,1.3233347717281116,0.6620945942420465,6.358849807564681,1,41,47,70.0,15,12,2.6346218438472153,3.3271120628092685,7,0,1,52.51,62.92,95.0,95.0,74.35,5.877398688933357,0.46683815170729376,2025-12-09T06:10:41.966054+00:00,1260,San_Beda_University_20251209141041_1260,1,76.32
San Beda University,1262.7714890444595,127.22693563469429,10.0,62.74140143527385,285,188,12,25,230,23,6.251420576486733,22,0,134,16,63,73.09809037940437,0.16859407532532292,3,2,5,1,3,1,4.137871834740888,4,5,117.0,17,50,0.48065845845729227,0.3070455704775761,0.9775228292965362,4.816568117841685,0,32,31,90.0,33,11,1.4464802115751305,3.362686372429027,10,2,1,57.94,48.91,69.71,95.0,71.78,7.811048680685502,0.7339209085775997,2025-12-09T06:10:41.966054+00:00,1261,San_Beda_University_20251209141041_1261,1,68.86
San Beda University,1373.0617642407203,140.02040869192905,10.0,64.12697740342438,202,219,14,24,156,46,5.138434960006351,13,0,156,11,81,101.00908124906643,1.1279790898445754,3,3,5,1,4,1,3.8377283823566035,4,5,107.0,19,78,0.6611673634098358,0.5987783456614205,0.7981309450410649,4.377291765840509,1,59,41,79.0,29,11,2.5476419817793223,1.9321434094606158,6,0,0,48.55,56.33,95.0,90.4,80.61,7.522716870007079,0.958459483527687,2025-12-09T06:10:41.967047+00:00,1262,San_Beda_University_20251209141041_1262,1,73.76
San Beda University,1005.8311214511734,154.6814092622131,10.880205602340446,67.70903836000362,217,240,15,22,211,31,6.443497185397121,16,1,140,11,116,88.10224718208276,1.642816650591896,3,0,4,1,5,1,4.656820716754089,5,5,125.0,16,72,0.32743381484712786,0.4742327904698334,0.2853068691360061,5.747697853896802,1,59,32,84.0,30,8,2.8140730604143287,2.6577328947878947,10,2,0,47.41,56.82,89.55,88.04,74.75,7.026282992268756,0.7974709454751405,2025-12-09T06:10:41.967047+00:00,1263,San_Beda_University_20251209141041_1263,1,69.49
San Beda University,1779.86807816192,185.60475585211958,10.0,40.41894073239095,252,220,18,28,175,30,3.4134670336505977,15,1,184,14,89,60.033621851432784,0.2517943851151248,3,1,4,1,4,0,3.079158552550573,4,4,76.0,12,69,0.44073614194691624,0.609883446481428,0.9622260456839961,6.63331065833953,0,36,27,82.0,23,14,2.354312034787716,1.8197083702240584,7,1,0,51.42,56.98,65.84,95.0,83.27,5.625650753175263,0.8971509459682857,2025-12-09T06:10:41.967047+00:00,1264,San_Beda_University_20251209141041_1264,1,68.45
San Beda University,1455.5203139725068,83.04152288472707,10.0,72.72925035949706,266,226,8,17,168,37,6.332526189344302,16,0,110,19,81,65.35050579172051,0.8206024583570612,3,1,3,1,5,1,3.010869756264466,5,5,111.0,17,47,0.7657339571128974,0.7440466230762853,0.19689142437793886,6.142830388292904,1,35,40,124.0,25,13,1.8417641786500496,2.2477848450435585,8,0,0,54.1,61.63,66.64,95.0,76.69,6.102007693423542,0.5237556689409278,2025-12-09T06:10:41.968046+00:00,1265,San_Beda_University_20251209141041_1265,1,69.98
San Beda University,1311.011034316763,146.24234651026794,10.0,72.71880430145804,246,219,13,26,209,24,5.697811554456519,25,1,163,10,59,94.65671020259502,0.42434570800858107,3,1,5,0,5,1,4.3335761892532405,4,2,36.0,24,59,1.1279833865193827,1.8817567839060172,0.6982100737779581,3.4239321798808153,2,40,37,63.0,25,11,1.8671142343856109,3.256621394509478,9,0,1,55.51,58.07,89.8,95.0,71.76,3.7489812451263633,0.30445257446802565,2025-12-09T06:10:41.968046+00:00,1266,San_Beda_University_20251209141041_1266,1,68.33
San Beda University,1629.4095341118768,168.55436642229637,10.0,60.54587079840137,168,228,14,18,233,23,5.835715821486812,21,0,162,13,93,83.70895740998446,1.151545879241216,4,0,7,1,4,1,2.9252144657554253,2,4,111.0,13,69,0.6861802980340943,0.6824749372041594,0.9681379835291767,6.720864431114804,0,52,57,104.0,26,15,3.0483479994497724,2.8349985059971137,9,1,1,50.51,48.81,88.2,95.0,74.92,4.627272448199887,1.0858490271628127,2025-12-09T06:10:41.968046+00:00,1267,San_Beda_University_20251209141041_1267,1,66.94
San Beda University,644.781954622367,142.60158665334615,10.0,51.14322590400854,301,174,18,23,191,41,6.170076962973813,23,1,149,18,86,85.12667086782416,0.9155231139191866,3,1,6,2,4,1,4.00388510393554,4,2,120.0,16,76,0.941151418999684,0.7382381945042075,2.023723587308093,5.867940550341094,0,42,39,94.0,21,15,1.3449097959996776,2.671122750235791,8,1,1,46.93,56.16,84.22,95.0,71.31,5.521400448031615,1.3754180828057612,2025-12-09T06:10:41.969047+00:00,1268,San_Beda_University_20251209141041_1268,1,68.03
San Beda University,1761.8980829954812,141.1306328683639,11.197163418222106,58.21579654519416,292,239,11,24,207,38,7.072494543646199,15,2,137,12,102,76.23126466958217,0.10671286407067766,3,0,5,1,4,1,5.336463420260588,4,3,121.0,17,76,2.1327154188145325,0.06702520626209824,1.3638832463211974,4.198555296574131,0,49,54,78.0,27,17,1.2266154091925368,2.123231179128477,8,1,1,50.79,50.17,75.14,95.0,68.09,8.06349165537251,0.2579020319544109,2025-12-09T06:10:41.969047+00:00,1269,San_Beda_University_20251209141041_1269,1,65.61
San Beda University,980.0973798287546,121.35663520577417,10.0,48.49599170340268,221,254,15,27,132,48,3.3008435862270704,17,1,181,13,96,102.79544491789474,0.5393460483417754,3,3,6,0,4,1,4.088802450435775,6,5,77.0,18,54,0.8530003670796362,0.8230892018306808,0.19205162845606577,5.9818132212559565,0,50,24,115.0,29,16,1.9938520089483458,3.5118661656881107,8,0,1,50.41,54.38,95.0,78.71,71.25,7.27152946262732,0.15476946907460543,2025-12-09T06:10:41.970046+00:00,1270,San_Beda_University_20251209141041_1270,1,67.91
San Beda University,1290.3094154551316,155.95808387470908,10.0,37.2905176447531,196,215,12,23,217,37,6.207765018932709,18,1,146,14,110,83.55670268973766,1.1708704470294755,3,2,3,0,4,0,4.4957472020677685,3,4,99.0,16,91,0.9579197721068294,0.028381715849785077,1.901929870496152,4.716846398418947,0,38,34,79.0,32,13,2.4134736119373583,2.893996138445907,6,0,1,55.38,53.65,87.08,95.0,72.3,7.248409998539527,1.7941081587296095,2025-12-09T06:10:41.970046+00:00,1271,San_Beda_University_20251209141041_1271,1,72.31
San Beda University,1472.968173726979,126.26017584078167,10.0,56.38241938081117,312,209,15,41,88,37,3.924005037688383,18,2,119,17,80,70.66161688737314,0.47661768511674907,3,1,4,1,4,0,2.6206276088225495,4,4,77.0,18,41,0.7569250985849166,0.7535725916432117,0.09339876625768499,5.09899230777848,1,57,37,96.0,27,15,2.006124960370459,3.6284336383601743,9,1,1,47.98,49.36,72.73,90.4,71.46,9.107667380949023,1.1799838150859017,2025-12-09T06:10:41.970046+00:00,1272,San_Beda_University_20251209141041_1272,1,65.9
San Beda University,1215.199262119425,86.2339750938012,10.0,72.06774640092277,238,159,8,34,230,35,7.620706820593645,24,1,175,16,75,83.25795168725135,0.5633400223308266,3,0,3,1,5,0,3.2201078873404723,3,3,119.0,19,71,0.7897232797246069,0.3437319490739938,0.9633695647696444,5.697921801556612,1,55,40,48.0,27,14,2.190500321877082,3.5182442751247542,8,0,0,46.32,54.09,86.6,93.88,75.43,7.260272351336741,2.1736368470839773,2025-12-09T06:10:41.971046+00:00,1273,San_Beda_University_20251209141041_1273,1,68.29
San Beda University,1467.8677718783438,103.50999366208055,10.530622107312944,65.5556657383259,245,231,10,21,203,36,4.966620241582375,17,1,86,15,78,73.39337310245607,1.628388371191546,3,1,5,0,4,0,4.126709779424916,4,4,97.0,19,60,0.8289347719951909,0.6025608363870207,1.2304815550381583,5.3132189396954,0,41,42,64.0,31,14,2.26579723396199,1.8463258115218961,9,1,0,58.69,52.46,73.61,95.0,71.44,6.913628596165202,0.9858978472304629,2025-12-09T06:10:41.971046+00:00,1274,San_Beda_University_20251209141041_1274,1,64.52
San Beda University,1726.4861170121885,132.64623457164424,10.0,63.68867302929585,182,225,13,35,183,31,3.2963413315514876,24,1,173,17,93,91.18540001033534,0.0874636574959477,3,2,6,2,3,0,5.636875834059615,3,4,81.0,18,67,1.2602907523410392,0.20296925167608632,0.0672694198154015,6.983463437598263,0,40,39,71.0,28,11,1.6548076345126446,2.897403098419882,9,0,1,51.2,57.32,88.41,95.0,78.59,6.474014626597914,0.07819498394079981,2025-12-09T06:10:41.971046+00:00,1275,San_Beda_University_20251209141041_1275,1,71.78
San Beda University,1202.5240064938746,88.8295334531121,10.0,53.01068463638349,235,221,16,20,223,45,4.456076951513268,19,0,141,10,107,74.6785738564827,0.5289956743130821,4,1,4,0,4,0,2.863336013535995,3,4,130.0,14,67,0.8863808273453946,0.6277330288879422,0.0625496337032995,4.5538595480833095,0,43,48,78.0,29,16,2.455064610665188,3.5446428714287816,7,0,1,48.02,51.68,73.04,95.0,73.54,7.955070673285027,0.37609075677406745,2025-12-09T06:10:41.972047+00:00,1276,San_Beda_University_20251209141041_1276,1,66.9
San Beda University,1404.2986309812054,99.75911563607603,10.324798205276922,51.52414902583629,205,136,19,20,249,38,4.066091884121994,15,1,159,15,79,77.69325005701175,0.5095904726131056,4,1,5,2,4,0,4.505425547394195,4,5,102.0,19,68,0.7644531486726028,0.341203006403655,1.153655346259602,5.566748136821884,1,35,51,81.0,24,12,2.6028101628069895,3.6606472389422313,7,1,0,56.06,58.65,77.32,95.0,79.87,6.74380755152419,1.7165280767500304,2025-12-09T06:10:41.972047+00:00,1277,San_Beda_University_20251209141041_1277,1,74.29
San Beda University,1927.1300055680458,161.36882098435314,10.0,57.32561599508092,183,167,11,28,184,31,3.563620696769735,17,0,240,11,110,84.87569237090395,0.30517832073446194,2,0,7,1,6,0,3.3633154796239157,4,4,103.0,18,77,0.8061169651113993,1.0779411338467746,0.6596940801407857,6.8306884941442405,2,52,29,110.0,25,15,2.144270387468789,3.137037611746253,6,1,0,42.88,53.74,89.22,85.73,75.33,8.423100889951948,0.5530605184680443,2025-12-09T06:10:41.973047+00:00,1278,San_Beda_University_20251209141041_1278,1,68.21
San Beda University,1734.9143130847372,174.68767151331522,11.43916431582996,65.88828128673615,345,191,11,30,239,34,4.665221173279382,20,2,137,13,77,88.13236200889371,1.067300344178645,4,0,4,0,4,0,4.571727668120382,5,4,93.0,17,52,0.0,0.4724682742118552,0.2117390442728612,6.04644627523423,2,43,38,97.0,15,13,2.229437898737575,2.234025385472763,7,1,0,56.9,54.42,94.26,95.0,79.31,7.648363523941097,0.13923939277535413,2025-12-09T06:10:41.973047+00:00,1279,San_Beda_University_20251209141041_1279,1,73.41
San Beda University,1532.2892605863208,152.50874914803978,11.322874819418299,66.42776559189349,238,179,17,30,179,32,4.654639644801846,14,0,128,19,58,101.53543097575805,1.0551679332223671,2,1,6,1,5,1,4.401611389847146,3,4,80.0,20,80,1.0593315943589212,0.369869798386472,0.08985589173217756,5.672040511899605,0,48,34,85.0,25,12,2.253753907890845,2.883348695475808,8,0,0,45.71,69.32,95.0,91.99,78.9,9.1320997431215,0.6604002747349234,2025-12-09T06:10:41.973047+00:00,1280,San_Beda_University_20251209141041_1280,1,72.24
San Beda University,1794.374808281189,123.58585675742832,10.0,33.86041566487198,308,245,15,26,232,35,4.3640911084353435,23,1,182,14,70,102.29619417776094,0.715736313951604,4,0,5,1,5,1,5.754784908272044,4,4,102.0,18,52,0.6523221049004727,0.3032438548323417,0.5769749151962367,7.023342241353181,1,46,38,68.0,28,12,1.8981955942878106,2.870723550370223,9,1,0,48.62,43.76,95.0,95.0,78.57,7.17006832297429,1.714807286521439,2025-12-09T06:10:41.974047+00:00,1281,San_Beda_University_20251209141041_1281,1,74.04
San Beda University,1301.7757819937951,125.3864948550314,10.0,49.50715112286598,262,233,13,23,164,29,5.8997902776744695,15,1,154,15,124,68.89446624881951,0.3557189804361188,4,0,4,0,3,1,3.9016260404716814,5,4,123.0,19,66,0.12108728545781322,0.5218103432942179,0.6863978766461362,4.746377577977366,1,38,38,82.0,25,11,2.0458673095698363,3.7015000009449235,9,0,0,46.9,64.76,67.87,95.0,75.28,6.739390576172075,1.5169141930975163,2025-12-09T06:10:41.974047+00:00,1282,San_Beda_University_20251209141041_1282,1,63.43
San Beda University,1700.5198442011463,125.33615012573829,10.0,48.836818971343035,205,258,16,20,191,43,3.104164211028971,15,2,112,9,81,81.13035733564242,0.3684649199674633,2,0,6,2,5,2,2.737116050483729,3,4,113.0,18,56,1.8093782458118937,0.8601334245193731,1.3908179026491643,4.475237232534069,1,36,38,91.0,23,15,1.552936954468441,2.7762409400177868,10,1,1,50.15,51.53,79.28,95.0,76.8,7.359138058686665,0.09558813218168642,2025-12-09T06:10:41.975047+00:00,1283,San_Beda_University_20251209141041_1283,1,68.6
San Beda University,1438.2762045721022,137.9860788323681,10.0,46.264133215232135,255,130,18,31,164,38,4.818603393773364,15,1,131,14,76,89.11548658147622,0.8499555817707533,4,1,5,1,4,0,3.321993741089492,4,3,76.0,20,46,1.4562273268413535,0.5109871288184853,1.0914561343867568,7.072820618290584,0,47,37,83.0,21,14,2.2441396531671582,3.4885177440859616,8,0,1,57.93,50.71,95.0,95.0,73.17,7.29842013545663,0.9312475622724076,2025-12-09T06:10:41.975047+00:00,1284,San_Beda_University_20251209141041_1284,1,72.76
San Beda University,1753.6047556985015,102.80138078948826,10.0,52.31175889074509,261,162,15,31,177,18,5.079006703133835,20,1,106,18,96,83.3517516641568,1.4215775679828047,3,1,5,0,3,2,4.470554344144854,4,3,116.0,11,53,1.7535763695112188,0.3254057891031325,0.9495106662993524,6.1404887021260945,1,34,36,56.0,31,9,2.8278852845938474,2.952920895064605,6,0,0,45.97,50.32,74.37,95.0,76.32,7.1223933587436905,0.13286294442736996,2025-12-09T06:10:41.976047+00:00,1285,San_Beda_University_20251209141041_1285,1,67.14
San Beda University,1545.3924553040513,108.01773605347537,10.0,36.27973680296418,356,204,14,21,183,46,6.976938280188127,16,1,120,13,88,73.35515999743535,0.8657414777877387,2,1,4,2,5,1,4.4425937785963905,4,4,95.0,11,47,1.0085554253801634,0.04934522500900298,0.5468365037614069,5.3259925314899945,1,42,50,97.0,27,12,1.837098063190125,2.8350667584162474,9,1,1,53.82,48.48,74.22,95.0,73.81,7.168206801527652,0.4315269858815249,2025-12-09T06:10:41.976047+00:00,1286,San_Beda_University_20251209141041_1286,1,65.9
San Beda University,1446.3968660929754,156.38729136059143,10.0,48.97979279199388,200,214,11,27,214,26,4.898369824424176,20,0,163,14,72,68.85423857055844,0.7698507066438626,3,0,6,1,2,0,3.4683863420552825,5,4,94.0,25,81,1.4491106523910389,0.619077947689334,0.9818604312544812,8.57446914946399,2,48,17,83.0,32,15,2.0458882616686433,1.890673962892838,9,0,1,47.95,59.53,70.27,71.83,70.99,5.081501301846576,1.4206591055186184,2025-12-09T06:10:41.976047+00:00,1287,San_Beda_University_20251209141041_1287,1,61.49
San Beda University,1413.6629680681542,145.55209964154065,10.0,67.94494175461045,255,255,12,16,191,31,6.750609925399348,21,2,143,14,99,100.74525745052681,0.5623671911223986,3,0,5,1,5,0,4.7358811427423975,3,4,97.0,19,47,0.6384897177000808,0.8022320371499241,0.07114002088551977,5.37683126471963,1,27,39,88.0,29,15,1.0860983629381296,3.501925046992633,7,0,1,56.3,62.09,95.0,95.0,77.44,7.149911507341045,0.9580493000881184,2025-12-09T06:10:41.977047+00:00,1288,San_Beda_University_20251209141041_1288,1,72.56
San Beda University,1176.7141464681092,124.8639655125103,10.0,47.60075839748236,226,153,13,30,216,32,4.446223941412668,14,0,133,15,118,89.58728699283037,1.4112766171729885,3,1,7,1,3,0,2.6211452106021484,4,3,102.0,20,66,0.3730406861836675,0.33326644153095497,2.469653685167907,5.998841993488608,0,39,22,69.0,16,11,1.4654689551530484,1.8530665160141189,7,1,1,50.77,58.7,93.61,85.64,74.38,5.615497749886101,1.1658667363557293,2025-12-09T06:10:41.977047+00:00,1289,San_Beda_University_20251209141041_1289,1,76.42
San Beda University,1600.8158539633055,130.99209799958163,10.0,64.95171266481859,242,155,13,29,200,34,5.624261509129494,20,1,166,18,88,75.74632058821818,0.09476259963242248,2,1,5,1,5,0,2.6363954750921907,4,5,117.0,20,83,0.21904041885528058,0.4101925365024055,0.09281870447385238,6.1293850017077,1,50,22,87.0,36,14,1.6786523397508701,2.947506993418434,8,3,0,51.47,54.68,74.47,73.97,74.97,4.3064023810550935,0.7362057623506539,2025-12-09T06:10:41.978047+00:00,1290,San_Beda_University_20251209141041_1290,1,65.22
San Beda University,1352.521817343936,130.40859654483674,10.407429467891433,63.17954131080062,245,224,13,29,181,31,5.007398904372147,14,1,188,16,99,89.04184484075468,0.7074051664118015,3,1,3,1,3,1,4.510696777461298,4,5,81.0,12,50,0.555958237165231,2.147376210631015,1.689071598719275,5.623687878848942,0,50,35,107.0,29,10,2.3306453540166623,2.8916942424935135,7,2,0,47.12,59.04,85.14,95.0,75.52,5.379532810210733,0.37950875593103234,2025-12-09T06:10:41.978047+00:00,1291,San_Beda_University_20251209141041_1291,1,68.31
San Beda University,1571.979785216941,119.53529787291998,10.0,50.66579029117165,226,199,14,27,168,35,4.997632318654363,17,1,144,15,61,93.35639024012266,0.776594701468882,3,0,3,1,3,0,3.6422975417379737,3,3,61.0,12,65,0.5313087727319288,1.4856003359483756,0.509355341620291,5.463989677655025,1,26,39,82.0,22,9,1.8328591971080321,3.6965570355013524,8,0,1,45.93,63.71,94.45,95.0,74.69,8.703796109590897,0.584021265455577,2025-12-09T06:10:41.979048+00:00,1292,San_Beda_University_20251209141041_1292,1,77.98
San Beda University,1477.989006413829,155.73620452466204,10.0,59.97167057593612,293,226,14,16,204,31,7.37048466681494,12,0,220,16,103,97.35195236310277,0.23865718121191695,3,1,4,0,5,2,3.22704420714921,3,4,91.0,17,58,0.37666336585529436,0.5666804151578775,0.06371297696132339,5.786235037608483,0,48,48,115.0,20,14,2.4707829997572626,3.757944703512735,5,0,0,46.01,59.26,95.0,95.0,76.82,4.480532189443728,0.4792939521152014,2025-12-09T06:10:41.979048+00:00,1293,San_Beda_University_20251209141041_1293,1,79.09
San Beda University,1031.7158041105145,101.07612420912913,10.0,78.05829623946204,290,219,15,31,197,39,5.090682024899677,13,1,149,18,68,84.19842026851994,0.0028443473476719786,3,1,5,2,3,0,3.9016961882426124,3,4,88.0,16,47,1.1844888825577902,0.09253448209028431,1.3250359311859412,7.074285067965176,1,42,28,66.0,24,13,1.8723425988195188,1.889243774605748,10,1,2,52.93,53.27,80.31,90.43,66.87,9.032598461709465,0.9743452891135476,2025-12-09T06:10:41.979048+00:00,1294,San_Beda_University_20251209141041_1294,1,72.39
San Beda University,1807.818355783697,118.81777076280872,11.903897351597264,66.32007557352723,217,197,10,31,149,37,4.389578390134417,21,2,186,16,88,103.01271105651932,0.7287031469364839,3,0,3,1,4,0,3.5811604787537594,6,4,114.0,14,51,0.365668870689126,1.0251851298997674,0.924922984818449,6.8861341397464155,0,37,34,99.0,23,17,2.406321358393585,3.459007340724108,3,0,0,41.04,63.56,95.0,95.0,81.83,6.80266478846268,2.320322493363346,2025-12-09T06:10:41.980047+00:00,1295,San_Beda_University_20251209141041_1295,1,73.72
San Beda University,1338.3436478803003,94.42666392877092,10.401843588804558,51.172073868816824,303,286,16,21,155,35,5.1911613259854485,19,0,118,18,81,70.28843682976111,1.1134100062856578,2,1,6,1,2,1,3.374527939537524,3,4,82.0,12,54,1.2403358631776165,1.306448592320369,0.15206011460253926,4.849509287343642,1,40,33,73.0,23,17,1.05593814699344,3.4796390929764875,11,1,0,61.37,58.2,80.51,95.0,76.77,6.64621423143802,1.2544416222855637,2025-12-09T06:10:41.980047+00:00,1296,San_Beda_University_20251209141041_1296,1,70.15
San Beda University,1276.1013933351119,167.05210028947607,10.0,60.13882119349147,262,198,21,29,151,39,3.3774670923347516,15,1,117,17,93,99.45359540266043,0.45095168459916474,2,1,5,1,5,1,3.999353293570688,4,5,108.0,23,93,1.2404142904817628,1.2431246801322207,0.9963890320758291,6.842501149266563,3,40,39,97.0,32,14,3.0488001501380113,2.7200117499965715,7,1,3,52.73,57.78,95.0,95.0,69.1,6.795563104610963,0.1677453103036731,2025-12-09T06:10:41.981047+00:00,1297,San_Beda_University_20251209141041_1297,1,71.83
San Beda University,1569.067263853666,97.1557862443679,10.0,40.01022710700749,234,207,10,17,166,27,6.0694296246516775,17,2,127,16,64,94.46491650178207,0.19829665847931965,3,1,4,1,4,1,3.929917908388916,4,5,113.0,18,67,1.3427880542118575,0.28945243076144506,0.6386723451510218,5.775464734707442,1,47,40,58.0,23,17,2.933074161038919,2.0294725640916225,9,2,1,52.33,56.23,91.46,95.0,72.99,7.666220879544737,2.453074381610185,2025-12-09T06:10:41.981047+00:00,1298,San_Beda_University_20251209141041_1298,1,72.63
San Beda University,1618.6042331788183,146.23775868841602,10.0,49.072821586539646,310,206,9,15,211,13,5.26233339183471,17,1,139,14,39,97.45922322131103,1.2467635858528547,3,0,4,1,6,1,4.862298997153349,4,3,95.0,15,51,0.5867304490808201,1.2299591497415845,0.8686758540311613,5.503191604302451,0,49,31,106.0,22,15,2.073172914367752,2.8007156274312237,8,0,2,42.64,59.71,95.0,91.22,71.65,6.29170989529226,0.26677611048957034,2025-12-09T06:10:41.981047+00:00,1299,San_Beda_University_20251209141041_1299,1,66.03
San Beda University,1296.4845525274618,150.92872066695955,10.0,37.1391506917149,218,230,9,35,194,26,7.440484975268889,23,2,125,16,86,82.84100280677089,1.022985085441044,3,1,4,1,3,0,5.004766475721522,4,3,147.0,19,77,0.7824792614623562,1.0440805797430366,0.27784940663559254,2.6988287726468254,1,32,29,86.0,34,15,2.224826777023938,3.009312074490088,7,0,1,42.65,59.28,76.91,95.0,74.8,4.539625794174206,0.4507004269492538,2025-12-09T06:10:41.982048+00:00,1300,San_Beda_University_20251209141041_1300,1,65.74
San Beda University,1895.0683748558517,184.580594210465,10.0,63.82614935028895,232,213,17,29,218,30,6.569842017395636,20,1,159,15,88,78.50855471098228,0.12031757505348797,4,0,5,1,5,1,3.8253677545988443,5,5,57.0,16,73,1.1690538104502224,1.4406446354806859,0.008773533409720605,4.238331701131299,0,41,38,70.0,34,17,0.8842825987713596,3.2142191395334185,11,1,1,50.57,57.7,68.59,95.0,75.47,7.209332574183371,0.13465006784365088,2025-12-09T06:10:41.982048+00:00,1301,San_Beda_University_20251209141041_1301,1,63.04
San Beda University,1453.745199108336,130.61576683372266,10.0,53.8030674027802,190,200,12,33,157,35,5.005964533742196,17,1,141,16,64,62.710063980285724,0.16953916863855564,2,1,5,1,4,1,4.792806642616186,4,4,91.0,20,72,0.8067591746834212,0.9931556135444553,0.9335432245744859,5.836201137016788,0,16,43,101.0,29,13,1.5323929975982955,2.419721314274039,8,0,1,51.14,53.87,67.3,95.0,75.47,8.813946449857285,1.8233584092662503,2025-12-09T06:10:41.983047+00:00,1302,San_Beda_University_20251209141041_1302,1,64.94
San Beda University,2002.074707070082,95.05562639551476,10.0,52.6464465696827,220,195,11,33,232,51,5.30689674130117,18,0,139,17,78,74.5396157852312,0.9456256621401706,3,1,7,1,4,1,5.158857325487056,4,3,105.0,19,74,2.2926552922679306,0.5148911200951567,0.07933783630742418,5.592572934653434,2,51,36,75.0,36,12,2.0551153630272085,3.41192832368275,9,1,1,62.39,63.19,71.9,95.0,69.24,7.0261587305395485,0.24781905404373597,2025-12-09T06:10:41.983047+00:00,1303,San_Beda_University_20251209141041_1303,1,72.49
San Beda University,888.2723186665012,133.30842769300082,10.0,41.24483113201573,280,173,16,31,212,40,5.047496880312468,21,1,177,18,106,57.25881429060074,0.41265242067722474,2,0,5,2,4,0,3.810901110153625,4,3,95.0,17,28,0.7177503103188155,0.14450483519712856,1.345989726156921,6.464809512514779,2,31,20,83.0,25,15,2.6534323162459676,2.9833864537577006,10,1,0,39.0,56.3,59.57,89.27,71.01,6.9753912477585285,1.4350515111604911,2025-12-09T06:10:41.984047+00:00,1304,San_Beda_University_20251209141041_1304,1,60.27
San Beda University,911.0025988656326,166.51524903227335,10.0,53.03537465574619,241,190,12,31,114,38,4.408131460019791,25,1,131,14,77,92.2515121337504,0.04401450352918606,3,1,3,2,2,1,3.9013436686422494,4,3,74.0,18,62,1.159951007623495,0.08939800228146046,0.20150727702470764,6.976556364268948,0,49,31,90.0,21,13,0.9784917300179363,3.441900055017375,5,0,1,54.43,63.26,93.39,95.0,75.39,7.177068745363431,0.43071176913343867,2025-12-09T06:10:41.984047+00:00,1305,San_Beda_University_20251209141041_1305,1,72.98
San Beda University,1526.5254578626482,153.5825051301746,10.0,68.86284938545674,233,243,14,30,170,36,2.5211841396275245,15,0,153,14,85,94.2564239992891,0.22431050464823393,3,0,5,1,4,2,4.447649586855975,3,4,103.0,22,44,1.4118283822540283,1.0064254047742043,0.6131489634219341,5.346491418185979,1,52,41,109.0,21,11,1.231890772573974,2.8792524332161147,13,0,0,55.31,57.75,95.0,95.0,75.57,7.852925015390923,0.6768832259541984,2025-12-09T06:10:41.985047+00:00,1306,San_Beda_University_20251209141041_1306,1,75.89
San Beda University,1530.798738645557,121.62088443269026,10.825054414030003,41.33138346491408,346,184,13,24,168,38,6.644062912710746,17,1,119,13,105,73.31230115140683,0.12991170297241594,3,1,4,2,4,1,3.3346951882291425,5,2,53.0,22,55,1.2991851804084744,0.9652612168783166,0.1865907126035567,4.975693584173924,1,49,36,78.0,18,14,1.1468079923684462,3.8708762801831016,7,0,0,56.76,54.63,74.31,95.0,72.85,7.7592834212451,0.0011242130246781027,2025-12-09T06:10:41.985047+00:00,1307,San_Beda_University_20251209141041_1307,1,65.91
